"Time","Demand 1","Control 1","Output Drive 1","Channel 1","Channel 2","Channel 3","Channel 4","Channel 1 Kurtosis","Channel 2 Kurtosis","Channel 3 Kurtosis","Channel 4 Kurtosis","Rear Input 1","Rear Input 2","Rear Input 3","Rear Input 4","Rear Input 5","Rear Input 6","Rear Input 7","Rear Input 8"
"0.00133333","0.125011","0.146055","0","0.216651","0.165755","0.165214","1.7862e-15","2.3142","2.99122","2.68213","7.26241","0","0","0","0","0","0","0","0"
"0.00133333","0.125011","0.146055","0","0.216651","0.165755","0.165214","1.7862e-15","2.3142","2.99122","2.68213","7.26241","0","0","0","0","0","0","0","0"
"0.00601667","0.125011","0.146055","1.20532e-05","0.226385","0.182523","0.206449","1.40396e-15","2.25991","2.85868","3.18646","2.53197","0","0","0","0","0","0","0","0"
"0.0094","0.125011","0.143183","1.30215e-05","0.159663","0.168889","0.163501","1.61755e-15","2.63575","2.28562","3.2773","4.75707","0","0","0","0","0","0","0","0"
"0.0127833","0.125011","0.143183","1.39131e-05","0.173128","0.143685","0.194383","1.89517e-15","2.68439","2.62668","3.09924","7.94801","0","0","0","0","0","0","0","0"
"0.0161667","0.125011","0.143183","1.50307e-05","0.174218","0.172888","0.232017","1.74212e-15","2.29638","2.36758","2.57317","5.69866","0","0","0","0","0","0","0","0"
"0.01955","0.125011","0.143183","1.60599e-05","0.175772","0.199646","0.26885","1.45838e-15","2.73841","2.35795","2.67221","6.51022","0","0","0","0","0","0","0","0"
"0.023","0.125011","0.143183","1.735e-05","0.187095","0.164601","0.221517","1.8172e-15","2.41438","2.32695","3.28574","5.54482","0","0","0","0","0","0","0","0"
"0.02635","0.125011","0.107988","1.8538e-05","0.240135","0.16613","0.19938","1.88483e-15","2.52085","3.46157","3.16528","8.0065","0","0","0","0","0","0","0","0"
"0.0297667","0.125011","0.107988","2.00272e-05","0.217491","0.215054","0.259409","1.49937e-15","2.84421","2.15188","2.33988","5.70227","0","0","0","0","0","0","0","0"
"0.03315","0.125011","0.107988","2.13985e-05","0.278332","0.204971","0.221638","1.79831e-15","2.48242","2.5807","3.45809","5.77423","0","0","0","0","0","0","0","0"
"0.0365","0.125011","0.107988","2.31174e-05","0.193647","0.191294","0.207151","1.68224e-15","2.66963","2.98865","3.40653","6.31214","0","0","0","0","0","0","0","0"
"0.0400833","0.125011","0.107988","2.47003e-05","0.159756","0.183209","0.204601","1.48274e-15","2.27078","2.54187","2.97245","4.53436","0","0","0","0","0","0","0","0"
"0.04335","0.125011","0.105061","2.66845e-05","0.196225","0.161136","0.143099","1.75801e-15","2.40444","2.35284","3.56251","6.36435","0","0","0","0","0","0","0","0"
"0.04675","0.125011","0.105061","2.85117e-05","0.190776","0.157014","0.185964","1.88468e-15","2.9032","3.41806","2.92708","7.62025","0","0","0","0","0","0","0","0"
"0.05015","0.125011","0.105061","3.0802e-05","0.199388","0.184596","0.197455","1.69633e-15","2.74709","2.55112","2.23635","4.90965","0","0","0","0","0","0","0","0"
"0.0535","0.125011","0.105061","3.29111e-05","0.212741","0.180187","0.243734","1.60363e-15","2.42146","2.45693","2.85028","5.94169","0","0","0","0","0","0","0","0"
"0.0569333","0.125011","0.105061","3.55549e-05","0.167801","0.154896","0.229496","1.76301e-15","2.25611","2.74145","5.4303","8.26275","0","0","0","0","0","0","0","0"
"0.0603","0.125011","0.141531","3.79894e-05","0.231962","0.179412","0.236261","1.50894e-15","2.50739","3.0869","3.1289","5.0939","0","0","0","0","0","0","0","0"
"0.0637","0.125011","0.141531","4.10411e-05","0.184155","0.201637","0.289423","1.71528e-15","3.08854","3.1879","3.05514","5.79976","0","0","0","0","0","0","0","0"
"0.0678833","0.125011","0.141531","4.48301e-05","0.16574","0.173077","0.258046","1.86056e-15","2.20533","3.67831","3.16744","6.57808","0","0","0","0","0","0","0","0"
"0.07235","0.125011","0.141531","4.89689e-05","0.202163","0.166283","0.226948","1.52847e-15","2.55225","3.90094","7.43109","3.95818","0","0","0","0","0","0","0","0"
"0.0756833","0.125011","0.146619","5.29026e-05","0.190552","0.176501","0.269128","1.72737e-15","2.53532","3.17942","3.5315","5.48083","0","0","0","0","0","0","0","0"
"0.0790833","0.125011","0.146619","5.71523e-05","0.188402","0.185791","0.262122","1.87262e-15","2.83133","2.297","2.30335","7.99661","0","0","0","0","0","0","0","0"
"0.0826","0.125011","0.146619","6.10656e-05","0.171282","0.192921","0.275323","1.64332e-15","3.11735","2.47188","2.60966","8.12288","0","0","0","0","0","0","0","0"
"0.08585","0.125011","0.146619","6.5971e-05","0.186617","0.173467","0.254081","1.6174e-15","2.98975","2.97449","6.4494","3.82571","0","0","0","0","0","0","0","0"
"0.08935","0.125011","0.146619","7.04882e-05","0.259802","0.193814","0.191248","1.56528e-15","2.34251","2.1986","3.61909","3.31608","0","0","0","0","0","0","0","0"
"0.0926167","0.125011","0.144398","7.61506e-05","0.271675","0.222163","0.28289","1.75952e-15","2.57315","2.32289","4.26442","8.8378","0","0","0","0","0","0","0","0"
"0.096","0.125011","0.144398","8.13647e-05","0.198691","0.158279","0.202201","1.68288e-15","2.51771","2.27254","3.14406","5.37922","0","0","0","0","0","0","0","0"
"0.0995167","0.125011","0.144398","8.79008e-05","0.204169","0.164998","0.177258","1.81565e-15","2.27834","2.66536","2.63692","9.27943","0","0","0","0","0","0","0","0"
"0.102767","0.125011","0.144398","9.39195e-05","0.194316","0.177077","0.201375","1.67932e-15","2.99163","2.94657","2.84137","7.47256","0","0","0","0","0","0","0","0"
"0.10625","0.125011","0.144398","0.000101464","0.165819","0.158693","0.148548","1.46203e-15","2.74062","2.20357","3.53502","4.71572","0","0","0","0","0","0","0","0"
"0.109533","0.125011","0.145354","0.000108412","0.181037","0.136972","0.173099","2.02268e-15","2.81259","2.91027","4.73081","7.09357","0","0","0","0","0","0","0","0"
"0.112917","0.125011","0.145354","0.00011712","0.147324","0.167882","0.216941","1.58034e-15","2.84428","2.63099","3.46239","8.56541","0","0","0","0","0","0","0","0"
"0.1163","0.125011","0.145354","0.00012514","0.167558","0.169104","0.229519","1.58879e-15","2.51574","2.90252","2.5079","5.0012","0","0","0","0","0","0","0","0"
"0.1197","0.125011","0.145354","0.000135192","0.200123","0.159593","0.215644","1.80798e-15","2.50575","2.7034","2.9114","7.46694","0","0","0","0","0","0","0","0"
"0.123183","0.125011","0.145354","0.000144449","0.180427","0.18681","0.240409","1.46698e-15","2.92932","2.61925","2.65719","3.17082","0","0","0","0","0","0","0","0"
"0.126467","0.125011","0.145256","0.000156053","0.164814","0.146809","0.225917","1.64626e-15","2.36567","2.69905","5.59571","6.12774","0","0","0","0","0","0","0","0"
"0.1298","0.125011","0.145256","0.000166738","0.194703","0.164805","0.238459","1.77098e-15","3.02781","2.86266","6.08722","7.07966","0","0","0","0","0","0","0","0"
"0.1333","0.125011","0.145256","0.000180132","0.208501","0.194386","0.252161","1.53838e-15","2.66967","2.57631","2.73564","3.8286","0","0","0","0","0","0","0","0"
"0.136683","0.125011","0.145256","0.000192466","0.178019","0.188941","0.247763","1.92863e-15","2.71231","1.94955","2.96794","7.41936","0","0","0","0","0","0","0","0"
"0.140167","0.125011","0.145256","0.000207927","0.175949","0.192303","0.260802","1.5972e-15","2.41489","2.38086","2.55036","5.16905","0","0","0","0","0","0","0","0"
"0.14355","0.125011","0.143511","0.000222164","0.19","0.201073","0.258476","1.6226e-15","2.70227","2.5794","2.60638","4.64945","0","0","0","0","0","0","0","0"
"0.14695","0.125011","0.143511","0.000240011","0.2166","0.184061","0.190153","2.04307e-15","2.16386","2.56452","3.36695","6.20451","0","0","0","0","0","0","0","0"
"0.151367","0.125011","0.143511","0.000262169","0.203912","0.185994","0.270993","1.51898e-15","2.8422","2.92285","2.6712","7.20028","0","0","0","0","0","0","0","0"
"0.155733","0.125011","0.143511","0.000289552","0.226955","0.1912","0.238276","1.58493e-15","2.29839","2.08305","2.68008","4.31038","0","0","0","0","0","0","0","0"
"0.158917","0.125011","0.147065","0.000309378","0.193904","0.19059","0.251538","1.83284e-15","2.3049","2.30218","2.54913","6.98264","0","0","0","0","0","0","0","0"
"0.1623","0.125011","0.147065","0.000330561","0.20372","0.203808","0.268702","1.51639e-15","2.57111","2.34827","2.75714","4.50011","0","0","0","0","0","0","0","0"
"0.165633","0.125011","0.147065","0.000357115","0.163493","0.170343","0.209603","1.98567e-15","2.83956","3.52419","2.67857","7.41549","0","0","0","0","0","0","0","0"
"0.1692","0.125011","0.147065","0.000385803","0.249484","0.207813","0.262562","1.54939e-15","2.31515","2.5261","2.25064","6.48653","0","0","0","0","0","0","0","0"
"0.1727","0.125011","0.147065","0.000412219","0.20173","0.207192","0.229003","1.533e-15","2.29251","2.39281","3.29809","3.87366","0","0","0","0","0","0","0","0"
"0.175983","0.125011","0.145748","0.000445333","0.190768","0.223429","0.280139","1.74155e-15","2.84151","2.34212","2.73417","8.69198","0","0","0","0","0","0","0","0"
"0.179567","0.125011","0.145748","0.000475826","0.189632","0.198771","0.23266","1.50039e-15","2.61223","3.04023","2.98051","5.45581","0","0","0","0","0","0","0","0"
"0.182933","0.125011","0.145748","0.00051405","0.199438","0.171146","0.155639","1.79774e-15","2.41731","2.43892","5.63088","6.40809","0","0","0","0","0","0","0","0"
"0.186333","0.125011","0.145748","0.000549247","0.220073","0.17001","0.162007","1.77658e-15","2.41687","2.60106","4.04461","9.79892","0","0","0","0","0","0","0","0"
"0.1898","0.125011","0.145748","0.000593369","0.142191","0.13621","0.14783","1.37544e-15","2.82485","2.67827","3.92509","3.02018","0","0","0","0","0","0","0","0"
"0.193083","0.125011","0.145912","0.000633998","0.178583","0.150495","0.165046","2.02695e-15","2.97669","2.96465","3.77766","7.44541","0","0","0","0","0","0","0","0"
"0.196417","0.125011","0.145912","0.000684927","0.174555","0.189886","0.211609","1.58534e-15","2.54644","2.88695","3.38418","6.53543","0","0","0","0","0","0","0","0"
"0.199967","0.125011","0.145912","0.000739948","0.163487","0.162217","0.182508","1.53149e-15","2.7459","3.08664","4.27885","4.31757","0","0","0","0","0","0","0","0"
"0.20335","0.125011","0.145912","0.000790614","0.16314","0.161112","0.198743","1.83971e-15","3.09803","3.14875","3.61274","6.87166","0","0","0","0","0","0","0","0"
"0.206833","0.125011","0.145912","0.000854124","0.197075","0.178402","0.208788","1.47082e-15","2.77323","2.592","2.53222","6.04641","0","0","0","0","0","0","0","0"
"0.21025","0.125011","0.148625","0.000912608","0.181713","0.18785","0.24895","1.60108e-15","2.72522","2.78381","2.00217","4.30674","0","0","0","0","0","0","0","0"
"0.213517","0.125011","0.148625","0.000985918","0.192272","0.184051","0.25765","1.96318e-15","2.59151","2.26307","2.89281","9.12596","0","0","0","0","0","0","0","0"
"0.2169","0.125011","0.148625","0.00105343","0.181684","0.196593","0.255352","1.65086e-15","2.74671","2.29412","2.97127","6.72824","0","0","0","0","0","0","0","0"
"0.220283","0.125011","0.148625","0.00113805","0.197234","0.195437","0.245196","1.59747e-15","2.60573","3.13705","5.07592","5.19584","0","0","0","0","0","0","0","0"
"0.223767","0.125011","0.148625","0.00121597","0.218796","0.180695","0.207193","1.78072e-15","3.26573","2.25488","2.84566","8.55827","0","0","0","0","0","0","0","0"
"0.227","0.125011","0.147866","0.00131365","0.186674","0.201467","0.277481","1.82863e-15","2.69224","2.32354","3.15237","5.96512","0","0","0","0","0","0","0","0"
"0.230617","0.125011","0.147866","0.0014036","0.204254","0.178674","0.203217","1.44608e-15","2.34009","2.54522","2.81407","4.04742","0","0","0","0","0","0","0","0"
"0.234767","0.125011","0.147866","0.00153318","0.177501","0.168404","0.241525","1.76954e-15","2.33466","3.04983","2.50593","10.0962","0","0","0","0","0","0","0","0"
"0.239067","0.125011","0.147866","0.00169332","0.183061","0.170438","0.197679","1.54793e-15","2.69015","3.00412","3.89196","4.41736","0","0","0","0","0","0","0","0"
"0.2423","0.125011","0.152541","0.00180926","0.19271","0.183458","0.23752","1.54686e-15","2.87078","2.56624","2.39667","4.00513","0","0","0","0","0","0","0","0"
"0.245717","0.125011","0.152541","0.00193314","0.257162","0.181989","0.210704","1.69871e-15","2.87202","2.85516","2.3054","8.212","0","0","0","0","0","0","0","0"
"0.249083","0.125011","0.152541","0.00208844","0.209744","0.20364","0.249118","1.8297e-15","2.96447","2.61484","4.40405","8.19436","0","0","0","0","0","0","0","0"
"0.252483","0.125011","0.152541","0.00223143","0.19584","0.19262","0.265913","1.68646e-15","2.86436","2.45371","3.68496","6.72964","0","0","0","0","0","0","0","0"
"0.25595","0.125011","0.152541","0.00240553","0.24568","0.231103","0.259231","1.54741e-15","2.39028","2.63125","2.95357","2.81442","0","0","0","0","0","0","0","0"
"0.25925","0.125011","0.155067","0.00254798","0.177077","0.181688","0.242828","1.68351e-15","2.58955","2.3146","4.04887","6.48182","0","0","0","0","0","0","0","0"
"0.262617","0.125011","0.155067","0.00271417","0.202564","0.210544","0.21859","1.51306e-15","2.5419","3.6021","2.08191","4.22215","0","0","0","0","0","0","0","0"
"0.266017","0.125011","0.155067","0.00285662","0.200712","0.172132","0.179055","1.69998e-15","2.48965","2.54363","2.27528","5.86911","0","0","0","0","0","0","0","0"
"0.26955","0.125011","0.155067","0.00302281","0.200561","0.199563","0.158243","1.62953e-15","3.24018","2.73436","3.17252","9.34963","0","0","0","0","0","0","0","0"
"0.2729","0.125011","0.155067","0.00315338","0.228628","0.191218","0.200345","1.55768e-15","2.73865","2.85089","2.53011","2.62116","0","0","0","0","0","0","0","0"
"0.276433","0.125011","0.159205","0.00327803","0.217774","0.201788","0.238846","1.81477e-15","2.50123","2.35176","2.24734","9.43315","0","0","0","0","0","0","0","0"
"0.2798","0.125011","0.159205","0.00340268","0.237095","0.203887","0.194123","1.67721e-15","2.75187","2.70201","3.37959","5.89856","0","0","0","0","0","0","0","0"
"0.283217","0.125011","0.159205","0.00350952","0.199155","0.166452","0.231073","1.45246e-15","2.62521","3.16067","2.83166","3.79157","0","0","0","0","0","0","0","0"
"0.286583","0.125011","0.159205","0.00363417","0.182515","0.191567","0.217608","1.94563e-15","2.61126","3.39801","4.32744","7.26544","0","0","0","0","0","0","0","0"
"0.290083","0.125011","0.159205","0.00374448","0.212424","0.226299","0.282807","1.3941e-15","2.87931","2.32997","2.54518","3.79707","0","0","0","0","0","0","0","0"
"0.29335","0.125011","0.164264","0.00387723","0.227975","0.239803","0.285366","1.46481e-15","2.96534","2.72898","2.95667","4.9282","0","0","0","0","0","0","0","0"
"0.29675","0.125011","0.164264","0.00399101","0.231895","0.235336","0.282988","1.60633e-15","2.71474","2.84111","2.92846","6.43601","0","0","0","0","0","0","0","0"
"0.300117","0.125011","0.164264","0.00412375","0.222889","0.222758","0.265593","1.68734e-15","2.85502","2.85545","3.03169","6.93845","0","0","0","0","0","0","0","0"
"0.303517","0.125011","0.164264","0.00423753","0.223831","0.225086","0.259925","1.64474e-15","2.87565","2.98122","2.89531","6.67622","0","0","0","0","0","0","0","0"
"0.306983","0.125011","0.164264","0.00436843","0.224405","0.224107","0.268388","1.61763e-15","2.80296","2.85104","2.9239","5.68331","0","0","0","0","0","0","0","0"
"0.3103","0.125011","0.168818","0.00447944","0.22645","0.22388","0.257502","1.69216e-15","2.71912","2.87524","3.01032","6.26692","0","0","0","0","0","0","0","0"
"0.313667","0.125011","0.168818","0.00460895","0.233858","0.22814","0.271695","1.65169e-15","2.90249","3.13446","4.18232","6.35081","0","0","0","0","0","0","0","0"
"0.3181","0.125011","0.168818","0.00475696","0.241307","0.237265","0.283367","1.7094e-15","2.86037","3.04649","3.63507","6.81059","0","0","0","0","0","0","0","0"
"0.3224","0.125011","0.168818","0.00489357","0.231375","0.228761","0.273533","1.71535e-15","2.92562","3.0177","3.57283","7.25095","0","0","0","0","0","0","0","0"
"0.325633","0.125011","0.175229","0.00491486","0.237727","0.233841","0.282263","1.66457e-15","2.90737","2.98427","3.56152","6.81785","0","0","0","0","0","0","0","0"
"0.32905","0.125011","0.175229","0.00493614","0.238126","0.232452","0.280422","1.70278e-15","3.06671","3.10436","3.57626","7.16638","0","0","0","0","0","0","0","0"
"0.332417","0.125011","0.175229","0.00496182","0.237737","0.231398","0.279033","1.69537e-15","3.12812","3.09225","3.40292","7.3138","0","0","0","0","0","0","0","0"
"0.335817","0.125011","0.175229","0.00499848","0.232941","0.228134","0.280792","1.66767e-15","3.11938","3.05748","3.30982","6.83269","0","0","0","0","0","0","0","0"
"0.339283","0.125011","0.175229","0.0051168","0.229778","0.227582","0.278295","1.67927e-15","3.12834","3.08401","3.24348","6.66573","0","0","0","0","0","0","0","0"
"0.342583","0.125011","0.180912","0.00512802","0.229103","0.229105","0.279958","1.68372e-15","3.05312","3.01964","3.14166","6.86986","0","0","0","0","0","0","0","0"
"0.34595","0.125011","0.180912","0.00514529","0.230354","0.228028","0.280104","1.6555e-15","2.96582","3.02675","3.1062","6.47668","0","0","0","0","0","0","0","0"
"0.34935","0.125011","0.180912","0.00516692","0.230506","0.227959","0.280484","1.69227e-15","2.97575","3.10157","3.01029","6.85141","0","0","0","0","0","0","0","0"
"0.352717","0.125011","0.180912","0.00521551","0.233117","0.230525","0.283847","1.68943e-15","2.88187","2.98604","3.01501","7.11905","0","0","0","0","0","0","0","0"
"0.356233","0.125011","0.180912","0.00532831","0.233265","0.230125","0.286106","1.65609e-15","2.90901","2.96285","3.11062","6.76106","0","0","0","0","0","0","0","0"
"0.3595","0.125011","0.184544","0.00534221","0.231805","0.227916","0.28625","1.68027e-15","2.91805","2.95404","3.11288","6.92514","0","0","0","0","0","0","0","0"
"0.3629","0.125011","0.184544","0.00535798","0.230747","0.225683","0.282867","1.67349e-15","2.88575","2.95282","3.08946","6.86089","0","0","0","0","0","0","0","0"
"0.366267","0.125011","0.184544","0.0053854","0.227745","0.22252","0.27871","1.66368e-15","2.9214","2.9846","3.06573","6.82028","0","0","0","0","0","0","0","0"
"0.369667","0.125011","0.184544","0.0054311","0.226664","0.22388","0.279645","1.68797e-15","2.91501","2.97804","3.0462","7.00852","0","0","0","0","0","0","0","0"
"0.373133","0.125011","0.184544","0.00555041","0.224452","0.222747","0.287999","1.65653e-15","2.88957","2.94251","3.026","6.77909","0","0","0","0","0","0","0","0"
"0.376433","0.125011","0.186236","0.00556304","0.224716","0.223985","0.300238","1.68742e-15","2.93941","3.04032","3.18697","6.98097","0","0","0","0","0","0","0","0"
"0.3798","0.125011","0.186236","0.00558274","0.223572","0.223098","0.300213","1.67554e-15","2.93226","3.05102","3.20029","6.8283","0","0","0","0","0","0","0","0"
"0.383217","0.125011","0.186236","0.00560801","0.225004","0.224704","0.299123","1.69214e-15","2.96591","3.03243","3.18384","6.84057","0","0","0","0","0","0","0","0"
"0.386567","0.125011","0.186236","0.00566974","0.227141","0.226365","0.299654","1.68931e-15","3.01746","2.94812","3.34449","6.95225","0","0","0","0","0","0","0","0"
"0.390083","0.125011","0.186236","0.00577984","0.229593","0.227078","0.300918","1.66779e-15","2.93802","2.92032","3.302","6.62736","0","0","0","0","0","0","0","0"
"0.393333","0.125011","0.18713","0.00579551","0.230385","0.228142","0.300501","1.68074e-15","2.94375","2.91764","3.37454","6.85833","0","0","0","0","0","0","0","0"
"0.39675","0.125011","0.18713","0.00581351","0.230374","0.227925","0.301642","1.6648e-15","2.92523","2.88857","3.47136","6.68345","0","0","0","0","0","0","0","0"
"0.401433","0.125011","0.18713","0.00585947","0.231019","0.226101","0.302074","1.70104e-15","2.90681","2.89173","3.48663","6.9865","0","0","0","0","0","0","0","0"
"0.40575","0.125011","0.18713","0.00601675","0.231822","0.224242","0.297153","1.67632e-15","2.91538","2.93186","3.47691","6.76183","0","0","0","0","0","0","0","0"
"0.408967","0.125011","0.187795","0.00602994","0.234332","0.22227","0.291062","1.67779e-15","2.87443","2.91812","3.48686","6.80637","0","0","0","0","0","0","0","0"
"0.4124","0.125011","0.187795","0.0060469","0.230992","0.219623","0.297456","1.6727e-15","2.86937","2.92326","3.31966","6.7469","0","0","0","0","0","0","0","0"
"0.415733","0.125011","0.187795","0.00607569","0.230482","0.220342","0.30751","1.69006e-15","2.90922","3.02474","3.32941","6.88983","0","0","0","0","0","0","0","0"
"0.41915","0.125011","0.187795","0.00612058","0.230385","0.220968","0.307371","1.68243e-15","2.90975","3.04148","3.35081","6.71715","0","0","0","0","0","0","0","0"
"0.4226","0.125011","0.187795","0.00626546","0.228109","0.223135","0.305963","1.69517e-15","2.88281","2.99983","3.23504","6.6368","0","0","0","0","0","0","0","0"
"0.425917","0.125011","0.188853","0.0062792","0.226928","0.222009","0.302473","1.68042e-15","2.85678","3.01138","3.20923","6.45816","0","0","0","0","0","0","0","0"
"0.429417","0.125011","0.188853","0.00630035","0.224678","0.220955","0.30093","1.6883e-15","2.87799","3.002","3.20359","6.67831","0","0","0","0","0","0","0","0"
"0.432683","0.125011","0.188853","0.00632684","0.227834","0.222223","0.297943","1.69918e-15","2.83464","2.95405","3.20132","6.86114","0","0","0","0","0","0","0","0"
"0.43605","0.125011","0.188853","0.00638633","0.227207","0.219206","0.29426","1.68807e-15","2.84984","2.95702","3.18614","6.68239","0","0","0","0","0","0","0","0"
"0.439567","0.125011","0.188853","0.00652445","0.227931","0.218817","0.301185","1.70795e-15","2.82166","2.96542","3.21155","6.58943","0","0","0","0","0","0","0","0"
"0.44285","0.125011","0.188698","0.00654148","0.227528","0.218814","0.309974","1.68608e-15","2.8825","2.96085","3.70957","6.58484","0","0","0","0","0","0","0","0"
"0.446333","0.125011","0.188698","0.00656078","0.225158","0.219235","0.316116","1.69655e-15","2.88476","2.98975","3.58192","6.56595","0","0","0","0","0","0","0","0"
"0.449583","0.125011","0.188698","0.00659435","0.221542","0.216276","0.306352","1.6999e-15","2.8826","2.94671","3.61717","6.78368","0","0","0","0","0","0","0","0"
"0.453","0.125011","0.188698","0.00665031","0.21816","0.215692","0.30854","1.67837e-15","2.88376","2.92532","3.51949","6.57621","0","0","0","0","0","0","0","0"
"0.456483","0.125011","0.188698","0.00679641","0.217459","0.213875","0.312009","1.67512e-15","2.87349","2.88806","3.31766","6.28751","0","0","0","0","0","0","0","0"
"0.459767","0.125011","0.188819","0.00681188","0.21935","0.215626","0.321131","1.67458e-15","2.86074","2.88363","3.21291","6.23809","0","0","0","0","0","0","0","0"
"0.463133","0.125011","0.188819","0.006836","0.220194","0.214945","0.32172","1.67142e-15","2.86399","2.8871","3.06494","6.19042","0","0","0","0","0","0","0","0"
"0.466533","0.125011","0.188819","0.00686694","0.21925","0.216483","0.315842","1.6904e-15","2.87779","2.89627","3.11513","6.43404","0","0","0","0","0","0","0","0"
"0.469933","0.125011","0.188819","0.00694252","0.219466","0.217237","0.314836","1.67201e-15","2.85966","2.95371","3.04149","6.34153","0","0","0","0","0","0","0","0"
"0.473417","0.125011","0.188819","0.00707735","0.216531","0.21449","0.312611","1.66382e-15","2.86206","2.94064","2.99009","6.25328","0","0","0","0","0","0","0","0"
"0.476667","0.125011","0.188569","0.00709654","0.216446","0.215257","0.317475","1.6746e-15","2.83917","2.92382","2.86987","6.42043","0","0","0","0","0","0","0","0"
"0.480083","0.125011","0.188569","0.00711857","0.218639","0.216894","0.320719","1.65195e-15","2.85526","2.94899","2.87779","6.3297","0","0","0","0","0","0","0","0"
"0.484767","0.125011","0.188569","0.00717485","0.217201","0.216061","0.314084","1.67414e-15","2.90765","2.956","2.8976","6.55434","0","0","0","0","0","0","0","0"
"0.489067","0.125011","0.188569","0.00736744","0.220995","0.214456","0.311319","1.65164e-15","2.89267","3.00434","3.04773","6.272","0","0","0","0","0","0","0","0"
"0.49235","0.125011","0.188188","0.00738359","0.218611","0.213911","0.320481","1.67697e-15","2.89884","2.97549","3.14848","6.71983","0","0","0","0","0","0","0","0"
"0.49575","0.125011","0.188188","0.00740847","0.220097","0.213298","0.325755","1.66926e-15","2.91961","3.01738","3.16904","6.59371","0","0","0","0","0","0","0","0"
"0.499117","0.125011","0.188188","0.00743961","0.226291","0.217311","0.331896","1.68848e-15","2.93477","2.99674","3.17802","6.65883","0","0","0","0","0","0","0","0"
"0.5025","0.125011","0.188188","0.00750956","0.228834","0.21762","0.344944","1.70092e-15","2.93743","2.95923","3.00679","7.07153","0","0","0","0","0","0","0","0"
"0.506","0.125011","0.188188","0.00767198","0.227215","0.218378","0.34608","1.68981e-15","2.93811","2.95961","2.94312","6.71131","0","0","0","0","0","0","0","0"
"0.509283","0.125011","0.188193","0.00769201","0.223197","0.216252","0.361322","1.71147e-15","2.94402","2.96372","3.0993","6.82965","0","0","0","0","0","0","0","0"
"0.512667","0.125011","0.188193","0.0077147","0.224868","0.21982","0.367126","1.70444e-15","3.02709","3.01247","2.9989","6.63851","0","0","0","0","0","0","0","0"
"0.51605","0.125011","0.188193","0.00775418","0.224454","0.220526","0.360136","1.72677e-15","3.05245","2.99454","3.01484","6.83608","0","0","0","0","0","0","0","0"
"0.519433","0.125011","0.188193","0.00781998","0.224837","0.219466","0.363839","1.71621e-15","3.0229","2.98907","3.01464","6.70617","0","0","0","0","0","0","0","0"
"0.522917","0.125011","0.188193","0.00799177","0.224487","0.219346","0.359886","1.71108e-15","2.98715","2.97521","3.06289","6.56784","0","0","0","0","0","0","0","0"
"0.5262","0.125011","0.188128","0.00800996","0.221992","0.218111","0.350324","1.70975e-15","2.9872","3.03547","3.10832","6.63523","0","0","0","0","0","0","0","0"
"0.529583","0.125011","0.188128","0.00803832","0.227279","0.223149","0.349885","1.70273e-15","3.01038","3.08678","3.15383","6.44609","0","0","0","0","0","0","0","0"
"0.532967","0.125011","0.188128","0.00807471","0.227453","0.220729","0.349332","1.72721e-15","3.08806","3.08957","3.12128","6.78697","0","0","0","0","0","0","0","0"
"0.536383","0.125011","0.188128","0.00816359","0.225359","0.220056","0.34305","1.70331e-15","3.0548","3.1126","3.11926","6.86779","0","0","0","0","0","0","0","0"
"0.53985","0.125011","0.188128","0.00831546","0.224259","0.217612","0.335859","1.69821e-15","3.06424","3.10456","3.13757","6.61697","0","0","0","0","0","0","0","0"
"0.543133","0.125011","0.188767","0.00831869","0.224044","0.216186","0.328998","1.72846e-15","3.07514","3.12672","3.13386","6.63417","0","0","0","0","0","0","0","0"
"0.546517","0.125011","0.188767","0.00832146","0.224433","0.217053","0.332037","1.70948e-15","3.02394","3.0841","3.14001","6.56565","0","0","0","0","0","0","0","0"
"0.549917","0.125011","0.188767","0.0083247","0.229538","0.220082","0.341722","1.7349e-15","3.07136","3.06636","3.06063","6.76169","0","0","0","0","0","0","0","0"
"0.553283","0.125011","0.188767","0.00832747","0.228599","0.219283","0.335234","1.73077e-15","3.01235","3.02022","3.11347","6.86045","0","0","0","0","0","0","0","0"
"0.556783","0.125011","0.188767","0.00831841","0.227832","0.218668","0.327708","1.71373e-15","3.01859","3.03189","3.17466","6.5518","0","0","0","0","0","0","0","0"
"0.56005","0.125011","0.189059","0.00830272","0.225788","0.217821","0.32131","1.72452e-15","3.03456","3.00166","3.17142","6.68188","0","0","0","0","0","0","0","0"
"0.563467","0.125011","0.189059","0.00828443","0.22798","0.218567","0.32649","1.71201e-15","3.00492","2.93571","3.0514","6.56959","0","0","0","0","0","0","0","0"
"0.567867","0.125011","0.189059","0.00826352","0.226143","0.217915","0.32446","1.72661e-15","3.03757","2.9773","2.99827","6.62605","0","0","0","0","0","0","0","0"
"0.5724","0.125011","0.189059","0.00823997","0.225063","0.215989","0.320956","1.71728e-15","3.08347","2.99031","2.94497","6.70618","0","0","0","0","0","0","0","0"
"0.577283","0.125011","0.188994","0.00821633","0.22662","0.216264","0.335195","1.70293e-15","3.02317","2.94022","2.81705","6.60877","0","0","0","0","0","0","0","0"
"0.580667","0.125011","0.188994","0.00819795","0.227991","0.218833","0.335449","1.72353e-15","3.0526","2.92396","2.86391","6.73103","0","0","0","0","0","0","0","0"
"0.584","0.125011","0.188994","0.00818219","0.227233","0.21799","0.338975","1.70263e-15","3.03277","2.93076","2.78509","6.60217","0","0","0","0","0","0","0","0"
"0.587433","0.125011","0.188994","0.0081638","0.225714","0.216952","0.333775","1.72714e-15","3.03021","2.94396","2.87514","6.7868","0","0","0","0","0","0","0","0"
"0.590917","0.125011","0.188994","0.00817189","0.2243","0.215892","0.337191","1.71843e-15","3.04","2.92705","2.8408","6.62441","0","0","0","0","0","0","0","0"
"0.5942","0.125011","0.189007","0.00818689","0.224677","0.215478","0.331681","1.69759e-15","3.0322","2.94025","2.85325","6.47244","0","0","0","0","0","0","0","0"
"0.5976","0.125011","0.189007","0.00819975","0.225308","0.21667","0.342379","1.71783e-15","2.99642","2.92883","2.87484","6.56383","0","0","0","0","0","0","0","0"
"0.600983","0.125011","0.189007","0.00821476","0.227663","0.218839","0.338502","1.71254e-15","2.9672","2.89631","2.8916","6.55609","0","0","0","0","0","0","0","0"
"0.604367","0.125011","0.189007","0.00822762","0.227845","0.217591","0.34184","1.69688e-15","2.91237","2.88623","2.88283","6.40427","0","0","0","0","0","0","0","0"
"0.607867","0.125011","0.189007","0.00824032","0.230857","0.220462","0.356654","1.70776e-15","2.95785","2.95392","2.88485","6.4105","0","0","0","0","0","0","0","0"
"0.611133","0.125011","0.188772","0.00825087","0.229645","0.220637","0.357573","1.70427e-15","2.93884","2.94082","2.85822","6.49709","0","0","0","0","0","0","0","0"
"0.614533","0.125011","0.188772","0.00826319","0.228438","0.218428","0.347853","1.69686e-15","2.92846","2.94156","2.92286","6.59115","0","0","0","0","0","0","0","0"
"0.6179","0.125011","0.188772","0.00827375","0.231659","0.222555","0.347603","1.71073e-15","2.92672","3.06877","2.91983","6.63483","0","0","0","0","0","0","0","0"
"0.623117","0.125011","0.188772","0.00828501","0.231021","0.221613","0.343843","1.6931e-15","2.95731","3.05692","2.86736","6.47977","0","0","0","0","0","0","0","0"
"0.6265","0.125011","0.188822","0.00828079","0.231531","0.223855","0.347055","1.70313e-15","2.94814","3.07682","2.84749","6.89079","0","0","0","0","0","0","0","0"
"0.629883","0.125011","0.188822","0.00827762","0.229147","0.221735","0.351991","1.69207e-15","2.9646","3.05851","2.8364","6.65564","0","0","0","0","0","0","0","0"
"0.633267","0.125011","0.188822","0.00827392","0.231937","0.221778","0.364857","1.69948e-15","2.97779","3.04349","2.80624","6.51513","0","0","0","0","0","0","0","0"
"0.63665","0.125011","0.188822","0.00827075","0.231675","0.222668","0.39139","1.70377e-15","2.97554","3.01933","2.92074","6.50444","0","0","0","0","0","0","0","0"
"0.640133","0.125011","0.188822","0.00826915","0.230741","0.222564","0.399678","1.68745e-15","2.96468","3.00066","2.93798","6.36805","0","0","0","0","0","0","0","0"
"0.643483","0.125011","0.189424","0.00826912","0.228304","0.221384","0.389322","1.70307e-15","2.97877","2.99458","3.0273","6.63998","0","0","0","0","0","0","0","0"
"0.646817","0.125011","0.189424","0.00826908","0.229091","0.224014","0.394175","1.70367e-15","2.95446","3.00856","2.99887","6.62933","0","0","0","0","0","0","0","0"
"0.651233","0.125011","0.189424","0.00826904","0.229727","0.222165","0.387513","1.70713e-15","2.94915","3.0143","2.99315","6.62857","0","0","0","0","0","0","0","0"
"0.655717","0.125011","0.189424","0.00826943","0.228235","0.221533","0.37962","1.72456e-15","2.9694","3.03019","3.06649","6.84676","0","0","0","0","0","0","0","0"
"0.6606","0.250022","0.190108","0.00853018","0.229645","0.219772","0.37181","1.70775e-15","2.96689","3.02207","3.09008","6.67089","0","0","0","0","0","0","0","0"
"0.664","0.250022","0.190108","0.0089162","0.230127","0.21911","0.366672","1.72254e-15","2.9229","2.99392","3.10829","6.80585","0","0","0","0","0","0","0","0"
"0.667383","0.250022","0.190108","0.00946902","0.230186","0.221141","0.364233","1.71661e-15","2.94161","2.98196","3.08614","6.81256","0","0","0","0","0","0","0","0"
"0.670833","0.250022","0.190108","0.0114464","0.229268","0.221418","0.370957","1.7229e-15","2.92973","2.97856","3.05973","6.74906","0","0","0","0","0","0","0","0"
"0.674417","0.250022","0.190108","0.0125272","0.232701","0.225605","0.410359","1.73151e-15","2.91481","3.04209","3.21932","6.92354","0","0","0","0","0","0","0","0"
"0.6784","0.250022","0.191322","0.0129266","0.243237","0.231511","0.456934","1.69406e-15","3.08936","3.2093","3.07334","6.47505","0","0","0","0","0","0","0","0"
"0.681867","0.250022","0.191322","0.0133042","0.248074","0.239767","0.465065","1.73202e-15","3.05141","3.11291","3.00626","6.46011","0","0","0","0","0","0","0","0"
"0.68525","0.250022","0.191322","0.0136481","0.256951","0.248194","0.454624","1.73113e-15","3.12635","3.08913","3.07839","6.65189","0","0","0","0","0","0","0","0"
"0.689067","0.250022","0.191322","0.0141974","0.264178","0.257773","0.521332","1.68691e-15","3.26891","3.15771","2.91371","6.27263","0","0","0","0","0","0","0","0"
"0.692283","0.250022","0.191883","0.0142285","0.265997","0.261626","0.506416","1.7114e-15","3.15552","3.02047","2.85907","6.65454","0","0","0","0","0","0","0","0"
"0.695667","0.250022","0.191883","0.0142685","0.267443","0.263477","0.546647","1.67858e-15","3.10489","3.0256","2.85797","6.66451","0","0","0","0","0","0","0","0"
"0.69905","0.250022","0.191883","0.0143364","0.270293","0.266468","0.577029","1.68796e-15","3.02889","3.06733","2.69594","6.62368","0","0","0","0","0","0","0","0"
"0.702433","0.250022","0.191883","0.0144424","0.275083","0.271089","0.558405","1.7028e-15","3.04897","2.96547","2.76822","6.75279","0","0","0","0","0","0","0","0"
"0.705917","0.250022","0.191883","0.0147842","0.271611","0.26816","0.539027","1.6685e-15","3.07284","3.01951","2.82786","6.60773","0","0","0","0","0","0","0","0"
"0.7092","0.250022","0.197058","0.0148166","0.274115","0.272705","0.527321","1.70819e-15","3.01247","3.04095","2.86121","6.75509","0","0","0","0","0","0","0","0"
"0.7126","0.250022","0.197058","0.0148666","0.274655","0.271308","0.531475","1.71059e-15","2.99975","2.97716","2.78523","6.94108","0","0","0","0","0","0","0","0"
"0.715983","0.250022","0.197058","0.0149291","0.273562","0.270425","0.55315","1.68617e-15","3.05264","3.00455","3.08225","6.68371","0","0","0","0","0","0","0","0"
"0.719367","0.250022","0.197058","0.0150694","0.278362","0.276258","0.57801","1.70924e-15","3.09793","3.07649","2.86524","7.09184","0","0","0","0","0","0","0","0"
"0.722867","0.250022","0.197058","0.0153954","0.279743","0.281988","0.664028","1.70039e-15","3.07131","2.9358","3.35228","6.93538","0","0","0","0","0","0","0","0"
"0.726133","0.250022","0.205347","0.0154355","0.280867","0.283715","0.713103","1.68128e-15","3.08451","3.1181","3.01849","6.65787","0","0","0","0","0","0","0","0"
"0.729517","0.250022","0.205347","0.0154811","0.282536","0.28522","0.75529","1.71739e-15","3.04707","3.16114","2.81398","6.94989","0","0","0","0","0","0","0","0"
"0.734733","0.250022","0.205347","0.0156127","0.28708","0.289892","0.794716","1.70444e-15","3.11689","3.187","2.60795","6.90437","0","0","0","0","0","0","0","0"
"0.73905","0.250022","0.205347","0.0160317","0.28526","0.290797","0.773902","1.71883e-15","3.07112","3.11528","2.65735","6.74914","0","0","0","0","0","0","0","0"
"0.7424","0.250022","0.213606","0.0160669","0.284902","0.28716","0.739557","1.71645e-15","3.11013","3.11946","2.82229","6.80925","0","0","0","0","0","0","0","0"
"0.745667","0.250022","0.213606","0.0161121","0.284833","0.286511","0.718442","1.69544e-15","3.08294","3.06521","2.86269","6.66054","0","0","0","0","0","0","0","0"
"0.74905","0.250022","0.213606","0.0161888","0.288083","0.287499","0.68899","1.71487e-15","3.09617","3.09628","3.00029","6.95636","0","0","0","0","0","0","0","0"
"0.752433","0.250022","0.213606","0.0163084","0.28694","0.28664","0.657377","1.71831e-15","3.07007","3.03511","3.19466","6.92631","0","0","0","0","0","0","0","0"
"0.755917","0.250022","0.213606","0.0166944","0.29327","0.288676","0.662687","1.70036e-15","3.06626","2.99374","3.08669","6.5858","0","0","0","0","0","0","0","0"
"0.759217","0.250022","0.222383","0.016731","0.301315","0.292336","0.684848","1.71624e-15","3.10059","2.97814","2.99575","6.79454","0","0","0","0","0","0","0","0"
"0.7626","0.250022","0.222383","0.0167874","0.307096","0.298202","0.734194","1.698e-15","3.13046","3.03502","2.80705","6.67898","0","0","0","0","0","0","0","0"
"0.765967","0.250022","0.222383","0.016858","0.306256","0.296518","0.719612","1.70722e-15","3.12035","3.04808","2.85574","6.6584","0","0","0","0","0","0","0","0"
"0.769367","0.250022","0.222383","0.0170165","0.304598","0.297803","0.706072","1.72486e-15","3.08175","2.97753","2.87234","6.8456","0","0","0","0","0","0","0","0"
"0.772867","0.250022","0.222383","0.0173845","0.303932","0.295636","0.698176","1.70683e-15","3.03706","2.98543","2.83167","6.56937","0","0","0","0","0","0","0","0"
"0.776133","0.250022","0.229386","0.0174299","0.302818","0.293966","0.704588","1.71096e-15","3.02994","2.94567","2.74684","6.80858","0","0","0","0","0","0","0","0"
"0.779517","0.250022","0.229386","0.0174813","0.301187","0.291912","0.727877","1.70153e-15","3.00344","2.94442","2.68313","6.65992","0","0","0","0","0","0","0","0"
"0.7829","0.250022","0.229386","0.0175708","0.305617","0.295551","0.728","1.72028e-15","3.00496","2.94556","2.62979","6.71778","0","0","0","0","0","0","0","0"
"0.786283","0.250022","0.229386","0.0177199","0.304387","0.295695","0.717381","1.73153e-15","2.98144","2.93479","2.68473","6.89874","0","0","0","0","0","0","0","0"
"0.789783","0.250022","0.229386","0.0178887","0.306024","0.296829","0.70724","1.70732e-15","3.02561","2.94835","2.78545","6.65541","0","0","0","0","0","0","0","0"
"0.793","0.250022","0.236491","0.0179294","0.302383","0.297691","0.726911","1.73236e-15","3.0177","2.91722","2.76527","6.87334","0","0","0","0","0","0","0","0"
"0.796367","0.250022","0.236491","0.0179929","0.303697","0.297818","0.720496","1.72803e-15","2.95274","2.91819","2.72062","6.84271","0","0","0","0","0","0","0","0"
"0.79975","0.250022","0.236491","0.0180724","0.306604","0.300448","0.774266","1.72567e-15","2.99208","2.89815","2.67481","6.76368","0","0","0","0","0","0","0","0"
"0.80315","0.250022","0.236491","0.0181757","0.310821","0.306002","0.799685","1.74063e-15","3.08542","2.92253","2.65177","7.14193","0","0","0","0","0","0","0","0"
"0.806667","0.250022","0.236491","0.0182314","0.314662","0.307951","0.783681","1.72094e-15","3.06159","2.99762","2.63325","7.06169","0","0","0","0","0","0","0","0"
"0.8099","0.250022","0.242568","0.0182579","0.314139","0.308175","0.750148","1.73299e-15","3.14641","3.23969","2.78932","6.97227","0","0","0","0","0","0","0","0"
"0.813283","0.250022","0.242568","0.0182807","0.312964","0.306997","0.739183","1.72398e-15","3.11488","3.154","2.80326","6.91708","0","0","0","0","0","0","0","0"
"0.817983","0.250022","0.242568","0.0183148","0.310313","0.3037","0.705445","1.73198e-15","3.07706","3.11993","2.94395","6.91325","0","0","0","0","0","0","0","0"
"0.8224","0.250022","0.242568","0.0183417","0.309824","0.302756","0.712337","1.72572e-15","3.02464","3.13891","2.77921","6.88873","0","0","0","0","0","0","0","0"
"0.825783","0.250022","0.248779","0.0183424","0.314296","0.308664","0.731104","1.72581e-15","3.01611","3.12068","2.61132","6.79876","0","0","0","0","0","0","0","0"
"0.829133","0.250022","0.248779","0.0183433","0.312172","0.306951","0.710209","1.72975e-15","3.02748","3.10494","2.65078","6.72168","0","0","0","0","0","0","0","0"
"0.832467","0.250022","0.248779","0.0183441","0.314637","0.308657","0.730943","1.70926e-15","2.99047","3.03597","2.57567","6.54128","0","0","0","0","0","0","0","0"
"0.835817","0.250022","0.248779","0.018345","0.308767","0.30534","0.748794","1.72411e-15","2.99677","3.02973","2.44783","6.64734","0","0","0","0","0","0","0","0"
"0.839317","0.250022","0.248779","0.018351","0.313036","0.312084","0.73098","1.70629e-15","3.01612","3.01153","2.48943","6.58833","0","0","0","0","0","0","0","0"
"0.8426","0.250022","0.254917","0.0183702","0.311311","0.307771","0.731765","1.71865e-15","2.98891","3.00417","2.45663","6.68284","0","0","0","0","0","0","0","0"
"0.845983","0.250022","0.254917","0.0183867","0.31238","0.307843","0.755714","1.71e-15","2.9547","2.96261","2.41704","6.75745","0","0","0","0","0","0","0","0"
"0.849367","0.250022","0.254917","0.0184059","0.310731","0.306718","0.746256","1.71254e-15","2.92711","2.93106","2.43889","6.70309","0","0","0","0","0","0","0","0"
"0.85275","0.250022","0.254917","0.0184223","0.310954","0.306209","0.731852","1.71649e-15","2.93324","3.04472","2.449","6.92024","0","0","0","0","0","0","0","0"
"0.856233","0.250022","0.254917","0.0184419","0.311928","0.306676","0.713986","1.69349e-15","3.01163","3.14131","2.56636","6.62574","0","0","0","0","0","0","0","0"
"0.859533","0.250022","0.259726","0.0184592","0.312503","0.308586","0.707928","1.70574e-15","3.05601","3.2029","2.59982","7.06384","0","0","0","0","0","0","0","0"
"0.8629","0.250022","0.259726","0.0184794","0.314083","0.309072","0.679342","1.68982e-15","3.06552","3.15777","2.71581","6.81289","0","0","0","0","0","0","0","0"
"0.866283","0.250022","0.259726","0.0184967","0.314099","0.308316","0.675576","1.71573e-15","3.04724","3.13202","2.68672","7.05074","0","0","0","0","0","0","0","0"
"0.869667","0.250022","0.259726","0.0185169","0.312314","0.305979","0.67812","1.71242e-15","3.02579","3.08207","2.60951","7.07868","0","0","0","0","0","0","0","0"
"0.873167","0.250022","0.259726","0.018515","0.314332","0.307251","0.692614","1.68442e-15","3.00243","3.02223","2.539","6.91027","0","0","0","0","0","0","0","0"
"0.876533","0.250022","0.263353","0.0184904","0.322694","0.313428","0.717552","1.69985e-15","2.99743","2.94484","2.54382","7.11632","0","0","0","0","0","0","0","0"
"0.879917","0.250022","0.263353","0.0184693","0.319651","0.309554","0.702082","1.69395e-15","3.00126","2.95828","2.60667","6.81436","0","0","0","0","0","0","0","0"
"0.883317","0.250022","0.263353","0.0184447","0.317301","0.310798","0.768297","1.71937e-15","3.04467","2.97022","2.74115","7.04494","0","0","0","0","0","0","0","0"
"0.886683","0.250022","0.263353","0.0184237","0.318452","0.311976","0.786171","1.71762e-15","3.03184","2.91176","2.60897","7.04262","0","0","0","0","0","0","0","0"
"0.890183","0.250022","0.263353","0.0183855","0.321046","0.316428","0.802348","1.70107e-15","3.13718","2.96932","2.54841","6.7614","0","0","0","0","0","0","0","0"
"0.893467","0.250022","0.266364","0.0183442","0.324687","0.320479","0.781764","1.71887e-15","3.0803","2.94326","2.59784","6.80655","0","0","0","0","0","0","0","0"
"0.896867","0.250022","0.266364","0.0182959","0.32342","0.321467","0.742687","1.69544e-15","3.0165","2.88847","2.7791","6.65786","0","0","0","0","0","0","0","0"
"0.901267","0.250022","0.266364","0.0182408","0.319833","0.317121","0.728585","1.72714e-15","3.02484","2.91873","2.75401","6.98562","0","0","0","0","0","0","0","0"
"0.905717","0.250022","0.266364","0.0181811","0.312867","0.311983","0.694092","1.71594e-15","3.04639","2.89161","2.86918","7.0081","0","0","0","0","0","0","0","0"
"0.9089","0.250022","0.269479","0.0181466","0.309982","0.310961","0.696513","1.71464e-15","3.05795","2.87701","2.80008","7.02427","0","0","0","0","0","0","0","0"
"0.912283","0.250022","0.269479","0.0181122","0.312419","0.313603","0.691641","1.74033e-15","3.0661","2.91812","2.80218","7.19976","0","0","0","0","0","0","0","0"
"0.915667","0.250022","0.269479","0.0180721","0.311625","0.315032","0.664049","1.71679e-15","3.03096","2.9602","2.9202","7.10762","0","0","0","0","0","0","0","0"
"0.91905","0.250022","0.269479","0.0180376","0.311317","0.31629","0.711695","1.72261e-15","3.07786","3.04032","2.96864","7.00268","0","0","0","0","0","0","0","0"
"0.922533","0.250022","0.269479","0.0180126","0.310269","0.315179","0.741733","1.73812e-15","3.06599","3.06919","2.76057","6.94708","0","0","0","0","0","0","0","0"
"0.927383","0.250022","0.272836","0.0180288","0.310861","0.311676","0.711597","1.71276e-15","3.09033","3.10989","2.91199","6.68648","0","0","0","0","0","0","0","0"
"0.930783","0.250022","0.272836","0.0180414","0.308897","0.307391","0.673334","1.73349e-15","3.09582","3.08971","3.14243","6.80377","0","0","0","0","0","0","0","0"
"0.93415","0.250022","0.272836","0.0180522","0.30798","0.306899","0.665923","1.71781e-15","3.07536","3.06977","3.14113","6.85173","0","0","0","0","0","0","0","0"
"0.93755","0.250022","0.272836","0.0180648","0.309142","0.30911","0.676475","1.71597e-15","3.06646","3.03242","3.03977","6.87008","0","0","0","0","0","0","0","0"
"0.940983","0.250022","0.272836","0.0180832","0.312695","0.310614","0.652241","1.72511e-15","3.1297","3.13284","3.1732","6.78597","0","0","0","0","0","0","0","0"
"0.944467","0.250022","0.274225","0.0181065","0.310236","0.308606","0.630922","1.70902e-15","3.10163","3.09282","3.25686","6.62301","0","0","0","0","0","0","0","0"
"0.94785","0.250022","0.274225","0.0181299","0.310486","0.307846","0.618881","1.71724e-15","3.06523","3.07178","3.22544","6.62105","0","0","0","0","0","0","0","0"
"0.951233","0.250022","0.274225","0.0181498","0.308019","0.304466","0.61243","1.72158e-15","3.08837","3.04975","3.37563","6.85552","0","0","0","0","0","0","0","0"
"0.955717","0.250022","0.274225","0.0181683","0.311797","0.309321","0.662088","1.69725e-15","3.06405","3.02228","3.07366","6.57463","0","0","0","0","0","0","0","0"
"0.959033","0.250022","0.274919","0.0181538","0.311802","0.309453","0.653428","1.7099e-15","3.05292","2.9846","3.07125","6.88432","0","0","0","0","0","0","0","0"
"0.962433","0.250022","0.274919","0.0181369","0.307495","0.305999","0.645078","1.69785e-15","3.09053","3.01556","3.05384","6.87131","0","0","0","0","0","0","0","0"
"0.965817","0.250022","0.274919","0.0181225","0.307334","0.305397","0.651286","1.69346e-15","3.11379","3.07568","2.94598","6.73202","0","0","0","0","0","0","0","0"
"0.9692","0.250022","0.274919","0.0181056","0.305839","0.305353","0.672622","1.70801e-15","3.1077","3.07367","2.87214","6.78253","0","0","0","0","0","0","0","0"
"0.972683","0.250022","0.274919","0.0180927","0.306287","0.305561","0.67023","1.69523e-15","3.08261","3.02672","2.83965","6.58288","0","0","0","0","0","0","0","0"
"0.975967","0.250022","0.275468","0.0180817","0.307825","0.303757","0.670197","1.70838e-15","3.13998","3.04269","2.84345","6.68091","0","0","0","0","0","0","0","0"
"0.97935","0.250022","0.275468","0.0180722","0.311453","0.304357","0.676042","1.70572e-15","3.07398","2.99606","2.7672","6.68723","0","0","0","0","0","0","0","0"
"0.984567","0.250022","0.275468","0.0180563","0.309221","0.302309","0.676171","1.71753e-15","3.06062","3.00407","2.68418","6.67105","0","0","0","0","0","0","0","0"
"0.98905","0.250022","0.275468","0.0180405","0.312308","0.304232","0.678223","1.70785e-15","3.05946","3.02863","2.63465","6.58922","0","0","0","0","0","0","0","0"
"0.992367","0.250022","0.275787","0.0180262","0.310983","0.304024","0.662097","1.7116e-15","3.05143","3.00294","2.71348","6.63669","0","0","0","0","0","0","0","0"
"0.995767","0.250022","0.275787","0.0180096","0.31192","0.306912","0.697264","1.70916e-15","3.07374","3.07208","2.70252","6.61744","0","0","0","0","0","0","0","0"
"0.99915","0.250022","0.275787","0.0179953","0.312732","0.309146","0.720561","1.69887e-15","3.03278","3.05606","2.71697","6.49662","0","0","0","0","0","0","0","0"
"1.00253","0.250022","0.275787","0.0179787","0.308459","0.305553","0.699999","1.72088e-15","3.04516","3.06427","2.80501","6.58057","0","0","0","0","0","0","0","0"
"1.00602","0.250022","0.275787","0.0179681","0.309877","0.306167","0.689904","1.72038e-15","3.03701","3.04604","2.81032","6.60209","0","0","0","0","0","0","0","0"
"1.0093","0.250022","0.275631","0.0179644","0.308296","0.304835","0.688348","1.70782e-15","3.04682","3.07739","2.79198","6.46579","0","0","0","0","0","0","0","0"
"1.01268","0.250022","0.275631","0.0179612","0.307516","0.304551","0.689335","1.71594e-15","3.04769","3.04502","2.74484","6.54501","0","0","0","0","0","0","0","0"
"1.01607","0.250022","0.275631","0.0179574","0.308607","0.304526","0.702596","1.71487e-15","3.01923","3.03292","2.70379","6.61295","0","0","0","0","0","0","0","0"
"1.01945","0.250022","0.275631","0.0179542","0.309196","0.305999","0.702514","1.70154e-15","3.01649","3.0178","2.66615","6.49614","0","0","0","0","0","0","0","0"
"1.02295","0.250022","0.275631","0.0179534","0.308939","0.305299","0.704317","1.70493e-15","3.00315","3.00297","2.63566","6.44383","0","0","0","0","0","0","0","0"
"1.02623","0.250022","0.276067","0.0179559","0.308729","0.306334","0.707078","1.71135e-15","2.98603","2.97904","2.62884","6.53378","0","0","0","0","0","0","0","0"
"1.02962","0.250022","0.276067","0.0179589","0.307046","0.304972","0.697272","1.70148e-15","2.99221","2.99389","2.69232","6.42566","0","0","0","0","0","0","0","0"
"1.033","0.250022","0.276067","0.0179614","0.305647","0.302909","0.680987","1.71232e-15","3.00709","2.99699","2.77643","6.46956","0","0","0","0","0","0","0","0"
"1.0364","0.250022","0.276067","0.0179644","0.302768","0.300211","0.665878","1.71655e-15","3.02427","2.99052","2.84078","6.45395","0","0","0","0","0","0","0","0"
"1.0399","0.250022","0.276067","0.0179674","0.304001","0.299276","0.667059","1.7002e-15","2.99326","2.99748","2.80388","6.43973","0","0","0","0","0","0","0","0"
"1.04315","0.250022","0.276273","0.0179713","0.30614","0.300705","0.659863","1.69793e-15","3.02146","3.01956","2.79682","6.40138","0","0","0","0","0","0","0","0"
"1.04653","0.250022","0.276273","0.0179747","0.304638","0.299196","0.645814","1.70914e-15","3.0407","3.03256","2.87412","6.57723","0","0","0","0","0","0","0","0"
"1.04995","0.250022","0.276273","0.0179787","0.305013","0.30084","0.643867","1.70885e-15","3.06237","3.08516","2.83645","6.59621","0","0","0","0","0","0","0","0"
"1.05332","0.250022","0.276273","0.0179821","0.306602","0.303087","0.652471","1.70036e-15","3.0421","3.05148","2.80254","6.50673","0","0","0","0","0","0","0","0"
"1.0568","0.250022","0.276273","0.017985","0.306057","0.302397","0.653971","1.70075e-15","3.02221","3.02875","2.78263","6.52731","0","0","0","0","0","0","0","0"
"1.06008","0.250022","0.276203","0.0179869","0.310136","0.306485","0.702521","1.70071e-15","3.03607","3.07113","3.15001","6.54629","0","0","0","0","0","0","0","0"
"1.06348","0.250022","0.276203","0.017989","0.308717","0.303939","0.690253","1.68956e-15","3.03977","3.08197","3.18807","6.44818","0","0","0","0","0","0","0","0"
"1.0679","0.250022","0.276203","0.0179915","0.307867","0.302691","0.706111","1.70011e-15","3.01882","3.06173","3.10013","6.51917","0","0","0","0","0","0","0","0"
"1.07238","0.250022","0.276203","0.017994","0.307857","0.303108","0.706314","1.70468e-15","2.99526","3.05654","3.03238","6.50856","0","0","0","0","0","0","0","0"
"1.0757","0.250022","0.275985","0.017995","0.311615","0.306035","0.703667","1.69507e-15","3.03627","3.06908","3.01766","6.43176","0","0","0","0","0","0","0","0"
"1.0791","0.250022","0.275985","0.0179963","0.310411","0.304911","0.690691","1.70616e-15","3.03258","3.06828","3.07822","6.43626","0","0","0","0","0","0","0","0"
"1.08248","0.250022","0.275985","0.0179974","0.31058","0.306324","0.685801","1.70979e-15","3.04552","3.09713","3.07156","6.53128","0","0","0","0","0","0","0","0"
"1.08587","0.250022","0.275985","0.0179986","0.308679","0.303255","0.673308","1.69972e-15","3.05762","3.12324","3.12368","6.48123","0","0","0","0","0","0","0","0"
"1.08935","0.250022","0.275985","0.0179982","0.308007","0.30194","0.664744","1.70782e-15","3.04614","3.1166","3.14487","6.53074","0","0","0","0","0","0","0","0"
"1.09393","0.500044","0.276551","0.0214713","0.308507","0.303304","0.660753","1.70418e-15","3.06598","3.1862","3.10993","6.48807","0","0","0","0","0","0","0","0"
"1.09732","0.500044","0.276551","0.0262747","0.31109","0.307512","0.663461","1.70429e-15","3.09691","3.255","3.01828","6.46299","0","0","0","0","0","0","0","0"
"1.10067","0.500044","0.276551","0.030427","0.313517","0.309459","0.659492","1.70142e-15","3.08817","3.23172","2.99617","6.50873","0","0","0","0","0","0","0","0"
"1.10405","0.500044","0.276551","0.0352713","0.320828","0.315775","0.761162","1.69399e-15","3.17738","3.28678","3.91739","6.43545","0","0","0","0","0","0","0","0"
"1.10755","0.500044","0.276551","0.0359572","0.353568","0.34682","0.918537","1.7129e-15","3.38341","3.5737","4.42388","6.74366","0","0","0","0","0","0","0","0"
"1.11083","0.500044","0.278146","0.0359485","0.391098","0.395636","0.945431","1.6885e-15","3.3736","3.48969","3.7248","6.44711","0","0","0","0","0","0","0","0"
"1.11422","0.500044","0.278146","0.035941","0.433081","0.438325","1.1363","1.68655e-15","3.28395","3.34375","3.43032","6.52544","0","0","0","0","0","0","0","0"
"1.1176","0.500044","0.278146","0.0359323","0.435906","0.447654","1.04224","1.72991e-15","3.25961","3.2915","3.70732","6.79956","0","0","0","0","0","0","0","0"
"1.121","0.500044","0.278146","0.0359249","0.447816","0.463179","1.09696","1.70052e-15","3.09244","3.21794","3.23046","6.60722","0","0","0","0","0","0","0","0"
"1.1245","0.500044","0.278146","0.0359201","0.461058","0.473169","1.07137","1.69064e-15","3.04997","3.20916","3.03572","6.3579","0","0","0","0","0","0","0","0"
"1.12775","0.500044","0.286287","0.0359167","0.4785","0.489181","1.04363","1.73142e-15","3.04928","3.11974","3.12085","6.58879","0","0","0","0","0","0","0","0"
"1.13115","0.500044","0.286287","0.0359126","0.491451","0.499361","1.14414","1.69249e-15","3.46984","3.42575","2.78535","6.47667","0","0","0","0","0","0","0","0"
"1.13453","0.500044","0.286287","0.0359091","0.488537","0.498216","1.10237","1.72506e-15","3.34169","3.33479","2.8196","6.75349","0","0","0","0","0","0","0","0"
"1.13905","0.500044","0.286287","0.0359279","0.507591","0.516141","1.29207","1.70496e-15","3.53272","3.42801","2.93862","7.18151","0","0","0","0","0","0","0","0"
"1.14233","0.500044","0.331623","0.0360067","0.511171","0.5213","1.32617","1.66806e-15","3.2548","3.27849","2.72211","6.70513","0","0","0","0","0","0","0","0"
"1.14572","0.500044","0.331623","0.0361265","0.510555","0.512792","1.27082","1.73591e-15","3.13141","3.20043","2.71272","7.06213","0","0","0","0","0","0","0","0"
"1.15145","0.500044","0.331623","0.0363333","0.498568","0.503145","1.15594","1.6734e-15","3.05206","3.08066","2.90239","6.75815","0","0","0","0","0","0","0","0"
"1.15572","0.500044","0.331623","0.0364693","0.502519","0.508555","1.19051","1.68673e-15","3.05384","3.03836","2.75319","6.65577","0","0","0","0","0","0","0","0"
"1.15978","0.500044","0.38511","0.0365804","0.521389","0.530533","1.26106","1.65057e-15","2.92098","2.97239","2.81708","6.4494","0","0","0","0","0","0","0","0"
"1.16317","0.500044","0.38511","0.0366939","0.510461","0.514581","1.22819","1.64831e-15","2.98073","3.11669","2.72658","5.91066","0","0","0","0","0","0","0","0"
"1.16668","0.500044","0.38511","0.0368969","0.519153","0.522065","1.15136","1.72825e-15","2.85139","2.97767","2.88564","6.57446","0","0","0","0","0","0","0","0"
"1.16997","0.500044","0.38511","0.0372657","0.517138","0.522186","1.18265","1.72369e-15","2.7882","2.88168","2.71786","6.67217","0","0","0","0","0","0","0","0"
"1.17343","0.500044","0.38511","0.0376133","0.515177","0.515404","1.13829","1.676e-15","2.84515","2.9403","2.80246","6.16965","0","0","0","0","0","0","0","0"
"1.17672","0.500044","0.414959","0.0377023","0.515763","0.51391","1.19099","1.70564e-15","2.8001","2.90367","2.67948","6.57348","0","0","0","0","0","0","0","0"
"1.1801","0.500044","0.414959","0.037843","0.516804","0.522089","1.16503","1.71426e-15","2.77816","2.82896","2.76252","6.88977","0","0","0","0","0","0","0","0"
"1.18365","0.500044","0.414959","0.0380253","0.5221","0.536309","1.23197","1.67727e-15","3.0032","2.97834","2.55936","6.60055","0","0","0","0","0","0","0","0"
"1.18687","0.500044","0.414959","0.0382686","0.541343","0.551323","1.45111","1.69623e-15","3.09867","2.95537","3.22437","6.50367","0","0","0","0","0","0","0","0"
"1.19037","0.500044","0.414959","0.0383851","0.534649","0.546734","1.45974","1.70703e-15","3.05885","2.94552","3.27626","6.47315","0","0","0","0","0","0","0","0"
"1.19363","0.500044","0.43268","0.0384673","0.533171","0.545451","1.36551","1.69181e-15","3.01686","2.92307","3.53737","6.34091","0","0","0","0","0","0","0","0"
"1.19705","0.500044","0.43268","0.0385378","0.542442","0.55174","1.33598","1.68445e-15","3.05783","3.0115","3.47524","6.2604","0","0","0","0","0","0","0","0"
"1.20042","0.500044","0.43268","0.03862","0.544996","0.548451","1.36855","1.71207e-15","3.04703","3.06029","3.25509","6.57109","0","0","0","0","0","0","0","0"
"1.2038","0.500044","0.43268","0.0386905","0.548723","0.551879","1.5447","1.70834e-15","2.99646","3.08337","2.95319","6.79217","0","0","0","0","0","0","0","0"
"1.20728","0.500044","0.43268","0.0387389","0.544006","0.547732","1.49694","1.70274e-15","2.99684","3.03256","2.93872","6.68673","0","0","0","0","0","0","0","0"
"1.21057","0.500044","0.446609","0.0387689","0.545996","0.548332","1.61025","1.71809e-15","2.94114","2.99629","2.74995","6.74031","0","0","0","0","0","0","0","0"
"1.21395","0.500044","0.446609","0.0388039","0.543397","0.547628","1.58436","1.70232e-15","2.91495","3.01805","2.6711","6.43411","0","0","0","0","0","0","0","0"
"1.21733","0.500044","0.446609","0.0388339","0.536027","0.541432","1.53939","1.71907e-15","2.91833","3.02837","2.708","6.36154","0","0","0","0","0","0","0","0"
"1.22072","0.500044","0.446609","0.0388689","0.531048","0.537117","1.44533","1.72493e-15","2.94586","2.98576","2.96502","6.66666","0","0","0","0","0","0","0","0"
"1.22422","0.500044","0.446609","0.0389335","0.531442","0.53896","1.40329","1.69756e-15","2.91107","2.96211","3.01562","6.52065","0","0","0","0","0","0","0","0"
"1.2275","0.500044","0.459877","0.0390169","0.536973","0.54016","1.42213","1.73167e-15","3.02403","3.06998","3.02118","6.6535","0","0","0","0","0","0","0","0"
"1.23088","0.500044","0.459877","0.0390884","0.541209","0.545052","1.43624","1.72971e-15","2.97953","3.04002","3.13189","6.79686","0","0","0","0","0","0","0","0"
"1.23492","0.500044","0.459877","0.0391837","0.537361","0.545301","1.35509","1.72539e-15","3.06269","3.11726","3.36867","6.72332","0","0","0","0","0","0","0","0"
"1.23905","0.500044","0.459877","0.0392801","0.537963","0.546787","1.32693","1.74077e-15","3.00757","3.115","3.32533","6.71421","0","0","0","0","0","0","0","0"
"1.24233","0.500044","0.469411","0.0393662","0.53707","0.546331","1.34696","1.71104e-15","3.01269","3.17058","3.15814","6.5972","0","0","0","0","0","0","0","0"
"1.24572","0.500044","0.469411","0.0394988","0.539517","0.54976","1.3649","1.72578e-15","3.02293","3.24324","2.94739","6.78159","0","0","0","0","0","0","0","0"
"1.24912","0.500044","0.469411","0.0396456","0.5354","0.547261","1.37571","1.74621e-15","3.04858","3.29324","2.87198","7.1348","0","0","0","0","0","0","0","0"
"1.25248","0.500044","0.469411","0.0398185","0.544569","0.554546","1.41988","1.72757e-15","2.98464","3.22233","2.84923","6.94781","0","0","0","0","0","0","0","0"
"1.25598","0.500044","0.469411","0.0399427","0.548082","0.561273","1.37019","1.71472e-15","2.9899","3.21188","2.9631","6.75188","0","0","0","0","0","0","0","0"
"1.25927","0.500044","0.476841","0.0400469","0.54912","0.562334","1.36508","1.7205e-15","2.97907","3.21527","2.94859","6.82881","0","0","0","0","0","0","0","0"
"1.26265","0.500044","0.476841","0.0401651","0.548092","0.560364","1.35304","1.70017e-15","3.02797","3.29769","3.01026","6.71957","0","0","0","0","0","0","0","0"
"1.26603","0.500044","0.476841","0.0403495","0.548226","0.563214","1.35734","1.71025e-15","3.02293","3.3193","2.91589","6.66285","0","0","0","0","0","0","0","0"
"1.26942","0.500044","0.476841","0.0405127","0.54472","0.561348","1.31353","1.72891e-15","3.05218","3.2972","3.04229","6.85469","0","0","0","0","0","0","0","0"
"1.2729","0.500044","0.476841","0.0406517","0.542737","0.560342","1.31226","1.70901e-15","3.0102","3.33565","2.98133","6.69174","0","0","0","0","0","0","0","0"
"1.2762","0.500044","0.484456","0.040712","0.549143","0.568263","1.34999","1.7198e-15","2.95037","3.23137","2.83799","6.64276","0","0","0","0","0","0","0","0"
"1.27958","0.500044","0.484456","0.0407823","0.547068","0.561079","1.4613","1.73815e-15","2.93759","3.25222","3.00968","6.90055","0","0","0","0","0","0","0","0"
"1.28297","0.500044","0.484456","0.0408426","0.551706","0.564009","1.47817","1.71981e-15","2.96404","3.18086","2.90202","6.87731","0","0","0","0","0","0","0","0"
"1.28635","0.500044","0.484456","0.0409129","0.55292","0.561936","1.43283","1.70502e-15","3.05014","3.24466","2.94832","6.79417","0","0","0","0","0","0","0","0"
"1.28983","0.500044","0.484456","0.0409194","0.547878","0.554668","1.41644","1.69986e-15","3.08262","3.246","2.93157","6.65564","0","0","0","0","0","0","0","0"
"1.29312","0.500044","0.492325","0.0408643","0.54302","0.550497","1.4453","1.70094e-15","3.12503","3.23554","2.75859","6.70941","0","0","0","0","0","0","0","0"
"1.2965","0.500044","0.492325","0.0408171","0.543185","0.550243","1.55825","1.70228e-15","3.08823","3.17825","2.63542","6.51225","0","0","0","0","0","0","0","0"
"1.29988","0.500044","0.492325","0.040762","0.557827","0.560705","1.70726","1.72922e-15","3.15041","3.23914","2.73198","6.53732","0","0","0","0","0","0","0","0"
"1.3033","0.500044","0.492325","0.0407148","0.555441","0.559857","1.67047","1.71904e-15","3.06621","3.19083","2.74752","6.55331","0","0","0","0","0","0","0","0"
"1.30677","0.500044","0.492325","0.0406292","0.561122","0.565411","1.63931","1.6999e-15","3.02072","3.09217","2.77936","6.44591","0","0","0","0","0","0","0","0"
"1.31187","0.500044","0.497865","0.0404744","0.560265","0.571124","1.66186","1.71966e-15","2.98119","3.03572","2.64671","6.58985","0","0","0","0","0","0","0","0"
"1.31812","0.500044","0.497865","0.0402885","0.552807","0.566177","1.55958","1.68913e-15","3.03035","3.05972","2.81377","6.50643","0","0","0","0","0","0","0","0"
"1.32238","0.500044","0.497865","0.0402151","0.545056","0.55674","1.52933","1.70281e-15","3.02318","3.01286","2.90055","6.45877","0","0","0","0","0","0","0","0"
"1.32583","0.500044","0.501065","0.0402737","0.547236","0.559162","1.58239","1.70187e-15","3.13995","3.1324","2.80742","6.63908","0","0","0","0","0","0","0","0"
"1.32922","0.500044","0.501065","0.040342","0.544011","0.5564","1.53152","1.69336e-15","3.14207","3.11614","2.87624","6.38338","0","0","0","0","0","0","0","0"
"1.3326","0.500044","0.501065","0.0404006","0.547707","0.558325","1.49925","1.70839e-15","3.22141","3.13298","2.90221","6.45553","0","0","0","0","0","0","0","0"
"1.33598","0.500044","0.501065","0.0404689","0.547136","0.559296","1.67468","1.71086e-15","3.19007","3.07879","3.39266","6.44451","0","0","0","0","0","0","0","0"
"1.3395","0.500044","0.501065","0.0405192","0.556528","0.570884","1.76124","1.69239e-15","3.13408","3.04812","3.19186","6.26842","0","0","0","0","0","0","0","0"
"1.34277","0.500044","0.505425","0.0405586","0.554497","0.56799","1.81838","1.70092e-15","3.14924","3.08309","2.93478","6.3914","0","0","0","0","0","0","0","0"
"1.34615","0.500044","0.505425","0.0405923","0.563364","0.577113","1.8323","1.71228e-15","3.24872","3.19192","2.86572","6.54769","0","0","0","0","0","0","0","0"
"1.34953","0.500044","0.505425","0.0406317","0.561415","0.574798","1.80638","1.69615e-15","3.21601","3.14026","2.84347","6.45096","0","0","0","0","0","0","0","0"
"1.35292","0.500044","0.505425","0.0406654","0.563108","0.576983","1.78477","1.6943e-15","3.15385","3.11113","2.82586","6.32318","0","0","0","0","0","0","0","0"
"1.3564","0.500044","0.505425","0.0406947","0.559873","0.575561","1.77128","1.69964e-15","3.15279","3.05392","2.75584","6.37492","0","0","0","0","0","0","0","0"
"1.35968","0.500044","0.507642","0.0407084","0.556326","0.571811","1.78981","1.70391e-15","3.11695","3.05958","2.62801","6.49431","0","0","0","0","0","0","0","0"
"1.36307","0.500044","0.507642","0.0407243","0.558818","0.574539","1.79886","1.69297e-15","3.10836","3.07487","2.52498","6.34334","0","0","0","0","0","0","0","0"
"1.36645","0.500044","0.507642","0.040738","0.561699","0.580128","1.8463","1.70187e-15","3.08274","3.07593","2.50342","6.35966","0","0","0","0","0","0","0","0"
"1.36985","0.500044","0.507642","0.0407539","0.565899","0.583946","1.82109","1.71804e-15","3.04898","3.0538","2.50844","6.61107","0","0","0","0","0","0","0","0"
"1.37335","0.500044","0.507642","0.0407574","0.564451","0.581075","1.76341","1.71049e-15","3.09742","3.08512","2.63149","6.54664","0","0","0","0","0","0","0","0"
"1.37662","0.500044","0.510967","0.0407494","0.559088","0.573815","1.70649","1.70495e-15","3.11743","3.11385","2.74689","6.48276","0","0","0","0","0","0","0","0"
"1.38","0.500044","0.510967","0.0407426","0.553706","0.569778","1.66599","1.72233e-15","3.1098","3.09568","2.80995","6.63634","0","0","0","0","0","0","0","0"
"1.38342","0.500044","0.510967","0.0407347","0.548101","0.564238","1.64393","1.72397e-15","3.12178","3.0856","2.80704","6.62366","0","0","0","0","0","0","0","0"
"1.38677","0.500044","0.510967","0.0407278","0.556066","0.57398","1.62828","1.70823e-15","3.12025","3.12677","2.80771","6.46686","0","0","0","0","0","0","0","0"
"1.39027","0.500044","0.510967","0.0407342","0.552638","0.569616","1.58152","1.70729e-15","3.1011","3.10482","2.91631","6.32454","0","0","0","0","0","0","0","0"
"1.39353","0.500044","0.513724","0.0407487","0.55032","0.568236","1.58035","1.7141e-15","3.08633","3.07659","2.86917","6.43255","0","0","0","0","0","0","0","0"
"1.39695","0.500044","0.513724","0.0407657","0.546879","0.565578","1.54987","1.70415e-15","3.08161","3.08613","2.89322","6.36806","0","0","0","0","0","0","0","0"
"1.40135","0.500044","0.513724","0.0407851","0.549596","0.568731","1.55818","1.70848e-15","3.09659","3.11617","2.90796","6.36322","0","0","0","0","0","0","0","0"
"1.40572","0.500044","0.513724","0.0408066","0.544171","0.56463","1.6016","1.71327e-15","3.07481","3.12583","2.8737","6.51679","0","0","0","0","0","0","0","0"
"1.40893","0.500044","0.515242","0.0408201","0.544454","0.561521","1.61246","1.7024e-15","3.11142","3.1294","2.8275","6.40573","0","0","0","0","0","0","0","0"
"1.41232","0.500044","0.515242","0.0408335","0.553493","0.56996","1.74605","1.70734e-15","3.10061","3.09467","3.13904","6.52763","0","0","0","0","0","0","0","0"
"1.4157","0.500044","0.515242","0.0408492","0.549779","0.565841","1.71399","1.71509e-15","3.11893","3.13069","3.1691","6.6165","0","0","0","0","0","0","0","0"
"1.41908","0.500044","0.515242","0.0408627","0.55265","0.568051","1.78265","1.70592e-15","3.11461","3.1071","3.04089","6.54778","0","0","0","0","0","0","0","0"
"1.42257","0.500044","0.515242","0.0408777","0.550951","0.566361","1.74753","1.71121e-15","3.09664","3.10433","3.10839","6.56881","0","0","0","0","0","0","0","0"
"1.42605","0.500044","0.515699","0.040891","0.550387","0.564954","1.73","1.70238e-15","3.08297","3.07308","3.07762","6.55834","0","0","0","0","0","0","0","0"
"1.42943","0.500044","0.515699","0.0409024","0.547102","0.562053","1.72047","1.70107e-15","3.0864","3.06955","3.03692","6.54441","0","0","0","0","0","0","0","0"
"1.43282","0.500044","0.515699","0.0409156","0.551798","0.567412","1.69093","1.71223e-15","3.11555","3.08534","3.06733","6.6669","0","0","0","0","0","0","0","0"
"1.4362","0.500044","0.515699","0.040927","0.54944","0.563719","1.65588","1.70521e-15","3.10823","3.09621","3.14995","6.63496","0","0","0","0","0","0","0","0"
"1.43968","0.500044","0.515699","0.0409323","0.54489","0.557518","1.62633","1.69545e-15","3.10731","3.11675","3.18767","6.51231","0","0","0","0","0","0","0","0"
"1.44297","0.500044","0.515708","0.0409278","0.539961","0.55575","1.59423","1.7079e-15","3.13521","3.11798","3.265","6.63276","0","0","0","0","0","0","0","0"
"1.44635","0.500044","0.515708","0.0409225","0.54531","0.561979","1.58507","1.703e-15","3.1501","3.15743","3.22263","6.58995","0","0","0","0","0","0","0","0"
"1.44973","0.500044","0.515708","0.0409179","0.54475","0.561975","1.58216","1.7001e-15","3.14139","3.14264","3.21245","6.52705","0","0","0","0","0","0","0","0"
"1.45313","0.500044","0.515708","0.0409126","0.544207","0.561085","1.55805","1.71007e-15","3.13173","3.14722","3.2263","6.61974","0","0","0","0","0","0","0","0"
"1.45663","0.500044","0.515708","0.0409146","0.542258","0.556936","1.53146","1.70464e-15","3.13332","3.15338","3.27434","6.60575","0","0","0","0","0","0","0","0"
"1.4599","0.500044","0.515923","0.0409244","0.539743","0.55254","1.49568","1.6952e-15","3.10719","3.1505","3.37932","6.50661","0","0","0","0","0","0","0","0"
"1.46328","0.500044","0.515923","0.0409329","0.536575","0.548755","1.49697","1.70225e-15","3.11171","3.14942","3.31301","6.558","0","0","0","0","0","0","0","0"
"1.46668","0.500044","0.515923","0.0409428","0.536936","0.548994","1.48021","1.71233e-15","3.09204","3.14296","3.32205","6.67974","0","0","0","0","0","0","0","0"
"1.47005","0.500044","0.515923","0.0409512","0.534417","0.547381","1.46414","1.70873e-15","3.07952","3.13788","3.3441","6.66333","0","0","0","0","0","0","0","0"
"1.47357","0.500044","0.515923","0.0409631","0.536558","0.551247","1.5251","1.69827e-15","3.10384","3.12514","3.29319","6.56529","0","0","0","0","0","0","0","0"
"1.47683","0.500044","0.515709","0.0409747","0.539763","0.552139","1.58523","1.71066e-15","3.16343","3.09303","3.18754","6.70047","0","0","0","0","0","0","0","0"
"1.48022","0.500044","0.515709","0.0409883","0.539111","0.552168","1.58674","1.72253e-15","3.16507","3.0942","3.14078","6.81118","0","0","0","0","0","0","0","0"
"1.48463","0.500044","0.515709","0.0410037","0.540128","0.552227","1.61958","1.71831e-15","3.15602","3.09098","3.01908","6.6747","0","0","0","0","0","0","0","0"
"1.48905","0.500044","0.515709","0.04102","0.542517","0.555374","1.62459","1.71649e-15","3.11732","3.06736","2.93209","6.6162","0","0","0","0","0","0","0","0"
"1.49245","0.500044","0.514876","0.0410284","0.54142","0.554538","1.64027","1.71485e-15","3.09683","3.05933","2.83465","6.65112","0","0","0","0","0","0","0","0"
"1.49583","0.500044","0.514876","0.0410381","0.539629","0.551491","1.6192","1.70756e-15","3.08402","3.05237","2.87159","6.56163","0","0","0","0","0","0","0","0"
"1.49922","0.500044","0.514876","0.0410465","0.538769","0.55163","1.60366","1.71153e-15","3.07062","3.03682","2.88968","6.57929","0","0","0","0","0","0","0","0"
"1.50257","0.500044","0.514876","0.0410563","0.538585","0.550351","1.582","1.7144e-15","3.0666","3.04661","2.91266","6.64514","0","0","0","0","0","0","0","0"
"1.50602","0.500044","0.514876","0.0410617","0.540517","0.552207","1.58334","1.70948e-15","3.05919","3.07723","2.86001","6.57678","0","0","0","0","0","0","0","0"
"1.50935","0.500044","0.514681","0.0410614","0.539755","0.549485","1.55566","1.70684e-15","3.05625","3.06414","2.92052","6.53647","0","0","0","0","0","0","0","0"
"1.5127","0.500044","0.514681","0.0410612","0.540934","0.549508","1.57054","1.71952e-15","3.04148","3.07147","2.85905","6.65309","0","0","0","0","0","0","0","0"
"1.51605","0.500044","0.514681","0.0410609","0.539382","0.547662","1.55116","1.72127e-15","3.03063","3.06381","2.87893","6.74758","0","0","0","0","0","0","0","0"
"1.5195","0.500044","0.514681","0.0410606","0.541091","0.551076","1.58429","1.71252e-15","3.03096","3.0656","2.80575","6.70455","0","0","0","0","0","0","0","0"
"1.523","0.500044","0.514681","0.041055","0.541791","0.551232","1.59004","1.71358e-15","3.02785","3.05215","2.74877","6.60126","0","0","0","0","0","0","0","0"
"1.52628","0.500044","0.514674","0.0410442","0.540098","0.547687","1.57648","1.72345e-15","3.01603","3.0678","2.74931","6.62452","0","0","0","0","0","0","0","0"
"1.52967","0.500044","0.514674","0.0410316","0.539301","0.545376","1.56098","1.72313e-15","3.01128","3.06795","2.75085","6.66117","0","0","0","0","0","0","0","0"
"1.53305","0.500044","0.514674","0.0410208","0.537714","0.542746","1.56247","1.71397e-15","3.01328","3.06123","2.70469","6.61824","0","0","0","0","0","0","0","0"
"1.53645","0.500044","0.514674","0.0410082","0.537275","0.543536","1.5485","1.71667e-15","3.00713","3.07414","2.71317","6.60935","0","0","0","0","0","0","0","0"
"1.53992","0.500044","0.514674","0.0410023","0.533015","0.539041","1.53637","1.7187e-15","3.01564","3.10271","2.71388","6.60673","0","0","0","0","0","0","0","0"
"1.5432","0.500044","0.514432","0.0410009","0.534545","0.540301","1.55659","1.71887e-15","2.99772","3.08363","2.69499","6.67971","0","0","0","0","0","0","0","0"
"1.54658","0.500044","0.514432","0.0409998","0.534355","0.538937","1.53442","1.71468e-15","2.98464","3.0718","2.74241","6.61225","0","0","0","0","0","0","0","0"
"1.54998","0.500044","0.514432","0.0409985","0.537819","0.541444","1.58446","1.71727e-15","2.99547","3.03618","2.73264","6.65493","0","0","0","0","0","0","0","0"
"1.55352","0.500044","0.514432","0.0409972","0.53927","0.542127","1.5928","1.72473e-15","3.0234","3.0615","2.69595","6.76057","0","0","0","0","0","0","0","0"
"1.557","0.500044","0.514432","0.0409986","0.541818","0.544558","1.59498","1.71821e-15","3.01217","3.07968","2.67539","6.7239","0","0","0","0","0","0","0","0"
"1.5603","0.500044","0.513552","0.0410016","0.540173","0.544824","1.58784","1.71623e-15","3.01575","3.0807","2.66037","6.60113","0","0","0","0","0","0","0","0"
"1.5637","0.500044","0.513552","0.0410042","0.537985","0.541476","1.57574","1.718e-15","3.01508","3.08721","2.66492","6.59138","0","0","0","0","0","0","0","0"
"1.5681","0.500044","0.513552","0.0410081","0.538346","0.542291","1.54902","1.72475e-15","3.022","3.08725","2.71564","6.55431","0","0","0","0","0","0","0","0"
"1.57238","0.500044","0.513552","0.0410104","0.538452","0.543068","1.54149","1.71367e-15","3.02527","3.10789","2.70979","6.48892","0","0","0","0","0","0","0","0"
"1.57567","0.500044","0.512538","0.0410093","0.53717","0.541081","1.53819","1.71778e-15","3.03632","3.11276","2.71431","6.48229","0","0","0","0","0","0","0","0"
"1.57905","0.500044","0.512538","0.0410081","0.536764","0.541308","1.51318","1.72496e-15","3.04031","3.09826","2.77464","6.55462","0","0","0","0","0","0","0","0"
"1.58243","0.500044","0.512538","0.041007","0.536143","0.539333","1.5083","1.72323e-15","3.03836","3.10275","2.77166","6.53598","0","0","0","0","0","0","0","0"
"1.58582","0.500044","0.512538","0.0410058","0.53655","0.541109","1.49615","1.71628e-15","3.04292","3.09349","2.78258","6.47746","0","0","0","0","0","0","0","0"
"1.5893","0.500044","0.512538","0.0410038","0.537242","0.543262","1.48342","1.71699e-15","3.05259","3.1154","2.81129","6.42126","0","0","0","0","0","0","0","0"
"1.59258","0.500044","0.512548","0.0409993","0.538872","0.544649","1.49536","1.71854e-15","3.06042","3.12025","2.76112","6.4976","0","0","0","0","0","0","0","0"
"1.59597","0.500044","0.512548","0.0409955","0.542428","0.547473","1.52883","1.7136e-15","3.06809","3.14196","2.75958","6.46868","0","0","0","0","0","0","0","0"
"1.59935","0.500044","0.512548","0.040991","0.542341","0.545905","1.54689","1.70998e-15","3.05297","3.12963","2.76324","6.42693","0","0","0","0","0","0","0","0"
"1.60273","0.500044","0.512548","0.0409872","0.54168","0.54485","1.54632","1.7137e-15","3.04386","3.12718","2.73518","6.51902","0","0","0","0","0","0","0","0"
"1.60622","0.500044","0.512548","0.0409859","0.540591","0.543928","1.52804","1.71645e-15","3.06587","3.15891","2.7711","6.58035","0","0","0","0","0","0","0","0"
"1.60952","0.500044","0.512408","0.0409885","0.538488","0.542846","1.50997","1.71385e-15","3.06329","3.14982","2.81007","6.56148","0","0","0","0","0","0","0","0"
"1.6129","0.500044","0.512408","0.0409915","0.537211","0.542116","1.50324","1.71084e-15","3.0638","3.1449","2.81859","6.54715","0","0","0","0","0","0","0","0"
"1.61628","0.500044","0.512408","0.040994","0.537526","0.542719","1.51605","1.71669e-15","3.06498","3.14591","2.79115","6.58284","0","0","0","0","0","0","0","0"
"1.61967","0.500044","0.512408","0.040997","0.536704","0.541834","1.50533","1.71718e-15","3.07769","3.14886","2.79374","6.61236","0","0","0","0","0","0","0","0"
"1.62315","0.500044","0.512408","0.0409983","0.535463","0.541662","1.48954","1.70832e-15","3.06639","3.13031","2.82355","6.55909","0","0","0","0","0","0","0","0"
"1.62643","0.500044","0.512947","0.0409986","0.53578","0.542641","1.48278","1.71544e-15","3.06392","3.13677","2.84794","6.61982","0","0","0","0","0","0","0","0"
"1.62982","0.500044","0.512947","0.0409988","0.534672","0.542111","1.46936","1.71825e-15","3.0541","3.13456","2.87296","6.62583","0","0","0","0","0","0","0","0"
"1.63322","0.500044","0.512947","0.0409991","0.538051","0.545225","1.52893","1.71265e-15","3.07004","3.16426","3.15195","6.56655","0","0","0","0","0","0","0","0"
"1.63662","0.500044","0.512947","0.0409993","0.539178","0.546877","1.55551","1.71812e-15","3.06052","3.16306","3.08643","6.61693","0","0","0","0","0","0","0","0"
"1.64008","0.500044","0.512947","0.0409993","0.538941","0.548724","1.55109","1.71381e-15","3.05376","3.12994","3.08538","6.63771","0","0","0","0","0","0","0","0"
"1.64337","0.500044","0.512511","0.040999","0.538056","0.546089","1.55117","1.71262e-15","3.05531","3.13181","3.04644","6.60546","0","0","0","0","0","0","0","0"
"1.64675","0.500044","0.512511","0.0409988","0.535941","0.544439","1.55038","1.71613e-15","3.05421","3.12278","3.03519","6.66402","0","0","0","0","0","0","0","0"
"1.65143","0.500044","0.512511","0.0409984","0.534037","0.543138","1.57487","1.71145e-15","3.06491","3.12785","2.99421","6.65184","0","0","0","0","0","0","0","0"
"1.6557","0.500044","0.512511","0.0409997","0.535437","0.54453","1.60551","1.70938e-15","3.06572","3.11709","2.96038","6.57748","0","0","0","0","0","0","0","0"
"1.65898","0.500044","0.512415","0.0410044","0.534355","0.543586","1.58985","1.71379e-15","3.06527","3.10405","2.99533","6.66779","0","0","0","0","0","0","0","0"
"1.66237","0.500044","0.512415","0.0410098","0.533462","0.542331","1.58815","1.71062e-15","3.06372","3.11349","2.97465","6.60154","0","0","0","0","0","0","0","0"
"1.66575","0.500044","0.512415","0.0410144","0.536054","0.544841","1.58736","1.71256e-15","3.04877","3.09764","2.96477","6.5812","0","0","0","0","0","0","0","0"
"1.66915","0.500044","0.512415","0.0410198","0.535988","0.545129","1.58859","1.71781e-15","3.06215","3.09379","2.93598","6.66587","0","0","0","0","0","0","0","0"
"1.67263","0.500044","0.512415","0.0410245","0.537853","0.546709","1.57974","1.71525e-15","3.07293","3.08736","2.95368","6.65379","0","0","0","0","0","0","0","0"
"1.67592","0.500044","0.512184","0.0410303","0.538949","0.548325","1.55895","1.71041e-15","3.07037","3.07648","3.011","6.62952","0","0","0","0","0","0","0","0"
"1.6793","0.500044","0.512184","0.0410351","0.536997","0.54656","1.54365","1.7139e-15","3.07123","3.08106","3.04676","6.67794","0","0","0","0","0","0","0","0"
"1.68268","0.500044","0.512184","0.0410408","0.535518","0.544506","1.53453","1.71778e-15","3.07009","3.08467","3.04847","6.76291","0","0","0","0","0","0","0","0"
"1.68607","0.500044","0.512184","0.0410457","0.536118","0.544177","1.56157","1.71491e-15","3.06845","3.08781","3.00794","6.73401","0","0","0","0","0","0","0","0"
"1.68955","0.500044","0.512184","0.0410518","0.535463","0.544021","1.58125","1.71217e-15","3.06594","3.08966","2.97588","6.65338","0","0","0","0","0","0","0","0"
"1.69285","0.500044","0.511724","0.0410575","0.534336","0.543077","1.58216","1.71748e-15","3.06363","3.09093","2.94253","6.67109","0","0","0","0","0","0","0","0"
"1.69623","0.500044","0.511724","0.0410642","0.533006","0.54243","1.56462","1.7148e-15","3.06772","3.09392","2.98146","6.66772","0","0","0","0","0","0","0","0"
"1.69962","0.500044","0.511724","0.0410699","0.532524","0.541903","1.55064","1.71041e-15","3.06229","3.08128","3.00967","6.62565","0","0","0","0","0","0","0","0"
"1.703","0.500044","0.511724","0.0410766","0.531557","0.54126","1.53986","1.71523e-15","3.08043","3.08766","3.03316","6.67142","0","0","0","0","0","0","0","0"
"1.70648","0.500044","0.511724","0.0410823","0.532923","0.543093","1.54006","1.71676e-15","3.10052","3.10858","3.03223","6.63815","0","0","0","0","0","0","0","0"
"1.70977","0.500044","0.511847","0.0410889","0.531084","0.541034","1.54658","1.71272e-15","3.10199","3.10876","2.98058","6.58611","0","0","0","0","0","0","0","0"
"1.71315","0.500044","0.511847","0.0410946","0.533552","0.541994","1.60113","1.71105e-15","3.08022","3.09915","3.03775","6.54699","0","0","0","0","0","0","0","0"
"1.71653","0.500044","0.511847","0.0411012","0.53337","0.542674","1.60217","1.71806e-15","3.0679","3.08634","3.02854","6.61957","0","0","0","0","0","0","0","0"
"1.71993","0.500044","0.511847","0.0411069","0.532841","0.542616","1.58517","1.72224e-15","3.06364","3.08421","3.07475","6.67206","0","0","0","0","0","0","0","0"
"1.72342","0.500044","0.511847","0.0411107","0.531983","0.541466","1.57122","1.71655e-15","3.06151","3.0895","3.09753","6.65315","0","0","0","0","0","0","0","0"
"1.7267","0.500044","0.511106","0.041112","0.53509","0.544496","1.59549","1.71677e-15","3.06531","3.10238","3.05027","6.62922","0","0","0","0","0","0","0","0"
"1.73008","0.500044","0.511106","0.0411136","0.534205","0.542639","1.57601","1.7249e-15","3.06554","3.11242","3.10336","6.71658","0","0","0","0","0","0","0","0"
"1.73477","0.500044","0.511106","0.0411157","0.532534","0.541161","1.5589","1.72237e-15","3.06056","3.09742","3.12797","6.67994","0","0","0","0","0","0","0","0"
"1.73903","0.500044","0.511106","0.0411192","0.53359","0.542025","1.5666","1.72027e-15","3.06455","3.08558","3.1149","6.61285","0","0","0","0","0","0","0","0"
"1.74237","0.500044","0.510587","0.0411257","0.533546","0.542126","1.56944","1.71969e-15","3.05904","3.07302","3.07333","6.65951","0","0","0","0","0","0","0","0"
"1.74572","0.500044","0.510587","0.0411333","0.534363","0.542479","1.55566","1.71337e-15","3.05786","3.07362","3.09845","6.63847","0","0","0","0","0","0","0","0"
"1.74907","0.500044","0.510587","0.0411398","0.534156","0.542386","1.55576","1.71695e-15","3.04484","3.06484","3.07407","6.66161","0","0","0","0","0","0","0","0"
"1.75252","0.500044","0.510587","0.0411474","0.533066","0.542453","1.54267","1.7199e-15","3.05161","3.07284","3.09877","6.7049","0","0","0","0","0","0","0","0"
"1.75602","0.500044","0.510587","0.0411536","0.531481","0.540429","1.53233","1.71669e-15","3.05197","3.07357","3.11722","6.65193","0","0","0","0","0","0","0","0"
"1.75925","0.500044","0.51045","0.0411601","0.531067","0.539418","1.52007","1.71874e-15","3.03961","3.06186","3.13602","6.61347","0","0","0","0","0","0","0","0"
"1.76268","0.500044","0.51045","0.0411656","0.531596","0.539749","1.51673","1.71756e-15","3.03618","3.05686","3.11559","6.59563","0","0","0","0","0","0","0","0"
"1.76603","0.500044","0.51045","0.0411721","0.532727","0.540537","1.51318","1.71618e-15","3.02886","3.04036","3.09576","6.57272","0","0","0","0","0","0","0","0"
"1.76938","0.500044","0.51045","0.0411777","0.533421","0.540795","1.5219","1.72e-15","3.01976","3.05669","3.06099","6.64847","0","0","0","0","0","0","0","0"
"1.77295","0.500044","0.51045","0.041185","0.533425","0.540486","1.52428","1.71511e-15","3.00936","3.05771","3.0381","6.63761","0","0","0","0","0","0","0","0"
"1.77627","0.500044","0.51035","0.0411922","0.534259","0.540679","1.51297","1.71649e-15","3.00789","3.0489","3.05939","6.62683","0","0","0","0","0","0","0","0"
"1.77965","0.500044","0.51035","0.0412005","0.532613","0.539433","1.52014","1.72308e-15","3.01205","3.05313","2.9989","6.66274","0","0","0","0","0","0","0","0"
"1.78303","0.500044","0.51035","0.0412077","0.532239","0.538845","1.51791","1.72072e-15","3.01038","3.06116","2.98732","6.6622","0","0","0","0","0","0","0","0"
"1.78643","0.500044","0.51035","0.0412161","0.530698","0.537443","1.50724","1.71887e-15","3.00327","3.05909","3.00001","6.63433","0","0","0","0","0","0","0","0"
"1.78992","0.500044","0.51035","0.0412215","0.530233","0.536374","1.50232","1.71909e-15","2.99587","3.07128","2.98974","6.66385","0","0","0","0","0","0","0","0"
"1.79315","0.500044","0.510136","0.0412257","0.532945","0.538882","1.51999","1.71689e-15","3.01889","3.07052","2.98008","6.67045","0","0","0","0","0","0","0","0"
"1.7965","0.500044","0.510136","0.0412293","0.534265","0.539655","1.54875","1.71368e-15","3.04622","3.06368","2.977","6.62649","0","0","0","0","0","0","0","0"
"1.80005","0.500044","0.510136","0.0412335","0.535087","0.540159","1.56026","1.71649e-15","3.03921","3.0594","2.99526","6.65433","0","0","0","0","0","0","0","0"
"1.80337","0.500044","0.510136","0.0412371","0.535861","0.540973","1.54863","1.71933e-15","3.02626","3.0537","3.01977","6.7091","0","0","0","0","0","0","0","0"
"1.80702","0.500044","0.510136","0.0412369","0.535589","0.541095","1.539","1.71731e-15","3.02003","3.04587","3.02778","6.70852","0","0","0","0","0","0","0","0"
"1.81028","0.500044","0.509901","0.0412332","0.535968","0.541499","1.54339","1.71203e-15","3.02783","3.03437","2.99179","6.66574","0","0","0","0","0","0","0","0"
"1.81367","0.500044","0.509901","0.0412301","0.537362","0.541775","1.58766","1.71297e-15","3.02453","3.02261","3.01149","6.65122","0","0","0","0","0","0","0","0"
"1.81807","0.500044","0.509901","0.0412259","0.53847","0.543269","1.58491","1.7175e-15","3.01789","3.01142","2.99717","6.71344","0","0","0","0","0","0","0","0"
"1.82237","0.500044","0.509901","0.0412188","0.537322","0.541779","1.57355","1.70931e-15","3.01624","3.00258","3.00636","6.68945","0","0","0","0","0","0","0","0"
"1.82588","0.500044","0.50987","0.0412085","0.536438","0.540848","1.57364","1.70717e-15","3.01781","3.00358","2.99232","6.69809","0","0","0","0","0","0","0","0"
"1.82913","0.500044","0.50987","0.0411965","0.53656","0.541982","1.56863","1.71096e-15","3.03841","3.02505","2.98269","6.73194","0","0","0","0","0","0","0","0"
"1.83252","0.500044","0.50987","0.0411862","0.536719","0.541653","1.57996","1.7122e-15","3.03799","3.02639","2.94935","6.76462","0","0","0","0","0","0","0","0"
"1.83592","0.500044","0.50987","0.0411742","0.539359","0.543548","1.59037","1.70634e-15","3.04158","3.04445","2.92797","6.74727","0","0","0","0","0","0","0","0"
"1.8394","0.500044","0.50987","0.0411682","0.539285","0.543956","1.5841","1.70688e-15","3.04862","3.06051","2.93039","6.73597","0","0","0","0","0","0","0","0"
"1.84268","0.500044","0.510229","0.041171","0.539328","0.544107","1.58225","1.70794e-15","3.04602","3.05799","2.91718","6.75969","0","0","0","0","0","0","0","0"
"1.84602","0.500044","0.510229","0.0411734","0.540109","0.544723","1.60025","1.70539e-15","3.04532","3.06174","2.91162","6.74383","0","0","0","0","0","0","0","0"
"1.8494","0.500044","0.510229","0.0411762","0.541711","0.545708","1.63296","1.70371e-15","3.03687","3.05458","2.92311","6.70695","0","0","0","0","0","0","0","0"
"1.85278","0.500044","0.510229","0.0411787","0.540484","0.544739","1.61861","1.70665e-15","3.03656","3.04725","2.96008","6.70985","0","0","0","0","0","0","0","0"
"1.85627","0.500044","0.510229","0.0411843","0.54024","0.544423","1.61273","1.70886e-15","3.03512","3.0468","2.95407","6.71164","0","0","0","0","0","0","0","0"
"1.8595","0.500044","0.51026","0.0411924","0.542136","0.5463","1.63532","1.70964e-15","3.02926","3.04699","2.99363","6.73508","0","0","0","0","0","0","0","0"
"1.86297","0.500044","0.51026","0.0412019","0.543192","0.546458","1.64884","1.70737e-15","3.02492","3.04203","2.97808","6.67958","0","0","0","0","0","0","0","0"
"1.86632","0.500044","0.51026","0.04121","0.543883","0.546807","1.64017","1.7104e-15","3.02611","3.0408","2.99119","6.71036","0","0","0","0","0","0","0","0"
"1.8698","0.500044","0.51026","0.0412194","0.544238","0.547065","1.63663","1.71601e-15","3.02088","3.03358","2.97481","6.74498","0","0","0","0","0","0","0","0"
"1.8733","0.500044","0.51026","0.0412269","0.545313","0.54815","1.66909","1.71358e-15","3.0286","3.03933","2.97286","6.73059","0","0","0","0","0","0","0","0"
"1.87663","0.500044","0.510403","0.0412349","0.546923","0.549758","1.66642","1.70945e-15","3.02394","3.04339","2.9654","6.69591","0","0","0","0","0","0","0","0"
"1.87993","0.500044","0.510403","0.0412418","0.545321","0.54887","1.65436","1.71139e-15","3.02691","3.04219","2.99187","6.70084","0","0","0","0","0","0","0","0"
"1.88335","0.500044","0.510403","0.0412498","0.54386","0.547189","1.64349","1.71547e-15","3.0332","3.04767","3.00947","6.71681","0","0","0","0","0","0","0","0"
"1.88672","0.500044","0.510403","0.0412567","0.543139","0.547045","1.63061","1.71486e-15","3.03071","3.04249","3.04079","6.71583","0","0","0","0","0","0","0","0"
"1.89038","0.500044","0.510403","0.0412642","0.542581","0.546486","1.6222","1.71101e-15","3.02775","3.03314","3.05282","6.67236","0","0","0","0","0","0","0","0"
"1.8938","0.500044","0.510628","0.0412713","0.544547","0.548559","1.65152","1.71561e-15","3.03182","3.0488","3.03618","6.69852","0","0","0","0","0","0","0","0"
"1.89705","0.500044","0.510628","0.0412774","0.5456","0.549418","1.68273","1.72005e-15","3.02684","3.04122","3.05794","6.74633","0","0","0","0","0","0","0","0"
"1.90122","0.500044","0.510628","0.0412856","0.548404","0.552459","1.67231","1.71974e-15","3.03027","3.03463","3.08138","6.73721","0","0","0","0","0","0","0","0"
"1.9057","0.500044","0.510628","0.0412943","0.547765","0.552189","1.66846","1.71455e-15","3.02834","3.02594","3.06314","6.68536","0","0","0","0","0","0","0","0"
"1.90903","0.500044","0.510779","0.041299","0.547068","0.551476","1.66","1.71738e-15","3.03365","3.04235","3.07423","6.70598","0","0","0","0","0","0","0","0"
"1.91242","0.500044","0.510779","0.0413045","0.546372","0.551118","1.654","1.72159e-15","3.03474","3.04819","3.06903","6.74194","0","0","0","0","0","0","0","0"
"1.9158","0.500044","0.510779","0.0413092","0.545817","0.550576","1.65142","1.72064e-15","3.03584","3.04397","3.05505","6.74504","0","0","0","0","0","0","0","0"
"1.91932","0.500044","0.510779","0.0413147","0.546873","0.551957","1.65297","1.71681e-15","3.02454","3.03414","3.03259","6.7235","0","0","0","0","0","0","0","0"
"1.92267","0.500044","0.510779","0.0413186","0.546512","0.551046","1.65544","1.71597e-15","3.01998","3.0305","3.01297","6.69662","0","0","0","0","0","0","0","0"
"1.92595","0.500044","0.511117","0.0413212","0.547042","0.551656","1.66978","1.71876e-15","3.02696","3.0202","2.99211","6.72991","0","0","0","0","0","0","0","0"
"1.92933","0.500044","0.511117","0.0413234","0.547876","0.552871","1.67958","1.72183e-15","3.01854","3.01409","2.97533","6.72344","0","0","0","0","0","0","0","0"
"1.93272","0.500044","0.511117","0.041326","0.546075","0.550684","1.66419","1.71962e-15","3.01888","3.02141","3.0154","6.70303","0","0","0","0","0","0","0","0"
"1.93612","0.500044","0.511117","0.0413283","0.545686","0.550749","1.65344","1.71612e-15","3.02941","3.03288","3.0396","6.67391","0","0","0","0","0","0","0","0"
"1.93958","0.500044","0.511117","0.0413331","0.545581","0.550515","1.6482","1.71601e-15","3.02973","3.02806","3.03196","6.63546","0","0","0","0","0","0","0","0"
"1.94288","0.500044","0.511561","0.04134","0.544905","0.549759","1.63447","1.72019e-15","3.0264","3.02875","3.0725","6.70539","0","0","0","0","0","0","0","0"
"1.94627","0.500044","0.511561","0.0413479","0.544343","0.548832","1.62094","1.72048e-15","3.02846","3.03474","3.11142","6.70839","0","0","0","0","0","0","0","0"
"1.94965","0.500044","0.511561","0.0413548","0.544521","0.548346","1.62267","1.71723e-15","3.04123","3.04826","3.08788","6.6681","0","0","0","0","0","0","0","0"
"1.95318","0.500044","0.511561","0.0413627","0.544634","0.548239","1.63046","1.71817e-15","3.04143","3.04366","3.05546","6.65289","0","0","0","0","0","0","0","0"
"1.95653","0.500044","0.511561","0.0413689","0.542728","0.54659","1.63002","1.719e-15","3.0485","3.05744","3.0542","6.66903","0","0","0","0","0","0","0","0"
"1.9598","0.500044","0.5116","0.0413753","0.540701","0.544701","1.62062","1.71843e-15","3.05586","3.06037","3.06804","6.69057","0","0","0","0","0","0","0","0"
"1.96318","0.500044","0.5116","0.0413808","0.540096","0.543994","1.62661","1.71532e-15","3.05281","3.05562","3.036","6.67641","0","0","0","0","0","0","0","0"
"1.96658","0.500044","0.5116","0.0413872","0.540204","0.543174","1.62415","1.71276e-15","3.05178","3.05565","3.02449","6.65067","0","0","0","0","0","0","0","0"
"1.96997","0.500044","0.5116","0.0413927","0.541836","0.545888","1.63326","1.7153e-15","3.04352","3.06753","3.04587","6.67558","0","0","0","0","0","0","0","0"
"1.97345","0.500044","0.5116","0.041393","0.54211","0.54663","1.65488","1.71694e-15","3.0488","3.07405","3.04988","6.67298","0","0","0","0","0","0","0","0"
"1.97673","0.500044","0.511251","0.0413894","0.543262","0.548057","1.65772","1.71751e-15","3.04894","3.0745","3.03378","6.68908","0","0","0","0","0","0","0","0"
"1.98012","0.500044","0.511251","0.0413851","0.543093","0.54862","1.64648","1.71404e-15","3.05741","3.08388","3.06126","6.67636","0","0","0","0","0","0","0","0"
"1.98455","0.500044","0.511251","0.0413802","0.544387","0.549752","1.66059","1.71179e-15","3.06621","3.08339","3.04604","6.63966","0","0","0","0","0","0","0","0"
"1.98903","0.500044","0.511251","0.041375","0.542685","0.548796","1.6467","1.71516e-15","3.0628","3.07478","3.07232","6.6565","0","0","0","0","0","0","0","0"
"1.9924","0.500044","0.51055","0.0413722","0.541899","0.547742","1.64308","1.71684e-15","3.06145","3.07296","3.0652","6.69262","0","0","0","0","0","0","0","0"
"1.99578","0.500044","0.51055","0.0413688","0.542217","0.548361","1.63554","1.7173e-15","3.06678","3.07591","3.07455","6.72112","0","0","0","0","0","0","0","0"
"1.99917","0.500044","0.51055","0.041366","0.541087","0.547489","1.62919","1.71471e-15","3.06624","3.07472","3.084","6.71575","0","0","0","0","0","0","0","0"
"2.00255","0.500044","0.51055","0.0413627","0.54124","0.54783","1.63955","1.71211e-15","3.05512","3.06872","3.049","6.69053","0","0","0","0","0","0","0","0"
"2.00603","0.500044","0.51055","0.0413612","0.54022","0.547321","1.63449","1.71372e-15","3.05558","3.06816","3.04796","6.67337","0","0","0","0","0","0","0","0"
"2.00933","0.500044","0.510901","0.0413627","0.540411","0.547747","1.62956","1.71761e-15","3.04482","3.06465","3.04143","6.70925","0","0","0","0","0","0","0","0"
"2.01272","0.500044","0.510901","0.041364","0.541737","0.549272","1.63534","1.7194e-15","3.04795","3.0662","3.02035","6.72948","0","0","0","0","0","0","0","0"
"2.01608","0.500044","0.510901","0.0413655","0.541378","0.549383","1.62432","1.71783e-15","3.04142","3.06811","3.04535","6.69733","0","0","0","0","0","0","0","0"
"2.01948","0.500044","0.510901","0.0413668","0.541639","0.549515","1.61167","1.7158e-15","3.04356","3.06697","3.08416","6.6761","0","0","0","0","0","0","0","0"
"2.02297","0.500044","0.510901","0.041367","0.541313","0.54919","1.60902","1.71401e-15","3.03609","3.07056","3.08395","6.67241","0","0","0","0","0","0","0","0"
"2.02625","0.500044","0.511046","0.0413657","0.541204","0.548753","1.60657","1.71688e-15","3.03237","3.06489","3.07103","6.70465","0","0","0","0","0","0","0","0"
"2.02963","0.500044","0.511046","0.0413643","0.541715","0.54927","1.60164","1.71763e-15","3.02125","3.05894","3.06631","6.74428","0","0","0","0","0","0","0","0"
"2.03302","0.500044","0.511046","0.041363","0.542332","0.549359","1.60343","1.71449e-15","3.03524","3.05843","3.04707","6.73473","0","0","0","0","0","0","0","0"
"2.0364","0.500044","0.511046","0.0413615","0.542998","0.5499","1.60197","1.71252e-15","3.02731","3.05328","3.03412","6.73326","0","0","0","0","0","0","0","0"
"2.03988","0.500044","0.511046","0.0413582","0.542824","0.550011","1.59123","1.71279e-15","3.02191","3.05031","3.06364","6.73429","0","0","0","0","0","0","0","0"
"2.04318","0.500044","0.511191","0.041352","0.544226","0.551427","1.58653","1.71474e-15","3.03304","3.05382","3.06187","6.76581","0","0","0","0","0","0","0","0"
"2.04657","0.500044","0.511191","0.0413467","0.543994","0.551392","1.58517","1.71163e-15","3.02899","3.05422","3.05356","6.75892","0","0","0","0","0","0","0","0"
"2.04998","0.500044","0.511191","0.0413405","0.543889","0.551045","1.57933","1.71125e-15","3.03942","3.05595","3.05634","6.74035","0","0","0","0","0","0","0","0"
"2.05333","0.500044","0.511191","0.0413352","0.544782","0.552051","1.58394","1.71396e-15","3.0405","3.06178","3.03272","6.76375","0","0","0","0","0","0","0","0"
"2.05682","0.500044","0.511191","0.0413262","0.544616","0.552664","1.57932","1.71439e-15","3.03881","3.0668","3.03415","6.77111","0","0","0","0","0","0","0","0"
"2.0601","0.500044","0.51152","0.0413167","0.54351","0.551386","1.57303","1.71437e-15","3.0366","3.06428","3.04254","6.78471","0","0","0","0","0","0","0","0"
"2.0635","0.500044","0.51152","0.0413057","0.543581","0.551839","1.56503","1.71189e-15","3.02882","3.05885","3.05737","6.76066","0","0","0","0","0","0","0","0"
"2.06792","0.500044","0.51152","0.0412931","0.542175","0.550635","1.55212","1.71006e-15","3.03087","3.06294","3.09106","6.72482","0","0","0","0","0","0","0","0"
"2.07237","0.500044","0.51152","0.0412815","0.54093","0.549758","1.54754","1.71322e-15","3.03041","3.06885","3.08632","6.72113","0","0","0","0","0","0","0","0"
"2.07572","0.500044","0.511975","0.0412797","0.542529","0.550495","1.5668","1.71424e-15","3.03371","3.063","3.05462","6.71779","0","0","0","0","0","0","0","0"
"2.07912","0.500044","0.511975","0.0412778","0.543145","0.55025","1.57278","1.71328e-15","3.03671","3.06379","3.05577","6.70743","0","0","0","0","0","0","0","0"
"2.0825","0.500044","0.511975","0.041276","0.543092","0.550242","1.56484","1.71178e-15","3.03658","3.06396","3.07298","6.68279","0","0","0","0","0","0","0","0"
"2.08598","0.500044","0.511975","0.041274","0.542998","0.550104","1.55815","1.71185e-15","3.04424","3.0703","3.08132","6.67136","0","0","0","0","0","0","0","0"
"2.0895","0.500044","0.511975","0.041272","0.543197","0.549887","1.56062","1.71387e-15","3.04271","3.07132","3.05863","6.69935","0","0","0","0","0","0","0","0"
"2.09275","0.500044","0.512094","0.0412687","0.543394","0.550244","1.55628","1.71266e-15","3.03929","3.07246","3.05733","6.71538","0","0","0","0","0","0","0","0"
"2.09613","0.500044","0.512094","0.0412659","0.54405","0.550573","1.5595","1.70983e-15","3.03274","3.06682","3.03459","6.69652","0","0","0","0","0","0","0","0"
"2.09952","0.500044","0.512094","0.0412627","0.54527","0.551031","1.57989","1.7075e-15","3.05451","3.07121","3.04211","6.67693","0","0","0","0","0","0","0","0"
"2.1029","0.500044","0.512094","0.0412599","0.545459","0.551219","1.57656","1.7104e-15","3.05062","3.06329","3.04243","6.69094","0","0","0","0","0","0","0","0"
"2.1064","0.500044","0.512094","0.041255","0.544657","0.549947","1.58192","1.71037e-15","3.05131","3.06339","3.01977","6.72609","0","0","0","0","0","0","0","0"
"2.10967","0.500044","0.511968","0.041249","0.544696","0.550014","1.58464","1.71024e-15","3.04699","3.05738","3.00512","6.73672","0","0","0","0","0","0","0","0"
"2.11305","0.500044","0.511968","0.0412419","0.544305","0.549621","1.5805","1.7072e-15","3.04783","3.05928","3.00651","6.71361","0","0","0","0","0","0","0","0"
"2.11645","0.500044","0.511968","0.0412359","0.544161","0.549585","1.57325","1.70753e-15","3.04176","3.05481","3.01917","6.70583","0","0","0","0","0","0","0","0"
"2.11983","0.500044","0.511968","0.0412288","0.545704","0.551107","1.57857","1.71101e-15","3.04561","3.05222","2.98801","6.72483","0","0","0","0","0","0","0","0"
"2.12335","0.500044","0.511968","0.0412264","0.545553","0.551437","1.57885","1.70864e-15","3.05069","3.06388","2.97999","6.7033","0","0","0","0","0","0","0","0"
"2.12663","0.500044","0.512058","0.0412278","0.545833","0.55151","1.57241","1.70709e-15","3.0502","3.06282","2.98969","6.69444","0","0","0","0","0","0","0","0"
"2.13017","0.500044","0.512058","0.041229","0.546142","0.551073","1.56905","1.71019e-15","3.04954","3.06208","2.98666","6.70956","0","0","0","0","0","0","0","0"
"2.13342","0.500044","0.512058","0.0412303","0.546052","0.551095","1.56464","1.70856e-15","3.04392","3.06217","2.98669","6.7242","0","0","0","0","0","0","0","0"
"2.13678","0.500044","0.512058","0.0412315","0.545271","0.550213","1.55547","1.70662e-15","3.04722","3.06187","3.01123","6.69479","0","0","0","0","0","0","0","0"
"2.14028","0.500044","0.512058","0.0412371","0.546831","0.551544","1.56251","1.707e-15","3.05024","3.06176","3.02508","6.68586","0","0","0","0","0","0","0","0"
"2.14355","0.500044","0.512141","0.0412445","0.54644","0.551573","1.55717","1.70762e-15","3.05817","3.06152","3.02919","6.67188","0","0","0","0","0","0","0","0"
"2.14695","0.500044","0.512141","0.0412531","0.546522","0.551647","1.56051","1.705e-15","3.06195","3.05919","3.01672","6.65635","0","0","0","0","0","0","0","0"
"2.15137","0.500044","0.512141","0.041263","0.546512","0.551765","1.55984","1.70178e-15","3.05341","3.04704","3.01467","6.64879","0","0","0","0","0","0","0","0"
"2.1557","0.500044","0.512141","0.0412748","0.545848","0.551205","1.54855","1.7057e-15","3.05635","3.04401","3.03945","6.68253","0","0","0","0","0","0","0","0"
"2.15892","0.500044","0.512413","0.041284","0.546038","0.551212","1.56409","1.70352e-15","3.06149","3.04655","3.01533","6.68257","0","0","0","0","0","0","0","0"
"2.1623","0.500044","0.512413","0.0412933","0.546944","0.552026","1.573","1.70021e-15","3.05692","3.04266","3.00172","6.66142","0","0","0","0","0","0","0","0"
"2.1657","0.500044","0.512413","0.0413041","0.550328","0.554725","1.5884","1.70054e-15","3.07134","3.03671","2.98867","6.65245","0","0","0","0","0","0","0","0"
"2.16907","0.500044","0.512413","0.0413134","0.549919","0.554399","1.58441","1.70323e-15","3.072","3.03927","2.98716","6.6714","0","0","0","0","0","0","0","0"
"2.17258","0.500044","0.512413","0.0413226","0.549117","0.553503","1.59018","1.70499e-15","3.07618","3.0369","2.96481","6.69671","0","0","0","0","0","0","0","0"
"2.17585","0.500044","0.512614","0.0413269","0.550373","0.554601","1.60606","1.70464e-15","3.08605","3.05592","2.95243","6.67559","0","0","0","0","0","0","0","0"
"2.17923","0.500044","0.512614","0.0413319","0.550466","0.555182","1.60567","1.70274e-15","3.0843","3.04914","2.93778","6.63812","0","0","0","0","0","0","0","0"
"2.18262","0.500044","0.512614","0.0413362","0.551257","0.555807","1.60407","1.7049e-15","3.07969","3.05246","2.935","6.62494","0","0","0","0","0","0","0","0"
"2.186","0.500044","0.512614","0.0413412","0.550634","0.55545","1.59996","1.70959e-15","3.08734","3.05557","2.94748","6.65003","0","0","0","0","0","0","0","0"
"2.18952","0.500044","0.512614","0.0413451","0.550448","0.554986","1.59333","1.71043e-15","3.09031","3.05616","2.95759","6.65625","0","0","0","0","0","0","0","0"
"2.19282","0.500044","0.512915","0.0413487","0.550681","0.554998","1.5965","1.70829e-15","3.096","3.05716","2.93852","6.65278","0","0","0","0","0","0","0","0"
"2.1962","0.500044","0.512915","0.0413523","0.549539","0.553423","1.59663","1.70547e-15","3.09543","3.06186","2.91791","6.62933","0","0","0","0","0","0","0","0"
"2.19958","0.500044","0.512915","0.0413554","0.549304","0.552989","1.59529","1.70357e-15","3.09511","3.06251","2.90707","6.61043","0","0","0","0","0","0","0","0"
"2.20297","0.500044","0.512915","0.041359","0.549294","0.552918","1.59415","1.70545e-15","3.0965","3.05974","2.90646","6.63317","0","0","0","0","0","0","0","0"
"2.20645","0.500044","0.512915","0.0413628","0.550041","0.553702","1.61515","1.70455e-15","3.09458","3.06014","2.91247","6.61253","0","0","0","0","0","0","0","0"
"2.20975","0.500044","0.513338","0.041368","0.549596","0.553354","1.61494","1.70425e-15","3.09145","3.05409","2.90344","6.62933","0","0","0","0","0","0","0","0"
"2.21313","0.500044","0.513338","0.0413724","0.549493","0.552886","1.60874","1.70232e-15","3.10578","3.05655","2.91865","6.60043","0","0","0","0","0","0","0","0"
"2.21653","0.500044","0.513338","0.0413776","0.549464","0.552669","1.61799","1.70235e-15","3.10437","3.05035","2.89191","6.58237","0","0","0","0","0","0","0","0"
"2.21992","0.500044","0.513338","0.041382","0.550645","0.553902","1.63403","1.70541e-15","3.10052","3.04544","2.89608","6.62627","0","0","0","0","0","0","0","0"
"2.23565","0.500044","0.513338","0.0414105","0.551088","0.554363","1.64209","1.70213e-15","3.08095","3.06853","2.87115","6.64329","0","0","0","0","0","0","0","0"
"2.23923","0.500044","0.513295","0.0414228","0.551653","0.555617","1.65309","1.69976e-15","3.09357","3.06636","2.85991","6.61674","0","0","0","0","0","0","0","0"
"2.24253","0.500044","0.513209","0.041429","0.551103","0.555236","1.64287","1.70217e-15","3.09456","3.06467","2.88928","6.64308","0","0","0","0","0","0","0","0"
"2.2459","0.500044","0.513209","0.0414363","0.550959","0.555486","1.63336","1.70416e-15","3.09369","3.08136","2.9122","6.67308","0","0","0","0","0","0","0","0"
"2.24932","0.500044","0.513209","0.0414426","0.550961","0.555446","1.6305","1.70616e-15","3.08931","3.07773","2.90861","6.70678","0","0","0","0","0","0","0","0"
"2.25267","0.500044","0.513209","0.0414498","0.551423","0.556184","1.63044","1.70488e-15","3.09528","3.09109","2.89568","6.72066","0","0","0","0","0","0","0","0"
"2.25618","0.500044","0.513209","0.0414567","0.551183","0.555778","1.63002","1.70212e-15","3.09264","3.08736","2.88411","6.70771","0","0","0","0","0","0","0","0"
"2.25945","0.500044","0.513438","0.041466","0.550821","0.555724","1.62422","1.70095e-15","3.08847","3.0761","2.89217","6.68632","0","0","0","0","0","0","0","0"
"2.26285","0.500044","0.513438","0.041474","0.551205","0.556205","1.638","1.70449e-15","3.08604","3.073","2.87687","6.70006","0","0","0","0","0","0","0","0"
"2.26622","0.500044","0.513438","0.0414833","0.552273","0.557606","1.6522","1.70757e-15","3.08044","3.06729","2.85738","6.7246","0","0","0","0","0","0","0","0"
"2.26962","0.500044","0.513438","0.0414913","0.552575","0.557688","1.65543","1.71071e-15","3.07729","3.0613","2.84797","6.76307","0","0","0","0","0","0","0","0"
"2.27308","0.500044","0.513438","0.0414993","0.552603","0.558395","1.6564","1.70964e-15","3.08648","3.06195","2.83606","6.76889","0","0","0","0","0","0","0","0"
"2.27638","0.500044","0.513763","0.0415048","0.552397","0.558162","1.6491","1.70758e-15","3.09765","3.0711","2.85392","6.75518","0","0","0","0","0","0","0","0"
"2.27975","0.500044","0.513763","0.0415111","0.551836","0.557782","1.64129","1.7046e-15","3.0945","3.06526","2.87019","6.73038","0","0","0","0","0","0","0","0"
"2.2832","0.500044","0.513763","0.0415166","0.552639","0.558937","1.63791","1.70586e-15","3.09152","3.06799","2.87005","6.72898","0","0","0","0","0","0","0","0"
"2.28653","0.500044","0.513763","0.0415229","0.552372","0.558569","1.63001","1.70801e-15","3.0871","3.06559","2.88469","6.73649","0","0","0","0","0","0","0","0"
"2.29003","0.500044","0.513763","0.0415272","0.551993","0.55845","1.62404","1.70874e-15","3.09045","3.06614","2.89298","6.73853","0","0","0","0","0","0","0","0"
"2.2933","0.500044","0.514135","0.0415308","0.551605","0.558345","1.62097","1.70709e-15","3.08721","3.06045","2.88728","6.72519","0","0","0","0","0","0","0","0"
"2.29672","0.500044","0.514135","0.0415338","0.551428","0.557982","1.61342","1.70486e-15","3.09282","3.06137","2.90558","6.70574","0","0","0","0","0","0","0","0"
"2.30027","0.500044","0.514135","0.0415374","0.550891","0.557693","1.60895","1.70526e-15","3.09463","3.06245","2.90513","6.69852","0","0","0","0","0","0","0","0"
"2.30348","0.500044","0.514135","0.0415405","0.550955","0.557713","1.60542","1.70805e-15","3.09293","3.05525","2.90883","6.71293","0","0","0","0","0","0","0","0"
"2.30695","0.500044","0.514135","0.041544","0.551884","0.558936","1.60603","1.70765e-15","3.09548","3.04875","2.90162","6.72317","0","0","0","0","0","0","0","0"
"2.31025","0.500044","0.514532","0.0415471","0.551741","0.559362","1.6095","1.70884e-15","3.09934","3.04847","2.88503","6.73638","0","0","0","0","0","0","0","0"
"2.31363","0.500044","0.514532","0.0415507","0.550879","0.558329","1.61547","1.70482e-15","3.1046","3.05428","2.85905","6.71856","0","0","0","0","0","0","0","0"
"2.31807","0.500044","0.514532","0.0415548","0.550628","0.558424","1.61523","1.70262e-15","3.10683","3.05561","2.847","6.68661","0","0","0","0","0","0","0","0"
"2.32235","0.500044","0.514532","0.0415601","0.550933","0.558857","1.61734","1.70269e-15","3.11021","3.05987","2.82744","6.66419","0","0","0","0","0","0","0","0"
"2.32565","0.500044","0.514769","0.0415652","0.549858","0.557521","1.61623","1.70309e-15","3.11179","3.06568","2.81644","6.68139","0","0","0","0","0","0","0","0"
"2.329","0.500044","0.514769","0.0415703","0.549523","0.557321","1.61978","1.70321e-15","3.11193","3.06321","2.80055","6.68942","0","0","0","0","0","0","0","0"
"2.33235","0.500044","0.514769","0.0415763","0.549382","0.557175","1.6117","1.6995e-15","3.10989","3.06187","2.82292","6.67527","0","0","0","0","0","0","0","0"
"2.33577","0.500044","0.514769","0.0415814","0.549811","0.557237","1.60847","1.69833e-15","3.11333","3.06037","2.82454","6.65288","0","0","0","0","0","0","0","0"
"2.33923","0.500044","0.514769","0.0415844","0.549077","0.556566","1.60735","1.69878e-15","3.12048","3.06372","2.81356","6.64738","0","0","0","0","0","0","0","0"
"2.34255","0.500044","0.514922","0.0415807","0.548362","0.556016","1.60712","1.70021e-15","3.11857","3.06444","2.80661","6.65921","0","0","0","0","0","0","0","0"
"2.3459","0.500044","0.514922","0.0415764","0.54767","0.555119","1.61612","1.70113e-15","3.11909","3.06976","2.7984","6.67565","0","0","0","0","0","0","0","0"
"2.3493","0.500044","0.514922","0.0415728","0.548652","0.555775","1.62163","1.69992e-15","3.11325","3.06104","2.79424","6.67851","0","0","0","0","0","0","0","0"
"2.35268","0.500044","0.514922","0.0415685","0.54809","0.554968","1.6157","1.69667e-15","3.13353","3.09749","2.80236","6.66504","0","0","0","0","0","0","0","0"
"2.35618","0.500044","0.514922","0.0415634","0.547674","0.554445","1.6168","1.69703e-15","3.13416","3.09394","2.78866","6.67017","0","0","0","0","0","0","0","0"
"2.35945","0.500044","0.514795","0.0415542","0.547314","0.553917","1.6117","1.69803e-15","3.12924","3.09591","2.79248","6.68091","0","0","0","0","0","0","0","0"
"2.36287","0.500044","0.514795","0.0415463","0.546288","0.552879","1.60736","1.69977e-15","3.12872","3.09635","2.79925","6.70269","0","0","0","0","0","0","0","0"
"2.36622","0.500044","0.514795","0.0415372","0.545989","0.55275","1.60163","1.6981e-15","3.12278","3.09535","2.8073","6.68511","0","0","0","0","0","0","0","0"
"2.3696","0.500044","0.514795","0.0415293","0.54571","0.553095","1.59817","1.69773e-15","3.12145","3.09158","2.80703","6.65611","0","0","0","0","0","0","0","0"
"2.37308","0.500044","0.514795","0.0415242","0.547038","0.554228","1.59673","1.69775e-15","3.12797","3.08812","2.80278","6.6509","0","0","0","0","0","0","0","0"
"2.37637","0.500044","0.514445","0.0415246","0.547244","0.553821","1.59346","1.6991e-15","3.11944","3.08514","2.8021","6.67173","0","0","0","0","0","0","0","0"
"2.37975","0.500044","0.514445","0.041525","0.547202","0.553866","1.58657","1.69741e-15","3.1213","3.07976","2.81531","6.6719","0","0","0","0","0","0","0","0"
"2.38317","0.500044","0.514445","0.0415253","0.547794","0.554669","1.58237","1.69487e-15","3.11969","3.07844","2.82013","6.65842","0","0","0","0","0","0","0","0"
"2.38653","0.500044","0.514445","0.0415257","0.546227","0.553155","1.57541","1.69459e-15","3.12762","3.08383","2.83211","6.64104","0","0","0","0","0","0","0","0"
"2.39003","0.500044","0.514445","0.0415274","0.546725","0.553848","1.57152","1.6939e-15","3.15627","3.10657","2.83505","6.62865","0","0","0","0","0","0","0","0"
"2.3933","0.500044","0.514144","0.041531","0.54595","0.55315","1.56301","1.69606e-15","3.15507","3.10529","2.85647","6.6306","0","0","0","0","0","0","0","0"
"2.3967","0.500044","0.514144","0.041534","0.545786","0.552845","1.56357","1.69769e-15","3.15739","3.10581","2.85562","6.64858","0","0","0","0","0","0","0","0"
"2.4014","0.500044","0.514144","0.0415385","0.548032","0.554394","1.58665","1.69753e-15","3.1679","3.11401","2.93678","6.67384","0","0","0","0","0","0","0","0"
"2.4057","0.500044","0.514144","0.0415402","0.547162","0.553749","1.57894","1.69361e-15","3.16426","3.10989","2.94773","6.64716","0","0","0","0","0","0","0","0"
"2.40892","0.500044","0.514273","0.0415345","0.546581","0.55325","1.58057","1.69222e-15","3.16759","3.12581","2.93691","6.64129","0","0","0","0","0","0","0","0"
"2.41233","0.500044","0.514273","0.0415288","0.546445","0.553096","1.57828","1.69431e-15","3.17158","3.12783","2.93649","6.65001","0","0","0","0","0","0","0","0"
"2.4157","0.500044","0.514273","0.0415222","0.545736","0.552441","1.57102","1.69673e-15","3.16965","3.12512","2.95346","6.66103","0","0","0","0","0","0","0","0"
"2.4192","0.500044","0.514273","0.0415165","0.545395","0.552387","1.5646","1.69848e-15","3.16466","3.11735","2.9687","6.66966","0","0","0","0","0","0","0","0"
"2.42257","0.500044","0.514273","0.0415064","0.545728","0.552255","1.57265","1.6984e-15","3.16052","3.11321","2.97734","6.67859","0","0","0","0","0","0","0","0"
"2.42588","0.500044","0.514312","0.0414902","0.546005","0.55287","1.57799","1.69738e-15","3.16133","3.12315","2.96191","6.68787","0","0","0","0","0","0","0","0"
"2.42923","0.500044","0.514312","0.0414713","0.54654","0.552889","1.57242","1.6944e-15","3.17678","3.12303","2.97793","6.67221","0","0","0","0","0","0","0","0"
"2.43265","0.500044","0.514312","0.0414551","0.546137","0.552928","1.56635","1.69425e-15","3.17076","3.11793","2.99131","6.65377","0","0","0","0","0","0","0","0"
"2.436","0.500044","0.514312","0.0414362","0.545869","0.552897","1.56312","1.69594e-15","3.17619","3.1219","2.98842","6.65487","0","0","0","0","0","0","0","0"
"2.43952","0.500044","0.514312","0.0414225","0.546124","0.553321","1.56852","1.6977e-15","3.17111","3.1263","2.98766","6.66138","0","0","0","0","0","0","0","0"
"2.44278","0.500044","0.514237","0.0414125","0.546486","0.553435","1.56677","1.69755e-15","3.16898","3.12022","2.98163","6.6715","0","0","0","0","0","0","0","0"
"2.44618","0.500044","0.514237","0.0414039","0.546048","0.552742","1.56688","1.69677e-15","3.16958","3.12564","2.97641","6.65717","0","0","0","0","0","0","0","0"
"2.44953","0.500044","0.514237","0.0413938","0.54633","0.552959","1.5669","1.69374e-15","3.17089","3.12961","2.97114","6.641","0","0","0","0","0","0","0","0"
"2.45293","0.500044","0.514237","0.0413852","0.545587","0.552344","1.55983","1.69285e-15","3.17061","3.12751","2.99017","6.62969","0","0","0","0","0","0","0","0"
"2.45642","0.500044","0.514237","0.0413784","0.545905","0.552528","1.55528","1.69377e-15","3.16716","3.12678","2.99442","6.62572","0","0","0","0","0","0","0","0"
"2.4597","0.500044","0.514299","0.0413763","0.545591","0.552406","1.54817","1.69679e-15","3.16202","3.12433","3.01487","6.63203","0","0","0","0","0","0","0","0"
"2.46308","0.500044","0.514299","0.0413739","0.545322","0.551764","1.54281","1.69782e-15","3.16089","3.12578","3.02341","6.64894","0","0","0","0","0","0","0","0"
"2.4665","0.500044","0.514299","0.0413718","0.544323","0.550916","1.53829","1.69777e-15","3.1651","3.1308","3.03117","6.65049","0","0","0","0","0","0","0","0"
"2.46987","0.500044","0.514299","0.0413693","0.543962","0.550587","1.53643","1.69523e-15","3.16307","3.12351","3.02682","6.63566","0","0","0","0","0","0","0","0"
"2.47337","0.500044","0.514299","0.0413698","0.543742","0.550407","1.5388","1.69331e-15","3.15965","3.11659","3.02589","6.62091","0","0","0","0","0","0","0","0"
"2.47663","0.500044","0.514389","0.0413734","0.544433","0.551182","1.54017","1.69374e-15","3.15477","3.11792","3.01574","6.63639","0","0","0","0","0","0","0","0"
"2.48003","0.500044","0.514389","0.0413765","0.543976","0.550862","1.54193","1.69607e-15","3.15635","3.11691","2.9991","6.64221","0","0","0","0","0","0","0","0"
"2.4847","0.500044","0.514389","0.0413812","0.544246","0.551044","1.55623","1.69895e-15","3.14957","3.11713","3.00353","6.67334","0","0","0","0","0","0","0","0"
"2.48903","0.500044","0.514389","0.0413852","0.544477","0.5511","1.54882","1.69886e-15","3.14746","3.11814","3.01644","6.70193","0","0","0","0","0","0","0","0"
"2.49225","0.500044","0.514198","0.0413865","0.543658","0.550222","1.54869","1.69634e-15","3.14709","3.11976","3.00263","6.68406","0","0","0","0","0","0","0","0"
"2.49567","0.500044","0.514198","0.0413878","0.543945","0.550375","1.54666","1.69486e-15","3.13883","3.11449","2.9992","6.66095","0","0","0","0","0","0","0","0"
"2.49903","0.500044","0.514198","0.0413893","0.54511","0.550826","1.55177","1.69488e-15","3.14117","3.10926","2.98689","6.64029","0","0","0","0","0","0","0","0"
"2.50242","0.500044","0.514198","0.0413906","0.544733","0.550152","1.5538","1.6968e-15","3.13917","3.10836","2.98095","6.64681","0","0","0","0","0","0","0","0"
"2.5059","0.500044","0.514198","0.04139","0.54468","0.550055","1.56207","1.69784e-15","3.14112","3.10525","2.97025","6.65995","0","0","0","0","0","0","0","0"
"2.50918","0.500044","0.514058","0.041385","0.544747","0.550033","1.56233","1.69589e-15","3.14217","3.10865","2.95867","6.6461","0","0","0","0","0","0","0","0"
"2.51257","0.500044","0.514058","0.0413791","0.544648","0.549855","1.5766","1.69408e-15","3.14093","3.10992","2.95195","6.62585","0","0","0","0","0","0","0","0"
"2.51597","0.500044","0.514058","0.041374","0.544423","0.54979","1.572","1.6955e-15","3.14055","3.10488","2.95923","6.6393","0","0","0","0","0","0","0","0"
"2.51933","0.500044","0.514058","0.0413681","0.544264","0.549779","1.56686","1.69789e-15","3.13824","3.1002","2.96977","6.66726","0","0","0","0","0","0","0","0"
"2.52285","0.500044","0.514058","0.0413646","0.544025","0.549547","1.56389","1.6982e-15","3.13982","3.0988","2.97245","6.66049","0","0","0","0","0","0","0","0"
"2.52612","0.500044","0.514027","0.0413642","0.544483","0.549888","1.55834","1.69533e-15","3.13884","3.09774","2.98313","6.64397","0","0","0","0","0","0","0","0"
"2.52948","0.500044","0.514027","0.0413637","0.543979","0.54963","1.55461","1.69589e-15","3.14177","3.09658","2.98509","6.63575","0","0","0","0","0","0","0","0"
"2.53288","0.500044","0.514027","0.0413633","0.54338","0.548909","1.54985","1.69786e-15","3.14008","3.09148","2.99034","6.6707","0","0","0","0","0","0","0","0"
"2.53627","0.500044","0.514027","0.0413629","0.542287","0.547971","1.54411","1.69815e-15","3.14319","3.09315","3.00354","6.67962","0","0","0","0","0","0","0","0"
"2.53975","0.500044","0.514027","0.0413632","0.542628","0.548392","1.5402","1.69586e-15","3.13891","3.08666","3.00716","6.67614","0","0","0","0","0","0","0","0"
"2.54303","0.500044","0.513945","0.0413644","0.543514","0.548855","1.54017","1.69494e-15","3.14328","3.07887","2.99617","6.66522","0","0","0","0","0","0","0","0"
"2.54642","0.500044","0.513945","0.0413657","0.543698","0.549305","1.53609","1.69729e-15","3.14923","3.0866","3.00343","6.67673","0","0","0","0","0","0","0","0"
"2.5498","0.500044","0.513945","0.0413669","0.543395","0.548961","1.53672","1.69967e-15","3.14837","3.08567","2.99064","6.69228","0","0","0","0","0","0","0","0"
"2.55318","0.500044","0.513945","0.0413682","0.543427","0.549003","1.53226","1.70146e-15","3.14473","3.08135","2.99666","6.7178","0","0","0","0","0","0","0","0"
"2.55668","0.500044","0.513945","0.0413691","0.542907","0.548631","1.52534","1.70095e-15","3.14315","3.07982","3.0178","6.72924","0","0","0","0","0","0","0","0"
"2.55995","0.500044","0.513862","0.0413699","0.542445","0.548286","1.52563","1.69857e-15","3.13978","3.07962","3.01769","6.71806","0","0","0","0","0","0","0","0"
"2.56333","0.500044","0.513862","0.0413705","0.542175","0.54796","1.52274","1.69658e-15","3.13713","3.08207","3.01744","6.70437","0","0","0","0","0","0","0","0"
"2.56803","0.500044","0.513862","0.0413715","0.543423","0.548486","1.52728","1.69716e-15","3.13152","3.07778","3.00827","6.71507","0","0","0","0","0","0","0","0"
"2.57237","0.500044","0.513862","0.0413707","0.542775","0.548435","1.52754","1.69961e-15","3.13071","3.07681","2.99735","6.72356","0","0","0","0","0","0","0","0"
"2.57558","0.500044","0.513825","0.0413661","0.542535","0.547888","1.52786","1.69808e-15","3.12771","3.07883","2.9874","6.71187","0","0","0","0","0","0","0","0"
"2.57897","0.500044","0.513825","0.0413616","0.542684","0.548038","1.52317","1.6967e-15","3.12606","3.07958","2.99702","6.69255","0","0","0","0","0","0","0","0"
"2.58237","0.500044","0.513825","0.0413563","0.542604","0.548085","1.5256","1.6974e-15","3.12628","3.08076","2.97843","6.70561","0","0","0","0","0","0","0","0"
"2.58573","0.500044","0.513825","0.0413517","0.54248","0.548092","1.53379","1.69976e-15","3.12377","3.08081","2.95625","6.71978","0","0","0","0","0","0","0","0"
"2.58922","0.500044","0.513825","0.0413445","0.541947","0.5477","1.53266","1.6996e-15","3.1241","3.08146","2.94902","6.73748","0","0","0","0","0","0","0","0"
"2.59252","0.500044","0.513777","0.0413344","0.542328","0.548032","1.53182","1.6984e-15","3.11864","3.0759","2.94782","6.73313","0","0","0","0","0","0","0","0"
"2.5959","0.500044","0.513777","0.0413226","0.54353","0.549079","1.53831","1.69611e-15","3.12397","3.09777","2.94656","6.72058","0","0","0","0","0","0","0","0"
"2.59928","0.500044","0.513777","0.0413124","0.543476","0.549001","1.54416","1.69433e-15","3.12354","3.0967","2.93393","6.70715","0","0","0","0","0","0","0","0"
"2.60267","0.500044","0.513777","0.0413006","0.544602","0.550023","1.55","1.69538e-15","3.11883","3.0949","2.91735","6.69324","0","0","0","0","0","0","0","0"
"2.60617","0.500044","0.513777","0.0412899","0.544417","0.549796","1.5517","1.69628e-15","3.11915","3.10755","2.90737","6.68132","0","0","0","0","0","0","0","0"
"2.60945","0.500044","0.513724","0.0412761","0.544406","0.550229","1.55116","1.6977e-15","3.12275","3.12089","2.90237","6.67598","0","0","0","0","0","0","0","0"
"2.61282","0.500044","0.513724","0.0412642","0.544287","0.550296","1.54856","1.69929e-15","3.11888","3.11769","2.9022","6.68808","0","0","0","0","0","0","0","0"
"2.6162","0.500044","0.513724","0.0412504","0.544491","0.550113","1.54973","1.69937e-15","3.11252","3.11326","2.89535","6.70843","0","0","0","0","0","0","0","0"
"2.61958","0.500044","0.513724","0.0412386","0.54431","0.550036","1.55433","1.6981e-15","3.10869","3.10972","2.88534","6.69575","0","0","0","0","0","0","0","0"
"2.62308","0.500044","0.513724","0.0412277","0.544835","0.550274","1.55214","1.69617e-15","3.10779","3.10955","2.88167","6.68011","0","0","0","0","0","0","0","0"
"2.62635","0.500044","0.513863","0.0412216","0.544378","0.550157","1.55465","1.69512e-15","3.10739","3.10845","2.86695","6.66179","0","0","0","0","0","0","0","0"
"2.62975","0.500044","0.513863","0.0412146","0.543835","0.549646","1.55584","1.69563e-15","3.10547","3.10921","2.86242","6.66693","0","0","0","0","0","0","0","0"
"2.63313","0.500044","0.513863","0.0412085","0.543655","0.549472","1.55023","1.69741e-15","3.11354","3.11354","2.87953","6.67763","0","0","0","0","0","0","0","0"
"2.63652","0.500044","0.513863","0.0412015","0.543782","0.54952","1.54998","1.69946e-15","3.12021","3.11513","2.86782","6.70376","0","0","0","0","0","0","0","0"
"2.64003","0.500044","0.513863","0.0411997","0.542988","0.549275","1.54684","1.70067e-15","3.11965","3.10967","2.8685","6.691","0","0","0","0","0","0","0","0"
"2.64328","0.500044","0.514134","0.0412027","0.542736","0.549092","1.54146","1.70265e-15","3.11525","3.10716","2.87818","6.71629","0","0","0","0","0","0","0","0"
"2.64667","0.500044","0.514134","0.0412052","0.542201","0.54843","1.53844","1.70392e-15","3.12252","3.10925","2.88119","6.74632","0","0","0","0","0","0","0","0"
"2.65137","0.500044","0.514134","0.041209","0.542471","0.548381","1.53146","1.7041e-15","3.12132","3.11109","2.89419","6.75927","0","0","0","0","0","0","0","0"
"2.65567","0.500044","0.514134","0.0412137","0.541359","0.547414","1.52931","1.70173e-15","3.12269","3.11184","2.88734","6.74229","0","0","0","0","0","0","0","0"
"2.65892","0.500044","0.514073","0.0412186","0.541248","0.547042","1.53235","1.69933e-15","3.12302","3.11311","2.86904","6.72638","0","0","0","0","0","0","0","0"
"2.6623","0.500044","0.514073","0.0412236","0.540779","0.54652","1.53332","1.6984e-15","3.11987","3.11053","2.86213","6.70952","0","0","0","0","0","0","0","0"
"2.66573","0.500044","0.514073","0.0412294","0.540485","0.54619","1.53914","1.6975e-15","3.11784","3.107","2.84488","6.69597","0","0","0","0","0","0","0","0"
"2.6691","0.500044","0.514073","0.0412351","0.540618","0.546826","1.53381","1.69913e-15","3.11049","3.09887","2.85559","6.66339","0","0","0","0","0","0","0","0"
"2.6726","0.500044","0.514073","0.0412395","0.541004","0.547182","1.53109","1.69927e-15","3.11199","3.10088","2.85532","6.64504","0","0","0","0","0","0","0","0"
"2.67588","0.500044","0.513801","0.0412432","0.540745","0.546992","1.52564","1.7007e-15","3.10473","3.09489","2.8652","6.65102","0","0","0","0","0","0","0","0"
"2.67925","0.500044","0.513801","0.0412464","0.540755","0.546646","1.52113","1.70153e-15","3.10322","3.09342","2.8721","6.65433","0","0","0","0","0","0","0","0"
"2.68265","0.500044","0.513801","0.0412501","0.540222","0.545925","1.52046","1.70409e-15","3.10322","3.09606","2.87077","6.67904","0","0","0","0","0","0","0","0"
"2.68602","0.500044","0.513801","0.0412533","0.540036","0.545858","1.52432","1.70435e-15","3.10471","3.08825","2.86542","6.68627","0","0","0","0","0","0","0","0"
"2.68953","0.500044","0.513801","0.0412553","0.539425","0.545419","1.5225","1.70243e-15","3.10263","3.08986","2.86435","6.66993","0","0","0","0","0","0","0","0"
"2.6928","0.500044","0.513493","0.0412551","0.539158","0.545621","1.51802","1.70043e-15","3.10034","3.09055","2.87168","6.65476","0","0","0","0","0","0","0","0"
"2.69618","0.500044","0.513493","0.0412548","0.53842","0.545023","1.51231","1.69838e-15","3.10476","3.09367","2.88422","6.6372","0","0","0","0","0","0","0","0"
"2.69957","0.500044","0.513493","0.0412546","0.53878","0.545349","1.50986","1.69656e-15","3.1106","3.09282","2.88665","6.62741","0","0","0","0","0","0","0","0"
"2.70295","0.500044","0.513493","0.0412543","0.537696","0.544144","1.50689","1.69808e-15","3.11264","3.09712","2.88407","6.61553","0","0","0","0","0","0","0","0"
"2.70645","0.500044","0.513493","0.0412527","0.537958","0.54448","1.51008","1.69723e-15","3.10875","3.09959","2.88163","6.60612","0","0","0","0","0","0","0","0"
"2.70973","0.500044","0.513381","0.0412492","0.538035","0.544155","1.5083","1.69979e-15","3.10799","3.09955","2.87668","6.62003","0","0","0","0","0","0","0","0"
"2.71312","0.500044","0.513381","0.0412462","0.538251","0.544564","1.5029","1.70155e-15","3.10608","3.10576","2.88968","6.63339","0","0","0","0","0","0","0","0"
"2.7165","0.500044","0.513381","0.0412427","0.537606","0.54386","1.49897","1.70436e-15","3.10607","3.10658","2.89235","6.64878","0","0","0","0","0","0","0","0"
"2.7199","0.500044","0.513381","0.0412397","0.538203","0.544439","1.4979","1.70506e-15","3.09929","3.10989","2.88677","6.65919","0","0","0","0","0","0","0","0"
"2.72338","0.500044","0.513381","0.0412393","0.538554","0.544694","1.5042","1.7033e-15","3.10001","3.1133","2.88789","6.65315","0","0","0","0","0","0","0","0"
"2.72665","0.500044","0.513116","0.0412411","0.538296","0.544326","1.50626","1.70119e-15","3.10025","3.11058","2.89226","6.63724","0","0","0","0","0","0","0","0"
"2.73005","0.500044","0.513116","0.0412432","0.538925","0.544624","1.50121","1.70002e-15","3.09777","3.10627","2.90138","6.61576","0","0","0","0","0","0","0","0"
"2.73473","0.500044","0.513116","0.0412458","0.539463","0.545116","1.50427","1.70243e-15","3.09529","3.10684","2.90306","6.62405","0","0","0","0","0","0","0","0"
"2.73902","0.500044","0.513116","0.0412487","0.540379","0.545382","1.51139","1.70443e-15","3.09141","3.10972","2.88595","6.62452","0","0","0","0","0","0","0","0"
"2.74227","0.500044","0.512961","0.0412519","0.540347","0.545382","1.51641","1.70463e-15","3.09137","3.11279","2.87488","6.63391","0","0","0","0","0","0","0","0"
"2.74567","0.500044","0.512961","0.0412558","0.539611","0.544646","1.51359","1.70362e-15","3.09092","3.11567","2.87591","6.63065","0","0","0","0","0","0","0","0"
"2.74905","0.500044","0.512961","0.0412591","0.539472","0.544254","1.51515","1.70119e-15","3.08668","3.11083","2.86421","6.62131","0","0","0","0","0","0","0","0"
"2.75243","0.500044","0.512961","0.0412629","0.539685","0.54466","1.51118","1.69917e-15","3.08037","3.11048","2.8725","6.59846","0","0","0","0","0","0","0","0"
"2.75592","0.500044","0.512961","0.0412643","0.540292","0.545122","1.51961","1.69793e-15","3.07537","3.10639","2.86402","6.58449","0","0","0","0","0","0","0","0"
"2.75922","0.500044","0.513049","0.0412613","0.540633","0.545739","1.52908","1.69965e-15","3.07226","3.10356","2.85607","6.58389","0","0","0","0","0","0","0","0"
"2.76258","0.500044","0.513049","0.0412587","0.540107","0.545108","1.52908","1.70109e-15","3.06974","3.10183","2.84679","6.59249","0","0","0","0","0","0","0","0"
"2.76598","0.500044","0.513049","0.0412557","0.540449","0.545236","1.52256","1.70303e-15","3.06753","3.10959","2.86304","6.60454","0","0","0","0","0","0","0","0"
"2.76935","0.500044","0.513049","0.0412531","0.539945","0.544573","1.51886","1.70261e-15","3.0659","3.10834","2.86655","6.61784","0","0","0","0","0","0","0","0"
"2.77287","0.500044","0.513049","0.0412503","0.539716","0.544214","1.52163","1.70196e-15","3.0686","3.10951","2.85577","6.6131","0","0","0","0","0","0","0","0"
"2.77615","0.500044","0.513101","0.0412481","0.539616","0.544372","1.51562","1.70155e-15","3.06587","3.10375","2.87176","6.60828","0","0","0","0","0","0","0","0"
"2.77953","0.500044","0.513101","0.0412456","0.539517","0.544099","1.51481","1.69994e-15","3.07151","3.10315","2.87491","6.59913","0","0","0","0","0","0","0","0"
"2.78292","0.500044","0.513101","0.0412434","0.539419","0.543729","1.5193","1.69741e-15","3.06547","3.10305","2.86268","6.5917","0","0","0","0","0","0","0","0"
"2.7863","0.500044","0.513101","0.0412408","0.539028","0.543702","1.52539","1.69492e-15","3.06751","3.1008","2.84158","6.5802","0","0","0","0","0","0","0","0"
"2.78978","0.500044","0.513101","0.0412402","0.5388","0.543691","1.53425","1.69454e-15","3.064","3.09979","2.82233","6.56481","0","0","0","0","0","0","0","0"
"2.79307","0.500044","0.513055","0.0412414","0.539227","0.544221","1.53014","1.69547e-15","3.06942","3.10178","2.83102","6.55273","0","0","0","0","0","0","0","0"
"2.79645","0.500044","0.513055","0.0412424","0.538839","0.543897","1.52379","1.69669e-15","3.06771","3.10351","2.84842","6.58661","0","0","0","0","0","0","0","0"
"2.79983","0.500044","0.513055","0.0412435","0.539203","0.544077","1.5217","1.69896e-15","3.06262","3.10032","2.84743","6.61516","0","0","0","0","0","0","0","0"
"2.80323","0.500044","0.513055","0.0412445","0.538954","0.543899","1.5212","1.70211e-15","3.05881","3.09743","2.84003","6.65213","0","0","0","0","0","0","0","0"
"2.80672","0.500044","0.513055","0.0412469","0.538945","0.544284","1.52375","1.70323e-15","3.0585","3.10103","2.82972","6.64132","0","0","0","0","0","0","0","0"
"2.81","0.500044","0.512855","0.0412497","0.539285","0.544616","1.53677","1.70492e-15","3.06082","3.09958","2.83656","6.68453","0","0","0","0","0","0","0","0"
"2.81338","0.500044","0.512855","0.041253","0.540006","0.54556","1.55872","1.7055e-15","3.05759","3.10711","2.86586","6.70274","0","0","0","0","0","0","0","0"
"2.81802","0.500044","0.512855","0.0412568","0.539777","0.545489","1.55482","1.70439e-15","3.05613","3.10754","2.87286","6.69811","0","0","0","0","0","0","0","0"
"2.82235","0.500044","0.512855","0.0412621","0.539838","0.545418","1.54608","1.70156e-15","3.04886","3.10155","2.89474","6.67497","0","0","0","0","0","0","0","0"
"2.82552","0.500044","0.512792","0.0412682","0.539313","0.544835","1.54641","1.70361e-15","3.04875","3.10179","2.89576","6.68947","0","0","0","0","0","0","0","0"
"2.8289","0.500044","0.512792","0.0412743","0.539205","0.545182","1.54983","1.70652e-15","3.04467","3.09515","2.87791","6.72267","0","0","0","0","0","0","0","0"
"2.8323","0.500044","0.512792","0.0412814","0.539182","0.545372","1.54909","1.70717e-15","3.04155","3.09248","2.8728","6.74279","0","0","0","0","0","0","0","0"
"2.83568","0.500044","0.512792","0.0412875","0.538905","0.544916","1.54239","1.70563e-15","3.03808","3.09169","2.89202","6.7321","0","0","0","0","0","0","0","0"
"2.83917","0.500044","0.512792","0.0412977","0.538937","0.545139","1.53977","1.7037e-15","3.03926","3.08974","2.89437","6.71353","0","0","0","0","0","0","0","0"
"2.84245","0.500044","0.512904","0.0413133","0.53861","0.544767","1.53574","1.70411e-15","3.03759","3.08756","2.89918","6.70881","0","0","0","0","0","0","0","0"
"2.84583","0.500044","0.512904","0.0413315","0.539106","0.545819","1.52865","1.70558e-15","3.03595","3.08998","2.91835","6.74374","0","0","0","0","0","0","0","0"
"2.84922","0.500044","0.512904","0.0413471","0.539003","0.545502","1.5282","1.70537e-15","3.03446","3.09035","2.90898","6.74959","0","0","0","0","0","0","0","0"
"2.8526","0.500044","0.512904","0.0413653","0.538224","0.545038","1.5278","1.70327e-15","3.03354","3.086","2.90115","6.73719","0","0","0","0","0","0","0","0"
"2.85612","0.500044","0.512904","0.041379","0.538556","0.545512","1.52947","1.70212e-15","3.02532","3.08868","2.89654","6.71039","0","0","0","0","0","0","0","0"
"2.85938","0.500044","0.512847","0.0413901","0.538323","0.54542","1.52464","1.70198e-15","3.02972","3.09093","2.90505","6.6966","0","0","0","0","0","0","0","0"
"2.86277","0.500044","0.512847","0.0413997","0.538341","0.545275","1.52103","1.70487e-15","3.02597","3.0924","2.90868","6.71354","0","0","0","0","0","0","0","0"
"2.86615","0.500044","0.512847","0.0414109","0.53801","0.544882","1.5168","1.70758e-15","3.03162","3.10656","2.91152","6.73755","0","0","0","0","0","0","0","0"
"2.86953","0.500044","0.512847","0.0414205","0.53759","0.544314","1.51471","1.70799e-15","3.0293","3.10402","2.91174","6.759","0","0","0","0","0","0","0","0"
"2.87302","0.500044","0.512847","0.0414316","0.537451","0.544364","1.52026","1.70631e-15","3.02906","3.09672","2.88499","6.74355","0","0","0","0","0","0","0","0"
"2.8763","0.500044","0.512795","0.041441","0.537437","0.544152","1.51608","1.70503e-15","3.0304","3.09523","2.89178","6.72559","0","0","0","0","0","0","0","0"
"2.87968","0.500044","0.512795","0.0414521","0.537202","0.543931","1.51602","1.70409e-15","3.02938","3.09267","2.88448","6.70546","0","0","0","0","0","0","0","0"
"2.88307","0.500044","0.512795","0.0414615","0.537089","0.543944","1.52037","1.70596e-15","3.02965","3.09314","2.86686","6.69735","0","0","0","0","0","0","0","0"
"2.88647","0.500044","0.512795","0.0414726","0.536754","0.543602","1.51574","1.70825e-15","3.02698","3.0905","2.87758","6.72384","0","0","0","0","0","0","0","0"
"2.88997","0.500044","0.512795","0.0414822","0.537242","0.544044","1.51749","1.70758e-15","3.02324","3.08821","2.87206","6.72631","0","0","0","0","0","0","0","0"
"2.89323","0.500044","0.512696","0.0414937","0.537282","0.543993","1.52294","1.7062e-15","3.02801","3.09318","2.85484","6.7329","0","0","0","0","0","0","0","0"
"2.89662","0.500044","0.512696","0.0415035","0.538705","0.544857","1.52197","1.70548e-15","3.03301","3.08849","2.85122","6.72315","0","0","0","0","0","0","0","0"
"2.9013","0.500044","0.512696","0.0415182","0.538231","0.5447","1.52037","1.70321e-15","3.03574","3.08747","2.84579","6.69696","0","0","0","0","0","0","0","0"
"2.90568","0.500044","0.512696","0.04153","0.53893","0.545612","1.51949","1.70248e-15","3.03677","3.08459","2.84086","6.68312","0","0","0","0","0","0","0","0"
"2.90885","0.500044","0.512485","0.0415311","0.53891","0.545232","1.51534","1.7041e-15","3.04721","3.0908","2.8467","6.70783","0","0","0","0","0","0","0","0"
"2.91223","0.500044","0.512485","0.0415321","0.538531","0.545181","1.52475","1.7064e-15","3.04503","3.08741","2.83531","6.71496","0","0","0","0","0","0","0","0"
"2.91563","0.500044","0.512485","0.0415334","0.538698","0.545193","1.53377","1.70821e-15","3.05127","3.09189","2.83362","6.75954","0","0","0","0","0","0","0","0"
"2.91902","0.500044","0.512485","0.0415344","0.539301","0.545962","1.53857","1.7099e-15","3.05516","3.09482","2.83065","6.78898","0","0","0","0","0","0","0","0"
"2.9225","0.500044","0.512485","0.0415348","0.540275","0.546701","1.54905","1.71023e-15","3.04872","3.08952","2.84151","6.80396","0","0","0","0","0","0","0","0"
"2.92578","0.500044","0.512557","0.0415334","0.540039","0.5465","1.54554","1.71032e-15","3.05083","3.09364","2.8447","6.8178","0","0","0","0","0","0","0","0"
"2.92917","0.500044","0.512557","0.0415317","0.540159","0.546739","1.54216","1.70952e-15","3.05194","3.0854","2.84826","6.80326","0","0","0","0","0","0","0","0"
"2.93255","0.500044","0.512557","0.0415303","0.540498","0.547228","1.54777","1.70783e-15","3.05822","3.08381","2.83856","6.78133","0","0","0","0","0","0","0","0"
"2.93593","0.500044","0.512557","0.0415286","0.541007","0.54769","1.54835","1.70599e-15","3.05642","3.08634","2.82765","6.76359","0","0","0","0","0","0","0","0"
"2.93943","0.500044","0.512557","0.0415272","0.540862","0.547647","1.54757","1.70485e-15","3.05702","3.08607","2.82436","6.74545","0","0","0","0","0","0","0","0"
"2.94267","0.500044","0.512704","0.0415257","0.540832","0.547608","1.54534","1.70517e-15","3.0543","3.08592","2.82182","6.74251","0","0","0","0","0","0","0","0"
"2.94602","0.500044","0.512704","0.0415244","0.540729","0.547339","1.54012","1.70769e-15","3.05368","3.08295","2.83259","6.75347","0","0","0","0","0","0","0","0"
"2.94942","0.500044","0.512704","0.0415228","0.540827","0.547598","1.55116","1.71082e-15","3.0507","3.08508","2.83084","6.77279","0","0","0","0","0","0","0","0"
"2.9528","0.500044","0.512704","0.0415215","0.541235","0.547988","1.54618","1.71275e-15","3.04737","3.07959","2.83991","6.79957","0","0","0","0","0","0","0","0"
"2.95628","0.500044","0.512704","0.0415164","0.541861","0.548647","1.54477","1.71319e-15","3.05073","3.07759","2.84441","6.8178","0","0","0","0","0","0","0","0"
"2.95957","0.500044","0.512929","0.0415079","0.542404","0.548553","1.54324","1.71336e-15","3.05362","3.07448","2.84159","6.82303","0","0","0","0","0","0","0","0"
"2.96295","0.500044","0.512929","0.041498","0.543193","0.549437","1.54292","1.71228e-15","3.07069","3.10037","2.83242","6.80906","0","0","0","0","0","0","0","0"
"2.96628","0.500044","0.512929","0.0414894","0.543171","0.549159","1.54732","1.71085e-15","3.07386","3.09811","2.814","6.79666","0","0","0","0","0","0","0","0"
"2.9697","0.500044","0.512929","0.0414795","0.542779","0.549069","1.54362","1.7085e-15","3.07703","3.09795","2.82287","6.78295","0","0","0","0","0","0","0","0"
"2.97318","0.500044","0.512929","0.041474","0.542689","0.54873","1.5458","1.70564e-15","3.07329","3.09777","2.80664","6.76943","0","0","0","0","0","0","0","0"
"2.97647","0.500044","0.513124","0.0414711","0.542762","0.548955","1.54011","1.70466e-15","3.07308","3.09613","2.81782","6.74969","0","0","0","0","0","0","0","0"
"2.97987","0.500044","0.513124","0.0414687","0.542727","0.548928","1.54054","1.70488e-15","3.0694","3.09547","2.80987","6.72625","0","0","0","0","0","0","0","0"
"2.98377","0.500044","0.513124","0.0414653","0.543244","0.549355","1.54151","1.70617e-15","3.06678","3.09082","2.79481","6.75271","0","0","0","0","0","0","0","0"
"2.98715","0.500044","0.513124","0.0414629","0.542999","0.549185","1.54199","1.7081e-15","3.07087","3.09326","2.78277","6.76263","0","0","0","0","0","0","0","0"
"2.99063","0.500044","0.513124","0.0414639","0.542832","0.549253","1.53667","1.70828e-15","3.0678","3.08599","2.79216","6.76248","0","0","0","0","0","0","0","0"
"2.99393","0.500044","0.513395","0.041466","0.542809","0.549091","1.53208","1.7105e-15","3.06439","3.08385","2.7999","6.78374","0","0","0","0","0","0","0","0"
"2.9973","0.500044","0.513395","0.0414686","0.543401","0.549852","1.53602","1.71226e-15","3.06267","3.08001","2.79908","6.79502","0","0","0","0","0","0","0","0"
"3.00302","0.500044","0.513395","0.0414708","0.543859","0.550038","1.54007","1.7146e-15","3.06603","3.08234","2.78746","6.81559","0","0","0","0","0","0","0","0"
"3.00423","0.500044","0.513395","0.0414733","0.543397","0.549682","1.5374","1.71557e-15","3.06716","3.08041","2.78854","6.82855","0","0","0","0","0","0","0","0"
"3.00765","0.500044","0.513395","0.0414808","0.542792","0.54893","1.535","1.71427e-15","3.0654","3.07953","2.78701","6.81287","0","0","0","0","0","0","0","0"
"3.01087","0.500044","0.513483","0.0414907","0.542713","0.548806","1.53272","1.71318e-15","3.06391","3.07824","2.78733","6.80813","0","0","0","0","0","0","0","0"
"3.01423","0.500044","0.513483","0.0414992","0.542268","0.548322","1.53249","1.7114e-15","3.06185","3.07459","2.78641","6.79656","0","0","0","0","0","0","0","0"
"3.01763","0.500044","0.513483","0.0415091","0.542579","0.548861","1.5347","1.70931e-15","3.05942","3.07016","2.80266","6.77222","0","0","0","0","0","0","0","0"
"3.02097","0.500044","0.513483","0.0415176","0.542418","0.549035","1.53227","1.70709e-15","3.06047","3.07225","2.80475","6.75767","0","0","0","0","0","0","0","0"
"3.02445","0.500044","0.513483","0.0415265","0.542913","0.549668","1.53063","1.70569e-15","3.05977","3.07283","2.8009","6.73851","0","0","0","0","0","0","0","0"
"3.02773","0.500044","0.513585","0.041534","0.54289","0.549914","1.52434","1.70687e-15","3.06206","3.07514","2.81804","6.72761","0","0","0","0","0","0","0","0"
"3.03133","0.500044","0.513585","0.0415427","0.542196","0.549178","1.51922","1.70985e-15","3.06222","3.07328","2.82737","6.74475","0","0","0","0","0","0","0","0"
"3.0345","0.500044","0.513585","0.0415502","0.541662","0.548606","1.51408","1.71241e-15","3.0619","3.06958","2.84122","6.75961","0","0","0","0","0","0","0","0"
"3.03903","0.500044","0.513585","0.0415587","0.541168","0.548508","1.51762","1.71483e-15","3.06747","3.07092","2.81996","6.77446","0","0","0","0","0","0","0","0"
"3.04232","0.500044","0.513536","0.0415582","0.541013","0.548097","1.51253","1.715e-15","3.06167","3.06899","2.83046","6.78503","0","0","0","0","0","0","0","0"
"3.0457","0.500044","0.513536","0.0415576","0.54113","0.548243","1.50899","1.71621e-15","3.05803","3.06726","2.83663","6.80849","0","0","0","0","0","0","0","0"
"3.04908","0.500044","0.513536","0.0415571","0.540192","0.54745","1.50343","1.71437e-15","3.05999","3.06599","2.85006","6.7984","0","0","0","0","0","0","0","0"
"3.05247","0.500044","0.513536","0.0415565","0.539237","0.546597","1.49739","1.71235e-15","3.06228","3.06552","2.86277","6.7717","0","0","0","0","0","0","0","0"
"3.05595","0.500044","0.513536","0.0415564","0.538997","0.546724","1.49446","1.71175e-15","3.0641","3.06725","2.8643","6.74793","0","0","0","0","0","0","0","0"
"3.05923","0.500044","0.513542","0.0415571","0.538816","0.54646","1.49004","1.71176e-15","3.05821","3.06416","2.87104","6.73678","0","0","0","0","0","0","0","0"
"3.06263","0.500044","0.513542","0.0415577","0.538874","0.546511","1.48756","1.71346e-15","3.05339","3.05987","2.86879","6.74182","0","0","0","0","0","0","0","0"
"3.06732","0.500044","0.513542","0.0415586","0.537996","0.545496","1.48482","1.71715e-15","3.05438","3.06026","2.86604","6.78335","0","0","0","0","0","0","0","0"
"3.0707","0.500044","0.513542","0.0415593","0.537764","0.545342","1.48654","1.71953e-15","3.05356","3.06115","2.84864","6.80634","0","0","0","0","0","0","0","0"
"3.0742","0.500044","0.513542","0.0415608","0.5377","0.54522","1.48328","1.71919e-15","3.04484","3.05887","2.852","6.78245","0","0","0","0","0","0","0","0"
"3.07747","0.500044","0.513309","0.0415627","0.538534","0.545736","1.48017","1.72071e-15","3.03895","3.05721","2.85372","6.79108","0","0","0","0","0","0","0","0"
"3.08085","0.500044","0.513309","0.0415644","0.537932","0.545222","1.47903","1.72164e-15","3.03759","3.055","2.85131","6.81076","0","0","0","0","0","0","0","0"
"3.08423","0.500044","0.513309","0.0415663","0.538214","0.545962","1.47887","1.72249e-15","3.03626","3.04925","2.85169","6.82525","0","0","0","0","0","0","0","0"
"3.08762","0.500044","0.513309","0.041568","0.537462","0.545261","1.47414","1.72109e-15","3.03914","3.05173","2.86106","6.81633","0","0","0","0","0","0","0","0"
"3.09112","0.500044","0.513309","0.0415686","0.537073","0.544517","1.48151","1.71814e-15","3.04159","3.0506","2.84793","6.80169","0","0","0","0","0","0","0","0"
"3.0944","0.500044","0.512995","0.0415689","0.53823","0.545388","1.49228","1.71619e-15","3.05279","3.04989","2.84833","6.78615","0","0","0","0","0","0","0","0"
"3.09778","0.500044","0.512995","0.0415692","0.537526","0.5449","1.48899","1.71517e-15","3.05567","3.04965","2.85046","6.77361","0","0","0","0","0","0","0","0"
"3.10117","0.500044","0.512995","0.0415696","0.537998","0.545414","1.48931","1.71691e-15","3.05404","3.04638","2.84576","6.78032","0","0","0","0","0","0","0","0"
"3.1057","0.500044","0.512995","0.041567","0.537045","0.544473","1.48525","1.71959e-15","3.05624","3.05304","2.84519","6.78139","0","0","0","0","0","0","0","0"
"3.10903","0.500044","0.512831","0.0415582","0.537746","0.545545","1.48827","1.7201e-15","3.06344","3.05902","2.85401","6.80901","0","0","0","0","0","0","0","0"
"3.11237","0.500044","0.512831","0.0415479","0.537685","0.545517","1.48518","1.72066e-15","3.06101","3.05878","2.85608","6.83463","0","0","0","0","0","0","0","0"
"3.11575","0.500044","0.512831","0.0415391","0.53777","0.545823","1.48599","1.71956e-15","3.06114","3.05605","2.8448","6.8341","0","0","0","0","0","0","0","0"
"3.11915","0.500044","0.512831","0.0415289","0.537652","0.546022","1.48379","1.71818e-15","3.05661","3.05754","2.84211","6.81308","0","0","0","0","0","0","0","0"
"3.12262","0.500044","0.512831","0.0415199","0.537127","0.545696","1.48249","1.71593e-15","3.05452","3.05806","2.83887","6.79956","0","0","0","0","0","0","0","0"
"3.12597","0.500044","0.5127","0.0415089","0.536346","0.545199","1.47768","1.71482e-15","3.05484","3.05714","2.84567","6.78395","0","0","0","0","0","0","0","0"
"3.12928","0.500044","0.5127","0.0414995","0.536935","0.545755","1.48887","1.71446e-15","3.05726","3.06023","2.84194","6.78395","0","0","0","0","0","0","0","0"
"3.13278","0.500044","0.5127","0.0414886","0.537439","0.546463","1.49045","1.71675e-15","3.05486","3.051","2.84143","6.79559","0","0","0","0","0","0","0","0"
"3.13607","0.500044","0.5127","0.0414792","0.537642","0.546846","1.49093","1.71855e-15","3.05368","3.04282","2.83666","6.80334","0","0","0","0","0","0","0","0"
"3.13953","0.500044","0.5127","0.0414738","0.537702","0.547237","1.4911","1.71891e-15","3.0513","3.04654","2.83658","6.79321","0","0","0","0","0","0","0","0"
"3.14283","0.500044","0.512727","0.0414755","0.537967","0.547584","1.49148","1.71907e-15","3.05336","3.04644","2.83607","6.80138","0","0","0","0","0","0","0","0"
"3.14622","0.500044","0.512727","0.0414775","0.537439","0.546955","1.48974","1.71817e-15","3.05266","3.04525","2.83528","6.80163","0","0","0","0","0","0","0","0"
"3.1509","0.500044","0.512727","0.0414801","0.536819","0.546444","1.48837","1.71628e-15","3.05026","3.04063","2.84115","6.76775","0","0","0","0","0","0","0","0"
"3.15428","0.500044","0.512727","0.0414818","0.537067","0.546649","1.48813","1.71489e-15","3.05066","3.04072","2.83786","6.74698","0","0","0","0","0","0","0","0"
"3.15778","0.500044","0.512727","0.0414832","0.536657","0.545946","1.48362","1.71298e-15","3.04892","3.04172","2.84493","6.73477","0","0","0","0","0","0","0","0"
"3.16105","0.500044","0.512833","0.0414843","0.537511","0.546749","1.48313","1.71486e-15","3.0439","3.04296","2.84036","6.74694","0","0","0","0","0","0","0","0"
"3.16445","0.500044","0.512833","0.0414856","0.538051","0.547245","1.47714","1.71653e-15","3.04226","3.04347","2.85408","6.77329","0","0","0","0","0","0","0","0"
"3.16783","0.500044","0.512833","0.0414867","0.538618","0.548153","1.4888","1.7177e-15","3.03908","3.03491","2.87417","6.79701","0","0","0","0","0","0","0","0"
"3.17233","0.500044","0.512833","0.0414884","0.540027","0.549238","1.50486","1.71722e-15","3.04832","3.03237","2.88766","6.79074","0","0","0","0","0","0","0","0"
"3.17565","0.500044","0.512924","0.0414896","0.53974","0.549038","1.50847","1.71511e-15","3.04571","3.0323","2.87083","6.77218","0","0","0","0","0","0","0","0"
"3.17903","0.500044","0.512924","0.041491","0.539417","0.548865","1.50235","1.71597e-15","3.04324","3.0294","2.88502","6.75994","0","0","0","0","0","0","0","0"
"3.18242","0.500044","0.512924","0.0414921","0.539139","0.548705","1.49802","1.71779e-15","3.03967","3.02902","2.89373","6.77042","0","0","0","0","0","0","0","0"
"3.1858","0.500044","0.512924","0.0414935","0.541298","0.550439","1.50273","1.71873e-15","3.05147","3.03437","2.90066","6.79493","0","0","0","0","0","0","0","0"
"3.18928","0.500044","0.512924","0.0414945","0.541067","0.550472","1.50381","1.71787e-15","3.05165","3.02954","2.8974","6.79842","0","0","0","0","0","0","0","0"
"3.19257","0.500044","0.513004","0.0414951","0.540549","0.549819","1.4962","1.71513e-15","3.04942","3.02795","2.92069","6.78575","0","0","0","0","0","0","0","0"
"3.19595","0.500044","0.513004","0.0414956","0.541829","0.55107","1.49666","1.71578e-15","3.05383","3.03496","2.91744","6.77842","0","0","0","0","0","0","0","0"
"3.19935","0.500044","0.513004","0.0414962","0.541837","0.550923","1.50196","1.71808e-15","3.05185","3.03467","2.89948","6.78785","0","0","0","0","0","0","0","0"
"3.20272","0.500044","0.513004","0.0414967","0.541641","0.550757","1.50104","1.71924e-15","3.05083","3.03807","2.89302","6.78918","0","0","0","0","0","0","0","0"
"3.20623","0.500044","0.513004","0.0414962","0.541246","0.550638","1.49962","1.71878e-15","3.05278","3.03669","2.89361","6.77802","0","0","0","0","0","0","0","0"
"3.2095","0.500044","0.513387","0.0414947","0.54101","0.550454","1.4986","1.71715e-15","3.05388","3.04049","2.88914","6.76834","0","0","0","0","0","0","0","0"
"3.21288","0.500044","0.513387","0.0414929","0.541919","0.551213","1.51026","1.71539e-15","3.06364","3.05421","2.89909","6.75111","0","0","0","0","0","0","0","0"
"3.21748","0.500044","0.513387","0.0414913","0.542161","0.55164","1.50931","1.7165e-15","3.0632","3.05646","2.89531","6.74515","0","0","0","0","0","0","0","0"
"3.21965","0.500044","0.513387","0.0414895","0.541472","0.551148","1.51522","1.71887e-15","3.0637","3.05527","2.87586","6.78385","0","0","0","0","0","0","0","0"
"3.22313","0.500044","0.513387","0.0414897","0.542625","0.552171","1.54072","1.71813e-15","3.06753","3.06913","2.96704","6.76987","0","0","0","0","0","0","0","0"
"3.22642","0.500044","0.513693","0.0414921","0.542912","0.552179","1.54904","1.7168e-15","3.07044","3.06971","2.94178","6.75127","0","0","0","0","0","0","0","0"
"3.22977","0.500044","0.513693","0.0414941","0.542256","0.551748","1.54458","1.71613e-15","3.06941","3.06483","2.94912","6.74245","0","0","0","0","0","0","0","0"
"3.23388","0.500044","0.513693","0.0414968","0.541934","0.551561","1.53688","1.71971e-15","3.06495","3.05742","2.96781","6.77438","0","0","0","0","0","0","0","0"
"3.23727","0.500044","0.513693","0.0414988","0.542003","0.551413","1.54207","1.72183e-15","3.0625","3.05755","2.95489","6.79844","0","0","0","0","0","0","0","0"
"3.2408","0.500044","0.513693","0.0414982","0.542358","0.551512","1.55118","1.72083e-15","3.06391","3.05343","2.93097","6.79322","0","0","0","0","0","0","0","0"
"3.24405","0.500044","0.513768","0.0414967","0.542645","0.551478","1.54672","1.71866e-15","3.05937","3.05418","2.93912","6.78405","0","0","0","0","0","0","0","0"
"3.24743","0.500044","0.513768","0.041495","0.542361","0.55162","1.55274","1.71759e-15","3.06332","3.05261","2.91919","6.75666","0","0","0","0","0","0","0","0"
"3.25082","0.500044","0.513768","0.0414935","0.541894","0.551178","1.55242","1.71789e-15","3.06165","3.04969","2.91112","6.74029","0","0","0","0","0","0","0","0"
"3.2542","0.500044","0.513768","0.0414918","0.541814","0.551348","1.54775","1.71951e-15","3.06922","3.05478","2.91812","6.7445","0","0","0","0","0","0","0","0"
"3.25772","0.500044","0.513768","0.0414875","0.541533","0.551188","1.5446","1.72009e-15","3.06722","3.05062","2.92317","6.74007","0","0","0","0","0","0","0","0"
"3.26097","0.500044","0.51379","0.0414818","0.541246","0.550956","1.53824","1.71939e-15","3.06408","3.05134","2.93773","6.73569","0","0","0","0","0","0","0","0"
"3.26437","0.500044","0.51379","0.0414769","0.542438","0.551983","1.53644","1.71745e-15","3.0586","3.04292","2.9338","6.72258","0","0","0","0","0","0","0","0"
"3.26773","0.500044","0.51379","0.0414712","0.542552","0.551707","1.53268","1.71717e-15","3.05271","3.03789","2.93587","6.71564","0","0","0","0","0","0","0","0"
"3.27115","0.500044","0.51379","0.0414663","0.542478","0.55136","1.53025","1.71897e-15","3.05661","3.03613","2.93816","6.72359","0","0","0","0","0","0","0","0"
"3.27462","0.500044","0.51379","0.0414653","0.541946","0.5506","1.52681","1.71862e-15","3.05685","3.0398","2.94648","6.7314","0","0","0","0","0","0","0","0"
"3.2779","0.500044","0.51369","0.0414652","0.54304","0.551693","1.53956","1.71821e-15","3.05733","3.04456","2.95754","6.7335","0","0","0","0","0","0","0","0"
"3.28128","0.500044","0.51369","0.0414649","0.543144","0.55198","1.55139","1.71645e-15","3.05706","3.04788","2.94878","6.71406","0","0","0","0","0","0","0","0"
"3.28468","0.500044","0.51369","0.0414648","0.543179","0.552167","1.54849","1.71592e-15","3.05314","3.04844","2.95001","6.6992","0","0","0","0","0","0","0","0"
"3.28902","0.500044","0.51369","0.0414646","0.5421","0.551521","1.5422","1.71763e-15","3.05451","3.04752","2.95987","6.72949","0","0","0","0","0","0","0","0"
"3.29222","0.500044","0.513736","0.0414647","0.54211","0.55157","1.53898","1.71611e-15","3.053","3.04645","2.96397","6.71857","0","0","0","0","0","0","0","0"
"3.29562","0.500044","0.513736","0.0414649","0.542249","0.551526","1.54155","1.71485e-15","3.05189","3.0438","2.9595","6.70332","0","0","0","0","0","0","0","0"
"3.29898","0.500044","0.513736","0.0414651","0.541543","0.550873","1.5442","1.71673e-15","3.05513","3.04356","2.94449","6.70334","0","0","0","0","0","0","0","0"
"3.30238","0.500044","0.513736","0.0414652","0.541586","0.5511","1.54522","1.71848e-15","3.05186","3.03863","2.9325","6.73503","0","0","0","0","0","0","0","0"
"3.30582","0.500044","0.513736","0.0414645","0.541761","0.55143","1.54263","1.71706e-15","3.04786","3.03744","2.93607","6.72524","0","0","0","0","0","0","0","0"
"3.3092","0.500044","0.513862","0.0414618","0.541365","0.551529","1.53816","1.71578e-15","3.04518","3.0403","2.944","6.71242","0","0","0","0","0","0","0","0"
"3.31268","0.500044","0.513862","0.0414587","0.541321","0.551679","1.53692","1.7168e-15","3.04537","3.04132","2.93551","6.72657","0","0","0","0","0","0","0","0"
"3.3171","0.500044","0.513862","0.0414548","0.540497","0.550483","1.52812","1.71904e-15","3.05085","3.04602","2.95741","6.75916","0","0","0","0","0","0","0","0"
"3.32045","0.500044","0.513862","0.0414522","0.540761","0.551057","1.52355","1.71759e-15","3.04662","3.04263","2.96656","6.74215","0","0","0","0","0","0","0","0"
"3.32397","0.500044","0.513862","0.0414487","0.540718","0.550972","1.51868","1.71614e-15","3.04595","3.03888","2.9742","6.7296","0","0","0","0","0","0","0","0"
"3.32725","0.500044","0.513835","0.0414455","0.540811","0.550944","1.51946","1.71875e-15","3.04357","3.03321","2.96132","6.76777","0","0","0","0","0","0","0","0"
"3.33063","0.500044","0.513835","0.0414418","0.542405","0.552422","1.54458","1.72099e-15","3.05862","3.05403","3.08584","6.77901","0","0","0","0","0","0","0","0"
"3.33403","0.500044","0.513835","0.0414386","0.542762","0.55276","1.54438","1.72016e-15","3.06004","3.05431","3.0764","6.77255","0","0","0","0","0","0","0","0"
"3.33755","0.500044","0.513835","0.0414349","0.542938","0.552903","1.55289","1.7181e-15","3.05954","3.05735","3.0687","6.75441","0","0","0","0","0","0","0","0"
"3.34088","0.500044","0.513835","0.0414343","0.543004","0.55245","1.55696","1.71764e-15","3.05511","3.05558","3.05048","6.7497","0","0","0","0","0","0","0","0"
"3.34415","0.500044","0.513806","0.0414342","0.542521","0.552134","1.55845","1.71983e-15","3.05385","3.05316","3.03229","6.75892","0","0","0","0","0","0","0","0"
"3.34748","0.500044","0.513806","0.0414341","0.542393","0.551952","1.55932","1.72032e-15","3.0493","3.04991","3.01935","6.77067","0","0","0","0","0","0","0","0"
"3.35085","0.500044","0.513806","0.041434","0.542271","0.552002","1.56083","1.71936e-15","3.0479","3.04613","3.00139","6.75869","0","0","0","0","0","0","0","0"
"3.3544","0.500044","0.513806","0.0414339","0.541861","0.551093","1.55517","1.71823e-15","3.04572","3.05251","3.01529","6.74628","0","0","0","0","0","0","0","0"
"3.35782","0.500044","0.513806","0.0414343","0.542457","0.551366","1.55817","1.71907e-15","3.04626","3.04573","2.99854","6.74988","0","0","0","0","0","0","0","0"
"3.3611","0.500044","0.513999","0.0414348","0.54356","0.551772","1.57202","1.72045e-15","3.04359","3.05243","2.99503","6.77212","0","0","0","0","0","0","0","0"
"3.36448","0.500044","0.513999","0.0414354","0.543408","0.551839","1.56794","1.71934e-15","3.04422","3.06038","3.00066","6.75503","0","0","0","0","0","0","0","0"
"3.36787","0.500044","0.513999","0.0414359","0.543215","0.551999","1.56245","1.71876e-15","3.04087","3.05687","3.01371","6.74057","0","0","0","0","0","0","0","0"
"3.37233","0.500044","0.513999","0.0414363","0.542117","0.551135","1.57496","1.72118e-15","3.04359","3.06279","2.97305","6.74645","0","0","0","0","0","0","0","0"
"3.37568","0.500044","0.51411","0.0414358","0.542709","0.551518","1.57673","1.72133e-15","3.05133","3.06094","2.95785","6.76874","0","0","0","0","0","0","0","0"
"3.38258","0.500044","0.51411","0.0414348","0.542602","0.551273","1.57515","1.71859e-15","3.04747","3.05606","2.95229","6.76084","0","0","0","0","0","0","0","0"
"3.3862","0.500044","0.51411","0.0414343","0.54292","0.551404","1.57111","1.71959e-15","3.04654","3.04975","2.95574","6.75721","0","0","0","0","0","0","0","0"
"3.38932","0.500044","0.51411","0.041436","0.542998","0.551439","1.56566","1.72081e-15","3.04341","3.05085","2.96996","6.75746","0","0","0","0","0","0","0","0"
"3.39273","0.500044","0.514067","0.0414432","0.543099","0.551618","1.55915","1.72048e-15","3.03767","3.04207","2.98471","6.7706","0","0","0","0","0","0","0","0"
"3.39613","0.500044","0.514067","0.0414493","0.543435","0.552106","1.55236","1.71952e-15","3.03454","3.03701","3.00495","6.75862","0","0","0","0","0","0","0","0"
"3.40055","0.500044","0.514067","0.0414584","0.542817","0.551754","1.54452","1.71704e-15","3.03501","3.04027","3.0217","6.72472","0","0","0","0","0","0","0","0"
"3.40393","0.500044","0.514067","0.0414645","0.542665","0.551758","1.54505","1.71614e-15","3.03494","3.04367","3.01036","6.71176","0","0","0","0","0","0","0","0"
"3.40742","0.500044","0.514067","0.0414731","0.542952","0.552257","1.54104","1.71553e-15","3.0296","3.0391","3.01347","6.70071","0","0","0","0","0","0","0","0"
"3.4107","0.500044","0.514042","0.0414811","0.5424","0.551663","1.53463","1.71729e-15","3.0343","3.04564","3.03362","6.70566","0","0","0","0","0","0","0","0"
"3.41408","0.500044","0.514042","0.0414903","0.541889","0.551371","1.5314","1.71938e-15","3.03452","3.04568","3.03514","6.7351","0","0","0","0","0","0","0","0"
"3.41747","0.500044","0.514042","0.0414982","0.541572","0.551214","1.53021","1.72019e-15","3.03396","3.04484","3.02688","6.75001","0","0","0","0","0","0","0","0"
"3.42085","0.500044","0.514042","0.0415075","0.542725","0.552166","1.53936","1.71899e-15","3.06287","3.07255","3.05372","6.73478","0","0","0","0","0","0","0","0"
"3.42438","0.500044","0.514042","0.0415147","0.5422","0.551766","1.53576","1.71683e-15","3.06187","3.06921","3.05712","6.71316","0","0","0","0","0","0","0","0"
"3.42763","0.500044","0.514208","0.0415231","0.543372","0.552226","1.5524","1.71671e-15","3.06224","3.06048","3.05945","6.69436","0","0","0","0","0","0","0","0"
"3.43102","0.500044","0.514208","0.0415302","0.544002","0.553415","1.56627","1.71849e-15","3.05535","3.06677","3.05667","6.68375","0","0","0","0","0","0","0","0"
"3.4344","0.500044","0.514208","0.0415386","0.544507","0.553756","1.56456","1.72101e-15","3.0533","3.06591","3.05521","6.7195","0","0","0","0","0","0","0","0"
"3.4378","0.500044","0.514208","0.0415457","0.544026","0.553336","1.55838","1.72099e-15","3.05393","3.06959","3.07137","6.71669","0","0","0","0","0","0","0","0"
"3.44127","0.500044","0.514208","0.041547","0.54424","0.553608","1.55858","1.71899e-15","3.05139","3.06824","3.06054","6.70171","0","0","0","0","0","0","0","0"
"3.44462","0.500044","0.514253","0.0415471","0.545462","0.55472","1.56144","1.71789e-15","3.05259","3.06962","3.04248","6.68235","0","0","0","0","0","0","0","0"
"3.44793","0.500044","0.514253","0.0415472","0.544964","0.554295","1.56144","1.71857e-15","3.05316","3.07386","3.03224","6.68328","0","0","0","0","0","0","0","0"
"3.45133","0.500044","0.514253","0.0415472","0.544923","0.554209","1.55996","1.72042e-15","3.05129","3.06737","3.03288","6.69673","0","0","0","0","0","0","0","0"
"3.45567","0.500044","0.514253","0.0415451","0.545172","0.554066","1.56641","1.72163e-15","3.05447","3.07022","3.01629","6.71721","0","0","0","0","0","0","0","0"
"3.45887","0.500044","0.514474","0.0415385","0.546069","0.554522","1.56982","1.72014e-15","3.05499","3.06945","3.01808","6.72431","0","0","0","0","0","0","0","0"
"3.46227","0.500044","0.514474","0.0415319","0.546246","0.554412","1.5724","1.71809e-15","3.06263","3.06612","3.01836","6.71174","0","0","0","0","0","0","0","0"
"3.46565","0.500044","0.514474","0.0415242","0.546466","0.554761","1.58453","1.71699e-15","3.06985","3.06809","3.02171","6.69641","0","0","0","0","0","0","0","0"
"3.46903","0.500044","0.514474","0.0415176","0.546045","0.554232","1.58173","1.71897e-15","3.067","3.06819","3.02231","6.70666","0","0","0","0","0","0","0","0"
"3.47302","0.500044","0.514474","0.0415116","0.545822","0.553899","1.57671","1.71975e-15","3.06576","3.06856","3.03006","6.69823","0","0","0","0","0","0","0","0"
"3.4758","0.500044","0.514781","0.0415102","0.545858","0.553556","1.57597","1.72048e-15","3.06674","3.0696","3.02078","6.71114","0","0","0","0","0","0","0","0"
"3.47918","0.500044","0.514781","0.0415086","0.546152","0.553525","1.57653","1.71982e-15","3.0625","3.06637","3.00936","6.70971","0","0","0","0","0","0","0","0"
"3.48388","0.500044","0.514781","0.0415065","0.546428","0.553975","1.57527","1.7172e-15","3.05488","3.06759","3.00285","6.68175","0","0","0","0","0","0","0","0"
"3.48727","0.500044","0.514781","0.0415051","0.546025","0.553543","1.56932","1.71703e-15","3.05259","3.06775","3.01754","6.66059","0","0","0","0","0","0","0","0"
"3.49075","0.500044","0.514781","0.041508","0.545935","0.553134","1.57512","1.71769e-15","3.05296","3.07134","3.01019","6.6638","0","0","0","0","0","0","0","0"
"3.49402","0.500044","0.514873","0.0415121","0.545783","0.552685","1.57769","1.71954e-15","3.05109","3.06912","2.99909","6.69238","0","0","0","0","0","0","0","0"
"3.49745","0.500044","0.514873","0.0415169","0.545433","0.552444","1.57331","1.71915e-15","3.05281","3.07645","3.00303","6.6812","0","0","0","0","0","0","0","0"
"3.5008","0.500044","0.514873","0.0415209","0.546106","0.552713","1.56971","1.71686e-15","3.06196","3.0831","3.00999","6.66999","0","0","0","0","0","0","0","0"
"3.50418","0.500044","0.514873","0.0415256","0.545361","0.55207","1.56678","1.71672e-15","3.06124","3.08328","3.00817","6.66934","0","0","0","0","0","0","0","0"
"3.5077","0.500044","0.514873","0.041532","0.545379","0.552025","1.57296","1.71682e-15","3.05632","3.07915","2.98731","6.65977","0","0","0","0","0","0","0","0"
"3.51095","0.500044","0.514828","0.04154","0.544627","0.551271","1.57271","1.7179e-15","3.0598","3.07933","2.97309","6.6728","0","0","0","0","0","0","0","0"
"3.51445","0.500044","0.514828","0.0415469","0.545072","0.551804","1.57971","1.71885e-15","3.06462","3.07994","2.9556","6.68207","0","0","0","0","0","0","0","0"
"3.51772","0.500044","0.514828","0.0415549","0.545695","0.552747","1.58286","1.71732e-15","3.06109","3.0803","2.93952","6.66755","0","0","0","0","0","0","0","0"
"3.52112","0.500044","0.514828","0.0415618","0.545423","0.552323","1.58378","1.71582e-15","3.06379","3.08124","2.93418","6.65784","0","0","0","0","0","0","0","0"
"3.5246","0.500044","0.514828","0.0415682","0.545277","0.552642","1.58409","1.71619e-15","3.05903","3.07429","2.92782","6.6476","0","0","0","0","0","0","0","0"
"3.52788","0.500044","0.514701","0.0415736","0.544798","0.552711","1.58584","1.71783e-15","3.05654","3.07187","2.92399","6.6614","0","0","0","0","0","0","0","0"
"3.53143","0.500044","0.514701","0.0415798","0.54505","0.552765","1.59072","1.71795e-15","3.0535","3.06599","2.90191","6.66909","0","0","0","0","0","0","0","0"
"3.53465","0.500044","0.514701","0.0415852","0.54582","0.552987","1.60506","1.71676e-15","3.0495","3.0634","2.89207","6.65376","0","0","0","0","0","0","0","0"
"3.539","0.500044","0.514701","0.0415921","0.546158","0.552762","1.60497","1.71659e-15","3.05291","3.06198","2.88396","6.63036","0","0","0","0","0","0","0","0"
"3.5422","0.500044","0.514588","0.0415944","0.546062","0.55288","1.60483","1.71755e-15","3.04853","3.05778","2.87843","6.64829","0","0","0","0","0","0","0","0"
"3.54558","0.500044","0.514588","0.0415966","0.545365","0.55211","1.59979","1.71773e-15","3.05054","3.05623","2.88701","6.66161","0","0","0","0","0","0","0","0"
"3.54897","0.500044","0.514588","0.0415992","0.544885","0.551414","1.60169","1.71586e-15","3.05369","3.0606","2.86865","6.63995","0","0","0","0","0","0","0","0"
"3.55235","0.500044","0.514588","0.0416015","0.544187","0.550857","1.59969","1.71675e-15","3.05517","3.05993","2.86462","6.64012","0","0","0","0","0","0","0","0"
"3.55585","0.500044","0.514588","0.0416048","0.543551","0.550554","1.5947","1.71808e-15","3.05846","3.06073","2.87127","6.64328","0","0","0","0","0","0","0","0"
"3.55913","0.500044","0.514652","0.0416093","0.543067","0.550338","1.59233","1.71651e-15","3.05917","3.06037","2.87085","6.63417","0","0","0","0","0","0","0","0"
"3.56252","0.500044","0.514652","0.0416145","0.542428","0.549956","1.58635","1.71457e-15","3.06195","3.05831","2.8817","6.62186","0","0","0","0","0","0","0","0"
"3.5672","0.500044","0.514652","0.0416212","0.541856","0.549856","1.58267","1.71673e-15","3.05854","3.05307","2.88018","6.64515","0","0","0","0","0","0","0","0"
"3.57058","0.500044","0.514652","0.0416257","0.541277","0.549361","1.57893","1.71717e-15","3.05907","3.04958","2.88364","6.65326","0","0","0","0","0","0","0","0"
"3.57407","0.500044","0.514652","0.0416283","0.541263","0.549505","1.57333","1.71452e-15","3.05648","3.0456","2.89375","6.64284","0","0","0","0","0","0","0","0"
"3.57738","0.500044","0.514468","0.0416297","0.541481","0.549692","1.58233","1.71468e-15","3.05202","3.04775","2.87764","6.63285","0","0","0","0","0","0","0","0"
"3.58075","0.500044","0.514468","0.0416313","0.542246","0.550278","1.58956","1.71738e-15","3.05236","3.04604","2.86473","6.65273","0","0","0","0","0","0","0","0"
"3.58413","0.500044","0.514468","0.0416326","0.542675","0.55091","1.60369","1.71656e-15","3.05552","3.05404","2.87437","6.65091","0","0","0","0","0","0","0","0"
"3.58752","0.500044","0.514468","0.0416342","0.543683","0.55202","1.62119","1.71591e-15","3.0538","3.05134","2.88749","6.62741","0","0","0","0","0","0","0","0"
"3.59103","0.500044","0.514468","0.041634","0.546054","0.553712","1.64217","1.71624e-15","3.08545","3.07111","2.93722","6.62125","0","0","0","0","0","0","0","0"
"3.59428","0.500044","0.514092","0.0416332","0.546484","0.554196","1.63792","1.71651e-15","3.08603","3.06295","2.9414","6.61799","0","0","0","0","0","0","0","0"
"3.59767","0.500044","0.514092","0.0416326","0.546184","0.553889","1.63326","1.71523e-15","3.08577","3.06381","2.94713","6.60031","0","0","0","0","0","0","0","0"
"3.6011","0.500044","0.514092","0.0416319","0.546272","0.553984","1.63382","1.71701e-15","3.09034","3.06567","2.94269","6.60326","0","0","0","0","0","0","0","0"
"3.60447","0.500044","0.514092","0.0416313","0.545872","0.553401","1.63047","1.71888e-15","3.09115","3.06586","2.95035","6.63415","0","0","0","0","0","0","0","0"
"3.60795","0.500044","0.514092","0.0416286","0.545499","0.553562","1.6305","1.71612e-15","3.09287","3.06437","2.94293","6.62255","0","0","0","0","0","0","0","0"
"3.61122","0.500044","0.51416","0.0416261","0.545601","0.553379","1.63513","1.71674e-15","3.09","3.06829","2.92286","6.60604","0","0","0","0","0","0","0","0"
"3.6146","0.500044","0.51416","0.0416231","0.545489","0.553463","1.6342","1.71922e-15","3.09239","3.07269","2.91748","6.64299","0","0","0","0","0","0","0","0"
"3.618","0.500044","0.51416","0.0416205","0.545435","0.553297","1.63067","1.71914e-15","3.087","3.07232","2.92357","6.65286","0","0","0","0","0","0","0","0"
"3.62233","0.500044","0.51416","0.0416184","0.544837","0.553004","1.62463","1.71531e-15","3.0893","3.07499","2.93156","6.63976","0","0","0","0","0","0","0","0"
"3.62562","0.500044","0.514555","0.0416209","0.544917","0.553076","1.62401","1.71604e-15","3.09022","3.07338","2.93271","6.64173","0","0","0","0","0","0","0","0"
"3.62902","0.500044","0.514555","0.0416239","0.544169","0.552444","1.61889","1.71687e-15","3.08938","3.07454","2.94015","6.65736","0","0","0","0","0","0","0","0"
"3.6324","0.500044","0.514555","0.0416264","0.543845","0.552185","1.61457","1.71522e-15","3.08606","3.0723","2.94657","6.64628","0","0","0","0","0","0","0","0"
"3.63578","0.500044","0.514555","0.0416293","0.543685","0.552329","1.61054","1.71685e-15","3.08618","3.06997","2.94973","6.65371","0","0","0","0","0","0","0","0"
"3.63928","0.500044","0.514555","0.0416335","0.54397","0.552398","1.61229","1.71754e-15","3.08655","3.06799","2.94478","6.65972","0","0","0","0","0","0","0","0"
"3.64255","0.500044","0.514553","0.0416424","0.543554","0.551986","1.60668","1.71563e-15","3.08729","3.06538","2.95498","6.64727","0","0","0","0","0","0","0","0"
"3.64593","0.500044","0.514553","0.04165","0.544795","0.553318","1.60951","1.71661e-15","3.09996","3.06846","2.9518","6.65863","0","0","0","0","0","0","0","0"
"3.65062","0.500044","0.514553","0.0416614","0.545307","0.554148","1.62054","1.71746e-15","3.09226","3.05614","2.9515","6.68286","0","0","0","0","0","0","0","0"
"3.654","0.500044","0.514553","0.0416703","0.545245","0.554494","1.61502","1.71613e-15","3.09146","3.06067","2.96215","6.67187","0","0","0","0","0","0","0","0"
"3.65748","0.500044","0.514553","0.041678","0.545232","0.554805","1.61185","1.71586e-15","3.08671","3.05289","2.96666","6.66434","0","0","0","0","0","0","0","0"
"3.66075","0.500044","0.514473","0.0416871","0.544063","0.553528","1.60408","1.71749e-15","3.09132","3.05561","2.98699","6.68553","0","0","0","0","0","0","0","0"
"3.66428","0.500044","0.514473","0.0416948","0.544058","0.553007","1.59799","1.71625e-15","3.08874","3.05908","3.0014","6.67016","0","0","0","0","0","0","0","0"
"3.66767","0.500044","0.514473","0.0417039","0.543568","0.552713","1.59393","1.71693e-15","3.08962","3.06075","3.00366","6.66905","0","0","0","0","0","0","0","0"
"3.67107","0.500044","0.514473","0.0417116","0.543179","0.552343","1.58926","1.71915e-15","3.08663","3.05819","3.01075","6.69349","0","0","0","0","0","0","0","0"
"3.67453","0.500044","0.514473","0.0417174","0.543412","0.552222","1.58471","1.71694e-15","3.08512","3.05562","3.01983","6.69326","0","0","0","0","0","0","0","0"
"3.67782","0.500044","0.514681","0.0417219","0.542785","0.551805","1.58043","1.71614e-15","3.08586","3.05289","3.02775","6.67556","0","0","0","0","0","0","0","0"
"3.6812","0.500044","0.514681","0.0417272","0.543236","0.552146","1.57394","1.71821e-15","3.08339","3.05321","3.04383","6.6845","0","0","0","0","0","0","0","0"
"3.68462","0.500044","0.514681","0.0417317","0.544254","0.552939","1.57552","1.71893e-15","3.08048","3.04664","3.0323","6.69261","0","0","0","0","0","0","0","0"
"3.689","0.500044","0.514681","0.0417369","0.546151","0.554648","1.57908","1.71642e-15","3.09327","3.05601","3.009","6.66199","0","0","0","0","0","0","0","0"
"3.69255","0.500044","0.514762","0.0417369","0.546128","0.554813","1.57802","1.71811e-15","3.09608","3.05639","3.00133","6.66624","0","0","0","0","0","0","0","0"
"3.69578","0.500044","0.514762","0.0417367","0.54599","0.554583","1.57832","1.71911e-15","3.09942","3.06111","2.9912","6.68115","0","0","0","0","0","0","0","0"
"3.6992","0.500044","0.514762","0.0417366","0.545484","0.554166","1.57303","1.718e-15","3.09626","3.05795","3.00241","6.66824","0","0","0","0","0","0","0","0"
"3.70255","0.500044","0.514762","0.0417365","0.54542","0.553949","1.56792","1.72025e-15","3.09418","3.05632","3.01186","6.67458","0","0","0","0","0","0","0","0"
"3.706","0.500044","0.514762","0.0417365","0.545081","0.553441","1.56559","1.72012e-15","3.09165","3.054","3.00828","6.68203","0","0","0","0","0","0","0","0"
"3.70943","0.500044","0.514716","0.0417365","0.545562","0.554054","1.56944","1.71863e-15","3.09337","3.06128","2.99794","6.67115","0","0","0","0","0","0","0","0"
"3.71272","0.500044","0.514716","0.0417365","0.544759","0.553398","1.56496","1.72093e-15","3.09613","3.05995","3.00484","6.69387","0","0","0","0","0","0","0","0"
"3.7161","0.500044","0.514716","0.0417364","0.544132","0.552699","1.56116","1.72024e-15","3.09319","3.06014","3.0053","6.7074","0","0","0","0","0","0","0","0"
"3.71948","0.500044","0.514716","0.0417364","0.544175","0.552578","1.55881","1.72011e-15","3.09252","3.06489","3.0064","6.69483","0","0","0","0","0","0","0","0"
"3.72315","0.500044","0.514716","0.0417344","0.544721","0.553447","1.57434","1.72051e-15","3.09327","3.05947","3.0011","6.69104","0","0","0","0","0","0","0","0"
"3.7265","0.500044","0.515077","0.0417296","0.544743","0.553712","1.57428","1.72062e-15","3.0928","3.05956","2.99319","6.6934","0","0","0","0","0","0","0","0"
"3.7298","0.500044","0.515077","0.0417255","0.544462","0.553744","1.56808","1.71981e-15","3.09154","3.05698","3.00964","6.67597","0","0","0","0","0","0","0","0"
"3.73397","0.500044","0.515077","0.04172","0.544275","0.553432","1.56251","1.72142e-15","3.0931","3.05937","3.01628","6.70161","0","0","0","0","0","0","0","0"
"3.73735","0.500044","0.515077","0.0417152","0.544643","0.5538","1.56761","1.72166e-15","3.09065","3.05726","3.0057","6.70531","0","0","0","0","0","0","0","0"
"3.74085","0.500044","0.515077","0.0417127","0.54463","0.553482","1.5674","1.7198e-15","3.09179","3.05441","2.99474","6.69688","0","0","0","0","0","0","0","0"
"3.74413","0.500044","0.515073","0.0417102","0.544876","0.55375","1.57335","1.72288e-15","3.09094","3.05531","2.98566","6.72616","0","0","0","0","0","0","0","0"
"3.74752","0.500044","0.515073","0.0417081","0.545144","0.553877","1.5676","1.72252e-15","3.08882","3.05539","3.00028","6.73272","0","0","0","0","0","0","0","0"
"3.7509","0.500044","0.515073","0.0417056","0.545589","0.554424","1.56077","1.72069e-15","3.09809","3.06663","3.021","6.72358","0","0","0","0","0","0","0","0"
"3.75428","0.500044","0.515073","0.0417035","0.545468","0.554034","1.56203","1.72235e-15","3.10112","3.06654","3.01043","6.73809","0","0","0","0","0","0","0","0"
"3.75777","0.500044","0.515073","0.041696","0.545181","0.553539","1.56102","1.72149e-15","3.09563","3.06377","3.00191","6.7387","0","0","0","0","0","0","0","0"
"3.76105","0.500044","0.515126","0.0416889","0.545994","0.554435","1.56111","1.71937e-15","3.09459","3.06108","2.98992","6.7254","0","0","0","0","0","0","0","0"
"3.76443","0.500044","0.515126","0.0416805","0.545667","0.554094","1.56617","1.72004e-15","3.09245","3.05489","2.97878","6.72873","0","0","0","0","0","0","0","0"
"3.76783","0.500044","0.515126","0.0416733","0.545284","0.55359","1.56296","1.72121e-15","3.09117","3.05327","2.97942","6.75223","0","0","0","0","0","0","0","0"
"3.77232","0.500044","0.515126","0.0416647","0.544959","0.553293","1.5675","1.71899e-15","3.0967","3.05175","2.96593","6.73624","0","0","0","0","0","0","0","0"
"3.77563","0.500044","0.515284","0.0416638","0.545159","0.553804","1.56932","1.71925e-15","3.0946","3.05191","2.96007","6.7465","0","0","0","0","0","0","0","0"
"3.77902","0.500044","0.515284","0.0416628","0.544775","0.553514","1.56538","1.72055e-15","3.09278","3.04873","2.96399","6.7804","0","0","0","0","0","0","0","0"
"3.78242","0.500044","0.515284","0.0416619","0.544727","0.553702","1.5625","1.71872e-15","3.09399","3.05267","2.9656","6.76916","0","0","0","0","0","0","0","0"
"3.78578","0.500044","0.515284","0.0416609","0.54481","0.554404","1.561","1.71809e-15","3.09945","3.05709","2.96","6.76351","0","0","0","0","0","0","0","0"
"3.7893","0.500044","0.515284","0.0416614","0.545165","0.554459","1.5613","1.719e-15","3.10165","3.05705","2.94869","6.74967","0","0","0","0","0","0","0","0"
"3.79257","0.500044","0.515364","0.0416653","0.544574","0.554346","1.55837","1.71897e-15","3.10124","3.05396","2.94895","6.74402","0","0","0","0","0","0","0","0"
"3.79595","0.500044","0.515364","0.0416687","0.544605","0.554666","1.56163","1.71736e-15","3.09779","3.04984","2.93306","6.72851","0","0","0","0","0","0","0","0"
"3.79935","0.500044","0.515364","0.0416726","0.544178","0.554159","1.55908","1.71794e-15","3.10318","3.05323","2.93449","6.73219","0","0","0","0","0","0","0","0"
"3.80272","0.500044","0.515364","0.0416759","0.544146","0.554205","1.56529","1.71942e-15","3.10293","3.04884","2.93758","6.73943","0","0","0","0","0","0","0","0"
"3.80622","0.500044","0.515364","0.0416768","0.544632","0.55516","1.56299","1.71828e-15","3.10634","3.04561","2.93766","6.7283","0","0","0","0","0","0","0","0"
"3.8095","0.500044","0.515336","0.0416741","0.543806","0.554576","1.56027","1.71831e-15","3.10627","3.04424","2.93657","6.71314","0","0","0","0","0","0","0","0"
"3.81288","0.500044","0.515336","0.0416709","0.543324","0.553933","1.55992","1.72057e-15","3.10501","3.0414","2.93103","6.69969","0","0","0","0","0","0","0","0"
"3.8173","0.500044","0.515336","0.0416673","0.545923","0.556347","1.58049","1.7192e-15","3.1369","3.07662","3.0351","6.69286","0","0","0","0","0","0","0","0"
"3.82068","0.500044","0.515336","0.0416641","0.546045","0.556368","1.57391","1.7202e-15","3.12922","3.06837","3.05292","6.67906","0","0","0","0","0","0","0","0"
"3.82418","0.500044","0.515336","0.0416619","0.545573","0.555934","1.57384","1.71909e-15","3.12812","3.06927","3.04886","6.66544","0","0","0","0","0","0","0","0"
"3.82747","0.500044","0.515425","0.0416596","0.545601","0.555853","1.57773","1.71972e-15","3.12415","3.06229","3.05306","6.64984","0","0","0","0","0","0","0","0"
"3.83085","0.500044","0.515425","0.0416576","0.545194","0.555726","1.57428","1.72078e-15","3.12248","3.06422","3.0562","6.66423","0","0","0","0","0","0","0","0"
"3.83423","0.500044","0.515425","0.0416553","0.545003","0.555696","1.56977","1.71952e-15","3.12025","3.0623","3.06075","6.65074","0","0","0","0","0","0","0","0"
"3.83762","0.500044","0.515425","0.0416533","0.544567","0.555338","1.5625","1.72182e-15","3.1181","3.06088","3.084","6.65682","0","0","0","0","0","0","0","0"
"3.8411","0.500044","0.515425","0.0416503","0.544252","0.555012","1.56209","1.72122e-15","3.11532","3.05918","3.07512","6.65129","0","0","0","0","0","0","0","0"
"3.84438","0.500044","0.515515","0.0416476","0.543444","0.55427","1.55808","1.71917e-15","3.11658","3.06092","3.07903","6.63637","0","0","0","0","0","0","0","0"
"3.84777","0.500044","0.515515","0.0416444","0.544558","0.554981","1.56503","1.72094e-15","3.12574","3.07625","3.07608","6.66588","0","0","0","0","0","0","0","0"
"3.85115","0.500044","0.515515","0.0416417","0.544016","0.554721","1.56778","1.72308e-15","3.12563","3.07605","3.05792","6.70123","0","0","0","0","0","0","0","0"
"3.85567","0.500044","0.515515","0.0416375","0.544401","0.554856","1.5759","1.7199e-15","3.12792","3.08136","3.02955","6.68803","0","0","0","0","0","0","0","0"
"3.85897","0.500044","0.515598","0.041634","0.544414","0.55496","1.57607","1.71983e-15","3.12195","3.07582","3.01904","6.69043","0","0","0","0","0","0","0","0"
"3.86237","0.500044","0.515598","0.04163","0.543947","0.554637","1.56987","1.72253e-15","3.12279","3.07693","3.03192","6.72805","0","0","0","0","0","0","0","0"
"3.86573","0.500044","0.515598","0.0416266","0.543412","0.554225","1.56446","1.72156e-15","3.1257","3.0768","3.04358","6.73353","0","0","0","0","0","0","0","0"
"3.86913","0.500044","0.515598","0.0416225","0.543588","0.554271","1.56119","1.72027e-15","3.12438","3.07359","3.0433","6.71918","0","0","0","0","0","0","0","0"
"3.87262","0.500044","0.515598","0.0416194","0.543708","0.554378","1.55983","1.71998e-15","3.11808","3.06781","3.03715","6.71869","0","0","0","0","0","0","0","0"
"3.8759","0.500044","0.515468","0.0416163","0.544419","0.554866","1.55893","1.72063e-15","3.11323","3.06377","3.02618","6.72932","0","0","0","0","0","0","0","0"
"3.87928","0.500044","0.515468","0.0416136","0.544412","0.554687","1.55622","1.71935e-15","3.11678","3.06397","3.03152","6.73028","0","0","0","0","0","0","0","0"
"3.88268","0.500044","0.515468","0.0416106","0.544632","0.554797","1.55181","1.71769e-15","3.11066","3.06289","3.03573","6.71045","0","0","0","0","0","0","0","0"
"3.88605","0.500044","0.515468","0.0416079","0.544636","0.555241","1.55093","1.71925e-15","3.10792","3.05702","3.0273","6.7335","0","0","0","0","0","0","0","0"
"3.88953","0.500044","0.515468","0.0416087","0.544888","0.554871","1.54899","1.72016e-15","3.10633","3.05211","3.02905","6.73438","0","0","0","0","0","0","0","0"
"3.89282","0.500044","0.515414","0.0416138","0.545625","0.555383","1.56778","1.71912e-15","3.11397","3.05691","3.0776","6.71965","0","0","0","0","0","0","0","0"
"3.89622","0.500044","0.515414","0.0416198","0.545818","0.55608","1.58489","1.71894e-15","3.1123","3.05367","3.0707","6.72398","0","0","0","0","0","0","0","0"
"3.90063","0.500044","0.515414","0.0416266","0.545302","0.555605","1.57622","1.72165e-15","3.10867","3.05267","3.09456","6.7526","0","0","0","0","0","0","0","0"
"3.90402","0.500044","0.515414","0.0416326","0.544699","0.554858","1.57021","1.71996e-15","3.10767","3.05288","3.10771","6.74592","0","0","0","0","0","0","0","0"
"3.90752","0.500044","0.515414","0.0416379","0.545437","0.555235","1.57054","1.7188e-15","3.10639","3.05374","3.10246","6.73352","0","0","0","0","0","0","0","0"
"3.9108","0.500044","0.515544","0.0416442","0.546329","0.555957","1.57051","1.72131e-15","3.11765","3.05448","3.0983","6.75806","0","0","0","0","0","0","0","0"
"3.91418","0.500044","0.515544","0.0416495","0.54589","0.555466","1.56555","1.72203e-15","3.11842","3.05479","3.10875","6.78947","0","0","0","0","0","0","0","0"
"3.91757","0.500044","0.515544","0.0416558","0.546123","0.55555","1.56869","1.71987e-15","3.11969","3.05177","3.08577","6.77412","0","0","0","0","0","0","0","0"
"3.92095","0.500044","0.515544","0.0416611","0.546365","0.555783","1.56525","1.71963e-15","3.11502","3.05047","3.08765","6.76464","0","0","0","0","0","0","0","0"
"3.92443","0.500044","0.515544","0.0416613","0.545458","0.554641","1.56071","1.71982e-15","3.12062","3.06131","3.09265","6.76545","0","0","0","0","0","0","0","0"
"3.92772","0.500044","0.51569","0.0416605","0.54598","0.554849","1.56092","1.72082e-15","3.11618","3.0577","3.08286","6.79041","0","0","0","0","0","0","0","0"
"3.93123","0.500044","0.51569","0.0416596","0.54556","0.55464","1.56133","1.71951e-15","3.11696","3.06242","3.07216","6.76993","0","0","0","0","0","0","0","0"
"3.93448","0.500044","0.51569","0.0416588","0.545998","0.554985","1.55664","1.71924e-15","3.11759","3.05925","3.08119","6.75083","0","0","0","0","0","0","0","0"
"3.93898","0.500044","0.51569","0.0416585","0.544806","0.553825","1.55238","1.72126e-15","3.12154","3.062","3.08684","6.74891","0","0","0","0","0","0","0","0"
"3.9423","0.500044","0.515761","0.0416602","0.543896","0.553136","1.54543","1.71979e-15","3.12071","3.05978","3.10941","6.74226","0","0","0","0","0","0","0","0"
"3.94568","0.500044","0.515761","0.0416622","0.543532","0.552728","1.53914","1.7187e-15","3.11983","3.06136","3.12389","6.73425","0","0","0","0","0","0","0","0"
"3.94907","0.500044","0.515761","0.0416639","0.543366","0.552512","1.53359","1.72076e-15","3.12183","3.05896","3.13764","6.75789","0","0","0","0","0","0","0","0"
"3.95247","0.500044","0.515761","0.0416658","0.542928","0.552308","1.53014","1.72183e-15","3.12054","3.05701","3.14482","6.78454","0","0","0","0","0","0","0","0"
"3.95595","0.500044","0.515761","0.0416678","0.54379","0.552943","1.54004","1.71968e-15","3.11938","3.06154","3.15957","6.77657","0","0","0","0","0","0","0","0"
"3.95923","0.500044","0.515676","0.0416705","0.54439","0.553966","1.55221","1.72069e-15","3.12188","3.06031","3.20566","6.78546","0","0","0","0","0","0","0","0"
"3.96262","0.500044","0.515676","0.0416728","0.545641","0.554203","1.57261","1.72145e-15","3.12537","3.06437","3.25125","6.78206","0","0","0","0","0","0","0","0"
"3.96602","0.500044","0.515676","0.0416756","0.5467","0.555074","1.58476","1.71896e-15","3.12018","3.05726","3.22393","6.77441","0","0","0","0","0","0","0","0"
"3.96938","0.500044","0.515676","0.0416779","0.545781","0.554944","1.58104","1.7204e-15","3.1244","3.05588","3.22716","6.78875","0","0","0","0","0","0","0","0"
"3.97288","0.500044","0.515676","0.0416796","0.5459","0.5553","1.58021","1.72048e-15","3.12056","3.05402","3.21901","6.79725","0","0","0","0","0","0","0","0"
"3.97615","0.500044","0.515416","0.0416796","0.545548","0.555243","1.57479","1.71855e-15","3.11736","3.04972","3.23223","6.78575","0","0","0","0","0","0","0","0"
"3.97957","0.500044","0.515416","0.0416798","0.545309","0.555246","1.57544","1.71855e-15","3.11427","3.04657","3.21486","6.79093","0","0","0","0","0","0","0","0"
"3.98397","0.500044","0.515416","0.0416799","0.544682","0.554688","1.57168","1.72013e-15","3.11236","3.04519","3.21194","6.78769","0","0","0","0","0","0","0","0"
"3.98735","0.500044","0.515416","0.04168","0.544829","0.554803","1.58163","1.71855e-15","3.11532","3.0514","3.19886","6.77569","0","0","0","0","0","0","0","0"
"3.99085","0.500044","0.515416","0.0416725","0.544527","0.554556","1.58349","1.71769e-15","3.11197","3.04913","3.18884","6.77299","0","0","0","0","0","0","0","0"
"3.99412","0.500044","0.515518","0.0416621","0.5437","0.553701","1.58052","1.71923e-15","3.1156","3.0565","3.18702","6.78355","0","0","0","0","0","0","0","0"
"3.9975","0.500044","0.515518","0.0416532","0.543557","0.553624","1.58206","1.7187e-15","3.119","3.05478","3.16714","6.78918","0","0","0","0","0","0","0","0"
"4.00088","0.500044","0.515518","0.0416427","0.543223","0.553215","1.5828","1.7176e-15","3.12185","3.05623","3.15038","6.75583","0","0","0","0","0","0","0","0"
"4.00428","0.500044","0.515518","0.0416338","0.543226","0.553269","1.58549","1.71908e-15","3.1178","3.0549","3.13949","6.73631","0","0","0","0","0","0","0","0"
"4.00775","0.500044","0.515518","0.0416333","0.542714","0.552919","1.58369","1.71862e-15","3.11727","3.05333","3.134","6.72009","0","0","0","0","0","0","0","0"
"4.01105","0.500044","0.515551","0.0416344","0.542274","0.55227","1.57767","1.71655e-15","3.11477","3.05425","3.14939","6.70221","0","0","0","0","0","0","0","0"
"4.01443","0.500044","0.515551","0.0416356","0.542751","0.55298","1.57365","1.71836e-15","3.11256","3.05783","3.15242","6.7162","0","0","0","0","0","0","0","0"
"4.01782","0.500044","0.515551","0.0416366","0.542789","0.552605","1.58383","1.71873e-15","3.11264","3.05763","3.13496","6.73629","0","0","0","0","0","0","0","0"
"4.02232","0.500044","0.515551","0.041639","0.543358","0.553619","1.58416","1.71808e-15","3.10546","3.04824","3.12328","6.70753","0","0","0","0","0","0","0","0"
"4.02575","0.500044","0.51528","0.0416424","0.542479","0.552626","1.57856","1.71921e-15","3.10478","3.05269","3.13664","6.72176","0","0","0","0","0","0","0","0"
"4.02913","0.500044","0.51528","0.0416465","0.54217","0.552338","1.57577","1.71784e-15","3.10454","3.053","3.13588","6.71541","0","0","0","0","0","0","0","0"
"4.03253","0.500044","0.51528","0.0416499","0.541509","0.55156","1.57008","1.71856e-15","3.10541","3.05869","3.1492","6.73133","0","0","0","0","0","0","0","0"
"4.0359","0.500044","0.51528","0.0416539","0.540823","0.551037","1.56234","1.72057e-15","3.10736","3.06623","3.17238","6.73557","0","0","0","0","0","0","0","0"
"4.03942","0.500044","0.51528","0.0416563","0.540126","0.550171","1.56106","1.71819e-15","3.10687","3.07068","3.1716","6.7246","0","0","0","0","0","0","0","0"
"4.04268","0.500044","0.515093","0.0416567","0.539738","0.550164","1.55731","1.71839e-15","3.10388","3.06757","3.17559","6.7281","0","0","0","0","0","0","0","0"
"4.04605","0.500044","0.515093","0.041657","0.540393","0.551111","1.55493","1.71907e-15","3.1065","3.07267","3.17273","6.74302","0","0","0","0","0","0","0","0"
"4.0494","0.500044","0.515093","0.0416574","0.540037","0.550743","1.55563","1.71786e-15","3.10397","3.06939","3.1524","6.72556","0","0","0","0","0","0","0","0"
"4.05277","0.500044","0.515093","0.0416577","0.53998","0.550306","1.56346","1.7197e-15","3.10001","3.06776","3.13397","6.73618","0","0","0","0","0","0","0","0"
"4.05625","0.500044","0.515093","0.0416588","0.540592","0.551285","1.56137","1.72073e-15","3.09673","3.06891","3.12701","6.72393","0","0","0","0","0","0","0","0"
"4.05955","0.500044","0.514846","0.0416604","0.54067","0.551076","1.56924","1.7193e-15","3.09229","3.06663","3.10412","6.71576","0","0","0","0","0","0","0","0"
"4.06292","0.500044","0.514846","0.0416624","0.540629","0.550912","1.57877","1.71779e-15","3.0906","3.06552","3.07161","6.69856","0","0","0","0","0","0","0","0"
"4.06713","0.500044","0.514846","0.0416646","0.540426","0.550921","1.57609","1.71931e-15","3.08423","3.0623","3.06781","6.72148","0","0","0","0","0","0","0","0"
"4.07048","0.500044","0.514846","0.0416662","0.539781","0.550588","1.57167","1.71902e-15","3.08752","3.06642","3.07493","6.73651","0","0","0","0","0","0","0","0"
"4.07397","0.500044","0.514846","0.0416709","0.540024","0.551045","1.57293","1.71582e-15","3.08215","3.05621","3.05834","6.7237","0","0","0","0","0","0","0","0"
"4.07725","0.500044","0.514576","0.0416759","0.540041","0.551496","1.56869","1.71612e-15","3.0779","3.05394","3.06613","6.71741","0","0","0","0","0","0","0","0"
"4.08063","0.500044","0.514576","0.0416817","0.540333","0.551531","1.56959","1.71774e-15","3.07186","3.05101","3.05444","6.73644","0","0","0","0","0","0","0","0"
"4.08402","0.500044","0.514576","0.0416867","0.539697","0.550547","1.56495","1.71528e-15","3.07483","3.05607","3.06273","6.73433","0","0","0","0","0","0","0","0"
"4.0874","0.500044","0.514576","0.0416926","0.5397","0.550135","1.5598","1.71518e-15","3.07399","3.05196","3.06945","6.72672","0","0","0","0","0","0","0","0"
"4.09088","0.500044","0.514576","0.0416938","0.53949","0.54996","1.55498","1.71452e-15","3.07372","3.05508","3.07856","6.73057","0","0","0","0","0","0","0","0"
"4.09418","0.500044","0.514529","0.0416944","0.538799","0.548877","1.55134","1.71283e-15","3.07137","3.05916","3.0785","6.71847","0","0","0","0","0","0","0","0"
"4.09755","0.500044","0.514529","0.0416948","0.53823","0.54819","1.54881","1.7135e-15","3.06944","3.06017","3.0756","6.7171","0","0","0","0","0","0","0","0"
"4.10095","0.500044","0.514529","0.0416954","0.53861","0.54867","1.54221","1.71506e-15","3.07401","3.06598","3.09211","6.74214","0","0","0","0","0","0","0","0"
"4.10435","0.500044","0.514529","0.0416959","0.53901","0.549088","1.53954","1.7136e-15","3.07377","3.07125","3.09253","6.7352","0","0","0","0","0","0","0","0"
"4.10782","0.500044","0.514529","0.0416971","0.538916","0.548925","1.54094","1.71256e-15","3.0789","3.0698","3.08803","6.7396","0","0","0","0","0","0","0","0"
"4.1111","0.500044","0.514449","0.0416983","0.539079","0.549113","1.54107","1.71451e-15","3.0754","3.06619","3.07613","6.76127","0","0","0","0","0","0","0","0"
"4.11448","0.500044","0.514449","0.0416996","0.539477","0.54953","1.53814","1.71343e-15","3.07368","3.0638","3.07361","6.76265","0","0","0","0","0","0","0","0"
"4.11788","0.500044","0.514449","0.0417008","0.538968","0.549241","1.54208","1.71266e-15","3.0717","3.06636","3.05189","6.74571","0","0","0","0","0","0","0","0"
"4.12232","0.500044","0.514449","0.0417031","0.54066","0.550419","1.55592","1.71494e-15","3.09544","3.06723","3.04355","6.75192","0","0","0","0","0","0","0","0"
"4.12568","0.500044","0.514212","0.0417058","0.54101","0.550806","1.56934","1.71257e-15","3.09969","3.06587","3.04831","6.74205","0","0","0","0","0","0","0","0"
"4.12907","0.500044","0.514212","0.0417089","0.540255","0.549962","1.56908","1.7126e-15","3.10014","3.06478","3.03496","6.72859","0","0","0","0","0","0","0","0"
"4.1324","0.500044","0.514212","0.0417115","0.540495","0.549824","1.57602","1.7146e-15","3.10963","3.06548","3.02206","6.72734","0","0","0","0","0","0","0","0"
"4.13575","0.500044","0.514212","0.0417147","0.539764","0.549136","1.57133","1.71452e-15","3.11101","3.06886","3.02698","6.73362","0","0","0","0","0","0","0","0"
"4.13933","0.500044","0.514212","0.0417158","0.540665","0.550225","1.57327","1.71372e-15","3.11144","3.08377","3.01453","6.70995","0","0","0","0","0","0","0","0"
"4.14255","0.500044","0.514211","0.0417136","0.540315","0.549801","1.56561","1.71523e-15","3.11268","3.08803","3.03601","6.71366","0","0","0","0","0","0","0","0"
"4.14593","0.500044","0.514211","0.0417117","0.539549","0.549148","1.55999","1.7145e-15","3.11102","3.08444","3.04905","6.69978","0","0","0","0","0","0","0","0"
"4.15075","0.500044","0.514211","0.0417088","0.539489","0.548887","1.55614","1.71374e-15","3.12137","3.09744","3.05009","6.67882","0","0","0","0","0","0","0","0"
"4.154","0.500044","0.514211","0.0417066","0.539689","0.548954","1.56784","1.71597e-15","3.11478","3.08867","3.02363","6.69862","0","0","0","0","0","0","0","0"
"4.15788","0.500044","0.514211","0.0416965","0.540288","0.549927","1.57278","1.71475e-15","3.11624","3.09327","3.01334","6.68518","0","0","0","0","0","0","0","0"
"4.16087","0.500044","0.514286","0.0416829","0.539667","0.54972","1.57894","1.71372e-15","3.11541","3.0889","2.98194","6.67266","0","0","0","0","0","0","0","0"
"4.16423","0.500044","0.514286","0.0416712","0.540699","0.551053","1.57743","1.71573e-15","3.12128","3.09779","2.97775","6.6828","0","0","0","0","0","0","0","0"
"4.16768","0.500044","0.514286","0.0416575","0.541178","0.551441","1.58537","1.71493e-15","3.12347","3.09549","2.9864","6.69474","0","0","0","0","0","0","0","0"
"4.17103","0.500044","0.514286","0.0416458","0.541489","0.551433","1.58032","1.71363e-15","3.11775","3.09221","2.9956","6.68149","0","0","0","0","0","0","0","0"
"4.17452","0.500044","0.514286","0.0416441","0.540701","0.550621","1.57275","1.71387e-15","3.1192","3.09163","3.01635","6.67275","0","0","0","0","0","0","0","0"
"4.17778","0.500044","0.514227","0.0416443","0.541","0.55077","1.57056","1.71433e-15","3.11768","3.08755","3.01216","6.65872","0","0","0","0","0","0","0","0"
"4.18117","0.500044","0.514227","0.0416446","0.541016","0.551287","1.56756","1.71208e-15","3.11752","3.08104","3.01705","6.64082","0","0","0","0","0","0","0","0"
"4.18472","0.500044","0.514227","0.0416448","0.541148","0.551218","1.56216","1.71264e-15","3.12679","3.0877","3.02867","6.63842","0","0","0","0","0","0","0","0"
"4.18898","0.500044","0.514227","0.0416477","0.542878","0.552945","1.57748","1.71269e-15","3.1488","3.09017","3.07747","6.65998","0","0","0","0","0","0","0","0"
"4.19237","0.500044","0.514383","0.0416554","0.542661","0.552983","1.57342","1.71087e-15","3.15075","3.0901","3.08711","6.65308","0","0","0","0","0","0","0","0"
"4.19575","0.500044","0.514383","0.0416643","0.542837","0.553286","1.58055","1.71333e-15","3.15469","3.09615","3.08711","6.66268","0","0","0","0","0","0","0","0"
"4.19915","0.500044","0.514383","0.041672","0.542329","0.55292","1.58173","1.71399e-15","3.15291","3.09498","3.07081","6.66303","0","0","0","0","0","0","0","0"
"4.20253","0.500044","0.514383","0.041681","0.542446","0.55327","1.58431","1.71239e-15","3.15018","3.09006","3.06593","6.6471","0","0","0","0","0","0","0","0"
"4.20602","0.500044","0.514383","0.0416886","0.542729","0.553698","1.5834","1.71305e-15","3.14429","3.09242","3.05901","6.64288","0","0","0","0","0","0","0","0"
"4.2093","0.500044","0.514626","0.041697","0.542462","0.55327","1.57738","1.71276e-15","3.13886","3.08752","3.07107","6.64806","0","0","0","0","0","0","0","0"
"4.21268","0.500044","0.514626","0.0417043","0.542382","0.553106","1.58196","1.71115e-15","3.13722","3.08352","3.05402","6.63206","0","0","0","0","0","0","0","0"
"4.21607","0.500044","0.514626","0.0417127","0.542793","0.55362","1.59614","1.71382e-15","3.138","3.08654","3.02849","6.64815","0","0","0","0","0","0","0","0"
"4.21945","0.500044","0.514626","0.04172","0.541975","0.552892","1.59108","1.7152e-15","3.14064","3.08779","3.03922","6.66661","0","0","0","0","0","0","0","0"
"4.22293","0.500044","0.514626","0.0417252","0.541608","0.552503","1.5894","1.71307e-15","3.14043","3.08767","3.03545","6.64909","0","0","0","0","0","0","0","0"
"4.22622","0.500044","0.514914","0.0417259","0.54165","0.552814","1.58764","1.71454e-15","3.14241","3.08935","3.03524","6.66227","0","0","0","0","0","0","0","0"
"4.2296","0.500044","0.514914","0.0417267","0.540863","0.552091","1.58792","1.71691e-15","3.14214","3.08752","3.02851","6.69484","0","0","0","0","0","0","0","0"
"4.23377","0.500044","0.514914","0.0417276","0.542362","0.553137","1.6208","1.71538e-15","3.14717","3.08269","3.0685","6.68031","0","0","0","0","0","0","0","0"
"4.23715","0.500044","0.514914","0.0417283","0.541509","0.552326","1.61749","1.71592e-15","3.14959","3.08636","3.07191","6.66939","0","0","0","0","0","0","0","0"
"4.24065","0.500044","0.514914","0.0417238","0.541243","0.552081","1.61179","1.71626e-15","3.15351","3.08574","3.08124","6.66783","0","0","0","0","0","0","0","0"
"4.24393","0.500044","0.514928","0.0417181","0.540335","0.551349","1.60733","1.71501e-15","3.15613","3.0886","3.08818","6.66501","0","0","0","0","0","0","0","0"
"4.24732","0.500044","0.514928","0.0417115","0.540279","0.551363","1.60362","1.71579e-15","3.15082","3.08347","3.09146","6.67263","0","0","0","0","0","0","0","0"
"4.2507","0.500044","0.514928","0.0417058","0.540382","0.55139","1.60663","1.71718e-15","3.15017","3.0789","3.07528","6.68824","0","0","0","0","0","0","0","0"
"4.25408","0.500044","0.514928","0.0416992","0.54047","0.551742","1.60975","1.71578e-15","3.15745","3.08436","3.0571","6.69848","0","0","0","0","0","0","0","0"
"4.25757","0.500044","0.514928","0.0416985","0.541303","0.553016","1.61954","1.71467e-15","3.16411","3.1097","3.03946","6.68961","0","0","0","0","0","0","0","0"
"4.26098","0.500044","0.514725","0.041699","0.540929","0.552687","1.62098","1.71594e-15","3.16327","3.12256","3.02331","6.68982","0","0","0","0","0","0","0","0"
"4.26423","0.500044","0.514725","0.0416994","0.541828","0.553244","1.63069","1.71527e-15","3.16013","3.12105","3.00002","6.6889","0","0","0","0","0","0","0","0"
"4.26763","0.500044","0.514725","0.0416999","0.542201","0.553591","1.62559","1.71447e-15","3.16691","3.12937","3.01526","6.68152","0","0","0","0","0","0","0","0"
"4.27103","0.500044","0.514725","0.0417003","0.541121","0.552337","1.61919","1.71579e-15","3.16916","3.13604","3.03137","6.6809","0","0","0","0","0","0","0","0"
"4.27462","0.500044","0.514725","0.0417027","0.540773","0.552048","1.61404","1.71416e-15","3.1652","3.13557","3.04","6.68112","0","0","0","0","0","0","0","0"
"4.27788","0.500044","0.514475","0.0417051","0.540322","0.551641","1.6099","1.71331e-15","3.16923","3.13686","3.04417","6.65861","0","0","0","0","0","0","0","0"
"4.28127","0.500044","0.514475","0.0417079","0.540507","0.551826","1.60356","1.7143e-15","3.17601","3.14706","3.05762","6.66032","0","0","0","0","0","0","0","0"
"4.28467","0.500044","0.514475","0.0417103","0.540449","0.551761","1.6003","1.71697e-15","3.1758","3.14588","3.05848","6.68088","0","0","0","0","0","0","0","0"
"4.28898","0.500044","0.514475","0.0417137","0.539915","0.550961","1.59194","1.71482e-15","3.17433","3.15586","3.08174","6.66099","0","0","0","0","0","0","0","0"
"4.2922","0.500044","0.514564","0.0417159","0.54136","0.551994","1.61004","1.71585e-15","3.18251","3.16173","3.116","6.66854","0","0","0","0","0","0","0","0"
"4.2956","0.500044","0.514564","0.041718","0.542193","0.55256","1.62484","1.71751e-15","3.17824","3.15893","3.09648","6.69607","0","0","0","0","0","0","0","0"
"4.29898","0.500044","0.514564","0.0417205","0.543259","0.553657","1.63201","1.71599e-15","3.1764","3.1536","3.08043","6.67925","0","0","0","0","0","0","0","0"
"4.30237","0.500044","0.514564","0.0417226","0.543377","0.553967","1.63127","1.71631e-15","3.17181","3.15165","3.07475","6.68315","0","0","0","0","0","0","0","0"
"4.30585","0.500044","0.514564","0.041725","0.542717","0.553487","1.62861","1.71809e-15","3.17205","3.14841","3.07016","6.70505","0","0","0","0","0","0","0","0"
"4.30913","0.500044","0.514451","0.0417268","0.542642","0.553462","1.62285","1.71661e-15","3.1709","3.15089","3.08299","6.68914","0","0","0","0","0","0","0","0"
"4.31252","0.500044","0.514451","0.0417289","0.542411","0.553055","1.63101","1.71646e-15","3.17236","3.14534","3.09492","6.6886","0","0","0","0","0","0","0","0"
"4.3172","0.500044","0.514451","0.0417317","0.542031","0.552799","1.63344","1.71889e-15","3.17077","3.15111","3.09847","6.69333","0","0","0","0","0","0","0","0"
"4.3206","0.500044","0.514451","0.0417335","0.541646","0.552708","1.62708","1.7171e-15","3.17254","3.14674","3.11467","6.68735","0","0","0","0","0","0","0","0"
"4.32408","0.500044","0.514451","0.0417349","0.541157","0.551895","1.62235","1.71626e-15","3.17064","3.1479","3.11907","6.67726","0","0","0","0","0","0","0","0"
"4.32737","0.500044","0.514627","0.0417359","0.541271","0.551922","1.62181","1.71871e-15","3.17241","3.14234","3.11175","6.69421","0","0","0","0","0","0","0","0"
"4.33075","0.500044","0.514627","0.041737","0.542266","0.552908","1.62013","1.71853e-15","3.16905","3.13584","3.11155","6.68875","0","0","0","0","0","0","0","0"
"4.33413","0.500044","0.514627","0.0417379","0.542328","0.552802","1.6322","1.71669e-15","3.16156","3.13486","3.08698","6.67103","0","0","0","0","0","0","0","0"
"4.33752","0.500044","0.514627","0.041739","0.54198","0.552507","1.63056","1.71738e-15","3.15971","3.13086","3.08029","6.66281","0","0","0","0","0","0","0","0"
"4.34103","0.500044","0.514627","0.0417447","0.542576","0.553105","1.63339","1.71788e-15","3.16453","3.14033","3.0605","6.66444","0","0","0","0","0","0","0","0"
"4.34428","0.500044","0.51472","0.0417525","0.542338","0.552656","1.63548","1.71784e-15","3.16109","3.13671","3.04453","6.68202","0","0","0","0","0","0","0","0"
"4.34768","0.500044","0.51472","0.0417592","0.5435","0.55359","1.64339","1.71521e-15","3.16884","3.13748","3.02109","6.67739","0","0","0","0","0","0","0","0"
"4.35105","0.500044","0.51472","0.041767","0.54403","0.553722","1.65137","1.71545e-15","3.16098","3.1325","3.00499","6.66038","0","0","0","0","0","0","0","0"
"4.35445","0.500044","0.51472","0.0417737","0.545076","0.555035","1.66201","1.71726e-15","3.16733","3.13401","2.9972","6.65605","0","0","0","0","0","0","0","0"
"4.35795","0.500044","0.51472","0.0417805","0.54492","0.555009","1.65881","1.71514e-15","3.16182","3.12496","3.00199","6.63324","0","0","0","0","0","0","0","0"
"4.36122","0.500044","0.514633","0.0417862","0.546272","0.555696","1.67733","1.71306e-15","3.15833","3.12327","2.99921","6.61776","0","0","0","0","0","0","0","0"
"4.3646","0.500044","0.514633","0.0417929","0.545723","0.555758","1.67277","1.71545e-15","3.15927","3.12547","3.00595","6.63556","0","0","0","0","0","0","0","0"
"4.36798","0.500044","0.514633","0.0417986","0.544922","0.55536","1.66739","1.71778e-15","3.15819","3.12235","3.01602","6.66923","0","0","0","0","0","0","0","0"
"4.37233","0.500044","0.514633","0.0418041","0.544595","0.554736","1.66023","1.71652e-15","3.15003","3.11759","3.02754","6.65023","0","0","0","0","0","0","0","0"
"4.37555","0.500044","0.514854","0.041801","0.543832","0.553954","1.65794","1.71716e-15","3.15058","3.11684","3.02516","6.65019","0","0","0","0","0","0","0","0"
"4.37905","0.500044","0.514854","0.0417978","0.54323","0.553368","1.65018","1.71974e-15","3.14992","3.11788","3.04874","6.67353","0","0","0","0","0","0","0","0"
"4.38232","0.500044","0.514854","0.0417941","0.542548","0.552913","1.64812","1.71912e-15","3.15147","3.11345","3.04263","6.67861","0","0","0","0","0","0","0","0"
"4.39952","0.500044","0.514854","0.0417841","0.539942","0.550751","1.62072","1.71958e-15","3.13842","3.10247","3.0993","6.68339","0","0","0","0","0","0","0","0"
"4.40308","0.500044","0.515103","0.0417826","0.539495","0.550143","1.62157","1.72017e-15","3.14637","3.11011","3.08574","6.70365","0","0","0","0","0","0","0","0"
"4.4066","0.500044","0.515103","0.041786","0.540029","0.550387","1.61578","1.71765e-15","3.1392","3.10604","3.09892","6.6934","0","0","0","0","0","0","0","0"
"4.40987","0.500044","0.514767","0.0417954","0.539837","0.550389","1.60756","1.7184e-15","3.13725","3.09904","3.12417","6.68247","0","0","0","0","0","0","0","0"
"4.41325","0.500044","0.514767","0.0418034","0.53936","0.549898","1.60124","1.72022e-15","3.1374","3.10105","3.14027","6.69877","0","0","0","0","0","0","0","0"
"4.41663","0.500044","0.514767","0.0418128","0.54004","0.550269","1.60814","1.71869e-15","3.14269","3.102","3.12269","6.68513","0","0","0","0","0","0","0","0"
"4.42002","0.500044","0.514767","0.0418208","0.540863","0.551133","1.61216","1.71892e-15","3.13705","3.09788","3.1056","6.67355","0","0","0","0","0","0","0","0"
"4.4235","0.500044","0.514767","0.0418302","0.541625","0.551992","1.61862","1.71942e-15","3.13553","3.1059","3.09121","6.69092","0","0","0","0","0","0","0","0"
"4.42678","0.500044","0.514316","0.0418382","0.541912","0.55234","1.61656","1.71963e-15","3.13212","3.10542","3.08748","6.71383","0","0","0","0","0","0","0","0"
"4.43023","0.500044","0.514316","0.0418475","0.541206","0.551625","1.61004","1.71756e-15","3.13481","3.10517","3.10151","6.70275","0","0","0","0","0","0","0","0"
"4.43358","0.500044","0.514316","0.0418556","0.54114","0.551622","1.60895","1.71937e-15","3.13403","3.1057","3.09275","6.72002","0","0","0","0","0","0","0","0"
"4.43695","0.500044","0.514316","0.041865","0.541054","0.551488","1.60143","1.71981e-15","3.13603","3.11099","3.1136","6.73267","0","0","0","0","0","0","0","0"
"4.44045","0.500044","0.514316","0.0418667","0.541264","0.551646","1.5954","1.71706e-15","3.13446","3.1055","3.1283","6.72255","0","0","0","0","0","0","0","0"
"4.44372","0.500044","0.514202","0.0418652","0.540705","0.551028","1.58993","1.71813e-15","3.132","3.10775","3.13798","6.73133","0","0","0","0","0","0","0","0"
"4.4471","0.500044","0.514202","0.0418638","0.541445","0.551629","1.59461","1.7187e-15","3.12762","3.1073","3.11473","6.74447","0","0","0","0","0","0","0","0"
"4.4505","0.500044","0.514202","0.0418622","0.541849","0.551851","1.6023","1.7168e-15","3.12733","3.1038","3.09258","6.72834","0","0","0","0","0","0","0","0"
"4.45388","0.500044","0.514202","0.0418609","0.541513","0.551637","1.60198","1.71833e-15","3.12316","3.09841","3.08972","6.74215","0","0","0","0","0","0","0","0"
"4.45737","0.500044","0.514202","0.0418574","0.541032","0.551241","1.5956","1.71823e-15","3.12076","3.10044","3.1044","6.73918","0","0","0","0","0","0","0","0"
"4.46067","0.500044","0.514382","0.0418537","0.541036","0.551297","1.59171","1.71787e-15","3.11616","3.09521","3.10908","6.71437","0","0","0","0","0","0","0","0"
"4.46403","0.500044","0.514382","0.0418495","0.541049","0.551645","1.58553","1.71965e-15","3.11362","3.10472","3.12215","6.72314","0","0","0","0","0","0","0","0"
"4.46742","0.500044","0.514382","0.0418458","0.541072","0.551611","1.58376","1.71977e-15","3.11171","3.10432","3.11869","6.72298","0","0","0","0","0","0","0","0"
"4.4708","0.500044","0.514382","0.0418416","0.540949","0.551591","1.57618","1.71981e-15","3.10567","3.09705","3.1418","6.71675","0","0","0","0","0","0","0","0"
"4.47432","0.500044","0.514382","0.0418418","0.540734","0.551353","1.57649","1.72028e-15","3.10059","3.09364","3.13224","6.72544","0","0","0","0","0","0","0","0"
"4.47757","0.500044","0.514431","0.0418431","0.540889","0.551461","1.57649","1.71871e-15","3.09503","3.09249","3.1188","6.71138","0","0","0","0","0","0","0","0"
"4.48387","0.500044","0.514431","0.0418453","0.539875","0.55031","1.57225","1.71962e-15","3.0922","3.09141","3.11783","6.73853","0","0","0","0","0","0","0","0"
"4.48725","0.500044","0.514431","0.0418463","0.540683","0.550699","1.58675","1.71792e-15","3.08949","3.09169","3.1576","6.72316","0","0","0","0","0","0","0","0"
"4.49075","0.500044","0.514431","0.0418484","0.541889","0.551856","1.60439","1.71781e-15","3.08829","3.09161","3.166","6.71736","0","0","0","0","0","0","0","0"
"4.49403","0.500044","0.514458","0.0418504","0.542165","0.552116","1.60368","1.71694e-15","3.08477","3.09469","3.15387","6.72298","0","0","0","0","0","0","0","0"
"4.49742","0.500044","0.514458","0.0418527","0.541954","0.552114","1.59683","1.71688e-15","3.0851","3.08736","3.17308","6.71944","0","0","0","0","0","0","0","0"
"4.5008","0.500044","0.514458","0.0418547","0.541898","0.552049","1.59708","1.71872e-15","3.08946","3.08868","3.15854","6.73592","0","0","0","0","0","0","0","0"
"4.50418","0.500044","0.514458","0.041857","0.542304","0.552358","1.5967","1.71658e-15","3.09354","3.09464","3.1479","6.73483","0","0","0","0","0","0","0","0"
"4.50768","0.500044","0.514458","0.04186","0.542726","0.55297","1.59682","1.71641e-15","3.09179","3.09503","3.13751","6.72779","0","0","0","0","0","0","0","0"
"4.51095","0.500044","0.514354","0.0418637","0.542541","0.552982","1.58965","1.7154e-15","3.09082","3.08994","3.15613","6.73328","0","0","0","0","0","0","0","0"
"4.51433","0.500044","0.514354","0.0418669","0.542277","0.552841","1.58943","1.71526e-15","3.08891","3.08623","3.14543","6.72565","0","0","0","0","0","0","0","0"
"4.51772","0.500044","0.514354","0.0418707","0.542907","0.553371","1.59876","1.71791e-15","3.09264","3.08779","3.1408","6.74112","0","0","0","0","0","0","0","0"
"4.5211","0.500044","0.514354","0.0418739","0.543313","0.5541","1.59596","1.71714e-15","3.09363","3.08733","3.14162","6.74614","0","0","0","0","0","0","0","0"
"4.5246","0.500044","0.514354","0.0418736","0.543458","0.554236","1.59727","1.71543e-15","3.0938","3.09415","3.12178","6.74526","0","0","0","0","0","0","0","0"
"4.52788","0.500044","0.514429","0.0418728","0.543548","0.554538","1.6001","1.71709e-15","3.09117","3.09469","3.09931","6.75328","0","0","0","0","0","0","0","0"
"4.53133","0.500044","0.514429","0.0418718","0.543324","0.554244","1.59493","1.71632e-15","3.08801","3.09563","3.10909","6.75505","0","0","0","0","0","0","0","0"
"4.53472","0.500044","0.514429","0.0418709","0.54345","0.55418","1.58965","1.71527e-15","3.0909","3.09797","3.12111","6.74101","0","0","0","0","0","0","0","0"
"4.53898","0.500044","0.514429","0.0418699","0.542462","0.553022","1.59416","1.71595e-15","3.09153","3.10151","3.09474","6.75063","0","0","0","0","0","0","0","0"
"4.54227","0.500044","0.514701","0.0418696","0.543164","0.553473","1.59833","1.71379e-15","3.08441","3.0985","3.07718","6.73784","0","0","0","0","0","0","0","0"
"4.54565","0.500044","0.514701","0.0418691","0.54351","0.554354","1.59311","1.7146e-15","3.07881","3.09559","3.08497","6.73253","0","0","0","0","0","0","0","0"
"4.54903","0.500044","0.514701","0.0418687","0.543426","0.554031","1.58975","1.71527e-15","3.07783","3.0965","3.08769","6.73112","0","0","0","0","0","0","0","0"
"4.55243","0.500044","0.514701","0.0418683","0.543429","0.553892","1.58949","1.71332e-15","3.0784","3.09004","3.07375","6.70939","0","0","0","0","0","0","0","0"
"4.55592","0.500044","0.514701","0.0418687","0.543844","0.554105","1.58367","1.71344e-15","3.07247","3.08511","3.08871","6.69676","0","0","0","0","0","0","0","0"
"4.5592","0.500044","0.514914","0.0418712","0.544021","0.55421","1.59189","1.71319e-15","3.06704","3.08063","3.07325","6.68778","0","0","0","0","0","0","0","0"
"4.56258","0.500044","0.514914","0.0418733","0.546097","0.555994","1.61373","1.71203e-15","3.09724","3.10169","3.09767","6.67058","0","0","0","0","0","0","0","0"
"4.56727","0.500044","0.514914","0.0418765","0.546935","0.557041","1.62125","1.71428e-15","3.08853","3.09322","3.08956","6.68152","0","0","0","0","0","0","0","0"
"4.57065","0.500044","0.514914","0.0418789","0.54625","0.556197","1.61486","1.71329e-15","3.08411","3.09129","3.10342","6.66869","0","0","0","0","0","0","0","0"
"4.57413","0.500044","0.514914","0.0418824","0.545798","0.555699","1.61203","1.71206e-15","3.0824","3.09277","3.10319","6.66012","0","0","0","0","0","0","0","0"
"4.57743","0.500044","0.514986","0.0418868","0.545889","0.555829","1.61454","1.71481e-15","3.08208","3.09258","3.08409","6.67292","0","0","0","0","0","0","0","0"
"4.5808","0.500044","0.514986","0.0418906","0.545968","0.555966","1.61218","1.71346e-15","3.08051","3.091","3.08091","6.66254","0","0","0","0","0","0","0","0"
"4.5842","0.500044","0.514986","0.041895","0.546632","0.556747","1.60703","1.71317e-15","3.07854","3.08626","3.09197","6.65725","0","0","0","0","0","0","0","0"
"4.58758","0.500044","0.514986","0.0418988","0.546767","0.556835","1.60636","1.71527e-15","3.07639","3.08317","3.08354","6.69392","0","0","0","0","0","0","0","0"
"4.59107","0.500044","0.514986","0.0419068","0.546895","0.557046","1.60428","1.71358e-15","3.07718","3.07833","3.08175","6.6765","0","0","0","0","0","0","0","0"
"4.59435","0.500044","0.515299","0.0419141","0.547007","0.556873","1.59871","1.71337e-15","3.07245","3.0735","3.09505","6.6609","0","0","0","0","0","0","0","0"
"4.59773","0.500044","0.515299","0.0419227","0.546448","0.556438","1.59369","1.71612e-15","3.07188","3.06987","3.10087","6.69345","0","0","0","0","0","0","0","0"
"4.60112","0.500044","0.515299","0.04193","0.54534","0.555561","1.5892","1.71559e-15","3.07594","3.07138","3.10758","6.68338","0","0","0","0","0","0","0","0"
"4.60565","0.500044","0.515299","0.0419404","0.545185","0.555286","1.58557","1.71541e-15","3.07706","3.07518","3.10575","6.67375","0","0","0","0","0","0","0","0"
"4.60893","0.500044","0.51556","0.0419456","0.544944","0.555329","1.58311","1.71609e-15","3.0768","3.07126","3.10354","6.67596","0","0","0","0","0","0","0","0"
"4.61232","0.500044","0.51556","0.0419517","0.544383","0.55507","1.57727","1.71462e-15","3.07412","3.06937","3.11639","6.6543","0","0","0","0","0","0","0","0"
"4.6157","0.500044","0.51556","0.0419569","0.545013","0.555556","1.57944","1.71574e-15","3.07799","3.07504","3.10239","6.65483","0","0","0","0","0","0","0","0"
"4.6191","0.500044","0.51556","0.041963","0.543943","0.554456","1.5809","1.71738e-15","3.07863","3.08038","3.08423","6.68392","0","0","0","0","0","0","0","0"
"4.62258","0.500044","0.51556","0.041967","0.544009","0.55454","1.5829","1.71611e-15","3.07872","3.07752","3.08793","6.66645","0","0","0","0","0","0","0","0"
"4.62587","0.500044","0.515693","0.0419689","0.545122","0.555783","1.57907","1.71622e-15","3.08203","3.09196","3.08821","6.66136","0","0","0","0","0","0","0","0"
"4.62925","0.500044","0.515693","0.0419704","0.54477","0.55571","1.57472","1.71764e-15","3.07832","3.09035","3.09434","6.683","0","0","0","0","0","0","0","0"
"4.63265","0.500044","0.515693","0.0419722","0.54488","0.555822","1.57033","1.71596e-15","3.08251","3.09643","3.10078","6.67468","0","0","0","0","0","0","0","0"
"4.63602","0.500044","0.515693","0.0419738","0.54449","0.555284","1.56565","1.71596e-15","3.07901","3.09446","3.10959","6.67667","0","0","0","0","0","0","0","0"
"4.6395","0.500044","0.515693","0.0419754","0.54405","0.554691","1.55829","1.71683e-15","3.0776","3.09449","3.13021","6.6754","0","0","0","0","0","0","0","0"
"4.64287","0.500044","0.515549","0.0419767","0.543248","0.553967","1.55354","1.71547e-15","3.07821","3.09412","3.13844","6.66535","0","0","0","0","0","0","0","0"
"4.6462","0.500044","0.515549","0.0419782","0.542471","0.553226","1.55144","1.71678e-15","3.08135","3.09891","3.13361","6.67957","0","0","0","0","0","0","0","0"
"4.6506","0.500044","0.515549","0.0419798","0.54217","0.553004","1.54865","1.71753e-15","3.07855","3.09598","3.13153","6.6992","0","0","0","0","0","0","0","0"
"4.65398","0.500044","0.515549","0.0419813","0.541496","0.552522","1.54193","1.71557e-15","3.07497","3.09286","3.14863","6.68707","0","0","0","0","0","0","0","0"
"4.65747","0.500044","0.515549","0.041977","0.540394","0.551436","1.53616","1.71519e-15","3.07978","3.09632","3.16413","6.68294","0","0","0","0","0","0","0","0"
"4.66075","0.500044","0.515617","0.0419708","0.540505","0.551408","1.53185","1.71669e-15","3.07683","3.09629","3.16877","6.70121","0","0","0","0","0","0","0","0"
"4.66413","0.500044","0.515617","0.0419654","0.540863","0.551183","1.53949","1.71487e-15","3.07417","3.09324","3.15198","6.68776","0","0","0","0","0","0","0","0"
"4.66753","0.500044","0.515617","0.0419591","0.540862","0.551594","1.54903","1.71661e-15","3.06905","3.09165","3.11918","6.68813","0","0","0","0","0","0","0","0"
"4.67092","0.500044","0.515617","0.0419538","0.541131","0.551721","1.54867","1.71738e-15","3.07208","3.09356","3.11417","6.70771","0","0","0","0","0","0","0","0"
"4.6744","0.500044","0.515617","0.0419466","0.540794","0.551468","1.5441","1.71519e-15","3.06864","3.08835","3.11978","6.69101","0","0","0","0","0","0","0","0"
"4.67768","0.500044","0.515308","0.0419402","0.540036","0.550875","1.54061","1.71606e-15","3.07074","3.0922","3.12336","6.68412","0","0","0","0","0","0","0","0"
"4.68107","0.500044","0.515308","0.0419329","0.539837","0.551003","1.54368","1.71653e-15","3.07281","3.0974","3.12557","6.6953","0","0","0","0","0","0","0","0"
"4.68445","0.500044","0.515308","0.0419265","0.539964","0.551342","1.54171","1.71477e-15","3.07703","3.09649","3.12443","6.68599","0","0","0","0","0","0","0","0"
"4.68898","0.500044","0.515308","0.0419157","0.539944","0.551148","1.53941","1.71568e-15","3.08136","3.09796","3.11375","6.67468","0","0","0","0","0","0","0","0"
"4.69227","0.500044","0.514889","0.0419053","0.540903","0.552007","1.53973","1.71581e-15","3.09498","3.12617","3.09862","6.68195","0","0","0","0","0","0","0","0"
"4.69565","0.500044","0.514889","0.0418932","0.540647","0.551473","1.54974","1.71409e-15","3.09152","3.12486","3.07115","6.66391","0","0","0","0","0","0","0","0"
"4.69903","0.500044","0.514889","0.0418828","0.541511","0.552057","1.56883","1.715e-15","3.0857","3.12442","3.0775","6.67264","0","0","0","0","0","0","0","0"
"4.70257","0.500044","0.514889","0.0418706","0.541883","0.552642","1.5826","1.71647e-15","3.08866","3.12957","3.11132","6.68637","0","0","0","0","0","0","0","0"
"4.7059","0.500044","0.514889","0.0418595","0.541623","0.552399","1.57968","1.71528e-15","3.08715","3.12381","3.11246","6.66015","0","0","0","0","0","0","0","0"
"4.70918","0.500044","0.51476","0.041845","0.542045","0.552709","1.5752","1.71697e-15","3.08369","3.11652","3.11758","6.65291","0","0","0","0","0","0","0","0"
"4.71257","0.500044","0.51476","0.0418325","0.541285","0.552276","1.57023","1.7183e-15","3.08335","3.11498","3.12817","6.65935","0","0","0","0","0","0","0","0"
"4.71597","0.500044","0.51476","0.0418179","0.540937","0.551919","1.56589","1.71737e-15","3.08528","3.12007","3.13104","6.64265","0","0","0","0","0","0","0","0"
"4.71947","0.500044","0.51476","0.0418054","0.540384","0.551543","1.56142","1.71919e-15","3.08386","3.11986","3.13943","6.65487","0","0","0","0","0","0","0","0"
"4.72283","0.500044","0.51476","0.041797","0.539163","0.550461","1.55625","1.71858e-15","3.09105","3.12453","3.14701","6.64247","0","0","0","0","0","0","0","0"
"4.72612","0.500044","0.514798","0.041797","0.539581","0.550845","1.56132","1.71754e-15","3.08791","3.11762","3.12268","6.62899","0","0","0","0","0","0","0","0"
"4.7295","0.500044","0.514798","0.0417969","0.538877","0.550393","1.55588","1.72008e-15","3.08912","3.11779","3.13304","6.64113","0","0","0","0","0","0","0","0"
"4.73393","0.500044","0.514798","0.0417968","0.539474","0.551299","1.55035","1.71955e-15","3.10089","3.13044","3.14069","6.64413","0","0","0","0","0","0","0","0"
"4.73732","0.500044","0.514798","0.0417968","0.539323","0.551197","1.5473","1.71994e-15","3.09726","3.12182","3.14118","6.62792","0","0","0","0","0","0","0","0"
"4.74082","0.500044","0.514798","0.0417971","0.539223","0.550916","1.55045","1.71992e-15","3.09532","3.11894","3.12859","6.62426","0","0","0","0","0","0","0","0"
"4.74408","0.500044","0.514748","0.0417975","0.539281","0.550646","1.56166","1.71851e-15","3.08835","3.11443","3.09588","6.59518","0","0","0","0","0","0","0","0"
"4.74747","0.500044","0.514748","0.0417979","0.539852","0.551384","1.57159","1.71903e-15","3.08102","3.10983","3.07668","6.61076","0","0","0","0","0","0","0","0"
"4.75085","0.500044","0.514748","0.0417983","0.539786","0.551565","1.5682","1.72031e-15","3.07925","3.10594","3.07601","6.63145","0","0","0","0","0","0","0","0"
"4.75423","0.500044","0.514748","0.0417987","0.53899","0.550757","1.56137","1.71931e-15","3.08045","3.10702","3.09664","6.6165","0","0","0","0","0","0","0","0"
"4.75773","0.500044","0.514748","0.0418039","0.538358","0.550511","1.55473","1.72049e-15","3.07976","3.10553","3.11263","6.62104","0","0","0","0","0","0","0","0"
"4.761","0.500044","0.514542","0.0418091","0.537725","0.549657","1.55008","1.72002e-15","3.07867","3.10416","3.12057","6.62298","0","0","0","0","0","0","0","0"
"4.7644","0.500044","0.514542","0.0418151","0.538329","0.550408","1.54725","1.72103e-15","3.07217","3.09966","3.12164","6.6161","0","0","0","0","0","0","0","0"
"4.76778","0.500044","0.514542","0.0418203","0.538106","0.55014","1.54117","1.72319e-15","3.07472","3.10475","3.13869","6.635","0","0","0","0","0","0","0","0"
"4.77232","0.500044","0.514542","0.0418261","0.537617","0.55013","1.53574","1.72027e-15","3.07352","3.10651","3.14298","6.61865","0","0","0","0","0","0","0","0"
"4.77558","0.500044","0.514517","0.0418255","0.538113","0.550396","1.54119","1.72121e-15","3.07143","3.10189","3.13788","6.64144","0","0","0","0","0","0","0","0"
"4.77898","0.500044","0.514517","0.0418247","0.538573","0.550932","1.54727","1.72273e-15","3.08067","3.10706","3.12817","6.64993","0","0","0","0","0","0","0","0"
"4.78237","0.500044","0.514517","0.041824","0.538459","0.550697","1.54418","1.72083e-15","3.07796","3.10443","3.12994","6.63403","0","0","0","0","0","0","0","0"
"4.78575","0.500044","0.514517","0.0418232","0.538881","0.550994","1.56329","1.7228e-15","3.08658","3.10566","3.19841","6.64338","0","0","0","0","0","0","0","0"
"4.78925","0.500044","0.514517","0.0418245","0.539593","0.551689","1.5713","1.72331e-15","3.09044","3.11809","3.21226","6.64037","0","0","0","0","0","0","0","0"
"4.79252","0.500044","0.514399","0.0418304","0.539663","0.551561","1.57319","1.72209e-15","3.08455","3.11242","3.21752","6.64374","0","0","0","0","0","0","0","0"
"4.7959","0.500044","0.514399","0.0418355","0.539355","0.551399","1.57835","1.72441e-15","3.08135","3.10738","3.21386","6.65391","0","0","0","0","0","0","0","0"
"4.79932","0.500044","0.514399","0.0418415","0.539134","0.551263","1.57892","1.72485e-15","3.08517","3.10653","3.19732","6.66578","0","0","0","0","0","0","0","0"
"4.80273","0.500044","0.514399","0.0418466","0.539875","0.552196","1.58032","1.72307e-15","3.08242","3.09621","3.18396","6.64755","0","0","0","0","0","0","0","0"
"4.80623","0.500044","0.514399","0.0418519","0.539885","0.552549","1.57642","1.72393e-15","3.08077","3.09441","3.18571","6.63204","0","0","0","0","0","0","0","0"
"4.8095","0.500044","0.514454","0.0418557","0.540799","0.553341","1.5885","1.72441e-15","3.08331","3.09755","3.1719","6.64461","0","0","0","0","0","0","0","0"
"4.8129","0.500044","0.514454","0.0418601","0.541724","0.554484","1.59986","1.72306e-15","3.08335","3.10087","3.17025","6.62536","0","0","0","0","0","0","0","0"
"4.81732","0.500044","0.514454","0.0418651","0.541252","0.554444","1.5944","1.72499e-15","3.08613","3.10133","3.18015","6.63911","0","0","0","0","0","0","0","0"
"4.8208","0.500044","0.514454","0.0418695","0.542453","0.555531","1.60305","1.72501e-15","3.08232","3.09503","3.16891","6.63317","0","0","0","0","0","0","0","0"
"4.8242","0.500044","0.514454","0.0418731","0.542257","0.555601","1.60317","1.72297e-15","3.07832","3.08941","3.15836","6.61517","0","0","0","0","0","0","0","0"
"4.82748","0.500044","0.514555","0.0418771","0.541881","0.555226","1.59589","1.72496e-15","3.07507","3.08637","3.17756","6.61711","0","0","0","0","0","0","0","0"
"4.83087","0.500044","0.514555","0.0418806","0.541632","0.555004","1.59046","1.725e-15","3.06965","3.08654","3.19039","6.62261","0","0","0","0","0","0","0","0"
"4.83425","0.500044","0.514555","0.0418847","0.541479","0.554717","1.58477","1.7228e-15","3.074","3.08988","3.2011","6.60901","0","0","0","0","0","0","0","0"
"4.83777","0.500044","0.514555","0.0418882","0.541427","0.554434","1.58273","1.72525e-15","3.06743","3.0858","3.19815","6.62411","0","0","0","0","0","0","0","0"
"4.84112","0.500044","0.514555","0.0418905","0.541634","0.554593","1.58986","1.724e-15","3.07134","3.08367","3.20168","6.61945","0","0","0","0","0","0","0","0"
"4.8444","0.500044","0.515028","0.0418923","0.54088","0.553912","1.58639","1.72261e-15","3.07877","3.08602","3.20279","6.60256","0","0","0","0","0","0","0","0"
"4.8478","0.500044","0.515028","0.0418944","0.540688","0.554056","1.58239","1.72381e-15","3.07682","3.09175","3.20719","6.62321","0","0","0","0","0","0","0","0"
"4.85117","0.500044","0.515028","0.0418962","0.540356","0.553772","1.57972","1.72491e-15","3.07549","3.08986","3.2045","6.65083","0","0","0","0","0","0","0","0"
"4.85585","0.500044","0.515217","0.0418991","0.539558","0.553042","1.57533","1.72223e-15","3.07651","3.08712","3.20488","6.64063","0","0","0","0","0","0","0","0"
"4.85893","0.500044","0.515217","0.0419017","0.540131","0.553621","1.58025","1.72269e-15","3.07745","3.08551","3.17916","6.64339","0","0","0","0","0","0","0","0"
"4.86243","0.500044","0.515217","0.0419046","0.540359","0.55424","1.57597","1.72356e-15","3.07541","3.08321","3.18346","6.67225","0","0","0","0","0","0","0","0"
"4.86582","0.500044","0.515217","0.0419072","0.540811","0.554657","1.57728","1.72193e-15","3.07235","3.07472","3.17657","6.65978","0","0","0","0","0","0","0","0"
"4.8692","0.500044","0.515217","0.0419102","0.540565","0.554284","1.57664","1.72301e-15","3.0719","3.07217","3.16497","6.66762","0","0","0","0","0","0","0","0"
"4.8727","0.500044","0.515217","0.0419141","0.540195","0.554081","1.57511","1.72289e-15","3.06835","3.07019","3.16127","6.68271","0","0","0","0","0","0","0","0"
"4.87613","0.500044","0.51506","0.0419218","0.540179","0.554087","1.57074","1.71944e-15","3.06866","3.06828","3.16503","6.67113","0","0","0","0","0","0","0","0"
"4.87937","0.500044","0.51506","0.0419284","0.541079","0.554482","1.5672","1.72043e-15","3.06903","3.06196","3.17265","6.67211","0","0","0","0","0","0","0","0"
"4.88275","0.500044","0.51506","0.0419361","0.54098","0.554658","1.56722","1.72152e-15","3.06387","3.05475","3.16472","6.69045","0","0","0","0","0","0","0","0"
"4.88613","0.500044","0.51506","0.0419428","0.540679","0.554147","1.56151","1.71992e-15","3.06007","3.05453","3.17836","6.68415","0","0","0","0","0","0","0","0"
"4.88962","0.500044","0.51506","0.0419494","0.540099","0.553195","1.56392","1.71996e-15","3.05872","3.05705","3.15604","6.67064","0","0","0","0","0","0","0","0"
"4.89292","0.500044","0.515075","0.0419537","0.539754","0.55299","1.56801","1.72188e-15","3.06097","3.05554","3.13583","6.71062","0","0","0","0","0","0","0","0"
"4.89628","0.500044","0.515075","0.0419588","0.539428","0.552844","1.56849","1.72076e-15","3.05777","3.05486","3.12265","6.71519","0","0","0","0","0","0","0","0"
"4.90045","0.500044","0.515075","0.0419646","0.53908","0.553118","1.56302","1.72021e-15","3.06306","3.06393","3.12896","6.69982","0","0","0","0","0","0","0","0"
"4.90383","0.500044","0.515075","0.041969","0.538778","0.552799","1.55875","1.72192e-15","3.05952","3.06111","3.13459","6.7146","0","0","0","0","0","0","0","0"
"4.90732","0.500044","0.515075","0.0419703","0.539074","0.552922","1.56458","1.72141e-15","3.05631","3.05815","3.11211","6.71096","0","0","0","0","0","0","0","0"
"4.91062","0.500044","0.515184","0.0419702","0.539169","0.553074","1.56064","1.7194e-15","3.05639","3.05468","3.11739","6.69258","0","0","0","0","0","0","0","0"
"4.91398","0.500044","0.515184","0.04197","0.53975","0.55349","1.5586","1.72059e-15","3.0631","3.05972","3.11177","6.67312","0","0","0","0","0","0","0","0"
"4.91738","0.500044","0.515184","0.0419698","0.542302","0.555496","1.58023","1.72124e-15","3.10588","3.08029","3.21974","6.70376","0","0","0","0","0","0","0","0"
"4.92077","0.500044","0.515184","0.0419696","0.54259","0.555917","1.57375","1.7193e-15","3.10673","3.08581","3.23511","6.68804","0","0","0","0","0","0","0","0"
"4.92428","0.500044","0.515184","0.041967","0.54207","0.555352","1.57028","1.72023e-15","3.10646","3.08608","3.23614","6.67892","0","0","0","0","0","0","0","0"
"4.92753","0.500044","0.515028","0.0419634","0.542725","0.556301","1.57783","1.72066e-15","3.10025","3.0772","3.21585","6.68889","0","0","0","0","0","0","0","0"
"4.93092","0.500044","0.515028","0.0419603","0.542625","0.556258","1.57918","1.71917e-15","3.09955","3.07445","3.19882","6.67394","0","0","0","0","0","0","0","0"
"4.9343","0.500044","0.515028","0.0419567","0.543508","0.55669","1.58667","1.71918e-15","3.09963","3.0782","3.17385","6.64679","0","0","0","0","0","0","0","0"
"4.9377","0.500044","0.515028","0.0419536","0.544288","0.557555","1.60223","1.72178e-15","3.09885","3.07767","3.17543","6.6608","0","0","0","0","0","0","0","0"
"4.94117","0.500044","0.515028","0.0419519","0.544928","0.558018","1.60103","1.71953e-15","3.10365","3.0905","3.17547","6.65716","0","0","0","0","0","0","0","0"
"4.94447","0.500044","0.515215","0.0419508","0.545153","0.558265","1.6074","1.71806e-15","3.10232","3.08861","3.16021","6.64026","0","0","0","0","0","0","0","0"
"4.94785","0.500044","0.515215","0.0419494","0.545462","0.558141","1.61054","1.71843e-15","3.09838","3.08701","3.13916","6.64183","0","0","0","0","0","0","0","0"
"4.95123","0.500044","0.515215","0.0419482","0.54488","0.557795","1.60723","1.71926e-15","3.09732","3.08399","3.14097","6.66765","0","0","0","0","0","0","0","0"
"4.95563","0.500044","0.515215","0.0419459","0.545526","0.558483","1.60407","1.71659e-15","3.09811","3.09331","3.14051","6.65851","0","0","0","0","0","0","0","0"
"4.95903","0.500044","0.515677","0.0419432","0.545655","0.558876","1.60005","1.71678e-15","3.09918","3.10556","3.1511","6.66306","0","0","0","0","0","0","0","0"
"4.96242","0.500044","0.515677","0.0419401","0.545315","0.558966","1.5982","1.71797e-15","3.09964","3.09905","3.15141","6.67281","0","0","0","0","0","0","0","0"
"4.96582","0.500044","0.515677","0.0419374","0.544935","0.558325","1.59641","1.7161e-15","3.09843","3.09836","3.14356","6.66343","0","0","0","0","0","0","0","0"
"4.9692","0.500044","0.515677","0.0419343","0.544455","0.557898","1.59227","1.71621e-15","3.09744","3.09737","3.14522","6.66915","0","0","0","0","0","0","0","0"
"4.97272","0.500044","0.515677","0.0419324","0.544289","0.557615","1.58742","1.7167e-15","3.09632","3.09732","3.15417","6.67003","0","0","0","0","0","0","0","0"
"4.97597","0.500044","0.516078","0.041932","0.54505","0.558117","1.59304","1.71426e-15","3.09158","3.09259","3.13926","6.67506","0","0","0","0","0","0","0","0"
"4.97937","0.500044","0.516078","0.0419318","0.544959","0.558416","1.5898","1.71297e-15","3.08811","3.0917","3.14325","6.66081","0","0","0","0","0","0","0","0"
"4.98378","0.500044","0.516078","0.0419313","0.545201","0.558356","1.59306","1.71507e-15","3.08477","3.08574","3.11378","6.68461","0","0","0","0","0","0","0","0"
"4.98717","0.500044","0.516078","0.041931","0.545174","0.558366","1.59074","1.71439e-15","3.08024","3.07972","3.11175","6.69115","0","0","0","0","0","0","0","0"
"4.99067","0.500044","0.516078","0.0419342","0.545417","0.55874","1.58508","1.71234e-15","3.08048","3.08147","3.12399","6.67684","0","0","0","0","0","0","0","0"
"4.99395","0.500044","0.516243","0.0419382","0.545466","0.558799","1.58248","1.71394e-15","3.07476","3.07798","3.12743","6.68254","0","0","0","0","0","0","0","0"
"4.99732","0.500044","0.516243","0.0419428","0.545509","0.558524","1.58423","1.71507e-15","3.07547","3.08671","3.10645","6.68611","0","0","0","0","0","0","0","0"
"5.0007","0.500044","0.516243","0.0419467","0.545514","0.558773","1.5916","1.7135e-15","3.07368","3.08515","3.08405","6.66508","0","0","0","0","0","0","0","0"
"5.0041","0.500044","0.516243","0.0419513","0.545254","0.558341","1.5878","1.71476e-15","3.07243","3.08007","3.08504","6.6689","0","0","0","0","0","0","0","0"
"5.0076","0.500044","0.516243","0.041951","0.545158","0.558099","1.59185","1.71422e-15","3.07052","3.07438","3.0661","6.6589","0","0","0","0","0","0","0","0"
"5.01085","0.500044","0.516367","0.0419497","0.54506","0.557966","1.591","1.71185e-15","3.06854","3.07281","3.05668","6.65467","0","0","0","0","0","0","0","0"
"5.01425","0.500044","0.516367","0.0419486","0.545291","0.558356","1.58848","1.71271e-15","3.06751","3.0701","3.05856","6.64856","0","0","0","0","0","0","0","0"
"5.01763","0.500044","0.516367","0.0419473","0.545392","0.558376","1.58297","1.71438e-15","3.06032","3.06576","3.06835","6.66207","0","0","0","0","0","0","0","0"
"5.02103","0.500044","0.516367","0.0419462","0.545238","0.558592","1.58686","1.71323e-15","3.0593","3.06093","3.05199","6.64708","0","0","0","0","0","0","0","0"
"5.02452","0.500044","0.516367","0.0419418","0.545287","0.558709","1.58885","1.71253e-15","3.05475","3.05669","3.0343","6.64665","0","0","0","0","0","0","0","0"
"5.02792","0.500044","0.516459","0.0419376","0.54509","0.55829","1.58304","1.71409e-15","3.05962","3.0617","3.04842","6.66493","0","0","0","0","0","0","0","0"
"5.03117","0.500044","0.516459","0.0419327","0.544808","0.558057","1.5775","1.71357e-15","3.05462","3.05899","3.05831","6.66604","0","0","0","0","0","0","0","0"
"5.03457","0.500044","0.516459","0.0419285","0.545303","0.558658","1.57991","1.71319e-15","3.05696","3.06155","3.04645","6.6488","0","0","0","0","0","0","0","0"
"5.03898","0.500044","0.516459","0.0419235","0.545846","0.559236","1.58548","1.71498e-15","3.0552","3.05217","3.0168","6.65667","0","0","0","0","0","0","0","0"
"5.04237","0.500044","0.516445","0.0419231","0.545417","0.559167","1.59112","1.71273e-15","3.05516","3.05195","3.00433","6.64359","0","0","0","0","0","0","0","0"
"5.04575","0.500044","0.516445","0.0419227","0.544945","0.558869","1.58611","1.71284e-15","3.05804","3.0512","3.01139","6.63521","0","0","0","0","0","0","0","0"
"5.04915","0.500044","0.516445","0.0419224","0.544629","0.558728","1.5818","1.71421e-15","3.05771","3.05654","3.01738","6.65197","0","0","0","0","0","0","0","0"
"5.05253","0.500044","0.516445","0.041922","0.544572","0.558719","1.57857","1.71267e-15","3.05475","3.05635","3.01652","6.63504","0","0","0","0","0","0","0","0"
"5.05603","0.500044","0.516445","0.04192","0.544986","0.559102","1.57595","1.71361e-15","3.05468","3.05184","3.01573","6.6257","0","0","0","0","0","0","0","0"
"5.0593","0.500044","0.516529","0.041914","0.544977","0.558837","1.57247","1.71294e-15","3.05488","3.05246","3.01434","6.62152","0","0","0","0","0","0","0","0"
"5.06268","0.500044","0.516529","0.0419089","0.544932","0.55862","1.57811","1.71116e-15","3.05091","3.04799","3.01686","6.61512","0","0","0","0","0","0","0","0"
"5.06712","0.500044","0.516529","0.0419012","0.5469","0.559783","1.61034","1.71322e-15","3.05065","3.05028","3.04886","6.61954","0","0","0","0","0","0","0","0"
"5.0705","0.500044","0.516529","0.0418961","0.547446","0.560127","1.60914","1.71224e-15","3.05081","3.05245","3.05099","6.62413","0","0","0","0","0","0","0","0"
"5.07398","0.500044","0.516529","0.041888","0.547123","0.559785","1.60372","1.71059e-15","3.04854","3.05233","3.05965","6.61643","0","0","0","0","0","0","0","0"
"5.07727","0.500044","0.516623","0.0418804","0.546934","0.559668","1.60542","1.71168e-15","3.0459","3.04914","3.04124","6.62107","0","0","0","0","0","0","0","0"
"5.08065","0.500044","0.516623","0.0418715","0.547135","0.559894","1.6017","1.70996e-15","3.04686","3.05337","3.04344","6.6053","0","0","0","0","0","0","0","0"
"5.08403","0.500044","0.516623","0.0418639","0.548217","0.560757","1.61148","1.71114e-15","3.04141","3.05853","3.03657","6.62053","0","0","0","0","0","0","0","0"
"5.08742","0.500044","0.516623","0.041855","0.549153","0.561042","1.61789","1.71236e-15","3.04422","3.05844","3.01896","6.63861","0","0","0","0","0","0","0","0"
"5.09093","0.500044","0.516623","0.0418546","0.549691","0.561977","1.62914","1.71107e-15","3.05152","3.0587","3.01952","6.62418","0","0","0","0","0","0","0","0"
"5.0942","0.500044","0.516792","0.0418557","0.549121","0.561396","1.6211","1.71273e-15","3.0531","3.05897","3.0418","6.63241","0","0","0","0","0","0","0","0"
"5.09758","0.500044","0.516792","0.0418567","0.549095","0.561357","1.62849","1.7123e-15","3.04887","3.05913","3.03949","6.62762","0","0","0","0","0","0","0","0"
"5.10097","0.500044","0.516792","0.0418578","0.548898","0.561632","1.63737","1.71212e-15","3.04331","3.05236","3.02665","6.61466","0","0","0","0","0","0","0","0"
"5.10435","0.500044","0.516792","0.0418588","0.548529","0.561513","1.63266","1.71434e-15","3.04117","3.04706","3.0351","6.62854","0","0","0","0","0","0","0","0"
"5.10785","0.500044","0.516792","0.0418589","0.548191","0.56099","1.62531","1.71244e-15","3.04007","3.04502","3.05327","6.60787","0","0","0","0","0","0","0","0"
"5.11112","0.500044","0.517094","0.0418589","0.547765","0.560698","1.62054","1.71337e-15","3.03772","3.04023","3.06064","6.58399","0","0","0","0","0","0","0","0"
"5.11452","0.500044","0.517094","0.0418589","0.547852","0.560637","1.61451","1.71425e-15","3.04137","3.04074","3.07459","6.56843","0","0","0","0","0","0","0","0"
"5.1179","0.500044","0.517094","0.0418589","0.547336","0.560238","1.61014","1.71351e-15","3.04227","3.04371","3.08024","6.5504","0","0","0","0","0","0","0","0"
"5.12232","0.500044","0.517094","0.0418609","0.547374","0.560211","1.6034","1.71459e-15","3.04548","3.04949","3.09645","6.53839","0","0","0","0","0","0","0","0"
"5.1257","0.500044","0.517329","0.0418667","0.547467","0.560201","1.60067","1.71249e-15","3.05039","3.04858","3.09785","6.5282","0","0","0","0","0","0","0","0"
"5.12908","0.500044","0.517329","0.0418735","0.547573","0.560639","1.60707","1.71363e-15","3.05416","3.04767","3.07414","6.53172","0","0","0","0","0","0","0","0"
"5.13248","0.500044","0.517329","0.0418794","0.547216","0.560145","1.60178","1.71425e-15","3.0509","3.04866","3.08562","6.54315","0","0","0","0","0","0","0","0"
"5.13587","0.500044","0.517329","0.0418862","0.547008","0.560282","1.60281","1.71218e-15","3.05489","3.04623","3.06608","6.53311","0","0","0","0","0","0","0","0"
"5.13937","0.500044","0.517329","0.041893","0.546651","0.560149","1.59923","1.71301e-15","3.05592","3.04608","3.07238","6.53188","0","0","0","0","0","0","0","0"
"5.14258","0.500044","0.517279","0.0419033","0.546348","0.560153","1.59698","1.71109e-15","3.05163","3.04117","3.06717","6.52984","0","0","0","0","0","0","0","0"
"5.14613","0.500044","0.517279","0.0419135","0.546528","0.560273","1.59254","1.71198e-15","3.04633","3.03469","3.07182","6.541","0","0","0","0","0","0","0","0"
"5.15057","0.500044","0.517279","0.0419252","0.546322","0.560018","1.60355","1.71118e-15","3.047","3.03015","3.05563","6.54556","0","0","0","0","0","0","0","0"
"5.15395","0.500044","0.517279","0.0419355","0.546033","0.559904","1.60521","1.71072e-15","3.04562","3.03052","3.05005","6.52879","0","0","0","0","0","0","0","0"
"5.15743","0.500044","0.517279","0.0419432","0.546973","0.560965","1.60386","1.70982e-15","3.05673","3.04216","3.05608","6.51992","0","0","0","0","0","0","0","0"
"5.16072","0.500044","0.517306","0.0419519","0.546603","0.560688","1.59909","1.70902e-15","3.0552","3.04066","3.06076","6.49519","0","0","0","0","0","0","0","0"
"5.1641","0.500044","0.517306","0.0419594","0.54621","0.560268","1.60365","1.71011e-15","3.05322","3.04054","3.03382","6.48817","0","0","0","0","0","0","0","0"
"5.16748","0.500044","0.517306","0.0419681","0.546056","0.559981","1.59837","1.70916e-15","3.0529","3.04177","3.04124","6.48783","0","0","0","0","0","0","0","0"
"5.17087","0.500044","0.517306","0.0419755","0.545966","0.559582","1.59752","1.71043e-15","3.04917","3.04011","3.03316","6.5032","0","0","0","0","0","0","0","0"
"5.17437","0.500044","0.517306","0.0419831","0.546212","0.559381","1.59309","1.70823e-15","3.04796","3.04095","3.03691","6.4929","0","0","0","0","0","0","0","0"
"5.17765","0.500044","0.517297","0.0419894","0.545698","0.558706","1.59868","1.70896e-15","3.04685","3.04449","3.0136","6.49449","0","0","0","0","0","0","0","0"
"5.18103","0.500044","0.517297","0.0419967","0.545205","0.558042","1.59297","1.70809e-15","3.04702","3.04168","3.02399","6.48283","0","0","0","0","0","0","0","0"
"5.18442","0.500044","0.517297","0.042003","0.545366","0.558473","1.58721","1.70882e-15","3.04473","3.04111","3.03713","6.49176","0","0","0","0","0","0","0","0"
"5.18898","0.500044","0.517297","0.042012","0.545111","0.558491","1.58742","1.70802e-15","3.041","3.04016","3.04094","6.46657","0","0","0","0","0","0","0","0"
"5.19223","0.500044","0.517307","0.0420169","0.545393","0.558125","1.58757","1.70648e-15","3.03791","3.04309","3.0278","6.45307","0","0","0","0","0","0","0","0"
"5.19562","0.500044","0.517307","0.0420225","0.545696","0.558119","1.59591","1.70759e-15","3.03239","3.0404","3.00756","6.45241","0","0","0","0","0","0","0","0"
"5.199","0.500044","0.517307","0.0420274","0.5457","0.558215","1.60595","1.70593e-15","3.02655","3.03356","2.98867","6.4491","0","0","0","0","0","0","0","0"
"5.2024","0.500044","0.517307","0.0420331","0.54483","0.557431","1.59853","1.70733e-15","3.02884","3.03306","3.00729","6.44804","0","0","0","0","0","0","0","0"
"5.20588","0.500044","0.517307","0.0420368","0.544303","0.557104","1.59257","1.70504e-15","3.03289","3.04041","3.02271","6.44358","0","0","0","0","0","0","0","0"
"5.20915","0.500044","0.517127","0.0420385","0.544055","0.556832","1.58625","1.70595e-15","3.03565","3.04456","3.03559","6.456","0","0","0","0","0","0","0","0"
"5.21253","0.500044","0.517127","0.0420401","0.544745","0.557667","1.58019","1.70452e-15","3.03073","3.04017","3.05149","6.43767","0","0","0","0","0","0","0","0"
"5.21588","0.500044","0.517127","0.0420416","0.543848","0.556761","1.57452","1.70656e-15","3.03214","3.04108","3.0641","6.43991","0","0","0","0","0","0","0","0"
"5.2194","0.500044","0.517127","0.0420433","0.543366","0.556546","1.56922","1.70625e-15","3.02876","3.03785","3.07321","6.44116","0","0","0","0","0","0","0","0"
"5.22287","0.500044","0.517127","0.0420455","0.543346","0.556144","1.57572","1.70499e-15","3.0269","3.038","3.05546","6.42941","0","0","0","0","0","0","0","0"
"5.22617","0.500044","0.517014","0.0420479","0.543061","0.555913","1.578","1.7042e-15","3.03166","3.0387","3.05892","6.43964","0","0","0","0","0","0","0","0"
"5.22955","0.500044","0.517014","0.0420507","0.54359","0.556692","1.58333","1.7055e-15","3.02881","3.0431","3.04038","6.44423","0","0","0","0","0","0","0","0"
"5.23397","0.500044","0.517014","0.0420539","0.543737","0.556995","1.57888","1.70568e-15","3.02789","3.0414","3.04329","6.46697","0","0","0","0","0","0","0","0"
"5.23735","0.500044","0.517014","0.0420567","0.543238","0.556486","1.57525","1.70781e-15","3.02626","3.04168","3.04253","6.48073","0","0","0","0","0","0","0","0"
"5.24103","0.500044","0.517014","0.0420595","0.543806","0.556788","1.58404","1.70627e-15","3.02743","3.04032","3.02224","6.48054","0","0","0","0","0","0","0","0"
"5.24433","0.500044","0.516877","0.042062","0.543499","0.556358","1.58314","1.70665e-15","3.02805","3.04192","3.01267","6.47045","0","0","0","0","0","0","0","0"
"5.24767","0.500044","0.516877","0.0420645","0.544129","0.556829","1.58041","1.70804e-15","3.02804","3.03953","3.01039","6.5056","0","0","0","0","0","0","0","0"
"5.25117","0.500044","0.516877","0.0420673","0.54353","0.55616","1.57699","1.70666e-15","3.02639","3.04137","3.01091","6.49845","0","0","0","0","0","0","0","0"
"5.25563","0.500044","0.516877","0.0420717","0.543422","0.55636","1.59386","1.70741e-15","3.02486","3.03998","3.00035","6.50647","0","0","0","0","0","0","0","0"
"5.259","0.500044","0.51684","0.0420764","0.543694","0.556664","1.59869","1.70541e-15","3.02501","3.03736","2.98219","6.49346","0","0","0","0","0","0","0","0"
"5.26238","0.500044","0.51684","0.0420818","0.543257","0.556365","1.59078","1.70801e-15","3.02357","3.03753","3.00391","6.52459","0","0","0","0","0","0","0","0"
"5.26962","0.500044","0.51684","0.0420919","0.54414","0.557322","1.58765","1.70879e-15","3.03908","3.03624","3.02054","6.52135","0","0","0","0","0","0","0","0"
"5.27357","0.500044","0.51684","0.042096","0.543834","0.557132","1.58632","1.70935e-15","3.03867","3.03381","3.01747","6.53629","0","0","0","0","0","0","0","0"
"5.27603","0.500044","0.516869","0.0420994","0.543317","0.55711","1.57971","1.70715e-15","3.0408","3.03353","3.03383","6.53331","0","0","0","0","0","0","0","0"
"5.2794","0.500044","0.516869","0.0421023","0.542908","0.556589","1.57427","1.70878e-15","3.04286","3.03058","3.04608","6.54605","0","0","0","0","0","0","0","0"
"5.28278","0.500044","0.516869","0.0421057","0.54331","0.557013","1.5751","1.70733e-15","3.04535","3.02823","3.0301","6.53511","0","0","0","0","0","0","0","0"
"5.28612","0.500044","0.516869","0.0421087","0.542849","0.556356","1.57173","1.70807e-15","3.04654","3.03153","3.03441","6.52401","0","0","0","0","0","0","0","0"
"5.28973","0.500044","0.516869","0.0421094","0.542402","0.555788","1.57446","1.70763e-15","3.04374","3.03129","3.02821","6.51133","0","0","0","0","0","0","0","0"
"5.293","0.500044","0.516848","0.042107","0.542625","0.555846","1.58027","1.70796e-15","3.04055","3.0284","3.00507","6.4985","0","0","0","0","0","0","0","0"
"5.29683","0.500044","0.516848","0.0421043","0.543342","0.556788","1.5847","1.70869e-15","3.03208","3.02277","2.98824","6.5232","0","0","0","0","0","0","0","0"
"5.29975","0.500044","0.516848","0.0421019","0.543277","0.556646","1.57882","1.7071e-15","3.03152","3.02223","3.00233","6.50466","0","0","0","0","0","0","0","0"
"5.30313","0.500044","0.516848","0.0420991","0.543146","0.556369","1.58227","1.7088e-15","3.03197","3.02038","2.98717","6.54011","0","0","0","0","0","0","0","0"
"5.30663","0.500044","0.516848","0.0420973","0.543362","0.556439","1.58825","1.70691e-15","3.03179","3.0197","2.9739","6.53692","0","0","0","0","0","0","0","0"
"5.3099","0.500044","0.516881","0.0420959","0.543119","0.556256","1.58348","1.70751e-15","3.03913","3.02053","2.97998","6.53595","0","0","0","0","0","0","0","0"
"5.31328","0.500044","0.516881","0.0420947","0.543875","0.556498","1.58384","1.70757e-15","3.04334","3.02652","2.97198","6.54622","0","0","0","0","0","0","0","0"
"5.3172","0.500044","0.516881","0.0420931","0.544308","0.556633","1.60016","1.70738e-15","3.04345","3.0223","2.95907","6.54684","0","0","0","0","0","0","0","0"
"5.32062","0.500044","0.516881","0.0420917","0.543618","0.555944","1.59671","1.70697e-15","3.0515","3.02721","2.9627","6.55547","0","0","0","0","0","0","0","0"
"5.32413","0.500044","0.516881","0.0420856","0.54396","0.556127","1.59873","1.70533e-15","3.05333","3.0243","2.95043","6.5469","0","0","0","0","0","0","0","0"
"5.32738","0.500044","0.516836","0.0420774","0.543646","0.555873","1.59763","1.70533e-15","3.04861","3.02337","2.94708","6.55068","0","0","0","0","0","0","0","0"
"5.33082","0.500044","0.516836","0.0420704","0.543713","0.556199","1.6008","1.70531e-15","3.04612","3.02156","2.93703","6.542","0","0","0","0","0","0","0","0"
"5.3342","0.500044","0.516836","0.0420622","0.543924","0.556739","1.60388","1.70542e-15","3.0528","3.02003","2.93106","6.54008","0","0","0","0","0","0","0","0"
"5.33752","0.500044","0.516836","0.0420552","0.543151","0.556057","1.59956","1.70516e-15","3.05494","3.02196","2.93805","6.53577","0","0","0","0","0","0","0","0"
"5.34105","0.500044","0.516836","0.042051","0.542794","0.555885","1.60193","1.70505e-15","3.05548","3.02477","2.92523","6.54198","0","0","0","0","0","0","0","0"
"5.34428","0.500044","0.516861","0.042048","0.543279","0.556123","1.60015","1.70348e-15","3.05852","3.02533","2.92087","6.52402","0","0","0","0","0","0","0","0"
"5.3477","0.500044","0.516861","0.0420445","0.543662","0.555976","1.60556","1.70607e-15","3.05652","3.03279","2.89714","6.54784","0","0","0","0","0","0","0","0"
"5.35107","0.500044","0.516861","0.0420415","0.543456","0.556028","1.60802","1.70477e-15","3.05447","3.03074","2.87867","6.53365","0","0","0","0","0","0","0","0"
"5.35563","0.500044","0.516861","0.0420378","0.542479","0.555299","1.6002","1.70541e-15","3.05697","3.02931","2.89484","6.52717","0","0","0","0","0","0","0","0"
"5.35892","0.500044","0.516819","0.0420373","0.542414","0.555304","1.59774","1.70344e-15","3.05363","3.02402","2.89141","6.52572","0","0","0","0","0","0","0","0"
"5.3623","0.500044","0.516819","0.0420368","0.543362","0.555958","1.60902","1.70428e-15","3.05887","3.02337","2.91288","6.52934","0","0","0","0","0","0","0","0"
"5.36582","0.500044","0.516819","0.0420363","0.543665","0.556529","1.61404","1.70453e-15","3.06271","3.03123","2.92699","6.52868","0","0","0","0","0","0","0","0"
"5.36907","0.500044","0.516819","0.0420358","0.543481","0.556391","1.61633","1.70318e-15","3.0629","3.03128","2.9187","6.51503","0","0","0","0","0","0","0","0"
"5.37257","0.500044","0.516819","0.0420373","0.542955","0.555684","1.61663","1.70378e-15","3.05989","3.03144","2.9089","6.51001","0","0","0","0","0","0","0","0"
"5.37585","0.500044","0.516764","0.0420438","0.542086","0.554678","1.60981","1.70293e-15","3.06373","3.03369","2.92378","6.50402","0","0","0","0","0","0","0","0"
"5.37923","0.500044","0.516764","0.0420493","0.542646","0.55466","1.60539","1.70335e-15","3.06006","3.03593","2.92968","6.49802","0","0","0","0","0","0","0","0"
"5.38262","0.500044","0.516764","0.0420558","0.542412","0.554666","1.6083","1.70558e-15","3.05556","3.03177","2.91767","6.5418","0","0","0","0","0","0","0","0"
"5.386","0.500044","0.516764","0.0420613","0.542275","0.55484","1.60381","1.70423e-15","3.05586","3.03235","2.92568","6.52699","0","0","0","0","0","0","0","0"
"5.38948","0.500044","0.516764","0.0420669","0.542449","0.555191","1.59872","1.70337e-15","3.05241","3.02598","2.9336","6.52363","0","0","0","0","0","0","0","0"
"5.39277","0.500044","0.516711","0.0420708","0.542076","0.554893","1.6022","1.70377e-15","3.05094","3.0266","2.91437","6.53564","0","0","0","0","0","0","0","0"
"5.39622","0.500044","0.516711","0.0420752","0.542661","0.556174","1.60627","1.70223e-15","3.04597","3.02517","2.90028","6.517","0","0","0","0","0","0","0","0"
"5.40063","0.500044","0.516711","0.0420803","0.54303","0.556551","1.60219","1.70463e-15","3.04087","3.01997","2.90014","6.53226","0","0","0","0","0","0","0","0"
"5.40403","0.500044","0.516711","0.0420848","0.542657","0.555964","1.60386","1.70293e-15","3.04196","3.02152","2.89792","6.53414","0","0","0","0","0","0","0","0"
"5.40758","0.500044","0.516711","0.0420839","0.543518","0.556675","1.60028","1.70306e-15","3.04625","3.02122","2.89937","6.53495","0","0","0","0","0","0","0","0"
"5.41082","0.500044","0.516568","0.0420818","0.542462","0.555695","1.5971","1.70315e-15","3.04888","3.02279","2.8968","6.52176","0","0","0","0","0","0","0","0"
"5.4142","0.500044","0.516568","0.0420801","0.542155","0.555612","1.5899","1.70386e-15","3.04476","3.01995","2.91828","6.50932","0","0","0","0","0","0","0","0"
"5.41758","0.500044","0.516568","0.042078","0.541502","0.554648","1.58294","1.705e-15","3.04387","3.02324","2.9345","6.5274","0","0","0","0","0","0","0","0"
"5.42097","0.500044","0.516568","0.0420762","0.54071","0.553903","1.57772","1.70396e-15","3.04757","3.0232","2.94582","6.51436","0","0","0","0","0","0","0","0"
"5.42445","0.500044","0.516568","0.0420749","0.540316","0.553948","1.57091","1.7038e-15","3.04516","3.02359","2.96357","6.52185","0","0","0","0","0","0","0","0"
"5.42773","0.500044","0.516648","0.0420738","0.540215","0.553707","1.57383","1.70251e-15","3.03881","3.02254","2.95508","6.52082","0","0","0","0","0","0","0","0"
"5.43112","0.500044","0.516648","0.0420725","0.540939","0.554332","1.5881","1.70344e-15","3.04205","3.01664","2.96991","6.52278","0","0","0","0","0","0","0","0"
"5.4345","0.500044","0.516648","0.0420714","0.540954","0.554346","1.59486","1.70461e-15","3.03949","3.02268","2.96149","6.54874","0","0","0","0","0","0","0","0"
"5.43895","0.500044","0.516648","0.0420691","0.542261","0.555688","1.59181","1.70251e-15","3.04352","3.01856","2.97023","6.5287","0","0","0","0","0","0","0","0"
"5.44232","0.500044","0.51658","0.042066","0.542234","0.555566","1.59055","1.70403e-15","3.04249","3.0165","2.96511","6.5357","0","0","0","0","0","0","0","0"
"5.44572","0.500044","0.51658","0.0420623","0.541379","0.554873","1.58337","1.70284e-15","3.04393","3.01964","2.98333","6.54102","0","0","0","0","0","0","0","0"
"5.45083","0.500044","0.51658","0.0420592","0.54236","0.555709","1.58683","1.7038e-15","3.04057","3.01298","2.97622","6.53839","0","0","0","0","0","0","0","0"
"5.45247","0.500044","0.51658","0.0420556","0.541387","0.554563","1.58037","1.70578e-15","3.04597","3.01728","2.99064","6.57763","0","0","0","0","0","0","0","0"
"5.45595","0.500044","0.51658","0.0420532","0.541725","0.554856","1.57821","1.70403e-15","3.04193","3.01246","2.99341","6.5572","0","0","0","0","0","0","0","0"
"5.4592","0.500044","0.516403","0.0420523","0.541462","0.554951","1.57437","1.70482e-15","3.04279","3.01407","2.99679","6.55705","0","0","0","0","0","0","0","0"
"5.46278","0.500044","0.516403","0.0420514","0.540835","0.554636","1.57103","1.70469e-15","3.04311","3.0162","2.9966","6.55469","0","0","0","0","0","0","0","0"
"5.46615","0.500044","0.516403","0.0420505","0.541447","0.555079","1.56889","1.70252e-15","3.0452","3.01364","2.99278","6.54496","0","0","0","0","0","0","0","0"
"5.46955","0.500044","0.516403","0.0420497","0.541558","0.555035","1.56606","1.70472e-15","3.04556","3.01379","2.997","6.57708","0","0","0","0","0","0","0","0"
"5.47302","0.500044","0.516403","0.0420494","0.542234","0.555623","1.56612","1.70267e-15","3.04178","3.00684","2.98346","6.56595","0","0","0","0","0","0","0","0"
"5.47633","0.500044","0.516551","0.0420498","0.542949","0.555823","1.56796","1.70356e-15","3.03675","3.0031","2.97594","6.55874","0","0","0","0","0","0","0","0"
"5.4797","0.500044","0.516551","0.0420504","0.542292","0.555222","1.56175","1.70386e-15","3.03935","2.99979","2.98956","6.56742","0","0","0","0","0","0","0","0"
"5.48387","0.500044","0.516551","0.0420509","0.542239","0.555216","1.55848","1.70268e-15","3.04327","2.99993","2.98897","6.55476","0","0","0","0","0","0","0","0"
"5.48727","0.500044","0.516551","0.0420514","0.542844","0.556022","1.56068","1.70432e-15","3.05048","3.0049","2.97493","6.57755","0","0","0","0","0","0","0","0"
"5.49073","0.500044","0.516551","0.042054","0.542314","0.555336","1.55675","1.70246e-15","3.04901","3.00438","2.9774","6.56697","0","0","0","0","0","0","0","0"
"5.49412","0.500044","0.516594","0.0420576","0.541462","0.554282","1.55054","1.70377e-15","3.04852","3.00791","2.99092","6.57972","0","0","0","0","0","0","0","0"
"5.4975","0.500044","0.516594","0.0420606","0.541978","0.55469","1.5497","1.70506e-15","3.04635","3.00536","2.99207","6.60136","0","0","0","0","0","0","0","0"
"5.50095","0.500044","0.516594","0.0420641","0.541274","0.554123","1.54689","1.70356e-15","3.04557","3.00408","2.99206","6.58438","0","0","0","0","0","0","0","0"
"5.50428","0.500044","0.516594","0.0420671","0.541664","0.554626","1.54357","1.7049e-15","3.04261","3.00408","2.99665","6.59944","0","0","0","0","0","0","0","0"
"5.50777","0.500044","0.516594","0.0420652","0.541339","0.554118","1.53896","1.70391e-15","3.04399","3.00433","3.00312","6.60985","0","0","0","0","0","0","0","0"
"5.51103","0.500044","0.516753","0.0420628","0.540835","0.553795","1.53298","1.7025e-15","3.04381","3.00378","3.01854","6.59559","0","0","0","0","0","0","0","0"
"5.51438","0.500044","0.516753","0.04206","0.540727","0.553527","1.53019","1.70451e-15","3.044","3.00538","3.01741","6.61699","0","0","0","0","0","0","0","0"
"5.51782","0.500044","0.516753","0.0420576","0.540756","0.553737","1.52841","1.70459e-15","3.04582","3.00317","3.01397","6.62695","0","0","0","0","0","0","0","0"
"5.52228","0.500044","0.516753","0.0420527","0.540444","0.55328","1.52072","1.70321e-15","3.04465","2.99806","3.03151","6.60501","0","0","0","0","0","0","0","0"
"5.52562","0.500044","0.516683","0.0420466","0.540974","0.553381","1.5242","1.70438e-15","3.06796","3.0299","3.05844","6.61391","0","0","0","0","0","0","0","0"
"5.52902","0.500044","0.516683","0.0420394","0.540769","0.553561","1.52492","1.70415e-15","3.06488","3.03131","3.04581","6.61709","0","0","0","0","0","0","0","0"
"5.5324","0.500044","0.516683","0.0420332","0.541003","0.554013","1.52437","1.70568e-15","3.06339","3.03006","3.04676","6.61426","0","0","0","0","0","0","0","0"
"5.53578","0.500044","0.516683","0.042026","0.540704","0.553949","1.52167","1.706e-15","3.06312","3.02619","3.04229","6.62269","0","0","0","0","0","0","0","0"
"5.53927","0.500044","0.516683","0.0420204","0.540352","0.553723","1.51954","1.70437e-15","3.06175","3.0238","3.04562","6.60556","0","0","0","0","0","0","0","0"
"5.54255","0.500044","0.516526","0.0420151","0.54128","0.554226","1.53141","1.70516e-15","3.05402","3.01845","3.02221","6.60535","0","0","0","0","0","0","0","0"
"5.54593","0.500044","0.516526","0.0420105","0.541684","0.5543","1.53686","1.704e-15","3.05421","3.01938","3.00367","6.59123","0","0","0","0","0","0","0","0"
"5.54928","0.500044","0.516526","0.0420052","0.542067","0.554743","1.53342","1.70574e-15","3.06012","3.03195","3.00494","6.61141","0","0","0","0","0","0","0","0"
"5.55558","0.500044","0.516526","0.0420007","0.542046","0.554506","1.53013","1.70414e-15","3.0578","3.0344","3.00704","6.60589","0","0","0","0","0","0","0","0"
"5.557","0.500044","0.516526","0.0419933","0.54245","0.554705","1.53511","1.70461e-15","3.05231","3.03273","2.99004","6.59412","0","0","0","0","0","0","0","0"
"5.5597","0.500044","0.516523","0.041978","0.542676","0.554625","1.53277","1.70252e-15","3.04994","3.03139","2.98419","6.57841","0","0","0","0","0","0","0","0"
"5.5628","0.500044","0.516523","0.0419628","0.543","0.555101","1.53061","1.70489e-15","3.0554","3.03923","2.98329","6.5856","0","0","0","0","0","0","0","0"
"5.56707","0.500044","0.516523","0.0419453","0.542975","0.554562","1.53007","1.7039e-15","3.05359","3.04273","2.97037","6.5799","0","0","0","0","0","0","0","0"
"5.57045","0.500044","0.516523","0.0419322","0.542816","0.55446","1.52905","1.70552e-15","3.05306","3.04521","2.96592","6.60611","0","0","0","0","0","0","0","0"
"5.57395","0.500044","0.516523","0.041918","0.543054","0.555131","1.52645","1.70383e-15","3.05523","3.04926","2.96639","6.58914","0","0","0","0","0","0","0","0"
"5.57723","0.500044","0.516633","0.0419063","0.542899","0.555609","1.52388","1.70675e-15","3.05117","3.04402","2.9699","6.61558","0","0","0","0","0","0","0","0"
"5.58063","0.500044","0.516633","0.0418927","0.541944","0.554924","1.51932","1.70622e-15","3.05551","3.04245","2.97697","6.61784","0","0","0","0","0","0","0","0"
"5.5846","0.500044","0.516633","0.041881","0.542355","0.555525","1.51887","1.70673e-15","3.05323","3.03984","2.96779","6.60429","0","0","0","0","0","0","0","0"
"5.58738","0.500044","0.516633","0.0418673","0.542445","0.555003","1.52376","1.70676e-15","3.0585","3.04444","2.95931","6.6128","0","0","0","0","0","0","0","0"
"5.59087","0.500044","0.516633","0.0418598","0.54252","0.555123","1.52549","1.70496e-15","3.05732","3.0439","2.95583","6.60254","0","0","0","0","0","0","0","0"
"5.59417","0.500044","0.516771","0.0418521","0.542507","0.555276","1.52339","1.70682e-15","3.05652","3.04235","2.95736","6.61662","0","0","0","0","0","0","0","0"
"5.59753","0.500044","0.516771","0.0418454","0.542814","0.555406","1.53295","1.70624e-15","3.05318","3.03926","2.94865","6.61","0","0","0","0","0","0","0","0"
"5.60093","0.500044","0.516771","0.0418377","0.541988","0.554677","1.52969","1.70687e-15","3.05806","3.04129","2.95265","6.61839","0","0","0","0","0","0","0","0"
"5.60432","0.500044","0.516771","0.041831","0.543015","0.555472","1.52468","1.70762e-15","3.06478","3.04893","2.96532","6.62968","0","0","0","0","0","0","0","0"
"5.6078","0.500044","0.516771","0.0418318","0.542884","0.555522","1.527","1.70612e-15","3.06031","3.04459","2.95053","6.62297","0","0","0","0","0","0","0","0"
"5.61113","0.500044","0.516878","0.0418336","0.543015","0.555405","1.52977","1.70851e-15","3.065","3.04824","2.93439","6.65306","0","0","0","0","0","0","0","0"
"5.61478","0.500044","0.516878","0.0418358","0.542521","0.555272","1.52401","1.70777e-15","3.06715","3.04487","2.94726","6.64338","0","0","0","0","0","0","0","0"
"5.61785","0.500044","0.516878","0.0418376","0.54285","0.555574","1.535","1.70833e-15","3.06308","3.03963","2.94988","6.63941","0","0","0","0","0","0","0","0"
"5.6223","0.500044","0.516878","0.0418403","0.543697","0.556174","1.54253","1.70941e-15","3.06383","3.04273","2.94675","6.62816","0","0","0","0","0","0","0","0"
"5.62572","0.500044","0.516899","0.0418418","0.544078","0.556552","1.54192","1.70821e-15","3.05908","3.04048","2.94193","6.6113","0","0","0","0","0","0","0","0"
"5.62952","0.500044","0.516899","0.0418435","0.543364","0.555768","1.5448","1.71043e-15","3.06002","3.04131","2.92771","6.62657","0","0","0","0","0","0","0","0"
"5.6325","0.500044","0.516899","0.041845","0.543185","0.555435","1.54848","1.70859e-15","3.05555","3.04185","2.92189","6.61719","0","0","0","0","0","0","0","0"
"5.63587","0.500044","0.516899","0.0418467","0.543513","0.556237","1.54887","1.7103e-15","3.05281","3.04336","2.91217","6.62993","0","0","0","0","0","0","0","0"
"5.63938","0.500044","0.516899","0.0418483","0.543284","0.555936","1.55017","1.71029e-15","3.0511","3.03969","2.89911","6.63136","0","0","0","0","0","0","0","0"
"5.64265","0.500044","0.517018","0.0418501","0.544064","0.556288","1.55219","1.70908e-15","3.05081","3.03367","2.88519","6.61864","0","0","0","0","0","0","0","0"
"5.64603","0.500044","0.517018","0.0418517","0.543703","0.556019","1.54809","1.71145e-15","3.04983","3.03534","2.89042","6.63451","0","0","0","0","0","0","0","0"
"5.65045","0.500044","0.517018","0.0418541","0.544387","0.556595","1.55481","1.70958e-15","3.0529","3.03727","2.87697","6.62569","0","0","0","0","0","0","0","0"
"5.65383","0.500044","0.517018","0.0418556","0.544709","0.557025","1.5756","1.71017e-15","3.04915","3.03335","2.91622","6.62811","0","0","0","0","0","0","0","0"
"5.65733","0.500044","0.517018","0.041859","0.54535","0.557363","1.58185","1.71024e-15","3.05408","3.03986","2.89631","6.62977","0","0","0","0","0","0","0","0"
"5.66062","0.500044","0.517104","0.0418623","0.544755","0.556713","1.57931","1.70909e-15","3.05398","3.03868","2.89451","6.61094","0","0","0","0","0","0","0","0"
"5.664","0.500044","0.517104","0.0418663","0.545248","0.556905","1.57848","1.70988e-15","3.05087","3.05463","2.88661","6.6066","0","0","0","0","0","0","0","0"
"5.66738","0.500044","0.517104","0.0418696","0.545104","0.556833","1.57903","1.71228e-15","3.04855","3.05068","2.87597","6.61929","0","0","0","0","0","0","0","0"
"5.67077","0.500044","0.517104","0.0418735","0.546737","0.557792","1.59789","1.71091e-15","3.06834","3.05028","2.91126","6.60826","0","0","0","0","0","0","0","0"
"5.67452","0.500044","0.517104","0.0418811","0.547303","0.557967","1.60768","1.71004e-15","3.07761","3.0595","2.90877","6.58896","0","0","0","0","0","0","0","0"
"5.67753","0.500044","0.517199","0.0418908","0.548287","0.559094","1.61228","1.71117e-15","3.0791","3.0636","2.89112","6.59635","0","0","0","0","0","0","0","0"
"5.68092","0.500044","0.517199","0.0418992","0.548115","0.559175","1.60806","1.70959e-15","3.08189","3.06765","2.89712","6.58439","0","0","0","0","0","0","0","0"
"5.6843","0.500044","0.517199","0.0419089","0.548144","0.559169","1.61254","1.71046e-15","3.08044","3.06226","2.87606","6.61155","0","0","0","0","0","0","0","0"
"5.6877","0.500044","0.517199","0.0419172","0.54736","0.55837","1.61035","1.71217e-15","3.08249","3.06654","2.87257","6.61814","0","0","0","0","0","0","0","0"
"5.69118","0.500044","0.517199","0.0419202","0.546556","0.557752","1.60605","1.70981e-15","3.08784","3.07082","2.87726","6.60769","0","0","0","0","0","0","0","0"
"5.69447","0.500044","0.51729","0.0419217","0.545984","0.557177","1.60035","1.71065e-15","3.08626","3.06967","2.8896","6.60252","0","0","0","0","0","0","0","0"
"5.69785","0.500044","0.51729","0.0419236","0.546437","0.557814","1.60102","1.71273e-15","3.08039","3.06462","2.88902","6.61534","0","0","0","0","0","0","0","0"
"5.70125","0.500044","0.51729","0.0419251","0.546983","0.558574","1.60488","1.71241e-15","3.08318","3.0715","2.88208","6.6105","0","0","0","0","0","0","0","0"
"5.70562","0.500044","0.51729","0.0419277","0.546684","0.55833","1.59608","1.71175e-15","3.08295","3.0701","2.90234","6.58973","0","0","0","0","0","0","0","0"
"5.70878","0.500044","0.517512","0.04193","0.546327","0.557665","1.59911","1.71233e-15","3.07938","3.06917","2.88641","6.60761","0","0","0","0","0","0","0","0"
"5.7123","0.500044","0.517512","0.0419322","0.546272","0.557463","1.60547","1.71245e-15","3.07738","3.06846","2.87219","6.61159","0","0","0","0","0","0","0","0"
"5.71555","0.500044","0.517512","0.0419349","0.545898","0.557235","1.59954","1.71227e-15","3.07735","3.07052","2.88439","6.60828","0","0","0","0","0","0","0","0"
"5.71895","0.500044","0.517512","0.0419372","0.545653","0.556916","1.5948","1.71413e-15","3.07376","3.06703","2.89202","6.61253","0","0","0","0","0","0","0","0"
"5.72245","0.500044","0.517512","0.0419403","0.544715","0.555976","1.59045","1.71274e-15","3.07614","3.06928","2.89595","6.61867","0","0","0","0","0","0","0","0"
"5.72572","0.500044","0.517504","0.041944","0.54376","0.555113","1.58753","1.71285e-15","3.07809","3.07056","2.89666","6.60502","0","0","0","0","0","0","0","0"
"5.72918","0.500044","0.517504","0.0419482","0.54284","0.554485","1.58494","1.7149e-15","3.08048","3.07059","2.89455","6.60253","0","0","0","0","0","0","0","0"
"5.7338","0.500044","0.517504","0.0419537","0.543027","0.554675","1.57604","1.71336e-15","3.07995","3.07114","2.91559","6.57854","0","0","0","0","0","0","0","0"
"5.73717","0.500044","0.517504","0.0419573","0.543113","0.554944","1.57337","1.71441e-15","3.07525","3.06594","2.91517","6.59429","0","0","0","0","0","0","0","0"
"5.74078","0.500044","0.517504","0.0419613","0.542794","0.554545","1.56764","1.71395e-15","3.07226","3.06936","2.92458","6.58919","0","0","0","0","0","0","0","0"
"5.74395","0.500044","0.517364","0.0419647","0.543246","0.555139","1.57581","1.71261e-15","3.07625","3.06834","2.91657","6.57131","0","0","0","0","0","0","0","0"
"5.74732","0.500044","0.517364","0.0419686","0.54358","0.555233","1.58823","1.71467e-15","3.07632","3.06622","2.91609","6.59981","0","0","0","0","0","0","0","0"
"5.75072","0.500044","0.517364","0.041972","0.543155","0.55512","1.58949","1.71441e-15","3.07259","3.06203","2.90756","6.59832","0","0","0","0","0","0","0","0"
"5.75423","0.500044","0.517364","0.0419759","0.542584","0.554787","1.58404","1.71372e-15","3.06922","3.06255","2.9163","6.58399","0","0","0","0","0","0","0","0"
"5.75762","0.500044","0.517364","0.0419777","0.54287","0.555423","1.58576","1.71352e-15","3.06742","3.06583","2.904","6.58652","0","0","0","0","0","0","0","0"
"5.76088","0.500044","0.516964","0.0419793","0.542357","0.554973","1.58427","1.71174e-15","3.06871","3.06577","2.89838","6.58395","0","0","0","0","0","0","0","0"
"5.76427","0.500044","0.516964","0.0419808","0.543049","0.555641","1.58344","1.71204e-15","3.06776","3.06026","2.89122","6.57848","0","0","0","0","0","0","0","0"
"5.76765","0.500044","0.516964","0.0419825","0.542477","0.554691","1.58154","1.71383e-15","3.07006","3.06168","2.88741","6.60074","0","0","0","0","0","0","0","0"
"5.77105","0.500044","0.516964","0.0419839","0.542761","0.555405","1.58986","1.71259e-15","3.06903","3.05744","2.87157","6.58774","0","0","0","0","0","0","0","0"
"5.7747","0.500044","0.516964","0.041982","0.542983","0.555207","1.59294","1.71294e-15","3.06969","3.05988","2.85309","6.59037","0","0","0","0","0","0","0","0"
"5.7778","0.500044","0.516932","0.0419798","0.543161","0.555518","1.59708","1.71353e-15","3.07026","3.05349","2.83862","6.60476","0","0","0","0","0","0","0","0"
"5.78118","0.500044","0.516932","0.0419773","0.543149","0.555722","1.59218","1.71315e-15","3.0698","3.05527","2.84993","6.59145","0","0","0","0","0","0","0","0"
"5.78683","0.500044","0.516932","0.0419751","0.543033","0.555528","1.58621","1.71531e-15","3.06624","3.05507","2.86362","6.60978","0","0","0","0","0","0","0","0"
"5.78895","0.500044","0.516932","0.0419726","0.542719","0.555801","1.58755","1.71361e-15","3.05984","3.06078","2.84671","6.60018","0","0","0","0","0","0","0","0"
"5.79212","0.500044","0.516925","0.041973","0.542534","0.555567","1.58617","1.7138e-15","3.06098","3.05814","2.84637","6.5973","0","0","0","0","0","0","0","0"
"5.79552","0.500044","0.516925","0.0419733","0.542666","0.555853","1.59792","1.71442e-15","3.05695","3.05528","2.83339","6.62912","0","0","0","0","0","0","0","0"
"5.79885","0.500044","0.516925","0.0419737","0.543144","0.556547","1.60603","1.71315e-15","3.06198","3.05735","2.81028","6.61025","0","0","0","0","0","0","0","0"
"5.80227","0.500044","0.516925","0.041974","0.542732","0.556075","1.60994","1.71472e-15","3.05884","3.05803","2.79267","6.60959","0","0","0","0","0","0","0","0"
"5.80573","0.500044","0.516925","0.0419758","0.542265","0.555596","1.60758","1.7153e-15","3.0568","3.05507","2.79104","6.63452","0","0","0","0","0","0","0","0"
"5.80902","0.500044","0.516892","0.0419804","0.541775","0.555261","1.60794","1.71347e-15","3.05673","3.05314","2.78867","6.62206","0","0","0","0","0","0","0","0"
"5.81242","0.500044","0.516892","0.0419858","0.541854","0.555282","1.60057","1.71505e-15","3.05771","3.05026","2.80648","6.6574","0","0","0","0","0","0","0","0"
"5.81708","0.500044","0.516892","0.0419928","0.54092","0.554456","1.59436","1.71252e-15","3.06397","3.05586","2.81642","6.64946","0","0","0","0","0","0","0","0"
"5.82048","0.500044","0.516892","0.0419974","0.539934","0.55379","1.58845","1.71354e-15","3.06597","3.05649","2.82994","6.64673","0","0","0","0","0","0","0","0"
"5.82397","0.500044","0.516892","0.0420024","0.540153","0.554272","1.5826","1.71388e-15","3.06828","3.05784","2.84111","6.64456","0","0","0","0","0","0","0","0"
"5.82727","0.500044","0.516862","0.0420065","0.540286","0.554184","1.57685","1.71242e-15","3.06272","3.05338","2.85351","6.63291","0","0","0","0","0","0","0","0"
"5.8307","0.500044","0.516862","0.0420113","0.540377","0.553757","1.57164","1.71239e-15","3.065","3.05642","2.86347","6.64528","0","0","0","0","0","0","0","0"
"5.83402","0.500044","0.516862","0.0420154","0.540425","0.553746","1.56929","1.71387e-15","3.06022","3.05255","2.86024","6.67832","0","0","0","0","0","0","0","0"
"5.83735","0.500044","0.516862","0.0420203","0.540012","0.553332","1.56402","1.71351e-15","3.06011","3.05029","2.86919","6.6878","0","0","0","0","0","0","0","0"
"5.84085","0.500044","0.516862","0.0420256","0.540169","0.553812","1.56205","1.71136e-15","3.05558","3.04619","2.87783","6.67576","0","0","0","0","0","0","0","0"
"5.84413","0.500044","0.516667","0.0420321","0.539635","0.553433","1.55618","1.7137e-15","3.05276","3.04549","2.89055","6.67342","0","0","0","0","0","0","0","0"
"5.84767","0.500044","0.516667","0.0420377","0.538887","0.552627","1.54938","1.71329e-15","3.05574","3.05136","2.91055","6.66717","0","0","0","0","0","0","0","0"
"5.8511","0.500044","0.516667","0.0420442","0.538232","0.552106","1.55046","1.71223e-15","3.05458","3.05177","2.90699","6.64189","0","0","0","0","0","0","0","0"
"5.85563","0.500044","0.516667","0.042053","0.539375","0.55301","1.56115","1.71355e-15","3.05586","3.05717","2.88962","6.64307","0","0","0","0","0","0","0","0"
"5.85892","0.500044","0.516512","0.0420599","0.539993","0.553202","1.56855","1.71184e-15","3.05385","3.06184","2.87722","6.63724","0","0","0","0","0","0","0","0"
"5.86227","0.500044","0.516512","0.042068","0.54036","0.553835","1.57177","1.71252e-15","3.0542","3.05913","2.8839","6.62774","0","0","0","0","0","0","0","0"
"5.86582","0.500044","0.516512","0.0420749","0.540837","0.553947","1.57883","1.71334e-15","3.05349","3.05847","2.86673","6.61993","0","0","0","0","0","0","0","0"
"5.86918","0.500044","0.516512","0.042083","0.540614","0.553951","1.57781","1.71126e-15","3.05121","3.0569","2.86","6.60493","0","0","0","0","0","0","0","0"
"5.8727","0.500044","0.516512","0.0420873","0.540592","0.553976","1.57427","1.7113e-15","3.04851","3.05378","2.86751","6.58592","0","0","0","0","0","0","0","0"
"5.87597","0.500044","0.516366","0.0420862","0.540303","0.553928","1.57507","1.71119e-15","3.04797","3.05381","2.86154","6.5801","0","0","0","0","0","0","0","0"
"5.87937","0.500044","0.516366","0.0420851","0.540101","0.553858","1.57156","1.71024e-15","3.04765","3.05387","2.86467","6.56459","0","0","0","0","0","0","0","0"
"5.88273","0.500044","0.516366","0.042084","0.5402","0.553654","1.57475","1.71257e-15","3.05057","3.0602","2.84959","6.58503","0","0","0","0","0","0","0","0"
"5.88612","0.500044","0.516366","0.0420829","0.540738","0.554224","1.58334","1.71246e-15","3.04876","3.05437","2.83508","6.58634","0","0","0","0","0","0","0","0"
"5.8896","0.500044","0.516366","0.0420814","0.54061","0.553718","1.58686","1.7105e-15","3.0461","3.0534","2.82646","6.57634","0","0","0","0","0","0","0","0"
"5.8929","0.500044","0.516427","0.0420796","0.540658","0.553535","1.58094","1.71203e-15","3.04249","3.05093","2.84064","6.59275","0","0","0","0","0","0","0","0"
"5.89627","0.500044","0.516427","0.0420776","0.539662","0.552395","1.57997","1.71046e-15","3.04425","3.05417","2.83418","6.58378","0","0","0","0","0","0","0","0"
"5.90043","0.500044","0.516427","0.0420753","0.539662","0.552167","1.5773","1.71155e-15","3.04621","3.05515","2.84476","6.58872","0","0","0","0","0","0","0","0"
"5.90382","0.500044","0.516427","0.0420735","0.540171","0.552963","1.5837","1.71258e-15","3.03742","3.05366","2.84701","6.60148","0","0","0","0","0","0","0","0"
"5.90745","0.500044","0.516427","0.0420733","0.540087","0.552873","1.58314","1.71092e-15","3.0375","3.05383","2.84774","6.58022","0","0","0","0","0","0","0","0"
"5.91072","0.500044","0.516491","0.0420737","0.54006","0.552662","1.58159","1.71263e-15","3.0361","3.05112","2.84554","6.5983","0","0","0","0","0","0","0","0"
"5.9141","0.500044","0.516491","0.0420741","0.541515","0.554788","1.60337","1.7124e-15","3.05143","3.06245","2.95631","6.59671","0","0","0","0","0","0","0","0"
"5.91748","0.500044","0.516491","0.0420746","0.540796","0.553596","1.59561","1.71071e-15","3.05265","3.06554","2.97728","6.57861","0","0","0","0","0","0","0","0"
"5.92087","0.500044","0.516491","0.0420749","0.540457","0.55323","1.5914","1.71169e-15","3.05065","3.06117","2.98326","6.6016","0","0","0","0","0","0","0","0"
"5.92438","0.500044","0.516491","0.0420739","0.540665","0.553195","1.59049","1.70952e-15","3.05444","3.06021","2.97318","6.59101","0","0","0","0","0","0","0","0"
"5.92763","0.500044","0.516346","0.0420729","0.540363","0.55305","1.59072","1.70806e-15","3.05583","3.06593","2.96098","6.57892","0","0","0","0","0","0","0","0"
"5.93118","0.500044","0.516346","0.0420716","0.540695","0.553546","1.58949","1.7106e-15","3.05194","3.05834","2.95486","6.5951","0","0","0","0","0","0","0","0"
"5.93458","0.500044","0.516346","0.0420705","0.540098","0.552717","1.58463","1.7101e-15","3.05404","3.05869","2.96305","6.59122","0","0","0","0","0","0","0","0"
"5.93895","0.500044","0.516346","0.04207","0.539848","0.552322","1.57679","1.70916e-15","3.05117","3.05852","2.97784","6.56999","0","0","0","0","0","0","0","0"
"5.94212","0.500044","0.516327","0.0420721","0.539673","0.552042","1.57323","1.7105e-15","3.04907","3.0588","2.98337","6.58799","0","0","0","0","0","0","0","0"
"5.9455","0.500044","0.516327","0.0420742","0.540339","0.552629","1.56772","1.70935e-15","3.04561","3.05253","2.99614","6.58868","0","0","0","0","0","0","0","0"
"5.9489","0.500044","0.516327","0.0420766","0.540113","0.552272","1.57919","1.7106e-15","3.05289","3.05731","3.01118","6.5897","0","0","0","0","0","0","0","0"
"5.95228","0.500044","0.516327","0.0420788","0.54101","0.553162","1.59713","1.71143e-15","3.05755","3.06202","3.04348","6.6077","0","0","0","0","0","0","0","0"
"5.95577","0.500044","0.516327","0.0420793","0.541004","0.553218","1.5946","1.70921e-15","3.05803","3.06629","3.04105","6.59361","0","0","0","0","0","0","0","0"
"5.95905","0.500044","0.516262","0.0420758","0.540563","0.552652","1.58922","1.7109e-15","3.06342","3.06822","3.05238","6.61647","0","0","0","0","0","0","0","0"
"5.96243","0.500044","0.516262","0.0420716","0.540313","0.552374","1.58399","1.71104e-15","3.06417","3.06873","3.05979","6.61082","0","0","0","0","0","0","0","0"
"5.96583","0.500044","0.516262","0.0420681","0.539973","0.552101","1.57714","1.70987e-15","3.06295","3.07041","3.07988","6.59593","0","0","0","0","0","0","0","0"
"5.9692","0.500044","0.516262","0.0420639","0.540084","0.551675","1.57757","1.71237e-15","3.06146","3.06861","3.06812","6.6332","0","0","0","0","0","0","0","0"
"5.97272","0.500044","0.516262","0.0420613","0.541662","0.552955","1.5886","1.71141e-15","3.06565","3.06353","3.05727","6.62948","0","0","0","0","0","0","0","0"
"5.97598","0.500044","0.51619","0.0420602","0.543043","0.554199","1.59556","1.71046e-15","3.07173","3.05931","3.04664","6.61669","0","0","0","0","0","0","0","0"
"5.97938","0.500044","0.51619","0.0420593","0.543768","0.554622","1.59282","1.71226e-15","3.07501","3.06521","3.04431","6.63409","0","0","0","0","0","0","0","0"
"5.98392","0.500044","0.51619","0.042058","0.54363","0.554791","1.58552","1.71189e-15","3.06991","3.06186","3.05794","6.65548","0","0","0","0","0","0","0","0"
"5.98717","0.500044","0.51619","0.0420571","0.543329","0.554579","1.5794","1.71048e-15","3.06633","3.06065","3.07494","6.6531","0","0","0","0","0","0","0","0"
"5.99067","0.500044","0.51619","0.0420553","0.543826","0.554955","1.57806","1.70998e-15","3.06553","3.06488","3.06587","6.65278","0","0","0","0","0","0","0","0"
"5.99395","0.500044","0.516209","0.0420534","0.543911","0.555019","1.57946","1.71122e-15","3.06453","3.06519","3.04784","6.66495","0","0","0","0","0","0","0","0"
"5.99733","0.500044","0.516209","0.0420512","0.543863","0.554834","1.57417","1.71013e-15","3.06086","3.06271","3.05698","6.64708","0","0","0","0","0","0","0","0"
"6.00072","0.500044","0.516209","0.0420494","0.544281","0.55532","1.57241","1.71165e-15","3.06313","3.06044","3.05292","6.66907","0","0","0","0","0","0","0","0"
"6.0041","0.500044","0.516209","0.0420472","0.544237","0.555082","1.56945","1.71093e-15","3.06574","3.0573","3.04946","6.66969","0","0","0","0","0","0","0","0"
"6.0076","0.500044","0.516209","0.0420485","0.544897","0.555601","1.57279","1.70949e-15","3.06797","3.06234","3.04165","6.66326","0","0","0","0","0","0","0","0"
"6.01087","0.500044","0.516665","0.0420508","0.544611","0.554958","1.57157","1.71132e-15","3.06637","3.06249","3.03082","6.68998","0","0","0","0","0","0","0","0"
"6.01425","0.500044","0.516665","0.0420528","0.54488","0.555015","1.57636","1.71044e-15","3.06337","3.06041","3.00704","6.68775","0","0","0","0","0","0","0","0"
"6.01763","0.500044","0.516665","0.0420551","0.544288","0.554399","1.57104","1.7108e-15","3.06031","3.05724","3.01512","6.68165","0","0","0","0","0","0","0","0"
"6.02103","0.500044","0.516665","0.042057","0.543928","0.554071","1.57056","1.71265e-15","3.0613","3.05716","3.00508","6.69485","0","0","0","0","0","0","0","0"
"6.02452","0.500044","0.516665","0.0420525","0.543747","0.553872","1.57325","1.71049e-15","3.06016","3.05428","2.98903","6.68427","0","0","0","0","0","0","0","0"
"6.0278","0.500044","0.517002","0.0420477","0.543385","0.553544","1.56907","1.71031e-15","3.05909","3.05532","2.99832","6.66666","0","0","0","0","0","0","0","0"
"6.03118","0.500044","0.517002","0.0420421","0.544239","0.554475","1.57416","1.71157e-15","3.05803","3.0544","3.00328","6.70034","0","0","0","0","0","0","0","0"
"6.03457","0.500044","0.517002","0.0420373","0.544125","0.554174","1.56945","1.71026e-15","3.05612","3.05062","3.01194","6.69324","0","0","0","0","0","0","0","0"
"6.03897","0.500044","0.517002","0.042029","0.545049","0.555198","1.56868","1.71075e-15","3.05059","3.04317","3.01625","6.66031","0","0","0","0","0","0","0","0"
"6.04212","0.500044","0.517054","0.042021","0.545524","0.555762","1.56559","1.70877e-15","3.05228","3.04716","3.01761","6.65162","0","0","0","0","0","0","0","0"
"6.0455","0.500044","0.517054","0.0420131","0.544732","0.554944","1.55997","1.7078e-15","3.05433","3.04948","3.0307","6.63675","0","0","0","0","0","0","0","0"
"6.04888","0.500044","0.517054","0.0420038","0.544768","0.555102","1.55583","1.7105e-15","3.05521","3.0507","3.03601","6.6599","0","0","0","0","0","0","0","0"
"6.05228","0.500044","0.517054","0.0419959","0.544082","0.55457","1.55531","1.70947e-15","3.06214","3.06043","3.03067","6.65264","0","0","0","0","0","0","0","0"
"6.0559","0.500044","0.517054","0.0419879","0.544801","0.555379","1.56525","1.70907e-15","3.07241","3.07262","3.01551","6.6331","0","0","0","0","0","0","0","0"
"6.05918","0.500044","0.517018","0.041983","0.544846","0.55566","1.5602","1.71001e-15","3.07068","3.07136","3.02285","6.64074","0","0","0","0","0","0","0","0"
"6.06257","0.500044","0.517018","0.0419789","0.544846","0.555401","1.55701","1.70943e-15","3.06696","3.06829","3.02368","6.62956","0","0","0","0","0","0","0","0"
"6.06725","0.500044","0.517018","0.0419726","0.544095","0.554631","1.55085","1.71019e-15","3.06486","3.06829","3.03088","6.61585","0","0","0","0","0","0","0","0"
"6.07063","0.500044","0.517018","0.0419678","0.544432","0.55479","1.54733","1.71233e-15","3.06074","3.06745","3.0339","6.63343","0","0","0","0","0","0","0","0"
"6.07413","0.500044","0.517018","0.0419699","0.544755","0.555184","1.54208","1.71016e-15","3.06368","3.06737","3.04749","6.62432","0","0","0","0","0","0","0","0"
"6.07742","0.500044","0.517235","0.0419737","0.544563","0.555324","1.5391","1.71103e-15","3.06007","3.06319","3.05076","6.62259","0","0","0","0","0","0","0","0"
"6.0808","0.500044","0.517235","0.041977","0.544904","0.555596","1.53335","1.7128e-15","3.05634","3.06383","3.06551","6.65367","0","0","0","0","0","0","0","0"
"6.08418","0.500044","0.517235","0.0419809","0.544324","0.554911","1.52687","1.71129e-15","3.06005","3.06853","3.08176","6.6452","0","0","0","0","0","0","0","0"
"6.08757","0.500044","0.517235","0.0419842","0.544381","0.554889","1.52354","1.71276e-15","3.05168","3.06526","3.08365","6.65324","0","0","0","0","0","0","0","0"
"6.0911","0.500044","0.517235","0.0419845","0.544459","0.555017","1.52006","1.71152e-15","3.0589","3.06872","3.0842","6.64742","0","0","0","0","0","0","0","0"
"6.09438","0.500044","0.517316","0.0419843","0.544476","0.555121","1.51673","1.70979e-15","3.05417","3.06786","3.08583","6.63482","0","0","0","0","0","0","0","0"
"6.09777","0.500044","0.517316","0.041984","0.543337","0.553898","1.51112","1.71172e-15","3.05595","3.07131","3.09714","6.64182","0","0","0","0","0","0","0","0"
"6.10117","0.500044","0.517316","0.0419838","0.542766","0.553613","1.5089","1.71208e-15","3.05925","3.07768","3.09718","6.64103","0","0","0","0","0","0","0","0"
"6.1056","0.500044","0.517316","0.0419836","0.54261","0.55303","1.51037","1.71057e-15","3.05633","3.07476","3.07898","6.61404","0","0","0","0","0","0","0","0"
"6.10897","0.500044","0.517456","0.0419838","0.542731","0.55348","1.5062","1.71086e-15","3.0533","3.06889","3.08557","6.61577","0","0","0","0","0","0","0","0"
"6.11235","0.500044","0.517456","0.041984","0.542992","0.553696","1.50185","1.70831e-15","3.05309","3.06473","3.09919","6.61212","0","0","0","0","0","0","0","0"
"6.11575","0.500044","0.517456","0.0419842","0.542461","0.553209","1.49714","1.70943e-15","3.05048","3.0624","3.1086","6.61497","0","0","0","0","0","0","0","0"
"6.11913","0.500044","0.517456","0.0419844","0.542547","0.553242","1.5009","1.71037e-15","3.05192","3.06137","3.09904","6.63346","0","0","0","0","0","0","0","0"
"6.12262","0.500044","0.517456","0.0419846","0.54291","0.553607","1.50405","1.70862e-15","3.05089","3.06691","3.08239","6.61364","0","0","0","0","0","0","0","0"
"6.1259","0.500044","0.517361","0.0419851","0.542726","0.553448","1.50481","1.71016e-15","3.05042","3.06255","3.06259","6.62974","0","0","0","0","0","0","0","0"
"6.12928","0.500044","0.517361","0.0419855","0.542246","0.553276","1.49936","1.71128e-15","3.04875","3.05869","3.07549","6.62986","0","0","0","0","0","0","0","0"
"6.13268","0.500044","0.517361","0.0419859","0.541757","0.552764","1.49416","1.71022e-15","3.0479","3.05937","3.0853","6.6184","0","0","0","0","0","0","0","0"
"6.1362","0.500044","0.517361","0.0419863","0.541136","0.552375","1.48811","1.71182e-15","3.0464","3.05596","3.10273","6.62753","0","0","0","0","0","0","0","0"
"6.13953","0.500044","0.517361","0.0419832","0.541046","0.55196","1.49107","1.71221e-15","3.04771","3.05453","3.09054","6.63339","0","0","0","0","0","0","0","0"
"6.14283","0.500044","0.517212","0.0419766","0.540981","0.551759","1.48824","1.71046e-15","3.04583","3.05297","3.09216","6.62319","0","0","0","0","0","0","0","0"
"6.14623","0.500044","0.517212","0.0419689","0.540588","0.551723","1.48925","1.71264e-15","3.04671","3.06809","3.07967","6.64014","0","0","0","0","0","0","0","0"
"6.15063","0.500044","0.517212","0.0419602","0.540586","0.551925","1.49693","1.71142e-15","3.04751","3.06632","3.0537","6.63691","0","0","0","0","0","0","0","0"
"6.15403","0.500044","0.517212","0.0419525","0.539956","0.550974","1.50331","1.71181e-15","3.04595","3.06795","3.02875","6.63013","0","0","0","0","0","0","0","0"
"6.15752","0.500044","0.517212","0.0419463","0.540021","0.551046","1.49981","1.71112e-15","3.04456","3.06636","3.03331","6.63594","0","0","0","0","0","0","0","0"
"6.1608","0.500044","0.517115","0.0419393","0.539801","0.550635","1.49866","1.71005e-15","3.0437","3.06475","3.03221","6.63507","0","0","0","0","0","0","0","0"
"6.16418","0.500044","0.517115","0.0419333","0.539588","0.550518","1.49535","1.71117e-15","3.04197","3.06047","3.03406","6.63808","0","0","0","0","0","0","0","0"
"6.16757","0.500044","0.517115","0.0419263","0.539568","0.550371","1.48917","1.71221e-15","3.0383","3.05634","3.04845","6.65925","0","0","0","0","0","0","0","0"
"6.17095","0.500044","0.517115","0.0419202","0.539452","0.550385","1.48607","1.71066e-15","3.03386","3.05024","3.0517","6.64846","0","0","0","0","0","0","0","0"
"6.17443","0.500044","0.517115","0.0419163","0.539148","0.550227","1.48181","1.71043e-15","3.0403","3.05138","3.0581","6.64814","0","0","0","0","0","0","0","0"
"6.17772","0.500044","0.516831","0.0419133","0.538292","0.549786","1.4809","1.71154e-15","3.04477","3.05288","3.05211","6.66671","0","0","0","0","0","0","0","0"
"6.1811","0.500044","0.516831","0.0419099","0.538089","0.549375","1.4764","1.70884e-15","3.03912","3.05154","3.059","6.65833","0","0","0","0","0","0","0","0"
"6.1845","0.500044","0.516831","0.0419069","0.537694","0.549346","1.47641","1.70917e-15","3.03958","3.05335","3.04464","6.66921","0","0","0","0","0","0","0","0"
"6.18895","0.500044","0.516831","0.0419037","0.537183","0.548893","1.46863","1.71096e-15","3.03824","3.04947","3.06359","6.68191","0","0","0","0","0","0","0","0"
"6.1923","0.500044","0.516593","0.0419045","0.537216","0.548969","1.46878","1.70907e-15","3.03246","3.04421","3.05455","6.67307","0","0","0","0","0","0","0","0"
"6.19568","0.500044","0.516593","0.0419054","0.53727","0.549094","1.4712","1.70869e-15","3.02566","3.03771","3.04044","6.65739","0","0","0","0","0","0","0","0"
"6.19907","0.500044","0.516593","0.0419062","0.536534","0.548383","1.46474","1.71088e-15","3.02472","3.03662","3.06122","6.67239","0","0","0","0","0","0","0","0"
"6.20247","0.500044","0.516593","0.0419071","0.535985","0.548093","1.46163","1.7102e-15","3.02531","3.0397","3.06078","6.67481","0","0","0","0","0","0","0","0"
"6.20592","0.500044","0.516593","0.0419104","0.536016","0.548383","1.45988","1.70862e-15","3.02497","3.03586","3.05907","6.65284","0","0","0","0","0","0","0","0"
"6.2093","0.500044","0.516402","0.0419203","0.536064","0.548413","1.4549","1.71001e-15","3.02534","3.03713","3.06817","6.66707","0","0","0","0","0","0","0","0"
"6.21268","0.500044","0.516402","0.0419287","0.536307","0.548848","1.44906","1.70939e-15","3.01793","3.03172","3.08595","6.66574","0","0","0","0","0","0","0","0"
"6.21607","0.500044","0.516402","0.0419386","0.535844","0.548534","1.44681","1.70849e-15","3.01774","3.03122","3.08438","6.64439","0","0","0","0","0","0","0","0"
"6.2194","0.500044","0.516402","0.041947","0.535388","0.54795","1.44488","1.71146e-15","3.01485","3.02756","3.07881","6.64316","0","0","0","0","0","0","0","0"
"6.22302","0.500044","0.516402","0.0419547","0.535527","0.548031","1.44747","1.71012e-15","3.01364","3.0232","3.05947","6.6367","0","0","0","0","0","0","0","0"
"6.22632","0.500044","0.51618","0.0419588","0.536569","0.548982","1.458","1.70852e-15","3.0125","3.01817","3.04392","6.63922","0","0","0","0","0","0","0","0"
"6.22968","0.500044","0.51618","0.0419636","0.537067","0.549423","1.46043","1.71029e-15","3.01472","3.01681","3.04456","6.65265","0","0","0","0","0","0","0","0"
"6.23385","0.500044","0.51618","0.0419691","0.537255","0.54944","1.472","1.70956e-15","3.01392","3.01395","3.07651","6.66299","0","0","0","0","0","0","0","0"
"6.23725","0.500044","0.51618","0.0419732","0.539039","0.550973","1.48344","1.70908e-15","3.02135","3.04259","3.10322","6.65518","0","0","0","0","0","0","0","0"
"6.24067","0.500044","0.51618","0.0419743","0.539882","0.551752","1.48308","1.70898e-15","3.02252","3.04677","3.09516","6.65958","0","0","0","0","0","0","0","0"
"6.24413","0.500044","0.516086","0.0419739","0.539779","0.551726","1.48522","1.70792e-15","3.02061","3.04165","3.08901","6.66784","0","0","0","0","0","0","0","0"
"6.24752","0.500044","0.516086","0.0419736","0.539808","0.551917","1.48096","1.70852e-15","3.03091","3.05836","3.09749","6.67101","0","0","0","0","0","0","0","0"
"6.2509","0.500044","0.516086","0.0419732","0.53971","0.552073","1.47731","1.70892e-15","3.02919","3.07503","3.10039","6.68948","0","0","0","0","0","0","0","0"
"6.2543","0.500044","0.516086","0.0419729","0.539416","0.551822","1.47261","1.70773e-15","3.02793","3.07303","3.10999","6.67764","0","0","0","0","0","0","0","0"
"6.25778","0.500044","0.516086","0.0419668","0.539166","0.551998","1.47938","1.70826e-15","3.02786","3.06771","3.09592","6.67772","0","0","0","0","0","0","0","0"
"6.26107","0.500044","0.516264","0.0419606","0.538914","0.552009","1.47935","1.70941e-15","3.02591","3.06077","3.08849","6.68407","0","0","0","0","0","0","0","0"
"6.26445","0.500044","0.516264","0.0419535","0.539405","0.553106","1.47989","1.7073e-15","3.02412","3.05514","3.08635","6.67274","0","0","0","0","0","0","0","0"
"6.26783","0.500044","0.516264","0.0419474","0.539375","0.552837","1.48011","1.70926e-15","3.02437","3.05289","3.08528","6.68521","0","0","0","0","0","0","0","0"
"6.27227","0.500044","0.516264","0.0419395","0.542449","0.556481","1.51176","1.70949e-15","3.0617","3.08633","3.20685","6.68702","0","0","0","0","0","0","0","0"
"6.27565","0.500044","0.516625","0.0419371","0.542128","0.555968","1.50814","1.7071e-15","3.0598","3.08767","3.20929","6.6814","0","0","0","0","0","0","0","0"
"6.27898","0.500044","0.516625","0.0419343","0.542743","0.556432","1.51564","1.70978e-15","3.06956","3.08981","3.17866","6.68805","0","0","0","0","0","0","0","0"
"6.2824","0.500044","0.516625","0.041932","0.543607","0.557013","1.53211","1.71066e-15","3.07576","3.0937","3.17592","6.70397","0","0","0","0","0","0","0","0"
"6.28578","0.500044","0.516625","0.0419292","0.543348","0.556901","1.53054","1.70837e-15","3.07828","3.0915","3.17163","6.68791","0","0","0","0","0","0","0","0"
"6.28928","0.500044","0.516625","0.0419279","0.542459","0.556103","1.52898","1.70835e-15","3.08205","3.0915","3.17168","6.6936","0","0","0","0","0","0","0","0"
"6.29255","0.500044","0.516909","0.0419288","0.542598","0.556015","1.53768","1.70955e-15","3.07962","3.0855","3.14316","6.72054","0","0","0","0","0","0","0","0"
"6.29593","0.500044","0.516909","0.0419296","0.54249","0.556004","1.53698","1.70787e-15","3.07501","3.08199","3.13989","6.70873","0","0","0","0","0","0","0","0"
"6.29933","0.500044","0.516909","0.0419305","0.542543","0.556361","1.53147","1.7082e-15","3.0751","3.08443","3.15159","6.69793","0","0","0","0","0","0","0","0"
"6.3027","0.500044","0.516909","0.0419313","0.542026","0.555599","1.52962","1.71048e-15","3.07592","3.08473","3.14672","6.72127","0","0","0","0","0","0","0","0"
"6.30622","0.500044","0.516909","0.0419324","0.542205","0.555741","1.52925","1.70982e-15","3.07587","3.08556","3.13722","6.73134","0","0","0","0","0","0","0","0"
"6.30947","0.500044","0.517411","0.0419335","0.542035","0.555857","1.52827","1.70857e-15","3.07779","3.08781","3.1313","6.71511","0","0","0","0","0","0","0","0"
"6.31288","0.500044","0.517411","0.0419348","0.542136","0.556241","1.52917","1.71028e-15","3.0798","3.0882","3.12824","6.71155","0","0","0","0","0","0","0","0"
"6.31728","0.500044","0.517411","0.0419362","0.541955","0.556301","1.5381","1.71167e-15","3.07496","3.0797","3.0999","6.73392","0","0","0","0","0","0","0","0"
"6.32067","0.500044","0.517411","0.0419375","0.541768","0.555709","1.54274","1.71056e-15","3.0736","3.08047","3.08346","6.71961","0","0","0","0","0","0","0","0"
"6.32417","0.500044","0.517411","0.0419387","0.541305","0.555313","1.54157","1.71121e-15","3.07598","3.08426","3.07676","6.71814","0","0","0","0","0","0","0","0"
"6.32745","0.500044","0.517404","0.0419401","0.541646","0.555616","1.54401","1.7112e-15","3.07282","3.07854","3.07181","6.71821","0","0","0","0","0","0","0","0"
"6.33083","0.500044","0.517404","0.0419413","0.541474","0.555215","1.54421","1.70989e-15","3.07009","3.07579","3.06611","6.70512","0","0","0","0","0","0","0","0"
"6.33465","0.500044","0.517404","0.0419427","0.541583","0.555329","1.54195","1.71163e-15","3.07261","3.08103","3.06338","6.72383","0","0","0","0","0","0","0","0"
"6.33768","0.500044","0.517404","0.041944","0.541938","0.555726","1.53724","1.71194e-15","3.06449","3.0742","3.07211","6.73592","0","0","0","0","0","0","0","0"
"6.34118","0.500044","0.517404","0.0419466","0.542601","0.556603","1.54351","1.70977e-15","3.07212","3.07269","3.07568","6.7177","0","0","0","0","0","0","0","0"
"6.34447","0.500044","0.517312","0.041949","0.542828","0.556815","1.54146","1.71135e-15","3.06733","3.0652","3.07477","6.72982","0","0","0","0","0","0","0","0"
"6.34783","0.500044","0.517312","0.0419518","0.543573","0.557338","1.53803","1.71207e-15","3.06309","3.06436","3.07719","6.74663","0","0","0","0","0","0","0","0"
"6.35123","0.500044","0.517312","0.0419542","0.543177","0.557135","1.53495","1.71091e-15","3.06209","3.06439","3.07632","6.72818","0","0","0","0","0","0","0","0"
"6.35562","0.500044","0.517312","0.0419574","0.543116","0.557524","1.53466","1.7124e-15","3.06103","3.05678","3.06729","6.71766","0","0","0","0","0","0","0","0"
"6.35885","0.500044","0.517258","0.0419585","0.543039","0.557424","1.53329","1.7117e-15","3.05728","3.05222","3.06265","6.70575","0","0","0","0","0","0","0","0"
"6.36242","0.500044","0.517258","0.0419595","0.543325","0.557802","1.5294","1.71025e-15","3.06258","3.05755","3.06889","6.68671","0","0","0","0","0","0","0","0"
"6.36562","0.500044","0.517258","0.0419608","0.543137","0.55753","1.53684","1.71166e-15","3.0611","3.05483","3.06114","6.68984","0","0","0","0","0","0","0","0"
"6.36913","0.500044","0.517258","0.0419618","0.542636","0.557112","1.53729","1.71283e-15","3.06034","3.05293","3.04809","6.70614","0","0","0","0","0","0","0","0"
"6.3725","0.500044","0.517258","0.041963","0.542837","0.557318","1.55195","1.7105e-15","3.0564","3.05335","3.04271","6.69034","0","0","0","0","0","0","0","0"
"6.3758","0.500044","0.517546","0.041964","0.543732","0.558057","1.56152","1.70996e-15","3.07552","3.06079","3.03314","6.68179","0","0","0","0","0","0","0","0"
"6.37915","0.500044","0.517546","0.0419651","0.543241","0.557821","1.55681","1.71194e-15","3.07921","3.06012","3.0393","6.69747","0","0","0","0","0","0","0","0"
"6.38257","0.500044","0.517546","0.041966","0.542789","0.557456","1.55354","1.71062e-15","3.08186","3.06276","3.04417","6.70268","0","0","0","0","0","0","0","0"
"6.38598","0.500044","0.517546","0.0419672","0.543255","0.557851","1.56968","1.71034e-15","3.08176","3.05778","3.06009","6.6944","0","0","0","0","0","0","0","0"
"6.38947","0.500044","0.517546","0.0419677","0.54338","0.557995","1.57237","1.71083e-15","3.08245","3.0561","3.04407","6.68994","0","0","0","0","0","0","0","0"
"6.39275","0.500044","0.517718","0.0419673","0.543423","0.558098","1.57542","1.70976e-15","3.0813","3.05484","3.02497","6.67006","0","0","0","0","0","0","0","0"
"6.39613","0.500044","0.517718","0.0419669","0.543731","0.558326","1.57459","1.70903e-15","3.07676","3.05126","3.01384","6.6596","0","0","0","0","0","0","0","0"
"6.40057","0.500044","0.517718","0.0419665","0.543539","0.558615","1.56902","1.7113e-15","3.07959","3.05729","3.02349","6.67697","0","0","0","0","0","0","0","0"
"6.40395","0.500044","0.517718","0.0419661","0.54308","0.557913","1.57045","1.70957e-15","3.08167","3.06052","3.01649","6.6693","0","0","0","0","0","0","0","0"
"6.4075","0.500044","0.517718","0.0419668","0.542676","0.557609","1.57056","1.70842e-15","3.08023","3.05613","3.01172","6.65818","0","0","0","0","0","0","0","0"
"6.41072","0.500044","0.517695","0.0419679","0.541572","0.556669","1.5651","1.71035e-15","3.08183","3.05468","3.02059","6.67632","0","0","0","0","0","0","0","0"
"6.4141","0.500044","0.517695","0.0419687","0.541212","0.556535","1.56053","1.70993e-15","3.07921","3.05319","3.02874","6.66071","0","0","0","0","0","0","0","0"
"6.41748","0.500044","0.517695","0.0419698","0.540947","0.556567","1.55575","1.70819e-15","3.07595","3.04822","3.03801","6.65402","0","0","0","0","0","0","0","0"
"6.42087","0.500044","0.517695","0.0419707","0.540856","0.55647","1.55006","1.70989e-15","3.07325","3.04967","3.05202","6.66086","0","0","0","0","0","0","0","0"
"6.42437","0.500044","0.517695","0.0419753","0.541179","0.556466","1.554","1.70972e-15","3.08366","3.05715","3.03149","6.65386","0","0","0","0","0","0","0","0"
"6.42765","0.500044","0.517711","0.0419797","0.540599","0.5558","1.55142","1.70811e-15","3.08118","3.05754","3.02926","6.63891","0","0","0","0","0","0","0","0"
"6.43103","0.500044","0.517711","0.0419849","0.54076","0.555784","1.55925","1.70987e-15","3.07371","3.05401","3.02016","6.63913","0","0","0","0","0","0","0","0"
"6.43442","0.500044","0.517711","0.0419894","0.541208","0.556385","1.55835","1.71119e-15","3.06578","3.05268","3.02108","6.64445","0","0","0","0","0","0","0","0"
"6.43893","0.500044","0.517711","0.0419952","0.541217","0.556626","1.55217","1.70944e-15","3.06658","3.05776","3.03126","6.61583","0","0","0","0","0","0","0","0"
"6.44223","0.500044","0.517487","0.0419972","0.541008","0.556233","1.54967","1.7097e-15","3.06501","3.05688","3.02888","6.61314","0","0","0","0","0","0","0","0"
"6.44562","0.500044","0.517487","0.0419994","0.542071","0.557574","1.56262","1.70803e-15","3.06898","3.06127","3.04469","6.5991","0","0","0","0","0","0","0","0"
"6.449","0.500044","0.517487","0.0420013","0.541244","0.556775","1.55531","1.70885e-15","3.07044","3.06402","3.06849","6.60112","0","0","0","0","0","0","0","0"
"6.45238","0.500044","0.517487","0.0420036","0.541052","0.556426","1.54936","1.70944e-15","3.06389","3.06018","3.08166","6.6094","0","0","0","0","0","0","0","0"
"6.45587","0.500044","0.517487","0.0420038","0.540744","0.556404","1.54813","1.70782e-15","3.05887","3.05628","3.07364","6.58911","0","0","0","0","0","0","0","0"
"6.45915","0.500044","0.517356","0.042","0.540821","0.556452","1.54277","1.70965e-15","3.05381","3.04903","3.08444","6.60009","0","0","0","0","0","0","0","0"
"6.46253","0.500044","0.517356","0.0419968","0.540786","0.556475","1.54374","1.71045e-15","3.05528","3.04773","3.06945","6.59806","0","0","0","0","0","0","0","0"
"6.46595","0.500044","0.517356","0.041993","0.540674","0.557013","1.54254","1.70937e-15","3.05213","3.04291","3.06025","6.58611","0","0","0","0","0","0","0","0"
"6.46937","0.500044","0.517356","0.0419898","0.539684","0.55636","1.53776","1.71156e-15","3.05503","3.04313","3.06982","6.61262","0","0","0","0","0","0","0","0"
"6.47285","0.500044","0.517356","0.041988","0.540036","0.556428","1.53292","1.70966e-15","3.05583","3.04502","3.07867","6.60583","0","0","0","0","0","0","0","0"
"6.47618","0.500044","0.517407","0.0419888","0.540489","0.557088","1.52961","1.70934e-15","3.05379","3.04167","3.07957","6.60483","0","0","0","0","0","0","0","0"
"6.47958","0.500044","0.517407","0.0419897","0.539859","0.556529","1.52406","1.7111e-15","3.05296","3.04146","3.09654","6.63491","0","0","0","0","0","0","0","0"
"6.484","0.500044","0.517407","0.0419907","0.540059","0.556694","1.53105","1.7093e-15","3.05334","3.04251","3.08789","6.61816","0","0","0","0","0","0","0","0"
"6.48738","0.500044","0.517407","0.0419916","0.540018","0.556956","1.53628","1.71136e-15","3.04954","3.04844","3.08471","6.62937","0","0","0","0","0","0","0","0"
"6.49087","0.500044","0.517407","0.041995","0.540337","0.557111","1.54954","1.71062e-15","3.05054","3.04738","3.09323","6.63882","0","0","0","0","0","0","0","0"
"6.49417","0.500044","0.517418","0.0419995","0.539991","0.55657","1.54549","1.70901e-15","3.04747","3.04468","3.09773","6.61664","0","0","0","0","0","0","0","0"
"6.49753","0.500044","0.517418","0.0420034","0.539743","0.555987","1.54305","1.71186e-15","3.04967","3.04555","3.09384","6.6373","0","0","0","0","0","0","0","0"
"6.50097","0.500044","0.517418","0.042008","0.539276","0.555617","1.53709","1.71126e-15","3.04806","3.04154","3.10661","6.63667","0","0","0","0","0","0","0","0"
"6.50432","0.500044","0.517418","0.0420119","0.53904","0.555665","1.53146","1.7114e-15","3.04555","3.03952","3.12072","6.62677","0","0","0","0","0","0","0","0"
"6.5078","0.500044","0.517418","0.0420163","0.53932","0.555842","1.53442","1.71077e-15","3.04404","3.03792","3.11267","6.62921","0","0","0","0","0","0","0","0"
"6.51108","0.500044","0.51744","0.04202","0.53926","0.555963","1.53364","1.70954e-15","3.04514","3.04078","3.10845","6.62092","0","0","0","0","0","0","0","0"
"6.51447","0.500044","0.51744","0.0420244","0.538303","0.554849","1.53309","1.71018e-15","3.05093","3.04565","3.09661","6.60477","0","0","0","0","0","0","0","0"
"6.51785","0.500044","0.51744","0.0420282","0.537744","0.553927","1.52672","1.71197e-15","3.05652","3.05042","3.11546","6.63655","0","0","0","0","0","0","0","0"
"6.52228","0.500044","0.51744","0.0420324","0.537923","0.554003","1.53449","1.70949e-15","3.05621","3.04867","3.0855","6.60988","0","0","0","0","0","0","0","0"
"6.52567","0.500044","0.517367","0.0420318","0.537898","0.553955","1.53445","1.7107e-15","3.05296","3.04912","3.0748","6.6193","0","0","0","0","0","0","0","0"
"6.52905","0.500044","0.517367","0.042031","0.538573","0.554961","1.53569","1.71121e-15","3.05137","3.04958","3.06275","6.62408","0","0","0","0","0","0","0","0"
"6.53243","0.500044","0.517367","0.0420304","0.537799","0.554224","1.53343","1.70965e-15","3.05294","3.0499","3.05907","6.61095","0","0","0","0","0","0","0","0"
"6.53582","0.500044","0.517367","0.0420296","0.538344","0.55435","1.53568","1.71154e-15","3.06108","3.0518","3.03599","6.63957","0","0","0","0","0","0","0","0"
"6.53933","0.500044","0.517367","0.0420291","0.53829","0.554348","1.53744","1.71165e-15","3.06086","3.05449","3.027","6.64705","0","0","0","0","0","0","0","0"
"6.5426","0.500044","0.51714","0.0420288","0.537565","0.553883","1.53241","1.70993e-15","3.0617","3.05701","3.04136","6.62542","0","0","0","0","0","0","0","0"
"6.54598","0.500044","0.51714","0.0420285","0.537137","0.553337","1.53044","1.71256e-15","3.05991","3.05496","3.0415","6.62826","0","0","0","0","0","0","0","0"
"6.54937","0.500044","0.51714","0.0420282","0.53649","0.552946","1.52637","1.7131e-15","3.06015","3.0507","3.04809","6.6489","0","0","0","0","0","0","0","0"
"6.55275","0.500044","0.51714","0.0420279","0.536201","0.552482","1.52553","1.71112e-15","3.05939","3.0503","3.04049","6.63089","0","0","0","0","0","0","0","0"
"6.55623","0.500044","0.51714","0.0420277","0.535798","0.55187","1.5287","1.71137e-15","3.06025","3.04891","3.01535","6.6303","0","0","0","0","0","0","0","0"
"6.55952","0.500044","0.516972","0.0420279","0.535367","0.551334","1.52647","1.71216e-15","3.06132","3.05062","3.01105","6.64175","0","0","0","0","0","0","0","0"
"6.5629","0.500044","0.516972","0.042028","0.535512","0.551094","1.523","1.71069e-15","3.06342","3.05752","3.01649","6.6296","0","0","0","0","0","0","0","0"
"6.56738","0.500044","0.516972","0.0420282","0.534479","0.550088","1.51539","1.71178e-15","3.06485","3.06066","3.03602","6.62998","0","0","0","0","0","0","0","0"
"6.57072","0.500044","0.516972","0.0420283","0.534811","0.550206","1.51275","1.71334e-15","3.06215","3.05341","3.03746","6.65179","0","0","0","0","0","0","0","0"
"6.57423","0.500044","0.516972","0.042028","0.535179","0.550278","1.51471","1.71204e-15","3.05948","3.05483","3.0227","6.63436","0","0","0","0","0","0","0","0"
"6.5775","0.500044","0.516781","0.0420274","0.534226","0.549406","1.50771","1.7119e-15","3.0657","3.06092","3.04205","6.63359","0","0","0","0","0","0","0","0"
"6.58087","0.500044","0.516781","0.042027","0.53422","0.54974","1.5026","1.71416e-15","3.06612","3.06261","3.05315","6.64438","0","0","0","0","0","0","0","0"
"6.58425","0.500044","0.516781","0.0420265","0.534293","0.549569","1.50077","1.71301e-15","3.06938","3.06449","3.04665","6.63962","0","0","0","0","0","0","0","0"
"6.58765","0.500044","0.516781","0.042026","0.534261","0.549406","1.49633","1.71245e-15","3.06858","3.06355","3.05506","6.62422","0","0","0","0","0","0","0","0"
"6.59113","0.500044","0.516781","0.0420249","0.533948","0.549157","1.49045","1.71245e-15","3.06655","3.06013","3.06822","6.62165","0","0","0","0","0","0","0","0"
"6.59442","0.500044","0.516312","0.0420239","0.534372","0.549681","1.48922","1.71286e-15","3.07071","3.06639","3.065","6.62893","0","0","0","0","0","0","0","0"
"6.5978","0.500044","0.516312","0.0420226","0.53413","0.549182","1.48559","1.71163e-15","3.07667","3.07205","3.06921","6.61396","0","0","0","0","0","0","0","0"
"6.60118","0.500044","0.516312","0.0420216","0.534564","0.549615","1.49424","1.71388e-15","3.07693","3.07224","3.05015","6.62408","0","0","0","0","0","0","0","0"
"6.60563","0.500044","0.516312","0.0420207","0.534466","0.549603","1.51324","1.71251e-15","3.06937","3.06592","3.04167","6.60772","0","0","0","0","0","0","0","0"
"6.60907","0.500044","0.516046","0.0420219","0.53468","0.550156","1.51672","1.71057e-15","3.06567","3.06633","3.02522","6.59146","0","0","0","0","0","0","0","0"
"6.61242","0.500044","0.516046","0.0420233","0.534851","0.550433","1.53179","1.71252e-15","3.05914","3.06232","3.02171","6.59703","0","0","0","0","0","0","0","0"
"6.6158","0.500044","0.516046","0.0420245","0.534485","0.550206","1.53559","1.71331e-15","3.05884","3.06201","3.00453","6.63149","0","0","0","0","0","0","0","0"
"6.6192","0.500044","0.516046","0.0420259","0.533957","0.549819","1.53635","1.71108e-15","3.05898","3.06235","2.98794","6.62472","0","0","0","0","0","0","0","0"
"6.62272","0.500044","0.516046","0.0420263","0.533561","0.549597","1.53248","1.71041e-15","3.06008","3.06042","2.99349","6.60521","0","0","0","0","0","0","0","0"
"6.62597","0.500044","0.516004","0.0420246","0.533433","0.54957","1.53278","1.71188e-15","3.06031","3.06161","2.9784","6.61005","0","0","0","0","0","0","0","0"
"6.62935","0.500044","0.516004","0.0420233","0.53321","0.54942","1.53186","1.71264e-15","3.05929","3.05922","2.97011","6.64524","0","0","0","0","0","0","0","0"
"6.63275","0.500044","0.516004","0.0420216","0.532831","0.549299","1.53216","1.70993e-15","3.05805","3.0563","2.95597","6.63669","0","0","0","0","0","0","0","0"
"6.63612","0.500044","0.516004","0.0420202","0.532653","0.548868","1.52697","1.71075e-15","3.05668","3.05831","2.9666","6.62725","0","0","0","0","0","0","0","0"
"6.6396","0.500044","0.516004","0.0420198","0.533","0.549438","1.53247","1.71051e-15","3.05031","3.05634","2.94989","6.62817","0","0","0","0","0","0","0","0"
"6.64288","0.500044","0.51598","0.0420208","0.53357","0.550128","1.52947","1.70905e-15","3.06311","3.06313","2.96077","6.61875","0","0","0","0","0","0","0","0"
"6.64628","0.500044","0.51598","0.042022","0.53301","0.549533","1.52518","1.70962e-15","3.06058","3.06153","2.96404","6.6227","0","0","0","0","0","0","0","0"
"6.6507","0.500044","0.51598","0.0420234","0.533756","0.550015","1.52124","1.71151e-15","3.06841","3.05814","2.967","6.65636","0","0","0","0","0","0","0","0"
"6.65408","0.500044","0.51598","0.0420246","0.533602","0.549887","1.51748","1.70943e-15","3.0676","3.05734","2.96852","6.65499","0","0","0","0","0","0","0","0"
"6.6576","0.500044","0.51598","0.0420314","0.533322","0.549389","1.51758","1.70809e-15","3.0645","3.05649","2.96685","6.64174","0","0","0","0","0","0","0","0"
"6.66087","0.500044","0.515798","0.0420407","0.533515","0.549513","1.5132","1.70952e-15","3.0676","3.05618","2.97241","6.65331","0","0","0","0","0","0","0","0"
"6.66425","0.500044","0.515798","0.0420486","0.533536","0.549256","1.51358","1.7094e-15","3.06414","3.05351","2.96962","6.67183","0","0","0","0","0","0","0","0"
"6.66777","0.500044","0.515798","0.0420578","0.534239","0.550401","1.52049","1.70842e-15","3.06452","3.05413","2.96776","6.65282","0","0","0","0","0","0","0","0"
"6.67102","0.500044","0.515798","0.0420658","0.534058","0.550342","1.51919","1.71041e-15","3.06496","3.05253","2.96137","6.67019","0","0","0","0","0","0","0","0"
"6.6747","0.500044","0.515798","0.0420672","0.534998","0.551507","1.53011","1.70854e-15","3.06155","3.05318","2.97143","6.66847","0","0","0","0","0","0","0","0"
"6.6778","0.500044","0.515841","0.0420674","0.534379","0.550799","1.53043","1.70892e-15","3.06082","3.05283","2.95963","6.64822","0","0","0","0","0","0","0","0"
"6.6812","0.500044","0.515841","0.0420676","0.53533","0.551689","1.52428","1.71029e-15","3.06316","3.06485","2.97337","6.67989","0","0","0","0","0","0","0","0"
"6.68473","0.500044","0.515841","0.0420677","0.535305","0.55197","1.52042","1.70883e-15","3.05811","3.06041","2.97846","6.68425","0","0","0","0","0","0","0","0"
"6.68892","0.500044","0.515841","0.0420677","0.536148","0.552407","1.51976","1.70892e-15","3.06381","3.06282","2.96475","6.65313","0","0","0","0","0","0","0","0"
"6.6922","0.500044","0.515916","0.0420672","0.536278","0.552632","1.52123","1.7107e-15","3.05844","3.06104","2.98596","6.6756","0","0","0","0","0","0","0","0"
"6.707","0.500044","0.515916","0.042065","0.535043","0.551054","1.51368","1.7106e-15","3.05786","3.06687","2.97784","6.67357","0","0","0","0","0","0","0","0"
"6.70922","0.500044","0.516161","0.0420636","0.539329","0.554387","1.55377","1.70994e-15","3.22278","3.14729","3.28586","6.66224","0","0","0","0","0","0","0","0"
"6.71257","0.500044","0.516161","0.0420624","0.539425","0.554181","1.55818","1.7118e-15","3.21982","3.14854","3.26396","6.68354","0","0","0","0","0","0","0","0"
"6.71607","0.500044","0.516161","0.042061","0.540187","0.554766","1.56504","1.71121e-15","3.22399","3.14356","3.24264","6.67584","0","0","0","0","0","0","0","0"
"6.71945","0.500044","0.516161","0.0420598","0.539474","0.554312","1.56271","1.70997e-15","3.22271","3.13989","3.23702","6.65722","0","0","0","0","0","0","0","0"
"6.72295","0.500044","0.516161","0.0420579","0.540544","0.55546","1.58138","1.7101e-15","3.21865","3.13789","3.27405","6.65991","0","0","0","0","0","0","0","0"
"6.72618","0.500044","0.516346","0.0420558","0.540832","0.555417","1.589","1.71124e-15","3.21704","3.13862","3.24709","6.68409","0","0","0","0","0","0","0","0"
"6.72953","0.500044","0.516346","0.0420532","0.541358","0.55594","1.59566","1.70907e-15","3.21232","3.13236","3.22769","6.66337","0","0","0","0","0","0","0","0"
"6.734","0.500044","0.516346","0.0420503","0.540884","0.555423","1.59141","1.71142e-15","3.21203","3.13188","3.22873","6.6557","0","0","0","0","0","0","0","0"
"6.73735","0.500044","0.516346","0.0420478","0.54204","0.556391","1.60393","1.71136e-15","3.21356","3.13532","3.21049","6.65777","0","0","0","0","0","0","0","0"
"6.74093","0.500044","0.516346","0.0420425","0.541648","0.556326","1.60375","1.70981e-15","3.21328","3.12922","3.19768","6.64036","0","0","0","0","0","0","0","0"
"6.7442","0.500044","0.5165","0.0420356","0.541568","0.556486","1.59666","1.7116e-15","3.2031","3.11741","3.21602","6.65133","0","0","0","0","0","0","0","0"
"6.74758","0.500044","0.5165","0.0420296","0.541409","0.556236","1.59172","1.71111e-15","3.19742","3.11495","3.22471","6.65639","0","0","0","0","0","0","0","0"
"6.75097","0.500044","0.5165","0.0420227","0.54228","0.55722","1.59097","1.71033e-15","3.19421","3.1204","3.22547","6.63882","0","0","0","0","0","0","0","0"
"6.75437","0.500044","0.5165","0.0420168","0.542754","0.557486","1.59628","1.71244e-15","3.18718","3.11153","3.19865","6.63562","0","0","0","0","0","0","0","0"
"6.75785","0.500044","0.5165","0.0420025","0.542747","0.557204","1.59616","1.71102e-15","3.18721","3.10963","3.18787","6.62319","0","0","0","0","0","0","0","0"
"6.76113","0.500044","0.5167","0.0419892","0.542085","0.556524","1.58892","1.71088e-15","3.18582","3.10803","3.21143","6.61418","0","0","0","0","0","0","0","0"
"6.76452","0.500044","0.5167","0.0419737","0.542408","0.556904","1.58316","1.71242e-15","3.18321","3.10427","3.22349","6.63573","0","0","0","0","0","0","0","0"
"6.7679","0.500044","0.5167","0.0419604","0.543044","0.557458","1.58451","1.71076e-15","3.18403","3.10486","3.20771","6.6327","0","0","0","0","0","0","0","0"
"6.77227","0.500044","0.5167","0.0419444","0.543433","0.557815","1.58838","1.71292e-15","3.17639","3.09935","3.18969","6.65012","0","0","0","0","0","0","0","0"
"6.77547","0.500044","0.516912","0.0419432","0.543584","0.558288","1.59473","1.71072e-15","3.17715","3.09812","3.18097","6.6339","0","0","0","0","0","0","0","0"
"6.779","0.500044","0.516912","0.0419419","0.543129","0.557916","1.59185","1.71243e-15","3.17862","3.09778","3.18144","6.63164","0","0","0","0","0","0","0","0"
"6.78222","0.500044","0.516912","0.0419404","0.54332","0.558335","1.58791","1.71392e-15","3.17382","3.09984","3.18481","6.64959","0","0","0","0","0","0","0","0"
"6.7856","0.500044","0.516912","0.0419391","0.543611","0.558438","1.5957","1.71191e-15","3.17506","3.09852","3.19422","6.63502","0","0","0","0","0","0","0","0"
"6.7891","0.500044","0.516912","0.0419395","0.543637","0.558972","1.59551","1.71236e-15","3.1745","3.1013","3.18627","6.62141","0","0","0","0","0","0","0","0"
"6.79238","0.500044","0.517154","0.0419437","0.543418","0.558567","1.5918","1.7126e-15","3.16836","3.09908","3.19093","6.63145","0","0","0","0","0","0","0","0"
"6.79577","0.500044","0.517154","0.0419486","0.543725","0.558925","1.58612","1.7108e-15","3.16475","3.09238","3.2026","6.61369","0","0","0","0","0","0","0","0"
"6.79915","0.500044","0.517154","0.0419529","0.543773","0.558945","1.58322","1.71251e-15","3.16475","3.09816","3.20425","6.61009","0","0","0","0","0","0","0","0"
"6.80255","0.500044","0.517154","0.0419578","0.542943","0.558225","1.58257","1.71306e-15","3.16195","3.09678","3.19286","6.6256","0","0","0","0","0","0","0","0"
"6.80605","0.500044","0.517154","0.0419614","0.542092","0.557527","1.57862","1.71156e-15","3.16414","3.09862","3.19632","6.60926","0","0","0","0","0","0","0","0"
"6.8093","0.500044","0.517418","0.0419641","0.541345","0.556627","1.57224","1.71203e-15","3.16456","3.09767","3.21098","6.62077","0","0","0","0","0","0","0","0"
"6.81285","0.500044","0.517418","0.0419664","0.541108","0.556361","1.56726","1.71075e-15","3.161","3.09947","3.2226","6.60922","0","0","0","0","0","0","0","0"
"6.81738","0.500044","0.517418","0.0419699","0.540614","0.555649","1.56448","1.71187e-15","3.15798","3.09792","3.21441","6.60773","0","0","0","0","0","0","0","0"
"6.82077","0.500044","0.517418","0.0419726","0.540561","0.555517","1.5677","1.71287e-15","3.1573","3.09877","3.19805","6.63026","0","0","0","0","0","0","0","0"
"6.82428","0.500044","0.517418","0.0419677","0.540895","0.556132","1.58036","1.7105e-15","3.1519","3.10434","3.18112","6.61851","0","0","0","0","0","0","0","0"
"6.82755","0.500044","0.517528","0.0419604","0.54065","0.555568","1.57861","1.71174e-15","3.15154","3.10446","3.17959","6.62451","0","0","0","0","0","0","0","0"
"6.83092","0.500044","0.517528","0.0419541","0.540779","0.555887","1.57485","1.71357e-15","3.14983","3.09809","3.18227","6.65319","0","0","0","0","0","0","0","0"
"6.8343","0.500044","0.517528","0.0419467","0.540747","0.555608","1.57648","1.71211e-15","3.14301","3.09783","3.1617","6.63864","0","0","0","0","0","0","0","0"
"6.83768","0.500044","0.517528","0.0419404","0.540384","0.555311","1.57587","1.71283e-15","3.13871","3.0931","3.15346","6.641","0","0","0","0","0","0","0","0"
"6.84118","0.500044","0.517528","0.0419308","0.540202","0.555321","1.56963","1.71228e-15","3.13311","3.0862","3.16818","6.63951","0","0","0","0","0","0","0","0"
"6.84447","0.500044","0.517222","0.0419222","0.540383","0.555476","1.58075","1.71127e-15","3.13342","3.0842","3.17333","6.63444","0","0","0","0","0","0","0","0"
"6.84785","0.500044","0.517222","0.0419123","0.540187","0.555158","1.57565","1.71087e-15","3.13074","3.0833","3.18085","6.63594","0","0","0","0","0","0","0","0"
"6.85123","0.500044","0.517222","0.0419037","0.540329","0.555594","1.57826","1.71276e-15","3.12388","3.0756","3.16746","6.65744","0","0","0","0","0","0","0","0"
"6.8556","0.500044","0.517222","0.0418906","0.539958","0.555258","1.57329","1.71133e-15","3.12196","3.0772","3.17004","6.6666","0","0","0","0","0","0","0","0"
"6.8588","0.500044","0.51708","0.0418814","0.539809","0.555086","1.57644","1.7111e-15","3.11978","3.07776","3.14894","6.6557","0","0","0","0","0","0","0","0"
"6.86217","0.500044","0.51708","0.0418721","0.539243","0.55462","1.57312","1.71324e-15","3.11865","3.08169","3.15116","6.68911","0","0","0","0","0","0","0","0"
"6.86555","0.500044","0.51708","0.0418614","0.539681","0.554426","1.57998","1.71402e-15","3.11627","3.07792","3.12431","6.67999","0","0","0","0","0","0","0","0"
"6.86893","0.500044","0.51708","0.0418521","0.539361","0.554126","1.58944","1.71258e-15","3.11628","3.07739","3.09621","6.66052","0","0","0","0","0","0","0","0"
"6.87243","0.500044","0.51708","0.0418438","0.539216","0.554446","1.58538","1.71264e-15","3.11092","3.06993","3.09763","6.65509","0","0","0","0","0","0","0","0"
"6.87572","0.500044","0.517026","0.0418421","0.538666","0.55383","1.58031","1.71304e-15","3.1103","3.0712","3.10751","6.67329","0","0","0","0","0","0","0","0"
"6.8791","0.500044","0.517026","0.04184","0.538998","0.554056","1.57863","1.71182e-15","3.10467","3.06788","3.10377","6.65716","0","0","0","0","0","0","0","0"
"6.88248","0.500044","0.517026","0.0418382","0.538584","0.553616","1.57459","1.71063e-15","3.10593","3.06754","3.11018","6.64686","0","0","0","0","0","0","0","0"
"6.88587","0.500044","0.517026","0.0418361","0.539312","0.554048","1.58592","1.71249e-15","3.10748","3.06694","3.08214","6.65538","0","0","0","0","0","0","0","0"
"6.88938","0.500044","0.517026","0.0418346","0.539202","0.554446","1.59558","1.71278e-15","3.1067","3.06503","3.06044","6.66638","0","0","0","0","0","0","0","0"
"6.89263","0.500044","0.516851","0.0418333","0.539811","0.554865","1.59775","1.71102e-15","3.10628","3.06173","3.05903","6.65803","0","0","0","0","0","0","0","0"
"6.89602","0.500044","0.516851","0.0418322","0.540759","0.555403","1.61094","1.71344e-15","3.10913","3.05905","3.05211","6.67305","0","0","0","0","0","0","0","0"
"6.90072","0.500044","0.516851","0.0418306","0.541316","0.555989","1.61351","1.7118e-15","3.09898","3.05498","3.02914","6.65485","0","0","0","0","0","0","0","0"
"6.9041","0.500044","0.516851","0.0418293","0.541061","0.555966","1.60997","1.71371e-15","3.0952","3.05309","3.02853","6.67028","0","0","0","0","0","0","0","0"
"6.9076","0.500044","0.516851","0.0418288","0.541209","0.556301","1.60372","1.71273e-15","3.09093","3.04895","3.04471","6.65649","0","0","0","0","0","0","0","0"
"6.91087","0.500044","0.516698","0.0418284","0.540939","0.55616","1.59959","1.71082e-15","3.09104","3.04681","3.04728","6.65192","0","0","0","0","0","0","0","0"
"6.91425","0.500044","0.516698","0.0418281","0.540289","0.555235","1.59476","1.71296e-15","3.09224","3.04764","3.05455","6.66587","0","0","0","0","0","0","0","0"
"6.91763","0.500044","0.516698","0.0418276","0.54121","0.556317","1.60527","1.7116e-15","3.09481","3.05326","3.05045","6.65972","0","0","0","0","0","0","0","0"
"6.92103","0.500044","0.516698","0.0418273","0.541952","0.557052","1.6034","1.71302e-15","3.09198","3.05464","3.04982","6.65781","0","0","0","0","0","0","0","0"
"6.92452","0.500044","0.516698","0.0418293","0.541622","0.55671","1.59712","1.71246e-15","3.0887","3.05529","3.06311","6.65552","0","0","0","0","0","0","0","0"
"6.9278","0.500044","0.516887","0.0418314","0.541733","0.556922","1.59264","1.7113e-15","3.08372","3.04807","3.07039","6.639","0","0","0","0","0","0","0","0"
"6.93117","0.500044","0.516887","0.0418338","0.541323","0.556451","1.5903","1.71353e-15","3.08396","3.04897","3.06618","6.66458","0","0","0","0","0","0","0","0"
"6.93457","0.500044","0.516887","0.0418359","0.540656","0.555631","1.58558","1.71368e-15","3.08771","3.05588","3.07379","6.67543","0","0","0","0","0","0","0","0"
"6.93893","0.500044","0.516887","0.0418411","0.540221","0.555385","1.59225","1.71311e-15","3.09318","3.0585","3.0864","6.66387","0","0","0","0","0","0","0","0"
"6.94215","0.500044","0.517103","0.0418494","0.539943","0.555224","1.58885","1.71264e-15","3.09548","3.06187","3.08789","6.6604","0","0","0","0","0","0","0","0"
"6.9455","0.500044","0.517103","0.0418577","0.540032","0.555334","1.58628","1.71107e-15","3.09343","3.06003","3.08633","6.65104","0","0","0","0","0","0","0","0"
"6.94888","0.500044","0.517103","0.0418674","0.542215","0.556655","1.61249","1.71276e-15","3.1139","3.06778","3.1479","6.66303","0","0","0","0","0","0","0","0"
"6.95227","0.500044","0.517103","0.0418757","0.54242","0.556812","1.62156","1.7134e-15","3.1112","3.06521","3.13074","6.67346","0","0","0","0","0","0","0","0"
"6.95577","0.500044","0.517103","0.0418851","0.54188","0.556718","1.62246","1.7124e-15","3.10721","3.06161","3.12137","6.6458","0","0","0","0","0","0","0","0"
"6.95905","0.500044","0.517193","0.0418925","0.542892","0.557356","1.6313","1.71364e-15","3.11425","3.06983","3.09428","6.64724","0","0","0","0","0","0","0","0"
"6.96242","0.500044","0.517193","0.0419012","0.543121","0.557273","1.63211","1.7118e-15","3.12246","3.06915","3.08547","6.63156","0","0","0","0","0","0","0","0"
"6.96582","0.500044","0.517193","0.0419086","0.5442","0.55797","1.62907","1.71413e-15","3.12113","3.06767","3.09094","6.63842","0","0","0","0","0","0","0","0"
"6.9692","0.500044","0.517193","0.0419172","0.544643","0.558165","1.63769","1.71465e-15","3.11371","3.065","3.07679","6.63529","0","0","0","0","0","0","0","0"
"6.97273","0.500044","0.517193","0.0419225","0.545295","0.558664","1.63634","1.71366e-15","3.12293","3.07238","3.06806","6.60889","0","0","0","0","0","0","0","0"
"6.97597","0.500044","0.517131","0.0419238","0.545026","0.558628","1.63357","1.71357e-15","3.12145","3.07367","3.06325","6.59648","0","0","0","0","0","0","0","0"
"6.97935","0.500044","0.517131","0.0419248","0.545545","0.559124","1.63577","1.7125e-15","3.12293","3.07127","3.04745","6.57721","0","0","0","0","0","0","0","0"
"6.98403","0.500044","0.517131","0.0419264","0.545281","0.55873","1.62916","1.71381e-15","3.12171","3.06861","3.06151","6.58615","0","0","0","0","0","0","0","0"
"6.98743","0.500044","0.517131","0.0419277","0.545193","0.558492","1.62308","1.71335e-15","3.11631","3.06604","3.07287","6.58754","0","0","0","0","0","0","0","0"
"6.99093","0.500044","0.517131","0.0419187","0.545409","0.558617","1.62408","1.71289e-15","3.11293","3.05845","3.06256","6.57531","0","0","0","0","0","0","0","0"
"6.9942","0.500044","0.517399","0.0419058","0.545156","0.558206","1.626","1.71273e-15","3.10598","3.05688","3.04113","6.55983","0","0","0","0","0","0","0","0"
"6.99758","0.500044","0.517399","0.0418948","0.545307","0.558408","1.62422","1.7134e-15","3.10225","3.05176","3.03602","6.55779","0","0","0","0","0","0","0","0"
"7.00097","0.500044","0.517399","0.0418819","0.544731","0.558161","1.61803","1.71559e-15","3.1032","3.05663","3.04834","6.5892","0","0","0","0","0","0","0","0"
"7.00435","0.500044","0.517399","0.0418709","0.543918","0.557569","1.61291","1.71406e-15","3.10447","3.05938","3.05869","6.57559","0","0","0","0","0","0","0","0"
"7.00783","0.500044","0.517399","0.0418617","0.544131","0.558141","1.6068","1.71396e-15","3.09923","3.05505","3.07041","6.56687","0","0","0","0","0","0","0","0"
"7.01112","0.500044","0.517691","0.0418544","0.543741","0.55786","1.60306","1.71487e-15","3.09996","3.05163","3.07289","6.59672","0","0","0","0","0","0","0","0"
"7.0145","0.500044","0.517691","0.0418459","0.54321","0.557694","1.60666","1.71313e-15","3.10141","3.04841","3.05608","6.58208","0","0","0","0","0","0","0","0"
"7.01807","0.500044","0.517691","0.0418386","0.542811","0.556985","1.60314","1.71503e-15","3.09904","3.04822","3.05914","6.5919","0","0","0","0","0","0","0","0"
"7.02227","0.500044","0.517691","0.0418309","0.542433","0.556676","1.60201","1.71413e-15","3.10276","3.04697","3.04629","6.59534","0","0","0","0","0","0","0","0"
"7.02543","0.500044","0.517666","0.0418333","0.543102","0.557386","1.59705","1.7147e-15","3.10238","3.05415","3.05659","6.59766","0","0","0","0","0","0","0","0"
"7.02883","0.500044","0.517666","0.0418357","0.542427","0.556617","1.59391","1.71606e-15","3.10343","3.05747","3.06003","6.62271","0","0","0","0","0","0","0","0"
"7.03222","0.500044","0.517666","0.0418385","0.542186","0.556219","1.59653","1.71513e-15","3.10587","3.06202","3.03992","6.60718","0","0","0","0","0","0","0","0"
"7.0356","0.500044","0.517666","0.0418409","0.542228","0.556474","1.59795","1.71689e-15","3.10013","3.06236","3.02662","6.62554","0","0","0","0","0","0","0","0"
"7.03908","0.500044","0.517666","0.0418442","0.541964","0.556454","1.59892","1.71717e-15","3.10199","3.0635","3.01373","6.63244","0","0","0","0","0","0","0","0"
"7.04237","0.500044","0.517498","0.0418481","0.541875","0.556147","1.59823","1.71538e-15","3.1006","3.0616","3.00624","6.61645","0","0","0","0","0","0","0","0"
"7.04575","0.500044","0.517498","0.0418525","0.542894","0.557275","1.59698","1.71711e-15","3.09826","3.0602","2.99914","6.64142","0","0","0","0","0","0","0","0"
"7.04913","0.500044","0.517498","0.0418563","0.542322","0.556636","1.59449","1.71804e-15","3.09781","3.05939","3.0035","6.66431","0","0","0","0","0","0","0","0"
"7.05253","0.500044","0.517498","0.0418608","0.542337","0.556914","1.59237","1.71659e-15","3.09189","3.05542","3.00158","6.64581","0","0","0","0","0","0","0","0"
"7.05603","0.500044","0.517498","0.0418634","0.542028","0.556744","1.58872","1.71739e-15","3.09632","3.05959","3.00589","6.64047","0","0","0","0","0","0","0","0"
"7.0593","0.500044","0.517346","0.0418635","0.542204","0.556738","1.58866","1.71539e-15","3.09571","3.06013","2.99323","6.64031","0","0","0","0","0","0","0","0"
"7.06268","0.500044","0.517346","0.0418637","0.543047","0.557616","1.59807","1.71445e-15","3.09423","3.06175","2.9693","6.63584","0","0","0","0","0","0","0","0"
"7.06737","0.500044","0.517346","0.0418639","0.543103","0.557342","1.59335","1.71625e-15","3.08918","3.05666","2.97143","6.66661","0","0","0","0","0","0","0","0"
"7.07075","0.500044","0.517346","0.041864","0.542768","0.556654","1.5905","1.71469e-15","3.08976","3.0578","2.96802","6.64965","0","0","0","0","0","0","0","0"
"7.07427","0.500044","0.517346","0.0418661","0.542975","0.556872","1.58591","1.7146e-15","3.08677","3.05385","2.97682","6.64544","0","0","0","0","0","0","0","0"
"7.07753","0.500044","0.517369","0.041869","0.541887","0.555591","1.58079","1.71321e-15","3.08904","3.05625","2.9856","6.64184","0","0","0","0","0","0","0","0"
"7.08092","0.500044","0.517369","0.0418715","0.541586","0.555353","1.57739","1.71233e-15","3.08599","3.05663","2.98705","6.63215","0","0","0","0","0","0","0","0"
"7.0843","0.500044","0.517369","0.0418744","0.542354","0.555873","1.57337","1.71499e-15","3.08765","3.04963","2.99155","6.67096","0","0","0","0","0","0","0","0"
"7.08768","0.500044","0.517369","0.041877","0.542098","0.555544","1.56802","1.7137e-15","3.08353","3.04574","3.00275","6.66327","0","0","0","0","0","0","0","0"
"7.09117","0.500044","0.517369","0.0418753","0.541295","0.554721","1.56387","1.71402e-15","3.08256","3.04715","3.00476","6.65552","0","0","0","0","0","0","0","0"
"7.09445","0.500044","0.517441","0.0418733","0.541419","0.555053","1.55906","1.71518e-15","3.07699","3.04413","3.01406","6.67395","0","0","0","0","0","0","0","0"
"7.09783","0.500044","0.517441","0.0418709","0.540743","0.554348","1.55285","1.71435e-15","3.07794","3.04412","3.02789","6.65777","0","0","0","0","0","0","0","0"
"7.10122","0.500044","0.517441","0.0418689","0.540848","0.554631","1.55289","1.71616e-15","3.08417","3.05876","3.02019","6.67248","0","0","0","0","0","0","0","0"
"7.10558","0.500044","0.517441","0.0418682","0.54016","0.553746","1.55375","1.71593e-15","3.08732","3.05638","3.02044","6.68715","0","0","0","0","0","0","0","0"
"7.10878","0.500044","0.51732","0.0418732","0.540228","0.554045","1.5518","1.71653e-15","3.08548","3.05366","3.01857","6.69356","0","0","0","0","0","0","0","0"
"7.11217","0.500044","0.51732","0.0418783","0.539393","0.553315","1.54502","1.71854e-15","3.08786","3.05385","3.03899","6.70941","0","0","0","0","0","0","0","0"
"7.11555","0.500044","0.51732","0.0418842","0.539824","0.553576","1.54617","1.71674e-15","3.08628","3.05275","3.02842","6.6915","0","0","0","0","0","0","0","0"
"7.11908","0.500044","0.51732","0.0418893","0.539759","0.553595","1.5443","1.71893e-15","3.08577","3.04735","3.02748","6.69506","0","0","0","0","0","0","0","0"
"7.12242","0.500044","0.51732","0.0418957","0.53939","0.552874","1.5374","1.71868e-15","3.08152","3.0492","3.04485","6.70039","0","0","0","0","0","0","0","0"
"7.1257","0.500044","0.517165","0.0419022","0.538858","0.552624","1.53242","1.71891e-15","3.07863","3.0443","3.05534","6.70798","0","0","0","0","0","0","0","0"
"7.12908","0.500044","0.517165","0.0419097","0.539143","0.552923","1.52627","1.71908e-15","3.07604","3.04092","3.06961","6.72259","0","0","0","0","0","0","0","0"
"7.13247","0.500044","0.517165","0.0419161","0.538709","0.552748","1.52096","1.71859e-15","3.07371","3.0435","3.08226","6.70857","0","0","0","0","0","0","0","0"
"7.136","0.500044","0.517165","0.0419237","0.537977","0.552429","1.5179","1.72094e-15","3.07413","3.04542","3.08241","6.72813","0","0","0","0","0","0","0","0"
"7.13938","0.500044","0.517165","0.0419278","0.537738","0.552399","1.51462","1.71843e-15","3.07316","3.03988","3.08318","6.71774","0","0","0","0","0","0","0","0"
"7.14263","0.500044","0.516969","0.0419271","0.537386","0.551731","1.51928","1.71934e-15","3.07585","3.03806","3.06464","6.72528","0","0","0","0","0","0","0","0"
"7.14602","0.500044","0.516969","0.0419264","0.537821","0.552371","1.52087","1.71733e-15","3.07372","3.04634","3.05855","6.71396","0","0","0","0","0","0","0","0"
"7.1507","0.500044","0.516969","0.0419255","0.538129","0.552511","1.51252","1.71927e-15","3.06739","3.04229","3.0796","6.69528","0","0","0","0","0","0","0","0"
"7.15408","0.500044","0.516969","0.0419248","0.538656","0.552976","1.51207","1.71763e-15","3.06473","3.046","3.06951","6.68537","0","0","0","0","0","0","0","0"
"7.1576","0.500044","0.516969","0.0419219","0.539045","0.553801","1.51318","1.71789e-15","3.06073","3.04455","3.05467","6.68527","0","0","0","0","0","0","0","0"
"7.16087","0.500044","0.516773","0.0419179","0.538711","0.55372","1.51552","1.7178e-15","3.05799","3.03904","3.03324","6.69082","0","0","0","0","0","0","0","0"
"7.16425","0.500044","0.516773","0.0419145","0.538756","0.553412","1.51275","1.71665e-15","3.05767","3.04052","3.03743","6.68286","0","0","0","0","0","0","0","0"
"7.16763","0.500044","0.516773","0.0419105","0.539928","0.554586","1.51985","1.7178e-15","3.06029","3.03407","3.04962","6.69104","0","0","0","0","0","0","0","0"
"7.17102","0.500044","0.516773","0.0419071","0.539645","0.554186","1.51294","1.71667e-15","3.05823","3.0341","3.072","6.67176","0","0","0","0","0","0","0","0"
"7.1745","0.500044","0.516773","0.0419004","0.539524","0.553984","1.50886","1.71718e-15","3.05903","3.03391","3.07515","6.67796","0","0","0","0","0","0","0","0"
"7.17778","0.500044","0.516711","0.0418943","0.539612","0.554132","1.5067","1.71633e-15","3.05821","3.03225","3.07561","6.68856","0","0","0","0","0","0","0","0"
"7.18117","0.500044","0.516711","0.0418871","0.538674","0.553374","1.49968","1.7165e-15","3.06088","3.03159","3.09537","6.68814","0","0","0","0","0","0","0","0"
"7.18455","0.500044","0.516711","0.041881","0.539084","0.553649","1.50522","1.71841e-15","3.05589","3.03036","3.07655","6.7009","0","0","0","0","0","0","0","0"
"7.1889","0.500044","0.516711","0.041873","0.538712","0.553702","1.49908","1.7162e-15","3.05678","3.02706","3.09153","6.68386","0","0","0","0","0","0","0","0"
"7.19212","0.500044","0.516965","0.0418702","0.537725","0.552762","1.4929","1.71749e-15","3.06112","3.02924","3.10974","6.693","0","0","0","0","0","0","0","0"
"7.1955","0.500044","0.516965","0.0418675","0.536922","0.552042","1.49084","1.71665e-15","3.063","3.03","3.10713","6.68895","0","0","0","0","0","0","0","0"
"7.19888","0.500044","0.516965","0.0418644","0.536923","0.552033","1.48934","1.71674e-15","3.05951","3.02964","3.09905","6.67706","0","0","0","0","0","0","0","0"
"7.20227","0.500044","0.516965","0.0418616","0.537057","0.552309","1.48715","1.71758e-15","3.05199","3.02496","3.10192","6.70379","0","0","0","0","0","0","0","0"
"7.20575","0.500044","0.516965","0.0418601","0.536797","0.551895","1.48408","1.716e-15","3.05216","3.02691","3.10106","6.68318","0","0","0","0","0","0","0","0"
"7.20903","0.500044","0.517015","0.0418622","0.536669","0.551806","1.47823","1.71696e-15","3.05083","3.0239","3.11809","6.7037","0","0","0","0","0","0","0","0"
"7.21255","0.500044","0.517015","0.0418647","0.536752","0.55169","1.47801","1.71609e-15","3.04739","3.02414","3.10741","6.69006","0","0","0","0","0","0","0","0"
"7.2158","0.500044","0.517015","0.0418669","0.536998","0.552009","1.48866","1.71722e-15","3.0514","3.02427","3.09064","6.69491","0","0","0","0","0","0","0","0"
"7.2192","0.500044","0.517015","0.0418694","0.537795","0.552269","1.51434","1.7173e-15","3.05214","3.02436","3.11787","6.69989","0","0","0","0","0","0","0","0"
"7.2227","0.500044","0.517015","0.0418713","0.537061","0.551569","1.51464","1.71549e-15","3.05317","3.02674","3.10681","6.6841","0","0","0","0","0","0","0","0"
"7.22597","0.500044","0.516779","0.0418731","0.537076","0.551942","1.50843","1.71644e-15","3.04805","3.02345","3.12186","6.69463","0","0","0","0","0","0","0","0"
"7.22947","0.500044","0.516779","0.0418745","0.536461","0.551002","1.50476","1.71624e-15","3.05225","3.02824","3.12503","6.69851","0","0","0","0","0","0","0","0"
"7.23403","0.500044","0.516779","0.0418767","0.538922","0.553198","1.53787","1.71496e-15","3.07111","3.06225","3.17248","6.69132","0","0","0","0","0","0","0","0"
"7.23742","0.500044","0.516779","0.0418784","0.539877","0.554432","1.55076","1.71643e-15","3.07186","3.05985","3.19453","6.72377","0","0","0","0","0","0","0","0"
"7.24093","0.500044","0.516779","0.0418799","0.540052","0.554342","1.54474","1.71502e-15","3.06789","3.05733","3.21125","6.71415","0","0","0","0","0","0","0","0"
"7.2442","0.500044","0.516631","0.0418817","0.539154","0.553714","1.53989","1.7129e-15","3.06854","3.05578","3.21978","6.6999","0","0","0","0","0","0","0","0"
"7.24757","0.500044","0.516631","0.0418832","0.539193","0.55346","1.54626","1.71504e-15","3.06999","3.05566","3.19686","6.7103","0","0","0","0","0","0","0","0"
"7.25097","0.500044","0.516631","0.041885","0.538725","0.552668","1.54114","1.71578e-15","3.06998","3.05499","3.20665","6.72666","0","0","0","0","0","0","0","0"
"7.25435","0.500044","0.516631","0.0418865","0.538791","0.55284","1.54377","1.71384e-15","3.06366","3.0486","3.18834","6.71606","0","0","0","0","0","0","0","0"
"7.25783","0.500044","0.516631","0.0418904","0.538671","0.552641","1.55682","1.71446e-15","3.06641","3.04458","3.16147","6.69515","0","0","0","0","0","0","0","0"
"7.26112","0.500044","0.51663","0.0418941","0.539217","0.552965","1.55826","1.71632e-15","3.07503","3.04624","3.14234","6.72161","0","0","0","0","0","0","0","0"
"7.2645","0.500044","0.51663","0.0418984","0.53932","0.552961","1.55635","1.71523e-15","3.07536","3.04333","3.13558","6.7172","0","0","0","0","0","0","0","0"
"7.26788","0.500044","0.51663","0.0419021","0.539617","0.552826","1.56706","1.71434e-15","3.07268","3.0395","3.11526","6.70269","0","0","0","0","0","0","0","0"
"7.27225","0.500044","0.51663","0.0419084","0.538827","0.55184","1.56668","1.71538e-15","3.07499","3.04415","3.09692","6.71122","0","0","0","0","0","0","0","0"
"7.27545","0.500044","0.516682","0.0419143","0.538563","0.551849","1.56493","1.7139e-15","3.07968","3.04629","3.09957","6.69465","0","0","0","0","0","0","0","0"
"7.27883","0.500044","0.516682","0.0419203","0.538676","0.551887","1.56702","1.71341e-15","3.07739","3.04307","3.07934","6.69314","0","0","0","0","0","0","0","0"
"7.2822","0.500044","0.516682","0.0419272","0.53865","0.552214","1.56605","1.71473e-15","3.07557","3.04437","3.07871","6.70595","0","0","0","0","0","0","0","0"
"7.2856","0.500044","0.516682","0.0419331","0.538428","0.552003","1.56053","1.71472e-15","3.07914","3.04331","3.09222","6.71975","0","0","0","0","0","0","0","0"
"7.28908","0.500044","0.516682","0.041941","0.538123","0.551724","1.55524","1.7127e-15","3.08236","3.04493","3.10226","6.70835","0","0","0","0","0","0","0","0"
"7.29237","0.500044","0.516486","0.0419498","0.538531","0.552144","1.55344","1.71245e-15","3.08204","3.04281","3.09728","6.69866","0","0","0","0","0","0","0","0"
"7.29575","0.500044","0.516486","0.0419601","0.538095","0.551936","1.55237","1.71534e-15","3.08328","3.04433","3.08932","6.72757","0","0","0","0","0","0","0","0"
"7.29913","0.500044","0.516486","0.041969","0.538066","0.551607","1.5505","1.7159e-15","3.08135","3.04197","3.08505","6.73626","0","0","0","0","0","0","0","0"
"7.30253","0.500044","0.516486","0.0419793","0.538367","0.552041","1.5545","1.71411e-15","3.0737","3.03357","3.06229","6.72452","0","0","0","0","0","0","0","0"
"7.30603","0.500044","0.516486","0.0419883","0.537884","0.551683","1.55113","1.71487e-15","3.0781","3.0356","3.06682","6.717","0","0","0","0","0","0","0","0"
"7.30928","0.500044","0.516342","0.0419994","0.538305","0.552015","1.54962","1.71462e-15","3.0867","3.03479","3.0574","6.726","0","0","0","0","0","0","0","0"
"7.31268","0.500044","0.516342","0.0420089","0.538398","0.552043","1.54828","1.71263e-15","3.08483","3.03144","3.05267","6.71027","0","0","0","0","0","0","0","0"
"7.31732","0.500044","0.516342","0.0420231","0.537421","0.551081","1.5389","1.71447e-15","3.08753","3.03721","3.07852","6.71407","0","0","0","0","0","0","0","0"
"7.32075","0.500044","0.516342","0.0420341","0.53739","0.5511","1.53434","1.71504e-15","3.08555","3.03055","3.08591","6.73618","0","0","0","0","0","0","0","0"
"7.32427","0.500044","0.516342","0.0420394","0.537625","0.550835","1.53794","1.71322e-15","3.07806","3.02715","3.06845","6.71201","0","0","0","0","0","0","0","0"
"7.32752","0.500044","0.516306","0.0420445","0.537072","0.550327","1.53705","1.71315e-15","3.07454","3.02755","3.05781","6.70765","0","0","0","0","0","0","0","0"
"7.33087","0.500044","0.516306","0.042049","0.538041","0.551585","1.5353","1.71477e-15","3.0817","3.022","3.06116","6.72955","0","0","0","0","0","0","0","0"
"7.33437","0.500044","0.516306","0.0420541","0.537642","0.551153","1.53133","1.71376e-15","3.07763","3.02134","3.06521","6.71371","0","0","0","0","0","0","0","0"
"7.33892","0.500044","0.516306","0.04206","0.537702","0.551414","1.52302","1.71166e-15","3.07807","3.02444","3.08618","6.68825","0","0","0","0","0","0","0","0"
"7.3422","0.500044","0.51626","0.042062","0.538861","0.552136","1.52651","1.71272e-15","3.07771","3.02369","3.07509","6.66998","0","0","0","0","0","0","0","0"
"7.34557","0.500044","0.51626","0.0420643","0.53911","0.552162","1.52347","1.71278e-15","3.07773","3.02132","3.07822","6.65728","0","0","0","0","0","0","0","0"
"7.34895","0.500044","0.51626","0.0420663","0.538563","0.551613","1.52017","1.71029e-15","3.07747","3.02081","3.08066","6.64603","0","0","0","0","0","0","0","0"
"7.3523","0.500044","0.51626","0.0420683","0.538494","0.551571","1.52182","1.71034e-15","3.07518","3.0294","3.0645","6.63404","0","0","0","0","0","0","0","0"
"7.356","0.500044","0.51626","0.0420691","0.538664","0.552162","1.52362","1.71188e-15","3.07153","3.02826","3.04634","6.63879","0","0","0","0","0","0","0","0"
"7.35925","0.500044","0.516184","0.042066","0.538418","0.552303","1.52229","1.71039e-15","3.07337","3.02482","3.03917","6.63713","0","0","0","0","0","0","0","0"
"7.36263","0.500044","0.516184","0.0420633","0.538408","0.552064","1.51707","1.70899e-15","3.07369","3.02751","3.05164","6.61821","0","0","0","0","0","0","0","0"
"7.36598","0.500044","0.516184","0.0420602","0.537906","0.551758","1.51074","1.71036e-15","3.07981","3.0285","3.06814","6.62017","0","0","0","0","0","0","0","0"
"7.36958","0.500044","0.516184","0.0420571","0.537996","0.551893","1.50805","1.71149e-15","3.0796","3.03246","3.06731","6.65004","0","0","0","0","0","0","0","0"
"7.37305","0.500044","0.516184","0.0420542","0.538128","0.551859","1.5108","1.71008e-15","3.08287","3.03311","3.05243","6.64199","0","0","0","0","0","0","0","0"
"7.37635","0.500044","0.516303","0.0420506","0.538175","0.552128","1.50433","1.70808e-15","3.07831","3.02677","3.06814","6.62145","0","0","0","0","0","0","0","0"
"7.37973","0.500044","0.516303","0.0420475","0.539472","0.553019","1.50305","1.70915e-15","3.07364","3.02681","3.06551","6.62466","0","0","0","0","0","0","0","0"
"7.38312","0.500044","0.516303","0.042044","0.539235","0.552664","1.50116","1.71173e-15","3.0707","3.02221","3.06383","6.64525","0","0","0","0","0","0","0","0"
"7.3865","0.500044","0.516303","0.0420409","0.538919","0.552386","1.50171","1.71082e-15","3.06926","3.02268","3.05096","6.66221","0","0","0","0","0","0","0","0"
"7.39","0.500044","0.516303","0.042036","0.539534","0.552394","1.51134","1.70848e-15","3.06274","3.02142","3.03082","6.64043","0","0","0","0","0","0","0","0"
"7.3933","0.500044","0.516314","0.0420309","0.53932","0.552144","1.51165","1.7087e-15","3.06294","3.01913","3.01851","6.64317","0","0","0","0","0","0","0","0"
"7.39827","0.500044","0.516314","0.042025","0.539766","0.552336","1.51213","1.71125e-15","3.06507","3.01675","3.01666","6.65458","0","0","0","0","0","0","0","0"
"7.40265","0.500044","0.516314","0.0420157","0.539742","0.552072","1.52066","1.71062e-15","3.06455","3.01526","3.01978","6.66881","0","0","0","0","0","0","0","0"
"7.40613","0.500044","0.516314","0.0420122","0.539141","0.551751","1.51528","1.70877e-15","3.06653","3.0169","3.02908","6.64344","0","0","0","0","0","0","0","0"
"7.40942","0.500044","0.516436","0.0420119","0.539206","0.551883","1.51364","1.71107e-15","3.06492","3.0149","3.02293","6.66153","0","0","0","0","0","0","0","0"
"7.41283","0.500044","0.516436","0.0420116","0.539472","0.551853","1.51072","1.71308e-15","3.06277","3.01305","3.02524","6.68896","0","0","0","0","0","0","0","0"
"7.41618","0.500044","0.516436","0.0420114","0.53903","0.551495","1.5092","1.71238e-15","3.06395","3.01874","3.01938","6.68454","0","0","0","0","0","0","0","0"
"7.41955","0.500044","0.516436","0.0420111","0.539252","0.551398","1.51227","1.71066e-15","3.05835","3.01246","3.00816","6.66677","0","0","0","0","0","0","0","0"
"7.42305","0.500044","0.516436","0.0420107","0.540071","0.552052","1.52712","1.70929e-15","3.05978","3.01818","3.00744","6.65864","0","0","0","0","0","0","0","0"
"7.42638","0.500044","0.516442","0.0420103","0.539856","0.552223","1.5291","1.70954e-15","3.07281","3.0293","2.99408","6.65687","0","0","0","0","0","0","0","0"
"7.42972","0.500044","0.516442","0.0420099","0.539935","0.552172","1.53356","1.70785e-15","3.07006","3.02889","2.98125","6.6392","0","0","0","0","0","0","0","0"
"7.4331","0.500044","0.516442","0.0420094","0.53935","0.551704","1.53042","1.71028e-15","3.06802","3.02639","2.98058","6.6557","0","0","0","0","0","0","0","0"
"7.43648","0.500044","0.516442","0.042009","0.540035","0.552139","1.54664","1.71103e-15","3.07286","3.03144","2.97768","6.67107","0","0","0","0","0","0","0","0"
"7.43997","0.500044","0.516442","0.0420098","0.541008","0.552971","1.56015","1.70886e-15","3.0763","3.0399","2.95262","6.66064","0","0","0","0","0","0","0","0"
"7.44327","0.500044","0.516367","0.0420112","0.541167","0.553332","1.56292","1.70832e-15","3.07568","3.03468","2.94305","6.6487","0","0","0","0","0","0","0","0"
"7.44663","0.500044","0.516367","0.0420128","0.540585","0.553094","1.56101","1.71147e-15","3.07738","3.03445","2.93888","6.67715","0","0","0","0","0","0","0","0"
"7.45002","0.500044","0.516367","0.0420142","0.540066","0.552636","1.56272","1.71163e-15","3.07959","3.03482","2.92928","6.68414","0","0","0","0","0","0","0","0"
"7.4534","0.500044","0.516367","0.0420158","0.539218","0.552378","1.55626","1.71044e-15","3.07993","3.03295","2.9453","6.66173","0","0","0","0","0","0","0","0"
"7.4569","0.500044","0.516367","0.0420136","0.539692","0.553008","1.55693","1.71109e-15","3.08297","3.03972","2.94493","6.64066","0","0","0","0","0","0","0","0"
"7.46018","0.500044","0.516372","0.0420088","0.539811","0.553153","1.56493","1.71328e-15","3.08622","3.03943","2.91964","6.65348","0","0","0","0","0","0","0","0"
"7.46357","0.500044","0.516372","0.0420046","0.5393","0.552683","1.55886","1.71407e-15","3.08173","3.03421","2.93548","6.66829","0","0","0","0","0","0","0","0"
"7.46695","0.500044","0.516372","0.0419999","0.53854","0.551855","1.55611","1.71249e-15","3.08275","3.03671","2.93336","6.64724","0","0","0","0","0","0","0","0"
"7.47033","0.500044","0.516372","0.0419958","0.538259","0.55146","1.55156","1.7132e-15","3.08396","3.03413","2.93993","6.65081","0","0","0","0","0","0","0","0"
"7.47382","0.500044","0.516372","0.0419929","0.537821","0.55129","1.55274","1.71336e-15","3.08401","3.03836","2.92768","6.66421","0","0","0","0","0","0","0","0"
"7.4771","0.500044","0.51637","0.0419911","0.53778","0.551098","1.54702","1.71283e-15","3.08854","3.03773","2.94098","6.67777","0","0","0","0","0","0","0","0"
"7.48048","0.500044","0.51637","0.0419889","0.537369","0.550946","1.54142","1.71076e-15","3.08609","3.0363","2.95107","6.663","0","0","0","0","0","0","0","0"
"7.48413","0.500044","0.51637","0.0419868","0.537065","0.550858","1.5419","1.71198e-15","3.08215","3.03425","2.94035","6.66258","0","0","0","0","0","0","0","0"
"7.48752","0.500044","0.51637","0.041985","0.537699","0.551296","1.53659","1.71438e-15","3.08002","3.03141","2.95292","6.68314","0","0","0","0","0","0","0","0"
"7.491","0.500044","0.51637","0.0419872","0.538647","0.552259","1.53619","1.71294e-15","3.09384","3.05309","2.94141","6.66591","0","0","0","0","0","0","0","0"
"7.4943","0.500044","0.516203","0.0419897","0.539002","0.55276","1.54013","1.71129e-15","3.09136","3.05352","2.92171","6.65063","0","0","0","0","0","0","0","0"
"7.49767","0.500044","0.516203","0.0419926","0.538851","0.552727","1.54048","1.7128e-15","3.09827","3.05244","2.91757","6.66278","0","0","0","0","0","0","0","0"
"7.50107","0.500044","0.516203","0.0419951","0.538913","0.552875","1.53955","1.71445e-15","3.10041","3.0511","2.91275","6.67429","0","0","0","0","0","0","0","0"
"7.50558","0.500044","0.516203","0.041999","0.538249","0.552283","1.53214","1.71275e-15","3.10104","3.05123","2.92717","6.67379","0","0","0","0","0","0","0","0"
"7.50888","0.500044","0.515984","0.042002","0.538436","0.552316","1.53052","1.71101e-15","3.10108","3.04605","2.92728","6.66015","0","0","0","0","0","0","0","0"
"7.51225","0.500044","0.515984","0.0420055","0.539522","0.552908","1.54471","1.71384e-15","3.10843","3.04408","2.91892","6.6519","0","0","0","0","0","0","0","0"
"7.51565","0.500044","0.515984","0.0420084","0.539457","0.552745","1.55089","1.71473e-15","3.1101","3.0436","2.90992","6.6494","0","0","0","0","0","0","0","0"
"7.51903","0.500044","0.515984","0.0420119","0.539333","0.552718","1.54637","1.71274e-15","3.11611","3.0452","2.91751","6.63922","0","0","0","0","0","0","0","0"
"7.52252","0.500044","0.515984","0.0420133","0.540298","0.553474","1.54393","1.71247e-15","3.11918","3.05668","2.9165","6.62429","0","0","0","0","0","0","0","0"
"7.52593","0.500044","0.516199","0.0420112","0.540845","0.55364","1.54981","1.71427e-15","3.11527","3.05295","2.89881","6.62451","0","0","0","0","0","0","0","0"
"7.52918","0.500044","0.516199","0.0420095","0.540348","0.552899","1.54506","1.71399e-15","3.11737","3.05686","2.90968","6.62372","0","0","0","0","0","0","0","0"
"7.53257","0.500044","0.516199","0.0420074","0.540471","0.55306","1.54438","1.71345e-15","3.11231","3.05162","2.90032","6.60676","0","0","0","0","0","0","0","0"
"7.53668","0.500044","0.516199","0.0420056","0.540882","0.553817","1.53901","1.7146e-15","3.11191","3.05525","2.91232","6.58659","0","0","0","0","0","0","0","0"
"7.53943","0.500044","0.516199","0.0420028","0.539887","0.553079","1.53224","1.7134e-15","3.11428","3.05615","2.92896","6.58804","0","0","0","0","0","0","0","0"
"7.54272","0.500044","0.516328","0.0419997","0.539416","0.552358","1.52655","1.71273e-15","3.11409","3.05953","2.94266","6.57828","0","0","0","0","0","0","0","0"
"7.54612","0.500044","0.516328","0.041996","0.539819","0.552711","1.52124","1.71483e-15","3.11191","3.06257","2.95167","6.6027","0","0","0","0","0","0","0","0"
"7.5495","0.500044","0.516328","0.0419929","0.539466","0.552577","1.51741","1.71477e-15","3.11014","3.0604","2.95542","6.59589","0","0","0","0","0","0","0","0"
"7.55288","0.500044","0.516328","0.0419892","0.539958","0.552559","1.51756","1.71298e-15","3.10795","3.0573","2.94559","6.58939","0","0","0","0","0","0","0","0"
"7.55638","0.500044","0.516328","0.0419877","0.540091","0.55284","1.5242","1.712e-15","3.10563","3.05259","2.93501","6.57948","0","0","0","0","0","0","0","0"
"7.55965","0.500044","0.51649","0.0419879","0.540445","0.553411","1.52527","1.71298e-15","3.10455","3.04715","2.91783","6.59374","0","0","0","0","0","0","0","0"
"7.56305","0.500044","0.51649","0.041988","0.540878","0.553973","1.52826","1.71245e-15","3.1049","3.04983","2.91736","6.58112","0","0","0","0","0","0","0","0"
"7.56747","0.500044","0.51649","0.0419882","0.542586","0.555943","1.54056","1.7122e-15","3.11758","3.06093","2.93745","6.58238","0","0","0","0","0","0","0","0"
"7.57085","0.500044","0.51649","0.0419883","0.5426","0.556211","1.53719","1.7141e-15","3.11358","3.05432","2.94697","6.59538","0","0","0","0","0","0","0","0"
"7.57433","0.500044","0.51649","0.04199","0.542683","0.556503","1.5325","1.71274e-15","3.11632","3.0524","2.9569","6.57808","0","0","0","0","0","0","0","0"
"7.57762","0.500044","0.516513","0.0419917","0.542916","0.55711","1.52991","1.71189e-15","3.11472","3.04852","2.95703","6.56039","0","0","0","0","0","0","0","0"
"7.581","0.500044","0.516513","0.0419937","0.542343","0.556512","1.52477","1.71424e-15","3.11275","3.04829","2.96587","6.59248","0","0","0","0","0","0","0","0"
"7.58438","0.500044","0.516513","0.0419954","0.542038","0.556415","1.52147","1.71425e-15","3.11036","3.04995","2.96822","6.59629","0","0","0","0","0","0","0","0"
"7.58892","0.500044","0.516513","0.0419964","0.542823","0.556693","1.52589","1.71216e-15","3.10925","3.04728","2.94779","6.57507","0","0","0","0","0","0","0","0"
"7.59222","0.500044","0.516833","0.0419936","0.542549","0.556525","1.52366","1.71377e-15","3.10834","3.05069","2.95629","6.60518","0","0","0","0","0","0","0","0"
"7.59558","0.500044","0.516833","0.0419903","0.542816","0.556746","1.52603","1.71414e-15","3.10869","3.04705","2.94102","6.61215","0","0","0","0","0","0","0","0"
"7.59897","0.500044","0.516833","0.0419875","0.542386","0.556406","1.52334","1.71212e-15","3.10793","3.0478","2.94053","6.60007","0","0","0","0","0","0","0","0"
"7.60237","0.500044","0.516833","0.0419842","0.542281","0.55636","1.52098","1.71302e-15","3.10727","3.04602","2.93852","6.60687","0","0","0","0","0","0","0","0"
"7.60585","0.500044","0.516833","0.041982","0.541485","0.555769","1.51792","1.71428e-15","3.10752","3.046","2.93788","6.60605","0","0","0","0","0","0","0","0"
"7.60913","0.500044","0.517249","0.0419808","0.541585","0.55604","1.518","1.71197e-15","3.10627","3.04824","2.93092","6.59467","0","0","0","0","0","0","0","0"
"7.61252","0.500044","0.517249","0.0419798","0.541045","0.555791","1.51559","1.71087e-15","3.10579","3.05152","2.92955","6.58843","0","0","0","0","0","0","0","0"
"7.6159","0.500044","0.517249","0.0419786","0.541207","0.555789","1.51294","1.71234e-15","3.09763","3.0547","2.92796","6.61012","0","0","0","0","0","0","0","0"
"7.6193","0.500044","0.517249","0.0419776","0.54104","0.555602","1.512","1.71488e-15","3.10782","3.06218","2.92667","6.65562","0","0","0","0","0","0","0","0"
"7.62277","0.500044","0.517249","0.0419783","0.541855","0.556389","1.5159","1.71473e-15","3.1054","3.06461","2.91373","6.65201","0","0","0","0","0","0","0","0"
"7.62762","0.500044","0.517318","0.041981","0.54176","0.55632","1.51516","1.71304e-15","3.11062","3.06521","2.91339","6.64466","0","0","0","0","0","0","0","0"
"7.62945","0.500044","0.517318","0.0419842","0.541257","0.555951","1.51297","1.71166e-15","3.10991","3.06202","2.91013","6.63096","0","0","0","0","0","0","0","0"
"7.63285","0.500044","0.517318","0.0419869","0.541521","0.556068","1.50837","1.71354e-15","3.1085","3.05801","2.92033","6.66208","0","0","0","0","0","0","0","0"
"7.63622","0.500044","0.517318","0.0419901","0.54105","0.555607","1.50476","1.7155e-15","3.10728","3.05502","2.92268","6.68154","0","0","0","0","0","0","0","0"
"7.63972","0.500044","0.517318","0.0419922","0.541167","0.555721","1.50972","1.71479e-15","3.11526","3.0641","2.91134","6.67519","0","0","0","0","0","0","0","0"
"7.64298","0.500044","0.517276","0.0419939","0.540482","0.554732","1.50517","1.7134e-15","3.11584","3.0648","2.92306","6.65869","0","0","0","0","0","0","0","0"
"7.64638","0.500044","0.517276","0.0419955","0.540428","0.554537","1.51203","1.71152e-15","3.11433","3.06263","2.93214","6.64611","0","0","0","0","0","0","0","0"
"7.6508","0.500044","0.517276","0.0419977","0.541004","0.555288","1.51895","1.71381e-15","3.12279","3.07496","2.95427","6.67528","0","0","0","0","0","0","0","0"
"7.65418","0.500044","0.517276","0.0419993","0.54094","0.555341","1.51686","1.71514e-15","3.1239","3.07612","2.95595","6.69201","0","0","0","0","0","0","0","0"
"7.65767","0.500044","0.517276","0.0419967","0.541246","0.556087","1.51319","1.71329e-15","3.12633","3.0869","2.95793","6.67594","0","0","0","0","0","0","0","0"
"7.66095","0.500044","0.517273","0.0419939","0.541244","0.556082","1.51244","1.71207e-15","3.12409","3.08383","2.9531","6.65886","0","0","0","0","0","0","0","0"
"7.66433","0.500044","0.517273","0.0419906","0.541948","0.556753","1.50853","1.714e-15","3.13022","3.09672","2.9558","6.6606","0","0","0","0","0","0","0","0"
"7.66795","0.500044","0.517273","0.0419878","0.54169","0.556305","1.50764","1.71499e-15","3.1254","3.09638","2.94853","6.67976","0","0","0","0","0","0","0","0"
"7.67225","0.500044","0.517273","0.0419829","0.541077","0.555438","1.50524","1.71292e-15","3.12182","3.09721","2.95177","6.65038","0","0","0","0","0","0","0","0"
"7.67553","0.500044","0.517171","0.0419779","0.541269","0.555402","1.50334","1.71371e-15","3.12235","3.09514","2.94882","6.66327","0","0","0","0","0","0","0","0"
"7.67892","0.500044","0.517171","0.0419721","0.541238","0.55524","1.50155","1.71472e-15","3.12472","3.10024","2.94701","6.68149","0","0","0","0","0","0","0","0"
"7.6823","0.500044","0.517171","0.0419671","0.541578","0.555882","1.50712","1.71374e-15","3.12738","3.09774","2.9338","6.66781","0","0","0","0","0","0","0","0"
"7.6857","0.500044","0.517171","0.0419612","0.542246","0.556354","1.50194","1.71306e-15","3.12652","3.09312","2.94329","6.65787","0","0","0","0","0","0","0","0"
"7.68918","0.500044","0.517171","0.0419554","0.542443","0.556172","1.50903","1.71293e-15","3.12281","3.09294","2.92922","6.65426","0","0","0","0","0","0","0","0"
"7.69247","0.500044","0.517333","0.0419467","0.542814","0.556567","1.50963","1.71317e-15","3.12396","3.0891","2.9161","6.65105","0","0","0","0","0","0","0","0"
"7.69845","0.500044","0.517333","0.0419392","0.543435","0.557251","1.50445","1.71148e-15","3.13473","3.09823","2.92825","6.63122","0","0","0","0","0","0","0","0"
"7.69923","0.500044","0.517333","0.0419305","0.542333","0.556259","1.50152","1.71229e-15","3.1381","3.09923","2.9271","6.62718","0","0","0","0","0","0","0","0"
"7.70263","0.500044","0.517333","0.0419231","0.542181","0.55644","1.4998","1.71449e-15","3.13976","3.09756","2.92164","6.655","0","0","0","0","0","0","0","0"
"7.70612","0.500044","0.517333","0.0419182","0.541872","0.556056","1.49305","1.71332e-15","3.13368","3.09105","2.9392","6.64444","0","0","0","0","0","0","0","0"
"7.70938","0.500044","0.517418","0.0419184","0.542868","0.556722","1.51313","1.71148e-15","3.13123","3.08973","3.02375","6.6318","0","0","0","0","0","0","0","0"
"7.71277","0.500044","0.517418","0.0419186","0.543533","0.557516","1.52168","1.71204e-15","3.12907","3.08258","3.03025","6.64355","0","0","0","0","0","0","0","0"
"7.71617","0.500044","0.517418","0.0419188","0.543574","0.557743","1.51643","1.71352e-15","3.12422","3.08094","3.04269","6.66399","0","0","0","0","0","0","0","0"
"7.71955","0.500044","0.517418","0.041919","0.543241","0.557493","1.51441","1.71338e-15","3.12311","3.08337","3.04539","6.64968","0","0","0","0","0","0","0","0"
"7.72303","0.500044","0.517418","0.0419198","0.542994","0.557377","1.5147","1.71129e-15","3.12537","3.08414","3.03333","6.63402","0","0","0","0","0","0","0","0"
"7.72632","0.500044","0.517597","0.0419214","0.542774","0.557145","1.51105","1.71313e-15","3.12058","3.08062","3.03276","6.62864","0","0","0","0","0","0","0","0"
"7.7297","0.500044","0.517597","0.0419227","0.542956","0.55705","1.50642","1.71471e-15","3.11404","3.07398","3.04183","6.63467","0","0","0","0","0","0","0","0"
"7.73413","0.500044","0.517597","0.0419247","0.542863","0.557013","1.51003","1.71263e-15","3.11316","3.06503","3.02441","6.6198","0","0","0","0","0","0","0","0"
"7.73767","0.500044","0.517597","0.0419261","0.542485","0.556853","1.50373","1.71265e-15","3.11209","3.06946","3.04309","6.60769","0","0","0","0","0","0","0","0"
"7.741","0.500044","0.517597","0.0419294","0.541989","0.556377","1.50091","1.71293e-15","3.11172","3.06621","3.04121","6.60511","0","0","0","0","0","0","0","0"
"7.74428","0.500044","0.517718","0.0419324","0.54279","0.55715","1.4973","1.71305e-15","3.10675","3.05663","3.04519","6.6139","0","0","0","0","0","0","0","0"
"7.74767","0.500044","0.517718","0.0419359","0.542372","0.55702","1.49452","1.71151e-15","3.10585","3.05432","3.04561","6.60001","0","0","0","0","0","0","0","0"
"7.75105","0.500044","0.517718","0.041939","0.541763","0.55642","1.48866","1.71169e-15","3.10591","3.05772","3.06178","6.59269","0","0","0","0","0","0","0","0"
"7.75557","0.500044","0.517718","0.0419445","0.542383","0.556759","1.48593","1.71295e-15","3.0971","3.04899","3.06041","6.60433","0","0","0","0","0","0","0","0"
"7.75887","0.500044","0.517755","0.0419503","0.541792","0.556006","1.48165","1.71229e-15","3.09828","3.05157","3.06851","6.58876","0","0","0","0","0","0","0","0"
"7.76225","0.500044","0.517755","0.0419571","0.5416","0.555805","1.47883","1.7109e-15","3.09708","3.05713","3.07118","6.56659","0","0","0","0","0","0","0","0"
"7.76563","0.500044","0.517755","0.041963","0.541242","0.555344","1.48323","1.7109e-15","3.09516","3.05464","3.05298","6.56652","0","0","0","0","0","0","0","0"
"7.76902","0.500044","0.517755","0.0419698","0.540609","0.554713","1.47924","1.71305e-15","3.09262","3.0528","3.05771","6.5928","0","0","0","0","0","0","0","0"
"7.77252","0.500044","0.517755","0.0419764","0.540769","0.554841","1.48263","1.71304e-15","3.08848","3.05286","3.04667","6.59503","0","0","0","0","0","0","0","0"
"7.7758","0.500044","0.517764","0.041986","0.540097","0.554147","1.47905","1.71108e-15","3.08986","3.05444","3.0481","6.57794","0","0","0","0","0","0","0","0"
"7.77918","0.500044","0.517764","0.0419942","0.540168","0.55428","1.47616","1.70904e-15","3.08668","3.04805","3.0497","6.55883","0","0","0","0","0","0","0","0"
"7.78257","0.500044","0.517764","0.0420038","0.53978","0.5541","1.47249","1.70985e-15","3.09117","3.05135","3.05588","6.55597","0","0","0","0","0","0","0","0"
"7.78595","0.500044","0.517764","0.042012","0.539659","0.553965","1.47077","1.71155e-15","3.08919","3.04924","3.06905","6.55973","0","0","0","0","0","0","0","0"
"7.78943","0.500044","0.517764","0.0420164","0.540199","0.554531","1.46739","1.71224e-15","3.08532","3.04567","3.07111","6.56956","0","0","0","0","0","0","0","0"
"7.79427","0.500044","0.517606","0.0420142","0.54021","0.554486","1.46648","1.71071e-15","3.08431","3.0428","3.0625","6.56328","0","0","0","0","0","0","0","0"
"7.7961","0.500044","0.517606","0.0420117","0.540376","0.554654","1.46539","1.70909e-15","3.08306","3.04537","3.05403","6.53881","0","0","0","0","0","0","0","0"
"7.7995","0.500044","0.517606","0.0420095","0.539614","0.554053","1.46234","1.70933e-15","3.08587","3.04681","3.05388","6.53713","0","0","0","0","0","0","0","0"
"7.80293","0.500044","0.517606","0.0420069","0.53933","0.554362","1.4618","1.71167e-15","3.08211","3.04234","3.0431","6.57366","0","0","0","0","0","0","0","0"
"7.80645","0.500044","0.517606","0.0420015","0.539474","0.554511","1.46003","1.71012e-15","3.08971","3.04524","3.03884","6.5667","0","0","0","0","0","0","0","0"
"7.80972","0.500044","0.51741","0.0419915","0.538687","0.553729","1.45515","1.70833e-15","3.08832","3.04966","3.04765","6.54552","0","0","0","0","0","0","0","0"
"7.8131","0.500044","0.51741","0.0419828","0.538814","0.553995","1.45353","1.71014e-15","3.0882","3.05104","3.04308","6.55394","0","0","0","0","0","0","0","0"
"7.81752","0.500044","0.51741","0.0419699","0.53799","0.553298","1.44784","1.71179e-15","3.08498","3.04729","3.05113","6.5921","0","0","0","0","0","0","0","0"
"7.8209","0.500044","0.51741","0.0419612","0.537584","0.552582","1.45123","1.71088e-15","3.0818","3.04735","3.0342","6.5879","0","0","0","0","0","0","0","0"
"7.8245","0.500044","0.51741","0.0419521","0.538238","0.553041","1.45022","1.70931e-15","3.07806","3.04021","3.02856","6.57366","0","0","0","0","0","0","0","0"
"7.8278","0.500044","0.517405","0.0419444","0.53777","0.552624","1.44546","1.7113e-15","3.07934","3.04502","3.03961","6.61333","0","0","0","0","0","0","0","0"
"7.83117","0.500044","0.517405","0.0419354","0.537745","0.552479","1.4442","1.71324e-15","3.08585","3.04863","3.03874","6.64585","0","0","0","0","0","0","0","0"
"7.83455","0.500044","0.517405","0.0419276","0.537408","0.552218","1.44061","1.71235e-15","3.08526","3.04648","3.0437","6.63993","0","0","0","0","0","0","0","0"
"7.83892","0.500044","0.517405","0.041917","0.537015","0.551696","1.43583","1.70984e-15","3.08554","3.04774","3.04928","6.60739","0","0","0","0","0","0","0","0"
"7.8421","0.500044","0.517214","0.0419122","0.536667","0.551235","1.44259","1.71077e-15","3.08678","3.04561","3.03207","6.62505","0","0","0","0","0","0","0","0"
"7.84548","0.500044","0.517214","0.0419074","0.536699","0.551448","1.4404","1.71244e-15","3.08909","3.04334","3.03347","6.63325","0","0","0","0","0","0","0","0"
"7.84888","0.500044","0.517214","0.0419017","0.536683","0.551322","1.44967","1.71242e-15","3.08999","3.04511","3.02935","6.65893","0","0","0","0","0","0","0","0"
"7.85222","0.500044","0.517214","0.0418969","0.537078","0.551807","1.45826","1.71069e-15","3.0881","3.04335","3.02815","6.63929","0","0","0","0","0","0","0","0"
"7.85577","0.500044","0.517214","0.0418908","0.536819","0.551589","1.45788","1.70972e-15","3.09108","3.04699","3.02381","6.61312","0","0","0","0","0","0","0","0"
"7.85907","0.500044","0.516986","0.0418846","0.537266","0.552235","1.46189","1.71109e-15","3.09465","3.05267","3.01184","6.61598","0","0","0","0","0","0","0","0"
"7.86245","0.500044","0.516986","0.0418773","0.538014","0.552799","1.45695","1.71244e-15","3.09462","3.04657","3.02429","6.62821","0","0","0","0","0","0","0","0"
"7.86585","0.500044","0.516986","0.0418711","0.537396","0.552181","1.45267","1.71322e-15","3.09402","3.04664","3.03371","6.65365","0","0","0","0","0","0","0","0"
"7.86923","0.500044","0.516986","0.0418638","0.537234","0.551939","1.44993","1.71128e-15","3.09381","3.05175","3.03352","6.64853","0","0","0","0","0","0","0","0"
"7.87285","0.500044","0.516986","0.0418577","0.537487","0.552281","1.44857","1.70863e-15","3.08886","3.04459","3.03048","6.62835","0","0","0","0","0","0","0","0"
"7.87605","0.500044","0.516805","0.0418538","0.537287","0.552415","1.44568","1.709e-15","3.08641","3.039","3.03503","6.63723","0","0","0","0","0","0","0","0"
"7.87945","0.500044","0.516805","0.0418492","0.536823","0.551935","1.44384","1.71121e-15","3.08649","3.04126","3.03635","6.65352","0","0","0","0","0","0","0","0"
"7.88278","0.500044","0.516805","0.0418452","0.537448","0.552349","1.44661","1.71344e-15","3.08248","3.04601","3.02038","6.67973","0","0","0","0","0","0","0","0"
"7.88627","0.500044","0.516805","0.0418406","0.537852","0.552425","1.46472","1.71372e-15","3.08218","3.04217","3.01835","6.68755","0","0","0","0","0","0","0","0"
"7.88975","0.500044","0.516805","0.0418391","0.537891","0.552864","1.46762","1.71177e-15","3.07654","3.03455","3.02009","6.67535","0","0","0","0","0","0","0","0"
"7.89303","0.500044","0.516848","0.0418402","0.538318","0.55281","1.46896","1.70951e-15","3.07074","3.031","3.01077","6.6572","0","0","0","0","0","0","0","0"
"7.89642","0.500044","0.516848","0.0418412","0.538056","0.552446","1.47044","1.70892e-15","3.07007","3.0312","2.99438","6.63073","0","0","0","0","0","0","0","0"
"7.90078","0.500044","0.516848","0.0418426","0.538398","0.553173","1.47349","1.71089e-15","3.06672","3.02454","2.97606","6.61251","0","0","0","0","0","0","0","0"
"7.90418","0.500044","0.516848","0.0418436","0.537859","0.553106","1.47168","1.71276e-15","3.06812","3.02494","2.97723","6.60808","0","0","0","0","0","0","0","0"
"7.90767","0.500044","0.516848","0.0418504","0.53743","0.552784","1.46675","1.71076e-15","3.06498","3.0226","2.98768","6.60028","0","0","0","0","0","0","0","0"
"7.91093","0.500044","0.516861","0.041857","0.537094","0.552588","1.46295","1.70819e-15","3.06488","3.02466","2.99272","6.59369","0","0","0","0","0","0","0","0"
"7.91433","0.500044","0.516861","0.0418648","0.537336","0.552795","1.46923","1.70825e-15","3.061","3.02099","2.98289","6.57215","0","0","0","0","0","0","0","0"
"7.91772","0.500044","0.516861","0.0418714","0.537663","0.553267","1.47244","1.7101e-15","3.06053","3.01579","2.97947","6.59387","0","0","0","0","0","0","0","0"
"7.92225","0.500044","0.516861","0.0418799","0.538696","0.553842","1.49485","1.71274e-15","3.07591","3.02239","2.98264","6.59639","0","0","0","0","0","0","0","0"
"7.92548","0.500044","0.516876","0.041882","0.539356","0.554781","1.4953","1.71285e-15","3.07047","3.01695","2.97948","6.60563","0","0","0","0","0","0","0","0"
"7.929","0.500044","0.516876","0.0418845","0.540664","0.555814","1.52914","1.71106e-15","3.07967","3.02194","3.12879","6.5955","0","0","0","0","0","0","0","0"
"7.9325","0.500044","0.516876","0.0418867","0.540121","0.555662","1.52298","1.70957e-15","3.07994","3.01929","3.14659","6.58142","0","0","0","0","0","0","0","0"
"7.93577","0.500044","0.516876","0.0418892","0.539691","0.555326","1.52185","1.70963e-15","3.08064","3.02008","3.14044","6.57702","0","0","0","0","0","0","0","0"
"7.93925","0.500044","0.516876","0.0418923","0.540089","0.55578","1.52088","1.71107e-15","3.08004","3.01794","3.13197","6.57137","0","0","0","0","0","0","0","0"
"7.94253","0.500044","0.51689","0.0418983","0.53995","0.555549","1.51964","1.71193e-15","3.07906","3.02515","3.12737","6.57426","0","0","0","0","0","0","0","0"
"7.94592","0.500044","0.51689","0.0419035","0.539787","0.555325","1.51752","1.71167e-15","3.08024","3.0236","3.12656","6.58256","0","0","0","0","0","0","0","0"
"7.9493","0.500044","0.51689","0.0419095","0.539863","0.555279","1.51211","1.70928e-15","3.07097","3.01865","3.13838","6.57108","0","0","0","0","0","0","0","0"
"7.9527","0.500044","0.51689","0.0419146","0.538776","0.554282","1.50573","1.71051e-15","3.07447","3.02211","3.15826","6.56965","0","0","0","0","0","0","0","0"
"7.95618","0.500044","0.51689","0.0419201","0.53954","0.555026","1.51587","1.71145e-15","3.07112","3.01475","3.14163","6.58628","0","0","0","0","0","0","0","0"
"7.95947","0.500044","0.517049","0.0419242","0.539093","0.55494","1.51797","1.71231e-15","3.07209","3.02003","3.12993","6.59747","0","0","0","0","0","0","0","0"
"7.96285","0.500044","0.517049","0.041929","0.538972","0.554943","1.51384","1.71254e-15","3.0728","3.01947","3.13471","6.59683","0","0","0","0","0","0","0","0"
"7.96625","0.500044","0.517049","0.0419331","0.539239","0.55522","1.50956","1.71127e-15","3.07448","3.01354","3.14131","6.57996","0","0","0","0","0","0","0","0"
"7.96957","0.500044","0.517049","0.0419379","0.539015","0.555027","1.50852","1.71186e-15","3.07132","3.00726","3.14085","6.5801","0","0","0","0","0","0","0","0"
"7.97302","0.500044","0.517049","0.0419389","0.5383","0.55432","1.50212","1.71118e-15","3.07059","3.00694","3.16046","6.58191","0","0","0","0","0","0","0","0"
"7.9766","0.500044","0.51705","0.0419364","0.538782","0.554763","1.50359","1.71298e-15","3.06502","3.00804","3.14632","6.59844","0","0","0","0","0","0","0","0"
"7.97997","0.500044","0.51705","0.041934","0.538221","0.554358","1.50075","1.71139e-15","3.07073","3.0132","3.14459","6.5799","0","0","0","0","0","0","0","0"
"7.98415","0.500044","0.51705","0.0419313","0.538658","0.554434","1.50587","1.70983e-15","3.07484","3.01911","3.12674","6.56648","0","0","0","0","0","0","0","0"
"7.98753","0.500044","0.51705","0.0419292","0.538455","0.554314","1.50556","1.71169e-15","3.07376","3.01752","3.1208","6.58095","0","0","0","0","0","0","0","0"
"7.99102","0.500044","0.51705","0.0419189","0.539345","0.555","1.50155","1.71191e-15","3.08537","3.02292","3.13126","6.57507","0","0","0","0","0","0","0","0"
"7.9943","0.500044","0.516963","0.0419089","0.539002","0.55483","1.49935","1.71164e-15","3.08683","3.02585","3.12895","6.58525","0","0","0","0","0","0","0","0"
"7.99768","0.500044","0.516963","0.0418973","0.53961","0.555319","1.49813","1.7099e-15","3.0812","3.02825","3.1232","6.56342","0","0","0","0","0","0","0","0"
"8.00107","0.500044","0.516963","0.0418873","0.538682","0.554549","1.49212","1.70894e-15","3.0865","3.03294","3.1403","6.54639","0","0","0","0","0","0","0","0"
"8.00557","0.500044","0.516963","0.041874","0.538818","0.55451","1.48962","1.71025e-15","3.08677","3.03514","3.14007","6.54608","0","0","0","0","0","0","0","0"
"8.00888","0.500044","0.516945","0.041869","0.539109","0.554874","1.49349","1.71139e-15","3.07959","3.03404","3.11833","6.56335","0","0","0","0","0","0","0","0"
"8.01227","0.500044","0.516945","0.0418633","0.53848","0.554542","1.48744","1.71146e-15","3.07717","3.03305","3.13258","6.57865","0","0","0","0","0","0","0","0"
"8.01565","0.500044","0.516945","0.0418583","0.538033","0.554001","1.48379","1.70948e-15","3.07774","3.02934","3.13777","6.56734","0","0","0","0","0","0","0","0"
"8.019","0.500044","0.516945","0.0418525","0.539019","0.554555","1.49686","1.7078e-15","3.07588","3.02439","3.10676","6.54936","0","0","0","0","0","0","0","0"
"8.0225","0.500044","0.516945","0.0418489","0.538677","0.554111","1.49517","1.70858e-15","3.07282","3.02467","3.10748","6.53264","0","0","0","0","0","0","0","0"
"8.02578","0.500044","0.517028","0.0418479","0.538806","0.554418","1.48937","1.71051e-15","3.06885","3.02116","3.12031","6.56403","0","0","0","0","0","0","0","0"
"8.02917","0.500044","0.517028","0.041847","0.539576","0.555004","1.49138","1.71165e-15","3.06612","3.02602","3.10327","6.58891","0","0","0","0","0","0","0","0"
"8.03257","0.500044","0.517028","0.0418459","0.538553","0.553979","1.49482","1.71193e-15","3.06906","3.02756","3.07771","6.60083","0","0","0","0","0","0","0","0"
"8.03592","0.500044","0.517028","0.041845","0.538505","0.554173","1.4913","1.71015e-15","3.0652","3.02493","3.0896","6.58674","0","0","0","0","0","0","0","0"
"8.03942","0.500044","0.517028","0.0418454","0.537975","0.553536","1.48436","1.70823e-15","3.06495","3.02443","3.1096","6.56889","0","0","0","0","0","0","0","0"
"8.0427","0.500044","0.516997","0.0418473","0.537405","0.552913","1.48291","1.70883e-15","3.06414","3.02268","3.10208","6.56923","0","0","0","0","0","0","0","0"
"8.04608","0.500044","0.516997","0.0418496","0.536987","0.552646","1.48085","1.71073e-15","3.06689","3.03139","3.09922","6.56293","0","0","0","0","0","0","0","0"
"8.04948","0.500044","0.516997","0.0418515","0.536901","0.552689","1.47621","1.71233e-15","3.06714","3.02888","3.10908","6.58769","0","0","0","0","0","0","0","0"
"8.05305","0.500044","0.516997","0.0418538","0.537147","0.552841","1.4792","1.71277e-15","3.0618","3.02697","3.09577","6.59038","0","0","0","0","0","0","0","0"
"8.05635","0.500044","0.516997","0.0418551","0.537421","0.553299","1.47673","1.71114e-15","3.05414","3.01904","3.09645","6.58304","0","0","0","0","0","0","0","0"
"8.05962","0.500044","0.516924","0.0418557","0.537415","0.553406","1.4745","1.70938e-15","3.04888","3.01142","3.09398","6.56572","0","0","0","0","0","0","0","0"
"8.06297","0.500044","0.516924","0.0418562","0.536834","0.552687","1.47378","1.70905e-15","3.04767","3.01377","3.08487","6.55589","0","0","0","0","0","0","0","0"
"8.06755","0.500044","0.516924","0.0418571","0.536562","0.551965","1.47125","1.71188e-15","3.0485","3.01117","3.07529","6.58462","0","0","0","0","0","0","0","0"
"8.07088","0.500044","0.516924","0.0418576","0.536031","0.551427","1.46704","1.71306e-15","3.04864","3.01194","3.08172","6.60823","0","0","0","0","0","0","0","0"
"8.07448","0.500044","0.516924","0.0418595","0.536106","0.55161","1.46842","1.71124e-15","3.04884","3.01653","3.06253","6.59171","0","0","0","0","0","0","0","0"
"8.07772","0.500044","0.516726","0.0418612","0.536459","0.552168","1.46349","1.70988e-15","3.04749","3.02218","3.07546","6.56412","0","0","0","0","0","0","0","0"
"8.08105","0.500044","0.516726","0.0418633","0.537205","0.552783","1.47112","1.71034e-15","3.04741","3.02004","3.06047","6.54049","0","0","0","0","0","0","0","0"
"8.08463","0.500044","0.516726","0.0418653","0.536801","0.55216","1.4672","1.71222e-15","3.04916","3.0213","3.06529","6.52808","0","0","0","0","0","0","0","0"
"8.08888","0.500044","0.516726","0.0418669","0.537761","0.553102","1.47046","1.7143e-15","3.04778","3.02067","3.05829","6.54479","0","0","0","0","0","0","0","0"
"8.0922","0.500044","0.516627","0.0418662","0.537569","0.552941","1.46814","1.71347e-15","3.04417","3.01647","3.05743","6.54996","0","0","0","0","0","0","0","0"
"8.09558","0.500044","0.516627","0.0418655","0.537635","0.553019","1.47043","1.7119e-15","3.04315","3.01791","3.06688","6.53875","0","0","0","0","0","0","0","0"
"8.09897","0.500044","0.516627","0.0418648","0.538048","0.553299","1.47557","1.70957e-15","3.03975","3.01291","3.05356","6.52232","0","0","0","0","0","0","0","0"
"8.10235","0.500044","0.516627","0.0418641","0.537702","0.553138","1.47102","1.71018e-15","3.03797","3.0104","3.05902","6.50566","0","0","0","0","0","0","0","0"
"8.10583","0.500044","0.516627","0.0418633","0.537232","0.552762","1.46664","1.71016e-15","3.03853","3.00945","3.06728","6.50081","0","0","0","0","0","0","0","0"
"8.10912","0.500044","0.516633","0.0418622","0.536916","0.552399","1.46166","1.71252e-15","3.03314","3.00813","3.07501","6.52202","0","0","0","0","0","0","0","0"
"8.1125","0.500044","0.516633","0.0418612","0.537175","0.552476","1.46196","1.71429e-15","3.04327","3.01419","3.07481","6.52816","0","0","0","0","0","0","0","0"
"8.11588","0.500044","0.516633","0.04186","0.536529","0.552124","1.45518","1.71385e-15","3.04448","3.01331","3.09553","6.52682","0","0","0","0","0","0","0","0"
"8.11927","0.500044","0.516633","0.041859","0.536391","0.552222","1.44982","1.71247e-15","3.0438","3.01382","3.10929","6.51235","0","0","0","0","0","0","0","0"
"8.12277","0.500044","0.516633","0.0418579","0.536942","0.55317","1.45058","1.71069e-15","3.03894","3.01462","3.09947","6.49187","0","0","0","0","0","0","0","0"
"8.12605","0.500044","0.516784","0.041857","0.53773","0.554491","1.45526","1.71258e-15","3.03964","3.01748","3.08548","6.49517","0","0","0","0","0","0","0","0"
"8.12943","0.500044","0.516784","0.0418559","0.537747","0.554834","1.45432","1.7149e-15","3.03683","3.01261","3.08572","6.52109","0","0","0","0","0","0","0","0"
"8.13277","0.500044","0.516784","0.041855","0.537681","0.554691","1.45764","1.71671e-15","3.03906","3.01259","3.07313","6.53473","0","0","0","0","0","0","0","0"
"8.1363","0.500044","0.516784","0.0418539","0.53793","0.554562","1.46413","1.7176e-15","3.03955","3.01322","3.05457","6.57555","0","0","0","0","0","0","0","0"
"8.13978","0.500044","0.516784","0.0418541","0.539017","0.555515","1.47824","1.71527e-15","3.06118","3.03281","3.16371","6.56621","0","0","0","0","0","0","0","0"
"8.14307","0.500044","0.516758","0.0418557","0.541703","0.558414","1.50325","1.71272e-15","3.10051","3.0884","3.20123","6.55218","0","0","0","0","0","0","0","0"
"8.14647","0.500044","0.516758","0.0418571","0.541593","0.558424","1.50164","1.71217e-15","3.09686","3.08388","3.1956","6.54853","0","0","0","0","0","0","0","0"
"8.15088","0.500044","0.516758","0.0418592","0.541001","0.557985","1.49379","1.71429e-15","3.09793","3.08072","3.21438","6.56669","0","0","0","0","0","0","0","0"
"8.15427","0.500044","0.516758","0.0418606","0.541183","0.558063","1.49658","1.71626e-15","3.09793","3.08379","3.1953","6.58258","0","0","0","0","0","0","0","0"
"8.15903","0.500044","0.516758","0.0418639","0.541016","0.557619","1.49251","1.71636e-15","3.09427","3.0836","3.1996","6.57116","0","0","0","0","0","0","0","0"
"8.16193","0.500044","0.517078","0.0418671","0.540734","0.557474","1.49667","1.71529e-15","3.09155","3.09075","3.19161","6.5769","0","0","0","0","0","0","0","0"
"8.16443","0.500044","0.517078","0.0418707","0.540215","0.556674","1.50282","1.71338e-15","3.08965","3.08805","3.16352","6.56519","0","0","0","0","0","0","0","0"
"8.16782","0.500044","0.517078","0.0418739","0.539965","0.556483","1.49755","1.71175e-15","3.09088","3.0907","3.17668","6.5505","0","0","0","0","0","0","0","0"
"8.17223","0.500044","0.517078","0.0418781","0.539538","0.55612","1.49067","1.71165e-15","3.08784","3.08582","3.19054","6.52695","0","0","0","0","0","0","0","0"
"8.1755","0.500044","0.517502","0.04188","0.540377","0.557045","1.49263","1.71353e-15","3.1002","3.08816","3.18052","6.55311","0","0","0","0","0","0","0","0"
"8.17888","0.500044","0.517502","0.0418821","0.540418","0.556641","1.49772","1.71524e-15","3.09976","3.08693","3.16469","6.56937","0","0","0","0","0","0","0","0"
"8.18227","0.500044","0.517502","0.0418839","0.540333","0.556442","1.49495","1.71506e-15","3.09617","3.08348","3.16546","6.58071","0","0","0","0","0","0","0","0"
"8.18567","0.500044","0.517502","0.0418861","0.540393","0.556615","1.49439","1.71419e-15","3.09912","3.08601","3.15851","6.57209","0","0","0","0","0","0","0","0"
"8.18913","0.500044","0.517502","0.0418896","0.54039","0.556458","1.49262","1.71186e-15","3.09763","3.08426","3.15244","6.56228","0","0","0","0","0","0","0","0"
"8.19243","0.500044","0.517455","0.0418978","0.541353","0.557074","1.48792","1.71034e-15","3.09461","3.07913","3.16015","6.54335","0","0","0","0","0","0","0","0"
"8.19582","0.500044","0.517455","0.0419048","0.541","0.556716","1.48599","1.71074e-15","3.09271","3.07557","3.15458","6.52925","0","0","0","0","0","0","0","0"
"8.1992","0.500044","0.517455","0.041913","0.540945","0.556656","1.48398","1.71303e-15","3.09463","3.08109","3.14785","6.53564","0","0","0","0","0","0","0","0"
"8.20258","0.500044","0.517455","0.04192","0.540488","0.556191","1.48267","1.71462e-15","3.09504","3.0791","3.15025","6.54168","0","0","0","0","0","0","0","0"
"8.20607","0.500044","0.517455","0.0419273","0.540937","0.557208","1.48108","1.71499e-15","3.10343","3.08118","3.14938","6.54911","0","0","0","0","0","0","0","0"
"8.20935","0.500044","0.517416","0.0419324","0.541034","0.557399","1.47598","1.71404e-15","3.10118","3.08488","3.16194","6.54998","0","0","0","0","0","0","0","0"
"8.21273","0.500044","0.517416","0.0419383","0.541002","0.557198","1.47766","1.71246e-15","3.09777","3.08109","3.15457","6.53917","0","0","0","0","0","0","0","0"
"8.21612","0.500044","0.517416","0.0419434","0.540666","0.556948","1.48135","1.70992e-15","3.09609","3.07815","3.13393","6.52511","0","0","0","0","0","0","0","0"
"8.21952","0.500044","0.517416","0.0419493","0.541403","0.557995","1.48053","1.70854e-15","3.0899","3.07621","3.13218","6.50674","0","0","0","0","0","0","0","0"
"8.223","0.500044","0.517416","0.0419524","0.541581","0.558327","1.48726","1.70716e-15","3.08902","3.07102","3.1106","6.48407","0","0","0","0","0","0","0","0"
"8.22628","0.500044","0.517589","0.0419539","0.541648","0.558479","1.4927","1.70938e-15","3.08612","3.07056","3.09981","6.50427","0","0","0","0","0","0","0","0"
"8.22967","0.500044","0.517589","0.0419551","0.541191","0.558056","1.49003","1.71101e-15","3.0848","3.07126","3.09795","6.50767","0","0","0","0","0","0","0","0"
"8.2341","0.500044","0.517589","0.0419569","0.541431","0.558344","1.49338","1.71317e-15","3.08564","3.06576","3.07317","6.53104","0","0","0","0","0","0","0","0"
"8.23747","0.500044","0.517589","0.0419581","0.541186","0.557898","1.48829","1.71272e-15","3.08369","3.06226","3.08521","6.52732","0","0","0","0","0","0","0","0"
"8.24097","0.500044","0.517589","0.0419555","0.541439","0.558599","1.48619","1.71057e-15","3.08222","3.06235","3.08454","6.51084","0","0","0","0","0","0","0","0"
"8.24432","0.500044","0.517805","0.0419528","0.541143","0.558243","1.48525","1.70759e-15","3.0849","3.06252","3.08037","6.50143","0","0","0","0","0","0","0","0"
"8.24768","0.500044","0.517805","0.0419496","0.540462","0.557646","1.48466","1.70568e-15","3.08777","3.06311","3.06955","6.48624","0","0","0","0","0","0","0","0"
"8.25108","0.500044","0.517805","0.0419468","0.540242","0.557399","1.48922","1.70555e-15","3.08779","3.05882","3.06717","6.47674","0","0","0","0","0","0","0","0"
"8.25558","0.500044","0.517805","0.0419427","0.540585","0.557557","1.49255","1.70702e-15","3.08036","3.05037","3.05658","6.48654","0","0","0","0","0","0","0","0"
"8.25892","0.500044","0.517959","0.0419398","0.540904","0.557393","1.50031","1.70835e-15","3.07482","3.04678","3.03548","6.51506","0","0","0","0","0","0","0","0"
"8.26228","0.500044","0.517959","0.0419366","0.541549","0.557847","1.51238","1.7099e-15","3.07033","3.04166","3.04445","6.55709","0","0","0","0","0","0","0","0"
"8.26567","0.500044","0.517959","0.0419337","0.540874","0.557527","1.50649","1.7102e-15","3.06939","3.03963","3.06009","6.5706","0","0","0","0","0","0","0","0"
"8.26907","0.500044","0.517959","0.0419304","0.540032","0.556824","1.50145","1.70943e-15","3.07198","3.04218","3.06834","6.57495","0","0","0","0","0","0","0","0"
"8.27257","0.500044","0.517959","0.0419282","0.53967","0.556281","1.50548","1.70864e-15","3.07063","3.04161","3.0532","6.55701","0","0","0","0","0","0","0","0"
"8.27583","0.500044","0.517913","0.0419271","0.539912","0.556876","1.50045","1.7065e-15","3.06876","3.05399","3.06075","6.54238","0","0","0","0","0","0","0","0"
"8.27922","0.500044","0.517913","0.0419261","0.540671","0.557553","1.50841","1.70505e-15","3.07117","3.05328","3.0373","6.52592","0","0","0","0","0","0","0","0"
"8.2826","0.500044","0.517913","0.0419249","0.539915","0.556729","1.50538","1.70347e-15","3.07366","3.05925","3.03651","6.50799","0","0","0","0","0","0","0","0"
"8.286","0.500044","0.517913","0.0419239","0.540127","0.556705","1.49988","1.70303e-15","3.07255","3.0624","3.0516","6.50346","0","0","0","0","0","0","0","0"
"8.28948","0.500044","0.517913","0.0419212","0.540361","0.5571","1.49438","1.70272e-15","3.07249","3.06452","3.06271","6.5042","0","0","0","0","0","0","0","0"
"8.29277","0.500044","0.517761","0.041917","0.54014","0.556807","1.49086","1.70556e-15","3.06799","3.06258","3.06733","6.52268","0","0","0","0","0","0","0","0"
"8.29615","0.500044","0.517761","0.0419121","0.539514","0.556266","1.48654","1.7074e-15","3.06665","3.06096","3.07223","6.55494","0","0","0","0","0","0","0","0"
"8.30063","0.500044","0.517761","0.041908","0.5406","0.556896","1.49923","1.70847e-15","3.07997","3.08169","3.09375","6.57571","0","0","0","0","0","0","0","0"
"8.30292","0.500044","0.517761","0.0419031","0.539906","0.556106","1.49352","1.70786e-15","3.07784","3.08201","3.10611","6.58053","0","0","0","0","0","0","0","0"
"8.3064","0.500044","0.517761","0.0419029","0.540497","0.556773","1.49419","1.70532e-15","3.07701","3.07649","3.09168","6.56436","0","0","0","0","0","0","0","0"
"8.30968","0.500044","0.51769","0.0419074","0.540535","0.556188","1.49826","1.70461e-15","3.0773","3.07893","3.06956","6.5412","0","0","0","0","0","0","0","0"
"8.31302","0.500044","0.51769","0.0419112","0.539995","0.55576","1.49448","1.70503e-15","3.07912","3.07833","3.0732","6.53988","0","0","0","0","0","0","0","0"
"8.31738","0.500044","0.51769","0.0419162","0.539731","0.555367","1.49473","1.70803e-15","3.07702","3.07839","3.05764","6.56101","0","0","0","0","0","0","0","0"
"8.32077","0.500044","0.51769","0.0419207","0.539392","0.555142","1.49577","1.71098e-15","3.07993","3.08075","3.03766","6.59273","0","0","0","0","0","0","0","0"
"8.32427","0.500044","0.51769","0.0419278","0.539539","0.555343","1.49933","1.71132e-15","3.09313","3.08336","3.04126","6.59223","0","0","0","0","0","0","0","0"
"8.32755","0.500044","0.517703","0.0419368","0.539267","0.555153","1.49643","1.71266e-15","3.09357","3.08048","3.04635","6.62345","0","0","0","0","0","0","0","0"
"8.33092","0.500044","0.517703","0.0419445","0.539612","0.555481","1.49607","1.71322e-15","3.08746","3.0759","3.04282","6.64366","0","0","0","0","0","0","0","0"
"8.3343","0.500044","0.517703","0.0419536","0.539337","0.555401","1.49255","1.71223e-15","3.08738","3.07047","3.0445","6.64014","0","0","0","0","0","0","0","0"
"8.33768","0.500044","0.517703","0.0419613","0.538611","0.554793","1.48968","1.71105e-15","3.09027","3.07264","3.0445","6.63021","0","0","0","0","0","0","0","0"
"8.34118","0.500044","0.517703","0.041966","0.538647","0.555207","1.4875","1.709e-15","3.08443","3.07181","3.04787","6.61314","0","0","0","0","0","0","0","0"
"8.34447","0.500044","0.517533","0.0419695","0.538735","0.555571","1.49099","1.70867e-15","3.08775","3.07245","3.03626","6.60408","0","0","0","0","0","0","0","0"
"8.34785","0.500044","0.517533","0.0419735","0.538361","0.555252","1.48796","1.71005e-15","3.08297","3.06874","3.03478","6.61037","0","0","0","0","0","0","0","0"
"8.35118","0.500044","0.517533","0.0419769","0.538012","0.554931","1.48521","1.71212e-15","3.08021","3.06671","3.03782","6.62457","0","0","0","0","0","0","0","0"
"8.35558","0.500044","0.517533","0.0419815","0.537847","0.554839","1.48293","1.71431e-15","3.08125","3.06819","3.03767","6.64694","0","0","0","0","0","0","0","0"
"8.35893","0.500044","0.517404","0.0419832","0.537058","0.554302","1.48041","1.71377e-15","3.08302","3.0695","3.03771","6.68043","0","0","0","0","0","0","0","0"
"8.36247","0.500044","0.517404","0.0419853","0.536723","0.554071","1.48036","1.71296e-15","3.08105","3.06478","3.02893","6.67704","0","0","0","0","0","0","0","0"
"8.36587","0.500044","0.517404","0.0419873","0.537122","0.554598","1.47364","1.71029e-15","3.09077","3.0702","3.04866","6.66447","0","0","0","0","0","0","0","0"
"8.36925","0.500044","0.517404","0.0419891","0.537335","0.554802","1.47761","1.70894e-15","3.08899","3.06943","3.03264","6.65247","0","0","0","0","0","0","0","0"
"8.37273","0.500044","0.517404","0.0419909","0.537249","0.554549","1.4734","1.70882e-15","3.09041","3.06634","3.0396","6.62685","0","0","0","0","0","0","0","0"
"8.37602","0.500044","0.517331","0.0419921","0.536916","0.554204","1.47609","1.71077e-15","3.08772","3.06637","3.03223","6.64664","0","0","0","0","0","0","0","0"
"8.37933","0.500044","0.517331","0.0419934","0.535897","0.553106","1.47075","1.71223e-15","3.08876","3.06892","3.04497","6.65998","0","0","0","0","0","0","0","0"
"8.38275","0.500044","0.517331","0.0419948","0.536094","0.553002","1.46948","1.71401e-15","3.0842","3.0652","3.03754","6.69118","0","0","0","0","0","0","0","0"
"8.38613","0.500044","0.517331","0.0419961","0.535777","0.553067","1.47156","1.71419e-15","3.08482","3.07055","3.02882","6.7068","0","0","0","0","0","0","0","0"
"8.38963","0.500044","0.517331","0.0419974","0.535206","0.552215","1.46796","1.71294e-15","3.08347","3.07021","3.03171","6.69129","0","0","0","0","0","0","0","0"
"8.3929","0.500044","0.51722","0.0419983","0.534855","0.551853","1.47244","1.71118e-15","3.08178","3.07038","3.00856","6.67108","0","0","0","0","0","0","0","0"
"8.39628","0.500044","0.51722","0.0419994","0.533915","0.550974","1.46663","1.71042e-15","3.08296","3.07047","3.02134","6.65452","0","0","0","0","0","0","0","0"
"8.40083","0.500044","0.51722","0.0420007","0.534651","0.551529","1.4746","1.7115e-15","3.08198","3.07203","3.00394","6.65783","0","0","0","0","0","0","0","0"
"8.40407","0.500044","0.51722","0.0420018","0.534647","0.551616","1.47527","1.7147e-15","3.08264","3.07294","2.98669","6.68508","0","0","0","0","0","0","0","0"
"8.40755","0.500044","0.51722","0.0419997","0.534669","0.551512","1.47835","1.71529e-15","3.0792","3.0722","2.96803","6.68166","0","0","0","0","0","0","0","0"
"8.41092","0.500044","0.517036","0.0419966","0.535023","0.552003","1.47572","1.7161e-15","3.07259","3.06915","2.96611","6.71502","0","0","0","0","0","0","0","0"
"8.41433","0.500044","0.517036","0.0419934","0.534551","0.551661","1.47033","1.71726e-15","3.0739","3.06648","2.97676","6.74317","0","0","0","0","0","0","0","0"
"8.41785","0.500044","0.517036","0.0419907","0.535135","0.552156","1.47402","1.71679e-15","3.07297","3.06291","2.96469","6.74993","0","0","0","0","0","0","0","0"
"8.42222","0.500044","0.517036","0.0419876","0.535045","0.55169","1.47615","1.71567e-15","3.07434","3.06238","2.94447","6.72618","0","0","0","0","0","0","0","0"
"8.42557","0.500044","0.516673","0.0419877","0.535569","0.552396","1.47759","1.71337e-15","3.08183","3.06572","2.94573","6.71564","0","0","0","0","0","0","0","0"
"8.42895","0.500044","0.516673","0.0419878","0.534937","0.551562","1.47289","1.71222e-15","3.08144","3.06546","2.95535","6.68607","0","0","0","0","0","0","0","0"
"8.43233","0.500044","0.516673","0.0419878","0.536961","0.552921","1.48264","1.71117e-15","3.09165","3.07355","2.99342","6.6698","0","0","0","0","0","0","0","0"
"8.43572","0.500044","0.516673","0.0419879","0.5359","0.552166","1.4816","1.71169e-15","3.09182","3.07392","2.98542","6.65651","0","0","0","0","0","0","0","0"
"8.4392","0.500044","0.516673","0.0419884","0.536487","0.552461","1.47861","1.71188e-15","3.08976","3.07015","2.98961","6.64302","0","0","0","0","0","0","0","0"
"8.44248","0.500044","0.516592","0.0419898","0.535825","0.551883","1.47434","1.71343e-15","3.09354","3.07165","2.99317","6.65663","0","0","0","0","0","0","0","0"
"8.44587","0.500044","0.516592","0.041991","0.537732","0.553841","1.49866","1.71608e-15","3.09722","3.08061","3.09038","6.64754","0","0","0","0","0","0","0","0"
"8.44927","0.500044","0.516592","0.0419924","0.53771","0.553998","1.49364","1.71898e-15","3.09314","3.07526","3.10054","6.66364","0","0","0","0","0","0","0","0"
"8.4526","0.500044","0.516592","0.0419936","0.537223","0.553294","1.49066","1.72091e-15","3.09276","3.07753","3.10028","6.68927","0","0","0","0","0","0","0","0"
"8.45613","0.500044","0.516592","0.0419928","0.53702","0.553377","1.48884","1.72066e-15","3.08856","3.07147","3.09412","6.69182","0","0","0","0","0","0","0","0"
"8.45942","0.500044","0.516605","0.0419896","0.53768","0.553581","1.49152","1.72089e-15","3.08939","3.07556","3.08047","6.69227","0","0","0","0","0","0","0","0"
"8.4628","0.500044","0.516605","0.0419859","0.538648","0.554644","1.48974","1.7192e-15","3.08511","3.07701","3.07475","6.68258","0","0","0","0","0","0","0","0"
"8.4662","0.500044","0.516605","0.0419827","0.538923","0.55454","1.49963","1.71699e-15","3.08714","3.08036","3.06737","6.66894","0","0","0","0","0","0","0","0"
"8.46958","0.500044","0.516605","0.0419789","0.540541","0.556886","1.52486","1.7148e-15","3.08994","3.10733","3.13611","6.65058","0","0","0","0","0","0","0","0"
"8.47307","0.500044","0.516605","0.0419754","0.539842","0.556406","1.52454","1.71226e-15","3.08918","3.10446","3.1268","6.63563","0","0","0","0","0","0","0","0"
"8.47707","0.500044","0.516738","0.0419709","0.540794","0.557459","1.52195","1.71173e-15","3.08951","3.10313","3.12388","6.63715","0","0","0","0","0","0","0","0"
"8.47973","0.500044","0.516738","0.041967","0.540483","0.557326","1.51535","1.71289e-15","3.0876","3.09988","3.14466","6.65312","0","0","0","0","0","0","0","0"
"8.48417","0.500044","0.516738","0.0419612","0.539478","0.556736","1.50898","1.71599e-15","3.09231","3.09909","3.15516","6.70033","0","0","0","0","0","0","0","0"
"8.48755","0.500044","0.516738","0.0419574","0.539516","0.556739","1.50468","1.71777e-15","3.08578","3.09417","3.16309","6.72728","0","0","0","0","0","0","0","0"
"8.491","0.500044","0.516738","0.0419541","0.53917","0.556274","1.50514","1.71625e-15","3.08338","3.09528","3.14613","6.7112","0","0","0","0","0","0","0","0"
"8.49458","0.500044","0.517042","0.0419511","0.53875","0.555845","1.50061","1.71471e-15","3.08281","3.09554","3.15824","6.70974","0","0","0","0","0","0","0","0"
"8.49835","0.500044","0.517042","0.0419484","0.539222","0.555831","1.50526","1.71333e-15","3.0847","3.0946","3.13886","6.68792","0","0","0","0","0","0","0","0"
"8.50135","0.500044","0.517042","0.0419454","0.540004","0.556108","1.51072","1.71203e-15","3.08651","3.08613","3.1126","6.66531","0","0","0","0","0","0","0","0"
"8.50633","0.500044","0.517042","0.0419428","0.539007","0.555348","1.50196","1.71109e-15","3.08747","3.08486","3.14039","6.64264","0","0","0","0","0","0","0","0"
"8.50972","0.500044","0.517413","0.0419429","0.539396","0.555472","1.49758","1.7121e-15","3.08533","3.08278","3.14439","6.64473","0","0","0","0","0","0","0","0"
"8.51312","0.500044","0.517413","0.0419431","0.538909","0.554925","1.49425","1.71481e-15","3.08336","3.08432","3.14542","6.65713","0","0","0","0","0","0","0","0"
"8.5165","0.500044","0.517413","0.0419432","0.539144","0.55523","1.49167","1.71748e-15","3.0793","3.081","3.14785","6.67487","0","0","0","0","0","0","0","0"
"8.51988","0.500044","0.517413","0.0419433","0.539572","0.55552","1.48806","1.71867e-15","3.0814","3.07706","3.15744","6.69242","0","0","0","0","0","0","0","0"
"8.53512","0.500044","0.517413","0.0419579","0.538746","0.5544","1.49291","1.71737e-15","3.09125","3.06865","3.10919","6.7007","0","0","0","0","0","0","0","0"
"8.5368","0.500044","0.517371","0.0419623","0.537405","0.553265","1.48725","1.71523e-15","3.09575","3.06983","3.12044","6.68529","0","0","0","0","0","0","0","0"
"8.54025","0.500044","0.517371","0.0419647","0.537933","0.553298","1.48952","1.71226e-15","3.09286","3.06907","3.11326","6.67386","0","0","0","0","0","0","0","0"
"8.5437","0.500044","0.517356","0.0419665","0.538012","0.553443","1.50053","1.7104e-15","3.09122","3.06185","3.08707","6.65215","0","0","0","0","0","0","0","0"
"8.5471","0.500044","0.517356","0.0419683","0.537074","0.552494","1.49398","1.70963e-15","3.09056","3.06528","3.10508","6.62877","0","0","0","0","0","0","0","0"
"8.55047","0.500044","0.517356","0.0419699","0.537298","0.552872","1.48957","1.7104e-15","3.09185","3.0583","3.11321","6.62478","0","0","0","0","0","0","0","0"
"8.55388","0.500044","0.517356","0.0419717","0.537454","0.552917","1.48681","1.71301e-15","3.08696","3.0567","3.11119","6.64084","0","0","0","0","0","0","0","0"
"8.55733","0.500044","0.517356","0.0419692","0.538181","0.553142","1.49517","1.71168e-15","3.08894","3.0519","3.09584","6.63494","0","0","0","0","0","0","0","0"
"8.56065","0.500044","0.517215","0.0419654","0.538119","0.552976","1.49999","1.71386e-15","3.08839","3.04876","3.06701","6.64696","0","0","0","0","0","0","0","0"
"8.56402","0.500044","0.517215","0.041962","0.537691","0.552703","1.50158","1.71388e-15","3.09415","3.05322","3.05293","6.65984","0","0","0","0","0","0","0","0"
"8.56742","0.500044","0.517215","0.0419582","0.53661","0.55149","1.49792","1.7136e-15","3.09683","3.05681","3.05792","6.67222","0","0","0","0","0","0","0","0"
"8.57078","0.500044","0.517215","0.0419549","0.536722","0.551547","1.49767","1.71185e-15","3.09247","3.05388","3.05182","6.65225","0","0","0","0","0","0","0","0"
"8.57428","0.500044","0.517215","0.0419437","0.536791","0.551847","1.49787","1.70897e-15","3.08608","3.05131","3.04336","6.63357","0","0","0","0","0","0","0","0"
"8.57755","0.500044","0.516912","0.0419332","0.536421","0.551441","1.4925","1.70844e-15","3.08803","3.05215","3.05826","6.61175","0","0","0","0","0","0","0","0"
"8.58097","0.500044","0.516912","0.0419208","0.536481","0.551642","1.48632","1.70934e-15","3.0821","3.04519","3.0746","6.59394","0","0","0","0","0","0","0","0"
"8.58433","0.500044","0.516912","0.0419102","0.535705","0.551143","1.48087","1.71101e-15","3.08304","3.04434","3.08805","6.61042","0","0","0","0","0","0","0","0"
"8.58888","0.500044","0.516912","0.0418968","0.535671","0.551358","1.47762","1.71259e-15","3.07841","3.04409","3.08238","6.61409","0","0","0","0","0","0","0","0"
"8.59215","0.500044","0.516726","0.0418936","0.536026","0.551537","1.48352","1.71344e-15","3.0786","3.04322","3.05791","6.63046","0","0","0","0","0","0","0","0"
"8.59555","0.500044","0.516726","0.0418898","0.537294","0.552473","1.48604","1.71446e-15","3.07778","3.04083","3.04343","6.64911","0","0","0","0","0","0","0","0"
"8.59892","0.500044","0.516726","0.0418865","0.537064","0.552392","1.49623","1.7141e-15","3.07954","3.04391","3.01888","6.65497","0","0","0","0","0","0","0","0"
"8.60232","0.500044","0.516726","0.0418827","0.538838","0.553659","1.51166","1.71426e-15","3.09823","3.05897","3.02624","6.65618","0","0","0","0","0","0","0","0"
"8.60578","0.500044","0.516726","0.0418814","0.538545","0.553478","1.50962","1.71231e-15","3.09677","3.06124","3.02354","6.65064","0","0","0","0","0","0","0","0"
"8.60908","0.500044","0.51653","0.0418843","0.53864","0.55363","1.5062","1.71106e-15","3.09424","3.05527","3.02692","6.6556","0","0","0","0","0","0","0","0"
"8.61245","0.500044","0.51653","0.0418868","0.539304","0.554456","1.51069","1.70867e-15","3.0955","3.06301","3.00921","6.64278","0","0","0","0","0","0","0","0"
"8.61587","0.500044","0.51653","0.0418898","0.539204","0.554465","1.50969","1.70731e-15","3.09036","3.06178","2.99808","6.62013","0","0","0","0","0","0","0","0"
"8.61923","0.500044","0.51653","0.0418923","0.53898","0.55434","1.50758","1.705e-15","3.08662","3.06384","2.99925","6.60191","0","0","0","0","0","0","0","0"
"8.62273","0.500044","0.51653","0.0418971","0.538952","0.554391","1.50826","1.70288e-15","3.08307","3.06025","3.00017","6.57745","0","0","0","0","0","0","0","0"
"8.626","0.500044","0.516708","0.0419033","0.539341","0.555248","1.51097","1.70159e-15","3.08133","3.05602","2.99206","6.55364","0","0","0","0","0","0","0","0"
"8.6294","0.500044","0.516708","0.0419105","0.538691","0.554479","1.51559","1.7016e-15","3.08013","3.05553","2.97374","6.51979","0","0","0","0","0","0","0","0"
"8.63277","0.500044","0.516708","0.0419167","0.538617","0.55428","1.51397","1.70163e-15","3.07887","3.05261","2.97076","6.51538","0","0","0","0","0","0","0","0"
"8.63617","0.500044","0.516708","0.041924","0.538563","0.554287","1.5177","1.70357e-15","3.07849","3.0518","2.9569","6.51294","0","0","0","0","0","0","0","0"
"8.63965","0.500044","0.516708","0.0419294","0.538211","0.553885","1.515","1.70349e-15","3.07936","3.05268","2.95497","6.50178","0","0","0","0","0","0","0","0"
"8.64293","0.500044","0.51704","0.0419349","0.538265","0.554095","1.50991","1.70491e-15","3.07842","3.04949","2.96324","6.51612","0","0","0","0","0","0","0","0"
"8.64632","0.500044","0.51704","0.0419395","0.538472","0.554277","1.50507","1.70533e-15","3.08165","3.05108","2.97357","6.52114","0","0","0","0","0","0","0","0"
"8.65075","0.500044","0.51704","0.0419465","0.537878","0.553823","1.50375","1.7033e-15","3.08215","3.05482","2.98103","6.50459","0","0","0","0","0","0","0","0"
"8.65412","0.500044","0.51704","0.0419512","0.537775","0.553934","1.49804","1.70171e-15","3.08762","3.05526","2.99586","6.48361","0","0","0","0","0","0","0","0"
"8.65765","0.500044","0.51704","0.0419579","0.538365","0.554323","1.49568","1.70119e-15","3.08835","3.05203","2.99295","6.46446","0","0","0","0","0","0","0","0"
"8.66092","0.500044","0.517088","0.0419637","0.538434","0.55468","1.49369","1.70222e-15","3.08641","3.05116","2.98832","6.45515","0","0","0","0","0","0","0","0"
"8.6643","0.500044","0.517088","0.0419706","0.538494","0.554702","1.49011","1.70528e-15","3.08467","3.04716","2.99173","6.48338","0","0","0","0","0","0","0","0"
"8.66767","0.500044","0.517088","0.0419764","0.538249","0.554578","1.48931","1.70676e-15","3.08352","3.04456","2.98789","6.50009","0","0","0","0","0","0","0","0"
"8.67223","0.500044","0.517088","0.0419829","0.538785","0.555439","1.48522","1.7078e-15","3.08647","3.04241","2.99007","6.52241","0","0","0","0","0","0","0","0"
"8.67548","0.500044","0.51703","0.0419819","0.538913","0.555308","1.48508","1.70687e-15","3.08539","3.04864","2.98258","6.52965","0","0","0","0","0","0","0","0"
"8.67888","0.500044","0.51703","0.0419806","0.538184","0.554613","1.47882","1.70468e-15","3.08696","3.05079","2.9983","6.53334","0","0","0","0","0","0","0","0"
"8.68225","0.500044","0.51703","0.0419795","0.537705","0.554366","1.47355","1.70246e-15","3.0874","3.05209","3.01096","6.52118","0","0","0","0","0","0","0","0"
"8.68565","0.500044","0.51703","0.0419783","0.537893","0.554588","1.46861","1.70257e-15","3.08332","3.05221","3.01999","6.4966","0","0","0","0","0","0","0","0"
"8.68912","0.500044","0.51703","0.0419768","0.537715","0.554531","1.46577","1.70369e-15","3.08399","3.05444","3.02014","6.50624","0","0","0","0","0","0","0","0"
"8.69242","0.500044","0.517191","0.041974","0.537911","0.554507","1.47111","1.70448e-15","3.07993","3.04959","2.99223","6.50819","0","0","0","0","0","0","0","0"
"8.69578","0.500044","0.517191","0.0419717","0.538241","0.554889","1.47006","1.70519e-15","3.0801","3.05289","2.98989","6.52767","0","0","0","0","0","0","0","0"
"8.69918","0.500044","0.517191","0.041969","0.538207","0.554629","1.47053","1.70536e-15","3.07581","3.05009","2.97834","6.5302","0","0","0","0","0","0","0","0"
"8.70257","0.500044","0.517191","0.0419666","0.537893","0.554487","1.47955","1.70407e-15","3.07697","3.04964","2.95721","6.52394","0","0","0","0","0","0","0","0"
"8.70607","0.500044","0.517191","0.0419628","0.537955","0.554762","1.47868","1.70177e-15","3.07962","3.04859","2.95982","6.51538","0","0","0","0","0","0","0","0"
"8.70933","0.500044","0.517299","0.0419584","0.537976","0.554771","1.47525","1.6997e-15","3.07851","3.04657","2.963","6.50485","0","0","0","0","0","0","0","0"
"8.71273","0.500044","0.517299","0.0419533","0.539685","0.556181","1.48872","1.69851e-15","3.07593","3.04234","3.00369","6.4826","0","0","0","0","0","0","0","0"
"8.7161","0.500044","0.517299","0.0419489","0.541445","0.55758","1.51891","1.69901e-15","3.08185","3.04049","3.1471","6.47015","0","0","0","0","0","0","0","0"
"8.7195","0.500044","0.517299","0.0419437","0.541542","0.55754","1.52391","1.70277e-15","3.07824","3.03746","3.13231","6.50328","0","0","0","0","0","0","0","0"
"8.72298","0.500044","0.517299","0.0419384","0.541331","0.557422","1.52458","1.70238e-15","3.07659","3.03566","3.11686","6.4901","0","0","0","0","0","0","0","0"
"8.72627","0.500044","0.517331","0.0419312","0.541211","0.557199","1.52294","1.70272e-15","3.07573","3.0395","3.11015","6.49728","0","0","0","0","0","0","0","0"
"8.72965","0.500044","0.517331","0.041925","0.540751","0.556575","1.51989","1.70133e-15","3.07564","3.04103","3.10931","6.4942","0","0","0","0","0","0","0","0"
"8.73408","0.500044","0.517331","0.0419157","0.540903","0.556657","1.52158","1.69891e-15","3.07113","3.0328","3.0926","6.47407","0","0","0","0","0","0","0","0"
"8.73745","0.500044","0.517331","0.0419095","0.54032","0.556139","1.51642","1.69999e-15","3.07351","3.03269","3.10416","6.47157","0","0","0","0","0","0","0","0"
"8.74097","0.500044","0.517331","0.0418996","0.540158","0.556004","1.51536","1.70111e-15","3.07525","3.03653","3.09416","6.45731","0","0","0","0","0","0","0","0"
"8.74423","0.500044","0.517569","0.0418907","0.540632","0.556285","1.50956","1.70147e-15","3.07453","3.03644","3.11","6.47221","0","0","0","0","0","0","0","0"
"8.74763","0.500044","0.517569","0.0418803","0.540882","0.556203","1.51186","1.70088e-15","3.07988","3.03533","3.10641","6.46277","0","0","0","0","0","0","0","0"
"8.751","0.500044","0.517569","0.0418714","0.541181","0.55605","1.51384","1.69929e-15","3.07692","3.0319","3.08893","6.44584","0","0","0","0","0","0","0","0"
"8.75555","0.500044","0.517569","0.0418584","0.542755","0.557927","1.53972","1.70055e-15","3.07125","3.04413","3.09969","6.4439","0","0","0","0","0","0","0","0"
"8.75882","0.500044","0.517617","0.0418508","0.543863","0.558757","1.54694","1.70168e-15","3.06894","3.04696","3.08207","6.44688","0","0","0","0","0","0","0","0"
"8.76222","0.500044","0.517617","0.0418418","0.54339","0.558073","1.54779","1.70119e-15","3.06655","3.04486","3.06376","6.45688","0","0","0","0","0","0","0","0"
"8.76558","0.500044","0.517617","0.0418342","0.542757","0.557579","1.54632","1.69879e-15","3.06745","3.04348","3.05561","6.45275","0","0","0","0","0","0","0","0"
"8.76898","0.500044","0.517617","0.0418252","0.542533","0.557352","1.55174","1.6984e-15","3.06737","3.04289","3.03118","6.43728","0","0","0","0","0","0","0","0"
"8.77245","0.500044","0.517617","0.0418164","0.542451","0.557205","1.54811","1.69889e-15","3.07103","3.04801","3.03425","6.43433","0","0","0","0","0","0","0","0"
"8.77575","0.500044","0.51761","0.0418034","0.54217","0.556983","1.54807","1.70047e-15","3.06982","3.04376","3.02601","6.45248","0","0","0","0","0","0","0","0"
"8.77912","0.500044","0.51761","0.0417922","0.541722","0.55698","1.54448","1.69917e-15","3.06938","3.0491","3.02971","6.45298","0","0","0","0","0","0","0","0"
"8.78252","0.500044","0.51761","0.0417792","0.541455","0.55669","1.54083","1.69659e-15","3.07681","3.05342","3.03294","6.43808","0","0","0","0","0","0","0","0"
"8.7859","0.500044","0.51761","0.041768","0.540901","0.556195","1.53632","1.69712e-15","3.07798","3.05418","3.04023","6.44477","0","0","0","0","0","0","0","0"
"8.7894","0.500044","0.51761","0.0417589","0.540171","0.555736","1.53082","1.69828e-15","3.07797","3.05072","3.05198","6.44686","0","0","0","0","0","0","0","0"
"8.79267","0.500044","0.517774","0.0417554","0.540774","0.555977","1.52774","1.69894e-15","3.07502","3.04589","3.05413","6.45207","0","0","0","0","0","0","0","0"
"8.79607","0.500044","0.517774","0.0417513","0.53982","0.554983","1.5204","1.69807e-15","3.07676","3.04986","3.07554","6.44018","0","0","0","0","0","0","0","0"
"8.79945","0.500044","0.517774","0.0417478","0.539794","0.554819","1.51533","1.6964e-15","3.07562","3.04747","3.08616","6.42254","0","0","0","0","0","0","0","0"
"8.80283","0.500044","0.517774","0.0417438","0.539438","0.554296","1.51491","1.69855e-15","3.07784","3.04763","3.07699","6.42606","0","0","0","0","0","0","0","0"
"8.8063","0.500044","0.517774","0.0417451","0.539061","0.553849","1.51331","1.69878e-15","3.07889","3.04632","3.07396","6.43383","0","0","0","0","0","0","0","0"
"8.80977","0.500044","0.517577","0.0417522","0.539472","0.553983","1.50841","1.69883e-15","3.07147","3.03705","3.08263","6.44318","0","0","0","0","0","0","0","0"
"8.81315","0.500044","0.517577","0.0417583","0.539458","0.55409","1.5099","1.69736e-15","3.06515","3.03201","3.06755","6.42772","0","0","0","0","0","0","0","0"
"8.81757","0.500044","0.517577","0.0417675","0.539539","0.554455","1.51262","1.6985e-15","3.06845","3.03381","3.05169","6.42615","0","0","0","0","0","0","0","0"
"8.8209","0.500044","0.517577","0.0417736","0.540351","0.555331","1.52905","1.70066e-15","3.06712","3.04181","3.04912","6.45071","0","0","0","0","0","0","0","0"
"8.82435","0.500044","0.517577","0.0417822","0.539824","0.555359","1.52139","1.69934e-15","3.06455","3.03764","3.07245","6.43715","0","0","0","0","0","0","0","0"
"8.8279","0.500044","0.5173","0.041791","0.539863","0.555499","1.51745","1.69888e-15","3.0631","3.03849","3.07616","6.40951","0","0","0","0","0","0","0","0"
"8.83128","0.500044","0.5173","0.0417986","0.539181","0.554772","1.51353","1.70019e-15","3.07089","3.03954","3.08","6.40824","0","0","0","0","0","0","0","0"
"8.83467","0.500044","0.5173","0.0418075","0.539883","0.554641","1.52134","1.70096e-15","3.0708","3.03937","3.07445","6.40211","0","0","0","0","0","0","0","0"
"8.83888","0.500044","0.5173","0.0418151","0.541088","0.555896","1.53941","1.69937e-15","3.06654","3.04193","3.10356","6.38217","0","0","0","0","0","0","0","0"
"8.84222","0.500044","0.517192","0.0418153","0.540512","0.555165","1.53464","1.69897e-15","3.06808","3.04451","3.11345","6.37723","0","0","0","0","0","0","0","0"
"8.84558","0.500044","0.517192","0.0418154","0.540589","0.554984","1.53358","1.70124e-15","3.06575","3.04729","3.10476","6.42026","0","0","0","0","0","0","0","0"
"8.84895","0.500044","0.517192","0.0418156","0.540381","0.554689","1.5295","1.7026e-15","3.06277","3.04359","3.10953","6.45971","0","0","0","0","0","0","0","0"
"8.85232","0.500044","0.517192","0.0418158","0.540108","0.554172","1.52701","1.70144e-15","3.06171","3.04423","3.10582","6.44154","0","0","0","0","0","0","0","0"
"8.85582","0.500044","0.517192","0.041815","0.539999","0.554114","1.5297","1.70197e-15","3.05735","3.04137","3.09304","6.42973","0","0","0","0","0","0","0","0"
"8.8591","0.500044","0.517317","0.0418118","0.541021","0.555357","1.528","1.70377e-15","3.06684","3.05049","3.08741","6.47233","0","0","0","0","0","0","0","0"
"8.86248","0.500044","0.517317","0.0418091","0.541838","0.555712","1.53626","1.70491e-15","3.07124","3.04511","3.07304","6.47864","0","0","0","0","0","0","0","0"
"8.86587","0.500044","0.517317","0.0418059","0.541511","0.555481","1.53729","1.70421e-15","3.06512","3.04327","3.06014","6.47144","0","0","0","0","0","0","0","0"
"8.86925","0.500044","0.517317","0.0418031","0.541779","0.555684","1.54158","1.70507e-15","3.06432","3.04083","3.0432","6.47192","0","0","0","0","0","0","0","0"
"8.87275","0.500044","0.517317","0.041802","0.540721","0.554646","1.53673","1.70556e-15","3.06796","3.04432","3.05187","6.47515","0","0","0","0","0","0","0","0"
"8.87602","0.500044","0.517335","0.0418034","0.540243","0.554484","1.53038","1.70709e-15","3.06798","3.04263","3.07009","6.50604","0","0","0","0","0","0","0","0"
"8.8794","0.500044","0.517335","0.0418051","0.540415","0.554388","1.52984","1.70566e-15","3.06529","3.0394","3.06015","6.49586","0","0","0","0","0","0","0","0"
"8.8828","0.500044","0.517335","0.0418065","0.540208","0.553933","1.53117","1.70432e-15","3.06179","3.03624","3.05299","6.48121","0","0","0","0","0","0","0","0"
"8.88618","0.500044","0.517335","0.0418082","0.541488","0.55514","1.5366","1.70508e-15","3.0681","3.04214","3.04711","6.48882","0","0","0","0","0","0","0","0"
"8.88968","0.500044","0.517335","0.0418105","0.541056","0.554628","1.53487","1.70544e-15","3.06948","3.04313","3.03999","6.48025","0","0","0","0","0","0","0","0"
"8.89295","0.500044","0.517387","0.0418142","0.540829","0.55423","1.53311","1.70872e-15","3.0707","3.04125","3.03287","6.53316","0","0","0","0","0","0","0","0"
"8.89635","0.500044","0.517387","0.0418173","0.54106","0.554142","1.54148","1.7094e-15","3.07593","3.0386","3.03962","6.54068","0","0","0","0","0","0","0","0"
"8.90077","0.500044","0.517387","0.0418221","0.539657","0.552989","1.53257","1.70671e-15","3.08002","3.04044","3.06295","6.54225","0","0","0","0","0","0","0","0"
"8.90415","0.500044","0.517387","0.0418252","0.539057","0.552843","1.52683","1.70708e-15","3.08116","3.04713","3.07764","6.53283","0","0","0","0","0","0","0","0"
"8.90763","0.500044","0.517387","0.0418253","0.538678","0.552762","1.52219","1.70763e-15","3.08151","3.04451","3.08431","6.52816","0","0","0","0","0","0","0","0"
"8.91095","0.500044","0.517287","0.0418249","0.539256","0.553535","1.52337","1.7101e-15","3.10398","3.05979","3.07928","6.54196","0","0","0","0","0","0","0","0"
"8.91432","0.500044","0.517287","0.0418244","0.539223","0.553854","1.52653","1.71124e-15","3.1007","3.05857","3.06144","6.5802","0","0","0","0","0","0","0","0"
"8.91783","0.500044","0.517287","0.0418239","0.539021","0.553412","1.52568","1.70946e-15","3.10128","3.06243","3.05782","6.57274","0","0","0","0","0","0","0","0"
"8.9222","0.500044","0.517287","0.041823","0.539773","0.553402","1.52429","1.70868e-15","3.11325","3.07299","3.06128","6.54219","0","0","0","0","0","0","0","0"
"8.92538","0.500044","0.51708","0.0418216","0.539711","0.553499","1.51832","1.70977e-15","3.11306","3.0771","3.07815","6.56272","0","0","0","0","0","0","0","0"
"8.92887","0.500044","0.51708","0.0418203","0.539159","0.553058","1.51341","1.71107e-15","3.1096","3.07525","3.08876","6.57251","0","0","0","0","0","0","0","0"
"8.93223","0.500044","0.51708","0.0418188","0.539816","0.553664","1.52402","1.70929e-15","3.10787","3.08165","3.08602","6.56623","0","0","0","0","0","0","0","0"
"8.93563","0.500044","0.51708","0.0418174","0.539655","0.553491","1.52517","1.70768e-15","3.10637","3.0801","3.08355","6.5547","0","0","0","0","0","0","0","0"
"8.9391","0.500044","0.51708","0.0418174","0.540089","0.553767","1.52541","1.70749e-15","3.10578","3.0748","3.06946","6.54173","0","0","0","0","0","0","0","0"
"8.94243","0.500044","0.516921","0.0418208","0.539624","0.553433","1.52244","1.70867e-15","3.11089","3.07446","3.06939","6.56677","0","0","0","0","0","0","0","0"
"8.94577","0.500044","0.516921","0.0418246","0.539508","0.553139","1.53313","1.70762e-15","3.1107","3.0776","3.07478","6.57635","0","0","0","0","0","0","0","0"
"8.94918","0.500044","0.516921","0.041828","0.539154","0.55318","1.53793","1.70609e-15","3.11299","3.08307","3.09615","6.56595","0","0","0","0","0","0","0","0"
"8.95253","0.500044","0.516921","0.0418318","0.540002","0.553967","1.53575","1.70421e-15","3.11209","3.0844","3.09483","6.5495","0","0","0","0","0","0","0","0"
"8.95605","0.500044","0.516921","0.0418355","0.539426","0.553795","1.53763","1.70442e-15","3.11311","3.0859","3.08471","6.54938","0","0","0","0","0","0","0","0"
"8.95932","0.500044","0.516964","0.0418405","0.538791","0.553078","1.53328","1.70606e-15","3.11196","3.08456","3.09559","6.58684","0","0","0","0","0","0","0","0"
"8.96272","0.500044","0.516964","0.0418448","0.538846","0.553019","1.53991","1.70631e-15","3.11016","3.08705","3.08495","6.58451","0","0","0","0","0","0","0","0"
"8.9661","0.500044","0.516964","0.0418499","0.538828","0.553225","1.53604","1.70337e-15","3.10619","3.08101","3.09216","6.57572","0","0","0","0","0","0","0","0"
"8.96948","0.500044","0.516964","0.0418542","0.538725","0.552933","1.53132","1.70317e-15","3.10354","3.0812","3.10193","6.55613","0","0","0","0","0","0","0","0"
"8.97297","0.500044","0.516964","0.041857","0.538098","0.552258","1.52468","1.70408e-15","3.1029","3.08062","3.11862","6.54166","0","0","0","0","0","0","0","0"
"8.9763","0.500044","0.516909","0.0418569","0.538315","0.552606","1.52608","1.70581e-15","3.09479","3.07783","3.10994","6.56044","0","0","0","0","0","0","0","0"
"8.97967","0.500044","0.516909","0.0418568","0.538474","0.552305","1.52816","1.70473e-15","3.09314","3.0776","3.09917","6.56237","0","0","0","0","0","0","0","0"
"8.98408","0.500044","0.516909","0.0418566","0.538919","0.552914","1.53737","1.70249e-15","3.08991","3.06991","3.07771","6.54445","0","0","0","0","0","0","0","0"
"8.98748","0.500044","0.516909","0.0418565","0.539021","0.552962","1.53332","1.70321e-15","3.08961","3.07041","3.0889","6.54199","0","0","0","0","0","0","0","0"
"8.99097","0.500044","0.516909","0.041855","0.538844","0.552728","1.53124","1.70342e-15","3.08642","3.06677","3.09064","6.54122","0","0","0","0","0","0","0","0"
"8.99425","0.500044","0.516803","0.0418536","0.538527","0.552374","1.52698","1.70419e-15","3.08491","3.06986","3.09778","6.55485","0","0","0","0","0","0","0","0"
"8.99763","0.500044","0.516803","0.0418519","0.537749","0.551985","1.5262","1.70193e-15","3.08421","3.06642","3.08393","6.54049","0","0","0","0","0","0","0","0"
"9.00102","0.500044","0.516803","0.0418505","0.538601","0.552726","1.52253","1.70206e-15","3.07698","3.06353","3.08727","6.53592","0","0","0","0","0","0","0","0"
"9.00557","0.500044","0.516803","0.04185","0.538176","0.552581","1.51806","1.70442e-15","3.07541","3.05929","3.08952","6.53585","0","0","0","0","0","0","0","0"
"9.00883","0.500044","0.516735","0.0418534","0.537736","0.552422","1.51776","1.70431e-15","3.07432","3.05533","3.08646","6.54225","0","0","0","0","0","0","0","0"
"9.01222","0.500044","0.516735","0.0418574","0.537981","0.552715","1.51898","1.70332e-15","3.07367","3.05441","3.07342","6.53192","0","0","0","0","0","0","0","0"
"9.0156","0.500044","0.516735","0.0418608","0.537387","0.552207","1.51537","1.7016e-15","3.07769","3.05735","3.0776","6.51723","0","0","0","0","0","0","0","0"
"9.01917","0.500044","0.516735","0.0418648","0.536999","0.551575","1.51661","1.70078e-15","3.07644","3.05956","3.06646","6.50462","0","0","0","0","0","0","0","0"
"9.02247","0.500044","0.516735","0.0418689","0.537012","0.551116","1.51849","1.70186e-15","3.07181","3.05749","3.04679","6.5118","0","0","0","0","0","0","0","0"
"9.02577","0.500044","0.516708","0.0418752","0.538144","0.552027","1.51907","1.70363e-15","3.07085","3.05878","3.03305","6.5315","0","0","0","0","0","0","0","0"
"9.02915","0.500044","0.516708","0.0418806","0.5378","0.551812","1.5146","1.70431e-15","3.07182","3.05996","3.0469","6.55248","0","0","0","0","0","0","0","0"
"9.03253","0.500044","0.516708","0.0418869","0.537861","0.551898","1.51185","1.70212e-15","3.08183","3.07629","3.0466","6.53982","0","0","0","0","0","0","0","0"
"9.03607","0.500044","0.516708","0.0418922","0.538403","0.552397","1.50877","1.70172e-15","3.0787","3.07848","3.04755","6.52412","0","0","0","0","0","0","0","0"
"9.0394","0.500044","0.516708","0.0418963","0.537893","0.552086","1.51457","1.70128e-15","3.08224","3.07829","3.02188","6.52364","0","0","0","0","0","0","0","0"
"9.04268","0.500044","0.516612","0.0418971","0.537934","0.552126","1.51892","1.70381e-15","3.08421","3.08245","3.00389","6.54991","0","0","0","0","0","0","0","0"
"9.04607","0.500044","0.516612","0.041898","0.536999","0.551778","1.51583","1.70561e-15","3.0869","3.08804","3.00271","6.5701","0","0","0","0","0","0","0","0"
"9.04947","0.500044","0.516612","0.0418988","0.536767","0.551389","1.51092","1.70555e-15","3.08625","3.09389","3.01251","6.56344","0","0","0","0","0","0","0","0"
"9.05285","0.500044","0.516612","0.0418997","0.537324","0.551984","1.5138","1.70316e-15","3.07923","3.08799","2.99242","6.55547","0","0","0","0","0","0","0","0"
"9.05633","0.500044","0.516612","0.0418988","0.537516","0.551919","1.51882","1.7011e-15","3.0786","3.08779","2.97537","6.53806","0","0","0","0","0","0","0","0"
"9.05962","0.500044","0.516562","0.0418956","0.537703","0.552437","1.51698","1.70316e-15","3.07795","3.08685","2.97527","6.57144","0","0","0","0","0","0","0","0"
"9.063","0.500044","0.516562","0.0418929","0.53834","0.552597","1.52984","1.70552e-15","3.07519","3.08578","2.96433","6.60641","0","0","0","0","0","0","0","0"
"9.06743","0.500044","0.516562","0.0418888","0.537856","0.552519","1.52337","1.7059e-15","3.07242","3.07775","2.97383","6.6181","0","0","0","0","0","0","0","0"
"9.07082","0.500044","0.516562","0.0418861","0.538175","0.552482","1.52885","1.70463e-15","3.06949","3.07344","2.95758","6.59449","0","0","0","0","0","0","0","0"
"9.0743","0.500044","0.516562","0.0418802","0.538031","0.552434","1.52171","1.70411e-15","3.06673","3.07125","2.97682","6.58017","0","0","0","0","0","0","0","0"
"9.07758","0.500044","0.516508","0.0418747","0.538026","0.552597","1.51508","1.70665e-15","3.06468","3.07077","2.99679","6.59741","0","0","0","0","0","0","0","0"
"9.08097","0.500044","0.516508","0.0418683","0.537507","0.552282","1.50948","1.70813e-15","3.06262","3.06962","3.00815","6.62577","0","0","0","0","0","0","0","0"
"9.08435","0.500044","0.516508","0.0418628","0.537544","0.552278","1.50336","1.70696e-15","3.0581","3.06639","3.02592","6.61516","0","0","0","0","0","0","0","0"
"9.08888","0.500044","0.516508","0.0418554","0.537624","0.552433","1.49669","1.70554e-15","3.05086","3.05941","3.03882","6.58955","0","0","0","0","0","0","0","0"
"9.09217","0.500044","0.516499","0.0418523","0.537482","0.552284","1.49317","1.70724e-15","3.05067","3.06015","3.0467","6.60689","0","0","0","0","0","0","0","0"
"9.0956","0.500044","0.516499","0.0418487","0.537157","0.552126","1.49478","1.70987e-15","3.04978","3.06074","3.03735","6.66091","0","0","0","0","0","0","0","0"
"9.09893","0.500044","0.516499","0.0418457","0.537116","0.552633","1.5039","1.71031e-15","3.04519","3.06635","3.04661","6.67711","0","0","0","0","0","0","0","0"
"9.10232","0.500044","0.516499","0.0418421","0.537106","0.552437","1.49816","1.7083e-15","3.04293","3.06389","3.05907","6.66665","0","0","0","0","0","0","0","0"
"9.1058","0.500044","0.516499","0.0418405","0.53752","0.552871","1.50177","1.70588e-15","3.04179","3.06246","3.04265","6.65043","0","0","0","0","0","0","0","0"
"9.10908","0.500044","0.516526","0.041842","0.537622","0.55297","1.50898","1.7065e-15","3.03791","3.05644","3.03543","6.64644","0","0","0","0","0","0","0","0"
"9.11247","0.500044","0.516526","0.0418433","0.5374","0.552903","1.50584","1.70804e-15","3.03609","3.04975","3.03925","6.6694","0","0","0","0","0","0","0","0"
"9.11587","0.500044","0.516526","0.0418448","0.539023","0.553918","1.53116","1.71041e-15","3.05628","3.05851","3.13576","6.70287","0","0","0","0","0","0","0","0"
"9.11925","0.500044","0.516526","0.0418461","0.537991","0.553137","1.52647","1.71125e-15","3.06079","3.06147","3.1446","6.71464","0","0","0","0","0","0","0","0"
"9.12273","0.500044","0.516526","0.0418478","0.537749","0.552701","1.52053","1.70973e-15","3.06128","3.06199","3.15974","6.70761","0","0","0","0","0","0","0","0"
"9.12602","0.500044","0.516579","0.0418495","0.536685","0.551841","1.51359","1.70782e-15","3.06724","3.06411","3.1832","6.69525","0","0","0","0","0","0","0","0"
"9.1294","0.500044","0.516579","0.0418514","0.536994","0.552208","1.51175","1.70761e-15","3.05796","3.05481","3.17899","6.66889","0","0","0","0","0","0","0","0"
"9.13278","0.500044","0.516579","0.0418531","0.537179","0.552289","1.51265","1.7084e-15","3.05367","3.05109","3.1713","6.66385","0","0","0","0","0","0","0","0"
"9.13617","0.500044","0.516579","0.0418551","0.537474","0.553066","1.50775","1.71067e-15","3.05208","3.04668","3.18028","6.68964","0","0","0","0","0","0","0","0"
"9.13965","0.500044","0.516579","0.0418554","0.537301","0.55308","1.50452","1.71053e-15","3.05455","3.04696","3.18371","6.70496","0","0","0","0","0","0","0","0"
"9.14295","0.500044","0.516628","0.0418542","0.537052","0.552499","1.50004","1.71015e-15","3.05447","3.04351","3.19079","6.69788","0","0","0","0","0","0","0","0"
"9.14633","0.500044","0.516628","0.0418532","0.536742","0.552531","1.4966","1.70794e-15","3.05063","3.03823","3.19422","6.68494","0","0","0","0","0","0","0","0"
"9.15075","0.500044","0.516628","0.0418517","0.536897","0.552474","1.49988","1.70846e-15","3.04538","3.03542","3.17142","6.68917","0","0","0","0","0","0","0","0"
"9.15413","0.500044","0.516628","0.0418507","0.536652","0.552389","1.50003","1.71086e-15","3.04594","3.03677","3.16344","6.70664","0","0","0","0","0","0","0","0"
"9.15762","0.500044","0.516628","0.0418523","0.536067","0.551667","1.49812","1.71011e-15","3.04538","3.03629","3.15851","6.70823","0","0","0","0","0","0","0","0"
"9.16092","0.500044","0.5165","0.041854","0.536141","0.551991","1.49584","1.70884e-15","3.04315","3.03323","3.16262","6.69054","0","0","0","0","0","0","0","0"
"9.1643","0.500044","0.5165","0.0418561","0.53579","0.552117","1.49112","1.70779e-15","3.04223","3.02786","3.17308","6.67376","0","0","0","0","0","0","0","0"
"9.16768","0.500044","0.5165","0.0418579","0.536677","0.552931","1.48903","1.70895e-15","3.04022","3.02861","3.16884","6.68673","0","0","0","0","0","0","0","0"
"9.1722","0.500044","0.5165","0.0418618","0.536181","0.552435","1.48647","1.71108e-15","3.03983","3.02987","3.16928","6.68815","0","0","0","0","0","0","0","0"
"9.1755","0.500044","0.516482","0.0418675","0.537317","0.553289","1.49854","1.71084e-15","3.03923","3.03115","3.15549","6.69029","0","0","0","0","0","0","0","0"
"9.17888","0.500044","0.516482","0.0418741","0.537014","0.553082","1.49703","1.70996e-15","3.03787","3.03307","3.14849","6.67824","0","0","0","0","0","0","0","0"
"9.18227","0.500044","0.516482","0.0418799","0.537408","0.55318","1.50892","1.70907e-15","3.03342","3.03224","3.13083","6.64964","0","0","0","0","0","0","0","0"
"9.18565","0.500044","0.516482","0.0418865","0.538726","0.55404","1.53037","1.71007e-15","3.042","3.03736","3.14256","6.6469","0","0","0","0","0","0","0","0"
"9.18913","0.500044","0.516482","0.041892","0.539401","0.554525","1.52783","1.71064e-15","3.0404","3.04786","3.14494","6.6546","0","0","0","0","0","0","0","0"
"9.19242","0.500044","0.516449","0.041898","0.539441","0.554501","1.5272","1.71128e-15","3.03599","3.04572","3.1336","6.6708","0","0","0","0","0","0","0","0"
"9.1958","0.500044","0.516449","0.0419032","0.539955","0.55511","1.52886","1.71207e-15","3.04245","3.04616","3.12096","6.68081","0","0","0","0","0","0","0","0"
"9.1992","0.500044","0.516449","0.0419092","0.540036","0.554909","1.53626","1.71069e-15","3.05068","3.05188","3.0894","6.68008","0","0","0","0","0","0","0","0"
"9.20257","0.500044","0.516449","0.0419143","0.540179","0.555197","1.54545","1.71034e-15","3.04968","3.04897","3.07008","6.6505","0","0","0","0","0","0","0","0"
"9.20607","0.500044","0.516449","0.0419175","0.540901","0.55539","1.54832","1.71061e-15","3.04851","3.0464","3.05513","6.64238","0","0","0","0","0","0","0","0"
"9.20935","0.500044","0.51665","0.0419171","0.540301","0.555041","1.5446","1.71299e-15","3.05709","3.05008","3.05837","6.67363","0","0","0","0","0","0","0","0"
"9.21273","0.500044","0.51665","0.0419167","0.539462","0.554284","1.53915","1.71395e-15","3.05944","3.04993","3.06871","6.69337","0","0","0","0","0","0","0","0"
"9.21612","0.500044","0.51665","0.0419163","0.539166","0.554106","1.53416","1.71376e-15","3.06125","3.05408","3.08067","6.71568","0","0","0","0","0","0","0","0"
"9.2195","0.500044","0.51665","0.0419158","0.539447","0.554379","1.53276","1.71129e-15","3.06634","3.05864","3.07585","6.71128","0","0","0","0","0","0","0","0"
"9.223","0.500044","0.51665","0.0419152","0.539639","0.555213","1.54069","1.70851e-15","3.06906","3.06884","3.08024","6.69754","0","0","0","0","0","0","0","0"
"9.22628","0.500044","0.516875","0.0419141","0.539669","0.555261","1.536","1.70912e-15","3.07287","3.08057","3.08542","6.68685","0","0","0","0","0","0","0","0"
"9.22967","0.500044","0.516875","0.0419132","0.53922","0.554672","1.5386","1.71156e-15","3.07018","3.07878","3.06962","6.7063","0","0","0","0","0","0","0","0"
"9.23408","0.500044","0.516875","0.0419119","0.5387","0.553916","1.53946","1.71427e-15","3.06558","3.07733","3.05279","6.75208","0","0","0","0","0","0","0","0"
"9.23748","0.500044","0.516875","0.041911","0.538921","0.553961","1.54213","1.71596e-15","3.05894","3.07421","3.04023","6.80044","0","0","0","0","0","0","0","0"
"9.24097","0.500044","0.516875","0.0419179","0.53865","0.55371","1.54198","1.71367e-15","3.05609","3.07043","3.03133","6.77759","0","0","0","0","0","0","0","0"
"9.24427","0.500044","0.516834","0.0419249","0.538869","0.553852","1.54305","1.71163e-15","3.05242","3.07656","3.02964","6.76309","0","0","0","0","0","0","0","0"
"9.24765","0.500044","0.516834","0.0419331","0.539498","0.554747","1.54416","1.70999e-15","3.04972","3.07647","3.03082","6.74514","0","0","0","0","0","0","0","0"
"9.25102","0.500044","0.516834","0.0419402","0.539103","0.554565","1.54149","1.71012e-15","3.05107","3.07541","3.02995","6.73324","0","0","0","0","0","0","0","0"
"9.25555","0.500044","0.516834","0.0419509","0.538847","0.55481","1.53792","1.71271e-15","3.05589","3.08042","3.02751","6.74557","0","0","0","0","0","0","0","0"
"9.25885","0.500044","0.516781","0.0419583","0.538868","0.555091","1.5358","1.71363e-15","3.04935","3.07632","3.0231","6.75684","0","0","0","0","0","0","0","0"
"9.26222","0.500044","0.516781","0.0419669","0.5392","0.555484","1.53628","1.71535e-15","3.03867","3.06903","3.01331","6.76818","0","0","0","0","0","0","0","0"
"9.2656","0.500044","0.516781","0.0419743","0.538951","0.555346","1.53195","1.71636e-15","3.03937","3.07042","3.01931","6.7727","0","0","0","0","0","0","0","0"
"9.26898","0.500044","0.516781","0.0419829","0.538268","0.555016","1.52579","1.71465e-15","3.03896","3.06623","3.03314","6.77428","0","0","0","0","0","0","0","0"
"9.27248","0.500044","0.516781","0.041989","0.537157","0.553974","1.52045","1.71208e-15","3.04254","3.06841","3.04741","6.7604","0","0","0","0","0","0","0","0"
"9.27577","0.500044","0.516781","0.0419928","0.537576","0.55473","1.52259","1.7099e-15","3.0473","3.0728","3.03151","6.7421","0","0","0","0","0","0","0","0"
"9.27915","0.500044","0.516781","0.0419962","0.537636","0.554519","1.53266","1.70892e-15","3.0476","3.07028","3.00361","6.73386","0","0","0","0","0","0","0","0"
"9.28253","0.500044","0.516781","0.042","0.537105","0.55411","1.52912","1.71022e-15","3.04689","3.07091","3.00359","6.74444","0","0","0","0","0","0","0","0"
"9.28592","0.500044","0.516781","0.0420033","0.53724","0.55408","1.53187","1.71289e-15","3.04667","3.0684","2.99329","6.75943","0","0","0","0","0","0","0","0"
"9.2894","0.500044","0.516781","0.042007","0.537772","0.554912","1.52542","1.71329e-15","3.03877","3.05878","3.00917","6.75657","0","0","0","0","0","0","0","0"
"9.29268","0.500044","0.516904","0.0420099","0.537845","0.555016","1.5258","1.71538e-15","3.03751","3.0532","3.0075","6.75454","0","0","0","0","0","0","0","0"
"9.29612","0.500044","0.516904","0.0420133","0.538014","0.554879","1.51962","1.71782e-15","3.03352","3.05366","3.02208","6.78695","0","0","0","0","0","0","0","0"
"9.2995","0.500044","0.516904","0.0420162","0.538041","0.554648","1.51648","1.71882e-15","3.0317","3.05289","3.02368","6.79483","0","0","0","0","0","0","0","0"
"9.30288","0.500044","0.516904","0.0420196","0.537862","0.554454","1.52394","1.71996e-15","3.03272","3.05407","2.9989","6.81468","0","0","0","0","0","0","0","0"
"9.30638","0.500044","0.516904","0.0420218","0.537744","0.554317","1.52446","1.71864e-15","3.0425","3.06736","2.99292","6.80109","0","0","0","0","0","0","0","0"
"9.30967","0.500044","0.516815","0.0420234","0.537545","0.554011","1.5183","1.71589e-15","3.03955","3.06557","3.0073","6.79357","0","0","0","0","0","0","0","0"
"9.31305","0.500044","0.516815","0.0420248","0.537617","0.554538","1.51446","1.71406e-15","3.04358","3.0639","3.01316","6.77708","0","0","0","0","0","0","0","0"
"9.31748","0.500044","0.516815","0.0420269","0.5371","0.553697","1.52005","1.71311e-15","3.03968","3.06308","2.99881","6.75436","0","0","0","0","0","0","0","0"
"9.32087","0.500044","0.516815","0.0420282","0.536831","0.553356","1.51597","1.71334e-15","3.03542","3.06141","3.00405","6.75719","0","0","0","0","0","0","0","0"
"9.32435","0.500044","0.516815","0.0420317","0.536651","0.553078","1.51019","1.71388e-15","3.03853","3.06348","3.01718","6.74956","0","0","0","0","0","0","0","0"
"9.32765","0.500044","0.516863","0.0420349","0.537229","0.553378","1.50492","1.71662e-15","3.04581","3.066","3.02926","6.76899","0","0","0","0","0","0","0","0"
"9.33102","0.500044","0.516863","0.0420387","0.536864","0.553119","1.50734","1.71909e-15","3.0425","3.06368","3.01349","6.79399","0","0","0","0","0","0","0","0"
"9.3344","0.500044","0.516863","0.0420419","0.536058","0.552143","1.5028","1.72026e-15","3.04638","3.06848","3.02107","6.81521","0","0","0","0","0","0","0","0"
"9.33888","0.500044","0.516863","0.0420475","0.535221","0.55113","1.49969","1.72159e-15","3.04977","3.06901","3.02287","6.81639","0","0","0","0","0","0","0","0"
"9.34225","0.500044","0.516794","0.0420531","0.53679","0.552556","1.51378","1.7205e-15","3.05336","3.06491","3.02722","6.81228","0","0","0","0","0","0","0","0"
"9.3456","0.500044","0.516794","0.0420596","0.536957","0.552492","1.50982","1.72024e-15","3.05286","3.06513","3.03009","6.81187","0","0","0","0","0","0","0","0"
"9.34898","0.500044","0.516794","0.0420652","0.536546","0.552177","1.50451","1.71821e-15","3.05552","3.06718","3.04316","6.80079","0","0","0","0","0","0","0","0"
"9.35237","0.500044","0.516794","0.0420718","0.536507","0.551878","1.50094","1.71557e-15","3.05118","3.06463","3.04608","6.78285","0","0","0","0","0","0","0","0"
"9.35587","0.500044","0.516794","0.0420776","0.536197","0.551576","1.51221","1.71382e-15","3.05001","3.0641","3.02073","6.762","0","0","0","0","0","0","0","0"
"9.35915","0.500044","0.516568","0.0420849","0.536518","0.551853","1.5105","1.71319e-15","3.06575","3.0651","3.02317","6.74937","0","0","0","0","0","0","0","0"
"9.36253","0.500044","0.516568","0.0420912","0.536355","0.551901","1.50787","1.71467e-15","3.07102","3.06295","3.02596","6.75168","0","0","0","0","0","0","0","0"
"9.36592","0.500044","0.516568","0.0420985","0.536333","0.552105","1.50681","1.71754e-15","3.07048","3.05713","3.0221","6.7745","0","0","0","0","0","0","0","0"
"9.36937","0.500044","0.516568","0.0421048","0.536277","0.552046","1.51058","1.7198e-15","3.06763","3.06335","3.01102","6.79384","0","0","0","0","0","0","0","0"
"9.37283","0.500044","0.516568","0.0421089","0.536227","0.551746","1.51615","1.71963e-15","3.07139","3.06903","2.99418","6.79685","0","0","0","0","0","0","0","0"
"9.37613","0.500044","0.516383","0.0421088","0.536995","0.552813","1.51557","1.71852e-15","3.06858","3.06099","2.98452","6.78706","0","0","0","0","0","0","0","0"
"9.37952","0.500044","0.516383","0.0421087","0.536803","0.55239","1.51604","1.71622e-15","3.064","3.05795","2.9699","6.76563","0","0","0","0","0","0","0","0"
"9.3829","0.500044","0.516383","0.0421086","0.536348","0.552304","1.5193","1.71482e-15","3.06059","3.05537","2.94793","6.74778","0","0","0","0","0","0","0","0"
"9.38628","0.500044","0.516383","0.0421085","0.537074","0.553483","1.52493","1.71437e-15","3.0621","3.06123","2.94055","6.7451","0","0","0","0","0","0","0","0"
"9.38977","0.500044","0.516383","0.0421077","0.536332","0.552626","1.5193","1.71491e-15","3.0637","3.06112","2.9534","6.73832","0","0","0","0","0","0","0","0"
"9.39305","0.500044","0.516307","0.0421057","0.536876","0.55319","1.52225","1.71807e-15","3.05965","3.0581","2.94874","6.7817","0","0","0","0","0","0","0","0"
"9.39643","0.500044","0.516307","0.0421041","0.537103","0.553412","1.5206","1.71935e-15","3.05542","3.05422","2.948","6.77532","0","0","0","0","0","0","0","0"
"9.40087","0.500044","0.516307","0.0421016","0.537486","0.554028","1.51744","1.71946e-15","3.06287","3.05991","2.95036","6.7711","0","0","0","0","0","0","0","0"
"9.40425","0.500044","0.516307","0.0420999","0.537049","0.553697","1.51459","1.71737e-15","3.06431","3.05706","2.9516","6.7597","0","0","0","0","0","0","0","0"
"9.40773","0.500044","0.516307","0.0421041","0.536772","0.553653","1.51179","1.71534e-15","3.06185","3.053","2.95144","6.73583","0","0","0","0","0","0","0","0"
"9.41102","0.500044","0.516325","0.0421085","0.537469","0.554722","1.51477","1.71527e-15","3.06572","3.05743","2.93611","6.7217","0","0","0","0","0","0","0","0"
"9.4144","0.500044","0.516325","0.0421136","0.537585","0.554638","1.51162","1.71636e-15","3.06602","3.06277","2.93621","6.72615","0","0","0","0","0","0","0","0"
"9.41778","0.500044","0.516325","0.042118","0.537275","0.554714","1.50624","1.71867e-15","3.06508","3.06047","2.94932","6.73415","0","0","0","0","0","0","0","0"
"9.42222","0.500044","0.516325","0.0421253","0.537124","0.554318","1.50835","1.71986e-15","3.05969","3.05766","2.93181","6.73736","0","0","0","0","0","0","0","0"
"9.4256","0.500044","0.516443","0.0421319","0.537444","0.55425","1.50771","1.71931e-15","3.05804","3.05906","2.92163","6.73069","0","0","0","0","0","0","0","0"
"9.42898","0.500044","0.516443","0.0421396","0.537461","0.553988","1.51515","1.71823e-15","3.06727","3.05638","2.91305","6.71357","0","0","0","0","0","0","0","0"
"9.43237","0.500044","0.516443","0.0421461","0.537806","0.554201","1.51943","1.7168e-15","3.0728","3.057","2.89647","6.69387","0","0","0","0","0","0","0","0"
"9.43575","0.500044","0.516443","0.0421538","0.537665","0.554219","1.5164","1.71525e-15","3.07142","3.0518","2.8938","6.67951","0","0","0","0","0","0","0","0"
"9.43923","0.500044","0.516443","0.0421596","0.538365","0.555114","1.51296","1.71612e-15","3.07596","3.05548","2.89702","6.66697","0","0","0","0","0","0","0","0"
"9.44252","0.500044","0.516612","0.0421648","0.53771","0.554783","1.51033","1.71802e-15","3.07497","3.05414","2.89371","6.68459","0","0","0","0","0","0","0","0"
"9.44592","0.500044","0.516612","0.0421692","0.537954","0.554705","1.50604","1.71911e-15","3.07042","3.04978","2.90032","6.69613","0","0","0","0","0","0","0","0"
"9.4493","0.500044","0.516612","0.0421743","0.537902","0.554867","1.51668","1.71756e-15","3.06792","3.04874","2.90409","6.68839","0","0","0","0","0","0","0","0"
"9.45268","0.500044","0.516612","0.0421787","0.537708","0.554769","1.51945","1.71616e-15","3.06406","3.04605","2.89122","6.67513","0","0","0","0","0","0","0","0"
"9.45618","0.500044","0.516612","0.0421824","0.537779","0.555074","1.51318","1.71569e-15","3.06308","3.04014","2.90535","6.6669","0","0","0","0","0","0","0","0"
"9.45958","0.500044","0.516659","0.0421841","0.537251","0.554894","1.50693","1.71762e-15","3.0644","3.04278","2.92305","6.69488","0","0","0","0","0","0","0","0"
"9.46283","0.500044","0.516659","0.042186","0.536583","0.55428","1.50674","1.71773e-15","3.06654","3.04214","2.91805","6.69772","0","0","0","0","0","0","0","0"
"9.46628","0.500044","0.516659","0.0421876","0.536276","0.553916","1.50212","1.71607e-15","3.06494","3.04312","2.92828","6.68342","0","0","0","0","0","0","0","0"
"9.46965","0.500044","0.516659","0.0421895","0.536279","0.554333","1.49721","1.71677e-15","3.06179","3.04214","2.93594","6.70174","0","0","0","0","0","0","0","0"
"9.47317","0.500044","0.516659","0.0421903","0.535961","0.554169","1.49436","1.71755e-15","3.06414","3.04335","2.93746","6.71097","0","0","0","0","0","0","0","0"
"9.47643","0.500044","0.516698","0.0421901","0.537935","0.555845","1.49381","1.71812e-15","3.08804","3.07392","2.94017","6.7224","0","0","0","0","0","0","0","0"
"9.47982","0.500044","0.516698","0.0421899","0.537516","0.555243","1.50058","1.71676e-15","3.086","3.07017","2.92452","6.7148","0","0","0","0","0","0","0","0"
"9.48425","0.500044","0.516698","0.0421897","0.538326","0.555962","1.50314","1.71588e-15","3.08425","3.06598","2.90861","6.70696","0","0","0","0","0","0","0","0"
"9.48763","0.500044","0.516698","0.0421895","0.538009","0.555613","1.50015","1.71846e-15","3.08994","3.06336","2.91033","6.7147","0","0","0","0","0","0","0","0"
"9.49112","0.500044","0.516698","0.0421915","0.538424","0.55591","1.49995","1.71756e-15","3.10711","3.09067","2.90865","6.70679","0","0","0","0","0","0","0","0"
"9.49442","0.500044","0.516645","0.0421935","0.537827","0.555484","1.49466","1.7165e-15","3.10646","3.09056","2.92096","6.69847","0","0","0","0","0","0","0","0"
"9.49778","0.500044","0.516645","0.0421958","0.538155","0.55566","1.49339","1.71501e-15","3.10279","3.08968","2.91421","6.68103","0","0","0","0","0","0","0","0"
"9.50127","0.500044","0.516645","0.0421978","0.538842","0.555991","1.50063","1.71648e-15","3.10866","3.09056","2.92517","6.69469","0","0","0","0","0","0","0","0"
"9.50555","0.500044","0.516645","0.0421999","0.539797","0.556363","1.5092","1.7176e-15","3.11654","3.08565","2.93159","6.70947","0","0","0","0","0","0","0","0"
"9.50872","0.500044","0.516829","0.0421992","0.539751","0.556492","1.50416","1.71553e-15","3.11566","3.09089","2.94365","6.69878","0","0","0","0","0","0","0","0"
"9.51212","0.500044","0.516829","0.0421985","0.539579","0.556467","1.4998","1.71413e-15","3.1188","3.09602","2.95931","6.68844","0","0","0","0","0","0","0","0"
"9.51548","0.500044","0.516829","0.0421977","0.539574","0.556382","1.49716","1.7154e-15","3.12198","3.10196","2.96588","6.69963","0","0","0","0","0","0","0","0"
"9.51888","0.500044","0.516829","0.0421971","0.539261","0.556131","1.49008","1.71742e-15","3.12026","3.10253","2.98983","6.72346","0","0","0","0","0","0","0","0"
"9.52237","0.500044","0.516829","0.0421965","0.539384","0.556285","1.49541","1.71721e-15","3.11659","3.09723","2.96667","6.7287","0","0","0","0","0","0","0","0"
"9.52565","0.500044","0.517012","0.0421966","0.539357","0.556064","1.49406","1.71509e-15","3.11407","3.09511","2.96384","6.71834","0","0","0","0","0","0","0","0"
"9.52903","0.500044","0.517012","0.0421967","0.538849","0.555667","1.49879","1.71518e-15","3.11153","3.09135","2.94088","6.72154","0","0","0","0","0","0","0","0"
"9.5325","0.500044","0.517012","0.0421968","0.539293","0.556248","1.49574","1.71709e-15","3.11261","3.09014","2.94335","6.73831","0","0","0","0","0","0","0","0"
"9.5359","0.500044","0.517012","0.0421969","0.538891","0.556218","1.49296","1.71692e-15","3.11775","3.09416","2.94381","6.73184","0","0","0","0","0","0","0","0"
"9.53938","0.500044","0.517012","0.0421962","0.539106","0.556673","1.49185","1.71473e-15","3.11434","3.08684","2.93763","6.71727","0","0","0","0","0","0","0","0"
"9.54267","0.500044","0.517157","0.0421945","0.538497","0.555994","1.48593","1.71308e-15","3.11357","3.08533","2.95342","6.70103","0","0","0","0","0","0","0","0"
"9.54605","0.500044","0.517157","0.0421925","0.538649","0.555823","1.48934","1.71408e-15","3.11214","3.08332","2.93716","6.69826","0","0","0","0","0","0","0","0"
"9.54943","0.500044","0.517157","0.0421909","0.538085","0.555555","1.48835","1.71586e-15","3.11364","3.07938","2.92936","6.7114","0","0","0","0","0","0","0","0"
"9.55282","0.500044","0.517157","0.0421889","0.537493","0.555071","1.48889","1.71582e-15","3.10937","3.07466","2.91948","6.71865","0","0","0","0","0","0","0","0"
"9.55632","0.500044","0.517157","0.0421864","0.537956","0.555601","1.48979","1.71343e-15","3.10419","3.07359","2.90512","6.70654","0","0","0","0","0","0","0","0"
"9.55958","0.500044","0.517193","0.0421825","0.537761","0.555551","1.48287","1.71294e-15","3.10033","3.07033","2.92395","6.68467","0","0","0","0","0","0","0","0"
"9.56297","0.500044","0.517193","0.0421792","0.537055","0.554818","1.48135","1.71391e-15","3.1018","3.07388","2.91994","6.68219","0","0","0","0","0","0","0","0"
"9.5674","0.500044","0.517193","0.0421742","0.537886","0.555546","1.48419","1.71576e-15","3.09851","3.06698","2.90369","6.6886","0","0","0","0","0","0","0","0"
"9.57078","0.500044","0.517193","0.0421709","0.538352","0.556002","1.48992","1.71512e-15","3.09709","3.05893","2.89152","6.68101","0","0","0","0","0","0","0","0"
"9.57428","0.500044","0.517193","0.0421729","0.53785","0.555579","1.48546","1.71227e-15","3.09631","3.05777","2.90263","6.66683","0","0","0","0","0","0","0","0"
"9.57757","0.500044","0.517164","0.0421754","0.537889","0.555749","1.48522","1.71211e-15","3.0927","3.05255","2.89334","6.66022","0","0","0","0","0","0","0","0"
"9.58093","0.500044","0.517164","0.0421784","0.537781","0.555741","1.48056","1.7141e-15","3.09066","3.0536","2.90016","6.6574","0","0","0","0","0","0","0","0"
"9.58433","0.500044","0.517164","0.0421809","0.538841","0.556902","1.47631","1.7145e-15","3.08669","3.06579","2.90846","6.65725","0","0","0","0","0","0","0","0"
"9.58888","0.500044","0.517164","0.0421853","0.537732","0.555887","1.46993","1.71144e-15","3.08673","3.06497","2.92066","6.63489","0","0","0","0","0","0","0","0"
"9.59215","0.500044","0.51712","0.0421896","0.537066","0.555043","1.46871","1.71099e-15","3.08689","3.06753","2.91318","6.62692","0","0","0","0","0","0","0","0"
"9.59552","0.500044","0.51712","0.0421946","0.537238","0.55545","1.47806","1.71348e-15","3.08933","3.07407","2.91273","6.6338","0","0","0","0","0","0","0","0"
"9.5989","0.500044","0.51712","0.0421989","0.536389","0.55468","1.47569","1.71358e-15","3.09231","3.07876","2.91333","6.64003","0","0","0","0","0","0","0","0"
"9.6023","0.500044","0.51712","0.0422039","0.535665","0.554323","1.47295","1.71199e-15","3.09118","3.0742","2.91309","6.62825","0","0","0","0","0","0","0","0"
"9.60578","0.500044","0.51712","0.0422073","0.535969","0.554737","1.4808","1.70936e-15","3.09668","3.07455","2.90381","6.61371","0","0","0","0","0","0","0","0"
"9.60907","0.500044","0.517237","0.0422091","0.535258","0.55381","1.47722","1.70843e-15","3.09704","3.07301","2.91004","6.61005","0","0","0","0","0","0","0","0"
"9.61245","0.500044","0.517237","0.0422106","0.535857","0.554026","1.48645","1.70949e-15","3.09416","3.06508","2.8947","6.60857","0","0","0","0","0","0","0","0"
"9.61583","0.500044","0.517237","0.0422124","0.536624","0.554654","1.49366","1.71181e-15","3.08779","3.06263","2.87605","6.61654","0","0","0","0","0","0","0","0"
"9.61923","0.500044","0.517237","0.0422139","0.536971","0.554829","1.50067","1.71131e-15","3.08143","3.05796","2.8575","6.61117","0","0","0","0","0","0","0","0"
"9.62272","0.500044","0.517237","0.0422163","0.537486","0.555377","1.49536","1.70831e-15","3.07897","3.05589","2.86817","6.59722","0","0","0","0","0","0","0","0"
"9.626","0.500044","0.517031","0.0422189","0.537609","0.555667","1.49551","1.70775e-15","3.08399","3.04904","2.85928","6.59247","0","0","0","0","0","0","0","0"
"9.62938","0.500044","0.517031","0.042222","0.537193","0.555592","1.49218","1.71024e-15","3.08438","3.0474","2.85872","6.61138","0","0","0","0","0","0","0","0"
"9.63277","0.500044","0.517031","0.0422246","0.537065","0.55527","1.49178","1.71052e-15","3.0807","3.04813","2.84971","6.6066","0","0","0","0","0","0","0","0"
"9.63615","0.500044","0.517031","0.0422277","0.536935","0.555332","1.49017","1.70925e-15","3.08517","3.04893","2.84953","6.60846","0","0","0","0","0","0","0","0"
"9.63963","0.500044","0.517031","0.042229","0.537274","0.555707","1.49283","1.70658e-15","3.08841","3.05565","2.84827","6.59478","0","0","0","0","0","0","0","0"
"9.64292","0.500044","0.516821","0.042229","0.536572","0.55496","1.48769","1.70685e-15","3.09199","3.05616","2.85695","6.58837","0","0","0","0","0","0","0","0"
"9.6463","0.500044","0.516821","0.042229","0.535967","0.55428","1.48317","1.70829e-15","3.09155","3.05909","2.86571","6.59459","0","0","0","0","0","0","0","0"
"9.65073","0.500044","0.516821","0.042229","0.535063","0.55365","1.47613","1.70882e-15","3.09578","3.0655","2.88117","6.60924","0","0","0","0","0","0","0","0"
"9.65418","0.500044","0.516821","0.042229","0.53566","0.554513","1.48135","1.70771e-15","3.09794","3.06249","2.89101","6.59803","0","0","0","0","0","0","0","0"
"9.65762","0.500044","0.516821","0.0422313","0.53608","0.554773","1.48274","1.70548e-15","3.08941","3.05581","2.88705","6.57881","0","0","0","0","0","0","0","0"
"9.6609","0.500044","0.516979","0.0422336","0.535456","0.554551","1.47885","1.70695e-15","3.08911","3.05642","2.89365","6.58685","0","0","0","0","0","0","0","0"
"9.66427","0.500044","0.516979","0.0422362","0.536366","0.555645","1.48053","1.70843e-15","3.0897","3.05712","2.88573","6.59078","0","0","0","0","0","0","0","0"
"9.66767","0.500044","0.516979","0.0422384","0.537454","0.556653","1.48383","1.70699e-15","3.08777","3.0571","2.88594","6.58627","0","0","0","0","0","0","0","0"
"9.67222","0.500044","0.516979","0.042242","0.536921","0.556458","1.47964","1.7046e-15","3.08973","3.05362","2.88869","6.56783","0","0","0","0","0","0","0","0"
"9.67548","0.500044","0.516836","0.0422447","0.538024","0.557367","1.48617","1.70565e-15","3.08909","3.05349","2.90093","6.56884","0","0","0","0","0","0","0","0"
"9.67885","0.500044","0.516836","0.0422479","0.537516","0.557237","1.48402","1.70832e-15","3.09019","3.05438","2.90211","6.57065","0","0","0","0","0","0","0","0"
"9.68223","0.500044","0.516836","0.0422507","0.53668","0.556334","1.4803","1.70845e-15","3.09146","3.05566","2.90613","6.5765","0","0","0","0","0","0","0","0"
"9.68563","0.500044","0.516836","0.0422539","0.537918","0.557362","1.49023","1.70673e-15","3.1027","3.05825","2.91292","6.57087","0","0","0","0","0","0","0","0"
"9.68912","0.500044","0.516836","0.0422547","0.537747","0.557625","1.48794","1.704e-15","3.10998","3.06501","2.91182","6.55986","0","0","0","0","0","0","0","0"
"9.6924","0.500044","0.516974","0.0422511","0.537715","0.557632","1.48729","1.70308e-15","3.10631","3.06352","2.90889","6.5493","0","0","0","0","0","0","0","0"
"9.69578","0.500044","0.516974","0.042248","0.537328","0.557418","1.48476","1.70448e-15","3.11008","3.06496","2.90842","6.55322","0","0","0","0","0","0","0","0"
"9.69917","0.500044","0.516974","0.0422445","0.536645","0.55713","1.47857","1.70754e-15","3.11311","3.06468","2.92354","6.56683","0","0","0","0","0","0","0","0"
"9.70255","0.500044","0.516974","0.0422414","0.536918","0.557179","1.48005","1.7068e-15","3.10898","3.05935","2.91576","6.56295","0","0","0","0","0","0","0","0"
"9.70603","0.500044","0.516974","0.0422368","0.536489","0.556796","1.47849","1.70527e-15","3.10944","3.06456","2.90919","6.5485","0","0","0","0","0","0","0","0"
"9.70933","0.500044","0.517228","0.0422318","0.53607","0.556135","1.47868","1.70322e-15","3.10573","3.06456","2.89784","6.53492","0","0","0","0","0","0","0","0"
"9.7127","0.500044","0.517228","0.042226","0.53596","0.555815","1.48039","1.70231e-15","3.10435","3.06551","2.88101","6.51099","0","0","0","0","0","0","0","0"
"9.7161","0.500044","0.517228","0.042221","0.536021","0.555946","1.47849","1.703e-15","3.10189","3.06319","2.8857","6.51265","0","0","0","0","0","0","0","0"
"9.7195","0.500044","0.517228","0.0422151","0.537314","0.557433","1.49492","1.70619e-15","3.11737","3.07289","2.9502","6.51995","0","0","0","0","0","0","0","0"
"9.72297","0.500044","0.517228","0.042211","0.537669","0.55813","1.49305","1.70605e-15","3.11755","3.07442","2.94785","6.50992","0","0","0","0","0","0","0","0"
"9.72625","0.500044","0.517211","0.0422073","0.537574","0.558338","1.49241","1.70663e-15","3.11772","3.0775","2.93747","6.5264","0","0","0","0","0","0","0","0"
"9.72965","0.500044","0.517211","0.0422041","0.537577","0.558291","1.49097","1.70581e-15","3.11645","3.07489","2.93159","6.5089","0","0","0","0","0","0","0","0"
"9.73407","0.500044","0.517211","0.0421993","0.537493","0.558048","1.48697","1.70304e-15","3.10886","3.07323","2.93601","6.4935","0","0","0","0","0","0","0","0"
"9.73745","0.500044","0.517211","0.0421961","0.537136","0.557892","1.48358","1.70406e-15","3.10789","3.06969","2.94285","6.48333","0","0","0","0","0","0","0","0"
"9.74093","0.500044","0.517211","0.0421895","0.537192","0.557608","1.49037","1.70535e-15","3.1027","3.06388","2.92813","6.48536","0","0","0","0","0","0","0","0"
"9.74422","0.500044","0.517154","0.0421835","0.538957","0.559239","1.51186","1.70654e-15","3.10717","3.06562","3.00217","6.50613","0","0","0","0","0","0","0","0"
"9.7476","0.500044","0.517154","0.0421764","0.539655","0.559822","1.51653","1.70964e-15","3.10117","3.06227","2.99124","6.53351","0","0","0","0","0","0","0","0"
"9.75098","0.500044","0.517154","0.0421703","0.540044","0.560077","1.51769","1.7101e-15","3.0974","3.05748","2.97769","6.54569","0","0","0","0","0","0","0","0"
"9.75557","0.500044","0.517154","0.0421619","0.539809","0.559844","1.5136","1.70795e-15","3.09654","3.05733","2.97921","6.52549","0","0","0","0","0","0","0","0"
"9.75882","0.500044","0.517377","0.0421581","0.540642","0.560549","1.51437","1.70687e-15","3.10424","3.06224","2.96956","6.50419","0","0","0","0","0","0","0","0"
"9.76218","0.500044","0.517377","0.0421536","0.540366","0.560854","1.50876","1.70813e-15","3.10746","3.05853","2.9808","6.48371","0","0","0","0","0","0","0","0"
"9.76557","0.500044","0.517377","0.0421498","0.540367","0.560669","1.50837","1.70883e-15","3.11094","3.07087","2.96901","6.47263","0","0","0","0","0","0","0","0"
"9.76897","0.500044","0.517377","0.0421453","0.539396","0.559551","1.50145","1.70851e-15","3.11297","3.07356","2.98766","6.46012","0","0","0","0","0","0","0","0"
"9.77243","0.500044","0.517377","0.0421407","0.538951","0.559061","1.4961","1.7062e-15","3.11184","3.07258","3.00171","6.44748","0","0","0","0","0","0","0","0"
"9.77573","0.500044","0.517662","0.0421335","0.539164","0.558864","1.50003","1.70449e-15","3.10288","3.0707","3.00015","6.42819","0","0","0","0","0","0","0","0"
"9.77912","0.500044","0.517662","0.0421273","0.539156","0.558912","1.50043","1.7046e-15","3.10526","3.07811","2.99039","6.4252","0","0","0","0","0","0","0","0"
"9.7825","0.500044","0.517662","0.0421201","0.538291","0.558355","1.49819","1.70756e-15","3.10895","3.07667","2.98511","6.43683","0","0","0","0","0","0","0","0"
"9.78583","0.500044","0.517662","0.0421139","0.538087","0.558131","1.4986","1.70875e-15","3.10995","3.08505","2.97742","6.44289","0","0","0","0","0","0","0","0"
"9.78932","0.500044","0.517662","0.0421106","0.538051","0.558167","1.50258","1.70945e-15","3.10804","3.08299","2.98207","6.45034","0","0","0","0","0","0","0","0"
"9.79258","0.500044","0.517937","0.0421132","0.538141","0.558173","1.50535","1.7091e-15","3.11075","3.07812","2.96864","6.46319","0","0","0","0","0","0","0","0"
"9.79597","0.500044","0.517937","0.0421155","0.537562","0.55772","1.50759","1.70774e-15","3.11185","3.0793","2.94956","6.45531","0","0","0","0","0","0","0","0"
"9.79935","0.500044","0.517937","0.0421181","0.537193","0.557353","1.50559","1.70656e-15","3.11385","3.07844","2.95245","6.43333","0","0","0","0","0","0","0","0"
"9.80275","0.500044","0.517937","0.0421203","0.537741","0.557911","1.49977","1.70742e-15","3.11295","3.07785","2.96816","6.43086","0","0","0","0","0","0","0","0"
"9.80623","0.500044","0.517937","0.0421247","0.537027","0.557277","1.49769","1.70919e-15","3.11098","3.07955","2.96772","6.46149","0","0","0","0","0","0","0","0"
"9.80952","0.500044","0.51773","0.0421303","0.537219","0.557526","1.49527","1.71001e-15","3.12447","3.09353","2.96719","6.48671","0","0","0","0","0","0","0","0"
"9.8129","0.500044","0.51773","0.0421369","0.536236","0.556493","1.49632","1.70815e-15","3.1266","3.09479","2.95088","6.47373","0","0","0","0","0","0","0","0"
"9.81758","0.500044","0.51773","0.0421453","0.536292","0.556039","1.49591","1.70726e-15","3.13125","3.09766","2.93906","6.45781","0","0","0","0","0","0","0","0"
"9.82097","0.500044","0.51773","0.042151","0.537202","0.556627","1.5133","1.70888e-15","3.1267","3.10085","2.99881","6.47315","0","0","0","0","0","0","0","0"
"9.82447","0.500044","0.51773","0.0421568","0.537701","0.557104","1.5114","1.70982e-15","3.13228","3.11066","2.99122","6.47946","0","0","0","0","0","0","0","0"
"9.82777","0.500044","0.517481","0.0421617","0.537547","0.556975","1.50644","1.70908e-15","3.12976","3.11441","3.00147","6.49029","0","0","0","0","0","0","0","0"
"9.83113","0.500044","0.517481","0.0421674","0.536464","0.555757","1.50077","1.70739e-15","3.13093","3.11642","3.01402","6.47392","0","0","0","0","0","0","0","0"
"9.83452","0.500044","0.517481","0.0421723","0.536233","0.555428","1.49643","1.70623e-15","3.12724","3.11358","3.02089","6.46122","0","0","0","0","0","0","0","0"
"9.83887","0.500044","0.517481","0.0421804","0.535536","0.555079","1.49275","1.70767e-15","3.12827","3.11253","3.01743","6.47195","0","0","0","0","0","0","0","0"
"9.84207","0.500044","0.517283","0.0421876","0.53536","0.554971","1.4908","1.70884e-15","3.12419","3.11188","3.01319","6.50013","0","0","0","0","0","0","0","0"
"9.84545","0.500044","0.517283","0.0421948","0.535051","0.554853","1.48646","1.70985e-15","3.12083","3.10687","3.02076","6.51936","0","0","0","0","0","0","0","0"
"9.849","0.500044","0.517283","0.0422032","0.534982","0.555127","1.48285","1.70952e-15","3.1189","3.10622","3.02129","6.52152","0","0","0","0","0","0","0","0"
"9.85222","0.500044","0.517283","0.0422104","0.534607","0.554736","1.47848","1.70769e-15","3.1192","3.1057","3.03089","6.51251","0","0","0","0","0","0","0","0"
"9.8557","0.500044","0.517283","0.0422187","0.534383","0.554509","1.47586","1.70594e-15","3.11567","3.10042","3.02835","6.49122","0","0","0","0","0","0","0","0"
"9.859","0.500044","0.517124","0.0422256","0.534855","0.554641","1.47951","1.70642e-15","3.11217","3.09764","3.03182","6.50299","0","0","0","0","0","0","0","0"
"9.86238","0.500044","0.517124","0.0422337","0.535796","0.555544","1.48189","1.70889e-15","3.10953","3.09314","3.03076","6.54051","0","0","0","0","0","0","0","0"
"9.86577","0.500044","0.517124","0.0422406","0.534836","0.55453","1.47795","1.71019e-15","3.11069","3.09668","3.03528","6.57455","0","0","0","0","0","0","0","0"
"9.86915","0.500044","0.517124","0.0422487","0.534364","0.554321","1.47309","1.71065e-15","3.11258","3.09785","3.04526","6.59023","0","0","0","0","0","0","0","0"
"9.87267","0.500044","0.517124","0.0422545","0.533287","0.553634","1.46692","1.70886e-15","3.11561","3.0991","3.06401","6.58546","0","0","0","0","0","0","0","0"
"9.87592","0.500044","0.516905","0.0422585","0.534014","0.554748","1.46965","1.70651e-15","3.12182","3.10268","3.04726","6.57208","0","0","0","0","0","0","0","0"
"9.8793","0.500044","0.516905","0.042262","0.534187","0.554828","1.46767","1.7072e-15","3.12456","3.09893","3.04376","6.57758","0","0","0","0","0","0","0","0"
"9.88268","0.500044","0.516905","0.042266","0.533892","0.554526","1.47525","1.7101e-15","3.12081","3.095","3.02121","6.6268","0","0","0","0","0","0","0","0"
"9.88608","0.500044","0.516905","0.0422695","0.533758","0.554457","1.47973","1.71128e-15","3.11998","3.08978","2.99705","6.64579","0","0","0","0","0","0","0","0"
"9.88953","0.500044","0.516905","0.0422713","0.534241","0.554696","1.48377","1.71045e-15","3.1219","3.08939","2.98393","6.63966","0","0","0","0","0","0","0","0"
"9.89295","0.500044","0.516851","0.0422703","0.535252","0.556308","1.49039","1.70866e-15","3.11961","3.0857","2.97927","6.62408","0","0","0","0","0","0","0","0"
"9.89633","0.500044","0.516851","0.0422695","0.535633","0.556771","1.49027","1.70756e-15","3.11232","3.08032","2.9716","6.60744","0","0","0","0","0","0","0","0"
"9.90083","0.500044","0.516851","0.0422682","0.535587","0.556673","1.49466","1.7105e-15","3.11002","3.07737","2.96707","6.63823","0","0","0","0","0","0","0","0"
"9.90422","0.500044","0.516851","0.0422673","0.535583","0.55674","1.49276","1.71279e-15","3.11145","3.08192","2.97526","6.65918","0","0","0","0","0","0","0","0"
"9.9077","0.500044","0.516851","0.0422696","0.535562","0.556498","1.49993","1.71403e-15","3.10866","3.07613","2.96551","6.65778","0","0","0","0","0","0","0","0"
"9.91093","0.500044","0.516835","0.0422721","0.535007","0.556034","1.49745","1.71474e-15","3.1085","3.07513","2.96288","6.66667","0","0","0","0","0","0","0","0"
"9.91428","0.500044","0.516835","0.042275","0.53483","0.556359","1.49375","1.71382e-15","3.10926","3.08005","2.96404","6.66231","0","0","0","0","0","0","0","0"
"9.91767","0.500044","0.516835","0.0422775","0.534032","0.555753","1.48995","1.71203e-15","3.11243","3.08082","2.96792","6.6474","0","0","0","0","0","0","0","0"
"9.9222","0.500044","0.516835","0.0422825","0.533656","0.554991","1.49179","1.7101e-15","3.11306","3.08021","2.96331","6.62019","0","0","0","0","0","0","0","0"
"9.9255","0.500044","0.517057","0.042289","0.533532","0.55493","1.4874","1.71029e-15","3.11483","3.08066","2.97146","6.63077","0","0","0","0","0","0","0","0"
"9.92887","0.500044","0.517057","0.0422966","0.534013","0.555152","1.49551","1.71216e-15","3.10563","3.07405","2.96833","6.63099","0","0","0","0","0","0","0","0"
"9.93227","0.500044","0.517057","0.0423031","0.533192","0.554289","1.49063","1.71183e-15","3.1058","3.07606","2.97932","6.63146","0","0","0","0","0","0","0","0"
"9.93565","0.500044","0.517057","0.0423106","0.53347","0.55457","1.48849","1.71034e-15","3.10459","3.08091","2.977","6.60973","0","0","0","0","0","0","0","0"
"9.93915","0.500044","0.517057","0.0423166","0.532264","0.553473","1.48236","1.70903e-15","3.11042","3.08317","2.99451","6.58596","0","0","0","0","0","0","0","0"
"9.94242","0.500044","0.517002","0.0423224","0.532181","0.553227","1.48299","1.71053e-15","3.10667","3.08218","2.98219","6.57573","0","0","0","0","0","0","0","0"
"9.9458","0.500044","0.517002","0.0423274","0.532579","0.553335","1.4802","1.71247e-15","3.10362","3.07712","2.98262","6.58426","0","0","0","0","0","0","0","0"
"9.94918","0.500044","0.517002","0.0423331","0.532322","0.553541","1.48014","1.71264e-15","3.1","3.07166","2.97169","6.59228","0","0","0","0","0","0","0","0"
"9.95257","0.500044","0.517002","0.0423381","0.532049","0.553244","1.47847","1.7105e-15","3.09799","3.06844","2.96714","6.58445","0","0","0","0","0","0","0","0"
"9.95605","0.500044","0.517002","0.0423434","0.532165","0.553593","1.47366","1.70817e-15","3.09078","3.06201","2.9765","6.56506","0","0","0","0","0","0","0","0"
"9.95935","0.500044","0.516708","0.0423473","0.531775","0.553408","1.47415","1.70832e-15","3.0903","3.06342","2.96696","6.571","0","0","0","0","0","0","0","0"
"9.96273","0.500044","0.516708","0.0423519","0.531473","0.552792","1.46784","1.71088e-15","3.09095","3.06371","2.98278","6.59121","0","0","0","0","0","0","0","0"
"9.96627","0.500044","0.516708","0.0423558","0.531731","0.553143","1.46679","1.71148e-15","3.09262","3.08722","2.97704","6.6151","0","0","0","0","0","0","0","0"
"9.96965","0.500044","0.516708","0.0423604","0.53218","0.553468","1.4672","1.70926e-15","3.08741","3.08314","2.97741","6.60196","0","0","0","0","0","0","0","0"
"9.97317","0.500044","0.516708","0.0423629","0.531826","0.553158","1.47189","1.70789e-15","3.08711","3.08294","2.96695","6.58572","0","0","0","0","0","0","0","0"
"9.97642","0.500044","0.516462","0.0423643","0.532327","0.553496","1.48393","1.71031e-15","3.10204","3.09022","2.97115","6.61807","0","0","0","0","0","0","0","0"
"9.97982","0.500044","0.516462","0.0423654","0.534706","0.555532","1.50346","1.71026e-15","3.12837","3.10075","3.03768","6.62024","0","0","0","0","0","0","0","0"
"9.98423","0.500044","0.516462","0.042367","0.533949","0.555032","1.51453","1.70913e-15","3.12647","3.09417","3.02966","6.60238","0","0","0","0","0","0","0","0"
"9.98762","0.500044","0.516462","0.0423682","0.535309","0.555741","1.51878","1.71189e-15","3.12498","3.08939","3.0121","6.61754","0","0","0","0","0","0","0","0"
"9.99112","0.500044","0.516462","0.0423676","0.535194","0.555659","1.52218","1.71057e-15","3.12852","3.09288","2.9943","6.60422","0","0","0","0","0","0","0","0"
"9.99435","0.500044","0.516421","0.0423668","0.534805","0.555246","1.51864","1.70882e-15","3.13034","3.09154","2.99713","6.58687","0","0","0","0","0","0","0","0"
"9.9979","0.500044","0.516421","0.042366","0.535084","0.555726","1.51801","1.7093e-15","3.12984","3.08634","2.98746","6.57714","0","0","0","0","0","0","0","0"
"10.0013","0.500044","0.516421","0.0423651","0.535633","0.556365","1.5202","1.71211e-15","3.12745","3.09248","2.96578","6.6141","0","0","0","0","0","0","0","0"
"10.0055","0.500044","0.516421","0.0423641","0.535373","0.555938","1.51489","1.71296e-15","3.1287","3.09267","2.97255","6.62475","0","0","0","0","0","0","0","0"
"10.0088","0.500044","0.51658","0.0423635","0.53499","0.555517","1.51491","1.71091e-15","3.12808","3.09266","2.96861","6.62094","0","0","0","0","0","0","0","0"
"10.0122","0.500044","0.51658","0.0423629","0.535418","0.55557","1.51349","1.70914e-15","3.1241","3.08803","2.96411","6.60616","0","0","0","0","0","0","0","0"
"10.0156","0.500044","0.51658","0.0423623","0.535327","0.555391","1.5145","1.71065e-15","3.12292","3.08682","2.94916","6.6184","0","0","0","0","0","0","0","0"
"10.019","0.500044","0.51658","0.0423617","0.535989","0.555765","1.51616","1.71238e-15","3.11876","3.08149","2.93362","6.6304","0","0","0","0","0","0","0","0"
"10.0225","0.500044","0.51658","0.0423628","0.536398","0.555697","1.52215","1.7121e-15","3.1163","3.08138","2.91068","6.6285","0","0","0","0","0","0","0","0"
"10.0258","0.500044","0.516732","0.0423677","0.536528","0.555848","1.52294","1.71005e-15","3.11296","3.07828","2.89512","6.60648","0","0","0","0","0","0","0","0"
"10.0292","0.500044","0.516732","0.042372","0.53624","0.555573","1.52667","1.7107e-15","3.11499","3.07921","2.87842","6.60848","0","0","0","0","0","0","0","0"
"10.0325","0.500044","0.516732","0.0423769","0.535691","0.555391","1.53183","1.71253e-15","3.1139","3.07761","2.85974","6.64148","0","0","0","0","0","0","0","0"
"10.0359","0.500044","0.516732","0.0423812","0.53498","0.554755","1.53068","1.71264e-15","3.11337","3.07796","2.85301","6.65543","0","0","0","0","0","0","0","0"
"10.0394","0.500044","0.516732","0.0423873","0.535274","0.555269","1.52883","1.71053e-15","3.10755","3.0764","2.85258","6.63873","0","0","0","0","0","0","0","0"
"10.0427","0.500044","0.516746","0.0423939","0.535021","0.555753","1.52533","1.71033e-15","3.10759","3.07705","2.85746","6.6355","0","0","0","0","0","0","0","0"
"10.0461","0.500044","0.516746","0.0424016","0.53492","0.555389","1.52281","1.71259e-15","3.10479","3.07524","2.8543","6.66293","0","0","0","0","0","0","0","0"
"10.0495","0.500044","0.516746","0.0424083","0.535137","0.555703","1.52589","1.71222e-15","3.10404","3.07779","2.83494","6.66824","0","0","0","0","0","0","0","0"
"10.0528","0.500044","0.516746","0.042416","0.535571","0.556518","1.52122","1.71098e-15","3.10003","3.08171","2.84106","6.6502","0","0","0","0","0","0","0","0"
"10.0563","0.500044","0.516746","0.0424211","0.535581","0.556537","1.51724","1.71193e-15","3.09806","3.08438","2.84732","6.64203","0","0","0","0","0","0","0","0"
"10.0596","0.500044","0.516598","0.0424254","0.535122","0.556274","1.51686","1.71304e-15","3.09796","3.08116","2.83803","6.65646","0","0","0","0","0","0","0","0"
"10.063","0.500044","0.516598","0.0424292","0.535334","0.556069","1.51169","1.71168e-15","3.09483","3.0793","2.85031","6.64192","0","0","0","0","0","0","0","0"
"10.0674","0.500044","0.516598","0.0424347","0.535335","0.556041","1.51043","1.71274e-15","3.09648","3.07584","2.84224","6.64929","0","0","0","0","0","0","0","0"
"10.0708","0.500044","0.516598","0.0424384","0.535688","0.556036","1.51409","1.71316e-15","3.096","3.08224","2.82432","6.64648","0","0","0","0","0","0","0","0"
"10.0743","0.500044","0.516598","0.0424394","0.535875","0.556237","1.51495","1.711e-15","3.09681","3.08182","2.8153","6.62842","0","0","0","0","0","0","0","0"
"10.0778","0.500044","0.516598","0.0424398","0.536633","0.556786","1.521","1.71301e-15","3.10244","3.09475","2.80983","6.65784","0","0","0","0","0","0","0","0"
"10.081","0.500044","0.516598","0.0424402","0.536193","0.5564","1.5219","1.71347e-15","3.09803","3.0917","2.79652","6.68206","0","0","0","0","0","0","0","0"
"10.0843","0.500044","0.516598","0.0424406","0.535774","0.556031","1.51882","1.71195e-15","3.09601","3.09406","2.80042","6.66828","0","0","0","0","0","0","0","0"
"10.0889","0.500044","0.516598","0.0424418","0.536296","0.556441","1.51716","1.71259e-15","3.09465","3.09044","2.80106","6.6563","0","0","0","0","0","0","0","0"
"10.0922","0.500044","0.516766","0.0424443","0.536277","0.556837","1.51643","1.7125e-15","3.10073","3.09027","2.7953","6.65696","0","0","0","0","0","0","0","0"
"10.0955","0.500044","0.516766","0.0424472","0.536384","0.556943","1.51267","1.71127e-15","3.09478","3.08359","2.80022","6.63333","0","0","0","0","0","0","0","0"
"10.0989","0.500044","0.516766","0.0424496","0.536286","0.556831","1.50672","1.71323e-15","3.09446","3.07932","2.81525","6.64669","0","0","0","0","0","0","0","0"
"10.1023","0.500044","0.516766","0.0424525","0.536022","0.556829","1.5025","1.71303e-15","3.09319","3.07379","2.82117","6.66193","0","0","0","0","0","0","0","0"
"10.1058","0.500044","0.516766","0.0424535","0.535949","0.556752","1.50656","1.71071e-15","3.09204","3.06932","2.81044","6.64633","0","0","0","0","0","0","0","0"
"10.1091","0.500044","0.516854","0.0424512","0.535431","0.556542","1.50256","1.7117e-15","3.09048","3.06354","2.81421","6.66198","0","0","0","0","0","0","0","0"
"10.1125","0.500044","0.516854","0.0424492","0.535425","0.556582","1.50234","1.71309e-15","3.08934","3.06421","2.81139","6.67353","0","0","0","0","0","0","0","0"
"10.1159","0.500044","0.516854","0.0424469","0.536892","0.557568","1.51784","1.71165e-15","3.10934","3.07761","2.83394","6.6537","0","0","0","0","0","0","0","0"
"10.1193","0.500044","0.516854","0.0424449","0.537527","0.557806","1.53672","1.71227e-15","3.10002","3.07703","2.84647","6.65324","0","0","0","0","0","0","0","0"
"10.1228","0.500044","0.516854","0.0424434","0.538664","0.558805","1.55019","1.71233e-15","3.09975","3.07986","2.8497","6.65994","0","0","0","0","0","0","0","0"
"10.126","0.500044","0.516914","0.0424429","0.538051","0.558225","1.54628","1.71051e-15","3.09921","3.08089","2.85788","6.648","0","0","0","0","0","0","0","0"
"10.1294","0.500044","0.516914","0.0424424","0.537855","0.558209","1.54908","1.71314e-15","3.09096","3.0782","2.84821","6.66147","0","0","0","0","0","0","0","0"
"10.1328","0.500044","0.516914","0.042442","0.537873","0.558339","1.54413","1.71322e-15","3.09003","3.08666","2.85795","6.667","0","0","0","0","0","0","0","0"
"10.1362","0.500044","0.516914","0.0424415","0.538016","0.558851","1.54864","1.71157e-15","3.09675","3.08973","2.85345","6.65064","0","0","0","0","0","0","0","0"
"10.1397","0.500044","0.516914","0.0424399","0.53842","0.558934","1.54458","1.71221e-15","3.10236","3.0883","2.85938","6.6486","0","0","0","0","0","0","0","0"
"10.143","0.500044","0.516959","0.0424367","0.539018","0.559354","1.54901","1.71268e-15","3.10416","3.0874","2.84479","6.64433","0","0","0","0","0","0","0","0"
"10.1463","0.500044","0.516959","0.0424339","0.539256","0.55977","1.54764","1.7114e-15","3.11144","3.0949","2.84151","6.64742","0","0","0","0","0","0","0","0"
"10.1508","0.500044","0.516959","0.0424298","0.538853","0.55941","1.54271","1.71325e-15","3.11679","3.09685","2.85212","6.66994","0","0","0","0","0","0","0","0"
"10.1542","0.500044","0.516959","0.042427","0.538909","0.559438","1.53899","1.71182e-15","3.11437","3.10221","2.85656","6.65781","0","0","0","0","0","0","0","0"
"10.1576","0.500044","0.516959","0.0424279","0.538164","0.558551","1.5337","1.71077e-15","3.11882","3.10199","2.86478","6.65149","0","0","0","0","0","0","0","0"
"10.1609","0.500044","0.517102","0.0424293","0.538025","0.558541","1.5303","1.71254e-15","3.11878","3.09952","2.86925","6.6689","0","0","0","0","0","0","0","0"
"10.1643","0.500044","0.517102","0.0424309","0.538213","0.55903","1.53229","1.71158e-15","3.11362","3.10014","2.86864","6.65573","0","0","0","0","0","0","0","0"
"10.1677","0.500044","0.517102","0.0424323","0.538526","0.559064","1.54559","1.71131e-15","3.11506","3.10304","2.8545","6.65269","0","0","0","0","0","0","0","0"
"10.1722","0.500044","0.517102","0.042436","0.537849","0.558663","1.53839","1.71276e-15","3.11223","3.10465","2.86991","6.66174","0","0","0","0","0","0","0","0"
"10.1755","0.500044","0.517319","0.0424424","0.537266","0.558007","1.5358","1.71099e-15","3.11098","3.10527","2.86914","6.64482","0","0","0","0","0","0","0","0"
"10.179","0.500044","0.517319","0.0424499","0.53687","0.557475","1.53231","1.71279e-15","3.10668","3.10048","2.86923","6.64902","0","0","0","0","0","0","0","0"
"10.1823","0.500044","0.517319","0.0424563","0.536285","0.557377","1.52746","1.71289e-15","3.10619","3.09768","2.87807","6.64767","0","0","0","0","0","0","0","0"
"10.1856","0.500044","0.517319","0.0424638","0.536854","0.558079","1.53065","1.71169e-15","3.10274","3.09979","2.86662","6.62199","0","0","0","0","0","0","0","0"
"10.1891","0.500044","0.517319","0.0424711","0.537199","0.558646","1.54131","1.71257e-15","3.10776","3.10874","2.8555","6.61462","0","0","0","0","0","0","0","0"
"10.1924","0.500044","0.517307","0.0424814","0.53709","0.558605","1.54542","1.71123e-15","3.10362","3.10564","2.84589","6.60536","0","0","0","0","0","0","0","0"
"10.1958","0.500044","0.517307","0.0424903","0.53633","0.5579","1.53914","1.71067e-15","3.10535","3.10574","2.86313","6.59581","0","0","0","0","0","0","0","0"
"10.1992","0.500044","0.517307","0.0425006","0.535876","0.557346","1.53512","1.71257e-15","3.10397","3.10383","2.86611","6.61104","0","0","0","0","0","0","0","0"
"10.2026","0.500044","0.517307","0.0425094","0.536428","0.557422","1.54301","1.71161e-15","3.11015","3.10623","2.8891","6.61313","0","0","0","0","0","0","0","0"
"10.2061","0.500044","0.517307","0.0425167","0.536291","0.55778","1.5448","1.71097e-15","3.1108","3.10632","2.89145","6.59797","0","0","0","0","0","0","0","0"
"10.2093","0.500044","0.517157","0.0425195","0.535902","0.557534","1.54325","1.71187e-15","3.10869","3.10394","2.88736","6.59189","0","0","0","0","0","0","0","0"
"10.2129","0.500044","0.517157","0.0425227","0.536165","0.557666","1.54225","1.71048e-15","3.1021","3.09843","2.87716","6.57659","0","0","0","0","0","0","0","0"
"10.2162","0.500044","0.517157","0.0425254","0.536434","0.55798","1.54102","1.71293e-15","3.1046","3.0978","2.87167","6.59402","0","0","0","0","0","0","0","0"
"10.2195","0.500044","0.517157","0.0425286","0.536849","0.557973","1.54127","1.71299e-15","3.10499","3.0967","2.87041","6.61045","0","0","0","0","0","0","0","0"
"10.223","0.500044","0.517157","0.0425312","0.536213","0.557532","1.5373","1.71041e-15","3.10562","3.09655","2.87451","6.59866","0","0","0","0","0","0","0","0"
"10.2263","0.500044","0.517055","0.0425341","0.536576","0.557937","1.53663","1.71179e-15","3.10952","3.09832","2.86455","6.61216","0","0","0","0","0","0","0","0"
"10.2297","0.500044","0.517055","0.0425366","0.536643","0.557912","1.53362","1.713e-15","3.10778","3.09465","2.86814","6.61705","0","0","0","0","0","0","0","0"
"10.2341","0.500044","0.517055","0.0425403","0.53637","0.557757","1.53448","1.71169e-15","3.10551","3.0895","2.85929","6.60694","0","0","0","0","0","0","0","0"
"10.2375","0.500044","0.517055","0.0425428","0.536164","0.557567","1.53154","1.71308e-15","3.10481","3.08905","2.86128","6.61746","0","0","0","0","0","0","0","0"
"10.241","0.500044","0.517055","0.0425459","0.535654","0.556957","1.52813","1.71157e-15","3.10231","3.08874","2.86752","6.60314","0","0","0","0","0","0","0","0"
"10.2442","0.500044","0.517004","0.0425485","0.535709","0.556976","1.53005","1.71051e-15","3.10219","3.08738","2.858","6.58365","0","0","0","0","0","0","0","0"
"10.2476","0.500044","0.517004","0.0425517","0.536142","0.557658","1.53769","1.71265e-15","3.10251","3.08712","2.86234","6.59729","0","0","0","0","0","0","0","0"
"10.251","0.500044","0.517004","0.0425543","0.535877","0.557657","1.53583","1.71336e-15","3.10193","3.08285","2.86","6.59626","0","0","0","0","0","0","0","0"
"10.2555","0.500044","0.517004","0.0425594","0.535863","0.557754","1.53094","1.7121e-15","3.09789","3.08409","2.86521","6.56957","0","0","0","0","0","0","0","0"
"10.2588","0.500044","0.517106","0.0425651","0.536276","0.558281","1.5306","1.71286e-15","3.08972","3.08802","2.85613","6.58578","0","0","0","0","0","0","0","0"
"10.2622","0.500044","0.517106","0.0425718","0.536545","0.558565","1.5272","1.71191e-15","3.08394","3.0897","2.86382","6.57376","0","0","0","0","0","0","0","0"
"10.2656","0.500044","0.517106","0.0425775","0.536101","0.558161","1.52388","1.71212e-15","3.08439","3.09038","2.86703","6.58564","0","0","0","0","0","0","0","0"
"10.269","0.500044","0.517106","0.0425841","0.537048","0.558815","1.53873","1.71308e-15","3.0851","3.09538","2.88901","6.60084","0","0","0","0","0","0","0","0"
"10.2725","0.500044","0.517106","0.0425878","0.538287","0.560098","1.55527","1.71145e-15","3.08873","3.09793","2.89866","6.58526","0","0","0","0","0","0","0","0"
"10.2758","0.500044","0.517089","0.0425873","0.538556","0.560669","1.55662","1.71265e-15","3.08896","3.09974","2.88774","6.58768","0","0","0","0","0","0","0","0"
"10.2791","0.500044","0.517089","0.0425869","0.538664","0.561114","1.55445","1.71351e-15","3.09322","3.09479","2.88368","6.5945","0","0","0","0","0","0","0","0"
"10.2825","0.500044","0.517089","0.0425865","0.538473","0.561349","1.5481","1.7125e-15","3.09238","3.08908","2.89793","6.57709","0","0","0","0","0","0","0","0"
"10.2859","0.500044","0.517089","0.0425861","0.538033","0.561683","1.54492","1.71317e-15","3.09322","3.08556","2.89861","6.58171","0","0","0","0","0","0","0","0"
"10.2894","0.500044","0.517089","0.042585","0.538365","0.56302","1.54313","1.71312e-15","3.09092","3.08316","2.89886","6.58899","0","0","0","0","0","0","0","0"
"10.2927","0.500044","0.517275","0.0425833","0.538311","0.564003","1.53804","1.7127e-15","3.08581","3.07677","2.90977","6.58247","0","0","0","0","0","0","0","0"
"10.2961","0.500044","0.517275","0.0425814","0.539363","0.565121","1.55471","1.71122e-15","3.09058","3.08388","2.91763","6.57565","0","0","0","0","0","0","0","0"
"10.2995","0.500044","0.517275","0.0425798","0.539951","0.565859","1.60459","1.71323e-15","3.09138","3.07603","3.24899","6.58927","0","0","0","0","0","0","0","0"
"10.3028","0.500044","0.517275","0.0425779","0.540148","0.565832","1.62992","1.71358e-15","3.08988","3.07651","3.27838","6.5885","0","0","0","0","0","0","0","0"
"10.3063","0.500044","0.517275","0.0425757","0.541444","0.56678","1.64488","1.71133e-15","3.09616","3.07035","3.30942","6.56698","0","0","0","0","0","0","0","0"
"10.3096","0.500044","0.517712","0.0425725","0.542777","0.567561","1.64481","1.71283e-15","3.09888","3.05964","3.30161","6.56165","0","0","0","0","0","0","0","0"
"10.313","0.500044","0.517712","0.0425697","0.542765","0.567801","1.64243","1.71406e-15","3.09755","3.0608","3.29511","6.60351","0","0","0","0","0","0","0","0"
"10.3174","0.500044","0.517712","0.0425655","0.54252","0.56833","1.6341","1.71261e-15","3.09584","3.057","3.3134","6.59589","0","0","0","0","0","0","0","0"
"10.3208","0.500044","0.517712","0.0425627","0.543152","0.569871","1.63106","1.71439e-15","3.1006","3.07422","3.31176","6.61194","0","0","0","0","0","0","0","0"
"10.3243","0.500044","0.517712","0.0425341","0.543604","0.570837","1.63495","1.71337e-15","3.09975","3.06951","3.28287","6.60038","0","0","0","0","0","0","0","0"
"10.3276","0.500044","0.518251","0.042506","0.544316","0.571486","1.63857","1.71158e-15","3.10084","3.07184","3.26535","6.58108","0","0","0","0","0","0","0","0"
"10.331","0.500044","0.518251","0.0424732","0.544644","0.573086","1.64679","1.71329e-15","3.103","3.08356","3.25725","6.5905","0","0","0","0","0","0","0","0"
"10.3343","0.500044","0.518251","0.0424452","0.54577","0.57475","1.64878","1.71421e-15","3.10565","3.08752","3.24536","6.60957","0","0","0","0","0","0","0","0"
"10.3389","0.500044","0.518251","0.0423711","0.545517","0.57538","1.64599","1.71145e-15","3.09911","3.08234","3.24665","6.59171","0","0","0","0","0","0","0","0"
"10.3422","0.500044","0.518752","0.0422473","0.54703","0.577904","1.65537","1.71212e-15","3.09028","3.08271","3.23868","6.59887","0","0","0","0","0","0","0","0"
"10.3455","0.500044","0.518752","0.0421029","0.547687","0.580501","1.66383","1.71251e-15","3.09067","3.10525","3.23954","6.60041","0","0","0","0","0","0","0","0"
"10.3489","0.500044","0.518752","0.041979","0.547238","0.581249","1.65924","1.71103e-15","3.08957","3.10397","3.24578","6.58766","0","0","0","0","0","0","0","0"
"10.3523","0.500044","0.518752","0.0418346","0.547255","0.582002","1.65813","1.71183e-15","3.09493","3.10081","3.23804","6.57747","0","0","0","0","0","0","0","0"
"10.3558","0.500044","0.518752","0.0417157","0.548418","0.584054","1.65925","1.71309e-15","3.09326","3.11425","3.22799","6.58311","0","0","0","0","0","0","0","0"
"10.3591","0.500044","0.519514","0.0415884","0.548161","0.584115","1.65426","1.71139e-15","3.09147","3.10985","3.23662","6.57482","0","0","0","0","0","0","0","0"
"10.3625","0.500044","0.519514","0.0414793","0.54783","0.584846","1.64904","1.71087e-15","3.09001","3.11014","3.24713","6.55802","0","0","0","0","0","0","0","0"
"10.3659","0.500044","0.519514","0.041352","0.547817","0.586171","1.64245","1.71321e-15","3.09079","3.11052","3.26229","6.58576","0","0","0","0","0","0","0","0"
"10.3693","0.500044","0.519514","0.0412428","0.5473","0.586335","1.63578","1.71344e-15","3.08885","3.10442","3.2813","6.5852","0","0","0","0","0","0","0","0"
"10.3727","0.500044","0.519514","0.0411407","0.548353","0.587065","1.63654","1.71117e-15","3.09493","3.0987","3.26071","6.56919","0","0","0","0","0","0","0","0"
"10.376","0.500044","0.520655","0.0410819","0.549","0.5874","1.69456","1.71262e-15","3.09585","3.0979","3.681","6.57654","0","0","0","0","0","0","0","0"
"10.3794","0.500044","0.520655","0.0410133","0.55013","0.588627","1.75896","1.71333e-15","3.09702","3.10198","4.26784","6.58505","0","0","0","0","0","0","0","0"
"10.3828","0.500044","0.520655","0.0409545","0.550084","0.588464","1.76524","1.71132e-15","3.09646","3.1024","4.21805","6.57046","0","0","0","0","0","0","0","0"
"10.3862","0.500044","0.520655","0.0408859","0.549802","0.58867","1.76306","1.71153e-15","3.10268","3.10375","4.2027","6.56753","0","0","0","0","0","0","0","0"
"10.3897","0.500044","0.520655","0.0408479","0.549614","0.588522","1.75731","1.71179e-15","3.10075","3.10184","4.21553","6.56783","0","0","0","0","0","0","0","0"
"10.3929","0.500044","0.521526","0.0408278","0.549122","0.589305","1.75149","1.71218e-15","3.099","3.09626","4.2236","6.57549","0","0","0","0","0","0","0","0"
"10.3963","0.500044","0.521526","0.0408105","0.548154","0.58864","1.74563","1.71129e-15","3.10138","3.09573","4.23682","6.56004","0","0","0","0","0","0","0","0"
"10.4008","0.500044","0.521526","0.0407845","0.548914","0.589663","1.75124","1.71377e-15","3.10559","3.0939","4.19851","6.57665","0","0","0","0","0","0","0","0"
"10.4041","0.500044","0.521526","0.0407673","0.549483","0.590445","1.78091","1.71288e-15","3.10862","3.09572","4.20696","6.56548","0","0","0","0","0","0","0","0"
"10.4076","0.500044","0.521526","0.040762","0.548962","0.590246","1.7785","1.71178e-15","3.11094","3.09433","4.19793","6.55253","0","0","0","0","0","0","0","0"
"10.4109","0.500044","0.522079","0.0407597","0.549351","0.590722","1.77742","1.71481e-15","3.10919","3.09495","4.18396","6.57687","0","0","0","0","0","0","0","0"
"10.4143","0.500044","0.522079","0.0407569","0.551116","0.592971","1.79579","1.71382e-15","3.12706","3.11078","4.14012","6.58122","0","0","0","0","0","0","0","0"
"10.4177","0.500044","0.522079","0.0407546","0.550805","0.592901","1.79388","1.71314e-15","3.12592","3.11055","4.12796","6.582","0","0","0","0","0","0","0","0"
"10.4222","0.500044","0.522079","0.0407259","0.550054","0.592209","1.78509","1.71487e-15","3.12072","3.10427","4.1468","6.61444","0","0","0","0","0","0","0","0"
"10.4257","0.500044","0.522315","0.0406483","0.549536","0.591633","1.77737","1.71314e-15","3.12127","3.10164","4.17383","6.59951","0","0","0","0","0","0","0","0"
"10.4289","0.500044","0.522315","0.0405576","0.549002","0.59152","1.77101","1.71351e-15","3.12067","3.10517","4.18766","6.60758","0","0","0","0","0","0","0","0"
"10.4323","0.500044","0.522315","0.04048","0.548379","0.591112","1.76452","1.71458e-15","3.12043","3.10418","4.20563","6.62691","0","0","0","0","0","0","0","0"
"10.4356","0.500044","0.522315","0.0403894","0.548616","0.591278","1.76315","1.71312e-15","3.116","3.10432","4.19219","6.61249","0","0","0","0","0","0","0","0"
"10.4391","0.500044","0.522315","0.0402834","0.548396","0.591179","1.76003","1.71374e-15","3.11519","3.09959","4.18665","6.60467","0","0","0","0","0","0","0","0"
"10.4424","0.500044","0.522656","0.0400939","0.547813","0.590459","1.75318","1.71255e-15","3.11318","3.09478","4.20252","6.60267","0","0","0","0","0","0","0","0"
"10.4458","0.500044","0.522656","0.0399314","0.547945","0.590761","1.74565","1.71353e-15","3.11456","3.09512","4.22961","6.60097","0","0","0","0","0","0","0","0"
"10.4492","0.500044","0.522656","0.0397419","0.547334","0.590352","1.73833","1.71492e-15","3.11321","3.09164","4.25018","6.62453","0","0","0","0","0","0","0","0"
"10.4526","0.500044","0.522656","0.0395794","0.548148","0.591131","1.73709","1.71384e-15","3.1031","3.08563","4.23438","6.61322","0","0","0","0","0","0","0","0"
"10.4561","0.500044","0.522656","0.0394172","0.547109","0.590002","1.72808","1.71389e-15","3.10386","3.08627","4.26825","6.60668","0","0","0","0","0","0","0","0"
"10.4595","0.500044","0.522766","0.0393094","0.546402","0.58923","1.72327","1.71364e-15","3.10292","3.08457","4.27459","6.60516","0","0","0","0","0","0","0","0"
"10.4627","0.500044","0.522766","0.0391836","0.545505","0.588578","1.71851","1.71278e-15","3.10367","3.08075","4.2763","6.58579","0","0","0","0","0","0","0","0"
"10.4661","0.500044","0.522766","0.0390758","0.545106","0.588227","1.71223","1.71432e-15","3.10732","3.08279","4.29377","6.60471","0","0","0","0","0","0","0","0"
"10.4695","0.500044","0.522766","0.0389501","0.544732","0.587906","1.70556","1.71406e-15","3.10601","3.08274","4.30959","6.61227","0","0","0","0","0","0","0","0"
"10.473","0.500044","0.522766","0.0388606","0.544842","0.58769","1.70136","1.7113e-15","3.10344","3.08547","4.31489","6.59972","0","0","0","0","0","0","0","0"
"10.4764","0.500044","0.522757","0.0387775","0.543598","0.586615","1.69608","1.71327e-15","3.10805","3.08642","4.31932","6.61568","0","0","0","0","0","0","0","0"
"10.4796","0.500044","0.522757","0.0387062","0.542681","0.586048","1.691","1.71287e-15","3.10993","3.0837","4.32704","6.60816","0","0","0","0","0","0","0","0"
"10.4841","0.500044","0.522757","0.0385994","0.543006","0.586094","1.69155","1.71164e-15","3.10255","3.07597","4.29163","6.59759","0","0","0","0","0","0","0","0"
"10.4875","0.500044","0.522757","0.0385281","0.542905","0.586425","1.68725","1.7138e-15","3.10228","3.08154","4.29505","6.60938","0","0","0","0","0","0","0","0"
"10.4909","0.500044","0.522757","0.0384916","0.542544","0.585774","1.68249","1.71251e-15","3.10321","3.08162","4.29868","6.60633","0","0","0","0","0","0","0","0"
"10.4943","0.500044","0.522538","0.038467","0.542014","0.585224","1.67682","1.71255e-15","3.1037","3.08056","4.31273","6.59023","0","0","0","0","0","0","0","0"
"10.4976","0.500044","0.522538","0.0384383","0.542032","0.585536","1.67013","1.71411e-15","3.09866","3.08325","4.33036","6.5982","0","0","0","0","0","0","0","0"
"10.501","0.500044","0.522538","0.0384138","0.541506","0.584889","1.66715","1.71236e-15","3.09658","3.08435","4.32669","6.58797","0","0","0","0","0","0","0","0"
"10.5055","0.500044","0.522538","0.0383889","0.540177","0.583373","1.65691","1.71184e-15","3.0991","3.08594","4.36349","6.58067","0","0","0","0","0","0","0","0"
"10.5088","0.500044","0.522183","0.0384005","0.539812","0.583198","1.65086","1.71278e-15","3.09309","3.08056","4.38183","6.6178","0","0","0","0","0","0","0","0"
"10.5122","0.500044","0.522183","0.0384139","0.539667","0.583237","1.64357","1.71227e-15","3.08508","3.07549","4.40503","6.62132","0","0","0","0","0","0","0","0"
"10.5156","0.500044","0.522183","0.0384255","0.538969","0.582682","1.64151","1.71046e-15","3.08691","3.07871","4.39972","6.61027","0","0","0","0","0","0","0","0"
"10.519","0.500044","0.522183","0.0384389","0.538595","0.582104","1.63938","1.71139e-15","3.09158","3.08071","4.38918","6.58621","0","0","0","0","0","0","0","0"
"10.5225","0.500044","0.522183","0.0384534","0.537964","0.58151","1.63562","1.7126e-15","3.09199","3.08955","4.38984","6.57789","0","0","0","0","0","0","0","0"
"10.5258","0.500044","0.522005","0.038477","0.537444","0.58084","1.63305","1.71058e-15","3.09123","3.0884","4.37626","6.57191","0","0","0","0","0","0","0","0"
"10.5291","0.500044","0.522005","0.0384973","0.536945","0.580313","1.62984","1.7098e-15","3.09328","3.0879","4.37068","6.55768","0","0","0","0","0","0","0","0"
"10.5325","0.500044","0.522005","0.0385209","0.537748","0.581124","1.63773","1.71182e-15","3.09077","3.07998","4.30299","6.56982","0","0","0","0","0","0","0","0"
"10.536","0.500044","0.522005","0.0385412","0.53737","0.580929","1.63247","1.71219e-15","3.08915","3.08148","4.31668","6.5831","0","0","0","0","0","0","0","0"
"10.5394","0.500044","0.522005","0.0385687","0.537684","0.580944","1.63624","1.71042e-15","3.08601","3.08337","4.26642","6.56672","0","0","0","0","0","0","0","0"
"10.5427","0.500044","0.521695","0.0385967","0.537681","0.58112","1.63655","1.71044e-15","3.08697","3.08711","4.24667","6.56789","0","0","0","0","0","0","0","0"
"10.5461","0.500044","0.521695","0.0386293","0.538258","0.5827","1.63052","1.71171e-15","3.08891","3.09787","4.25911","6.59573","0","0","0","0","0","0","0","0"
"10.5494","0.500044","0.521695","0.0386573","0.539451","0.584367","1.62627","1.70935e-15","3.0877","3.10374","4.26229","6.58919","0","0","0","0","0","0","0","0"
"10.5529","0.500044","0.521695","0.0386899","0.539168","0.583983","1.62404","1.71103e-15","3.08718","3.09941","4.24638","6.59789","0","0","0","0","0","0","0","0"
"10.5563","0.500044","0.521695","0.0387163","0.540039","0.584775","1.63072","1.71126e-15","3.09522","3.11017","4.20418","6.5834","0","0","0","0","0","0","0","0"
"10.5596","0.500044","0.521441","0.0387452","0.53997","0.585018","1.63624","1.70983e-15","3.09032","3.10172","4.15297","6.56278","0","0","0","0","0","0","0","0"
"10.563","0.500044","0.521441","0.03877","0.540113","0.585557","1.6366","1.71085e-15","3.09518","3.10376","4.12379","6.57799","0","0","0","0","0","0","0","0"
"10.5674","0.500044","0.521441","0.0388072","0.540394","0.587422","1.63225","1.71164e-15","3.10387","3.10615","4.12183","6.58774","0","0","0","0","0","0","0","0"
"10.5708","0.500044","0.521441","0.038832","0.541499","0.589042","1.63883","1.71048e-15","3.10978","3.11679","4.066","6.56979","0","0","0","0","0","0","0","0"
"10.5743","0.500044","0.521441","0.0388545","0.54314","0.591412","1.65198","1.71077e-15","3.12496","3.13486","3.99737","6.5689","0","0","0","0","0","0","0","0"
"10.5776","0.500044","0.521825","0.0388729","0.543389","0.59224","1.65975","1.71088e-15","3.12188","3.13237","3.94293","6.57431","0","0","0","0","0","0","0","0"
"10.5809","0.500044","0.521825","0.0388944","0.543763","0.593877","1.65516","1.70896e-15","3.11975","3.13084","3.94647","6.56281","0","0","0","0","0","0","0","0"
"10.5843","0.500044","0.521825","0.0389128","0.54457","0.594986","1.6511","1.71066e-15","3.11312","3.12567","3.94841","6.57921","0","0","0","0","0","0","0","0"
"10.5889","0.500044","0.521825","0.0389143","0.545994","0.596911","1.64422","1.711e-15","3.109","3.12504","3.95917","6.60889","0","0","0","0","0","0","0","0"
"10.5921","0.500044","0.522539","0.0388543","0.546506","0.598192","1.64079","1.70918e-15","3.10611","3.11828","3.9607","6.59476","0","0","0","0","0","0","0","0"
"10.5955","0.500044","0.522539","0.0387842","0.548005","0.600936","1.63773","1.71045e-15","3.11496","3.1236","3.96049","6.59966","0","0","0","0","0","0","0","0"
"10.5989","0.500044","0.522539","0.0387242","0.54969","0.603458","1.6479","1.71165e-15","3.11731","3.13816","3.94497","6.61609","0","0","0","0","0","0","0","0"
"10.6023","0.500044","0.522539","0.0386542","0.552429","0.607074","1.86038","1.71139e-15","3.14914","3.16459","10.427","6.61295","0","0","0","0","0","0","0","0"
"10.6058","0.500044","0.522539","0.0385947","0.55476","0.610147","2.76741","1.70973e-15","3.15789","3.16399","34.1899","6.59074","0","0","0","0","0","0","0","0"
"10.6091","0.500044","0.523652","0.0385265","0.556313","0.612448","3.42909","1.71143e-15","3.15346","3.1681","25.046","6.60685","0","0","0","0","0","0","0","0"
"10.6125","0.500044","0.523652","0.0384681","0.558296","0.613943","3.60237","1.71208e-15","3.15397","3.17072","21.4301","6.61081","0","0","0","0","0","0","0","0"
"10.6159","0.500044","0.523652","0.0383999","0.56016","0.616177","3.6397","1.71186e-15","3.15748","3.18684","20.4448","6.59624","0","0","0","0","0","0","0","0"
"10.6192","0.500044","0.523652","0.0383415","0.560405","0.616448","3.62558","1.71441e-15","3.15494","3.18145","20.5345","6.6201","0","0","0","0","0","0","0","0"
"10.6227","0.500044","0.523652","0.038285","0.56039","0.616318","3.61167","1.71287e-15","3.15518","3.18294","20.5851","6.6165","0","0","0","0","0","0","0","0"
"10.626","0.500044","0.525505","0.0382498","0.559602","0.615468","3.60715","1.71245e-15","3.15677","3.18597","20.4684","6.61436","0","0","0","0","0","0","0","0"
"10.6294","0.500044","0.525505","0.0382087","0.559059","0.614816","3.61247","1.71506e-15","3.15511","3.18105","20.1056","6.63231","0","0","0","0","0","0","0","0"
"10.6328","0.500044","0.525505","0.0381735","0.558701","0.614789","3.62438","1.71369e-15","3.15014","3.17296","19.6569","6.61911","0","0","0","0","0","0","0","0"
"10.6362","0.500044","0.525505","0.0381324","0.559132","0.615267","3.65092","1.71344e-15","3.14692","3.16815","18.943","6.6177","0","0","0","0","0","0","0","0"
"10.6397","0.500044","0.525505","0.0381","0.558942","0.615311","3.66706","1.71372e-15","3.14243","3.16342","18.4581","6.61824","0","0","0","0","0","0","0","0"
"10.6429","0.500044","0.52784","0.0380656","0.559354","0.615968","3.67931","1.71436e-15","3.13674","3.15938","18.0136","6.63475","0","0","0","0","0","0","0","0"
"10.6463","0.500044","0.52784","0.0380361","0.558528","0.615216","3.68599","1.71353e-15","3.13862","3.15907","17.7075","6.61423","0","0","0","0","0","0","0","0"
"10.6508","0.500044","0.52784","0.0379918","0.558604","0.614845","3.69452","1.71533e-15","3.1503","3.16503","17.2969","6.62158","0","0","0","0","0","0","0","0"
"10.6541","0.500044","0.52784","0.0379623","0.558363","0.614295","3.69313","1.71649e-15","3.15218","3.16432","17.1427","6.63447","0","0","0","0","0","0","0","0"
"10.6576","0.500044","0.52784","0.0379226","0.557799","0.613566","3.68879","1.71403e-15","3.15008","3.16377","17.0122","6.63007","0","0","0","0","0","0","0","0"
"10.6609","0.500044","0.52858","0.0378879","0.558412","0.613795","3.68093","1.71289e-15","3.14431","3.15793","16.9721","6.61777","0","0","0","0","0","0","0","0"
"10.6643","0.500044","0.52858","0.0378475","0.557205","0.612911","3.66891","1.71502e-15","3.14664","3.15504","16.9758","6.62861","0","0","0","0","0","0","0","0"
"10.6677","0.500044","0.52858","0.0378128","0.556808","0.612109","3.65707","1.71501e-15","3.14593","3.15515","17.0072","6.63121","0","0","0","0","0","0","0","0"
"10.6722","0.500044","0.52858","0.0377369","0.555924","0.610783","3.63825","1.71246e-15","3.1455","3.15549","17.0759","6.61549","0","0","0","0","0","0","0","0"
"10.6755","0.500044","0.528711","0.0376307","0.555035","0.609702","3.62251","1.71333e-15","3.14471","3.15495","17.1806","6.62719","0","0","0","0","0","0","0","0"
"10.6789","0.500044","0.528711","0.0375067","0.553786","0.608088","3.604","1.71395e-15","3.14784","3.16106","17.3082","6.65454","0","0","0","0","0","0","0","0"
"10.6823","0.500044","0.528711","0.0374004","0.553501","0.607593","3.58742","1.7126e-15","3.14903","3.16059","17.4332","6.64607","0","0","0","0","0","0","0","0"
"10.6856","0.500044","0.528711","0.0372765","0.553375","0.606615","3.56919","1.71274e-15","3.14522","3.15902","17.5612","6.64005","0","0","0","0","0","0","0","0"
"10.6891","0.500044","0.528711","0.0371619","0.552972","0.605727","3.55256","1.71428e-15","3.14108","3.15905","17.6925","6.6503","0","0","0","0","0","0","0","0"
"10.6924","0.500044","0.528657","0.0370086","0.552273","0.604382","3.5329","1.71431e-15","3.14132","3.16214","17.8538","6.63956","0","0","0","0","0","0","0","0"
"10.6958","0.500044","0.528657","0.0368772","0.551355","0.603058","3.5164","1.71303e-15","3.14491","3.16825","17.988","6.62028","0","0","0","0","0","0","0","0"
"10.6992","0.500044","0.528657","0.0367239","0.55022","0.601668","3.49577","1.71315e-15","3.14733","3.17182","18.1758","6.60002","0","0","0","0","0","0","0","0"
"10.7026","0.500044","0.528657","0.0365925","0.549752","0.60078","3.47864","1.71487e-15","3.15289","3.17332","18.3289","6.60603","0","0","0","0","0","0","0","0"
"10.706","0.500044","0.528657","0.0364665","0.549534","0.600453","3.45856","1.71364e-15","3.15213","3.17266","18.5134","6.59737","0","0","0","0","0","0","0","0"
"10.7093","0.500044","0.528186","0.0363897","0.548624","0.599","3.44076","1.71326e-15","3.15606","3.17979","18.6875","6.58659","0","0","0","0","0","0","0","0"
"10.7127","0.500044","0.528186","0.0363001","0.548304","0.598187","3.42053","1.71562e-15","3.15371","3.18295","18.8837","6.6168","0","0","0","0","0","0","0","0"
"10.7161","0.500044","0.528186","0.0362233","0.547586","0.597197","3.40453","1.71473e-15","3.15266","3.18408","19.026","6.6163","0","0","0","0","0","0","0","0"
"10.7195","0.500044","0.528186","0.0361337","0.547442","0.596337","3.38759","1.71369e-15","3.15362","3.18422","19.1572","6.60403","0","0","0","0","0","0","0","0"
"10.723","0.500044","0.528186","0.0360863","0.547239","0.596119","3.37284","1.71397e-15","3.14818","3.17881","19.2774","6.5936","0","0","0","0","0","0","0","0"
"10.7263","0.500044","0.527514","0.0360652","0.546473","0.595093","3.35259","1.71257e-15","3.1502","3.18097","19.4892","6.58685","0","0","0","0","0","0","0","0"
"10.7296","0.500044","0.527514","0.0360471","0.545905","0.594071","3.33852","1.71298e-15","3.14755","3.18208","19.5988","6.58635","0","0","0","0","0","0","0","0"
"10.7341","0.500044","0.527514","0.03602","0.545284","0.593385","3.32118","1.71322e-15","3.14707","3.1776","19.6799","6.60382","0","0","0","0","0","0","0","0"
"10.7374","0.500044","0.527514","0.036002","0.545335","0.593128","3.30368","1.71174e-15","3.13939","3.17416","19.8747","6.58636","0","0","0","0","0","0","0","0"
"10.7409","0.500044","0.527514","0.0360267","0.545211","0.592525","3.28348","1.71169e-15","3.15262","3.18301","20.102","6.57407","0","0","0","0","0","0","0","0"
"10.7442","0.500044","0.526877","0.0360545","0.544322","0.591339","3.2664","1.71127e-15","3.15479","3.18952","20.2955","6.59034","0","0","0","0","0","0","0","0"
"10.7476","0.500044","0.526877","0.0360869","0.543886","0.590561","3.24651","1.70972e-15","3.15367","3.18959","20.5255","6.57123","0","0","0","0","0","0","0","0"
"10.751","0.500044","0.526877","0.0361147","0.543625","0.590078","3.23074","1.71137e-15","3.15184","3.18866","20.695","6.57946","0","0","0","0","0","0","0","0"
"10.7555","0.500044","0.526877","0.0361588","0.543134","0.589362","3.20799","1.70947e-15","3.1496","3.18728","20.9317","6.58636","0","0","0","0","0","0","0","0"
"10.7588","0.500044","0.526377","0.0361939","0.542516","0.588612","3.19667","1.71009e-15","3.1489","3.18978","20.9944","6.59944","0","0","0","0","0","0","0","0"
"10.7622","0.500044","0.526377","0.0362348","0.542293","0.587975","3.17772","1.71039e-15","3.14895","3.19001","21.2186","6.60029","0","0","0","0","0","0","0","0"
"10.7656","0.500044","0.526377","0.0362698","0.541944","0.587043","3.1641","1.70956e-15","3.14811","3.1929","21.3454","6.60443","0","0","0","0","0","0","0","0"
"10.769","0.500044","0.526377","0.0363107","0.541127","0.586132","3.14642","1.71136e-15","3.14815","3.19229","21.5443","6.6305","0","0","0","0","0","0","0","0"
"10.7725","0.500044","0.526377","0.0363473","0.540187","0.584817","3.1296","1.70939e-15","3.15015","3.19596","21.7643","6.61794","0","0","0","0","0","0","0","0"
"10.7757","0.500044","0.525949","0.0363937","0.53917","0.583873","3.11121","1.71058e-15","3.15272","3.19495","21.9921","6.61922","0","0","0","0","0","0","0","0"
"10.7791","0.500044","0.525949","0.0364335","0.53895","0.583173","3.10079","1.71038e-15","3.15136","3.19341","22.0424","6.63015","0","0","0","0","0","0","0","0"
"10.7825","0.500044","0.525949","0.0364798","0.537965","0.582033","3.08261","1.70976e-15","3.15421","3.19584","22.2722","6.62622","0","0","0","0","0","0","0","0"
"10.7859","0.500044","0.525949","0.0365196","0.536879","0.580665","3.06651","1.7124e-15","3.15872","3.20312","22.4885","6.65316","0","0","0","0","0","0","0","0"
"10.7894","0.500044","0.525949","0.0365686","0.53649","0.57993","3.05182","1.71062e-15","3.15871","3.20102","22.6265","6.65432","0","0","0","0","0","0","0","0"
"10.7927","0.500044","0.525415","0.0366137","0.536021","0.57924","3.03716","1.71022e-15","3.15393","3.19711","22.8081","6.646","0","0","0","0","0","0","0","0"
"10.7961","0.500044","0.525415","0.0366662","0.536171","0.578722","3.02445","1.71133e-15","3.1468","3.19374","22.8941","6.66503","0","0","0","0","0","0","0","0"
"10.7994","0.500044","0.525415","0.0367113","0.535826","0.578001","3.01351","1.7097e-15","3.14424","3.19602","22.97","6.66504","0","0","0","0","0","0","0","0"
"10.8028","0.500044","0.525415","0.0367639","0.535685","0.577942","2.99726","1.71009e-15","3.14597","3.19165","23.1661","6.65968","0","0","0","0","0","0","0","0"
"10.8063","0.500044","0.525415","0.0368093","0.536166","0.578172","2.98363","1.71015e-15","3.15772","3.19365","23.3291","6.65474","0","0","0","0","0","0","0","0"
"10.8096","0.500044","0.524586","0.0368626","0.536594","0.578214","2.96602","1.70834e-15","3.15583","3.18727","23.5757","6.64594","0","0","0","0","0","0","0","0"
"10.813","0.500044","0.524586","0.0369083","0.536077","0.577588","2.95198","1.70986e-15","3.16859","3.19105","23.7587","6.645","0","0","0","0","0","0","0","0"
"10.8174","0.500044","0.524586","0.0369769","0.53532","0.576559","2.93268","1.70978e-15","3.16934","3.19081","23.9824","6.65265","0","0","0","0","0","0","0","0"
"10.8208","0.500044","0.524586","0.0370226","0.535585","0.576514","2.92555","1.70936e-15","3.16733","3.18744","23.9516","6.65525","0","0","0","0","0","0","0","0"
"10.8243","0.500044","0.524586","0.0370713","0.535053","0.576107","2.90845","1.70874e-15","3.16754","3.18224","24.1993","6.65977","0","0","0","0","0","0","0","0"
"10.8276","0.500044","0.523928","0.0371124","0.53518","0.575904","2.89397","1.70781e-15","3.16778","3.1821","24.411","6.6672","0","0","0","0","0","0","0","0"
"10.8309","0.500044","0.523928","0.0371604","0.53566","0.576447","2.8788","1.70762e-15","3.17775","3.18687","24.6051","6.65017","0","0","0","0","0","0","0","0"
"10.8343","0.500044","0.523928","0.0372015","0.535491","0.576184","2.86573","1.70987e-15","3.17365","3.18174","24.7769","6.67533","0","0","0","0","0","0","0","0"
"10.8389","0.500044","0.523928","0.037264","0.535469","0.576162","2.8454","1.70891e-15","3.17662","3.18123","25.0658","6.67384","0","0","0","0","0","0","0","0"
"10.8421","0.500044","0.523739","0.0373078","0.534619","0.574764","2.83054","1.70942e-15","3.18023","3.1881","25.3091","6.68005","0","0","0","0","0","0","0","0"
"10.8455","0.500044","0.523739","0.0373589","0.534935","0.574633","2.81681","1.71007e-15","3.1715","3.18842","25.4705","6.68456","0","0","0","0","0","0","0","0"
"10.849","0.500044","0.523739","0.0374027","0.535224","0.574458","2.80683","1.7092e-15","3.18437","3.19132","25.5483","6.67274","0","0","0","0","0","0","0","0"
"10.8524","0.500044","0.523739","0.0374538","0.534547","0.573712","2.79284","1.7107e-15","3.19162","3.19158","25.7248","6.68526","0","0","0","0","0","0","0","0"
"10.856","0.500044","0.523739","0.037498","0.534025","0.573068","2.77988","1.70853e-15","3.19025","3.1903","25.9144","6.67384","0","0","0","0","0","0","0","0"
"10.8594","0.500044","0.523633","0.0375506","0.533647","0.572212","2.76329","1.70852e-15","3.19227","3.19145","26.1954","6.67745","0","0","0","0","0","0","0","0"
"10.8628","0.500044","0.523633","0.0376032","0.53353","0.571778","2.75152","1.70907e-15","3.19191","3.19507","26.3013","6.7047","0","0","0","0","0","0","0","0"
"10.8662","0.500044","0.523633","0.0376483","0.533262","0.571831","2.73931","1.70879e-15","3.19469","3.19877","26.4738","6.68077","0","0","0","0","0","0","0","0"
"10.8695","0.500044","0.523633","0.0377009","0.532578","0.570914","2.72273","1.7102e-15","3.19514","3.2024","26.7699","6.66791","0","0","0","0","0","0","0","0"
"10.873","0.500044","0.523633","0.0377441","0.532223","0.570588","2.70974","1.70872e-15","3.195","3.20347","26.9813","6.6542","0","0","0","0","0","0","0","0"
"10.8763","0.500044","0.523488","0.0377924","0.531631","0.569528","2.6947","1.71028e-15","3.19226","3.20517","27.2285","6.65302","0","0","0","0","0","0","0","0"
"10.8797","0.500044","0.523488","0.0378338","0.530891","0.568701","2.68131","1.71001e-15","3.19563","3.20828","27.4651","6.65325","0","0","0","0","0","0","0","0"
"10.8831","0.500044","0.523488","0.037882","0.530919","0.568454","2.66839","1.71028e-15","3.18908","3.20302","27.6375","6.64176","0","0","0","0","0","0","0","0"
"10.8865","0.500044","0.523488","0.0379234","0.531206","0.568706","2.659","1.71187e-15","3.18233","3.19716","27.7196","6.66498","0","0","0","0","0","0","0","0"
"10.8899","0.500044","0.523488","0.0379667","0.530479","0.567765","2.64438","1.70966e-15","3.18091","3.19592","27.9678","6.64882","0","0","0","0","0","0","0","0"
"10.8932","0.500044","0.523061","0.0380007","0.530553","0.567701","2.63146","1.71176e-15","3.17937","3.19601","28.2011","6.65893","0","0","0","0","0","0","0","0"
"10.8966","0.500044","0.523061","0.0380403","0.530672","0.567825","2.61789","1.71141e-15","3.17933","3.19165","28.4158","6.65584","0","0","0","0","0","0","0","0"
"10.9009","0.500044","0.523061","0.0380856","0.530865","0.568093","2.60371","1.71233e-15","3.17055","3.18853","28.6091","6.67642","0","0","0","0","0","0","0","0"
"10.9042","0.500044","0.523061","0.0381196","0.529967","0.566707","2.59107","1.71265e-15","3.17442","3.19462","28.8445","6.67175","0","0","0","0","0","0","0","0"
"10.9077","0.500044","0.523061","0.0381608","0.530323","0.567013","2.58004","1.71133e-15","3.1778","3.1927","28.9611","6.66261","0","0","0","0","0","0","0","0"
"10.9109","0.500044","0.522553","0.0381964","0.530546","0.567423","2.56754","1.71347e-15","3.17382","3.19258","29.1985","6.68241","0","0","0","0","0","0","0","0"
"10.9143","0.500044","0.522553","0.0382379","0.530253","0.566909","2.55413","1.71238e-15","3.17659","3.19597","29.4279","6.6754","0","0","0","0","0","0","0","0"
"10.9177","0.500044","0.522553","0.0382735","0.530191","0.56636","2.54666","1.71351e-15","3.17101","3.19367","29.4458","6.66873","0","0","0","0","0","0","0","0"
"10.9222","0.500044","0.522553","0.0383266","0.530222","0.566604","2.53594","1.71316e-15","3.17918","3.18403","29.4557","6.68587","0","0","0","0","0","0","0","0"
"10.9255","0.500044","0.522295","0.0383614","0.529611","0.565861","2.52426","1.71217e-15","3.17984","3.184","29.6688","6.67426","0","0","0","0","0","0","0","0"
"10.9289","0.500044","0.522295","0.0384019","0.529238","0.565295","2.51492","1.71367e-15","3.17481","3.1787","29.7229","6.68573","0","0","0","0","0","0","0","0"
"10.9323","0.500044","0.522295","0.0384367","0.529871","0.565705","2.50714","1.71236e-15","3.16996","3.18274","29.7601","6.67883","0","0","0","0","0","0","0","0"
"10.9357","0.500044","0.522295","0.0384772","0.530308","0.565923","2.49748","1.71293e-15","3.16459","3.18607","29.8329","6.66708","0","0","0","0","0","0","0","0"
"10.9392","0.500044","0.522295","0.0385104","0.530543","0.566352","2.49522","1.71437e-15","3.1589","3.1766","29.6185","6.66663","0","0","0","0","0","0","0","0"
"10.9424","0.500044","0.522193","0.0385451","0.530844","0.566557","2.48296","1.71257e-15","3.15181","3.17599","29.8146","6.65114","0","0","0","0","0","0","0","0"
"10.9458","0.500044","0.522193","0.0385749","0.530902","0.56659","2.473","1.71323e-15","3.15129","3.17473","29.9595","6.66246","0","0","0","0","0","0","0","0"
"10.9492","0.500044","0.522193","0.0386096","0.530879","0.566415","2.46086","1.71359e-15","3.15207","3.17449","30.1578","6.66822","0","0","0","0","0","0","0","0"
"10.9526","0.500044","0.522193","0.0386394","0.530735","0.566341","2.45505","1.7122e-15","3.15196","3.16877","30.1105","6.65141","0","0","0","0","0","0","0","0"
"10.9561","0.500044","0.522193","0.0386742","0.529992","0.565348","2.4428","1.71245e-15","3.15105","3.17126","30.3187","6.64744","0","0","0","0","0","0","0","0"
"10.9594","0.500044","0.522077","0.0387041","0.530695","0.565802","2.43183","1.71219e-15","3.14859","3.17423","30.5247","6.63953","0","0","0","0","0","0","0","0"
"10.9628","0.500044","0.522077","0.0387389","0.530185","0.565021","2.41913","1.71268e-15","3.14695","3.17098","30.7643","6.64597","0","0","0","0","0","0","0","0"
"10.9662","0.500044","0.522077","0.0387688","0.530527","0.565237","2.41293","1.71408e-15","3.14281","3.17325","30.74","6.65386","0","0","0","0","0","0","0","0"
"10.9695","0.500044","0.522077","0.0388037","0.529622","0.564253","2.40032","1.71361e-15","3.1447","3.17864","30.9815","6.62624","0","0","0","0","0","0","0","0"
"10.973","0.500044","0.522077","0.0388358","0.530119","0.564514","2.39003","1.71333e-15","3.14569","3.1712","31.1665","6.62977","0","0","0","0","0","0","0","0"
"10.9763","0.500044","0.52214","0.0388759","0.52964","0.564171","2.37619","1.7129e-15","3.14294","3.16976","31.4822","6.63096","0","0","0","0","0","0","0","0"
"10.9797","0.500044","0.52214","0.0389103","0.529609","0.563811","2.37123","1.71367e-15","3.141","3.16819","31.3981","6.62026","0","0","0","0","0","0","0","0"
"10.9841","0.500044","0.52214","0.0389618","0.529649","0.563658","2.36325","1.71473e-15","3.13996","3.16786","31.3047","6.64553","0","0","0","0","0","0","0","0"
"10.9875","0.500044","0.52214","0.0389962","0.530084","0.563794","2.35255","1.71407e-15","3.13244","3.16432","31.5214","6.63206","0","0","0","0","0","0","0","0"
"10.991","0.500044","0.52214","0.0390363","0.529607","0.563134","2.34191","1.71456e-15","3.12944","3.16489","31.6815","6.62513","0","0","0","0","0","0","0","0"
"10.9943","0.500044","0.521977","0.0390706","0.52926","0.562901","2.33738","1.71358e-15","3.13134","3.16109","31.5812","6.62013","0","0","0","0","0","0","0","0"
"10.9977","0.500044","0.521977","0.0391107","0.529211","0.562782","2.32617","1.71456e-15","3.13799","3.16754","31.7761","6.62666","0","0","0","0","0","0","0","0"
"11.001","0.500044","0.521977","0.0391451","0.52866","0.562219","2.31597","1.71578e-15","3.14074","3.16617","31.978","6.64435","0","0","0","0","0","0","0","0"
"11.0055","0.500044","0.521977","0.0391955","0.528923","0.562463","2.30623","1.714e-15","3.14013","3.16016","31.9829","6.62446","0","0","0","0","0","0","0","0"
"11.0089","0.500044","0.521738","0.0392266","0.529671","0.562935","2.30049","1.71355e-15","3.14263","3.1703","31.949","6.6306","0","0","0","0","0","0","0","0"
"11.0122","0.500044","0.521738","0.0392629","0.528942","0.562244","2.28701","1.71163e-15","3.14295","3.17081","32.281","6.61877","0","0","0","0","0","0","0","0"
"11.0156","0.500044","0.521738","0.0392939","0.528185","0.561315","2.2759","1.71294e-15","3.1424","3.17241","32.5475","6.61951","0","0","0","0","0","0","0","0"
"11.019","0.500044","0.521738","0.0393302","0.52755","0.56075","2.26438","1.71324e-15","3.14491","3.16883","32.7821","6.64194","0","0","0","0","0","0","0","0"
"11.0225","0.500044","0.521738","0.0393599","0.527105","0.560252","2.25483","1.7112e-15","3.14429","3.16609","32.9681","6.62274","0","0","0","0","0","0","0","0"
"11.0258","0.500044","0.521509","0.0393912","0.527803","0.560853","2.2431","1.71259e-15","3.139","3.16145","33.2242","6.62727","0","0","0","0","0","0","0","0"
"11.0292","0.500044","0.521509","0.0394181","0.528236","0.561159","2.23804","1.71296e-15","3.14461","3.17122","33.1605","6.636","0","0","0","0","0","0","0","0"
"11.0325","0.500044","0.521509","0.0394495","0.528365","0.561032","2.23002","1.7118e-15","3.13887","3.17374","33.2068","6.61469","0","0","0","0","0","0","0","0"
"11.0359","0.500044","0.521509","0.0394763","0.52878","0.56145","2.22332","1.71315e-15","3.13709","3.17734","33.2379","6.61639","0","0","0","0","0","0","0","0"
"11.0394","0.500044","0.521509","0.0395065","0.527607","0.560727","2.21146","1.71289e-15","3.14041","3.18666","33.5137","6.61834","0","0","0","0","0","0","0","0"
"11.0427","0.500044","0.521257","0.0395309","0.526712","0.559767","2.20374","1.71105e-15","3.14179","3.18745","33.6096","6.60909","0","0","0","0","0","0","0","0"
"11.0461","0.500044","0.521257","0.0395595","0.526322","0.559157","2.19655","1.71282e-15","3.13821","3.19077","33.6137","6.59621","0","0","0","0","0","0","0","0"
"11.0495","0.500044","0.521257","0.0395839","0.526978","0.559559","2.19008","1.71196e-15","3.14998","3.19595","33.6366","6.594","0","0","0","0","0","0","0","0"
"11.0529","0.500044","0.521257","0.0396125","0.526785","0.558959","2.17893","1.71199e-15","3.15329","3.19541","33.8839","6.58647","0","0","0","0","0","0","0","0"
"11.0563","0.500044","0.521257","0.039634","0.527175","0.559182","2.17065","1.71234e-15","3.14704","3.188","34.0209","6.58163","0","0","0","0","0","0","0","0"
"11.0596","0.500044","0.52107","0.0396558","0.527939","0.559984","2.16441","1.71048e-15","3.1457","3.17839","33.9756","6.5724","0","0","0","0","0","0","0","0"
"11.063","0.500044","0.52107","0.0396744","0.528668","0.560283","2.16921","1.71121e-15","3.14563","3.17623","33.3346","6.57337","0","0","0","0","0","0","0","0"
"11.0674","0.500044","0.52107","0.0397024","0.527663","0.559325","2.15471","1.71289e-15","3.14366","3.17111","33.6685","6.56415","0","0","0","0","0","0","0","0"
"11.0708","0.500044","0.52107","0.039721","0.527605","0.559077","2.14697","1.71114e-15","3.13495","3.16564","33.7766","6.54996","0","0","0","0","0","0","0","0"
"11.0743","0.500044","0.52107","0.0397357","0.528325","0.559603","2.1407","1.71159e-15","3.13461","3.16563","33.7382","6.52503","0","0","0","0","0","0","0","0"
"11.0776","0.500044","0.520818","0.0397473","0.528281","0.559884","2.13866","1.71207e-15","3.13165","3.16264","33.5049","6.54703","0","0","0","0","0","0","0","0"
"11.081","0.500044","0.520818","0.0397608","0.528206","0.559436","2.12849","1.71051e-15","3.13469","3.16105","33.7057","6.53209","0","0","0","0","0","0","0","0"
"11.0844","0.500044","0.520818","0.0397723","0.528236","0.559703","2.11985","1.71186e-15","3.13778","3.15773","33.8775","6.54582","0","0","0","0","0","0","0","0"
"11.0888","0.500044","0.520818","0.0397878","0.528586","0.55992","2.10703","1.7131e-15","3.13704","3.15776","34.1309","6.55621","0","0","0","0","0","0","0","0"
"11.0922","0.500044","0.520738","0.0397936","0.527937","0.559591","2.1052","1.71132e-15","3.13676","3.15773","33.8784","6.53987","0","0","0","0","0","0","0","0"
"11.0956","0.500044","0.520738","0.0398005","0.527193","0.558962","2.09642","1.71219e-15","3.13281","3.15312","34.0024","6.5462","0","0","0","0","0","0","0","0"
"11.099","0.500044","0.520738","0.0398063","0.527321","0.559123","2.08833","1.71274e-15","3.12728","3.15042","34.1479","6.55368","0","0","0","0","0","0","0","0"
"11.1023","0.500044","0.520738","0.0398131","0.5273","0.559115","2.07905","1.7107e-15","3.12343","3.14632","34.3097","6.53674","0","0","0","0","0","0","0","0"
"11.1058","0.500044","0.520738","0.0398153","0.527068","0.559192","2.06989","1.71184e-15","3.12","3.14207","34.5308","6.53527","0","0","0","0","0","0","0","0"
"11.1091","0.500044","0.520699","0.0398095","0.526614","0.558921","2.06159","1.71162e-15","3.11499","3.14016","34.6359","6.55705","0","0","0","0","0","0","0","0"
"11.1125","0.500044","0.520699","0.0398046","0.525915","0.55813","2.05456","1.71016e-15","3.1183","3.14141","34.7221","6.54252","0","0","0","0","0","0","0","0"
"11.1159","0.500044","0.520699","0.0397988","0.526386","0.558573","2.04638","1.71145e-15","3.10987","3.13609","34.8241","6.5591","0","0","0","0","0","0","0","0"
"11.1193","0.500044","0.520699","0.0397938","0.525768","0.558118","2.03633","1.71347e-15","3.10901","3.132","35.1181","6.56011","0","0","0","0","0","0","0","0"
"11.1228","0.500044","0.520699","0.0397885","0.527146","0.559196","2.03237","1.71132e-15","3.10384","3.12166","34.9446","6.54248","0","0","0","0","0","0","0","0"
"11.126","0.500044","0.520537","0.0397844","0.527402","0.55939","2.03269","1.71272e-15","3.10312","3.11424","34.5544","6.5492","0","0","0","0","0","0","0","0"
"11.1294","0.500044","0.520537","0.0397797","0.528033","0.559601","2.02449","1.71366e-15","3.10503","3.12386","34.6646","6.57002","0","0","0","0","0","0","0","0"
"11.1328","0.500044","0.520537","0.0397757","0.527774","0.559366","2.01501","1.71176e-15","3.10382","3.12523","34.926","6.5595","0","0","0","0","0","0","0","0"
"11.1362","0.500044","0.520537","0.039771","0.528023","0.559345","2.00446","1.71305e-15","3.11057","3.12423","35.2023","6.57335","0","0","0","0","0","0","0","0"
"11.1397","0.500044","0.520537","0.0397572","0.528195","0.559495","1.99873","1.7133e-15","3.11147","3.12483","35.2141","6.56001","0","0","0","0","0","0","0","0"
"11.143","0.500044","0.520375","0.0397298","0.52797","0.559079","1.98844","1.71197e-15","3.10339","3.11906","35.4802","6.54893","0","0","0","0","0","0","0","0"
"11.1465","0.500044","0.520375","0.0397063","0.528931","0.559808","1.98192","1.71261e-15","3.10333","3.1151","35.5513","6.54655","0","0","0","0","0","0","0","0"
"11.1508","0.500044","0.520375","0.039671","0.529138","0.559857","1.9777","1.71372e-15","3.10414","3.11437","35.2758","6.57616","0","0","0","0","0","0","0","0"
"11.1542","0.500044","0.520375","0.0396475","0.528396","0.559015","1.96826","1.71187e-15","3.1031","3.11515","35.5542","6.55983","0","0","0","0","0","0","0","0"
"11.1576","0.500044","0.520375","0.0396164","0.52841","0.558971","1.96194","1.71349e-15","3.1022","3.11973","35.5527","6.55073","0","0","0","0","0","0","0","0"
"11.1609","0.500044","0.520508","0.0395892","0.528289","0.558899","1.95508","1.71451e-15","3.09856","3.12275","35.6531","6.57339","0","0","0","0","0","0","0","0"
"11.1643","0.500044","0.520508","0.0395574","0.528411","0.558634","1.95021","1.71259e-15","3.09574","3.12125","35.5494","6.55982","0","0","0","0","0","0","0","0"
"11.1677","0.500044","0.520508","0.0395301","0.528404","0.558524","1.94428","1.71356e-15","3.09698","3.12061","35.5874","6.54985","0","0","0","0","0","0","0","0"
"11.1722","0.500044","0.520508","0.0394957","0.528399","0.558152","1.93756","1.71395e-15","3.09496","3.11708","35.4899","6.55669","0","0","0","0","0","0","0","0"
"11.1755","0.500044","0.520618","0.0394876","0.528153","0.557752","1.92889","1.7119e-15","3.0924","3.11775","35.7278","6.54132","0","0","0","0","0","0","0","0"
"11.1789","0.500044","0.520618","0.0394783","0.528259","0.557782","1.92361","1.71393e-15","3.09156","3.11331","35.6583","6.55156","0","0","0","0","0","0","0","0"
"11.1823","0.500044","0.520618","0.0394702","0.527826","0.557283","1.91632","1.71387e-15","3.08998","3.10861","35.8001","6.56186","0","0","0","0","0","0","0","0"
"11.1857","0.500044","0.520618","0.0394608","0.528077","0.557365","1.90795","1.71248e-15","3.08445","3.1033","35.96","6.54927","0","0","0","0","0","0","0","0"
"11.1892","0.500044","0.520618","0.0394579","0.527603","0.557016","1.89885","1.71353e-15","3.08201","3.10052","36.2434","6.56476","0","0","0","0","0","0","0","0"
"11.1924","0.500044","0.520574","0.0394665","0.526957","0.556214","1.88889","1.71163e-15","3.08411","3.10005","36.5307","6.55517","0","0","0","0","0","0","0","0"
"11.1958","0.500044","0.520574","0.0394739","0.526106","0.555481","1.88097","1.71237e-15","3.08697","3.1015","36.7347","6.5494","0","0","0","0","0","0","0","0"
"11.1992","0.500044","0.520574","0.0394824","0.525703","0.554925","1.87349","1.71207e-15","3.08731","3.10101","36.8414","6.5516","0","0","0","0","0","0","0","0"
"11.2026","0.500044","0.520574","0.0394898","0.525806","0.555136","1.86626","1.71201e-15","3.0936","3.10858","36.9986","6.54704","0","0","0","0","0","0","0","0"
"11.2061","0.500044","0.520574","0.039505","0.525325","0.55458","1.86026","1.7127e-15","3.09627","3.10894","36.9973","6.55718","0","0","0","0","0","0","0","0"
"11.2094","0.500044","0.520369","0.0395257","0.525533","0.554853","1.85528","1.7108e-15","3.10182","3.10951","36.9847","6.54783","0","0","0","0","0","0","0","0"
"11.2128","0.500044","0.520369","0.0395498","0.525329","0.554524","1.84576","1.71268e-15","3.10337","3.1141","37.2618","6.58656","0","0","0","0","0","0","0","0"
"11.2162","0.500044","0.520369","0.0395705","0.525541","0.554602","1.84146","1.71307e-15","3.10478","3.12157","37.1995","6.60558","0","0","0","0","0","0","0","0"
"11.2195","0.500044","0.520369","0.0395946","0.524991","0.55404","1.83451","1.71218e-15","3.10678","3.12621","37.2778","6.59618","0","0","0","0","0","0","0","0"
"11.223","0.500044","0.520369","0.039615","0.525138","0.554104","1.82879","1.71232e-15","3.10315","3.12428","37.3276","6.61023","0","0","0","0","0","0","0","0"
"11.2263","0.500044","0.519956","0.0396383","0.525388","0.554558","1.84082","1.71081e-15","3.10591","3.11867","35.9814","6.60256","0","0","0","0","0","0","0","0"
"11.2297","0.500044","0.519956","0.0396583","0.525633","0.554778","1.83997","1.71133e-15","3.10549","3.12192","35.6652","6.60329","0","0","0","0","0","0","0","0"
"11.2341","0.500044","0.519956","0.0396884","0.526349","0.555645","1.83822","1.71269e-15","3.09889","3.11934","35.2416","6.64939","0","0","0","0","0","0","0","0"
"11.2375","0.500044","0.519956","0.0397084","0.525967","0.554926","1.82904","1.7114e-15","3.09755","3.12124","35.5513","6.62215","0","0","0","0","0","0","0","0"
"11.241","0.500044","0.519956","0.0397261","0.5257","0.554718","1.82569","1.71206e-15","3.09658","3.1226","35.361","6.61132","0","0","0","0","0","0","0","0"
"11.2443","0.500044","0.519682","0.0397406","0.526033","0.554819","1.82336","1.71191e-15","3.09654","3.11928","35.1576","6.61672","0","0","0","0","0","0","0","0"
"11.2477","0.500044","0.519682","0.0397574","0.52585","0.554474","1.81823","1.71031e-15","3.09285","3.11768","35.0997","6.60138","0","0","0","0","0","0","0","0"
"11.251","0.500044","0.519682","0.0397718","0.525593","0.554091","1.81032","1.7123e-15","3.10047","3.12433","35.3179","6.63431","0","0","0","0","0","0","0","0"
"11.2555","0.500044","0.519682","0.0397895","0.525713","0.553981","1.80591","1.7115e-15","3.09411","3.11751","35.0847","6.63952","0","0","0","0","0","0","0","0"
"11.2589","0.500044","0.519635","0.039792","0.525299","0.553365","1.80291","1.71114e-15","3.10144","3.1219","34.9336","6.62494","0","0","0","0","0","0","0","0"
"11.2622","0.500044","0.519635","0.039795","0.524904","0.552676","1.80617","1.71275e-15","3.09857","3.12001","34.2631","6.62925","0","0","0","0","0","0","0","0"
"11.2657","0.500044","0.519635","0.0397975","0.524976","0.552912","1.80212","1.71107e-15","3.09677","3.11462","34.2006","6.61678","0","0","0","0","0","0","0","0"
"11.269","0.500044","0.519635","0.0398005","0.525146","0.552835","1.80037","1.71261e-15","3.09335","3.10882","33.9064","6.62951","0","0","0","0","0","0","0","0"
"11.2725","0.500044","0.519635","0.0398025","0.524273","0.552144","1.79177","1.7128e-15","3.09551","3.11122","34.1747","6.63844","0","0","0","0","0","0","0","0"
"11.2758","0.500044","0.519478","0.0398037","0.525116","0.552417","1.78786","1.71192e-15","3.09202","3.11492","34.0372","6.61912","0","0","0","0","0","0","0","0"
"11.2792","0.500044","0.519478","0.0398047","0.525824","0.553085","1.79348","1.71358e-15","3.09608","3.11119","33.2873","6.62608","0","0","0","0","0","0","0","0"
"11.2825","0.500044","0.519478","0.0398059","0.526253","0.553162","1.78711","1.71135e-15","3.08818","3.10952","33.3305","6.61213","0","0","0","0","0","0","0","0"
"11.2859","0.500044","0.519478","0.039807","0.526137","0.553051","1.7865","1.71286e-15","3.08644","3.10573","33.0234","6.61648","0","0","0","0","0","0","0","0"
"11.2894","0.500044","0.519478","0.039813","0.526226","0.553132","1.77784","1.7112e-15","3.08292","3.10588","33.2332","6.60907","0","0","0","0","0","0","0","0"
"11.2927","0.500044","0.519162","0.0398237","0.526541","0.553143","1.77538","1.71226e-15","3.07647","3.11065","33.0557","6.61454","0","0","0","0","0","0","0","0"
"11.2961","0.500044","0.519162","0.0398361","0.525503","0.552107","1.76803","1.71342e-15","3.08","3.11529","33.1735","6.62876","0","0","0","0","0","0","0","0"
"11.2996","0.500044","0.519162","0.0398468","0.525575","0.551935","1.76428","1.71259e-15","3.08386","3.11176","33.0897","6.62061","0","0","0","0","0","0","0","0"
"11.3028","0.500044","0.519162","0.0398593","0.526059","0.552231","1.75559","1.71459e-15","3.08048","3.11562","33.3103","6.64778","0","0","0","0","0","0","0","0"
"11.3063","0.500044","0.519162","0.0398743","0.526094","0.552001","1.74768","1.71322e-15","3.07908","3.11433","33.5381","6.63398","0","0","0","0","0","0","0","0"
"11.3096","0.500044","0.519058","0.0398968","0.525986","0.551783","1.73958","1.71498e-15","3.07338","3.11021","33.7224","6.6458","0","0","0","0","0","0","0","0"
"11.313","0.500044","0.519058","0.0399161","0.526428","0.551969","1.7456","1.7149e-15","3.07331","3.11002","32.9407","6.66488","0","0","0","0","0","0","0","0"
"11.3174","0.500044","0.519058","0.039945","0.526902","0.552279","1.76026","1.71511e-15","3.08237","3.11468","31.4601","6.66629","0","0","0","0","0","0","0","0"
"11.3208","0.500044","0.519058","0.0399643","0.526633","0.551848","1.75543","1.71574e-15","3.08243","3.11483","31.4569","6.68225","0","0","0","0","0","0","0","0"
"11.3243","0.500044","0.519058","0.0399879","0.526973","0.552246","1.7502","1.71384e-15","3.08217","3.11101","31.4289","6.66752","0","0","0","0","0","0","0","0"
"11.3276","0.500044","0.518994","0.0400083","0.526011","0.551331","1.74172","1.71598e-15","3.08653","3.11413","31.686","6.67955","0","0","0","0","0","0","0","0"
"11.331","0.500044","0.518994","0.0400322","0.525576","0.55101","1.7349","1.71524e-15","3.08672","3.11088","31.7737","6.66302","0","0","0","0","0","0","0","0"
"11.3344","0.500044","0.518994","0.0400526","0.525306","0.550625","1.73311","1.71585e-15","3.08447","3.1088","31.5629","6.67528","0","0","0","0","0","0","0","0"
"11.3389","0.500044","0.518994","0.0400837","0.524909","0.55076","1.72676","1.71441e-15","3.08673","3.10621","31.5062","6.65418","0","0","0","0","0","0","0","0"
"11.3422","0.500044","0.518874","0.0401055","0.52567","0.551906","1.72749","1.7141e-15","3.08357","3.1069","31.1382","6.65535","0","0","0","0","0","0","0","0"
"11.3456","0.500044","0.518874","0.040131","0.526155","0.552922","1.72323","1.71388e-15","3.08275","3.11057","31.0464","6.64215","0","0","0","0","0","0","0","0"
"11.349","0.500044","0.518874","0.0401528","0.526101","0.553245","1.71848","1.71472e-15","3.08327","3.11032","31.0453","6.64361","0","0","0","0","0","0","0","0"
"11.3523","0.500044","0.518874","0.0401783","0.525893","0.553062","1.71112","1.71345e-15","3.07912","3.10735","31.1737","6.64186","0","0","0","0","0","0","0","0"
"11.3558","0.500044","0.518874","0.0401997","0.52637","0.55431","1.70532","1.71438e-15","3.07618","3.12502","31.2513","6.64774","0","0","0","0","0","0","0","0"
"11.3592","0.500044","0.518648","0.0402239","0.526064","0.554222","1.70003","1.71262e-15","3.07282","3.12286","31.2361","6.6327","0","0","0","0","0","0","0","0"
"11.3625","0.500044","0.518648","0.0402447","0.526939","0.556362","1.69889","1.71451e-15","3.07216","3.12675","30.9927","6.65385","0","0","0","0","0","0","0","0"
"11.3659","0.500044","0.518648","0.0402688","0.526745","0.556193","1.69332","1.71319e-15","3.06949","3.12245","30.9999","6.64317","0","0","0","0","0","0","0","0"
"11.3693","0.500044","0.518648","0.0402896","0.527243","0.557264","1.68769","1.71505e-15","3.06315","3.12005","31.0677","6.65821","0","0","0","0","0","0","0","0"
"11.3728","0.500044","0.518648","0.0403142","0.52809","0.559013","1.68957","1.71292e-15","3.06324","3.13153","30.574","6.65361","0","0","0","0","0","0","0","0"
"11.376","0.500044","0.518701","0.0403357","0.528297","0.559595","1.68812","1.71473e-15","3.06264","3.12774","30.3525","6.67049","0","0","0","0","0","0","0","0"
"11.3794","0.500044","0.518701","0.0403608","0.527933","0.559855","1.68181","1.71337e-15","3.05994","3.11767","30.4133","6.65673","0","0","0","0","0","0","0","0"
"11.3828","0.500044","0.518701","0.0403823","0.527978","0.560344","1.68008","1.71495e-15","3.05901","3.11707","30.2116","6.66541","0","0","0","0","0","0","0","0"
"11.3862","0.500044","0.518701","0.0404074","0.527836","0.561183","1.67673","1.71379e-15","3.06152","3.11511","30.0693","6.65396","0","0","0","0","0","0","0","0"
"11.3897","0.500044","0.518701","0.0404237","0.528065","0.561818","1.67192","1.71327e-15","3.05699","3.10744","30.0811","6.65242","0","0","0","0","0","0","0","0"
"11.393","0.500044","0.519139","0.0404363","0.52841","0.562799","1.66766","1.71232e-15","3.0532","3.09467","30.0085","6.64916","0","0","0","0","0","0","0","0"
"11.3964","0.500044","0.519139","0.0404472","0.52867","0.563964","1.66833","1.71397e-15","3.05377","3.09539","29.6499","6.66153","0","0","0","0","0","0","0","0"
"11.4008","0.500044","0.519139","0.0404636","0.52963","0.565744","1.66068","1.71346e-15","3.04673","3.08716","29.7017","6.65627","0","0","0","0","0","0","0","0"
"11.4042","0.500044","0.519139","0.0404745","0.530182","0.566868","1.65791","1.71543e-15","3.04388","3.08066","29.5779","6.66465","0","0","0","0","0","0","0","0"
"11.4076","0.500044","0.519139","0.0404527","0.531707","0.568047","1.66202","1.71293e-15","3.05343","3.07965","28.955","6.65372","0","0","0","0","0","0","0","0"
"11.4109","0.500044","0.519682","0.040429","0.531475","0.568215","1.65648","1.71464e-15","3.05175","3.07496","29.0192","6.66687","0","0","0","0","0","0","0","0"
"11.4143","0.500044","0.519682","0.0404015","0.531998","0.568945","1.65664","1.71379e-15","3.05646","3.07066","28.6554","6.6529","0","0","0","0","0","0","0","0"
"11.4177","0.500044","0.519682","0.0403778","0.53194","0.56915","1.654","1.7156e-15","3.05839","3.06609","28.5297","6.66392","0","0","0","0","0","0","0","0"
"11.4222","0.500044","0.519682","0.0403375","0.531967","0.569624","1.65811","1.71377e-15","3.05399","3.06737","27.8289","6.64813","0","0","0","0","0","0","0","0"
"11.4255","0.500044","0.520297","0.0402992","0.531888","0.57009","1.65228","1.71478e-15","3.04948","3.06352","27.9111","6.66445","0","0","0","0","0","0","0","0"
"11.4289","0.500044","0.520297","0.0402545","0.531565","0.569727","1.64421","1.71378e-15","3.04962","3.05686","28.0937","6.64478","0","0","0","0","0","0","0","0"
"11.4323","0.500044","0.520297","0.0402163","0.530804","0.569118","1.63951","1.71579e-15","3.05194","3.05739","28.1041","6.65845","0","0","0","0","0","0","0","0"
"11.4357","0.500044","0.520297","0.0401716","0.530898","0.569758","1.63555","1.71512e-15","3.04709","3.05141","28.018","6.63746","0","0","0","0","0","0","0","0"
"11.4391","0.500044","0.520297","0.0400922","0.530524","0.569456","1.63126","1.7172e-15","3.04517","3.04821","28.0044","6.6478","0","0","0","0","0","0","0","0"
"11.4424","0.500044","0.520933","0.0399035","0.529632","0.568851","1.62688","1.71558e-15","3.04492","3.04411","27.946","6.63827","0","0","0","0","0","0","0","0"
"11.4458","0.500044","0.520933","0.0397417","0.530056","0.570099","1.62983","1.71633e-15","3.04348","3.04202","27.4706","6.65758","0","0","0","0","0","0","0","0"
"11.4492","0.500044","0.520933","0.039553","0.529971","0.570488","1.62528","1.71549e-15","3.03842","3.03631","27.4282","6.65543","0","0","0","0","0","0","0","0"
"11.4526","0.500044","0.520933","0.0393913","0.531032","0.572291","1.62814","1.7169e-15","3.05421","3.07078","26.9668","6.64288","0","0","0","0","0","0","0","0"
"11.4561","0.500044","0.520933","0.0391868","0.531176","0.572868","1.62701","1.71479e-15","3.05427","3.06614","26.7116","6.62847","0","0","0","0","0","0","0","0"
"11.4594","0.500044","0.521043","0.0389934","0.530573","0.572573","1.62341","1.7171e-15","3.05608","3.06497","26.6581","6.64804","0","0","0","0","0","0","0","0"
"11.4628","0.500044","0.521043","0.0387679","0.531247","0.573906","1.61664","1.71677e-15","3.05785","3.06477","26.7576","6.62942","0","0","0","0","0","0","0","0"
"11.4662","0.500044","0.521043","0.0385745","0.531113","0.574636","1.61135","1.71867e-15","3.05916","3.06885","26.8116","6.64882","0","0","0","0","0","0","0","0"
"11.4696","0.500044","0.521043","0.038349","0.531768","0.576367","1.62275","1.71749e-15","3.05438","3.08382","25.8397","6.6435","0","0","0","0","0","0","0","0"
"11.473","0.500044","0.521043","0.038182","0.532801","0.577584","1.62723","1.71645e-15","3.05413","3.08802","25.3351","6.63831","0","0","0","0","0","0","0","0"
"11.4763","0.500044","0.52114","0.038018","0.532355","0.577198","1.62588","1.71605e-15","3.05617","3.08786","25.1078","6.65437","0","0","0","0","0","0","0","0"
"11.4797","0.500044","0.52114","0.0378775","0.531707","0.576726","1.62105","1.71664e-15","3.05593","3.0867","25.1282","6.64448","0","0","0","0","0","0","0","0"
"11.4841","0.500044","0.52114","0.0376667","0.531129","0.576764","1.61523","1.71589e-15","3.0551","3.08063","25.0788","6.66099","0","0","0","0","0","0","0","0"
"11.4875","0.500044","0.52114","0.0375261","0.530511","0.576522","1.60833","1.71548e-15","3.0538","3.07963","25.2273","6.66813","0","0","0","0","0","0","0","0"
"11.491","0.500044","0.52114","0.0373814","0.530232","0.576565","1.60423","1.71411e-15","3.0537","3.07975","25.1628","6.65727","0","0","0","0","0","0","0","0"
"11.4943","0.500044","0.521649","0.0372602","0.530436","0.577249","1.5988","1.71354e-15","3.05123","3.08321","25.2257","6.65749","0","0","0","0","0","0","0","0"
"11.4977","0.500044","0.521649","0.0371188","0.530292","0.577157","1.59228","1.71449e-15","3.04904","3.08151","25.3113","6.65584","0","0","0","0","0","0","0","0"
"11.501","0.500044","0.521649","0.0369975","0.529605","0.57677","1.5867","1.71372e-15","3.0516","3.08006","25.3842","6.65441","0","0","0","0","0","0","0","0"
"11.5055","0.500044","0.521649","0.0368352","0.529494","0.576926","1.5851","1.71502e-15","3.04961","3.07822","25.0876","6.65978","0","0","0","0","0","0","0","0"
"11.5089","0.500044","0.521978","0.0367726","0.529388","0.577311","1.58079","1.71376e-15","3.04904","3.07596","25.0848","6.64658","0","0","0","0","0","0","0","0"
"11.5122","0.500044","0.521978","0.0366994","0.528748","0.577088","1.57413","1.71487e-15","3.04832","3.07406","25.1829","6.64927","0","0","0","0","0","0","0","0"
"11.5156","0.500044","0.521978","0.0366368","0.528386","0.577444","1.5672","1.71347e-15","3.0464","3.07982","25.346","6.6349","0","0","0","0","0","0","0","0"
"11.519","0.500044","0.521978","0.0365637","0.52786","0.577569","1.5626","1.7146e-15","3.05083","3.07762","25.3219","6.65019","0","0","0","0","0","0","0","0"
"11.5225","0.500044","0.521978","0.0365146","0.527131","0.576803","1.55796","1.71335e-15","3.05102","3.07903","25.3429","6.64199","0","0","0","0","0","0","0","0"
"11.5258","0.500044","0.521877","0.0364893","0.527434","0.5772","1.55769","1.71442e-15","3.04576","3.07559","25.0535","6.66106","0","0","0","0","0","0","0","0"
"11.5292","0.500044","0.521877","0.0364675","0.527679","0.577414","1.55435","1.71386e-15","3.04231","3.06914","24.9955","6.66169","0","0","0","0","0","0","0","0"
"11.5325","0.500044","0.521877","0.0364421","0.527705","0.578387","1.55484","1.71505e-15","3.04191","3.06283","24.6779","6.64727","0","0","0","0","0","0","0","0"
"11.5359","0.500044","0.521877","0.0364204","0.528442","0.579763","1.5643","1.71425e-15","3.04438","3.05938","23.9042","6.64228","0","0","0","0","0","0","0","0"
"11.5394","0.500044","0.521877","0.0364049","0.529331","0.581409","1.5654","1.71272e-15","3.04907","3.05859","23.5668","6.62436","0","0","0","0","0","0","0","0"
"11.5427","0.500044","0.521753","0.0364029","0.528987","0.581664","1.56298","1.71373e-15","3.04865","3.06259","23.4614","6.62835","0","0","0","0","0","0","0","0"
"11.5461","0.500044","0.521753","0.0364006","0.530566","0.583499","1.55642","1.71389e-15","3.05665","3.07219","23.5515","6.63128","0","0","0","0","0","0","0","0"
"11.5495","0.500044","0.521753","0.0363986","0.531075","0.584659","1.55006","1.71509e-15","3.05344","3.07387","23.6732","6.6444","0","0","0","0","0","0","0","0"
"11.5528","0.500044","0.521753","0.0363963","0.532405","0.586169","1.54803","1.7142e-15","3.05466","3.07349","23.5075","6.64242","0","0","0","0","0","0","0","0"
"11.5563","0.500044","0.521753","0.0363732","0.533544","0.588108","1.5478","1.71426e-15","3.06313","3.08119","23.2816","6.63649","0","0","0","0","0","0","0","0"
"11.5596","0.500044","0.521792","0.0363216","0.534658","0.590091","1.54052","1.71286e-15","3.05901","3.08501","23.418","6.63368","0","0","0","0","0","0","0","0"
"11.563","0.500044","0.521792","0.0362774","0.535375","0.591196","1.53716","1.71462e-15","3.0593","3.08316","23.3673","6.6516","0","0","0","0","0","0","0","0"
"11.5674","0.500044","0.521792","0.0362111","0.535695","0.592187","1.53504","1.71436e-15","3.0602","3.08171","23.133","6.65749","0","0","0","0","0","0","0","0"
"11.5708","0.500044","0.521792","0.0361668","0.535719","0.593382","1.53238","1.71477e-15","3.05752","3.08287","23.0472","6.66565","0","0","0","0","0","0","0","0"
"11.5743","0.500044","0.521792","0.0360914","0.536529","0.594677","1.53297","1.71439e-15","3.05491","3.08044","22.7455","6.66048","0","0","0","0","0","0","0","0"
"11.5776","0.500044","0.522602","0.0360234","0.537835","0.596059","1.53098","1.71527e-15","3.05502","3.07368","22.624","6.67188","0","0","0","0","0","0","0","0"
"11.581","0.500044","0.522602","0.035944","0.538555","0.597444","1.5308","1.71512e-15","3.06229","3.07862","22.3701","6.66474","0","0","0","0","0","0","0","0"
"11.5843","0.500044","0.522602","0.0358759","0.539492","0.598468","1.52997","1.71588e-15","3.06614","3.07365","22.1953","6.66174","0","0","0","0","0","0","0","0"
"11.5888","0.500044","0.522602","0.0357879","0.540228","0.59954","1.52659","1.71666e-15","3.06002","3.07258","22.0475","6.65922","0","0","0","0","0","0","0","0"
"11.5922","0.500044","0.523925","0.0357622","0.540485","0.599758","1.52057","1.71559e-15","3.05909","3.06795","22.1495","6.64551","0","0","0","0","0","0","0","0"
"11.5957","0.500044","0.523925","0.0357321","0.540519","0.600162","1.51926","1.71664e-15","3.05522","3.06943","21.9595","6.64482","0","0","0","0","0","0","0","0"
"11.599","0.500044","0.523925","0.0357063","0.540072","0.599823","1.51361","1.71586e-15","3.05578","3.0669","22.0424","6.63187","0","0","0","0","0","0","0","0"
"11.6023","0.500044","0.523925","0.0356763","0.540678","0.600306","1.5102","1.71734e-15","3.05273","3.06153","21.9668","6.63982","0","0","0","0","0","0","0","0"
"11.6058","0.500044","0.523925","0.0356605","0.541338","0.600762","1.50626","1.71589e-15","3.04371","3.05362","21.9565","6.6184","0","0","0","0","0","0","0","0"
"11.6091","0.500044","0.525005","0.0356655","0.54097","0.600327","1.50669","1.71702e-15","3.0459","3.05364","21.6705","6.60986","0","0","0","0","0","0","0","0"
"11.6125","0.500044","0.525005","0.0356698","0.541698","0.601225","1.5161","1.71643e-15","3.0432","3.05774","21.0336","6.59149","0","0","0","0","0","0","0","0"
"11.6159","0.500044","0.525005","0.0356748","0.541569","0.601154","1.51447","1.71824e-15","3.04274","3.05997","20.8701","6.60204","0","0","0","0","0","0","0","0"
"11.6193","0.500044","0.525005","0.0356791","0.541557","0.600832","1.51439","1.71704e-15","3.04189","3.05984","20.6702","6.58316","0","0","0","0","0","0","0","0"
"11.6228","0.500044","0.525005","0.0356943","0.542022","0.601083","1.51253","1.71723e-15","3.04395","3.0628","20.5197","6.56847","0","0","0","0","0","0","0","0"
"11.626","0.500044","0.52576","0.035719","0.54254","0.601583","1.51058","1.71568e-15","3.03913","3.05603","20.4121","6.56216","0","0","0","0","0","0","0","0"
"11.6294","0.500044","0.52576","0.0357477","0.543028","0.60192","1.50516","1.71709e-15","3.03397","3.05476","20.444","6.55246","0","0","0","0","0","0","0","0"
"11.6328","0.500044","0.52576","0.0357724","0.543528","0.6023","1.50205","1.7168e-15","3.03542","3.05316","20.3935","6.56475","0","0","0","0","0","0","0","0"
"11.6362","0.500044","0.52576","0.0358012","0.543225","0.601943","1.49897","1.71669e-15","3.03171","3.04864","20.3077","6.55144","0","0","0","0","0","0","0","0"
"11.6397","0.500044","0.52576","0.0358242","0.543644","0.602569","1.49766","1.7177e-15","3.03118","3.04615","20.1736","6.57375","0","0","0","0","0","0","0","0"
"11.643","0.500044","0.526136","0.0358489","0.543703","0.602258","1.50633","1.71586e-15","3.03377","3.04344","19.5408","6.56187","0","0","0","0","0","0","0","0"
"11.6463","0.500044","0.526136","0.0358701","0.543531","0.602128","1.52109","1.71811e-15","3.03122","3.04105","18.7202","6.57904","0","0","0","0","0","0","0","0"
"11.6508","0.500044","0.526136","0.0359019","0.543985","0.602192","1.52189","1.71686e-15","3.02994","3.0424","18.4242","6.56445","0","0","0","0","0","0","0","0"
"11.6542","0.500044","0.526136","0.0359231","0.543718","0.60153","1.51713","1.71946e-15","3.03164","3.04111","18.4538","6.57361","0","0","0","0","0","0","0","0"
"11.6577","0.500044","0.526136","0.0359556","0.543897","0.601569","1.51134","1.71723e-15","3.02874","3.03984","18.4993","6.55825","0","0","0","0","0","0","0","0"
"11.661","0.500044","0.526556","0.0359845","0.543396","0.600765","1.50584","1.71884e-15","3.03015","3.04246","18.564","6.55761","0","0","0","0","0","0","0","0"
"11.6643","0.500044","0.526556","0.0360183","0.543308","0.600177","1.50943","1.71917e-15","3.03078","3.04035","18.1999","6.57269","0","0","0","0","0","0","0","0"
"11.6678","0.500044","0.526556","0.0360473","0.543747","0.600303","1.50766","1.71874e-15","3.04188","3.05172","18.0984","6.57398","0","0","0","0","0","0","0","0"
"11.6722","0.500044","0.526556","0.0360886","0.543813","0.59988","1.50258","1.71964e-15","3.04147","3.04731","18.053","6.56913","0","0","0","0","0","0","0","0"
"11.6756","0.500044","0.526882","0.0361113","0.543957","0.599793","1.49933","1.71868e-15","3.04121","3.04763","18.0189","6.56962","0","0","0","0","0","0","0","0"
"11.6791","0.500044","0.526882","0.0361378","0.544315","0.600612","1.49821","1.71948e-15","3.04131","3.04392","17.8639","6.57291","0","0","0","0","0","0","0","0"
"11.6823","0.500044","0.526882","0.0361606","0.544935","0.601331","1.50069","1.71864e-15","3.04607","3.04335","17.5936","6.56791","0","0","0","0","0","0","0","0"
"11.6857","0.500044","0.526882","0.0361871","0.54441","0.600435","1.50522","1.72047e-15","3.04534","3.04678","17.2286","6.60185","0","0","0","0","0","0","0","0"
"11.6892","0.500044","0.526882","0.0361986","0.544928","0.600311","1.51654","1.71882e-15","3.04613","3.0441","16.6852","6.58302","0","0","0","0","0","0","0","0"
"11.6925","0.500044","0.526843","0.0361859","0.545778","0.600481","1.52303","1.71971e-15","3.05186","3.0481","16.2839","6.59741","0","0","0","0","0","0","0","0"
"11.6959","0.500044","0.526843","0.0361751","0.545792","0.60054","1.51735","1.71803e-15","3.04759","3.04377","16.3481","6.58664","0","0","0","0","0","0","0","0"
"11.6993","0.500044","0.526843","0.0361624","0.545933","0.600193","1.5139","1.71955e-15","3.04628","3.04402","16.3003","6.60478","0","0","0","0","0","0","0","0"
"11.7027","0.500044","0.526843","0.0361515","0.545713","0.599458","1.51194","1.71808e-15","3.04869","3.04522","16.2162","6.5932","0","0","0","0","0","0","0","0"
"11.7061","0.500044","0.526843","0.0361401","0.546242","0.59974","1.50911","1.71702e-15","3.04226","3.03653","16.1415","6.58735","0","0","0","0","0","0","0","0"
"11.7094","0.500044","0.526951","0.0361318","0.546482","0.600006","1.50709","1.71544e-15","3.04379","3.03706","16.0647","6.57306","0","0","0","0","0","0","0","0"
"11.7128","0.500044","0.526951","0.0361221","0.546367","0.599925","1.50521","1.71688e-15","3.04175","3.03378","15.9541","6.59186","0","0","0","0","0","0","0","0"
"11.7162","0.500044","0.526951","0.0361137","0.546079","0.599333","1.50402","1.71574e-15","3.04141","3.03397","15.8465","6.57877","0","0","0","0","0","0","0","0"
"11.7196","0.500044","0.526951","0.036104","0.546795","0.599926","1.49931","1.7171e-15","3.04722","3.03745","15.8468","6.6022","0","0","0","0","0","0","0","0"
"11.7231","0.500044","0.526951","0.0361075","0.547143","0.599949","1.50122","1.71485e-15","3.04479","3.03299","15.6255","6.5934","0","0","0","0","0","0","0","0"
"11.7263","0.500044","0.527067","0.0361253","0.546361","0.599132","1.49675","1.716e-15","3.04775","3.03762","15.6148","6.61077","0","0","0","0","0","0","0","0"
"11.7297","0.500044","0.527067","0.0361406","0.546506","0.599167","1.49382","1.71508e-15","3.04433","3.03408","15.5734","6.60121","0","0","0","0","0","0","0","0"
"11.7341","0.500044","0.527067","0.0361634","0.547419","0.599832","1.49153","1.71557e-15","3.04152","3.02885","15.4345","6.61072","0","0","0","0","0","0","0","0"
"11.7375","0.500044","0.527067","0.0361787","0.547607","0.599901","1.48738","1.7145e-15","3.04447","3.02836","15.4429","6.60217","0","0","0","0","0","0","0","0"
"11.741","0.500044","0.527067","0.0362191","0.547119","0.599191","1.49029","1.71436e-15","3.04632","3.02828","15.1761","6.60561","0","0","0","0","0","0","0","0"
"11.7443","0.500044","0.527205","0.036257","0.546415","0.598188","1.49555","1.71307e-15","3.04564","3.03087","14.8659","6.60814","0","0","0","0","0","0","0","0"
"11.7477","0.500044","0.527205","0.0363011","0.546133","0.597435","1.50086","1.71433e-15","3.04172","3.03024","14.5233","6.61196","0","0","0","0","0","0","0","0"
"11.7511","0.500044","0.527205","0.036339","0.546654","0.59809","1.50702","1.71407e-15","3.04345","3.02597","14.2139","6.61864","0","0","0","0","0","0","0","0"
"11.7555","0.500044","0.527205","0.0363958","0.5477","0.59894","1.5092","1.71445e-15","3.04242","3.02363","13.9555","6.60207","0","0","0","0","0","0","0","0"
"11.7589","0.500044","0.52732","0.0364338","0.548026","0.598952","1.52244","1.71248e-15","3.03756","3.01987","13.4858","6.60196","0","0","0","0","0","0","0","0"
"11.7623","0.500044","0.52732","0.0364782","0.548072","0.598831","1.53578","1.71291e-15","3.03564","3.01714","12.9634","6.59141","0","0","0","0","0","0","0","0"
"11.7657","0.500044","0.52732","0.0365162","0.548502","0.599267","1.54079","1.71236e-15","3.03436","3.01883","12.7151","6.59655","0","0","0","0","0","0","0","0"
"11.769","0.500044","0.52732","0.0365606","0.549322","0.599923","1.55125","1.71204e-15","3.0402","3.02016","12.3343","6.58772","0","0","0","0","0","0","0","0"
"11.7725","0.500044","0.52732","0.0365981","0.549013","0.599593","1.54681","1.71254e-15","3.04014","3.01647","12.3438","6.58207","0","0","0","0","0","0","0","0"
"11.7758","0.500044","0.527321","0.0366407","0.549481","0.600184","1.545","1.71084e-15","3.0431","3.02286","12.2625","6.57506","0","0","0","0","0","0","0","0"
"11.7792","0.500044","0.527321","0.0366773","0.550041","0.600445","1.54396","1.71243e-15","3.04235","3.01841","12.1784","6.58696","0","0","0","0","0","0","0","0"
"11.7826","0.500044","0.527321","0.0367199","0.550087","0.600204","1.54177","1.71154e-15","3.04168","3.01838","12.1095","6.58127","0","0","0","0","0","0","0","0"
"11.786","0.500044","0.527321","0.0367565","0.550678","0.600835","1.54318","1.71415e-15","3.05318","3.01604","11.9783","6.60757","0","0","0","0","0","0","0","0"
"11.7895","0.500044","0.527321","0.0367972","0.550479","0.600475","1.54154","1.71209e-15","3.05202","3.01509","11.8944","6.60064","0","0","0","0","0","0","0","0"
"11.7928","0.500044","0.527643","0.03683","0.55107","0.600667","1.54638","1.71331e-15","3.04912","3.01636","11.6687","6.61226","0","0","0","0","0","0","0","0"
"11.7961","0.500044","0.527643","0.0368682","0.551257","0.600266","1.54815","1.71357e-15","3.04806","3.01129","11.5114","6.61264","0","0","0","0","0","0","0","0"
"11.7995","0.500044","0.527643","0.0369009","0.551099","0.599848","1.54892","1.71287e-15","3.04843","3.01133","11.393","6.59577","0","0","0","0","0","0","0","0"
"11.8029","0.500044","0.527643","0.0369392","0.550936","0.599154","1.54737","1.7149e-15","3.04268","3.01135","11.3112","6.58988","0","0","0","0","0","0","0","0"
"11.8063","0.500044","0.527643","0.0369711","0.551796","0.60028","1.54723","1.71265e-15","3.04444","3.01881","11.2143","6.57718","0","0","0","0","0","0","0","0"
"11.8098","0.500044","0.528018","0.0370073","0.551067","0.599375","1.54325","1.71322e-15","3.04488","3.02131","11.1942","6.58879","0","0","0","0","0","0","0","0"
"11.8132","0.500044","0.528018","0.0370436","0.550664","0.598839","1.53678","1.71338e-15","3.04267","3.01951","11.2395","6.58537","0","0","0","0","0","0","0","0"
"11.8174","0.500044","0.528018","0.0370851","0.551256","0.598608","1.5333","1.71436e-15","3.04439","3.02207","11.1928","6.58638","0","0","0","0","0","0","0","0"
"11.8208","0.500044","0.528018","0.0371162","0.550873","0.598099","1.53171","1.7141e-15","3.04276","3.02167","11.1336","6.60743","0","0","0","0","0","0","0","0"
"11.8243","0.500044","0.528018","0.037155","0.551305","0.598558","1.5287","1.71313e-15","3.04822","3.02492","11.0929","6.59573","0","0","0","0","0","0","0","0"
"11.8276","0.500044","0.528188","0.0371886","0.551386","0.598177","1.53265","1.71412e-15","3.0473","3.02422","10.9009","6.61286","0","0","0","0","0","0","0","0"
"11.8311","0.500044","0.528188","0.0372278","0.550819","0.597499","1.52904","1.71248e-15","3.05003","3.0281","10.8754","6.59683","0","0","0","0","0","0","0","0"
"11.8343","0.500044","0.528188","0.0372614","0.550903","0.597185","1.52845","1.71443e-15","3.04834","3.02457","10.7934","6.61807","0","0","0","0","0","0","0","0"
"11.8395","0.500044","0.528188","0.0373118","0.550791","0.596858","1.52378","1.71218e-15","3.04362","3.02097","10.7581","6.6079","0","0","0","0","0","0","0","0"
"11.8424","0.500044","0.528171","0.0373511","0.550701","0.596574","1.52337","1.71382e-15","3.03973","3.01731","10.6548","6.61891","0","0","0","0","0","0","0","0"
"11.8457","0.500044","0.528171","0.0373848","0.55107","0.596755","1.51783","1.71349e-15","3.04069","3.01427","10.694","6.62339","0","0","0","0","0","0","0","0"
"11.8492","0.500044","0.528171","0.0374241","0.550754","0.596014","1.51821","1.71375e-15","3.03963","3.01407","10.5743","6.6261","0","0","0","0","0","0","0","0"
"11.8527","0.500044","0.528171","0.0374578","0.550928","0.595912","1.51314","1.715e-15","3.039","3.01432","10.6013","6.63726","0","0","0","0","0","0","0","0"
"11.8562","0.500044","0.528171","0.0374998","0.551809","0.596179","1.51441","1.7133e-15","3.04273","3.0147","10.4693","6.62325","0","0","0","0","0","0","0","0"
"11.8595","0.500044","0.528082","0.0375389","0.552137","0.596359","1.51069","1.71509e-15","3.04615","3.023","10.4636","6.64006","0","0","0","0","0","0","0","0"
"11.8628","0.500044","0.528082","0.0375845","0.551841","0.595878","1.50545","1.71476e-15","3.04357","3.02432","10.479","6.64251","0","0","0","0","0","0","0","0"
"11.8663","0.500044","0.528082","0.0376236","0.551409","0.595524","1.50418","1.71358e-15","3.04165","3.02265","10.4148","6.62789","0","0","0","0","0","0","0","0"
"11.8696","0.500044","0.528082","0.0376692","0.55115","0.595094","1.50388","1.71589e-15","3.03785","3.02291","10.315","6.64956","0","0","0","0","0","0","0","0"
"11.8731","0.500044","0.528082","0.0377088","0.550922","0.59503","1.50307","1.71426e-15","3.03764","3.02031","10.2414","6.63887","0","0","0","0","0","0","0","0"
"11.8764","0.500044","0.528016","0.0377558","0.5508","0.594759","1.49779","1.71555e-15","3.03936","3.02508","10.2581","6.64916","0","0","0","0","0","0","0","0"
"11.8798","0.500044","0.528016","0.037796","0.55048","0.594085","1.4929","1.71583e-15","3.03834","3.02276","10.2832","6.66028","0","0","0","0","0","0","0","0"
"11.8832","0.500044","0.528016","0.0378429","0.550337","0.593707","1.48633","1.71563e-15","3.04159","3.02226","10.3332","6.6484","0","0","0","0","0","0","0","0"
"11.8881","0.500044","0.528016","0.0378831","0.55017","0.59365","1.48216","1.71736e-15","3.04551","3.0242","10.3405","6.65705","0","0","0","0","0","0","0","0"
"11.89","0.500044","0.528016","0.0379282","0.551292","0.594642","1.48395","1.71525e-15","3.04711","3.0251","10.1924","6.65109","0","0","0","0","0","0","0","0"
"11.8933","0.500044","0.527994","0.0379657","0.551249","0.594279","1.48717","1.71732e-15","3.04321","3.02122","10.032","6.65874","0","0","0","0","0","0","0","0"
"11.8967","0.500044","0.527994","0.0380094","0.550774","0.593716","1.4816","1.71727e-15","3.04413","3.02386","10.0579","6.66292","0","0","0","0","0","0","0","0"
"11.9009","0.500044","0.527994","0.0380594","0.55144","0.593776","1.4768","1.71725e-15","3.0418","3.02089","10.0522","6.66377","0","0","0","0","0","0","0","0"
"11.9043","0.500044","0.527994","0.0380969","0.551994","0.594189","1.47466","1.71847e-15","3.04253","3.01714","10.0137","6.67096","0","0","0","0","0","0","0","0"
"11.9077","0.500044","0.527994","0.0381359","0.551903","0.59394","1.4705","1.71648e-15","3.04267","3.01575","10.007","6.65729","0","0","0","0","0","0","0","0"
"11.911","0.500044","0.527847","0.0381687","0.551698","0.594022","1.46455","1.71806e-15","3.03748","3.0136","10.059","6.67326","0","0","0","0","0","0","0","0"
"11.9144","0.500044","0.527847","0.038207","0.551574","0.594115","1.45978","1.71738e-15","3.03815","3.01357","10.0684","6.66711","0","0","0","0","0","0","0","0"
"11.9178","0.500044","0.527847","0.0382398","0.551183","0.593632","1.45441","1.71837e-15","3.03657","3.01505","10.1066","6.67034","0","0","0","0","0","0","0","0"
"11.9221","0.500044","0.527847","0.0382877","0.550642","0.592875","1.44911","1.71825e-15","3.03609","3.01958","10.0965","6.68166","0","0","0","0","0","0","0","0"
"11.9253","0.500044","0.527917","0.0383166","0.551429","0.593597","1.44764","1.71852e-15","3.03844","3.0183","10.0471","6.68139","0","0","0","0","0","0","0","0"
"11.9287","0.500044","0.527917","0.0383454","0.550892","0.593197","1.4471","1.71923e-15","3.036","3.01628","9.97396","6.69664","0","0","0","0","0","0","0","0"
"11.9321","0.500044","0.527917","0.038379","0.550402","0.59255","1.44824","1.71782e-15","3.03958","3.02408","9.84542","6.68799","0","0","0","0","0","0","0","0"
"11.9355","0.500044","0.527917","0.0384079","0.550386","0.592804","1.445","1.71951e-15","3.03552","3.01842","9.83316","6.6899","0","0","0","0","0","0","0","0"
"11.939","0.500044","0.527917","0.0384415","0.549688","0.592517","1.4423","1.71781e-15","3.03405","3.02291","9.79258","6.68583","0","0","0","0","0","0","0","0"
"11.9423","0.500044","0.528008","0.0384701","0.549616","0.592627","1.43937","1.71891e-15","3.03386","3.02033","9.77149","6.69014","0","0","0","0","0","0","0","0"
"11.9457","0.500044","0.528008","0.0385035","0.549512","0.592136","1.43628","1.71978e-15","3.03301","3.02091","9.74256","6.70609","0","0","0","0","0","0","0","0"
"11.949","0.500044","0.528008","0.0385321","0.54933","0.591791","1.43642","1.71882e-15","3.03081","3.01732","9.65968","6.7012","0","0","0","0","0","0","0","0"
"11.9524","0.500044","0.528008","0.0385655","0.549108","0.59176","1.43245","1.71984e-15","3.03387","3.01626","9.64894","6.72589","0","0","0","0","0","0","0","0"
"11.9559","0.500044","0.528008","0.038594","0.548882","0.591399","1.4306","1.71779e-15","3.03202","3.01473","9.60522","6.70452","0","0","0","0","0","0","0","0"
"11.9592","0.500044","0.527959","0.0386268","0.549181","0.591792","1.43181","1.71854e-15","3.02799","3.01426","9.48191","6.71906","0","0","0","0","0","0","0","0"
"11.9626","0.500044","0.527959","0.038655","0.549388","0.591947","1.4293","1.71803e-15","3.0311","3.01288","9.45718","6.72018","0","0","0","0","0","0","0","0"
"11.966","0.500044","0.527959","0.0386878","0.550084","0.592255","1.4289","1.71898e-15","3.03003","3.01266","9.37806","6.7143","0","0","0","0","0","0","0","0"
"11.9694","0.500044","0.527959","0.0387159","0.550716","0.592546","1.42758","1.719e-15","3.03458","3.01118","9.32495","6.72996","0","0","0","0","0","0","0","0"
"11.9728","0.500044","0.527959","0.0387468","0.551631","0.593337","1.42581","1.71768e-15","3.03677","3.01992","9.27105","6.70348","0","0","0","0","0","0","0","0"
"11.9761","0.500044","0.52783","0.0387711","0.551532","0.593126","1.42236","1.71937e-15","3.04227","3.02693","9.26499","6.70556","0","0","0","0","0","0","0","0"
"11.9795","0.500044","0.52783","0.0387993","0.551359","0.593021","1.41657","1.71865e-15","3.03925","3.02128","9.2992","6.69643","0","0","0","0","0","0","0","0"
"11.9842","0.500044","0.52783","0.0388357","0.551423","0.592946","1.40964","1.72065e-15","3.03359","3.01498","9.33106","6.70202","0","0","0","0","0","0","0","0"
"11.9876","0.500044","0.52783","0.0388599","0.552138","0.593155","1.41118","1.71959e-15","3.03749","3.01366","9.22454","6.71015","0","0","0","0","0","0","0","0"
"11.9911","0.500044","0.52783","0.0388842","0.551792","0.592998","1.40688","1.71817e-15","3.03866","3.01815","9.22419","6.69596","0","0","0","0","0","0","0","0"
"11.9944","0.500044","0.527942","0.0389044","0.551853","0.592647","1.4048","1.72032e-15","3.03417","3.01646","9.19185","6.70409","0","0","0","0","0","0","0","0"
"11.9977","0.500044","0.527942","0.038928","0.55121","0.592013","1.40232","1.71872e-15","3.03898","3.01747","9.15018","6.68137","0","0","0","0","0","0","0","0"
"12.0011","0.500044","0.527942","0.0389482","0.551167","0.591537","1.40286","1.71985e-15","3.03721","3.01642","9.06243","6.67511","0","0","0","0","0","0","0","0"
"12.0055","0.500044","0.527942","0.0389791","0.551259","0.591935","1.40025","1.72004e-15","3.03063","3.01341","9.00204","6.69312","0","0","0","0","0","0","0","0"
"12.0087","0.500044","0.528275","0.0390007","0.551951","0.592456","1.39836","1.71926e-15","3.03433","3.01657","8.96811","6.68863","0","0","0","0","0","0","0","0"
"12.012","0.500044","0.528275","0.0390224","0.551493","0.591967","1.39915","1.72121e-15","3.03684","3.01707","8.87791","6.70566","0","0","0","0","0","0","0","0"
"12.0154","0.500044","0.528275","0.0390476","0.552406","0.592486","1.40097","1.72045e-15","3.03458","3.01221","8.76292","6.69608","0","0","0","0","0","0","0","0"
"12.0188","0.500044","0.528275","0.0390693","0.552658","0.59241","1.40636","1.72034e-15","3.03186","3.00808","8.59012","6.69715","0","0","0","0","0","0","0","0"
"12.0223","0.500044","0.528275","0.039094","0.553737","0.59282","1.41973","1.72088e-15","3.04309","3.006","8.31725","6.69312","0","0","0","0","0","0","0","0"
"12.0256","0.500044","0.528305","0.0391141","0.553127","0.592188","1.42407","1.7193e-15","3.04915","3.01044","8.17056","6.67974","0","0","0","0","0","0","0","0"
"12.029","0.500044","0.528305","0.0391375","0.552926","0.591812","1.421","1.72154e-15","3.04705","3.00749","8.14801","6.69201","0","0","0","0","0","0","0","0"
"12.0324","0.500044","0.528305","0.0391575","0.553956","0.592381","1.42642","1.71976e-15","3.04733","3.00453","7.99439","6.68652","0","0","0","0","0","0","0","0"
"12.0358","0.500044","0.528305","0.0391809","0.554943","0.593265","1.42891","1.72225e-15","3.04358","2.99853","7.88876","6.71562","0","0","0","0","0","0","0","0"
"12.0393","0.500044","0.528305","0.0392027","0.554588","0.592684","1.42581","1.72157e-15","3.04285","2.99996","7.87794","6.71642","0","0","0","0","0","0","0","0"
"12.0425","0.500044","0.528357","0.039232","0.554886","0.592932","1.42345","1.72168e-15","3.04041","2.99387","7.84505","6.72093","0","0","0","0","0","0","0","0"
"12.0459","0.500044","0.528357","0.0392572","0.554452","0.592686","1.42002","1.72187e-15","3.03526","2.98898","7.84065","6.73214","0","0","0","0","0","0","0","0"
"12.0493","0.500044","0.528357","0.0392865","0.554129","0.592476","1.42359","1.72097e-15","3.03384","2.98885","7.70976","6.72806","0","0","0","0","0","0","0","0"
"12.0527","0.500044","0.528357","0.0393116","0.55421","0.592662","1.42233","1.72264e-15","3.03047","2.98474","7.66798","6.72389","0","0","0","0","0","0","0","0"
"12.0562","0.500044","0.528357","0.0393402","0.554945","0.593101","1.42356","1.72085e-15","3.05317","3.00526","7.57732","6.7276","0","0","0","0","0","0","0","0"
"12.0595","0.500044","0.52855","0.0393638","0.55469","0.592825","1.4236","1.72197e-15","3.05199","3.00872","7.5158","6.72881","0","0","0","0","0","0","0","0"
"12.0628","0.500044","0.52855","0.0393913","0.554709","0.592785","1.42082","1.72204e-15","3.05268","3.01099","7.49082","6.73338","0","0","0","0","0","0","0","0"
"12.0675","0.500044","0.52855","0.0394266","0.554849","0.592877","1.42101","1.72321e-15","3.04885","3.01077","7.39661","6.73329","0","0","0","0","0","0","0","0"
"12.0709","0.500044","0.52855","0.0394502","0.554587","0.592691","1.41595","1.72409e-15","3.04628","3.00803","7.42272","6.745","0","0","0","0","0","0","0","0"
"12.0744","0.500044","0.52855","0.0394773","0.555494","0.593801","1.41131","1.72271e-15","3.0467","3.00801","7.43229","6.73846","0","0","0","0","0","0","0","0"
"12.0777","0.500044","0.528733","0.0395006","0.556109","0.594666","1.41051","1.72394e-15","3.05133","3.0303","7.39013","6.74668","0","0","0","0","0","0","0","0"
"12.0811","0.500044","0.528733","0.0395277","0.556578","0.595063","1.41491","1.72195e-15","3.04744","3.02729","7.26538","6.73228","0","0","0","0","0","0","0","0"
"12.0844","0.500044","0.528733","0.0395509","0.556024","0.594595","1.41041","1.72406e-15","3.0506","3.03248","7.28144","6.73641","0","0","0","0","0","0","0","0"
"12.0888","0.500044","0.528733","0.0395862","0.557088","0.5956","1.4253","1.72253e-15","3.04384","3.0229","7.06725","6.73727","0","0","0","0","0","0","0","0"
"12.092","0.500044","0.528811","0.0396107","0.556397","0.595025","1.42118","1.72353e-15","3.04632","3.02693","7.07536","6.74001","0","0","0","0","0","0","0","0"
"12.0954","0.500044","0.528811","0.0396352","0.556592","0.595422","1.41967","1.72324e-15","3.04557","3.02674","7.04438","6.74758","0","0","0","0","0","0","0","0"
"12.0988","0.500044","0.528811","0.0396638","0.556428","0.595207","1.41865","1.72377e-15","3.0418","3.02301","7.0002","6.7343","0","0","0","0","0","0","0","0"
"12.1023","0.500044","0.528811","0.0396883","0.556867","0.595659","1.41781","1.72503e-15","3.04402","3.03029","6.9725","6.73927","0","0","0","0","0","0","0","0"
"12.1056","0.500044","0.528811","0.0397173","0.558432","0.596738","1.42699","1.72318e-15","3.04048","3.03212","6.81307","6.72091","0","0","0","0","0","0","0","0"
"12.1089","0.500044","0.529194","0.0397429","0.55888","0.596743","1.42889","1.72482e-15","3.03924","3.03242","6.73593","6.72736","0","0","0","0","0","0","0","0"
"12.1123","0.500044","0.529194","0.0397728","0.560319","0.598571","1.43867","1.72439e-15","3.03612","3.03386","6.59022","6.73454","0","0","0","0","0","0","0","0"
"12.129","0.500044","0.529194","0.0398697","0.559395","0.597177","1.42034","1.72249e-15","3.03578","3.04098","6.6492","6.74021","0","0","0","0","0","0","0","0"
"12.1292","0.500044","0.529585","0.0398858","0.559291","0.596811","1.4157","1.72116e-15","3.03209","3.0415","6.66649","6.73125","0","0","0","0","0","0","0","0"
"12.1327","0.500044","0.529585","0.0399047","0.559808","0.597093","1.41383","1.7221e-15","3.02735","3.03769","6.63691","6.73505","0","0","0","0","0","0","0","0"
"12.1361","0.500044","0.529585","0.0399235","0.559747","0.597072","1.41171","1.72095e-15","3.02616","3.0389","6.6089","6.7462","0","0","0","0","0","0","0","0"
"12.1396","0.500044","0.529585","0.0399412","0.559881","0.597348","1.41262","1.72056e-15","3.02208","3.03792","6.54745","6.72533","0","0","0","0","0","0","0","0"
"12.1429","0.500044","0.530013","0.0399635","0.560633","0.598091","1.42319","1.72073e-15","3.01918","3.04477","6.39767","6.73262","0","0","0","0","0","0","0","0"
"12.1463","0.500044","0.530013","0.0399826","0.560941","0.598415","1.42423","1.72032e-15","3.01586","3.03814","6.33611","6.73096","0","0","0","0","0","0","0","0"
"12.1507","0.500044","0.530013","0.0400113","0.560803","0.598139","1.42213","1.72139e-15","3.01174","3.03946","6.29388","6.73469","0","0","0","0","0","0","0","0"
"12.1541","0.500044","0.530013","0.0400304","0.560371","0.59792","1.41762","1.7211e-15","3.01107","3.03629","6.3089","6.73441","0","0","0","0","0","0","0","0"
"12.1576","0.500044","0.530013","0.040053","0.560407","0.597841","1.41669","1.72038e-15","3.01404","3.03416","6.27149","6.73439","0","0","0","0","0","0","0","0"
"12.1609","0.500044","0.530186","0.0400725","0.560492","0.598523","1.41644","1.71879e-15","3.01071","3.03085","6.22543","6.71933","0","0","0","0","0","0","0","0"
"12.1643","0.500044","0.530186","0.0400951","0.560166","0.598514","1.41122","1.72056e-15","3.0089","3.0239","6.24411","6.74403","0","0","0","0","0","0","0","0"
"12.1676","0.500044","0.530186","0.0401146","0.559589","0.597959","1.40947","1.71943e-15","3.00823","3.02215","6.22302","6.739","0","0","0","0","0","0","0","0"
"12.1721","0.500044","0.530186","0.0401425","0.559894","0.597727","1.42337","1.71896e-15","3.00788","3.02136","6.04164","6.73392","0","0","0","0","0","0","0","0"
"12.1755","0.500044","0.53042","0.0401582","0.559577","0.597264","1.41882","1.71841e-15","3.00726","3.0217","6.05637","6.73714","0","0","0","0","0","0","0","0"
"12.179","0.500044","0.53042","0.0401765","0.559314","0.596808","1.41445","1.71685e-15","3.00454","3.02103","6.06151","6.72592","0","0","0","0","0","0","0","0"
"12.1822","0.500044","0.53042","0.0401921","0.559375","0.596967","1.41612","1.71841e-15","3.00724","3.02513","5.99711","6.75361","0","0","0","0","0","0","0","0"
"12.1856","0.500044","0.53042","0.0402104","0.559416","0.597084","1.411","1.71811e-15","3.00483","3.0232","6.01198","6.76874","0","0","0","0","0","0","0","0"
"12.189","0.500044","0.53042","0.0402246","0.559541","0.596936","1.40943","1.71666e-15","3.00027","3.01773","5.9863","6.74353","0","0","0","0","0","0","0","0"
"12.1924","0.500044","0.530547","0.0402374","0.559553","0.597074","1.41006","1.71758e-15","3.00193","3.01329","5.9336","6.75559","0","0","0","0","0","0","0","0"
"12.1958","0.500044","0.530547","0.0402483","0.559408","0.596684","1.40963","1.71669e-15","3.00159","3.01217","5.89545","6.73976","0","0","0","0","0","0","0","0"
"12.1992","0.500044","0.530547","0.0402611","0.559076","0.596488","1.40831","1.7176e-15","3.00048","3.01099","5.86367","6.7489","0","0","0","0","0","0","0","0"
"12.2026","0.500044","0.530547","0.0402721","0.55903","0.596575","1.40445","1.7185e-15","3.00136","3.02076","5.87225","6.75771","0","0","0","0","0","0","0","0"
"12.2061","0.500044","0.530547","0.0402712","0.55916","0.596845","1.40637","1.7158e-15","3.00619","3.02917","5.81629","6.74118","0","0","0","0","0","0","0","0"
"12.2094","0.500044","0.530518","0.0402549","0.560062","0.597653","1.41857","1.71705e-15","3.00692","3.03485","5.7056","6.74546","0","0","0","0","0","0","0","0"
"12.2128","0.500044","0.530518","0.0402359","0.559949","0.598051","1.42614","1.71682e-15","3.00895","3.03831","5.64172","6.73548","0","0","0","0","0","0","0","0"
"12.2162","0.500044","0.530518","0.0402196","0.559611","0.597861","1.42139","1.71797e-15","3.01103","3.03617","5.65818","6.74241","0","0","0","0","0","0","0","0"
"12.2195","0.500044","0.530518","0.0402005","0.560837","0.598862","1.43806","1.71838e-15","3.01684","3.02991","5.51911","6.73391","0","0","0","0","0","0","0","0"
"12.223","0.500044","0.530518","0.0401871","0.561208","0.599095","1.4381","1.71552e-15","3.0189","3.02444","5.48283","6.72231","0","0","0","0","0","0","0","0"
"12.2263","0.500044","0.530576","0.040175","0.561093","0.598974","1.43925","1.71762e-15","3.01996","3.02243","5.4316","6.74145","0","0","0","0","0","0","0","0"
"12.2297","0.500044","0.530576","0.0401646","0.561066","0.599225","1.43366","1.7165e-15","3.02317","3.02381","5.45794","6.73408","0","0","0","0","0","0","0","0"
"12.2341","0.500044","0.530576","0.0401489","0.561085","0.599006","1.43902","1.71858e-15","3.02833","3.02629","5.37302","6.75793","0","0","0","0","0","0","0","0"
"12.2375","0.500044","0.530576","0.0401385","0.560799","0.599044","1.43751","1.71755e-15","3.02704","3.02256","5.35756","6.75007","0","0","0","0","0","0","0","0"
"12.241","0.500044","0.530576","0.0401331","0.560621","0.599088","1.43159","1.71649e-15","3.02387","3.01848","5.37992","6.73242","0","0","0","0","0","0","0","0"
"12.2443","0.500044","0.530903","0.0401294","0.560234","0.598884","1.42832","1.71815e-15","3.02422","3.02018","5.37778","6.7353","0","0","0","0","0","0","0","0"
"12.2477","0.500044","0.530903","0.0401251","0.559982","0.598576","1.43212","1.71592e-15","3.03336","3.02411","5.31174","6.72483","0","0","0","0","0","0","0","0"
"12.251","0.500044","0.530903","0.0401214","0.55928","0.59785","1.43133","1.71754e-15","3.03502","3.0243","5.28917","6.73043","0","0","0","0","0","0","0","0"
"12.2555","0.500044","0.530903","0.0401122","0.55881","0.597156","1.42521","1.71674e-15","3.03403","3.02459","5.30173","6.74492","0","0","0","0","0","0","0","0"
"12.2589","0.500044","0.531285","0.0400976","0.558019","0.596443","1.42206","1.7176e-15","3.03535","3.02504","5.30051","6.74124","0","0","0","0","0","0","0","0"
"12.2622","0.500044","0.531285","0.0400806","0.55833","0.596638","1.43545","1.71914e-15","3.03751","3.02154","5.25101","6.751","0","0","0","0","0","0","0","0"
"12.2656","0.500044","0.531285","0.0400661","0.558546","0.596664","1.45011","1.71838e-15","3.03671","3.02187","5.21057","6.73486","0","0","0","0","0","0","0","0"
"12.269","0.500044","0.531285","0.0400491","0.558443","0.596574","1.45132","1.72033e-15","3.03361","3.01705","5.16158","6.74223","0","0","0","0","0","0","0","0"
"12.2726","0.500044","0.531285","0.0400362","0.55771","0.596163","1.44684","1.71916e-15","3.03418","3.01504","5.17326","6.73644","0","0","0","0","0","0","0","0"
"12.2758","0.500044","0.531214","0.0400253","0.557414","0.595867","1.44378","1.71987e-15","3.04083","3.01525","5.1644","6.73026","0","0","0","0","0","0","0","0"
"12.2792","0.500044","0.531214","0.0400159","0.556859","0.595354","1.44578","1.71937e-15","3.03986","3.01992","5.11443","6.72841","0","0","0","0","0","0","0","0"
"12.2825","0.500044","0.531214","0.0400049","0.556872","0.595544","1.4407","1.7189e-15","3.04233","3.01805","5.12713","6.72298","0","0","0","0","0","0","0","0"
"12.2859","0.500044","0.531214","0.0399956","0.556525","0.595565","1.43929","1.71985e-15","3.04187","3.01522","5.10893","6.72985","0","0","0","0","0","0","0","0"
"12.2894","0.500044","0.531214","0.0399868","0.557119","0.595647","1.43558","1.71693e-15","3.04843","3.0205","5.10827","6.719","0","0","0","0","0","0","0","0"
"12.2929","0.500044","0.530957","0.0399809","0.556727","0.595377","1.43715","1.71785e-15","3.04641","3.01758","5.0619","6.71693","0","0","0","0","0","0","0","0"
"12.2963","0.500044","0.530957","0.0399758","0.557476","0.596105","1.43856","1.71614e-15","3.05295","3.02132","5.02011","6.7052","0","0","0","0","0","0","0","0"
"12.2996","0.500044","0.530957","0.03997","0.557596","0.596314","1.45307","1.7169e-15","3.05585","3.0186","4.93085","6.72264","0","0","0","0","0","0","0","0"
"12.303","0.500044","0.530957","0.0399649","0.557359","0.596223","1.45631","1.71552e-15","3.05551","3.02258","4.88307","6.71564","0","0","0","0","0","0","0","0"
"12.3065","0.500044","0.530957","0.0399598","0.557337","0.596771","1.45588","1.71364e-15","3.05149","3.02295","4.85633","6.69177","0","0","0","0","0","0","0","0"
"12.3098","0.500044","0.530817","0.039956","0.557266","0.596355","1.49172","1.71453e-15","3.05127","3.03229","6.38905","6.69415","0","0","0","0","0","0","0","0"
"12.3132","0.500044","0.530817","0.0399515","0.55693","0.595376","1.63905","1.71329e-15","3.05694","3.03723","8.14197","6.67974","0","0","0","0","0","0","0","0"
"12.3176","0.500044","0.530817","0.0399464","0.556906","0.595373","1.67752","1.71395e-15","3.06513","3.0391","7.67435","6.68293","0","0","0","0","0","0","0","0"
"12.3222","0.500044","0.530817","0.0399402","0.557622","0.595838","1.68473","1.71229e-15","3.06808","3.03111","7.50867","6.65848","0","0","0","0","0","0","0","0"
"12.3253","0.500044","0.530925","0.0399352","0.557441","0.595519","1.68169","1.71308e-15","3.06582","3.02988","7.49125","6.6799","0","0","0","0","0","0","0","0"
"12.3289","0.500044","0.530925","0.0399293","0.55798","0.595745","1.68713","1.71317e-15","3.06557","3.02702","7.37884","6.69231","0","0","0","0","0","0","0","0"
"12.3323","0.500044","0.530925","0.0399242","0.55766","0.595688","1.68402","1.71134e-15","3.06736","3.02469","7.36244","6.67661","0","0","0","0","0","0","0","0"
"12.3357","0.500044","0.530925","0.0399184","0.557844","0.595889","1.68443","1.71386e-15","3.06814","3.02102","7.29182","6.69103","0","0","0","0","0","0","0","0"
"12.3393","0.500044","0.530925","0.0399139","0.558474","0.596596","1.69532","1.71269e-15","3.0692","3.02065","7.14402","6.68747","0","0","0","0","0","0","0","0"
"12.3425","0.500044","0.530963","0.0399099","0.558329","0.595656","1.70274","1.71316e-15","3.06712","3.0239","7.00651","6.6932","0","0","0","0","0","0","0","0"
"12.3459","0.500044","0.530963","0.0399065","0.558911","0.596107","1.70827","1.71414e-15","3.07225","3.01876","6.89915","6.70161","0","0","0","0","0","0","0","0"
"12.3493","0.500044","0.530963","0.0399025","0.55887","0.595989","1.70324","1.71226e-15","3.07063","3.01473","6.89767","6.68674","0","0","0","0","0","0","0","0"
"12.3527","0.500044","0.530963","0.0398991","0.558264","0.595731","1.69954","1.71394e-15","3.07043","3.01059","6.88754","6.6901","0","0","0","0","0","0","0","0"
"12.3562","0.500044","0.530963","0.0398884","0.558066","0.595726","1.73143","1.71261e-15","3.07124","3.01076","7.0549","6.68946","0","0","0","0","0","0","0","0"
"12.3595","0.500044","0.531008","0.0398718","0.557895","0.595645","1.80628","1.71362e-15","3.06993","3.01036","6.87036","6.66138","0","0","0","0","0","0","0","0"
"12.3629","0.500044","0.531008","0.0398523","0.557017","0.595037","1.82391","1.71464e-15","3.06987","3.01602","6.63751","6.65492","0","0","0","0","0","0","0","0"
"12.3707","0.500044","0.531008","0.0398162","0.556166","0.594689","1.81396","1.71481e-15","3.07239","3.00944","6.64461","6.65868","0","0","0","0","0","0","0","0"
"12.3735","0.500044","0.531008","0.039801","0.555572","0.593959","1.80882","1.7138e-15","3.07283","3.01229","6.65163","6.66187","0","0","0","0","0","0","0","0"
"12.3764","0.500044","0.531071","0.039785","0.55624","0.595215","1.81072","1.71171e-15","3.07778","3.02528","6.57714","6.64656","0","0","0","0","0","0","0","0"
"12.3799","0.500044","0.531071","0.0397689","0.556299","0.594927","1.81619","1.71335e-15","3.07756","3.02576","6.48408","6.64831","0","0","0","0","0","0","0","0"
"12.3833","0.500044","0.531071","0.0397552","0.555899","0.594764","1.82086","1.71155e-15","3.07819","3.02571","6.3999","6.63712","0","0","0","0","0","0","0","0"
"12.3866","0.500044","0.531071","0.0397392","0.555787","0.594087","1.82034","1.7109e-15","3.07562","3.02366","6.34781","6.63034","0","0","0","0","0","0","0","0"
"12.3901","0.500044","0.531071","0.0397416","0.555688","0.59407","1.81866","1.71023e-15","3.07053","3.02053","6.31489","6.62201","0","0","0","0","0","0","0","0"
"12.3934","0.500044","0.530931","0.0397537","0.555746","0.594124","1.81698","1.70811e-15","3.07073","3.01906","6.27832","6.60982","0","0","0","0","0","0","0","0"
"12.3968","0.500044","0.530931","0.0397641","0.554752","0.59305","1.81273","1.70845e-15","3.07325","3.02353","6.27396","6.61023","0","0","0","0","0","0","0","0"
"12.4009","0.500044","0.530931","0.039778","0.554171","0.592362","1.81155","1.71019e-15","3.07368","3.02297","6.22751","6.61754","0","0","0","0","0","0","0","0"
"12.4041","0.500044","0.530931","0.0397884","0.553178","0.5913","1.80961","1.70859e-15","3.07849","3.02556","6.20154","6.59741","0","0","0","0","0","0","0","0"
"12.4075","0.500044","0.530931","0.0397895","0.55333","0.591527","1.80811","1.70834e-15","3.07963","3.02617","6.16429","6.59155","0","0","0","0","0","0","0","0"
"12.4108","0.500044","0.530791","0.0397889","0.553252","0.591369","1.80502","1.70874e-15","3.0781","3.02324","6.15064","6.59766","0","0","0","0","0","0","0","0"
"12.4142","0.500044","0.530791","0.0397882","0.554196","0.592297","1.80527","1.70642e-15","3.07745","3.01562","6.09512","6.58788","0","0","0","0","0","0","0","0"
"12.4178","0.500044","0.530791","0.0397876","0.554348","0.592862","1.80074","1.70802e-15","3.07203","3.0151","6.09925","6.62","0","0","0","0","0","0","0","0"
"12.4221","0.500044","0.530791","0.0397856","0.55359","0.592347","1.79454","1.7063e-15","3.07861","3.01332","6.09385","6.60591","0","0","0","0","0","0","0","0"
"12.4255","0.500044","0.53051","0.0397817","0.553536","0.592346","1.78742","1.70676e-15","3.07767","3.01436","6.12557","6.61836","0","0","0","0","0","0","0","0"
"12.4289","0.500044","0.53051","0.0397771","0.554241","0.593101","1.80212","1.70446e-15","3.07279","3.01519","6.00207","6.61564","0","0","0","0","0","0","0","0"
"12.4323","0.500044","0.53051","0.0397732","0.553522","0.592385","1.81325","1.70575e-15","3.07263","3.01863","5.85693","6.61923","0","0","0","0","0","0","0","0"
"12.4357","0.500044","0.53051","0.0397686","0.553452","0.592137","1.81466","1.70601e-15","3.07053","3.01473","5.79751","6.64463","0","0","0","0","0","0","0","0"
"12.4392","0.500044","0.53051","0.0397683","0.553705","0.592024","1.81432","1.70438e-15","3.0765","3.01375","5.76288","6.62408","0","0","0","0","0","0","0","0"
"12.4424","0.500044","0.530314","0.0397766","0.554192","0.592538","1.81141","1.70657e-15","3.07241","3.01082","5.74418","6.65489","0","0","0","0","0","0","0","0"
"12.4458","0.500044","0.530314","0.0397836","0.554532","0.592993","1.81802","1.70591e-15","3.07031","3.01171","5.70238","6.64425","0","0","0","0","0","0","0","0"
"12.4492","0.500044","0.530314","0.0397918","0.55437","0.592844","1.84108","1.70633e-15","3.0724","3.01312","5.56415","6.64642","0","0","0","0","0","0","0","0"
"12.4526","0.500044","0.530314","0.0397989","0.553895","0.592327","1.84006","1.70764e-15","3.0708","3.01216","5.53352","6.65048","0","0","0","0","0","0","0","0"
"12.4561","0.500044","0.530314","0.0398054","0.554461","0.592616","1.83959","1.70557e-15","3.07752","3.01263","5.49298","6.64079","0","0","0","0","0","0","0","0"
"12.4599","0.500044","0.530396","0.039809","0.554776","0.592742","1.84008","1.70671e-15","3.07965","3.01576","5.45394","6.64048","0","0","0","0","0","0","0","0"
"12.463","0.500044","0.530396","0.0398132","0.55441","0.592698","1.83381","1.70853e-15","3.07405","3.01067","5.46389","6.64515","0","0","0","0","0","0","0","0"
"12.4662","0.500044","0.530396","0.0398168","0.554197","0.592869","1.83251","1.70728e-15","3.07295","3.01388","5.43753","6.62765","0","0","0","0","0","0","0","0"
"12.4695","0.500044","0.530396","0.0398211","0.554551","0.593014","1.83179","1.70926e-15","3.07191","3.01449","5.40508","6.63982","0","0","0","0","0","0","0","0"
"12.473","0.500044","0.530396","0.0398227","0.554122","0.592401","1.87458","1.70875e-15","3.07757","3.02536","5.25847","6.64574","0","0","0","0","0","0","0","0"
"12.4764","0.500044","0.530398","0.0398221","0.554","0.592316","1.88457","1.70778e-15","3.07289","3.02537","5.15004","6.62358","0","0","0","0","0","0","0","0"
"12.4797","0.500044","0.530398","0.0398217","0.55369","0.592082","1.88009","1.70959e-15","3.07061","3.02278","5.14808","6.65285","0","0","0","0","0","0","0","0"
"12.4841","0.500044","0.530398","0.0398209","0.553554","0.591782","1.87736","1.71005e-15","3.07004","3.03291","5.11635","6.66906","0","0","0","0","0","0","0","0"
"12.4875","0.500044","0.530398","0.0398205","0.553967","0.592551","1.87405","1.70954e-15","3.07265","3.04252","5.11256","6.64864","0","0","0","0","0","0","0","0"
"12.4911","0.500044","0.530398","0.039821","0.554477","0.593492","1.87647","1.71052e-15","3.07382","3.03991","5.0626","6.66077","0","0","0","0","0","0","0","0"
"12.4943","0.500044","0.530387","0.0398215","0.554601","0.593301","1.87907","1.70972e-15","3.07008","3.04028","5.01699","6.65437","0","0","0","0","0","0","0","0"
"12.4977","0.500044","0.530387","0.0398222","0.554648","0.593387","1.88205","1.71019e-15","3.06907","3.03856","4.96749","6.64487","0","0","0","0","0","0","0","0"
"12.501","0.500044","0.530387","0.0398227","0.554311","0.592621","1.88579","1.71086e-15","3.06634","3.03857","4.92634","6.6633","0","0","0","0","0","0","0","0"
"12.5055","0.500044","0.530387","0.0398254","0.554712","0.593134","1.89059","1.70876e-15","3.06796","3.03332","4.86176","6.64046","0","0","0","0","0","0","0","0"
"12.5089","0.500044","0.530338","0.0398316","0.554748","0.593227","1.8944","1.70951e-15","3.06486","3.02788","4.81708","6.64575","0","0","0","0","0","0","0","0"
"12.5122","0.500044","0.530338","0.0398388","0.554224","0.593018","1.89502","1.70784e-15","3.06462","3.02719","4.77984","6.63034","0","0","0","0","0","0","0","0"
"12.5156","0.500044","0.530338","0.039845","0.553999","0.59303","1.8914","1.70823e-15","3.06498","3.02262","4.77488","6.63188","0","0","0","0","0","0","0","0"
"12.519","0.500044","0.530338","0.0398522","0.553552","0.592781","1.88962","1.70944e-15","3.06124","3.01991","4.75454","6.64419","0","0","0","0","0","0","0","0"
"12.5225","0.500044","0.530338","0.0398616","0.554122","0.592963","2.00717","1.70791e-15","3.0638","3.01605","5.71572","6.63534","0","0","0","0","0","0","0","0"
"12.5258","0.500044","0.53043","0.0398803","0.553312","0.592712","2.05068","1.70762e-15","3.06653","3.01328","5.5562","6.62255","0","0","0","0","0","0","0","0"
"12.5292","0.500044","0.53043","0.0398962","0.554707","0.594439","2.05389","1.70953e-15","3.06396","3.01576","5.49565","6.65023","0","0","0","0","0","0","0","0"
"12.5325","0.500044","0.53043","0.0399149","0.555228","0.594322","2.04956","1.70948e-15","3.06325","3.01483","5.48506","6.63723","0","0","0","0","0","0","0","0"
"12.536","0.500044","0.53043","0.0399308","0.555854","0.594896","2.04997","1.70875e-15","3.0612","3.01188","5.44544","6.63406","0","0","0","0","0","0","0","0"
"12.5394","0.500044","0.53043","0.0399463","0.556769","0.594981","2.05047","1.70914e-15","3.06803","3.01529","5.40292","6.63106","0","0","0","0","0","0","0","0"
"12.5427","0.500044","0.530424","0.0399558","0.557153","0.595494","2.04565","1.7086e-15","3.06513","3.01268","5.40112","6.61848","0","0","0","0","0","0","0","0"
"12.5461","0.500044","0.530424","0.039967","0.557528","0.596266","2.04251","1.70827e-15","3.06032","3.00958","5.38084","6.6046","0","0","0","0","0","0","0","0"
"12.5495","0.500044","0.530424","0.0399766","0.557449","0.596496","2.0381","1.70964e-15","3.0584","3.00645","5.37456","6.62096","0","0","0","0","0","0","0","0"
"12.5529","0.500044","0.530424","0.0399877","0.55733","0.596169","2.03694","1.70816e-15","3.06348","3.01286","5.3395","6.60462","0","0","0","0","0","0","0","0"
"12.5564","0.500044","0.530424","0.0399928","0.557183","0.596056","2.03769","1.70765e-15","3.06225","3.01238","5.30144","6.58006","0","0","0","0","0","0","0","0"
"12.5596","0.500044","0.530639","0.0399934","0.556235","0.595231","2.03488","1.70853e-15","3.06193","3.01058","5.27994","6.56798","0","0","0","0","0","0","0","0"
"12.563","0.500044","0.530639","0.0399939","0.556026","0.59505","2.03153","1.70769e-15","3.06375","3.00876","5.26723","6.54847","0","0","0","0","0","0","0","0"
"12.5674","0.500044","0.530639","0.0399947","0.555626","0.594603","2.10692","1.7097e-15","3.06558","3.01437","5.27683","6.57448","0","0","0","0","0","0","0","0"
"12.5715","0.500044","0.530639","0.0399952","0.555298","0.594482","2.1456","1.70962e-15","3.06337","3.01835","5.10253","6.57709","0","0","0","0","0","0","0","0"
"12.5743","0.500044","0.530639","0.0399996","0.555581","0.594966","2.15104","1.70815e-15","3.0628","3.01964","5.02794","6.55764","0","0","0","0","0","0","0","0"
"12.5776","0.500044","0.531009","0.040004","0.55587","0.595407","2.14468","1.70947e-15","3.07426","3.01634","5.03705","6.57387","0","0","0","0","0","0","0","0"
"12.581","0.500044","0.531009","0.040009","0.556445","0.596533","2.13652","1.70754e-15","3.07517","3.01751","5.05265","6.56775","0","0","0","0","0","0","0","0"
"12.5845","0.500044","0.531009","0.040014","0.55599","0.595817","2.19387","1.70825e-15","3.06983","3.01908","5.15808","6.57031","0","0","0","0","0","0","0","0"
"12.5888","0.500044","0.531009","0.0400201","0.55567","0.595738","2.23108","1.70755e-15","3.06679","3.01239","4.96992","6.56082","0","0","0","0","0","0","0","0"
"12.5921","0.500044","0.530941","0.0400252","0.555906","0.596098","2.23167","1.70571e-15","3.063","3.00869","4.93805","6.55132","0","0","0","0","0","0","0","0"
"12.5955","0.500044","0.530941","0.0400313","0.555969","0.596336","2.22733","1.70716e-15","3.06287","3.01012","4.92331","6.55311","0","0","0","0","0","0","0","0"
"12.5989","0.500044","0.530941","0.0400364","0.555256","0.595942","2.22067","1.706e-15","3.06497","3.01229","4.9326","6.55079","0","0","0","0","0","0","0","0"
"12.6023","0.500044","0.530941","0.0400425","0.555124","0.596139","2.21924","1.70602e-15","3.07208","3.03553","4.90192","6.54373","0","0","0","0","0","0","0","0"
"12.6058","0.500044","0.530941","0.0400438","0.555182","0.596412","2.21042","1.70709e-15","3.0727","3.04078","4.92707","6.55041","0","0","0","0","0","0","0","0"
"12.609","0.500044","0.531034","0.0400365","0.554755","0.596522","2.19978","1.70521e-15","3.07328","3.03878","4.95955","6.54193","0","0","0","0","0","0","0","0"
"12.6124","0.500044","0.531034","0.0400302","0.55625","0.59816","2.19066","1.70496e-15","3.10699","3.0755","4.98769","6.54421","0","0","0","0","0","0","0","0"
"12.6158","0.500044","0.531034","0.0400229","0.556337","0.598071","2.18661","1.7067e-15","3.10373","3.07171","4.97768","6.56654","0","0","0","0","0","0","0","0"
"12.6192","0.500044","0.531034","0.0400166","0.556634","0.598363","2.18821","1.70543e-15","3.10626","3.07694","4.93918","6.5595","0","0","0","0","0","0","0","0"
"12.6227","0.500044","0.531034","0.040009","0.55581","0.597386","2.17891","1.70444e-15","3.10467","3.07824","4.96231","6.54844","0","0","0","0","0","0","0","0"
"12.6259","0.500044","0.531211","0.0400022","0.555183","0.596731","2.16887","1.70585e-15","3.10544","3.07871","4.99906","6.56854","0","0","0","0","0","0","0","0"
"12.6293","0.500044","0.531211","0.0399942","0.555328","0.596843","2.16345","1.70496e-15","3.10406","3.08035","4.99794","6.56056","0","0","0","0","0","0","0","0"
"12.6327","0.500044","0.531211","0.0399874","0.555575","0.59717","2.18192","1.70442e-15","3.1052","3.07966","4.90292","6.54711","0","0","0","0","0","0","0","0"
"12.6362","0.500044","0.531211","0.0399794","0.556197","0.597825","2.18262","1.70696e-15","3.10312","3.07327","4.87863","6.55705","0","0","0","0","0","0","0","0"
"12.6396","0.500044","0.531211","0.039973","0.55655","0.598062","2.17417","1.70631e-15","3.10616","3.07591","4.90251","6.56173","0","0","0","0","0","0","0","0"
"12.6429","0.500044","0.531529","0.0399661","0.556475","0.597869","2.16882","1.70431e-15","3.10267","3.07517","4.90141","6.54613","0","0","0","0","0","0","0","0"
"12.6463","0.500044","0.531529","0.0399601","0.557101","0.597826","2.17594","1.70469e-15","3.10233","3.07943","4.84278","6.55223","0","0","0","0","0","0","0","0"
"12.651","0.500044","0.531529","0.0399511","0.556395","0.596991","2.17544","1.70655e-15","3.10378","3.08581","4.79393","6.5755","0","0","0","0","0","0","0","0"
"12.6555","0.500044","0.531529","0.0399375","0.555793","0.596396","2.18121","1.70406e-15","3.10309","3.08407","4.72192","6.55774","0","0","0","0","0","0","0","0"
"12.6588","0.500044","0.53172","0.0399175","0.555463","0.595915","2.17932","1.70553e-15","3.1035","3.08475","4.70189","6.5771","0","0","0","0","0","0","0","0"
"12.6622","0.500044","0.53172","0.0398941","0.554606","0.595097","2.17837","1.7068e-15","3.1049","3.08277","4.67141","6.61729","0","0","0","0","0","0","0","0"
"12.6655","0.500044","0.53172","0.0398741","0.554327","0.595045","2.17537","1.70516e-15","3.10746","3.08101","4.65549","6.60037","0","0","0","0","0","0","0","0"
"12.6689","0.500044","0.53172","0.0398507","0.554046","0.594431","2.17612","1.70729e-15","3.10519","3.08035","4.62012","6.60159","0","0","0","0","0","0","0","0"
"12.6724","0.500044","0.53172","0.0398353","0.553917","0.593946","2.17777","1.70815e-15","3.10304","3.08119","4.58607","6.59879","0","0","0","0","0","0","0","0"
"12.6757","0.500044","0.531755","0.039828","0.554306","0.593937","2.1754","1.70615e-15","3.09861","3.07812","4.56579","6.58253","0","0","0","0","0","0","0","0"
"12.6791","0.500044","0.531755","0.0398218","0.554427","0.59417","2.173","1.70642e-15","3.09798","3.07267","4.5513","6.57962","0","0","0","0","0","0","0","0"
"12.6825","0.500044","0.531755","0.0398146","0.555231","0.594449","2.17703","1.70931e-15","3.09899","3.07777","4.50873","6.60539","0","0","0","0","0","0","0","0"
"12.6859","0.500044","0.531755","0.0398083","0.556732","0.595345","2.18531","1.70871e-15","3.11572","3.09537","4.46658","6.59762","0","0","0","0","0","0","0","0"
"12.6893","0.500044","0.531755","0.0398069","0.556762","0.595278","2.18001","1.70712e-15","3.11018","3.10089","4.46403","6.58132","0","0","0","0","0","0","0","0"
"12.6926","0.500044","0.531365","0.0398122","0.556645","0.594644","2.18057","1.709e-15","3.10542","3.09828","4.43597","6.58145","0","0","0","0","0","0","0","0"
"12.696","0.500044","0.531365","0.0398184","0.556394","0.594212","2.17278","1.70723e-15","3.10973","3.09365","4.44898","6.56638","0","0","0","0","0","0","0","0"
"12.6994","0.500044","0.531365","0.0398237","0.55645","0.594129","2.17043","1.70778e-15","3.1135","3.09197","4.43927","6.56129","0","0","0","0","0","0","0","0"
"12.7028","0.500044","0.531365","0.0398299","0.557396","0.594944","2.16874","1.70914e-15","3.11712","3.10401","4.41963","6.59207","0","0","0","0","0","0","0","0"
"12.7063","0.500044","0.531365","0.0398318","0.556588","0.594148","2.16295","1.70794e-15","3.11874","3.10246","4.42362","6.56839","0","0","0","0","0","0","0","0"
"12.7096","0.500044","0.531255","0.0398302","0.556056","0.594257","2.15219","1.70943e-15","3.12138","3.09866","4.4557","6.57339","0","0","0","0","0","0","0","0"
"12.7129","0.500044","0.531255","0.0398288","0.555734","0.593891","2.14374","1.70836e-15","3.12111","3.0988","4.47863","6.58189","0","0","0","0","0","0","0","0"
"12.7164","0.500044","0.531255","0.0398271","0.555612","0.593851","3.01538","1.70937e-15","3.12","3.0966","30.2105","6.58281","0","0","0","0","0","0","0","0"
"12.7197","0.500044","0.531255","0.0398258","0.556056","0.594017","3.41216","1.70925e-15","3.11414","3.1014","23.2354","6.58051","0","0","0","0","0","0","0","0"
"12.7232","0.500044","0.531255","0.0398322","0.55635","0.594206","3.54774","1.70778e-15","3.12811","3.11447","20.3527","6.57511","0","0","0","0","0","0","0","0"
"12.7265","0.500044","0.531294","0.0398428","0.556095","0.59363","3.55923","1.71053e-15","3.1251","3.11516","19.9073","6.6013","0","0","0","0","0","0","0","0"
"12.7299","0.500044","0.531294","0.0398553","0.557162","0.594907","3.54292","1.71028e-15","3.13081","3.12225","20.0147","6.59052","0","0","0","0","0","0","0","0"
"12.7343","0.500044","0.531294","0.0398695","0.556619","0.594046","3.52417","1.71058e-15","3.13464","3.12646","20.1421","6.56863","0","0","0","0","0","0","0","0"
"12.7388","0.500044","0.531294","0.0398878","0.556765","0.594297","3.50396","1.71041e-15","3.13047","3.1234","20.2688","6.55952","0","0","0","0","0","0","0","0"
"12.7421","0.500044","0.531182","0.0399053","0.556948","0.594431","3.49483","1.71019e-15","3.125","3.11642","20.258","6.55673","0","0","0","0","0","0","0","0"
"12.7455","0.500044","0.531182","0.0399257","0.55659","0.594038","3.49137","1.71182e-15","3.12284","3.11804","20.0883","6.57825","0","0","0","0","0","0","0","0"
"12.7489","0.500044","0.531182","0.0399432","0.557242","0.594536","3.49434","1.71001e-15","3.12467","3.11576","19.8174","6.57026","0","0","0","0","0","0","0","0"
"12.7523","0.500044","0.531182","0.0399636","0.557155","0.595141","3.49996","1.71082e-15","3.11999","3.11366","19.4598","6.57317","0","0","0","0","0","0","0","0"
"12.7558","0.500044","0.531182","0.0399782","0.556398","0.594252","3.50047","1.71098e-15","3.11864","3.11329","19.244","6.57266","0","0","0","0","0","0","0","0"
"12.7591","0.500044","0.531213","0.0399885","0.555864","0.594016","3.50042","1.70903e-15","3.12197","3.11237","19.0104","6.55639","0","0","0","0","0","0","0","0"
"12.7625","0.500044","0.531213","0.0399974","0.555445","0.593895","3.50213","1.71051e-15","3.12162","3.11094","18.7799","6.56818","0","0","0","0","0","0","0","0"
"12.7659","0.500044","0.531213","0.0400077","0.554697","0.593345","3.4956","1.7117e-15","3.12176","3.11221","18.6812","6.60192","0","0","0","0","0","0","0","0"
"12.7693","0.500044","0.531213","0.0400166","0.554667","0.593213","3.48935","1.71042e-15","3.12456","3.11429","18.6122","6.58973","0","0","0","0","0","0","0","0"
"12.7727","0.500044","0.531213","0.0400242","0.555046","0.593667","3.48296","1.70968e-15","3.12229","3.11727","18.5157","6.59666","0","0","0","0","0","0","0","0"
"12.776","0.500044","0.531259","0.0400276","0.554825","0.593778","3.47423","1.709e-15","3.11781","3.11154","18.4981","6.59905","0","0","0","0","0","0","0","0"
"12.7794","0.500044","0.531259","0.0400317","0.554715","0.593222","3.46253","1.70932e-15","3.11513","3.11209","18.5094","6.58348","0","0","0","0","0","0","0","0"
"12.785","0.500044","0.531259","0.0400351","0.554441","0.592932","3.45097","1.71154e-15","3.11539","3.11681","18.5514","6.61069","0","0","0","0","0","0","0","0"
"12.7862","0.500044","0.531259","0.0400391","0.553854","0.592526","3.44089","1.71071e-15","3.1137","3.11685","18.5337","6.61119","0","0","0","0","0","0","0","0"
"12.7897","0.500044","0.531259","0.0400376","0.55305","0.592214","3.4433","1.70902e-15","3.11371","3.11281","18.2943","6.59207","0","0","0","0","0","0","0","0"
"12.7929","0.500044","0.53118","0.04003","0.552411","0.591659","3.43067","1.71165e-15","3.11757","3.11595","18.3274","6.61893","0","0","0","0","0","0","0","0"
"12.7964","0.500044","0.53118","0.0400235","0.552554","0.592023","3.41654","1.71137e-15","3.11932","3.11616","18.4252","6.62219","0","0","0","0","0","0","0","0"
"12.7997","0.500044","0.53118","0.0400159","0.553196","0.592634","3.39919","1.70973e-15","3.12063","3.11163","18.5601","6.60712","0","0","0","0","0","0","0","0"
"12.8032","0.500044","0.53118","0.0400094","0.55454","0.593808","3.3931","1.71097e-15","3.11867","3.10811","18.4955","6.60612","0","0","0","0","0","0","0","0"
"12.8067","0.500044","0.53118","0.0399878","0.554655","0.59345","3.37691","1.71e-15","3.11965","3.11272","18.6082","6.59263","0","0","0","0","0","0","0","0"
"12.8099","0.500044","0.530982","0.0399603","0.554813","0.593938","3.36045","1.70792e-15","3.11841","3.11115","18.763","6.58545","0","0","0","0","0","0","0","0"
"12.8133","0.500044","0.530982","0.0399283","0.555048","0.593686","3.34453","1.70995e-15","3.10924","3.10923","18.8751","6.59587","0","0","0","0","0","0","0","0"
"12.8178","0.500044","0.530982","0.0398916","0.555054","0.593565","3.32521","1.71032e-15","3.10636","3.10386","19.0308","6.59945","0","0","0","0","0","0","0","0"
"12.8221","0.500044","0.530982","0.0398516","0.553778","0.592636","3.30344","1.70862e-15","3.11083","3.10178","19.2114","6.56841","0","0","0","0","0","0","0","0"
"12.8253","0.500044","0.530892","0.039828","0.554431","0.593652","3.29636","1.70994e-15","3.1116","3.11796","19.1698","6.5863","0","0","0","0","0","0","0","0"
"12.8286","0.500044","0.530892","0.0398044","0.554094","0.593559","3.28811","1.71012e-15","3.10845","3.11457","19.1533","6.58767","0","0","0","0","0","0","0","0"
"12.8321","0.500044","0.530892","0.0397768","0.554084","0.593506","3.27342","1.70838e-15","3.10528","3.10829","19.2474","6.58562","0","0","0","0","0","0","0","0"
"12.8355","0.500044","0.530892","0.0397532","0.553825","0.59314","3.2897","1.70926e-15","3.1023","3.10442","18.7537","6.58295","0","0","0","0","0","0","0","0"
"12.8391","0.500044","0.530892","0.0397277","0.554227","0.593244","3.31717","1.70939e-15","3.10439","3.10643","18.0073","6.59951","0","0","0","0","0","0","0","0"
"12.8423","0.500044","0.53113","0.0397101","0.553925","0.592646","3.31106","1.70776e-15","3.10671","3.10969","17.9458","6.58566","0","0","0","0","0","0","0","0"
"12.8456","0.500044","0.53113","0.0396896","0.552752","0.591302","3.29228","1.7085e-15","3.11015","3.11452","18.1192","6.59124","0","0","0","0","0","0","0","0"
"12.849","0.500044","0.53113","0.039672","0.553423","0.592373","3.27568","1.71039e-15","3.11855","3.12939","18.2822","6.6115","0","0","0","0","0","0","0","0"
"12.8526","0.500044","0.53113","0.0396515","0.552964","0.591416","3.25748","1.70939e-15","3.11471","3.12817","18.4503","6.61871","0","0","0","0","0","0","0","0"
"12.8561","0.500044","0.53113","0.0396371","0.553343","0.59186","3.24253","1.70736e-15","3.11594","3.12759","18.5496","6.60241","0","0","0","0","0","0","0","0"
"12.8594","0.500044","0.531048","0.0396319","0.553427","0.591794","3.23572","1.7087e-15","3.11188","3.12709","18.5065","6.60517","0","0","0","0","0","0","0","0"
"12.8627","0.500044","0.531048","0.0396258","0.553711","0.5921","3.22818","1.70982e-15","3.11187","3.12676","18.448","6.62421","0","0","0","0","0","0","0","0"
"12.8661","0.500044","0.531048","0.0396205","0.554774","0.592892","3.21971","1.70837e-15","3.11026","3.12849","18.4405","6.61027","0","0","0","0","0","0","0","0"
"12.8695","0.500044","0.531048","0.0396144","0.55438","0.592588","3.21316","1.70764e-15","3.10995","3.12766","18.3621","6.61376","0","0","0","0","0","0","0","0"
"12.873","0.500044","0.531048","0.0396088","0.554576","0.592866","3.2079","1.70819e-15","3.10493","3.12153","18.3081","6.60176","0","0","0","0","0","0","0","0"
"12.8763","0.500044","0.53085","0.0396018","0.554833","0.592991","3.70853","1.70852e-15","3.10164","3.11748","16.6093","6.61028","0","0","0","0","0","0","0","0"
"12.8797","0.500044","0.53085","0.0395958","0.554337","0.592978","3.90099","1.70741e-15","3.10226","3.1147","14.5478","6.59558","0","0","0","0","0","0","0","0"
"12.883","0.500044","0.53085","0.0395888","0.554281","0.593119","3.94535","1.70889e-15","3.09834","3.11026","13.8402","6.59913","0","0","0","0","0","0","0","0"
"12.8864","0.500044","0.53085","0.0395828","0.554261","0.593238","3.93624","1.71115e-15","3.10736","3.11048","13.8221","6.63134","0","0","0","0","0","0","0","0"
"12.8899","0.500044","0.53085","0.0395782","0.553924","0.593154","3.93969","1.70925e-15","3.10833","3.11178","13.6334","6.6146","0","0","0","0","0","0","0","0"
"12.8932","0.500044","0.5308","0.0395758","0.55356","0.593325","3.93214","1.70902e-15","3.10731","3.11397","13.5951","6.60005","0","0","0","0","0","0","0","0"
"12.8966","0.500044","0.5308","0.039573","0.553013","0.592572","3.9081","1.71156e-15","3.10908","3.11107","13.7505","6.62977","0","0","0","0","0","0","0","0"
"12.901","0.500044","0.5308","0.0395697","0.552848","0.592469","3.88981","1.71099e-15","3.10322","3.10376","13.806","6.63799","0","0","0","0","0","0","0","0"
"12.9057","0.500044","0.5308","0.0395674","0.552539","0.592175","3.86542","1.70872e-15","3.10732","3.1043","13.9239","6.61388","0","0","0","0","0","0","0","0"
"12.9096","0.500044","0.530906","0.0395688","0.552417","0.591805","3.85852","1.70978e-15","3.10325","3.10438","13.874","6.612","0","0","0","0","0","0","0","0"
"12.9122","0.500044","0.530906","0.0395705","0.551994","0.591665","3.85271","1.71063e-15","3.10023","3.10215","13.7863","6.62255","0","0","0","0","0","0","0","0"
"12.9157","0.500044","0.530906","0.0395719","0.553489","0.59291","3.84751","1.7091e-15","3.11315","3.11279","13.7215","6.60592","0","0","0","0","0","0","0","0"
"12.919","0.500044","0.530906","0.0395735","0.554193","0.593885","4.16584","1.70957e-15","3.1117","3.10961","14.3722","6.61469","0","0","0","0","0","0","0","0"
"12.9226","0.500044","0.530906","0.0395726","0.554831","0.594473","4.49601","1.71057e-15","3.11039","3.10883","12.7747","6.61434","0","0","0","0","0","0","0","0"
"12.9258","0.500044","0.53086","0.039566","0.554689","0.594171","4.57481","1.70835e-15","3.10919","3.11014","11.981","6.60413","0","0","0","0","0","0","0","0"
"12.9292","0.500044","0.53086","0.0395603","0.555323","0.594619","4.56706","1.70774e-15","3.10897","3.10222","11.9415","6.57135","0","0","0","0","0","0","0","0"
"12.9326","0.500044","0.53086","0.0395537","0.55658","0.595718","4.54867","1.70949e-15","3.11969","3.12071","11.9808","6.58252","0","0","0","0","0","0","0","0"
"12.936","0.500044","0.53086","0.0395481","0.556716","0.595613","4.54128","1.70904e-15","3.12604","3.12075","11.9331","6.58494","0","0","0","0","0","0","0","0"
"12.9395","0.500044","0.53086","0.0395428","0.556669","0.595827","4.54788","1.7072e-15","3.12484","3.11537","11.7317","6.56543","0","0","0","0","0","0","0","0"
"12.9427","0.500044","0.530878","0.0395396","0.556531","0.595681","4.5634","1.70876e-15","3.12142","3.11053","11.4777","6.57063","0","0","0","0","0","0","0","0"
"12.9461","0.500044","0.530878","0.039536","0.557159","0.596421","4.57445","1.71035e-15","3.12548","3.10828","11.2461","6.58041","0","0","0","0","0","0","0","0"
"12.9495","0.500044","0.530878","0.0395328","0.556474","0.596015","4.5887","1.70957e-15","3.12246","3.10757","11.0108","6.58174","0","0","0","0","0","0","0","0"
"12.9529","0.500044","0.530878","0.0395292","0.556975","0.59656","4.59184","1.70874e-15","3.12933","3.1093","10.8575","6.57127","0","0","0","0","0","0","0","0"
"12.9564","0.500044","0.530878","0.0395263","0.556383","0.596464","4.57068","1.70963e-15","3.127","3.10457","10.9374","6.58641","0","0","0","0","0","0","0","0"
"12.9597","0.500044","0.531247","0.0395234","0.555629","0.595721","4.54635","1.70849e-15","3.12777","3.10097","11.0286","6.58111","0","0","0","0","0","0","0","0"
"12.963","0.500044","0.531247","0.0395208","0.555707","0.595961","4.53369","1.7076e-15","3.12436","3.09681","11.0333","6.56915","0","0","0","0","0","0","0","0"
"12.9664","0.500044","0.531247","0.0395179","0.555585","0.59626","4.51938","1.71043e-15","3.12394","3.09981","11.038","6.57922","0","0","0","0","0","0","0","0"
"12.9698","0.500044","0.531247","0.0395153","0.555755","0.596232","4.49841","1.71025e-15","3.12231","3.09581","11.1198","6.58395","0","0","0","0","0","0","0","0"
"12.9733","0.500044","0.531247","0.0395135","0.555549","0.596157","4.47684","1.70822e-15","3.12105","3.09182","11.1891","6.56738","0","0","0","0","0","0","0","0"
"12.9766","0.500044","0.531511","0.0395126","0.555283","0.595936","4.46404","1.70792e-15","3.12323","3.09282","11.1944","6.54963","0","0","0","0","0","0","0","0"
"12.98","0.500044","0.531511","0.0395116","0.55585","0.596483","4.45604","1.71024e-15","3.1201","3.09146","11.1363","6.56438","0","0","0","0","0","0","0","0"
"12.9844","0.500044","0.531511","0.0395104","0.556434","0.597235","4.44901","1.71085e-15","3.12002","3.0897","11.0519","6.59726","0","0","0","0","0","0","0","0"
"12.9888","0.500044","0.531511","0.0395072","0.557176","0.598186","4.44098","1.70743e-15","3.11499","3.08509","10.9607","6.58566","0","0","0","0","0","0","0","0"
"12.992","0.500044","0.531587","0.0395007","0.556944","0.597954","4.43374","1.70777e-15","3.11573","3.08336","10.9158","6.59262","0","0","0","0","0","0","0","0"
"12.9953","0.500044","0.531587","0.0394942","0.557165","0.598281","4.42515","1.70954e-15","3.1189","3.07794","10.8859","6.62537","0","0","0","0","0","0","0","0"
"12.9987","0.500044","0.531587","0.0394866","0.557361","0.598961","4.4026","1.70919e-15","3.1134","3.07374","10.9673","6.63801","0","0","0","0","0","0","0","0"
"13.0021","0.500044","0.531587","0.0394801","0.557255","0.599032","4.38102","1.70731e-15","3.10953","3.07005","11.06","6.62173","0","0","0","0","0","0","0","0"
"13.0056","0.500044","0.531587","0.0394668","0.557408","0.599317","4.35535","1.70695e-15","3.10934","3.07146","11.1753","6.60395","0","0","0","0","0","0","0","0"
"13.0089","0.500044","0.531787","0.0394433","0.557531","0.599252","4.33661","1.70797e-15","3.10319","3.06531","11.2435","6.63146","0","0","0","0","0","0","0","0"
"13.0122","0.500044","0.531787","0.0394158","0.557632","0.599183","4.31866","1.70757e-15","3.09737","3.06486","11.2863","6.62768","0","0","0","0","0","0","0","0"
"13.0163","0.500044","0.531787","0.0393922","0.556944","0.598717","4.29817","1.70625e-15","3.09699","3.06552","11.3746","6.60696","0","0","0","0","0","0","0","0"
"13.019","0.500044","0.531787","0.0393647","0.5566","0.598132","4.27145","1.70821e-15","3.09708","3.06431","11.5094","6.61076","0","0","0","0","0","0","0","0"
"13.0225","0.500044","0.531787","0.0393442","0.556332","0.597628","4.25126","1.70951e-15","3.09781","3.06327","11.5987","6.61572","0","0","0","0","0","0","0","0"
"13.0258","0.500044","0.532227","0.0393274","0.556518","0.597699","4.22768","1.709e-15","3.09204","3.05992","11.7051","6.63263","0","0","0","0","0","0","0","0"
"13.0292","0.500044","0.532227","0.039313","0.555863","0.597187","4.20665","1.70816e-15","3.09042","3.05797","11.8074","6.61629","0","0","0","0","0","0","0","0"
"13.0326","0.500044","0.532227","0.0392962","0.555069","0.596376","4.18249","1.70638e-15","3.09163","3.05883","11.9249","6.59633","0","0","0","0","0","0","0","0"
"13.0359","0.500044","0.532227","0.0392818","0.555986","0.59782","4.16503","1.70753e-15","3.09044","3.05561","11.9918","6.60286","0","0","0","0","0","0","0","0"
"13.0394","0.500044","0.532227","0.0392749","0.555225","0.597104","4.14191","1.70832e-15","3.08892","3.05324","12.1019","6.60646","0","0","0","0","0","0","0","0"
"13.0427","0.500044","0.532354","0.0392802","0.555544","0.597698","4.12272","1.70977e-15","3.09345","3.05601","12.1913","6.62198","0","0","0","0","0","0","0","0"
"13.0461","0.500044","0.532354","0.0392864","0.555631","0.597849","4.10061","1.709e-15","3.09007","3.0554","12.2943","6.61462","0","0","0","0","0","0","0","0"
"13.0496","0.500044","0.532354","0.0392918","0.556401","0.598514","4.08579","1.70734e-15","3.09151","3.05558","12.3368","6.5957","0","0","0","0","0","0","0","0"
"13.0529","0.500044","0.532354","0.039298","0.557174","0.598816","4.09974","1.70713e-15","3.0934","3.05727","12.2391","6.58576","0","0","0","0","0","0","0","0"
"13.0564","0.500044","0.532354","0.0393101","0.557507","0.598928","4.29669","1.70785e-15","3.09205","3.05694","11.0386","6.59298","0","0","0","0","0","0","0","0"
"13.0597","0.500044","0.532199","0.0393321","0.558274","0.599584","4.36071","1.70804e-15","3.09384","3.05391","10.4457","6.59301","0","0","0","0","0","0","0","0"
"13.0631","0.500044","0.532199","0.039351","0.558286","0.599584","4.35843","1.70614e-15","3.0914","3.05112","10.3633","6.57771","0","0","0","0","0","0","0","0"
"13.0677","0.500044","0.532199","0.0393794","0.557808","0.599311","4.32695","1.70607e-15","3.09478","3.05085","10.4903","6.56544","0","0","0","0","0","0","0","0"
"13.0722","0.500044","0.532199","0.0394078","0.557365","0.598568","4.29439","1.70825e-15","3.09223","3.04817","10.6312","6.58177","0","0","0","0","0","0","0","0"
"13.0755","0.500044","0.532436","0.039427","0.557878","0.598974","4.27718","1.7061e-15","3.10016","3.04721","10.6843","6.57294","0","0","0","0","0","0","0","0"
"13.0789","0.500044","0.532436","0.0394494","0.557338","0.598999","4.26107","1.7055e-15","3.09962","3.04788","10.71","6.57445","0","0","0","0","0","0","0","0"
"13.0823","0.500044","0.532436","0.0394687","0.557682","0.599575","4.25114","1.70774e-15","3.09786","3.05291","10.697","6.60851","0","0","0","0","0","0","0","0"
"13.0857","0.500044","0.532436","0.0394911","0.557931","0.599319","4.23734","1.7075e-15","3.10044","3.05218","10.7025","6.61558","0","0","0","0","0","0","0","0"
"13.0921","0.500044","0.532436","0.0395076","0.558523","0.599765","4.22563","1.70573e-15","3.09701","3.04602","10.7062","6.59565","0","0","0","0","0","0","0","0"
"13.0925","0.500044","0.532762","0.0395205","0.55804","0.599384","4.20685","1.70593e-15","3.10041","3.04974","10.7584","6.59027","0","0","0","0","0","0","0","0"
"13.0958","0.500044","0.532762","0.0395317","0.558313","0.599523","4.19196","1.70785e-15","3.09862","3.04801","10.7928","6.6001","0","0","0","0","0","0","0","0"
"13.0992","0.500044","0.532762","0.0395446","0.558323","0.599646","4.17278","1.70793e-15","3.09905","3.04448","10.8516","6.60895","0","0","0","0","0","0","0","0"
"13.1027","0.500044","0.532762","0.0395558","0.558362","0.599819","4.15227","1.70602e-15","3.09963","3.04576","10.9439","6.59186","0","0","0","0","0","0","0","0"
"13.1061","0.500044","0.532762","0.0395737","0.558461","0.599736","4.12746","1.70418e-15","3.09815","3.04293","11.063","6.57099","0","0","0","0","0","0","0","0"
"13.1096","0.500044","0.532898","0.0395983","0.558412","0.59969","4.10504","1.70618e-15","3.09649","3.03893","11.16","6.57355","0","0","0","0","0","0","0","0"
"13.113","0.500044","0.532898","0.0396194","0.558185","0.599855","4.08595","1.70736e-15","3.09102","3.03982","11.2431","6.5987","0","0","0","0","0","0","0","0"
"13.1164","0.500044","0.532898","0.0396441","0.557768","0.599467","4.06493","1.70553e-15","3.08754","3.03894","11.3286","6.57894","0","0","0","0","0","0","0","0"
"13.1198","0.500044","0.532898","0.0396652","0.557609","0.599829","4.04746","1.70613e-15","3.08519","3.03324","11.3973","6.56493","0","0","0","0","0","0","0","0"
"13.1232","0.500044","0.532898","0.0396852","0.556718","0.598778","4.02858","1.70613e-15","3.08861","3.03885","11.463","6.5502","0","0","0","0","0","0","0","0"
"13.1265","0.500044","0.533018","0.0396995","0.556699","0.59896","4.01352","1.70646e-15","3.08967","3.04661","11.5086","6.55773","0","0","0","0","0","0","0","0"
"13.1299","0.500044","0.533018","0.0397161","0.55726","0.59985","3.9968","1.70479e-15","3.0832","3.05078","11.5532","6.54295","0","0","0","0","0","0","0","0"
"13.1333","0.500044","0.533018","0.0397303","0.556835","0.599565","3.9798","1.70675e-15","3.08392","3.04964","11.6216","6.5652","0","0","0","0","0","0","0","0"
"13.1367","0.500044","0.533018","0.0397469","0.556541","0.599123","3.96176","1.70876e-15","3.08629","3.04642","11.6827","6.60047","0","0","0","0","0","0","0","0"
"13.1402","0.500044","0.533018","0.0397642","0.555968","0.598625","3.94364","1.7077e-15","3.08686","3.04873","11.7663","6.60296","0","0","0","0","0","0","0","0"
"13.1435","0.500044","0.533092","0.039786","0.556105","0.598886","3.92275","1.7064e-15","3.08314","3.0416","11.863","6.5886","0","0","0","0","0","0","0","0"
"13.1469","0.500044","0.533092","0.0398048","0.556005","0.5986","3.90496","1.70863e-15","3.07777","3.03693","11.946","6.61764","0","0","0","0","0","0","0","0"
"13.1511","0.500044","0.533092","0.0398297","0.556413","0.598461","3.88492","1.70949e-15","3.07604","3.0378","12.0155","6.62472","0","0","0","0","0","0","0","0"
"13.1555","0.500044","0.533092","0.0398585","0.556867","0.599677","3.85824","1.70768e-15","3.0812","3.0477","12.1455","6.60089","0","0","0","0","0","0","0","0"
"13.1586","0.500044","0.533055","0.039879","0.557955","0.600474","3.83974","1.70907e-15","3.08254","3.04407","12.243","6.60883","0","0","0","0","0","0","0","0"
"13.1622","0.500044","0.533055","0.0399029","0.55823","0.60038","3.82097","1.70814e-15","3.08147","3.03745","12.3239","6.60418","0","0","0","0","0","0","0","0"
"13.1656","0.500044","0.533055","0.0399234","0.558056","0.60033","3.8017","1.70836e-15","3.08768","3.04086","12.435","6.61003","0","0","0","0","0","0","0","0"
"13.169","0.500044","0.533055","0.0399473","0.558659","0.600783","3.78096","1.71015e-15","3.09252","3.0426","12.5447","6.62835","0","0","0","0","0","0","0","0"
"13.1725","0.500044","0.533055","0.0399665","0.558003","0.599863","3.76365","1.70886e-15","3.09453","3.04677","12.6345","6.62246","0","0","0","0","0","0","0","0"
"13.1758","0.500044","0.53308","0.0399859","0.5578","0.599826","3.74075","1.7097e-15","3.09534","3.04975","12.7774","6.61887","0","0","0","0","0","0","0","0"
"13.1791","0.500044","0.53308","0.0400024","0.557578","0.59948","3.72121","1.71066e-15","3.0939","3.05253","12.9017","6.63549","0","0","0","0","0","0","0","0"
"13.1825","0.500044","0.53308","0.0400217","0.55727","0.599254","3.69885","1.709e-15","3.09669","3.05337","13.0438","6.62112","0","0","0","0","0","0","0","0"
"13.1859","0.500044","0.53308","0.0400383","0.55722","0.599196","3.67899","1.71036e-15","3.10011","3.05472","13.1782","6.63121","0","0","0","0","0","0","0","0"
"13.1894","0.500044","0.53308","0.0400575","0.556784","0.598506","3.65908","1.71017e-15","3.09819","3.05277","13.292","6.6349","0","0","0","0","0","0","0","0"
"13.1927","0.500044","0.533388","0.0400737","0.556945","0.598747","3.64347","1.70853e-15","3.10194","3.05859","13.3712","6.62432","0","0","0","0","0","0","0","0"
"13.1961","0.500044","0.533388","0.0400927","0.557358","0.599222","3.62289","1.70926e-15","3.10262","3.0603","13.4993","6.61436","0","0","0","0","0","0","0","0"
"13.1995","0.500044","0.533388","0.0401089","0.557117","0.598565","3.60411","1.71086e-15","3.09963","3.06196","13.6284","6.63584","0","0","0","0","0","0","0","0"
"13.2029","0.500044","0.533388","0.0401279","0.557154","0.598871","3.58199","1.70983e-15","3.0993","3.05468","13.7855","6.63917","0","0","0","0","0","0","0","0"
"13.2063","0.500044","0.533388","0.0401492","0.557602","0.599052","3.56771","1.70786e-15","3.10847","3.0533","13.8531","6.61815","0","0","0","0","0","0","0","0"
"13.2096","0.500044","0.533422","0.0401799","0.557207","0.59851","3.54669","1.71044e-15","3.10713","3.05851","13.9992","6.65677","0","0","0","0","0","0","0","0"
"13.213","0.500044","0.533422","0.0402062","0.556883","0.598463","3.52888","1.71181e-15","3.10548","3.05907","14.1239","6.66762","0","0","0","0","0","0","0","0"
"13.2164","0.500044","0.533422","0.040237","0.556753","0.598181","3.50751","1.71047e-15","3.10324","3.05565","14.2822","6.68278","0","0","0","0","0","0","0","0"
"13.2198","0.500044","0.533422","0.0402633","0.556634","0.597998","3.48994","1.70921e-15","3.10299","3.06004","14.4088","6.66678","0","0","0","0","0","0","0","0"
"13.2233","0.500044","0.533422","0.0402946","0.556566","0.597541","3.46937","1.70929e-15","3.10704","3.06504","14.5611","6.66186","0","0","0","0","0","0","0","0"
"13.2266","0.500044","0.533436","0.0403217","0.556735","0.597735","3.45312","1.71038e-15","3.10836","3.06535","14.6711","6.67242","0","0","0","0","0","0","0","0"
"13.2299","0.500044","0.533436","0.0403534","0.556468","0.597036","3.43634","1.70981e-15","3.10463","3.06356","14.7657","6.67214","0","0","0","0","0","0","0","0"
"13.2344","0.500044","0.533436","0.0403895","0.556141","0.596593","3.41374","1.70877e-15","3.10663","3.06654","14.9348","6.65924","0","0","0","0","0","0","0","0"
"13.2388","0.500044","0.533436","0.0404304","0.556221","0.596621","3.38747","1.71004e-15","3.10197","3.06168","15.1453","6.66977","0","0","0","0","0","0","0","0"
"13.2422","0.500044","0.533446","0.0404582","0.556157","0.596871","3.36969","1.70962e-15","3.10111","3.07677","15.294","6.66651","0","0","0","0","0","0","0","0"
"13.2456","0.500044","0.533446","0.0404905","0.556199","0.59676","3.35164","1.70782e-15","3.10532","3.08389","15.423","6.64601","0","0","0","0","0","0","0","0"
"13.249","0.500044","0.533446","0.0405183","0.556458","0.597049","3.33635","1.70962e-15","3.10064","3.07468","15.5323","6.66694","0","0","0","0","0","0","0","0"
"13.2523","0.500044","0.533446","0.0405507","0.556337","0.596832","3.31751","1.71101e-15","3.09597","3.07238","15.681","6.68146","0","0","0","0","0","0","0","0"
"13.2558","0.500044","0.533446","0.0405754","0.556369","0.596962","3.30105","1.71037e-15","3.09535","3.07225","15.817","6.6786","0","0","0","0","0","0","0","0"
"13.2591","0.500044","0.533314","0.0405974","0.556492","0.597078","3.28514","1.70906e-15","3.0942","3.07411","15.9167","6.65476","0","0","0","0","0","0","0","0"
"13.2625","0.500044","0.533314","0.0406162","0.55715","0.59739","3.27137","1.71035e-15","3.09745","3.07383","16.0062","6.64936","0","0","0","0","0","0","0","0"
"13.2659","0.500044","0.533314","0.0406381","0.556522","0.596465","3.25281","1.71229e-15","3.09593","3.07342","16.161","6.66713","0","0","0","0","0","0","0","0"
"13.2692","0.500044","0.533314","0.0406569","0.556953","0.596919","3.24145","1.71298e-15","3.10071","3.07981","16.2081","6.69119","0","0","0","0","0","0","0","0"
"13.2727","0.500044","0.533314","0.040675","0.557527","0.5973","3.22437","1.71083e-15","3.09933","3.08485","16.3392","6.6717","0","0","0","0","0","0","0","0"
"13.276","0.500044","0.533367","0.0406862","0.557178","0.596906","3.20753","1.71099e-15","3.09714","3.08303","16.4979","6.6634","0","0","0","0","0","0","0","0"
"13.2794","0.500044","0.533367","0.0406992","0.557817","0.596984","3.19292","1.71339e-15","3.09658","3.07504","16.5851","6.68527","0","0","0","0","0","0","0","0"
"13.2828","0.500044","0.533367","0.0407104","0.558084","0.597623","3.18229","1.71424e-15","3.09662","3.07099","16.6235","6.69604","0","0","0","0","0","0","0","0"
"13.2862","0.500044","0.533367","0.0407234","0.557768","0.597403","3.17065","1.71268e-15","3.09303","3.06878","16.6531","6.68591","0","0","0","0","0","0","0","0"
"13.2897","0.500044","0.533367","0.0407339","0.557036","0.596867","3.15407","1.71145e-15","3.09139","3.06973","16.8151","6.66018","0","0","0","0","0","0","0","0"
"13.2929","0.500044","0.533541","0.0407454","0.556233","0.596293","3.13534","1.71261e-15","3.09137","3.07021","16.9956","6.66918","0","0","0","0","0","0","0","0"
"13.2963","0.500044","0.533541","0.0407552","0.556651","0.597054","3.12044","1.71408e-15","3.08847","3.06987","17.1291","6.68646","0","0","0","0","0","0","0","0"
"13.2997","0.500044","0.533541","0.0407667","0.555874","0.59644","3.10133","1.71249e-15","3.09137","3.07388","17.3255","6.67088","0","0","0","0","0","0","0","0"
"13.3031","0.500044","0.533541","0.0407765","0.55681","0.597443","3.08909","1.71263e-15","3.09086","3.06974","17.4065","6.67383","0","0","0","0","0","0","0","0"
"13.3067","0.500044","0.533541","0.040792","0.55708","0.598124","3.07412","1.71279e-15","3.08802","3.06483","17.5177","6.67228","0","0","0","0","0","0","0","0"
"13.3099","0.500044","0.533661","0.0408078","0.556705","0.59788","3.05829","1.71299e-15","3.0865","3.06579","17.6828","6.68309","0","0","0","0","0","0","0","0"
"13.3133","0.500044","0.533661","0.0408262","0.557036","0.59832","3.04003","1.71068e-15","3.09543","3.06625","17.8747","6.66252","0","0","0","0","0","0","0","0"
"13.3177","0.500044","0.533661","0.0408472","0.55676","0.598018","3.02033","1.71288e-15","3.09028","3.06562","18.0722","6.66653","0","0","0","0","0","0","0","0"
"13.3221","0.500044","0.533661","0.0408722","0.556153","0.597579","2.99689","1.71315e-15","3.08967","3.06257","18.3315","6.67211","0","0","0","0","0","0","0","0"
"13.3253","0.500044","0.533696","0.0408917","0.555766","0.597306","2.98159","1.71084e-15","3.08932","3.06301","18.5009","6.66139","0","0","0","0","0","0","0","0"
"13.3287","0.500044","0.533696","0.0409112","0.555573","0.596901","2.96924","1.71037e-15","3.09107","3.06133","18.6014","6.66007","0","0","0","0","0","0","0","0"
"13.3321","0.500044","0.533696","0.040934","0.555435","0.596673","2.95288","1.71271e-15","3.08934","3.06727","18.7692","6.68252","0","0","0","0","0","0","0","0"
"13.3354","0.500044","0.533696","0.0409534","0.555624","0.596766","2.93979","1.71304e-15","3.08936","3.06958","18.8922","6.68227","0","0","0","0","0","0","0","0"
"13.3391","0.500044","0.533696","0.0409785","0.555993","0.597424","2.92339","1.71091e-15","3.09369","3.07623","19.0678","6.66352","0","0","0","0","0","0","0","0"
"13.3423","0.500044","0.533873","0.0410095","0.555958","0.597389","2.91241","1.71252e-15","3.09668","3.07409","19.1087","6.66339","0","0","0","0","0","0","0","0"
"13.3457","0.500044","0.533873","0.041036","0.555994","0.597644","2.89932","1.71425e-15","3.09314","3.06707","19.2388","6.67309","0","0","0","0","0","0","0","0"
"13.3491","0.500044","0.533873","0.041067","0.555688","0.597076","2.88369","1.71372e-15","3.09243","3.06576","19.4033","6.68406","0","0","0","0","0","0","0","0"
"13.3525","0.500044","0.533873","0.0410935","0.55609","0.597919","2.87082","1.71261e-15","3.09396","3.07891","19.5329","6.66454","0","0","0","0","0","0","0","0"
"13.3561","0.500044","0.533873","0.0411235","0.555716","0.597878","2.85512","1.71265e-15","3.09111","3.07757","19.7056","6.64673","0","0","0","0","0","0","0","0"
"13.3594","0.500044","0.533879","0.041148","0.555372","0.597671","2.84644","1.71493e-15","3.08878","3.07653","19.7285","6.65667","0","0","0","0","0","0","0","0"
"13.3627","0.500044","0.533879","0.0411766","0.556747","0.598811","2.83881","1.71397e-15","3.08775","3.07535","19.6897","6.65501","0","0","0","0","0","0","0","0"
"13.3661","0.500044","0.533879","0.0412012","0.556351","0.598134","2.82595","1.712e-15","3.08573","3.07462","19.8265","6.64431","0","0","0","0","0","0","0","0"
"13.3695","0.500044","0.533879","0.0412298","0.556558","0.598391","2.81326","1.71226e-15","3.0829","3.07779","19.9253","6.65526","0","0","0","0","0","0","0","0"
"13.3731","0.500044","0.533879","0.0412507","0.556445","0.59828","2.79824","1.71235e-15","3.08151","3.07208","20.0914","6.64641","0","0","0","0","0","0","0","0"
"13.3766","0.500044","0.533978","0.0412637","0.556946","0.598841","2.78411","1.71133e-15","3.08109","3.07013","20.2726","6.63027","0","0","0","0","0","0","0","0"
"13.38","0.500044","0.533978","0.0412789","0.558203","0.600222","2.76998","1.71013e-15","3.09243","3.0675","20.4207","6.62664","0","0","0","0","0","0","0","0"
"13.3834","0.500044","0.533978","0.0412919","0.558124","0.600088","2.76611","1.71189e-15","3.08931","3.06323","20.3167","6.64304","0","0","0","0","0","0","0","0"
"13.3868","0.500044","0.533978","0.041307","0.557634","0.599457","2.75105","1.71321e-15","3.0889","3.06491","20.4946","6.67299","0","0","0","0","0","0","0","0"
"13.3903","0.500044","0.533978","0.041313","0.557802","0.599304","2.73866","1.71207e-15","3.08878","3.06011","20.6347","6.67374","0","0","0","0","0","0","0","0"
"13.3935","0.500044","0.534176","0.0413159","0.557494","0.599014","2.72324","1.71068e-15","3.09331","3.06594","20.8309","6.65795","0","0","0","0","0","0","0","0"
"13.3971","0.500044","0.534176","0.0413188","0.558342","0.599828","2.71236","1.7135e-15","3.10739","3.06528","20.8943","6.6838","0","0","0","0","0","0","0","0"
"13.401","0.500044","0.534176","0.0413217","0.557677","0.599371","2.69823","1.71465e-15","3.10558","3.06676","21.0577","6.72569","0","0","0","0","0","0","0","0"
"13.4062","0.500044","0.534176","0.0413277","0.55771","0.599826","2.68202","1.71206e-15","3.10861","3.0764","21.2123","6.71025","0","0","0","0","0","0","0","0"
"13.4097","0.500044","0.534488","0.0413401","0.558255","0.600469","2.6662","1.71219e-15","3.11088","3.08659","21.3976","6.70782","0","0","0","0","0","0","0","0"
"13.4131","0.500044","0.534488","0.0413493","0.558551","0.600948","2.65308","1.71446e-15","3.10939","3.08339","21.5794","6.72239","0","0","0","0","0","0","0","0"
"13.4165","0.500044","0.534488","0.0413602","0.558517","0.600987","2.64053","1.71425e-15","3.11281","3.08246","21.707","6.75966","0","0","0","0","0","0","0","0"
"13.4199","0.500044","0.534488","0.0413694","0.558743","0.601196","2.63134","1.71284e-15","3.11508","3.08676","21.7685","6.74277","0","0","0","0","0","0","0","0"
"13.4234","0.500044","0.534488","0.0413795","0.559664","0.601807","2.63091","1.71155e-15","3.11531","3.08479","21.5199","6.72508","0","0","0","0","0","0","0","0"
"13.4267","0.500044","0.53466","0.0413875","0.559479","0.602076","2.62125","1.71406e-15","3.11714","3.08507","21.5971","6.76005","0","0","0","0","0","0","0","0"
"13.43","0.500044","0.53466","0.0413969","0.559354","0.601809","2.61197","1.71479e-15","3.11611","3.08556","21.6255","6.76769","0","0","0","0","0","0","0","0"
"13.4335","0.500044","0.53466","0.041405","0.559619","0.601899","2.60629","1.71371e-15","3.112","3.08285","21.5816","6.76061","0","0","0","0","0","0","0","0"
"13.4368","0.500044","0.53466","0.0414144","0.560602","0.602856","2.59896","1.71172e-15","3.10487","3.07538","21.5513","6.74687","0","0","0","0","0","0","0","0"
"13.4403","0.500044","0.53466","0.0414244","0.561002","0.603379","2.59343","1.71207e-15","3.1103","3.07023","21.4651","6.73761","0","0","0","0","0","0","0","0"
"13.4436","0.500044","0.534997","0.041433","0.562331","0.604393","2.59119","1.71386e-15","3.11008","3.08043","21.3199","6.75993","0","0","0","0","0","0","0","0"
"13.447","0.500044","0.534997","0.0414432","0.562159","0.604232","2.62455","1.71281e-15","3.1072","3.07488","20.1921","6.76027","0","0","0","0","0","0","0","0"
"13.4504","0.500044","0.534997","0.0414519","0.561814","0.603904","2.62584","1.71083e-15","3.10296","3.07605","19.9478","6.74348","0","0","0","0","0","0","0","0"
"13.4538","0.500044","0.534997","0.041462","0.561907","0.604158","2.62012","1.71218e-15","3.0991","3.07144","19.8727","6.73362","0","0","0","0","0","0","0","0"
"13.4573","0.500044","0.534997","0.0414647","0.561501","0.603969","2.6095","1.71229e-15","3.09916","3.07551","19.9736","6.73428","0","0","0","0","0","0","0","0"
"13.4606","0.500044","0.535364","0.0414664","0.560923","0.603867","2.59439","1.71357e-15","3.09689","3.07499","20.1761","6.767","0","0","0","0","0","0","0","0"
"13.464","0.500044","0.535364","0.0414679","0.561119","0.604158","2.58678","1.71197e-15","3.09748","3.07784","20.1909","6.7561","0","0","0","0","0","0","0","0"
"13.4673","0.500044","0.535364","0.0414696","0.561297","0.604632","2.57925","1.71103e-15","3.089","3.07265","20.1692","6.74183","0","0","0","0","0","0","0","0"
"13.4707","0.500044","0.535364","0.041471","0.560656","0.604058","2.56856","1.71337e-15","3.09027","3.07239","20.2788","6.75814","0","0","0","0","0","0","0","0"
"13.4742","0.500044","0.535364","0.041481","0.561418","0.60497","2.56152","1.71184e-15","3.08493","3.07195","20.2456","6.74938","0","0","0","0","0","0","0","0"
"13.4775","0.500044","0.535827","0.0414907","0.561854","0.6046","2.55814","1.71015e-15","3.09137","3.0713","20.1385","6.73439","0","0","0","0","0","0","0","0"
"13.4809","0.500044","0.535827","0.0415021","0.561166","0.603925","2.54852","1.71169e-15","3.09051","3.07164","20.1833","6.73884","0","0","0","0","0","0","0","0"
"13.4846","0.500044","0.535827","0.0415134","0.561362","0.603773","2.53606","1.71225e-15","3.08348","3.06691","20.3155","6.73413","0","0","0","0","0","0","0","0"
"13.4888","0.500044","0.535827","0.0415267","0.56164","0.603804","2.52422","1.70965e-15","3.08612","3.0657","20.396","6.70604","0","0","0","0","0","0","0","0"
"13.4921","0.500044","0.53606","0.0415374","0.561779","0.603537","2.51618","1.70948e-15","3.08549","3.06097","20.4312","6.70051","0","0","0","0","0","0","0","0"
"13.4955","0.500044","0.53606","0.0415498","0.561285","0.603465","2.5219","1.71264e-15","3.08874","3.06305","20.0157","6.71125","0","0","0","0","0","0","0","0"
"13.4988","0.500044","0.53606","0.0415605","0.56182","0.603837","2.5169","1.71326e-15","3.08142","3.0626","19.9579","6.74039","0","0","0","0","0","0","0","0"
"13.5022","0.500044","0.53606","0.041573","0.561619","0.603782","2.51009","1.71138e-15","3.07894","3.05804","19.9229","6.7202","0","0","0","0","0","0","0","0"
"13.5057","0.500044","0.53606","0.0415849","0.561684","0.603941","2.5089","1.71082e-15","3.07493","3.0567","19.7522","6.70093","0","0","0","0","0","0","0","0"
"13.509","0.500044","0.536198","0.0416017","0.561699","0.604074","2.52745","1.71194e-15","3.07606","3.05228","19.0258","6.70911","0","0","0","0","0","0","0","0"
"13.5124","0.500044","0.536198","0.0416161","0.562522","0.605396","2.527","1.71177e-15","3.08677","3.06792","18.8522","6.71841","0","0","0","0","0","0","0","0"
"13.5158","0.500044","0.536198","0.0416329","0.562725","0.605657","2.51645","1.70954e-15","3.08963","3.06731","18.9248","6.70041","0","0","0","0","0","0","0","0"
"13.5317","0.500044","0.536198","0.0417014","0.562151","0.604494","2.4868","1.71226e-15","3.08358","3.06423","18.9282","6.75366","0","0","0","0","0","0","0","0"
"13.5326","0.500044","0.536273","0.041718","0.561846","0.604589","2.49475","1.71146e-15","3.08125","3.0675","18.5366","6.73958","0","0","0","0","0","0","0","0"
"13.5361","0.500044","0.536273","0.0417375","0.562459","0.605698","2.49144","1.71033e-15","3.08171","3.07949","18.4104","6.71846","0","0","0","0","0","0","0","0"
"13.5395","0.500044","0.536273","0.0417523","0.562146","0.60555","2.48451","1.70867e-15","3.08155","3.07603","18.415","6.70076","0","0","0","0","0","0","0","0"
"13.5428","0.500044","0.536572","0.0417674","0.561844","0.605194","2.52312","1.71121e-15","3.07796","3.07195","17.3041","6.72943","0","0","0","0","0","0","0","0"
"13.5462","0.500044","0.536572","0.0417804","0.561703","0.6049","2.54072","1.71181e-15","3.07541","3.07105","16.7551","6.74104","0","0","0","0","0","0","0","0"
"13.5496","0.500044","0.536572","0.0417933","0.561676","0.604792","2.53637","1.71197e-15","3.07848","3.08085","16.6977","6.74875","0","0","0","0","0","0","0","0"
"13.553","0.500044","0.536572","0.0418084","0.562195","0.605298","2.5323","1.71026e-15","3.08442","3.08259","16.6005","6.73629","0","0","0","0","0","0","0","0"
"13.5565","0.500044","0.536572","0.0418212","0.561838","0.604674","2.522","1.70783e-15","3.08734","3.08243","16.6571","6.71266","0","0","0","0","0","0","0","0"
"13.5598","0.500044","0.536736","0.0418306","0.561521","0.604007","2.51669","1.70695e-15","3.08656","3.08263","16.6189","6.70689","0","0","0","0","0","0","0","0"
"13.5632","0.500044","0.536736","0.0418415","0.561546","0.604027","2.51591","1.70897e-15","3.08689","3.08413","16.4478","6.71827","0","0","0","0","0","0","0","0"
"13.5678","0.500044","0.536736","0.0418556","0.561099","0.603993","2.51183","1.71136e-15","3.08473","3.0854","16.2984","6.73822","0","0","0","0","0","0","0","0"
"13.5721","0.500044","0.536736","0.0418691","0.560555","0.603561","2.50612","1.71217e-15","3.08714","3.09193","16.2153","6.74723","0","0","0","0","0","0","0","0"
"13.5754","0.500044","0.536768","0.0418815","0.560749","0.603663","2.49852","1.71097e-15","3.0826","3.091","16.2355","6.7442","0","0","0","0","0","0","0","0"
"13.5788","0.500044","0.536768","0.041896","0.560684","0.603836","2.48871","1.70865e-15","3.08649","3.09492","16.2826","6.73331","0","0","0","0","0","0","0","0"
"13.5822","0.500044","0.536768","0.0419084","0.560441","0.603617","2.51038","1.70672e-15","3.08708","3.095","15.6895","6.7137","0","0","0","0","0","0","0","0"
"13.5856","0.500044","0.536768","0.0419229","0.560197","0.603257","2.5208","1.70457e-15","3.08904","3.09297","15.2905","6.69497","0","0","0","0","0","0","0","0"
"13.589","0.500044","0.536768","0.041935","0.559548","0.602523","2.52511","1.70382e-15","3.08826","3.09613","15.0475","6.67844","0","0","0","0","0","0","0","0"
"13.5924","0.500044","0.536679","0.0419487","0.560227","0.60297","2.62961","1.70518e-15","3.09017","3.09235","13.5375","6.67839","0","0","0","0","0","0","0","0"
"13.5957","0.500044","0.536679","0.0419604","0.560393","0.602954","2.67168","1.70765e-15","3.0923","3.09087","12.7453","6.68322","0","0","0","0","0","0","0","0"
"13.5992","0.500044","0.536679","0.041974","0.560896","0.60332","2.78319","1.70909e-15","3.08955","3.09484","11.6541","6.70625","0","0","0","0","0","0","0","0"
"13.6026","0.500044","0.536679","0.0419857","0.561152","0.603882","2.93292","1.70892e-15","3.08779","3.09491","10.7168","6.70926","0","0","0","0","0","0","0","0"
"13.6061","0.500044","0.536679","0.0420008","0.560865","0.603281","3.06916","1.70614e-15","3.0877","3.09642","9.82264","6.69157","0","0","0","0","0","0","0","0"
"13.6094","0.500044","0.536664","0.0420154","0.561094","0.603898","3.16658","1.70671e-15","3.08741","3.09157","9.15335","6.68387","0","0","0","0","0","0","0","0"
"13.6128","0.500044","0.536664","0.0420324","0.561341","0.604558","3.19115","1.70988e-15","3.0834","3.08953","8.86187","6.69419","0","0","0","0","0","0","0","0"
"13.6161","0.500044","0.536664","0.0420471","0.561312","0.604637","3.34977","1.71157e-15","3.08111","3.0857","8.67006","6.72792","0","0","0","0","0","0","0","0"
"13.6196","0.500044","0.536664","0.0420641","0.56221","0.604999","3.43453","1.71105e-15","3.0775","3.08756","8.1292","6.7238","0","0","0","0","0","0","0","0"
"13.6231","0.500044","0.536664","0.0420787","0.56213","0.605444","3.45192","1.70891e-15","3.07468","3.08779","7.92909","6.71587","0","0","0","0","0","0","0","0"
"13.6263","0.500044","0.53675","0.0420955","0.561719","0.604927","3.44347","1.7083e-15","3.07276","3.08759","7.9143","6.70378","0","0","0","0","0","0","0","0"
"13.6297","0.500044","0.53675","0.04211","0.560952","0.60467","3.45442","1.71073e-15","3.0753","3.08507","7.76567","6.72119","0","0","0","0","0","0","0","0"
"13.6331","0.500044","0.53675","0.0421268","0.561598","0.60451","3.44883","1.713e-15","3.07891","3.08347","7.72986","6.75336","0","0","0","0","0","0","0","0"
"13.6365","0.500044","0.53675","0.0421413","0.56164","0.604981","3.43609","1.71301e-15","3.07577","3.07982","7.76037","6.76666","0","0","0","0","0","0","0","0"
"13.6399","0.500044","0.53675","0.0421515","0.561897","0.605247","3.42437","1.71087e-15","3.07377","3.07639","7.77068","6.74628","0","0","0","0","0","0","0","0"
"13.6432","0.500044","0.537078","0.042156","0.562108","0.605488","3.4119","1.70983e-15","3.07928","3.07047","7.79992","6.73111","0","0","0","0","0","0","0","0"
"13.6466","0.500044","0.537078","0.0421613","0.560951","0.604086","3.40846","1.71078e-15","3.08151","3.07451","7.74451","6.71427","0","0","0","0","0","0","0","0"
"13.651","0.500044","0.537078","0.0421673","0.560761","0.604024","3.44165","1.71323e-15","3.0753","3.07263","7.45234","6.7277","0","0","0","0","0","0","0","0"
"13.6555","0.500044","0.537078","0.0421764","0.562087","0.605005","3.58128","1.71481e-15","3.07654","3.06201","7.24519","6.7361","0","0","0","0","0","0","0","0"
"13.6586","0.500044","0.537293","0.0421877","0.563377","0.606198","3.82492","1.71387e-15","3.07947","3.05925","7.75604","6.72945","0","0","0","0","0","0","0","0"
"13.662","0.500044","0.537293","0.042199","0.563406","0.606178","3.84728","1.71177e-15","3.07707","3.05839","7.57445","6.71208","0","0","0","0","0","0","0","0"
"13.6654","0.500044","0.537293","0.0422121","0.563679","0.606734","3.82752","1.71214e-15","3.08171","3.05484","7.63239","6.68869","0","0","0","0","0","0","0","0"
"13.6688","0.500044","0.537293","0.0422234","0.563718","0.60656","3.84102","1.71379e-15","3.0777","3.053","7.48411","6.68947","0","0","0","0","0","0","0","0"
"13.6723","0.500044","0.537293","0.0422353","0.563937","0.606956","3.82609","1.71374e-15","3.07638","3.05039","7.50803","6.6841","0","0","0","0","0","0","0","0"
"13.6756","0.500044","0.53723","0.0422427","0.564118","0.607347","3.81456","1.71313e-15","3.07894","3.05204","7.5195","6.66827","0","0","0","0","0","0","0","0"
"13.6789","0.500044","0.53723","0.0422514","0.5644","0.60806","3.8129","1.71083e-15","3.0718","3.04812","7.45312","6.64716","0","0","0","0","0","0","0","0"
"13.6823","0.500044","0.53723","0.0422588","0.565372","0.608484","3.82964","1.71054e-15","3.07911","3.05732","7.31194","6.64174","0","0","0","0","0","0","0","0"
"13.6857","0.500044","0.53723","0.0422674","0.5665","0.609298","3.82252","1.71353e-15","3.0868","3.05588","7.28733","6.65875","0","0","0","0","0","0","0","0"
"13.6892","0.500044","0.53723","0.0422756","0.566534","0.609104","3.80997","1.71467e-15","3.087","3.05561","7.30559","6.65918","0","0","0","0","0","0","0","0"
"13.6925","0.500044","0.537456","0.042287","0.566108","0.608232","3.83215","1.71366e-15","3.08723","3.05656","7.10589","6.65736","0","0","0","0","0","0","0","0"
"13.6959","0.500044","0.537456","0.0422968","0.565621","0.607756","3.87869","1.71257e-15","3.09251","3.05832","6.82752","6.63783","0","0","0","0","0","0","0","0"
"13.6993","0.500044","0.537456","0.0423082","0.565151","0.607506","3.88886","1.71096e-15","3.09575","3.05916","6.7097","6.61692","0","0","0","0","0","0","0","0"
"13.7026","0.500044","0.537456","0.0423179","0.565684","0.607807","3.87505","1.71179e-15","3.09516","3.05735","6.73276","6.61333","0","0","0","0","0","0","0","0"
"13.7061","0.500044","0.537456","0.0423291","0.565395","0.607802","3.86572","1.71339e-15","3.09002","3.058","6.7196","6.62872","0","0","0","0","0","0","0","0"
"13.7094","0.500044","0.537914","0.0423386","0.564869","0.607296","3.87511","1.71478e-15","3.09009","3.06424","6.60672","6.6511","0","0","0","0","0","0","0","0"
"13.7128","0.500044","0.537914","0.0423496","0.56484","0.606875","3.88176","1.71484e-15","3.09164","3.06784","6.51181","6.66609","0","0","0","0","0","0","0","0"
"13.7162","0.500044","0.537914","0.042359","0.567217","0.608608","3.87563","1.71365e-15","3.1041","3.06734","6.49089","6.64814","0","0","0","0","0","0","0","0"
"13.7196","0.500044","0.537914","0.04237","0.567522","0.60887","3.87636","1.71169e-15","3.10479","3.06981","6.42151","6.62822","0","0","0","0","0","0","0","0"
"13.7231","0.500044","0.537914","0.0423753","0.567816","0.609326","3.89716","1.71202e-15","3.10154","3.06685","6.27414","6.62254","0","0","0","0","0","0","0","0"
"13.7263","0.500044","0.538009","0.0423765","0.567873","0.609175","3.92666","1.71371e-15","3.10133","3.0701","6.07564","6.6269","0","0","0","0","0","0","0","0"
"13.7297","0.500044","0.538009","0.0423777","0.568604","0.60984","3.93455","1.71481e-15","3.09828","3.07152","5.99262","6.63812","0","0","0","0","0","0","0","0"
"13.7344","0.500044","0.538009","0.0423793","0.568433","0.609728","3.93525","1.7128e-15","3.10017","3.06982","5.91673","6.63317","0","0","0","0","0","0","0","0"
"13.7388","0.500044","0.538009","0.0423825","0.568534","0.609686","3.95244","1.71011e-15","3.10084","3.07517","5.76632","6.60502","0","0","0","0","0","0","0","0"
"13.742","0.500044","0.538127","0.0423884","0.568312","0.609483","3.96785","1.71079e-15","3.09887","3.0716","5.65552","6.6053","0","0","0","0","0","0","0","0"
"13.7453","0.500044","0.538127","0.0423942","0.568816","0.610092","3.97238","1.71289e-15","3.09871","3.07557","5.59411","6.60177","0","0","0","0","0","0","0","0"
"13.7487","0.500044","0.538127","0.042401","0.568577","0.609928","3.96035","1.71419e-15","3.09785","3.07865","5.59431","6.63263","0","0","0","0","0","0","0","0"
"13.7521","0.500044","0.538127","0.0424069","0.568681","0.609703","3.94564","1.71492e-15","3.09837","3.07738","5.6176","6.64332","0","0","0","0","0","0","0","0"
"13.7556","0.500044","0.538127","0.0424124","0.568322","0.609465","3.93175","1.71296e-15","3.09538","3.07804","5.63524","6.63558","0","0","0","0","0","0","0","0"
"13.7589","0.500044","0.538568","0.0424143","0.568637","0.609847","3.93162","1.71123e-15","3.09341","3.08183","5.59355","6.62333","0","0","0","0","0","0","0","0"
"13.7623","0.500044","0.538568","0.0424166","0.568475","0.609588","3.91426","1.71135e-15","3.08978","3.08048","5.62324","6.60977","0","0","0","0","0","0","0","0"
"13.7656","0.500044","0.538568","0.0424186","0.56886","0.610308","3.91206","1.7138e-15","3.09288","3.07992","5.59414","6.63857","0","0","0","0","0","0","0","0"
"13.769","0.500044","0.538568","0.0424209","0.56876","0.610523","3.89124","1.71587e-15","3.08719","3.07133","5.6412","6.66912","0","0","0","0","0","0","0","0"
"13.7726","0.500044","0.538568","0.0424211","0.568269","0.610282","4.0031","1.71594e-15","3.09001","3.0738","5.50131","6.67844","0","0","0","0","0","0","0","0"
"13.7759","0.500044","0.53885","0.0424191","0.568853","0.610655","4.1169","1.71402e-15","3.09009","3.0725","5.3188","6.66584","0","0","0","0","0","0","0","0"
"13.7793","0.500044","0.53885","0.0424167","0.568976","0.611105","4.13313","1.71395e-15","3.09082","3.07443","5.20906","6.66032","0","0","0","0","0","0","0","0"
"13.7827","0.500044","0.53885","0.0424146","0.568461","0.610812","4.11622","1.71573e-15","3.09611","3.07752","5.23753","6.6672","0","0","0","0","0","0","0","0"
"13.7861","0.500044","0.53885","0.0424123","0.568418","0.610678","4.0964","1.71379e-15","3.09237","3.07436","5.27175","6.66686","0","0","0","0","0","0","0","0"
"13.7895","0.500044","0.53885","0.0424081","0.568568","0.610923","4.09052","1.71156e-15","3.09374","3.08101","5.2515","6.65242","0","0","0","0","0","0","0","0"
"13.7928","0.500044","0.53909","0.0424006","0.567894","0.610416","4.09271","1.71294e-15","3.09781","3.08355","5.19546","6.65986","0","0","0","0","0","0","0","0"
"13.7962","0.500044","0.53909","0.0423943","0.568107","0.61036","4.08894","1.71459e-15","3.09925","3.07937","5.17095","6.67652","0","0","0","0","0","0","0","0"
"13.7996","0.500044","0.53909","0.0423868","0.568753","0.61133","4.0719","1.71438e-15","3.10293","3.09466","5.19285","6.67654","0","0","0","0","0","0","0","0"
"13.803","0.500044","0.53909","0.0423805","0.56863","0.610964","4.1487","1.7119e-15","3.09863","3.09335","5.11565","6.66179","0","0","0","0","0","0","0","0"
"13.8065","0.500044","0.53909","0.0423797","0.568559","0.611193","4.17857","1.71067e-15","3.09653","3.09065","4.98313","6.64872","0","0","0","0","0","0","0","0"
"13.8098","0.500044","0.539384","0.0423834","0.568181","0.610648","4.16288","1.71217e-15","3.09166","3.09021","5.00784","6.6657","0","0","0","0","0","0","0","0"
"13.8132","0.500044","0.539384","0.0423877","0.567414","0.61","4.15983","1.71021e-15","3.09476","3.08965","4.97656","6.66543","0","0","0","0","0","0","0","0"
"13.8178","0.500044","0.539384","0.0423932","0.567877","0.610764","4.14528","1.70906e-15","3.08685","3.08333","4.97313","6.64952","0","0","0","0","0","0","0","0"
"13.8221","0.500044","0.539384","0.0423982","0.567031","0.609889","4.11762","1.71043e-15","3.08617","3.08118","5.03229","6.6467","0","0","0","0","0","0","0","0"
"13.8254","0.500044","0.53953","0.0424024","0.567523","0.610508","4.10603","1.70986e-15","3.09435","3.08538","5.0386","6.65932","0","0","0","0","0","0","0","0"
"13.8288","0.500044","0.53953","0.0424072","0.56764","0.610947","4.08615","1.70732e-15","3.09615","3.08778","5.07225","6.64182","0","0","0","0","0","0","0","0"
"13.8322","0.500044","0.53953","0.0424113","0.567449","0.610551","4.06911","1.70577e-15","3.10015","3.09092","5.10177","6.62611","0","0","0","0","0","0","0","0"
"13.8356","0.500044","0.53953","0.0424162","0.566718","0.609852","4.04796","1.70712e-15","3.09943","3.09016","5.1424","6.62767","0","0","0","0","0","0","0","0"
"13.839","0.500044","0.53953","0.0424191","0.567095","0.609998","4.04249","1.70776e-15","3.09856","3.08739","5.12208","6.61533","0","0","0","0","0","0","0","0"
"13.8423","0.500044","0.539598","0.0424198","0.566928","0.609539","4.04038","1.7071e-15","3.09646","3.08765","5.08027","6.61641","0","0","0","0","0","0","0","0"
"13.8457","0.500044","0.539598","0.0424203","0.56686","0.609694","4.25746","1.70493e-15","3.09147","3.08279","5.96597","6.60687","0","0","0","0","0","0","0","0"
"13.8491","0.500044","0.539598","0.042421","0.567064","0.609332","4.40989","1.7036e-15","3.08943","3.0876","5.74431","6.58687","0","0","0","0","0","0","0","0"
"13.8525","0.500044","0.539598","0.0424215","0.567556","0.610077","4.41237","1.70489e-15","3.08714","3.09116","5.70161","6.58966","0","0","0","0","0","0","0","0"
"13.856","0.500044","0.539598","0.0424196","0.567246","0.609551","4.38737","1.70556e-15","3.08774","3.09692","5.75714","6.58144","0","0","0","0","0","0","0","0"
"13.8593","0.500044","0.539699","0.0424149","0.567395","0.610072","4.3733","1.70478e-15","3.08486","3.09789","5.77147","6.57162","0","0","0","0","0","0","0","0"
"13.8626","0.500044","0.539699","0.0424095","0.568046","0.611005","4.36911","1.70309e-15","3.083","3.10228","5.81507","6.54964","0","0","0","0","0","0","0","0"
"13.866","0.500044","0.539699","0.0424048","0.568074","0.610963","4.85726","1.70269e-15","3.09378","3.11071","9.50346","6.53377","0","0","0","0","0","0","0","0"
"13.8694","0.500044","0.539699","0.0423994","0.568169","0.611509","5.63925","1.70532e-15","3.08588","3.10743","11.6477","6.53274","0","0","0","0","0","0","0","0"
"13.8729","0.500044","0.539699","0.0423977","0.568022","0.611152","6.247","1.70455e-15","3.08532","3.10445","11.2591","6.52676","0","0","0","0","0","0","0","0"
"13.8762","0.500044","0.539727","0.042399","0.567995","0.611163","6.50642","1.70332e-15","3.08377","3.11025","10.176","6.51835","0","0","0","0","0","0","0","0"
"13.8795","0.500044","0.539727","0.0424002","0.567749","0.610896","6.55065","1.70221e-15","3.08135","3.10401","9.8673","6.49883","0","0","0","0","0","0","0","0"
"13.8831","0.500044","0.539727","0.0424016","0.567692","0.610978","6.54686","1.70406e-15","3.07944","3.10355","9.78011","6.52718","0","0","0","0","0","0","0","0"
"13.8864","0.500044","0.539727","0.0424028","0.567891","0.611029","6.52206","1.70666e-15","3.08436","3.11179","9.8211","6.55266","0","0","0","0","0","0","0","0"
"13.8899","0.500044","0.539727","0.0424006","0.567583","0.610839","6.51159","1.70487e-15","3.08196","3.10869","9.76639","6.546","0","0","0","0","0","0","0","0"
"13.8932","0.500044","0.539946","0.0423965","0.567372","0.61084","6.5655","1.70314e-15","3.07639","3.10471","9.41785","6.5329","0","0","0","0","0","0","0","0"
"13.8966","0.500044","0.539946","0.0423916","0.567669","0.611008","6.68885","1.7045e-15","3.07922","3.1078","8.83118","6.51649","0","0","0","0","0","0","0","0"
"13.901","0.500044","0.539946","0.0423861","0.567756","0.610724","6.86732","1.70729e-15","3.07953","3.10702","8.12894","6.54639","0","0","0","0","0","0","0","0"
"13.9055","0.500044","0.539946","0.0423813","0.567885","0.611189","7.06433","1.70525e-15","3.07653","3.10212","7.46532","6.53377","0","0","0","0","0","0","0","0"
"13.9088","0.500044","0.540147","0.0423815","0.56872","0.612142","7.17804","1.70382e-15","3.08244","3.09745","7.08929","6.52128","0","0","0","0","0","0","0","0"
"13.9124","0.500044","0.540147","0.0423817","0.568382","0.611518","7.28801","1.70561e-15","3.08204","3.09813","6.72466","6.52927","0","0","0","0","0","0","0","0"
"13.9156","0.500044","0.540147","0.0423819","0.568722","0.611406","7.36215","1.70814e-15","3.08291","3.09977","6.47396","6.57188","0","0","0","0","0","0","0","0"
"13.919","0.500044","0.540147","0.0423821","0.569014","0.612172","7.42711","1.70867e-15","3.0846","3.10379","6.24436","6.59233","0","0","0","0","0","0","0","0"
"13.9224","0.500044","0.540147","0.0423832","0.569307","0.612266","7.46471","1.70637e-15","3.08103","3.10269","6.09561","6.5828","0","0","0","0","0","0","0","0"
"13.9259","0.500044","0.540258","0.0423868","0.569133","0.612191","7.49175","1.70487e-15","3.07782","3.10425","5.96318","6.57049","0","0","0","0","0","0","0","0"
"13.9293","0.500044","0.540258","0.0423905","0.568933","0.611894","7.50084","1.70584e-15","3.07783","3.12682","5.87687","6.57553","0","0","0","0","0","0","0","0"
"13.9327","0.500044","0.540258","0.0423936","0.568739","0.611588","7.49812","1.7078e-15","3.08047","3.12729","5.83045","6.60176","0","0","0","0","0","0","0","0"
"13.936","0.500044","0.540258","0.0423967","0.568789","0.611557","7.48819","1.7101e-15","3.07807","3.12199","5.80372","6.60991","0","0","0","0","0","0","0","0"
"13.9395","0.500044","0.540258","0.0424006","0.569309","0.612004","7.46935","1.70927e-15","3.08032","3.12776","5.79256","6.61872","0","0","0","0","0","0","0","0"
"13.9428","0.500044","0.540545","0.042405","0.56913","0.612035","7.44235","1.70793e-15","3.07786","3.12914","5.80354","6.61244","0","0","0","0","0","0","0","0"
"13.9462","0.500044","0.540545","0.0424087","0.570081","0.612882","7.40987","1.70572e-15","3.07216","3.12474","5.8409","6.59599","0","0","0","0","0","0","0","0"
"13.9495","0.500044","0.540545","0.0424125","0.56931","0.612364","7.37079","1.70497e-15","3.07576","3.12324","5.89889","6.58624","0","0","0","0","0","0","0","0"
"13.9529","0.500044","0.540545","0.0424168","0.570401","0.61323","7.33056","1.70775e-15","3.08085","3.12288","5.95135","6.59723","0","0","0","0","0","0","0","0"
"13.9563","0.500044","0.540545","0.0424222","0.570427","0.613361","7.29329","1.70788e-15","3.0789","3.12007","6.00599","6.59369","0","0","0","0","0","0","0","0"
"13.9597","0.500044","0.540777","0.0424305","0.569891","0.61298","7.24942","1.70854e-15","3.08308","3.12846","6.07241","6.61208","0","0","0","0","0","0","0","0"
"13.9631","0.500044","0.540777","0.0424376","0.570055","0.612938","7.21243","1.70742e-15","3.07993","3.125","6.1286","6.59523","0","0","0","0","0","0","0","0"
"13.9665","0.500044","0.540777","0.0424459","0.57018","0.613707","7.16849","1.70642e-15","3.07572","3.12062","6.19825","6.58064","0","0","0","0","0","0","0","0"
"13.9698","0.500044","0.540777","0.042453","0.570765","0.614345","7.13124","1.70939e-15","3.07758","3.11857","6.25785","6.60361","0","0","0","0","0","0","0","0"
"13.9733","0.500044","0.540777","0.0424617","0.570944","0.614489","7.08998","1.70938e-15","3.07148","3.11726","6.32143","6.61094","0","0","0","0","0","0","0","0"
"13.9766","0.500044","0.541038","0.0424695","0.570511","0.614151","7.05193","1.70872e-15","3.07118","3.11865","6.38652","6.60661","0","0","0","0","0","0","0","0"
"13.98","0.500044","0.541038","0.0424785","0.570253","0.614005","7.00809","1.70687e-15","3.07128","3.1208","6.46227","6.59733","0","0","0","0","0","0","0","0"
"13.9844","0.500044","0.541038","0.0424889","0.569788","0.6133","6.95681","1.70967e-15","3.07064","3.12336","6.55554","6.60631","0","0","0","0","0","0","0","0"
"13.9888","0.500044","0.541038","0.0424977","0.569743","0.612991","6.90447","1.71083e-15","3.06782","3.12422","6.6436","6.63148","0","0","0","0","0","0","0","0"
"13.992","0.500044","0.541313","0.0424971","0.569397","0.612739","6.86891","1.70992e-15","3.06864","3.12375","6.70634","6.62278","0","0","0","0","0","0","0","0"
"13.9954","0.500044","0.541313","0.0424964","0.570416","0.613916","6.83388","1.70739e-15","3.08754","3.13605","6.76831","6.61243","0","0","0","0","0","0","0","0"
"13.9988","0.500044","0.541313","0.0424957","0.570306","0.614011","6.794","1.70756e-15","3.08687","3.13519","6.83828","6.60365","0","0","0","0","0","0","0","0"
"14.0021","0.500044","0.541313","0.042495","0.570231","0.61396","6.75734","1.70937e-15","3.08605","3.1329","6.9095","6.60548","0","0","0","0","0","0","0","0"
"14.0056","0.500044","0.541313","0.0424962","0.569327","0.613213","6.71472","1.71102e-15","3.09211","3.13862","6.99394","6.61881","0","0","0","0","0","0","0","0"
"14.0089","0.500044","0.541503","0.0425014","0.568917","0.612707","6.68396","1.71122e-15","3.09448","3.14456","7.04424","6.63809","0","0","0","0","0","0","0","0"
"14.0123","0.500044","0.541503","0.0425075","0.568705","0.612754","6.67782","1.71033e-15","3.0915","3.14011","6.98911","6.62651","0","0","0","0","0","0","0","0"
"14.0156","0.500044","0.541503","0.0425127","0.568411","0.612461","6.65036","1.70783e-15","3.08792","3.13424","7.02671","6.61894","0","0","0","0","0","0","0","0"
"14.019","0.500044","0.541503","0.0425188","0.56853","0.612152","6.61207","1.70701e-15","3.08165","3.12835","7.09721","6.60258","0","0","0","0","0","0","0","0"
"14.0225","0.500044","0.541503","0.0425249","0.568404","0.612025","6.57796","1.70683e-15","3.08233","3.12921","7.16448","6.58869","0","0","0","0","0","0","0","0"
"14.0258","0.500044","0.54156","0.0425339","0.567837","0.611502","6.54421","1.70794e-15","3.09377","3.13175","7.21879","6.61382","0","0","0","0","0","0","0","0"
"14.0292","0.500044","0.54156","0.0425416","0.56803","0.611601","6.51322","1.70907e-15","3.10446","3.1392","7.27507","6.62785","0","0","0","0","0","0","0","0"
"14.0326","0.500044","0.54156","0.0425506","0.568464","0.612182","6.47234","1.70772e-15","3.10338","3.13719","7.36309","6.61887","0","0","0","0","0","0","0","0"
"14.0378","0.500044","0.54156","0.0425583","0.568982","0.612687","6.44223","1.70614e-15","3.10507","3.13472","7.4184","6.60111","0","0","0","0","0","0","0","0"
"14.0395","0.500044","0.54156","0.0425675","0.568491","0.612083","6.40173","1.70442e-15","3.10027","3.13113","7.50848","6.57493","0","0","0","0","0","0","0","0"
"14.0428","0.500044","0.541488","0.0425758","0.567932","0.611163","6.36873","1.70667e-15","3.09791","3.13113","7.57943","6.60127","0","0","0","0","0","0","0","0"
"14.0461","0.500044","0.541488","0.0425854","0.567963","0.611713","6.33136","1.7086e-15","3.09846","3.12819","7.65896","6.62767","0","0","0","0","0","0","0","0"
"14.0495","0.500044","0.541488","0.0425937","0.568258","0.612031","6.29891","1.70887e-15","3.1014","3.12184","7.73045","6.62839","0","0","0","0","0","0","0","0"
"14.0529","0.500044","0.541488","0.0426033","0.567527","0.611346","6.2649","1.7068e-15","3.09922","3.1202","7.79715","6.61679","0","0","0","0","0","0","0","0"
"14.0564","0.500044","0.541488","0.0426108","0.567437","0.61109","6.23202","1.70436e-15","3.10474","3.11736","7.87372","6.60291","0","0","0","0","0","0","0","0"
"14.0604","0.500044","0.541474","0.0426185","0.567104","0.610982","6.19714","1.70482e-15","3.10545","3.1166","7.94774","6.61684","0","0","0","0","0","0","0","0"
"14.0631","0.500044","0.541474","0.0426252","0.566735","0.610703","6.16714","1.70742e-15","3.10457","3.11251","8.01297","6.63593","0","0","0","0","0","0","0","0"
"14.0677","0.500044","0.541474","0.0426352","0.567061","0.611101","6.1216","1.70912e-15","3.09684","3.10628","8.11611","6.66071","0","0","0","0","0","0","0","0"
"14.0721","0.500044","0.541474","0.0426444","0.56756","0.611611","6.07675","1.70769e-15","3.08938","3.09871","8.21861","6.67442","0","0","0","0","0","0","0","0"
"14.0753","0.500044","0.541528","0.0426487","0.567423","0.611465","6.04599","1.70608e-15","3.09196","3.10117","8.29325","6.65319","0","0","0","0","0","0","0","0"
"14.0787","0.500044","0.541528","0.0426529","0.568245","0.612242","6.01706","1.70562e-15","3.0948","3.09731","8.36013","6.63472","0","0","0","0","0","0","0","0"
"14.0821","0.500044","0.541528","0.0426579","0.569709","0.614076","6.01063","1.70739e-15","3.0939","3.09579","8.30491","6.64443","0","0","0","0","0","0","0","0"
"14.0855","0.500044","0.541528","0.0426622","0.570117","0.614477","6.00149","1.70957e-15","3.0959","3.09289","8.27587","6.67701","0","0","0","0","0","0","0","0"
"14.0889","0.500044","0.541528","0.0426656","0.570697","0.614927","5.98426","1.70874e-15","3.10035","3.09271","8.27022","6.66592","0","0","0","0","0","0","0","0"
"14.0922","0.500044","0.541479","0.0426651","0.569715","0.613827","5.95976","1.70675e-15","3.10197","3.0948","8.31417","6.65769","0","0","0","0","0","0","0","0"
"14.0956","0.500044","0.541479","0.0426645","0.569269","0.613462","5.92307","1.70536e-15","3.10211","3.09094","8.41076","6.63253","0","0","0","0","0","0","0","0"
"14.099","0.500044","0.541479","0.042664","0.56974","0.614133","5.89436","1.70741e-15","3.09277","3.09348","8.48007","6.63747","0","0","0","0","0","0","0","0"
"14.1024","0.500044","0.541479","0.0426635","0.568913","0.613167","5.85961","1.71072e-15","3.09243","3.09628","8.56973","6.65534","0","0","0","0","0","0","0","0"
"14.1059","0.500044","0.541479","0.0426619","0.568261","0.612409","5.83641","1.71147e-15","3.09132","3.0953","8.61062","6.66797","0","0","0","0","0","0","0","0"
"14.1091","0.500044","0.541857","0.0426575","0.568426","0.612706","5.8159","1.70933e-15","3.08492","3.08982","8.62278","6.65074","0","0","0","0","0","0","0","0"
"14.1125","0.500044","0.541857","0.0426537","0.568461","0.612785","5.80062","1.70737e-15","3.08509","3.09105","8.61998","6.63618","0","0","0","0","0","0","0","0"
"14.1159","0.500044","0.541857","0.0426494","0.568908","0.612643","5.78582","1.70869e-15","3.08733","3.08955","8.60174","6.65967","0","0","0","0","0","0","0","0"
"14.1193","0.500044","0.541857","0.0426456","0.569875","0.61345","5.77353","1.71148e-15","3.08887","3.09481","8.58529","6.67536","0","0","0","0","0","0","0","0"
"14.1228","0.500044","0.541857","0.0426455","0.569264","0.613188","5.75443","1.71216e-15","3.09214","3.09196","8.58992","6.67953","0","0","0","0","0","0","0","0"
"14.1261","0.500044","0.542034","0.0426503","0.569295","0.612941","5.73792","1.71223e-15","3.09057","3.09332","8.59595","6.69902","0","0","0","0","0","0","0","0"
"14.1294","0.500044","0.542034","0.042656","0.569043","0.612809","5.70755","1.71076e-15","3.09141","3.08962","8.66656","6.68009","0","0","0","0","0","0","0","0"
"14.1328","0.500044","0.542034","0.0426608","0.569612","0.613238","5.70189","1.70918e-15","3.08876","3.08804","8.61476","6.66777","0","0","0","0","0","0","0","0"
"14.1362","0.500044","0.542034","0.0426665","0.569361","0.61325","5.69938","1.70994e-15","3.08389","3.09021","8.53662","6.66515","0","0","0","0","0","0","0","0"
"14.1397","0.500044","0.542034","0.0426719","0.569758","0.613325","5.6761","1.71056e-15","3.08746","3.09255","8.58187","6.67296","0","0","0","0","0","0","0","0"
"14.143","0.500044","0.541976","0.042679","0.568564","0.612258","5.64142","1.71194e-15","3.09208","3.09404","8.68007","6.70085","0","0","0","0","0","0","0","0"
"14.1464","0.500044","0.541976","0.0426852","0.568429","0.612113","5.61053","1.71058e-15","3.09977","3.09686","8.77326","6.6947","0","0","0","0","0","0","0","0"
"14.1511","0.500044","0.541976","0.0426943","0.56775","0.611313","5.56644","1.70888e-15","3.10037","3.10105","8.90274","6.67261","0","0","0","0","0","0","0","0"
"14.1554","0.500044","0.541976","0.0427022","0.567008","0.610838","5.52485","1.71047e-15","3.09625","3.09812","9.02038","6.66411","0","0","0","0","0","0","0","0"
"14.1586","0.500044","0.54211","0.0427043","0.567179","0.610961","5.50091","1.71147e-15","3.09756","3.1065","9.0766","6.68503","0","0","0","0","0","0","0","0"
"14.162","0.500044","0.54211","0.0427063","0.568492","0.61228","5.4898","1.7132e-15","3.10158","3.10628","9.06004","6.70615","0","0","0","0","0","0","0","0"
"14.1654","0.500044","0.54211","0.0427088","0.569551","0.613312","5.48627","1.7125e-15","3.10051","3.10327","8.98535","6.70267","0","0","0","0","0","0","0","0"
"14.1688","0.500044","0.54211","0.0427109","0.568928","0.612773","5.46593","1.71171e-15","3.09898","3.1024","9.01964","6.67891","0","0","0","0","0","0","0","0"
"14.1722","0.500044","0.54211","0.0427121","0.568413","0.61246","5.43706","1.71245e-15","3.10025","3.10345","9.09324","6.66836","0","0","0","0","0","0","0","0"
"14.1755","0.500044","0.541957","0.0427105","0.568991","0.613001","5.40908","1.71471e-15","3.09389","3.09944","9.17887","6.69791","0","0","0","0","0","0","0","0"
"14.1789","0.500044","0.541957","0.0427087","0.569863","0.613656","5.38199","1.71414e-15","3.10104","3.10376","9.24411","6.6921","0","0","0","0","0","0","0","0"
"14.1841","0.500044","0.541957","0.0427072","0.570377","0.614126","5.35452","1.71247e-15","3.09946","3.1061","9.32968","6.67644","0","0","0","0","0","0","0","0"
"14.1857","0.500044","0.541957","0.0427053","0.570303","0.614093","5.32174","1.71287e-15","3.09593","3.10475","9.4367","6.66786","0","0","0","0","0","0","0","0"
"14.1895","0.500044","0.541957","0.0427036","0.569801","0.613365","5.29483","1.71436e-15","3.09442","3.10628","9.52239","6.68843","0","0","0","0","0","0","0","0"
"14.1925","0.500044","0.541957","0.0427012","0.570429","0.614208","5.26573","1.71362e-15","3.0899","3.10435","9.60812","6.67951","0","0","0","0","0","0","0","0"
"14.1959","0.500044","0.541957","0.042699","0.5703","0.61398","5.23979","1.7115e-15","3.08678","3.10129","9.69022","6.66817","0","0","0","0","0","0","0","0"
"14.1993","0.500044","0.541957","0.0426966","0.570853","0.614787","5.2135","1.7113e-15","3.08585","3.10311","9.75931","6.64806","0","0","0","0","0","0","0","0"
"14.2027","0.500044","0.541957","0.0426945","0.571432","0.61484","5.18879","1.71375e-15","3.09022","3.10548","9.83554","6.66291","0","0","0","0","0","0","0","0"
"14.2061","0.500044","0.541957","0.0426939","0.571137","0.614618","5.16108","1.71381e-15","3.09565","3.10464","9.91785","6.65261","0","0","0","0","0","0","0","0"
"14.2095","0.500044","0.542292","0.0426955","0.572202","0.616139","5.14072","1.71317e-15","3.1049","3.10516","9.96628","6.65221","0","0","0","0","0","0","0","0"
"14.2128","0.500044","0.542292","0.0426974","0.57168","0.615961","5.1113","1.71157e-15","3.10372","3.10074","10.0647","6.6335","0","0","0","0","0","0","0","0"
"14.2162","0.500044","0.542292","0.042699","0.571013","0.615368","5.08833","1.7108e-15","3.1038","3.10096","10.1336","6.61924","0","0","0","0","0","0","0","0"
"14.2196","0.500044","0.542292","0.0427008","0.570756","0.615297","5.06241","1.7118e-15","3.09768","3.09795","10.2085","6.61267","0","0","0","0","0","0","0","0"
"14.2231","0.500044","0.542292","0.0427034","0.570531","0.615106","5.04065","1.71176e-15","3.09952","3.10312","10.2704","6.60107","0","0","0","0","0","0","0","0"
"14.2263","0.500044","0.542619","0.0427074","0.570992","0.615933","5.01597","1.7122e-15","3.10893","3.12353","10.3391","6.62467","0","0","0","0","0","0","0","0"
"14.2297","0.500044","0.542619","0.0427108","0.570592","0.615543","4.99258","1.71091e-15","3.10534","3.12088","10.417","6.61921","0","0","0","0","0","0","0","0"
"14.2344","0.500044","0.542619","0.0427159","0.57133","0.615986","4.96131","1.71083e-15","3.09564","3.11518","10.5052","6.60851","0","0","0","0","0","0","0","0"
"14.2388","0.500044","0.542619","0.042721","0.571613","0.615971","4.92613","1.71295e-15","3.09606","3.11349","10.6282","6.62686","0","0","0","0","0","0","0","0"
"14.242","0.500044","0.54291","0.0427243","0.571674","0.616421","4.90259","1.71248e-15","3.09811","3.11483","10.7128","6.60887","0","0","0","0","0","0","0","0"
"14.2453","0.500044","0.54291","0.0427275","0.571786","0.616452","4.88021","1.71085e-15","3.1029","3.10951","10.7892","6.59821","0","0","0","0","0","0","0","0"
"14.2497","0.500044","0.54291","0.0427313","0.571841","0.616193","4.85412","1.71057e-15","3.10576","3.10818","10.8806","6.57642","0","0","0","0","0","0","0","0"
"14.2521","0.500044","0.54291","0.0427346","0.571407","0.615817","4.83422","1.71276e-15","3.10408","3.1094","10.9385","6.58946","0","0","0","0","0","0","0","0"
"14.2556","0.500044","0.54291","0.042739","0.571485","0.615885","4.80945","1.71352e-15","3.10256","3.10892","11.0209","6.58577","0","0","0","0","0","0","0","0"
"14.2589","0.500044","0.543095","0.0427438","0.571788","0.616552","4.78763","1.71305e-15","3.09861","3.1071","11.0986","6.58871","0","0","0","0","0","0","0","0"
"14.2622","0.500044","0.543095","0.0427495","0.571508","0.615962","4.76394","1.71132e-15","3.10194","3.1076","11.1753","6.57188","0","0","0","0","0","0","0","0"
"14.2656","0.500044","0.543095","0.0427544","0.572037","0.616603","4.74267","1.71205e-15","3.10545","3.11154","11.2509","6.57365","0","0","0","0","0","0","0","0"
"14.269","0.500044","0.543095","0.0427601","0.572044","0.616542","4.71463","1.71535e-15","3.1039","3.10312","11.3705","6.60039","0","0","0","0","0","0","0","0"
"14.2725","0.500044","0.543095","0.0427647","0.57189","0.616753","4.6919","1.71578e-15","3.10078","3.10338","11.4629","6.60689","0","0","0","0","0","0","0","0"
"14.2758","0.500044","0.543287","0.0427693","0.571124","0.615763","4.66432","1.71393e-15","3.10032","3.10484","11.5833","6.6006","0","0","0","0","0","0","0","0"
"14.2791","0.500044","0.543287","0.0427733","0.571682","0.616148","4.64604","1.71282e-15","3.10075","3.10761","11.6367","6.58303","0","0","0","0","0","0","0","0"
"14.2825","0.500044","0.543287","0.042778","0.572088","0.616404","4.61888","1.71466e-15","3.10035","3.11172","11.7574","6.58473","0","0","0","0","0","0","0","0"
"14.2859","0.500044","0.543287","0.042782","0.572166","0.616598","4.59575","1.71649e-15","3.10169","3.11103","11.8617","6.60293","0","0","0","0","0","0","0","0"
"14.2894","0.500044","0.543287","0.0427856","0.573059","0.617458","4.57023","1.71597e-15","3.10383","3.10985","11.9711","6.60137","0","0","0","0","0","0","0","0"
"14.2927","0.500044","0.543396","0.0427875","0.572254","0.616523","4.54559","1.71409e-15","3.10417","3.10945","12.0956","6.58516","0","0","0","0","0","0","0","0"
"14.2961","0.500044","0.543396","0.0427898","0.57334","0.617507","4.52714","1.71359e-15","3.10243","3.1025","12.1382","6.5778","0","0","0","0","0","0","0","0"
"14.2995","0.500044","0.543396","0.0427917","0.574989","0.61866","4.51333","1.71535e-15","3.12095","3.10782","12.1547","6.58949","0","0","0","0","0","0","0","0"
"14.3029","0.500044","0.543396","0.042794","0.574779","0.618249","4.49338","1.71752e-15","3.12074","3.10604","12.2182","6.61904","0","0","0","0","0","0","0","0"
"14.3064","0.500044","0.543396","0.0427928","0.574571","0.617848","4.47061","1.71704e-15","3.11905","3.10653","12.3293","6.62676","0","0","0","0","0","0","0","0"
"14.3096","0.500044","0.543609","0.0427878","0.574601","0.617826","4.44724","1.71506e-15","3.11417","3.10141","12.4269","6.61308","0","0","0","0","0","0","0","0"
"14.3131","0.500044","0.543609","0.0427835","0.574392","0.617251","4.42473","1.71668e-15","3.11272","3.09957","12.5398","6.62432","0","0","0","0","0","0","0","0"
"14.3177","0.500044","0.543609","0.0427772","0.574045","0.617331","4.39257","1.71813e-15","3.11453","3.10268","12.6948","6.64753","0","0","0","0","0","0","0","0"
"14.3221","0.500044","0.543609","0.0427733","0.573768","0.617157","4.36408","1.71569e-15","3.12133","3.11532","12.813","6.63139","0","0","0","0","0","0","0","0"
"14.3253","0.500044","0.544051","0.0427767","0.573167","0.616456","4.34405","1.7158e-15","3.11926","3.11385","12.9053","6.63652","0","0","0","0","0","0","0","0"
"14.3287","0.500044","0.544051","0.0427802","0.573173","0.616231","4.32289","1.71778e-15","3.11386","3.10841","13.0127","6.64852","0","0","0","0","0","0","0","0"
"14.3332","0.500044","0.544051","0.0427842","0.572864","0.615725","4.307","1.71753e-15","3.11053","3.11015","13.0387","6.65346","0","0","0","0","0","0","0","0"
"14.3363","0.500044","0.544051","0.0427876","0.573435","0.616122","4.29437","1.71584e-15","3.11027","3.10568","13.0509","6.64154","0","0","0","0","0","0","0","0"
"14.3393","0.500044","0.544051","0.0427901","0.573239","0.615526","4.27658","1.71611e-15","3.1093","3.10197","13.099","6.63242","0","0","0","0","0","0","0","0"
"14.3424","0.500044","0.544272","0.042789","0.574685","0.616877","4.26122","1.71639e-15","3.11479","3.10127","13.1208","6.64173","0","0","0","0","0","0","0","0"
"14.3457","0.500044","0.544272","0.0427881","0.574573","0.616841","4.2439","1.71545e-15","3.11448","3.1017","13.1884","6.65423","0","0","0","0","0","0","0","0"
"14.3491","0.500044","0.544272","0.042787","0.574838","0.617327","4.23157","1.71393e-15","3.11942","3.10643","13.1746","6.64054","0","0","0","0","0","0","0","0"
"14.3526","0.500044","0.544272","0.042786","0.574283","0.61696","4.22234","1.71524e-15","3.11725","3.10488","13.1498","6.65485","0","0","0","0","0","0","0","0"
"14.3561","0.500044","0.544272","0.0427849","0.573485","0.616197","4.21099","1.71586e-15","3.11884","3.10603","13.1246","6.66549","0","0","0","0","0","0","0","0"
"14.3594","0.500044","0.544205","0.0427838","0.5734","0.616045","4.20333","1.71614e-15","3.11578","3.11164","13.0814","6.6685","0","0","0","0","0","0","0","0"
"14.3628","0.500044","0.544205","0.0427826","0.573514","0.615891","4.18334","1.71489e-15","3.11514","3.11257","13.1611","6.64653","0","0","0","0","0","0","0","0"
"14.3662","0.500044","0.544205","0.0427816","0.572386","0.614795","4.16919","1.71454e-15","3.11712","3.11583","13.1941","6.62808","0","0","0","0","0","0","0","0"
"14.3696","0.500044","0.544205","0.0427804","0.572925","0.614989","4.15207","1.71659e-15","3.11856","3.11067","13.2414","6.65897","0","0","0","0","0","0","0","0"
"14.3731","0.500044","0.544205","0.04278","0.572973","0.615329","4.13688","1.71676e-15","3.114","3.10572","13.2892","6.66167","0","0","0","0","0","0","0","0"
"14.3763","0.500044","0.544348","0.0427803","0.572859","0.614993","4.12857","1.71555e-15","3.11128","3.10594","13.2351","6.66127","0","0","0","0","0","0","0","0"
"14.3797","0.500044","0.544348","0.0427805","0.572375","0.614574","4.11858","1.71348e-15","3.11345","3.10741","13.2205","6.64807","0","0","0","0","0","0","0","0"
"14.3831","0.500044","0.544348","0.0427808","0.572537","0.61464","4.10965","1.71314e-15","3.10954","3.10765","13.1718","6.62678","0","0","0","0","0","0","0","0"
"14.3865","0.500044","0.544348","0.042781","0.573127","0.61545","4.09975","1.71534e-15","3.10779","3.10184","13.1556","6.63868","0","0","0","0","0","0","0","0"
"14.39","0.500044","0.544348","0.0427804","0.573681","0.615697","4.0898","1.71644e-15","3.1078","3.10053","13.1188","6.64245","0","0","0","0","0","0","0","0"
"14.3933","0.500044","0.544274","0.0427794","0.573498","0.615384","4.07706","1.71653e-15","3.10327","3.09939","13.1381","6.64216","0","0","0","0","0","0","0","0"
"14.3967","0.500044","0.544274","0.0427782","0.574109","0.615859","4.06717","1.71485e-15","3.10195","3.10104","13.1085","6.62318","0","0","0","0","0","0","0","0"
"14.4011","0.500044","0.544274","0.0427768","0.574061","0.616045","4.06488","1.71484e-15","3.09949","3.10035","12.9687","6.60773","0","0","0","0","0","0","0","0"
"14.4054","0.500044","0.544274","0.042775","0.574162","0.61628","4.04002","1.71701e-15","3.09577","3.09573","13.0724","6.63123","0","0","0","0","0","0","0","0"
"14.4086","0.500044","0.54425","0.0427732","0.573243","0.615392","4.01952","1.71678e-15","3.09915","3.09807","13.1917","6.63127","0","0","0","0","0","0","0","0"
"14.412","0.500044","0.54425","0.0427715","0.573252","0.615102","4.00234","1.71488e-15","3.09429","3.0974","13.2707","6.61844","0","0","0","0","0","0","0","0"
"14.4155","0.500044","0.54425","0.0427695","0.572907","0.615242","3.98302","1.71396e-15","3.09187","3.09358","13.3548","6.5831","0","0","0","0","0","0","0","0"
"14.4189","0.500044","0.54425","0.0427678","0.572165","0.614675","3.96519","1.71533e-15","3.09316","3.09025","13.4452","6.58735","0","0","0","0","0","0","0","0"
"14.4223","0.500044","0.54425","0.0427669","0.571519","0.614073","3.9446","1.71549e-15","3.09285","3.08771","13.55","6.5751","0","0","0","0","0","0","0","0"
"14.4258","0.500044","0.544586","0.0427685","0.571753","0.61425","3.9247","1.71495e-15","3.0969","3.09077","13.6719","6.59026","0","0","0","0","0","0","0","0"
"14.429","0.500044","0.544586","0.0427704","0.571553","0.614013","3.90213","1.71243e-15","3.09151","3.08797","13.8086","6.58752","0","0","0","0","0","0","0","0"
"14.4324","0.500044","0.544586","0.0427721","0.571826","0.61415","3.9022","1.71232e-15","3.08868","3.08554","13.6718","6.5721","0","0","0","0","0","0","0","0"
"14.4358","0.500044","0.544586","0.042774","0.572104","0.613908","3.89411","1.71437e-15","3.08619","3.08384","13.6241","6.58829","0","0","0","0","0","0","0","0"
"14.4393","0.500044","0.544586","0.0427761","0.571707","0.613662","3.87535","1.71486e-15","3.09041","3.09478","13.7344","6.58842","0","0","0","0","0","0","0","0"
"14.4425","0.500044","0.544542","0.0427794","0.571871","0.613643","3.8548","1.71272e-15","3.09265","3.09407","13.8474","6.57983","0","0","0","0","0","0","0","0"
"14.4459","0.500044","0.544542","0.0427823","0.572196","0.613592","3.84168","1.7116e-15","3.09169","3.09097","13.8836","6.57541","0","0","0","0","0","0","0","0"
"14.4493","0.500044","0.544542","0.0427856","0.571953","0.613714","3.82287","1.71319e-15","3.08949","3.09531","13.9756","6.58344","0","0","0","0","0","0","0","0"
"14.4527","0.500044","0.544542","0.0427885","0.571324","0.613107","3.80327","1.71399e-15","3.08865","3.0973","14.106","6.6023","0","0","0","0","0","0","0","0"
"14.4562","0.500044","0.544542","0.042792","0.572101","0.614042","3.78392","1.71154e-15","3.08829","3.09889","14.2102","6.59399","0","0","0","0","0","0","0","0"
"14.4595","0.500044","0.544352","0.0427953","0.571509","0.613348","3.76835","1.71102e-15","3.09593","3.10251","14.2865","6.58061","0","0","0","0","0","0","0","0"
"14.4628","0.500044","0.544352","0.0427991","0.572312","0.614613","3.75045","1.71319e-15","3.09756","3.11227","14.3732","6.59251","0","0","0","0","0","0","0","0"
"14.4663","0.500044","0.544352","0.0428023","0.571725","0.614009","3.73353","1.71395e-15","3.09558","3.11039","14.4723","6.59785","0","0","0","0","0","0","0","0"
"14.4696","0.500044","0.544352","0.0428061","0.57166","0.61442","3.7174","1.71191e-15","3.09036","3.11182","14.5364","6.59228","0","0","0","0","0","0","0","0"
"14.4731","0.500044","0.544352","0.0428111","0.571528","0.613978","3.70956","1.70968e-15","3.08826","3.11355","14.5044","6.57733","0","0","0","0","0","0","0","0"
"14.4764","0.500044","0.544362","0.042819","0.571148","0.613963","3.70011","1.71096e-15","3.08744","3.11","14.4716","6.60228","0","0","0","0","0","0","0","0"
"14.4798","0.500044","0.544362","0.0428257","0.571381","0.61457","3.68396","1.71161e-15","3.08889","3.11044","14.563","6.61055","0","0","0","0","0","0","0","0"
"14.4845","0.500044","0.544362","0.0428359","0.570474","0.613672","3.65892","1.70883e-15","3.09077","3.11276","14.7158","6.60576","0","0","0","0","0","0","0","0"
"14.4888","0.500044","0.544362","0.0428465","0.571616","0.614254","3.6362","1.70866e-15","3.1075","3.11306","14.837","6.59583","0","0","0","0","0","0","0","0"
"14.492","0.500044","0.54452","0.0428547","0.572731","0.615527","3.62086","1.70983e-15","3.11234","3.10704","14.9222","6.6072","0","0","0","0","0","0","0","0"
"14.4954","0.500044","0.54452","0.042863","0.57316","0.616264","3.61312","1.70957e-15","3.11003","3.10977","14.8912","6.61676","0","0","0","0","0","0","0","0"
"14.4988","0.500044","0.54452","0.0428726","0.573174","0.616207","3.59275","1.70655e-15","3.11625","3.11638","15.0332","6.60623","0","0","0","0","0","0","0","0"
"14.5022","0.500044","0.54452","0.0428809","0.573144","0.616346","3.57811","1.70681e-15","3.11704","3.11468","15.1112","6.61319","0","0","0","0","0","0","0","0"
"14.5056","0.500044","0.54452","0.0428915","0.573453","0.616859","3.89672","1.70829e-15","3.11497","3.10958","13.2925","6.61505","0","0","0","0","0","0","0","0"
"14.509","0.500044","0.54464","0.0429027","0.572895","0.616195","3.97145","1.70905e-15","3.11321","3.11064","12.4279","6.626","0","0","0","0","0","0","0","0"
"14.5139","0.500044","0.54464","0.0429159","0.573162","0.616328","3.97684","1.70576e-15","3.11039","3.11082","12.2286","6.61657","0","0","0","0","0","0","0","0"
"14.5157","0.500044","0.54464","0.042929","0.573508","0.616505","3.95655","1.70769e-15","3.11575","3.11239","12.3207","6.63165","0","0","0","0","0","0","0","0"
"14.5191","0.500044","0.54464","0.0429402","0.573506","0.616203","3.93789","1.70798e-15","3.11261","3.11148","12.4156","6.65367","0","0","0","0","0","0","0","0"
"14.5226","0.500044","0.54464","0.0429519","0.573365","0.616103","3.9181","1.70645e-15","3.11706","3.11813","12.5265","6.64197","0","0","0","0","0","0","0","0"
"14.5259","0.500044","0.545037","0.0429667","0.573347","0.615899","3.90224","1.70626e-15","3.1161","3.11824","12.5688","6.64394","0","0","0","0","0","0","0","0"
"14.5292","0.500044","0.545037","0.0429793","0.573152","0.615669","3.89421","1.70828e-15","3.11519","3.11854","12.539","6.65642","0","0","0","0","0","0","0","0"
"14.5327","0.500044","0.545037","0.0429941","0.5733","0.615801","3.89044","1.70789e-15","3.11177","3.11553","12.4407","6.65942","0","0","0","0","0","0","0","0"
"14.5361","0.500044","0.545037","0.0430089","0.574007","0.616778","3.88454","1.70596e-15","3.13474","3.13058","12.3707","6.63908","0","0","0","0","0","0","0","0"
"14.5396","0.500044","0.545037","0.0430176","0.57348","0.616414","3.87675","1.70588e-15","3.13393","3.12689","12.3375","6.61556","0","0","0","0","0","0","0","0"
"14.5429","0.500044","0.545239","0.0430233","0.574109","0.616803","3.87108","1.70869e-15","3.13439","3.13526","12.2632","6.62929","0","0","0","0","0","0","0","0"
"14.5463","0.500044","0.545239","0.0430281","0.575496","0.617562","3.87604","1.70894e-15","3.13785","3.13355","12.0993","6.64734","0","0","0","0","0","0","0","0"
"14.5496","0.500044","0.545239","0.0430338","0.576066","0.618135","3.85672","1.70724e-15","3.13211","3.1284","12.1845","6.63832","0","0","0","0","0","0","0","0"
"14.553","0.500044","0.545239","0.0430386","0.575769","0.617816","3.84019","1.707e-15","3.12798","3.12655","12.2579","6.62413","0","0","0","0","0","0","0","0"
"14.5565","0.500044","0.545239","0.0430407","0.575819","0.618041","3.85707","1.70691e-15","3.14014","3.16331","12.0057","6.62311","0","0","0","0","0","0","0","0"
"14.5598","0.500044","0.545294","0.0430403","0.576243","0.618555","3.90326","1.70824e-15","3.14066","3.1674","11.4779","6.65312","0","0","0","0","0","0","0","0"
"14.5632","0.500044","0.545294","0.0430398","0.576038","0.618241","3.90158","1.70677e-15","3.13762","3.1637","11.3669","6.6439","0","0","0","0","0","0","0","0"
"14.5679","0.500044","0.545294","0.0430391","0.57588","0.617978","3.87649","1.70757e-15","3.13328","3.15835","11.4706","6.64652","0","0","0","0","0","0","0","0"
"14.5721","0.500044","0.545294","0.043037","0.575549","0.617743","3.87611","1.70845e-15","3.12841","3.15022","11.3377","6.65061","0","0","0","0","0","0","0","0"
"14.5754","0.500044","0.545547","0.043032","0.575308","0.617694","3.95855","1.70659e-15","3.12683","3.1524","10.7197","6.63441","0","0","0","0","0","0","0","0"
"14.5788","0.500044","0.545547","0.0430262","0.575338","0.617924","4.12474","1.70894e-15","3.12759","3.15336","9.91423","6.656","0","0","0","0","0","0","0","0"
"14.5822","0.500044","0.545547","0.0430212","0.574842","0.617728","4.21016","1.70978e-15","3.12773","3.14982","9.31221","6.68301","0","0","0","0","0","0","0","0"
"14.5856","0.500044","0.545547","0.0430153","0.574821","0.617428","4.20887","1.70876e-15","3.12289","3.1475","9.22172","6.66619","0","0","0","0","0","0","0","0"
"14.5891","0.500044","0.545547","0.0430093","0.574595","0.617272","4.18991","1.70782e-15","3.12233","3.14279","9.28586","6.64617","0","0","0","0","0","0","0","0"
"14.5925","0.500044","0.545743","0.0430001","0.575601","0.618243","4.17649","1.7097e-15","3.12019","3.13261","9.28988","6.62751","0","0","0","0","0","0","0","0"
"14.5957","0.500044","0.545743","0.0429922","0.575159","0.617649","4.1731","1.71059e-15","3.11857","3.13124","9.22622","6.61773","0","0","0","0","0","0","0","0"
"14.5991","0.500044","0.545743","0.042983","0.575573","0.617932","4.18062","1.70857e-15","3.12156","3.12766","9.06579","6.59873","0","0","0","0","0","0","0","0"
"14.6025","0.500044","0.545743","0.0429751","0.575676","0.617869","4.19314","1.70867e-15","3.12311","3.12734","8.88852","6.59469","0","0","0","0","0","0","0","0"
"14.606","0.500044","0.545743","0.0429686","0.575181","0.617552","4.20464","1.70971e-15","3.12399","3.12607","8.71168","6.61413","0","0","0","0","0","0","0","0"
"14.6094","0.500044","0.545794","0.0429663","0.575574","0.617793","4.3008","1.71016e-15","3.12593","3.13022","8.39555","6.63428","0","0","0","0","0","0","0","0"
"14.6126","0.500044","0.545794","0.0429635","0.57576","0.617867","4.72778","1.70846e-15","3.11827","3.12018","8.69114","6.61756","0","0","0","0","0","0","0","0"
"14.616","0.500044","0.545794","0.0429612","0.576615","0.618682","4.83836","1.70908e-15","3.12526","3.12091","8.24387","6.60461","0","0","0","0","0","0","0","0"
"14.6194","0.500044","0.545794","0.0429584","0.576738","0.619153","4.83651","1.71216e-15","3.13073","3.11495","8.1705","6.64741","0","0","0","0","0","0","0","0"
"14.6229","0.500044","0.545794","0.0429576","0.576387","0.618772","4.81161","1.71077e-15","3.12839","3.11226","8.2475","6.65004","0","0","0","0","0","0","0","0"
"14.6263","0.500044","0.545928","0.0429584","0.577017","0.62009","4.7976","1.70981e-15","3.13237","3.12112","8.24301","6.63358","0","0","0","0","0","0","0","0"
"14.6296","0.500044","0.545928","0.0429591","0.57668","0.619621","4.78576","1.71184e-15","3.13155","3.12031","8.2375","6.63582","0","0","0","0","0","0","0","0"
"14.633","0.500044","0.545928","0.0429599","0.575934","0.619145","4.78195","1.71247e-15","3.13248","3.1185","8.16881","6.65458","0","0","0","0","0","0","0","0"
"14.6364","0.500044","0.545928","0.0429606","0.575924","0.619318","4.77218","1.71067e-15","3.126","3.11677","8.15252","6.64167","0","0","0","0","0","0","0","0"
"14.6398","0.500044","0.545928","0.042962","0.575316","0.619138","4.75326","1.71035e-15","3.12787","3.1159","8.17817","6.63277","0","0","0","0","0","0","0","0"
"14.6431","0.500044","0.546135","0.0429635","0.574771","0.618789","4.74776","1.71176e-15","3.12787","3.11536","8.13213","6.66552","0","0","0","0","0","0","0","0"
"14.6465","0.500044","0.546135","0.0429653","0.573692","0.617382","4.75134","1.71068e-15","3.12816","3.11817","8.02002","6.66428","0","0","0","0","0","0","0","0"
"14.6512","0.500044","0.546135","0.0429676","0.573997","0.617636","4.7665","1.71072e-15","3.12105","3.11713","7.82881","6.64994","0","0","0","0","0","0","0","0"
"14.6554","0.500044","0.546135","0.0429685","0.573466","0.61755","4.76937","1.7126e-15","3.12027","3.11251","7.71575","6.66097","0","0","0","0","0","0","0","0"
"14.6587","0.500044","0.546348","0.0429664","0.574049","0.618065","4.76897","1.71192e-15","3.1154","3.10806","7.65061","6.67124","0","0","0","0","0","0","0","0"
"14.6621","0.500044","0.546348","0.0429639","0.574454","0.618598","4.75894","1.71053e-15","3.11756","3.1102","7.62261","6.65259","0","0","0","0","0","0","0","0"
"14.6655","0.500044","0.546348","0.0429618","0.574896","0.618954","4.76492","1.71171e-15","3.11549","3.1106","7.52701","6.66155","0","0","0","0","0","0","0","0"
"14.6689","0.500044","0.546348","0.0429594","0.57453","0.61846","4.78633","1.71375e-15","3.11254","3.1064","7.3516","6.68746","0","0","0","0","0","0","0","0"
"14.6724","0.500044","0.546348","0.0429603","0.574328","0.618341","4.78489","1.71257e-15","3.1151","3.10363","7.29086","6.68649","0","0","0","0","0","0","0","0"
"14.6757","0.500044","0.546241","0.0429687","0.574688","0.618384","4.90352","1.71165e-15","3.11484","3.10087","6.97191","6.68086","0","0","0","0","0","0","0","0"
"14.6791","0.500044","0.546241","0.0429758","0.574609","0.618064","4.93752","1.71334e-15","3.11146","3.09733","6.77356","6.69347","0","0","0","0","0","0","0","0"
"14.6824","0.500044","0.546241","0.0429841","0.574479","0.618156","4.91936","1.71312e-15","3.11994","3.11652","6.78915","6.68371","0","0","0","0","0","0","0","0"
"14.6858","0.500044","0.546241","0.0429912","0.574154","0.61777","4.89413","1.71259e-15","3.11721","3.11566","6.85263","6.67325","0","0","0","0","0","0","0","0"
"14.6893","0.500044","0.546241","0.0429986","0.574504","0.618243","4.87778","1.71347e-15","3.11404","3.1147","6.86013","6.69032","0","0","0","0","0","0","0","0"
"14.6926","0.500044","0.546286","0.0430039","0.573833","0.617272","4.87298","1.7136e-15","3.11525","3.1165","6.82041","6.69836","0","0","0","0","0","0","0","0"
"14.696","0.500044","0.546286","0.04301","0.573575","0.617484","4.87835","1.71302e-15","3.116","3.11654","6.72283","6.68873","0","0","0","0","0","0","0","0"
"14.6994","0.500044","0.546286","0.0430152","0.573542","0.617287","4.87433","1.71458e-15","3.11262","3.11431","6.68208","6.69196","0","0","0","0","0","0","0","0"
"14.7028","0.500044","0.546286","0.0430213","0.573586","0.617325","4.8724","1.71533e-15","3.11488","3.11152","6.62401","6.71067","0","0","0","0","0","0","0","0"
"14.7062","0.500044","0.546286","0.0430244","0.572945","0.616912","4.90995","1.71292e-15","3.11567","3.1101","6.42807","6.69483","0","0","0","0","0","0","0","0"
"14.7095","0.500044","0.546373","0.0430253","0.573059","0.617688","4.90839","1.71501e-15","3.1137","3.1078","6.38544","6.6915","0","0","0","0","0","0","0","0"
"14.7129","0.500044","0.546373","0.0430262","0.572581","0.617491","5.40961","1.71578e-15","3.11297","3.10853","10.7536","6.71023","0","0","0","0","0","0","0","0"
"14.7163","0.500044","0.546373","0.0430271","0.572039","0.61709","5.90684","1.71471e-15","3.10914","3.10275","10.1041","6.69395","0","0","0","0","0","0","0","0"
"14.7197","0.500044","0.546373","0.043028","0.572562","0.617408","5.98964","1.71572e-15","3.11217","3.10725","9.61102","6.69135","0","0","0","0","0","0","0","0"
"14.7232","0.500044","0.546373","0.0430294","0.573177","0.6184","5.96548","1.71623e-15","3.11659","3.10779","9.64387","6.69704","0","0","0","0","0","0","0","0"
"14.7264","0.500044","0.546381","0.0430308","0.572432","0.617745","5.93667","1.71551e-15","3.1161","3.10566","9.7225","6.68289","0","0","0","0","0","0","0","0"
"14.7298","0.500044","0.546381","0.0430325","0.572552","0.617786","5.9053","1.71479e-15","3.11012","3.10879","9.80178","6.66698","0","0","0","0","0","0","0","0"
"14.7345","0.500044","0.546381","0.0430346","0.572208","0.617514","5.88445","1.7166e-15","3.10915","3.11414","9.78364","6.69823","0","0","0","0","0","0","0","0"
"14.7388","0.500044","0.546381","0.0430367","0.572758","0.618258","5.8511","1.71346e-15","3.11393","3.10903","9.86093","6.69178","0","0","0","0","0","0","0","0"
"14.7421","0.500044","0.546414","0.0430386","0.572809","0.61861","5.84527","1.71438e-15","3.11422","3.10371","9.80164","6.6925","0","0","0","0","0","0","0","0"
"14.7455","0.500044","0.546414","0.0430408","0.572409","0.618016","5.86599","1.71597e-15","3.10902","3.09907","9.57218","6.71002","0","0","0","0","0","0","0","0"
"14.7488","0.500044","0.546414","0.0430427","0.57227","0.617412","5.86941","1.71529e-15","3.10777","3.10005","9.47183","6.7143","0","0","0","0","0","0","0","0"
"14.7522","0.500044","0.546414","0.0430449","0.571986","0.617009","5.92319","1.71452e-15","3.10666","3.0968","9.10634","6.70719","0","0","0","0","0","0","0","0"
"14.7557","0.500044","0.546414","0.0430474","0.572546","0.617752","6.31757","1.7157e-15","3.10423","3.10179","8.71438","6.7255","0","0","0","0","0","0","0","0"
"14.759","0.500044","0.546592","0.0430515","0.573545","0.619124","6.59342","1.71331e-15","3.10681","3.10011","7.99702","6.71414","0","0","0","0","0","0","0","0"
"14.7624","0.500044","0.546592","0.043055","0.573496","0.618918","6.75408","1.71383e-15","3.10583","3.09583","7.54118","6.72607","0","0","0","0","0","0","0","0"
"14.7658","0.500044","0.546592","0.0430591","0.573518","0.618794","6.75611","1.71468e-15","3.10159","3.09159","7.45404","6.73582","0","0","0","0","0","0","0","0"
"14.7691","0.500044","0.546592","0.0430626","0.57332","0.619171","6.7243","1.71377e-15","3.09889","3.09153","7.51186","6.71584","0","0","0","0","0","0","0","0"
"14.7726","0.500044","0.546592","0.0430664","0.573874","0.619537","6.71255","1.71408e-15","3.102","3.0953","7.47786","6.7167","0","0","0","0","0","0","0","0"
"14.7759","0.500044","0.546678","0.0430693","0.573795","0.619497","6.74817","1.71385e-15","3.10388","3.10012","7.28654","6.73413","0","0","0","0","0","0","0","0"
"14.7793","0.500044","0.546678","0.0430726","0.573193","0.619152","6.83439","1.71259e-15","3.10181","3.10259","6.95019","6.71748","0","0","0","0","0","0","0","0"
"14.7827","0.500044","0.546678","0.0430755","0.573348","0.618787","6.81195","1.7153e-15","3.10001","3.10317","6.97095","6.73903","0","0","0","0","0","0","0","0"
"14.7861","0.500044","0.546678","0.0430789","0.573822","0.61974","6.77524","1.71521e-15","3.09449","3.1057","7.03136","6.73689","0","0","0","0","0","0","0","0"
"14.7896","0.500044","0.546678","0.0430805","0.57335","0.619159","6.74493","1.7127e-15","3.09196","3.10671","7.07924","6.72184","0","0","0","0","0","0","0","0"
"14.7929","0.500044","0.546849","0.0430808","0.573931","0.620108","6.70862","1.71416e-15","3.08501","3.10167","7.14047","6.72807","0","0","0","0","0","0","0","0"
"14.7963","0.500044","0.546849","0.0430811","0.573809","0.620277","6.68507","1.71347e-15","3.08788","3.10576","7.16419","6.72907","0","0","0","0","0","0","0","0"
"14.7997","0.500044","0.546849","0.0430814","0.573602","0.620254","6.65354","1.71271e-15","3.08617","3.09984","7.20749","6.71654","0","0","0","0","0","0","0","0"
"14.8031","0.500044","0.546849","0.0430817","0.573523","0.619959","6.65702","1.7151e-15","3.08167","3.09562","7.1264","6.73054","0","0","0","0","0","0","0","0"
"14.8066","0.500044","0.546849","0.0430841","0.573445","0.619695","6.69635","1.71348e-15","3.08573","3.10559","6.91953","6.7221","0","0","0","0","0","0","0","0"
"14.8099","0.500044","0.547056","0.0430875","0.573449","0.619928","6.75113","1.71318e-15","3.08807","3.10118","6.69425","6.71019","0","0","0","0","0","0","0","0"
"14.8133","0.500044","0.547056","0.0430914","0.57277","0.619269","6.80164","1.71516e-15","3.08825","3.09777","6.48976","6.72922","0","0","0","0","0","0","0","0"
"14.8177","0.500044","0.547056","0.0430958","0.573281","0.619605","6.7581","1.7127e-15","3.09063","3.09925","6.55992","6.71529","0","0","0","0","0","0","0","0"
"14.8221","0.500044","0.547056","0.043101","0.574087","0.620877","6.75348","1.71432e-15","3.0892","3.09415","6.49152","6.73209","0","0","0","0","0","0","0","0"
"14.8255","0.500044","0.547336","0.0431049","0.575015","0.621424","6.78643","1.7129e-15","3.08732","3.09087","6.34543","6.73548","0","0","0","0","0","0","0","0"
"14.829","0.500044","0.547336","0.0431095","0.575271","0.621589","6.80597","1.71134e-15","3.09129","3.09115","6.23035","6.72226","0","0","0","0","0","0","0","0"
"14.8323","0.500044","0.547336","0.0431133","0.575215","0.621387","6.9109","1.71371e-15","3.08662","3.08825","5.98194","6.75374","0","0","0","0","0","0","0","0"
"14.8357","0.500044","0.547336","0.0431179","0.576138","0.621924","6.94446","1.71313e-15","3.08555","3.08362","5.84168","6.75213","0","0","0","0","0","0","0","0"
"14.8392","0.500044","0.547336","0.0431232","0.575762","0.621848","6.9135","1.7117e-15","3.08339","3.07957","5.88174","6.73237","0","0","0","0","0","0","0","0"
"14.8425","0.500044","0.547558","0.0431326","0.575918","0.621677","6.89059","1.71228e-15","3.0806","3.07629","5.88957","6.73665","0","0","0","0","0","0","0","0"
"14.8458","0.500044","0.547558","0.0431408","0.576258","0.621762","7.10111","1.71192e-15","3.07546","3.07615","5.73611","6.74003","0","0","0","0","0","0","0","0"
"14.8492","0.500044","0.547558","0.0431503","0.576968","0.62238","7.25628","1.71016e-15","3.07672","3.08526","5.48319","6.72228","0","0","0","0","0","0","0","0"
"14.8526","0.500044","0.547558","0.0431584","0.578371","0.623594","7.24877","1.71127e-15","3.07708","3.09907","5.4596","6.73188","0","0","0","0","0","0","0","0"
"14.8561","0.500044","0.547558","0.0431677","0.582602","0.627177","7.21913","1.71228e-15","3.12116","3.13518","5.48243","6.73876","0","0","0","0","0","0","0","0"
"14.8594","0.500044","0.547972","0.0431754","0.582772","0.627127","7.22248","1.7109e-15","3.11801","3.13138","5.48146","6.73303","0","0","0","0","0","0","0","0"
"14.8628","0.500044","0.547972","0.0431843","0.582244","0.626789","7.29986","1.70984e-15","3.11689","3.12923","5.32052","6.72462","0","0","0","0","0","0","0","0"
"14.8661","0.500044","0.547972","0.043192","0.58266","0.627632","7.2658","1.71168e-15","3.11507","3.13195","5.36102","6.73808","0","0","0","0","0","0","0","0"
"14.8695","0.500044","0.547972","0.043201","0.582306","0.627076","7.22433","1.71134e-15","3.11101","3.13283","5.41409","6.72859","0","0","0","0","0","0","0","0"
"14.873","0.500044","0.547972","0.0432047","0.58177","0.626897","7.20348","1.70918e-15","3.10914","3.12691","5.41947","6.7117","0","0","0","0","0","0","0","0"
"14.8763","0.500044","0.548367","0.0432044","0.581009","0.626106","7.16249","1.7099e-15","3.10824","3.12593","5.47262","6.71554","0","0","0","0","0","0","0","0"
"14.8797","0.500044","0.548367","0.0432042","0.581019","0.62644","7.1336","1.7105e-15","3.10493","3.12281","5.50098","6.726","0","0","0","0","0","0","0","0"
"14.8831","0.500044","0.548367","0.043204","0.580271","0.625436","7.1552","1.70861e-15","3.1068","3.12235","5.39723","6.7079","0","0","0","0","0","0","0","0"
"14.8864","0.500044","0.548367","0.0432037","0.579761","0.625571","7.17453","1.71018e-15","3.10527","3.1195","5.30841","6.71413","0","0","0","0","0","0","0","0"
"14.8899","0.500044","0.548367","0.0431981","0.579312","0.625026","7.14667","1.71091e-15","3.10673","3.11924","5.3253","6.70823","0","0","0","0","0","0","0","0"
"14.8932","0.500044","0.548939","0.0431897","0.579761","0.625369","7.14249","1.70987e-15","3.11012","3.12023","5.29443","6.6994","0","0","0","0","0","0","0","0"
"14.8966","0.500044","0.548939","0.0431801","0.579231","0.625173","7.11024","1.70822e-15","3.10627","3.11743","5.3239","6.68509","0","0","0","0","0","0","0","0"
"14.901","0.500044","0.548939","0.043169","0.578991","0.624568","7.08198","1.7108e-15","3.10528","3.11902","5.33598","6.70456","0","0","0","0","0","0","0","0"
"14.9054","0.500044","0.548939","0.0431547","0.579111","0.624501","7.13201","1.70928e-15","3.10318","3.11728","5.17518","6.69767","0","0","0","0","0","0","0","0"
"14.9086","0.500044","0.54895","0.0431408","0.578486","0.624009","7.09618","1.7082e-15","3.10528","3.11488","5.22164","6.69836","0","0","0","0","0","0","0","0"
"14.912","0.500044","0.54895","0.0431268","0.578714","0.623705","7.10545","1.7098e-15","3.10128","3.11466","5.16847","6.72036","0","0","0","0","0","0","0","0"
"14.9153","0.500044","0.54895","0.0431106","0.578645","0.623212","7.14042","1.71118e-15","3.1053","3.11292","5.08426","6.72845","0","0","0","0","0","0","0","0"
"14.9187","0.500044","0.54895","0.0430967","0.578381","0.622926","7.12546","1.70998e-15","3.10326","3.1067","5.08","6.71907","0","0","0","0","0","0","0","0"
"14.9222","0.500044","0.54895","0.0430834","0.579365","0.624097","7.09807","1.70908e-15","3.10166","3.11371","5.09598","6.6992","0","0","0","0","0","0","0","0"
"14.9255","0.500044","0.548856","0.0430782","0.578613","0.623335","7.11259","1.71077e-15","3.10477","3.11366","5.02195","6.71087","0","0","0","0","0","0","0","0"
"14.9289","0.500044","0.548856","0.0430721","0.578883","0.623405","7.08422","1.71153e-15","3.10669","3.1227","5.04296","6.71077","0","0","0","0","0","0","0","0"
"14.9323","0.500044","0.548856","0.043067","0.578479","0.622808","7.07948","1.71036e-15","3.105","3.12524","5.0131","6.69465","0","0","0","0","0","0","0","0"
"14.9357","0.500044","0.548856","0.0430609","0.579317","0.623578","7.08033","1.71152e-15","3.10628","3.12612","4.96415","6.69412","0","0","0","0","0","0","0","0"
"14.9392","0.500044","0.548856","0.0430579","0.57916","0.623896","7.08986","1.71267e-15","3.10404","3.12279","4.9248","6.69972","0","0","0","0","0","0","0","0"
"14.9424","0.500044","0.548628","0.0430594","0.579876","0.624485","7.09919","1.71016e-15","3.10267","3.11939","4.86258","6.68447","0","0","0","0","0","0","0","0"
"14.9458","0.500044","0.548628","0.0430607","0.581878","0.625765","7.0703","1.70861e-15","3.10225","3.11784","4.88914","6.67445","0","0","0","0","0","0","0","0"
"14.9492","0.500044","0.548628","0.0430623","0.581608","0.625285","7.03066","1.71042e-15","3.10183","3.11599","4.9355","6.67855","0","0","0","0","0","0","0","0"
"14.9526","0.500044","0.548628","0.0430636","0.580664","0.624168","7.00128","1.71102e-15","3.10325","3.12039","4.96402","6.69379","0","0","0","0","0","0","0","0"
"14.9561","0.500044","0.548628","0.043067","0.58066","0.62418","6.992","1.70863e-15","3.10181","3.12169","4.94286","6.67662","0","0","0","0","0","0","0","0"
"14.9593","0.500044","0.548527","0.0430722","0.580536","0.624273","6.97256","1.70885e-15","3.10194","3.11957","4.94938","6.66103","0","0","0","0","0","0","0","0"
"14.9627","0.500044","0.548527","0.0430783","0.580364","0.62437","6.94344","1.71e-15","3.10148","3.11536","4.97043","6.64797","0","0","0","0","0","0","0","0"
"14.9661","0.500044","0.548527","0.0430835","0.579619","0.623945","6.91946","1.70967e-15","3.10422","3.11284","4.98755","6.66135","0","0","0","0","0","0","0","0"
"14.9695","0.500044","0.548527","0.0430895","0.58047","0.624612","6.89692","1.70863e-15","3.1066","3.10948","4.99425","6.64627","0","0","0","0","0","0","0","0"
"14.973","0.500044","0.548527","0.0430949","0.580325","0.624595","6.86913","1.70898e-15","3.10417","3.10581","5.02076","6.6305","0","0","0","0","0","0","0","0"
"14.9763","0.500044","0.548724","0.0431014","0.581016","0.624855","6.86965","1.71076e-15","3.09904","3.09719","4.98529","6.64549","0","0","0","0","0","0","0","0"
"14.9797","0.500044","0.548724","0.043107","0.580504","0.624307","6.83976","1.71055e-15","3.09591","3.09191","5.01752","6.65367","0","0","0","0","0","0","0","0"
"14.9844","0.500044","0.548724","0.0431154","0.579882","0.623797","6.85055","1.70875e-15","3.09249","3.09164","4.93816","6.6305","0","0","0","0","0","0","0","0"
"14.9888","0.500044","0.548724","0.0431224","0.579298","0.623029","6.81995","1.70947e-15","3.09312","3.09093","4.95295","6.63681","0","0","0","0","0","0","0","0"
"14.9922","0.500044","0.548747","0.0431239","0.579124","0.622773","6.7933","1.70923e-15","3.09621","3.09221","4.97676","6.64815","0","0","0","0","0","0","0","0"
"14.9956","0.500044","0.548747","0.0431255","0.578418","0.621622","6.81126","1.70777e-15","3.09778","3.09231","4.88982","6.62642","0","0","0","0","0","0","0","0"
"14.999","0.500044","0.548747","0.043127","0.578499","0.621572","6.79034","1.70836e-15","3.10045","3.08849","4.90084","6.61238","0","0","0","0","0","0","0","0"
"15.0023","0.500044","0.548747","0.0431287","0.578351","0.621508","6.75724","1.71152e-15","3.09963","3.0846","4.93401","6.63019","0","0","0","0","0","0","0","0"
"15.0058","0.500044","0.548747","0.0431289","0.578796","0.621505","6.80931","1.71199e-15","3.10056","3.08981","4.83646","6.65895","0","0","0","0","0","0","0","0"
"15.0091","0.500044","0.548806","0.0431263","0.578384","0.62158","6.81201","1.70965e-15","3.09704","3.08771","4.80977","6.64522","0","0","0","0","0","0","0","0"
"15.0125","0.500044","0.548806","0.043124","0.577771","0.621008","6.855","1.70871e-15","3.09689","3.08537","4.69601","6.63615","0","0","0","0","0","0","0","0"
"15.0159","0.500044","0.548806","0.0431214","0.57955","0.622449","6.83516","1.71111e-15","3.09545","3.07951","4.69675","6.65253","0","0","0","0","0","0","0","0"
"15.0193","0.500044","0.548806","0.0431192","0.581155","0.623509","6.85087","1.71151e-15","3.1446","3.09685","4.64012","6.67639","0","0","0","0","0","0","0","0"
"15.0227","0.500044","0.548806","0.0431184","0.582369","0.624784","6.82566","1.70864e-15","3.14443","3.09781","4.65513","6.66578","0","0","0","0","0","0","0","0"
"15.026","0.500044","0.548605","0.0431197","0.58252","0.624862","6.7956","1.70871e-15","3.14031","3.09835","4.6862","6.6696","0","0","0","0","0","0","0","0"
"15.0294","0.500044","0.548605","0.0431212","0.583068","0.624988","6.81951","1.71129e-15","3.13264","3.0921","4.60348","6.69813","0","0","0","0","0","0","0","0"
"15.0328","0.500044","0.548605","0.0431226","0.583321","0.625764","6.9156","1.71265e-15","3.13263","3.08899","4.45204","6.71923","0","0","0","0","0","0","0","0"
"15.0362","0.500044","0.548605","0.0431241","0.582688","0.625189","7.01226","1.71173e-15","3.13629","3.09739","4.34391","6.71055","0","0","0","0","0","0","0","0"
"15.0397","0.500044","0.548605","0.0431258","0.582849","0.625006","6.98497","1.70991e-15","3.13456","3.10328","4.36508","6.69056","0","0","0","0","0","0","0","0"
"15.0429","0.500044","0.548614","0.0431283","0.581946","0.624391","6.97066","1.71125e-15","3.13678","3.10339","4.35304","6.68988","0","0","0","0","0","0","0","0"
"15.0463","0.500044","0.548614","0.0431304","0.582144","0.624838","6.96526","1.71325e-15","3.13882","3.10414","4.33257","6.71048","0","0","0","0","0","0","0","0"
"15.0497","0.500044","0.548614","0.0431329","0.581841","0.624606","6.9254","1.71309e-15","3.13349","3.10559","4.37563","6.7243","0","0","0","0","0","0","0","0"
"15.0531","0.500044","0.548614","0.043135","0.581733","0.624138","6.97669","1.71158e-15","3.14165","3.10699","4.29099","6.70736","0","0","0","0","0","0","0","0"
"15.0566","0.500044","0.548614","0.0431333","0.58137","0.62389","6.99402","1.71073e-15","3.1359","3.10209","4.23167","6.69009","0","0","0","0","0","0","0","0"
"15.0599","0.500044","0.54904","0.0431292","0.580877","0.623474","6.96828","1.71285e-15","3.13176","3.09871","4.24941","6.69302","0","0","0","0","0","0","0","0"
"15.0633","0.500044","0.54904","0.0431244","0.581387","0.62372","6.94859","1.71343e-15","3.13171","3.09809","4.24814","6.70717","0","0","0","0","0","0","0","0"
"15.0677","0.500044","0.54904","0.0431189","0.580901","0.623459","6.95857","1.71211e-15","3.13508","3.0949","4.20202","6.6859","0","0","0","0","0","0","0","0"
"15.0721","0.500044","0.54904","0.0431122","0.580792","0.623613","6.94122","1.7123e-15","3.1359","3.09856","4.18657","6.68283","0","0","0","0","0","0","0","0"
"15.0752","0.500044","0.549122","0.0431066","0.580441","0.623222","7.00183","1.71333e-15","3.1348","3.09812","4.07623","6.68702","0","0","0","0","0","0","0","0"
"15.0786","0.500044","0.549122","0.043101","0.580085","0.623067","6.97046","1.71312e-15","3.13538","3.09559","4.10535","6.6917","0","0","0","0","0","0","0","0"
"15.082","0.500044","0.549122","0.0430944","0.579828","0.62268","6.97233","1.71151e-15","3.13709","3.0939","4.06475","6.6756","0","0","0","0","0","0","0","0"
"15.0854","0.500044","0.549122","0.0430888","0.580653","0.623542","6.93818","1.7132e-15","3.14204","3.11785","4.09929","6.67592","0","0","0","0","0","0","0","0"
"15.0889","0.500044","0.549122","0.0430844","0.581635","0.624578","6.93413","1.71467e-15","3.13443","3.11174","4.07065","6.68908","0","0","0","0","0","0","0","0"
"15.0922","0.500044","0.549067","0.0430855","0.580727","0.623749","6.97783","1.71242e-15","3.13425","3.11083","3.98923","6.67476","0","0","0","0","0","0","0","0"
"15.0956","0.500044","0.549067","0.0430867","0.580033","0.623369","6.94188","1.71292e-15","3.13271","3.10891","4.02067","6.67865","0","0","0","0","0","0","0","0"
"15.0989","0.500044","0.549067","0.0430877","0.580601","0.624569","6.93114","1.71485e-15","3.14124","3.11845","4.0092","6.69858","0","0","0","0","0","0","0","0"
"15.1023","0.500044","0.549067","0.043089","0.580361","0.624493","6.90573","1.71363e-15","3.14839","3.12139","4.02233","6.6861","0","0","0","0","0","0","0","0"
"15.1058","0.500044","0.549067","0.0430904","0.580243","0.624139","6.88298","1.71299e-15","3.14597","3.12184","4.03327","6.66931","0","0","0","0","0","0","0","0"
"15.1091","0.500044","0.549206","0.043093","0.580783","0.624732","6.92118","1.71359e-15","3.14503","3.12126","3.9441","6.68583","0","0","0","0","0","0","0","0"
"15.1125","0.500044","0.549206","0.0430952","0.580754","0.624343","7.00721","1.71254e-15","3.14202","3.11818","3.83163","6.68108","0","0","0","0","0","0","0","0"
"15.1159","0.500044","0.549206","0.0430979","0.580052","0.623735","7.13011","1.71087e-15","3.14536","3.12741","3.6983","6.66484","0","0","0","0","0","0","0","0"
"15.1193","0.500044","0.549206","0.0431001","0.57975","0.623306","7.24211","1.71234e-15","3.14844","3.12792","3.59423","6.68299","0","0","0","0","0","0","0","0"
"15.1227","0.500044","0.549206","0.043104","0.580165","0.623557","7.37234","1.71251e-15","3.15302","3.13446","3.48051","6.68999","0","0","0","0","0","0","0","0"
"15.126","0.500044","0.549565","0.0431087","0.579557","0.623148","7.47302","1.71115e-15","3.15227","3.13491","3.38923","6.68293","0","0","0","0","0","0","0","0"
"15.1294","0.500044","0.549565","0.0431142","0.579683","0.623778","7.56912","1.71063e-15","3.15361","3.13119","3.30575","6.66365","0","0","0","0","0","0","0","0"
"15.1328","0.500044","0.549565","0.0431189","0.579308","0.623513","7.5858","1.71307e-15","3.15426","3.12966","3.27006","6.67586","0","0","0","0","0","0","0","0"
"15.1362","0.500044","0.549565","0.0431244","0.578838","0.622746","7.9211","1.71414e-15","3.15212","3.12982","4.30151","6.69255","0","0","0","0","0","0","0","0"
"15.1397","0.500044","0.549565","0.0431279","0.579907","0.623871","8.31817","1.7128e-15","3.17773","3.16044","4.50932","6.68201","0","0","0","0","0","0","0","0"
"15.143","0.500044","0.549775","0.0431306","0.578834","0.622601","8.55759","1.71196e-15","3.18136","3.16216","4.362","6.66216","0","0","0","0","0","0","0","0"
"15.1463","0.500044","0.549775","0.0431328","0.578672","0.622555","8.56523","1.71408e-15","3.18041","3.15818","4.32315","6.67974","0","0","0","0","0","0","0","0"
"15.151","0.500044","0.549775","0.0431362","0.578919","0.622531","8.51279","1.71369e-15","3.17414","3.15061","4.35976","6.68309","0","0","0","0","0","0","0","0"
"15.1554","0.500044","0.549775","0.0431394","0.578641","0.622193","8.54112","1.7116e-15","3.16885","3.15","4.26744","6.65508","0","0","0","0","0","0","0","0"
"15.1586","0.500044","0.549792","0.0431412","0.578929","0.622632","8.56779","1.71244e-15","3.16541","3.14671","4.19799","6.66779","0","0","0","0","0","0","0","0"
"15.162","0.500044","0.549792","0.043143","0.579247","0.622906","8.59921","1.71381e-15","3.16156","3.14173","4.12431","6.67777","0","0","0","0","0","0","0","0"
"15.1653","0.500044","0.549792","0.0431451","0.579292","0.623191","8.6532","1.71178e-15","3.1611","3.14148","4.02043","6.66965","0","0","0","0","0","0","0","0"
"15.1687","0.500044","0.549792","0.0431469","0.579311","0.623395","8.71395","1.71216e-15","3.15792","3.14382","3.92251","6.66964","0","0","0","0","0","0","0","0"
"15.1722","0.500044","0.549792","0.043147","0.578513","0.622128","8.75225","1.71402e-15","3.15664","3.14548","3.85","6.69451","0","0","0","0","0","0","0","0"
"15.1755","0.500044","0.549748","0.0431427","0.578718","0.622109","8.71253","1.71218e-15","3.15402","3.14228","3.87747","6.69043","0","0","0","0","0","0","0","0"
"15.1789","0.500044","0.549748","0.0431377","0.578899","0.622138","8.66432","1.71207e-15","3.15227","3.14531","3.91346","6.68593","0","0","0","0","0","0","0","0"
"15.1823","0.500044","0.549748","0.0431334","0.578966","0.621917","8.82249","1.71484e-15","3.15057","3.14089","3.86457","6.70111","0","0","0","0","0","0","0","0"
"15.1856","0.500044","0.549748","0.0431284","0.578236","0.620543","8.82814","1.71487e-15","3.15242","3.14421","3.82696","6.70258","0","0","0","0","0","0","0","0"
"15.1892","0.500044","0.549748","0.0431239","0.578523","0.620989","8.78137","1.7136e-15","3.151","3.14059","3.86536","6.68345","0","0","0","0","0","0","0","0"
"15.1924","0.500044","0.549812","0.0431182","0.578129","0.620437","8.74014","1.7141e-15","3.15088","3.14262","3.88888","6.67661","0","0","0","0","0","0","0","0"
"15.1958","0.500044","0.549812","0.0431134","0.578866","0.621075","8.72517","1.71606e-15","3.16121","3.14817","3.88102","6.71111","0","0","0","0","0","0","0","0"
"15.1992","0.500044","0.549812","0.0431077","0.579748","0.621649","8.69328","1.71513e-15","3.16099","3.15477","3.89132","6.71543","0","0","0","0","0","0","0","0"
"15.2026","0.500044","0.549812","0.0431028","0.579749","0.622128","8.65729","1.71377e-15","3.15897","3.14807","3.91357","6.70125","0","0","0","0","0","0","0","0"
"15.2061","0.500044","0.549812","0.0430954","0.581177","0.623475","8.63457","1.71323e-15","3.14982","3.14502","3.91032","6.69898","0","0","0","0","0","0","0","0"
"15.2093","0.500044","0.549725","0.0430872","0.580971","0.62331","8.61498","1.71416e-15","3.14842","3.14402","3.90827","6.70535","0","0","0","0","0","0","0","0"
"15.2127","0.500044","0.549725","0.0430777","0.580335","0.623068","8.60038","1.71267e-15","3.15011","3.14271","3.89568","6.68714","0","0","0","0","0","0","0","0"
"15.2161","0.500044","0.549725","0.0430695","0.58005","0.623011","8.55435","1.7125e-15","3.14661","3.13836","3.93563","6.69574","0","0","0","0","0","0","0","0"
"15.2195","0.500044","0.549725","0.0430599","0.579807","0.622831","8.50854","1.71431e-15","3.14047","3.1355","3.96915","6.7186","0","0","0","0","0","0","0","0"
"15.223","0.500044","0.549725","0.0430557","0.579936","0.623254","8.83318","1.7127e-15","3.14174","3.13141","4.23395","6.71384","0","0","0","0","0","0","0","0"
"15.2263","0.500044","0.549717","0.0430555","0.579818","0.623345","8.97597","1.71093e-15","3.14025","3.1234","4.10992","6.69915","0","0","0","0","0","0","0","0"
"15.2297","0.500044","0.549717","0.0430553","0.579767","0.623217","8.94591","1.71202e-15","3.14668","3.12504","4.12188","6.69862","0","0","0","0","0","0","0","0"
"15.2344","0.500044","0.549717","0.043055","0.579556","0.623091","8.88599","1.71352e-15","3.14616","3.1204","4.16463","6.68905","0","0","0","0","0","0","0","0"
"15.2388","0.500044","0.549717","0.0430533","0.579241","0.622869","8.82062","1.71089e-15","3.13968","3.1208","4.2182","6.66566","0","0","0","0","0","0","0","0"
"15.2422","0.500044","0.550026","0.0430489","0.578869","0.622089","8.80532","1.71158e-15","3.13888","3.12003","4.20692","6.67241","0","0","0","0","0","0","0","0"
"15.2455","0.500044","0.550026","0.0430437","0.578145","0.621262","8.88648","1.71218e-15","3.14612","3.12213","4.08782","6.68087","0","0","0","0","0","0","0","0"
"15.2489","0.500044","0.550026","0.0430393","0.57806","0.621404","8.89787","1.71035e-15","3.15395","3.12487","4.04431","6.66919","0","0","0","0","0","0","0","0"
"15.2523","0.500044","0.550026","0.0430342","0.578183","0.621275","8.84529","1.71187e-15","3.15438","3.1188","4.08749","6.67885","0","0","0","0","0","0","0","0"
"15.2558","0.500044","0.550026","0.0430303","0.578312","0.621417","8.80123","1.71203e-15","3.15152","3.11562","4.12356","6.66632","0","0","0","0","0","0","0","0"
"15.2591","0.500044","0.55011","0.0430269","0.578184","0.62132","8.78288","1.70941e-15","3.15103","3.11437","4.1113","6.6536","0","0","0","0","0","0","0","0"
"15.2625","0.500044","0.55011","0.043024","0.578317","0.621707","8.79108","1.71025e-15","3.15423","3.11218","4.06708","6.64778","0","0","0","0","0","0","0","0"
"15.2659","0.500044","0.55011","0.0430205","0.577923","0.62125","8.74244","1.71286e-15","3.15036","3.11082","4.10489","6.67941","0","0","0","0","0","0","0","0"
"15.2692","0.500044","0.55011","0.0430176","0.577344","0.620638","8.70864","1.71184e-15","3.15002","3.10976","4.12375","6.67657","0","0","0","0","0","0","0","0"
"15.2727","0.500044","0.55011","0.0430146","0.577106","0.620419","8.69493","1.71034e-15","3.14966","3.10532","4.10407","6.65639","0","0","0","0","0","0","0","0"
"15.276","0.500044","0.549989","0.0430126","0.577671","0.620996","8.70284","1.71187e-15","3.14463","3.10395","4.06331","6.66752","0","0","0","0","0","0","0","0"
"15.2794","0.500044","0.549989","0.0430101","0.577976","0.621657","8.73575","1.71027e-15","3.14019","3.09725","3.98597","6.65737","0","0","0","0","0","0","0","0"
"15.2828","0.500044","0.549989","0.043008","0.577705","0.621427","8.75954","1.71075e-15","3.13947","3.09369","3.92506","6.65577","0","0","0","0","0","0","0","0"
"15.2862","0.500044","0.549989","0.0430056","0.57749","0.621448","8.77692","1.7132e-15","3.14379","3.09646","3.87219","6.67766","0","0","0","0","0","0","0","0"
"15.2897","0.500044","0.549989","0.0430049","0.578266","0.621937","8.78994","1.7116e-15","3.14019","3.08975","3.8296","6.6774","0","0","0","0","0","0","0","0"
"15.2929","0.500044","0.549911","0.0430056","0.578955","0.622415","8.86901","1.70999e-15","3.14153","3.09921","3.76303","6.65563","0","0","0","0","0","0","0","0"
"15.2963","0.500044","0.549911","0.0430063","0.57838","0.621563","8.85843","1.71242e-15","3.14156","3.10122","3.7486","6.67208","0","0","0","0","0","0","0","0"
"15.2997","0.500044","0.549911","0.0430071","0.578184","0.621243","8.80396","1.71327e-15","3.14126","3.1004","3.79211","6.70022","0","0","0","0","0","0","0","0"
"15.3031","0.500044","0.549911","0.0430077","0.579198","0.621967","8.77014","1.7118e-15","3.13821","3.09202","3.81008","6.67959","0","0","0","0","0","0","0","0"
"15.3066","0.500044","0.549911","0.0430066","0.579228","0.621537","8.72178","1.71115e-15","3.13574","3.08658","3.84504","6.66404","0","0","0","0","0","0","0","0"
"15.3099","0.500044","0.549956","0.0430045","0.579067","0.621779","8.68182","1.71314e-15","3.13791","3.08521","3.87297","6.67864","0","0","0","0","0","0","0","0"
"15.3133","0.500044","0.549956","0.043002","0.579213","0.622468","8.6414","1.71325e-15","3.13993","3.08853","3.89633","6.67985","0","0","0","0","0","0","0","0"
"15.3177","0.500044","0.549956","0.0429992","0.578779","0.621942","8.58591","1.71102e-15","3.13713","3.08447","3.93898","6.66456","0","0","0","0","0","0","0","0"
"15.3221","0.500044","0.549956","0.0429987","0.578654","0.621635","8.52778","1.71282e-15","3.13499","3.08263","3.98088","6.67247","0","0","0","0","0","0","0","0"
"15.3252","0.500044","0.55008","0.0430046","0.578703","0.621494","8.48866","1.71143e-15","3.13122","3.07814","4.0102","6.68451","0","0","0","0","0","0","0","0"
"15.3286","0.500044","0.55008","0.0430105","0.578173","0.621061","8.4463","1.7101e-15","3.13032","3.07729","4.04582","6.67058","0","0","0","0","0","0","0","0"
"15.332","0.500044","0.55008","0.0430175","0.577927","0.620937","8.40963","1.71224e-15","3.1297","3.07926","4.06498","6.68329","0","0","0","0","0","0","0","0"
"15.3354","0.500044","0.55008","0.0430234","0.577016","0.620077","8.39962","1.71176e-15","3.13065","3.07902","4.046","6.67628","0","0","0","0","0","0","0","0"
"15.3389","0.500044","0.55008","0.0430302","0.577059","0.620369","8.40226","1.70963e-15","3.12737","3.08203","4.00353","6.65958","0","0","0","0","0","0","0","0"
"15.3421","0.500044","0.550169","0.0430359","0.57735","0.620885","8.41512","1.7114e-15","3.12813","3.08024","3.95342","6.68082","0","0","0","0","0","0","0","0"
"15.3455","0.500044","0.550169","0.0430426","0.577537","0.620926","8.42242","1.71127e-15","3.121","3.07636","3.9077","6.68352","0","0","0","0","0","0","0","0"
"15.3489","0.500044","0.550169","0.0430483","0.578191","0.62146","8.42369","1.71041e-15","3.1188","3.07526","3.95399","6.66077","0","0","0","0","0","0","0","0"
"15.3523","0.500044","0.550169","0.043055","0.577628","0.621086","8.6524","1.7117e-15","3.11729","3.07136","3.90039","6.67372","0","0","0","0","0","0","0","0"
"15.3558","0.500044","0.550169","0.0430566","0.577255","0.620741","8.65659","1.71049e-15","3.11813","3.07126","3.86759","6.67347","0","0","0","0","0","0","0","0"
"15.3591","0.500044","0.550095","0.0430486","0.5771","0.620666","8.60658","1.70941e-15","3.11322","3.07233","3.90685","6.66063","0","0","0","0","0","0","0","0"
"15.3625","0.500044","0.550095","0.0430418","0.577152","0.620769","8.56646","1.71131e-15","3.10923","3.068","3.93645","6.68855","0","0","0","0","0","0","0","0"
"15.3659","0.500044","0.550095","0.0430338","0.577007","0.62054","8.57651","1.71083e-15","3.11402","3.07134","3.89711","6.68482","0","0","0","0","0","0","0","0"
"15.3692","0.500044","0.550095","0.043027","0.578019","0.621721","8.54618","1.71168e-15","3.12079","3.07271","3.91164","6.68296","0","0","0","0","0","0","0","0"
"15.3727","0.500044","0.550095","0.0430168","0.5785","0.622403","8.49563","1.71137e-15","3.12006","3.07146","3.95342","6.67572","0","0","0","0","0","0","0","0"
"15.376","0.500044","0.550133","0.0430054","0.5785","0.622299","8.46228","1.71017e-15","3.11825","3.06949","3.9726","6.66947","0","0","0","0","0","0","0","0"
"15.3794","0.500044","0.550133","0.0429922","0.578688","0.622027","9.20089","1.71023e-15","3.11383","3.06638","6.23939","6.65444","0","0","0","0","0","0","0","0"
"15.3828","0.500044","0.550133","0.0429808","0.580337","0.622416","9.45767","1.71185e-15","3.11739","3.0621","5.98342","6.69101","0","0","0","0","0","0","0","0"
"15.3862","0.500044","0.550133","0.0429675","0.580519","0.623017","9.44992","1.71046e-15","3.11287","3.05319","5.94404","6.67985","0","0","0","0","0","0","0","0"
"15.3897","0.500044","0.550133","0.0429606","0.5807","0.623226","9.40222","1.70944e-15","3.10977","3.04859","5.99782","6.66642","0","0","0","0","0","0","0","0"
"15.3929","0.500044","0.550218","0.0429576","0.581939","0.624418","9.36767","1.71128e-15","3.10068","3.04116","6.01158","6.69184","0","0","0","0","0","0","0","0"
"15.3963","0.500044","0.550218","0.0429551","0.581988","0.624426","9.34076","1.71122e-15","3.09937","3.04256","6.01607","6.68421","0","0","0","0","0","0","0","0"
"15.401","0.500044","0.550218","0.0429513","0.581347","0.624338","9.32696","1.71138e-15","3.09691","3.03688","5.96347","6.68625","0","0","0","0","0","0","0","0"
"15.4054","0.500044","0.550218","0.0429474","0.582171","0.624459","9.33408","1.71216e-15","3.09694","3.03276","5.87082","6.68109","0","0","0","0","0","0","0","0"
"15.4088","0.500044","0.550507","0.0429445","0.582178","0.624371","9.28847","1.70975e-15","3.09585","3.03205","5.92073","6.66676","0","0","0","0","0","0","0","0"
"15.4122","0.500044","0.550507","0.0429412","0.582304","0.624754","9.23634","1.71124e-15","3.0919","3.03164","5.97691","6.6554","0","0","0","0","0","0","0","0"
"15.4156","0.500044","0.550507","0.0429383","0.582024","0.624076","9.18802","1.71134e-15","3.08655","3.03363","6.03524","6.66051","0","0","0","0","0","0","0","0"
"15.419","0.500044","0.550507","0.042935","0.581984","0.624027","9.14143","1.70977e-15","3.09088","3.03528","6.07978","6.65218","0","0","0","0","0","0","0","0"
"15.4225","0.500044","0.550507","0.0429314","0.581117","0.623212","9.09294","1.71074e-15","3.09411","3.03632","6.14089","6.64945","0","0","0","0","0","0","0","0"
"15.4258","0.500044","0.550785","0.0429255","0.580829","0.623129","9.04494","1.70989e-15","3.09234","3.03198","6.19129","6.66193","0","0","0","0","0","0","0","0"
"15.4291","0.500044","0.550785","0.0429205","0.580093","0.622807","8.99657","1.70907e-15","3.09187","3.02813","6.2546","6.64427","0","0","0","0","0","0","0","0"
"15.4325","0.500044","0.550785","0.0429146","0.581013","0.623441","8.94349","1.71057e-15","3.09212","3.03275","6.32094","6.64893","0","0","0","0","0","0","0","0"
"15.4359","0.500044","0.550785","0.0429096","0.580916","0.623359","8.89841","1.71046e-15","3.08956","3.02893","6.37788","6.66463","0","0","0","0","0","0","0","0"
"15.4394","0.500044","0.550785","0.0429057","0.581093","0.623802","8.84977","1.70781e-15","3.09171","3.03208","6.43471","6.64515","0","0","0","0","0","0","0","0"
"15.4427","0.500044","0.550814","0.0429048","0.581313","0.624207","8.80656","1.70997e-15","3.09073","3.03353","6.4887","6.66033","0","0","0","0","0","0","0","0"
"15.4462","0.500044","0.550814","0.0429037","0.580782","0.623971","8.76164","1.71038e-15","3.08873","3.03272","6.53729","6.66966","0","0","0","0","0","0","0","0"
"15.4494","0.500044","0.550814","0.0429028","0.580566","0.623683","8.71513","1.70901e-15","3.08801","3.03379","6.60307","6.65097","0","0","0","0","0","0","0","0"
"15.4528","0.500044","0.550814","0.0429017","0.580495","0.624124","8.67354","1.71025e-15","3.08278","3.03133","6.64415","6.66794","0","0","0","0","0","0","0","0"
"15.4564","0.500044","0.550814","0.0429003","0.580207","0.624155","8.62683","1.70979e-15","3.08303","3.03518","6.71307","6.65492","0","0","0","0","0","0","0","0"
"15.4596","0.500044","0.550698","0.0428982","0.58007","0.623571","8.60596","1.70812e-15","3.08477","3.03852","6.70587","6.63507","0","0","0","0","0","0","0","0"
"15.4632","0.500044","0.550698","0.0428964","0.580547","0.624565","8.59404","1.70919e-15","3.10433","3.04033","6.67984","6.64307","0","0","0","0","0","0","0","0"
"15.4664","0.500044","0.550698","0.0428943","0.580997","0.625054","8.54172","1.71035e-15","3.104","3.04118","6.75565","6.65146","0","0","0","0","0","0","0","0"
"15.4698","0.500044","0.550698","0.0428926","0.58056","0.624645","8.50294","1.70856e-15","3.10253","3.03923","6.80323","6.63525","0","0","0","0","0","0","0","0"
"15.4733","0.500044","0.550698","0.0428942","0.580229","0.624759","8.46981","1.70889e-15","3.10229","3.0372","6.82282","6.62081","0","0","0","0","0","0","0","0"
"15.4766","0.500044","0.550852","0.0428979","0.580103","0.624456","8.45761","1.70969e-15","3.10065","3.04243","6.79227","6.62802","0","0","0","0","0","0","0","0"
"15.4799","0.500044","0.550852","0.0429023","0.579717","0.623791","8.42266","1.70804e-15","3.0981","3.04245","6.81973","6.61169","0","0","0","0","0","0","0","0"
"15.4842","0.500044","0.550852","0.0429073","0.579596","0.623967","8.36769","1.71087e-15","3.09544","3.03921","6.89681","6.62142","0","0","0","0","0","0","0","0"
"15.4888","0.500044","0.550852","0.0429143","0.580015","0.623846","8.3068","1.71021e-15","3.09125","3.0408","6.98278","6.6194","0","0","0","0","0","0","0","0"
"15.4923","0.500044","0.550966","0.0429236","0.579914","0.623882","8.26124","1.71196e-15","3.09478","3.04162","7.04521","6.61677","0","0","0","0","0","0","0","0"
"15.4957","0.500044","0.550966","0.0429316","0.580134","0.623879","8.22169","1.71318e-15","3.09643","3.03787","7.10173","6.64896","0","0","0","0","0","0","0","0"
"15.4991","0.500044","0.550966","0.0429409","0.579536","0.623595","8.18314","1.71232e-15","3.09708","3.03576","7.14373","6.62434","0","0","0","0","0","0","0","0"
"15.5025","0.500044","0.550966","0.0429488","0.579324","0.623687","8.14051","1.7142e-15","3.0947","3.03781","7.21279","6.6278","0","0","0","0","0","0","0","0"
"15.5059","0.500044","0.550966","0.0429535","0.579884","0.624237","8.10451","1.71328e-15","3.0979","3.03563","7.24841","6.63619","0","0","0","0","0","0","0","0"
"15.5092","0.500044","0.550949","0.0429523","0.579625","0.623857","8.07555","1.71248e-15","3.09853","3.0316","7.27296","6.62143","0","0","0","0","0","0","0","0"
"15.5126","0.500044","0.550949","0.0429508","0.580013","0.623632","8.06877","1.71451e-15","3.10449","3.03101","7.219","6.65199","0","0","0","0","0","0","0","0"
"15.516","0.500044","0.550949","0.0429495","0.579395","0.622977","8.05607","1.71396e-15","3.10445","3.03209","7.19191","6.63679","0","0","0","0","0","0","0","0"
"15.5194","0.500044","0.550949","0.042948","0.578197","0.621631","8.01536","1.71476e-15","3.10513","3.03471","7.24459","6.6499","0","0","0","0","0","0","0","0"
"15.5229","0.500044","0.550949","0.0429473","0.577592","0.621151","7.98761","1.71376e-15","3.1071","3.03327","7.26636","6.64999","0","0","0","0","0","0","0","0"
"15.5261","0.500044","0.550899","0.0429471","0.577665","0.621339","7.93958","1.71289e-15","3.10649","3.03137","7.3467","6.63515","0","0","0","0","0","0","0","0"
"15.5296","0.500044","0.550899","0.0429469","0.578654","0.622145","7.90105","1.71425e-15","3.10349","3.02984","7.40736","6.65909","0","0","0","0","0","0","0","0"
"15.533","0.500044","0.550899","0.0429467","0.578779","0.622392","7.85622","1.71277e-15","3.10638","3.02465","7.47937","6.64785","0","0","0","0","0","0","0","0"
"15.5364","0.500044","0.550899","0.0429466","0.57871","0.62233","7.82081","1.71396e-15","3.11067","3.02292","7.53164","6.65653","0","0","0","0","0","0","0","0"
"15.5399","0.500044","0.550899","0.0429457","0.57822","0.621971","7.8546","1.71239e-15","3.11552","3.03061","7.36087","6.65595","0","0","0","0","0","0","0","0"
"15.5432","0.500044","0.550765","0.0429445","0.578047","0.621755","7.83674","1.71298e-15","3.11142","3.02583","7.35202","6.66113","0","0","0","0","0","0","0","0"
"15.5466","0.500044","0.550765","0.042943","0.577346","0.620905","7.79035","1.71392e-15","3.11312","3.02495","7.43051","6.69979","0","0","0","0","0","0","0","0"
"15.5499","0.500044","0.550765","0.0429418","0.578584","0.622139","7.95413","1.71208e-15","3.12987","3.03499","7.54129","6.68032","0","0","0","0","0","0","0","0"
"15.5533","0.500044","0.550765","0.0429404","0.578902","0.622106","8.19121","1.71417e-15","3.1328","3.0312","7.10485","6.70595","0","0","0","0","0","0","0","0"
"15.5568","0.500044","0.550765","0.0429405","0.578335","0.621791","8.17024","1.71321e-15","3.13499","3.03133","7.10357","6.70055","0","0","0","0","0","0","0","0"
"15.5601","0.500044","0.550575","0.0429415","0.578393","0.621654","8.35652","1.71361e-15","3.13595","3.0329","6.8003","6.69226","0","0","0","0","0","0","0","0"
"15.5635","0.500044","0.550575","0.0429423","0.577219","0.620744","8.34118","1.71558e-15","3.13825","3.03376","6.78368","6.72175","0","0","0","0","0","0","0","0"
"15.5677","0.500044","0.550575","0.0429434","0.576974","0.620548","8.30954","1.71388e-15","3.14101","3.03247","6.79383","6.70556","0","0","0","0","0","0","0","0"
"15.5721","0.500044","0.550575","0.0429457","0.576725","0.620409","8.25489","1.71457e-15","3.14383","3.02888","6.86011","6.70964","0","0","0","0","0","0","0","0"
"15.5752","0.500044","0.550613","0.0429494","0.576351","0.620402","8.26668","1.71247e-15","3.14275","3.02968","6.76481","6.70158","0","0","0","0","0","0","0","0"
"15.5786","0.500044","0.550613","0.0429531","0.576089","0.6198","8.32615","1.713e-15","3.13823","3.02724","6.55939","6.70413","0","0","0","0","0","0","0","0"
"15.582","0.500044","0.550613","0.0429575","0.576169","0.619993","8.40282","1.71379e-15","3.13776","3.02939","6.3203","6.69722","0","0","0","0","0","0","0","0"
"15.5854","0.500044","0.550613","0.0429612","0.576117","0.619774","8.45053","1.71284e-15","3.13315","3.02715","6.15609","6.67238","0","0","0","0","0","0","0","0"
"15.5889","0.500044","0.550613","0.042962","0.576787","0.620396","8.47485","1.71367e-15","3.12517","3.03166","6.03816","6.64338","0","0","0","0","0","0","0","0"
"15.5922","0.500044","0.550485","0.0429547","0.57629","0.619858","8.49163","1.71394e-15","3.12545","3.03145","5.94517","6.65498","0","0","0","0","0","0","0","0"
"15.5955","0.500044","0.550485","0.0429463","0.576678","0.620027","8.45974","1.71162e-15","3.12207","3.02183","5.96097","6.64728","0","0","0","0","0","0","0","0"
"15.5989","0.500044","0.550485","0.042939","0.576285","0.619527","8.41862","1.71318e-15","3.12229","3.02004","6.01049","6.6667","0","0","0","0","0","0","0","0"
"15.6023","0.500044","0.550485","0.0429305","0.576615","0.619285","8.43364","1.71267e-15","3.11649","3.01789","5.92038","6.66025","0","0","0","0","0","0","0","0"
"15.6058","0.500044","0.550485","0.0429224","0.576385","0.618991","8.39511","1.71188e-15","3.11547","3.01424","5.96314","6.64385","0","0","0","0","0","0","0","0"
"15.6093","0.500044","0.550301","0.0429107","0.575567","0.618038","8.34291","1.71306e-15","3.11425","3.01776","6.03391","6.66123","0","0","0","0","0","0","0","0"
"15.6127","0.500044","0.550301","0.042899","0.576476","0.619392","8.29717","1.71242e-15","3.12976","3.02387","6.08807","6.63937","0","0","0","0","0","0","0","0"
"15.6161","0.500044","0.550301","0.042889","0.577368","0.619794","8.25472","1.71363e-15","3.13093","3.01975","6.14486","6.65429","0","0","0","0","0","0","0","0"
"15.6194","0.500044","0.550301","0.0428773","0.577053","0.61972","8.2093","1.71398e-15","3.13108","3.02541","6.20054","6.67037","0","0","0","0","0","0","0","0"
"15.6229","0.500044","0.550301","0.0428698","0.576551","0.619635","8.18101","1.71125e-15","3.13278","3.02248","6.21866","6.65765","0","0","0","0","0","0","0","0"
"15.6262","0.500044","0.550283","0.0428639","0.576023","0.619007","8.15432","1.71267e-15","3.13418","3.02274","6.22374","6.66904","0","0","0","0","0","0","0","0"
"15.6296","0.500044","0.550283","0.042859","0.575833","0.61865","8.11414","1.71295e-15","3.12872","3.02031","6.27705","6.66104","0","0","0","0","0","0","0","0"
"15.633","0.500044","0.550283","0.0428531","0.576623","0.619601","8.07545","1.71142e-15","3.12978","3.03017","6.31609","6.64561","0","0","0","0","0","0","0","0"
"15.6363","0.500044","0.550283","0.0428481","0.576649","0.619942","8.06402","1.71308e-15","3.12766","3.02964","6.29006","6.65902","0","0","0","0","0","0","0","0"
"15.6399","0.500044","0.550283","0.0428456","0.576342","0.619504","8.02477","1.71261e-15","3.12661","3.02853","6.33187","6.66191","0","0","0","0","0","0","0","0"
"15.6432","0.500044","0.550282","0.0428456","0.575734","0.619344","7.98312","1.71072e-15","3.12489","3.02647","6.39266","6.6456","0","0","0","0","0","0","0","0"
"15.6466","0.500044","0.550282","0.0428456","0.575697","0.619282","8.00554","1.7128e-15","3.121","3.02175","6.32735","6.64061","0","0","0","0","0","0","0","0"
"15.651","0.500044","0.550282","0.0428456","0.575831","0.619458","8.05991","1.71237e-15","3.11819","3.01675","6.14702","6.64053","0","0","0","0","0","0","0","0"
"15.6554","0.500044","0.550282","0.0428463","0.575291","0.619265","7.99684","1.71025e-15","3.11316","3.01062","6.237","6.63357","0","0","0","0","0","0","0","0"
"15.6588","0.500044","0.550355","0.0428486","0.575507","0.619502","7.96934","1.7102e-15","3.10999","3.01352","6.25519","6.65309","0","0","0","0","0","0","0","0"
"15.6622","0.500044","0.550355","0.0428514","0.575797","0.620068","7.96989","1.70913e-15","3.10805","3.01604","6.18918","6.64767","0","0","0","0","0","0","0","0"
"15.6656","0.500044","0.550355","0.0428537","0.575091","0.619457","7.95406","1.70788e-15","3.10944","3.01721","6.1741","6.63147","0","0","0","0","0","0","0","0"
"15.6689","0.500044","0.550355","0.0428564","0.575557","0.619887","7.93707","1.71022e-15","3.10419","3.01441","6.1546","6.63612","0","0","0","0","0","0","0","0"
"15.6724","0.500044","0.550355","0.0428606","0.575774","0.62019","7.91963","1.71037e-15","3.10223","3.01543","6.15046","6.64429","0","0","0","0","0","0","0","0"
"15.6758","0.500044","0.550366","0.0428698","0.575614","0.619657","7.91693","1.70852e-15","3.10299","3.015","6.09936","6.62365","0","0","0","0","0","0","0","0"
"15.6791","0.500044","0.550366","0.0428778","0.574701","0.618636","7.87534","1.71035e-15","3.10442","3.01719","6.15943","6.62109","0","0","0","0","0","0","0","0"
"15.6825","0.500044","0.550366","0.0428871","0.574965","0.618825","7.83584","1.71111e-15","3.11028","3.02391","6.20361","6.6304","0","0","0","0","0","0","0","0"
"15.686","0.500044","0.550366","0.0428963","0.57513","0.619218","7.82089","1.70971e-15","3.1127","3.02499","6.18265","6.61503","0","0","0","0","0","0","0","0"
"15.6895","0.500044","0.550366","0.0429026","0.574476","0.618567","7.79821","1.70858e-15","3.11497","3.02886","6.18954","6.60388","0","0","0","0","0","0","0","0"
"15.6928","0.500044","0.550416","0.0429081","0.57476","0.618632","7.74954","1.7097e-15","3.10928","3.026","6.26353","6.61931","0","0","0","0","0","0","0","0"
"15.6962","0.500044","0.550416","0.0429128","0.575914","0.619649","7.71755","1.70787e-15","3.11038","3.03414","6.2985","6.59925","0","0","0","0","0","0","0","0"
"15.6996","0.500044","0.550416","0.0429183","0.575817","0.619583","7.67368","1.70924e-15","3.10892","3.03085","6.36008","6.60664","0","0","0","0","0","0","0","0"
"15.7029","0.500044","0.550416","0.042923","0.575516","0.619136","7.63346","1.7104e-15","3.10814","3.02685","6.42244","6.61132","0","0","0","0","0","0","0","0"
"15.7064","0.500044","0.550416","0.0429253","0.575092","0.618367","7.59792","1.70881e-15","3.10691","3.02794","6.47069","6.60267","0","0","0","0","0","0","0","0"
"15.7097","0.500044","0.550333","0.0429252","0.575414","0.619116","7.62437","1.70886e-15","3.10948","3.02714","6.37605","6.5978","0","0","0","0","0","0","0","0"
"15.7131","0.500044","0.550333","0.0429252","0.576343","0.619274","7.6745","1.7106e-15","3.10875","3.02382","6.19163","6.62191","0","0","0","0","0","0","0","0"
"15.7165","0.500044","0.550333","0.0429251","0.576342","0.619308","7.64549","1.70919e-15","3.10618","3.02434","6.2181","6.60827","0","0","0","0","0","0","0","0"
"15.7199","0.500044","0.550333","0.0429251","0.575471","0.618992","7.60468","1.70832e-15","3.10786","3.02322","6.28143","6.60367","0","0","0","0","0","0","0","0"
"15.7233","0.500044","0.550333","0.0429248","0.575677","0.618811","7.58702","1.708e-15","3.10173","3.01872","6.26474","6.60405","0","0","0","0","0","0","0","0"
"15.7269","0.500044","0.550326","0.0429244","0.576088","0.619162","7.5961","1.70731e-15","3.09931","3.01701","6.17539","6.59889","0","0","0","0","0","0","0","0"
"15.7303","0.500044","0.550326","0.0429241","0.575453","0.618654","7.60186","1.70617e-15","3.10126","3.01834","6.10419","6.59181","0","0","0","0","0","0","0","0"
"15.7345","0.500044","0.550326","0.0429237","0.57533","0.618495","7.63885","1.70835e-15","3.09885","3.01468","5.94234","6.62004","0","0","0","0","0","0","0","0"
"15.7387","0.500044","0.550326","0.0429233","0.575449","0.618628","7.65006","1.70524e-15","3.09713","3.02193","5.83356","6.60803","0","0","0","0","0","0","0","0"
"15.7419","0.500044","0.550432","0.0429231","0.575205","0.618249","7.64111","1.70577e-15","3.09858","3.02173","5.8046","6.60312","0","0","0","0","0","0","0","0"
"15.7453","0.500044","0.550432","0.042923","0.574771","0.617705","7.63826","1.70814e-15","3.09442","3.01967","5.7585","6.6285","0","0","0","0","0","0","0","0"
"15.7486","0.500044","0.550432","0.0429229","0.57518","0.61806","7.61735","1.70686e-15","3.09228","3.02279","5.7511","6.63436","0","0","0","0","0","0","0","0"
"15.7521","0.500044","0.550432","0.0429227","0.575004","0.618285","7.59045","1.70566e-15","3.09254","3.02157","5.77104","6.61916","0","0","0","0","0","0","0","0"
"15.7555","0.500044","0.550432","0.0429232","0.575685","0.619361","7.81596","1.70728e-15","3.09422","3.02077","5.48037","6.6179","0","0","0","0","0","0","0","0"
"15.7588","0.500044","0.55043","0.042925","0.575337","0.618966","7.84354","1.70606e-15","3.09406","3.01778","5.38372","6.61084","0","0","0","0","0","0","0","0"
"15.7622","0.500044","0.55043","0.042927","0.574442","0.61847","7.79954","1.70634e-15","3.09512","3.0166","5.43496","6.5995","0","0","0","0","0","0","0","0"
"15.7657","0.500044","0.55043","0.0429288","0.574779","0.619029","7.77053","1.70902e-15","3.10139","3.01419","5.45694","6.63006","0","0","0","0","0","0","0","0"
"15.7691","0.500044","0.55043","0.0429309","0.574615","0.618681","7.76492","1.70829e-15","3.10607","3.01166","5.41494","6.61158","0","0","0","0","0","0","0","0"
"15.7725","0.500044","0.55043","0.0429335","0.575162","0.619026","7.72931","1.70706e-15","3.10663","3.01165","5.45464","6.591","0","0","0","0","0","0","0","0"
"15.7758","0.500044","0.550381","0.0429385","0.57598","0.620053","7.7099","1.70739e-15","3.10695","3.00274","5.44779","6.59102","0","0","0","0","0","0","0","0"
"15.7792","0.500044","0.550381","0.0429428","0.575121","0.619579","7.66861","1.70559e-15","3.10792","3.00153","5.50367","6.5835","0","0","0","0","0","0","0","0"
"15.7825","0.500044","0.550381","0.0429478","0.574834","0.61909","7.63928","1.70572e-15","3.10441","3.00104","5.5192","6.56524","0","0","0","0","0","0","0","0"
"15.7861","0.500044","0.550381","0.0429521","0.57467","0.618991","7.62496","1.70728e-15","3.10222","2.99773","5.50481","6.58843","0","0","0","0","0","0","0","0"
"15.7894","0.500044","0.550381","0.0429565","0.573896","0.61841","7.57904","1.70576e-15","3.10415","2.99663","5.56584","6.59569","0","0","0","0","0","0","0","0"
"15.7927","0.500044","0.550461","0.0429596","0.573782","0.618039","7.55354","1.70612e-15","3.09729","2.99126","5.58049","6.5943","0","0","0","0","0","0","0","0"
"15.7961","0.500044","0.550461","0.0429632","0.574091","0.618386","7.63088","1.70782e-15","3.10106","3.00223","5.60603","6.60345","0","0","0","0","0","0","0","0"
"15.7995","0.500044","0.550461","0.0429662","0.574544","0.619512","7.76671","1.7061e-15","3.09772","3.00112","5.39687","6.5937","0","0","0","0","0","0","0","0"
"15.8029","0.500044","0.550461","0.0429698","0.573706","0.619206","7.80083","1.70825e-15","3.10057","3.00915","5.28896","6.61232","0","0","0","0","0","0","0","0"
"15.8064","0.500044","0.550461","0.0429742","0.57245","0.618028","7.75942","1.70764e-15","3.10523","3.01257","5.34221","6.61057","0","0","0","0","0","0","0","0"
"15.8096","0.500044","0.550516","0.0429807","0.572999","0.618717","7.72621","1.70579e-15","3.1067","3.01735","5.3658","6.60178","0","0","0","0","0","0","0","0"
"15.8131","0.500044","0.550516","0.0429872","0.572636","0.618441","7.69701","1.70848e-15","3.10464","3.02245","5.37975","6.62542","0","0","0","0","0","0","0","0"
"15.8178","0.500044","0.550516","0.0429957","0.572678","0.618693","7.71705","1.70706e-15","3.10485","3.0246","5.29662","6.60753","0","0","0","0","0","0","0","0"
"15.8221","0.500044","0.550516","0.043002","0.572743","0.618407","7.72189","1.70824e-15","3.10216","3.02081","5.23255","6.61644","0","0","0","0","0","0","0","0"
"15.8253","0.500044","0.550406","0.0430042","0.572225","0.617801","7.68256","1.70643e-15","3.10382","3.02051","5.28079","6.61662","0","0","0","0","0","0","0","0"
"15.8289","0.500044","0.550406","0.0430068","0.57234","0.617888","7.64331","1.7055e-15","3.0966","3.01536","5.32089","6.60281","0","0","0","0","0","0","0","0"
"15.8321","0.500044","0.550406","0.0430091","0.572375","0.617909","7.61917","1.70722e-15","3.09577","3.01884","5.33118","6.62911","0","0","0","0","0","0","0","0"
"15.8355","0.500044","0.550406","0.0430116","0.572103","0.617463","7.58681","1.70635e-15","3.09398","3.01755","5.35507","6.63728","0","0","0","0","0","0","0","0"
"15.839","0.500044","0.550406","0.0430133","0.572229","0.617382","7.56514","1.70504e-15","3.0936","3.01255","5.36003","6.61593","0","0","0","0","0","0","0","0"
"15.8423","0.500044","0.550292","0.043014","0.57225","0.617258","7.54264","1.70682e-15","3.09242","3.00931","5.36043","6.63334","0","0","0","0","0","0","0","0"
"15.8457","0.500044","0.550292","0.0430146","0.57194","0.616997","7.52364","1.70723e-15","3.09037","3.00886","5.35828","6.64895","0","0","0","0","0","0","0","0"
"15.849","0.500044","0.550292","0.0430154","0.571606","0.616826","7.52984","1.70528e-15","3.08928","3.0033","5.28885","6.63288","0","0","0","0","0","0","0","0"
"15.8524","0.500044","0.550292","0.043016","0.570729","0.616037","7.55733","1.70737e-15","3.09122","3.00583","5.18518","6.66813","0","0","0","0","0","0","0","0"
"15.8559","0.500044","0.550292","0.0430184","0.570344","0.615409","7.55424","1.70741e-15","3.0909","3.00334","5.14465","6.67315","0","0","0","0","0","0","0","0"
"15.8592","0.500044","0.550149","0.0430225","0.57019","0.615145","7.53453","1.70534e-15","3.09049","3.00215","5.14409","6.66211","0","0","0","0","0","0","0","0"
"15.8626","0.500044","0.550149","0.0430273","0.569725","0.614713","7.49559","1.70524e-15","3.0885","3.0049","5.18486","6.65533","0","0","0","0","0","0","0","0"
"15.866","0.500044","0.550149","0.0430314","0.570575","0.615185","7.46594","1.70715e-15","3.08713","3.00327","5.21064","6.67865","0","0","0","0","0","0","0","0"
"15.8694","0.500044","0.550149","0.0430362","0.570246","0.614676","7.45584","1.70627e-15","3.09569","3.00371","5.18808","6.68039","0","0","0","0","0","0","0","0"
"15.8729","0.500044","0.550149","0.0430414","0.570728","0.614883","7.4693","1.70533e-15","3.09855","3.00461","5.14209","6.65225","0","0","0","0","0","0","0","0"
"15.8762","0.500044","0.549926","0.0430488","0.572704","0.615804","8.04368","1.70708e-15","3.11276","3.00708","6.0594","6.66","0","0","0","0","0","0","0","0"
"15.8795","0.500044","0.549926","0.0430551","0.572778","0.616103","8.1999","1.7055e-15","3.116","3.01378","5.82037","6.64791","0","0","0","0","0","0","0","0"
"15.8829","0.500044","0.549926","0.0430625","0.573371","0.616599","8.17414","1.70746e-15","3.1144","3.01487","5.82451","6.67069","0","0","0","0","0","0","0","0"
"15.8863","0.500044","0.549926","0.0430688","0.57308","0.615682","8.13531","1.70691e-15","3.11565","3.01666","5.87045","6.66925","0","0","0","0","0","0","0","0"
"15.8898","0.500044","0.549926","0.0430757","0.573856","0.617017","8.13392","1.70484e-15","3.11809","3.02092","5.81785","6.64985","0","0","0","0","0","0","0","0"
"15.8931","0.500044","0.549606","0.0430813","0.574482","0.616926","8.09173","1.70712e-15","3.11281","3.02178","5.87366","6.65292","0","0","0","0","0","0","0","0"
"15.8965","0.500044","0.549606","0.0430878","0.574351","0.617024","8.05065","1.70716e-15","3.10701","3.01787","5.91718","6.65694","0","0","0","0","0","0","0","0"
"15.9012","0.500044","0.549606","0.0430962","0.574071","0.616718","8.02313","1.70744e-15","3.10674","3.01751","5.90751","6.65063","0","0","0","0","0","0","0","0"
"15.9054","0.500044","0.549606","0.0431","0.574026","0.616815","7.97707","1.70905e-15","3.10226","3.01384","5.95708","6.66865","0","0","0","0","0","0","0","0"
"15.9087","0.500044","0.549664","0.0430945","0.574152","0.617207","7.94634","1.707e-15","3.1048","3.0293","5.98427","6.65059","0","0","0","0","0","0","0","0"
"15.9121","0.500044","0.549664","0.0430881","0.573783","0.617105","7.94207","1.70786e-15","3.10301","3.02604","5.93281","6.64963","0","0","0","0","0","0","0","0"
"15.9155","0.500044","0.549664","0.0430826","0.573573","0.616913","7.93461","1.70894e-15","3.10125","3.02518","5.90206","6.66532","0","0","0","0","0","0","0","0"
"15.9189","0.500044","0.549664","0.0430762","0.573845","0.617427","7.91937","1.70767e-15","3.09946","3.02725","5.87893","6.64929","0","0","0","0","0","0","0","0"
"15.9224","0.500044","0.549664","0.0430702","0.573732","0.617103","7.97198","1.70853e-15","3.10153","3.02541","5.72917","6.64449","0","0","0","0","0","0","0","0"
"15.9256","0.500044","0.549868","0.0430622","0.574108","0.617054","7.93912","1.7083e-15","3.09911","3.02334","5.7521","6.64552","0","0","0","0","0","0","0","0"
"15.929","0.500044","0.549868","0.0430554","0.574271","0.617061","7.89848","1.70771e-15","3.09574","3.02251","5.80571","6.63019","0","0","0","0","0","0","0","0"
"15.9324","0.500044","0.549868","0.0430474","0.574466","0.61776","7.8598","1.71043e-15","3.09229","3.01537","5.84562","6.64029","0","0","0","0","0","0","0","0"
"15.9358","0.500044","0.549868","0.0430406","0.574531","0.618012","7.87496","1.71059e-15","3.09071","3.0108","5.76849","6.65009","0","0","0","0","0","0","0","0"
"15.9393","0.500044","0.549868","0.0430322","0.573973","0.617716","7.83054","1.70863e-15","3.09126","3.00869","5.82393","6.62475","0","0","0","0","0","0","0","0"
"15.9426","0.500044","0.549936","0.0430246","0.574491","0.618224","7.82133","1.71043e-15","3.09233","3.00648","5.79926","6.64463","0","0","0","0","0","0","0","0"
"15.9459","0.500044","0.549936","0.0430157","0.575298","0.61879","7.91976","1.70926e-15","3.09015","3.00338","5.68564","6.62782","0","0","0","0","0","0","0","0"
"15.9493","0.500044","0.549936","0.043008","0.57546","0.618716","7.9357","1.71014e-15","3.08453","3.00322","5.6087","6.62323","0","0","0","0","0","0","0","0"
"15.9527","0.500044","0.549936","0.0429991","0.57585","0.61906","7.89111","1.71028e-15","3.08413","3.00333","5.66231","6.61519","0","0","0","0","0","0","0","0"
"15.9562","0.500044","0.549936","0.0429949","0.575861","0.619783","7.88819","1.70831e-15","3.0845","3.01492","5.62","6.60039","0","0","0","0","0","0","0","0"
"15.9595","0.500044","0.550034","0.0429938","0.57531","0.619703","7.90845","1.71084e-15","3.08782","3.01552","5.52166","6.61894","0","0","0","0","0","0","0","0"
"15.9629","0.500044","0.550034","0.0429929","0.57501","0.619607","7.86826","1.71074e-15","3.09331","3.01512","5.57238","6.62801","0","0","0","0","0","0","0","0"
"15.9663","0.500044","0.550034","0.0429919","0.575934","0.620294","8.12186","1.70919e-15","3.09013","3.01139","5.61673","6.61417","0","0","0","0","0","0","0","0"
"15.9697","0.500044","0.550034","0.042991","0.575851","0.620259","8.17892","1.7106e-15","3.08936","3.00823","5.479","6.62566","0","0","0","0","0","0","0","0"
"15.9732","0.500044","0.550034","0.0429938","0.575722","0.620818","8.12986","1.70891e-15","3.08492","3.00522","5.53932","6.61213","0","0","0","0","0","0","0","0"
"15.9903","0.500044","0.550286","0.0430148","0.573606","0.619215","8.64063","1.71056e-15","3.08431","3.01462","5.14279","6.59565","0","0","0","0","0","0","0","0"
"15.9936","0.500044","0.550549","0.0430115","0.573892","0.619608","8.63378","1.71088e-15","3.08677","3.02213","5.11111","6.58324","0","0","0","0","0","0","0","0"
"15.9971","0.500044","0.550549","0.0430081","0.574166","0.619924","8.59787","1.71251e-15","3.08004","3.01718","5.13542","6.58407","0","0","0","0","0","0","0","0"
"16.0005","0.500044","0.550549","0.0430053","0.573898","0.619685","8.59379","1.71085e-15","3.07789","3.01396","5.10413","6.57339","0","0","0","0","0","0","0","0"
"16.0039","0.500044","0.550549","0.0430019","0.574875","0.620333","8.57082","1.7134e-15","3.07875","3.01878","5.10136","6.59617","0","0","0","0","0","0","0","0"
"16.0074","0.500044","0.550549","0.0430053","0.57449","0.619934","8.5408","1.71183e-15","3.07755","3.02186","5.11777","6.58806","0","0","0","0","0","0","0","0"
"16.0107","0.500044","0.550601","0.0430106","0.574978","0.620279","8.57189","1.71179e-15","3.08335","3.02362","5.0121","6.58205","0","0","0","0","0","0","0","0"
"16.014","0.500044","0.550601","0.0430151","0.575061","0.620063","8.65045","1.71382e-15","3.08338","3.02258","4.85863","6.60988","0","0","0","0","0","0","0","0"
"16.0175","0.500044","0.550601","0.0430205","0.574588","0.619736","8.65147","1.71236e-15","3.08186","3.02049","4.82117","6.60816","0","0","0","0","0","0","0","0"
"16.0221","0.500044","0.550601","0.0430282","0.57341","0.618733","8.68787","1.71313e-15","3.08366","3.01982","4.70117","6.61154","0","0","0","0","0","0","0","0"
"16.0255","0.500044","0.550535","0.0430356","0.573536","0.618985","8.70913","1.71142e-15","3.08624","3.02785","4.63573","6.6","0","0","0","0","0","0","0","0"
"16.0291","0.500044","0.550535","0.0430441","0.573289","0.618659","8.72557","1.71184e-15","3.08225","3.0295","4.567","6.58778","0","0","0","0","0","0","0","0"
"16.0322","0.500044","0.550535","0.0430514","0.573107","0.618805","8.70584","1.71406e-15","3.07957","3.02732","4.56327","6.6004","0","0","0","0","0","0","0","0"
"16.0356","0.500044","0.550535","0.04306","0.573236","0.618744","8.65395","1.71199e-15","3.07551","3.02786","4.61284","6.58033","0","0","0","0","0","0","0","0"
"16.039","0.500044","0.550535","0.0430656","0.573734","0.619227","8.63741","1.7131e-15","3.07507","3.02694","4.60572","6.5801","0","0","0","0","0","0","0","0"
"16.0426","0.500044","0.550611","0.0430682","0.574421","0.619751","8.66736","1.71166e-15","3.07758","3.03426","4.52888","6.57255","0","0","0","0","0","0","0","0"
"16.046","0.500044","0.550611","0.0430708","0.575122","0.620573","8.6639","1.71171e-15","3.07482","3.03446","4.49729","6.56489","0","0","0","0","0","0","0","0"
"16.0495","0.500044","0.550611","0.043073","0.575149","0.621235","8.63657","1.71358e-15","3.0713","3.02993","4.50716","6.57927","0","0","0","0","0","0","0","0"
"16.0529","0.500044","0.550611","0.0430756","0.575416","0.622029","8.59199","1.71179e-15","3.07143","3.03892","4.54272","6.57428","0","0","0","0","0","0","0","0"
"16.0564","0.500044","0.550611","0.0430753","0.575526","0.621785","8.55668","1.71084e-15","3.06558","3.03351","4.56777","6.56533","0","0","0","0","0","0","0","0"
"16.0597","0.500044","0.550533","0.0430719","0.575931","0.621929","8.56095","1.70931e-15","3.0622","3.02999","4.51633","6.56089","0","0","0","0","0","0","0","0"
"16.063","0.500044","0.550533","0.0430689","0.576115","0.62172","8.52186","1.71016e-15","3.06157","3.02996","4.54994","6.55315","0","0","0","0","0","0","0","0"
"16.0677","0.500044","0.550533","0.0430645","0.576905","0.622562","8.4891","1.70956e-15","3.06153","3.02624","4.55007","6.55139","0","0","0","0","0","0","0","0"
"16.0721","0.500044","0.550533","0.0430594","0.576484","0.621709","8.45527","1.71121e-15","3.06395","3.02422","4.55239","6.55639","0","0","0","0","0","0","0","0"
"16.0753","0.500044","0.550859","0.0430545","0.576656","0.622116","8.435","1.70969e-15","3.06158","3.03189","4.55137","6.53925","0","0","0","0","0","0","0","0"
"16.0787","0.500044","0.550859","0.0430496","0.577006","0.622414","8.39353","1.711e-15","3.0654","3.03175","4.59031","6.53696","0","0","0","0","0","0","0","0"
"16.0821","0.500044","0.550859","0.0430438","0.578381","0.622961","8.38008","1.71194e-15","3.1442","3.05533","4.57148","6.55535","0","0","0","0","0","0","0","0"
"16.0854","0.500044","0.550859","0.0430389","0.582172","0.625784","9.4003","1.71181e-15","3.24574","3.08989","7.72234","6.54292","0","0","0","0","0","0","0","0"
"16.0889","0.500044","0.550859","0.0430351","0.582921","0.626676","9.61669","1.71343e-15","3.23843","3.08756","7.27984","6.53748","0","0","0","0","0","0","0","0"
"16.0922","0.500044","0.551174","0.0430361","0.582858","0.626738","9.58399","1.71221e-15","3.23457","3.08272","7.30092","6.52662","0","0","0","0","0","0","0","0"
"16.0956","0.500044","0.551174","0.0430373","0.582057","0.626532","9.53719","1.71241e-15","3.23408","3.0792","7.34937","6.52361","0","0","0","0","0","0","0","0"
"16.099","0.500044","0.551174","0.0430383","0.581681","0.626369","9.54079","1.71318e-15","3.22888","3.07827","7.26989","6.54607","0","0","0","0","0","0","0","0"
"16.1024","0.500044","0.551174","0.0430395","0.581506","0.626553","9.51869","1.71145e-15","3.22286","3.07696","7.25307","6.52872","0","0","0","0","0","0","0","0"
"16.1059","0.500044","0.551174","0.0430408","0.581258","0.626551","9.47094","1.71208e-15","3.22185","3.07085","7.3177","6.53807","0","0","0","0","0","0","0","0"
"16.1091","0.500044","0.551446","0.0430429","0.581337","0.626549","9.42192","1.71052e-15","3.21773","3.07166","7.37467","6.54292","0","0","0","0","0","0","0","0"
"16.1126","0.500044","0.551446","0.0430448","0.582217","0.627363","9.39289","1.70944e-15","3.21697","3.06844","7.38794","6.52911","0","0","0","0","0","0","0","0"
"16.1159","0.500044","0.551446","0.0430469","0.582689","0.627329","9.35239","1.71052e-15","3.21017","3.06237","7.42129","6.53931","0","0","0","0","0","0","0","0"
"16.1193","0.500044","0.551446","0.0430487","0.582452","0.627465","9.30456","1.70989e-15","3.20966","3.06947","7.49021","6.54549","0","0","0","0","0","0","0","0"
"16.1228","0.500044","0.551446","0.0430474","0.58227","0.627703","9.25807","1.70792e-15","3.20572","3.06614","7.54309","6.52957","0","0","0","0","0","0","0","0"
"16.1261","0.500044","0.551899","0.0430424","0.582324","0.627448","9.22438","1.70922e-15","3.20637","3.06734","7.57374","6.54522","0","0","0","0","0","0","0","0"
"16.1295","0.500044","0.551899","0.0430365","0.583614","0.628966","9.24146","1.70741e-15","3.20598","3.06752","7.45817","6.52967","0","0","0","0","0","0","0","0"
"16.1329","0.500044","0.551899","0.0430306","0.585028","0.629797","9.23987","1.70945e-15","3.21351","3.07917","7.38525","6.53662","0","0","0","0","0","0","0","0"
"16.1363","0.500044","0.551899","0.0430255","0.584315","0.629108","9.19295","1.70803e-15","3.21147","3.07951","7.4528","6.53408","0","0","0","0","0","0","0","0"
"16.1398","0.500044","0.551899","0.0430167","0.584401","0.629109","9.18145","1.70651e-15","3.21095","3.07873","7.40401","6.51443","0","0","0","0","0","0","0","0"
"16.1431","0.500044","0.55203","0.0430072","0.585626","0.630225","9.22639","1.70761e-15","3.21811","3.08154","7.22346","6.51647","0","0","0","0","0","0","0","0"
"16.1465","0.500044","0.55203","0.0429961","0.586917","0.631139","9.31143","1.70569e-15","3.21256","3.07806","6.95889","6.49762","0","0","0","0","0","0","0","0"
"16.1511","0.500044","0.55203","0.0429818","0.58657","0.630596","9.27382","1.70744e-15","3.20761","3.08005","6.95966","6.51365","0","0","0","0","0","0","0","0"
"16.1554","0.500044","0.55203","0.0429698","0.586638","0.630345","9.22623","1.70461e-15","3.20621","3.07607","7.00236","6.49509","0","0","0","0","0","0","0","0"
"16.1587","0.500044","0.552316","0.0429622","0.587013","0.63058","9.18682","1.70633e-15","3.20855","3.07083","7.04438","6.50895","0","0","0","0","0","0","0","0"
"16.1621","0.500044","0.552316","0.0429534","0.586725","0.630135","9.15159","1.70452e-15","3.21186","3.07128","7.06332","6.49367","0","0","0","0","0","0","0","0"
"16.1655","0.500044","0.552316","0.0429458","0.586449","0.630026","9.11295","1.70465e-15","3.20825","3.06778","7.10437","6.49723","0","0","0","0","0","0","0","0"
"16.1688","0.500044","0.552316","0.042937","0.586428","0.629798","9.06891","1.70554e-15","3.21094","3.0702","7.15049","6.50317","0","0","0","0","0","0","0","0"
"16.1723","0.500044","0.552316","0.0429307","0.586156","0.629444","9.08104","1.70372e-15","3.20844","3.06836","7.06567","6.48659","0","0","0","0","0","0","0","0"
"16.1756","0.500044","0.552699","0.0429264","0.585978","0.629422","9.04733","1.70513e-15","3.2024","3.06517","7.08217","6.51005","0","0","0","0","0","0","0","0"
"16.179","0.500044","0.552699","0.0429227","0.585381","0.628675","9.00094","1.70365e-15","3.20023","3.06588","7.1484","6.50151","0","0","0","0","0","0","0","0"
"16.1824","0.500044","0.552699","0.0429184","0.585256","0.628649","9.01793","1.70344e-15","3.20112","3.06575","7.08966","6.49879","0","0","0","0","0","0","0","0"
"16.1857","0.500044","0.552699","0.0429147","0.584221","0.627888","9.10319","1.70492e-15","3.20528","3.06554","6.84629","6.51866","0","0","0","0","0","0","0","0"
"16.1893","0.500044","0.552699","0.0429109","0.58441","0.62824","9.05842","1.70321e-15","3.2038","3.06286","6.89326","6.50733","0","0","0","0","0","0","0","0"
"16.1925","0.500044","0.552799","0.0429081","0.584738","0.628349","9.01291","1.70357e-15","3.20338","3.06062","6.95489","6.50726","0","0","0","0","0","0","0","0"
"16.1959","0.500044","0.552799","0.0429049","0.584485","0.62825","8.99893","1.70479e-15","3.20221","3.05909","6.91602","6.51564","0","0","0","0","0","0","0","0"
"16.1993","0.500044","0.552799","0.0429021","0.584786","0.628685","9.01622","1.70266e-15","3.20129","3.05356","6.80903","6.50103","0","0","0","0","0","0","0","0"
"16.2027","0.500044","0.552799","0.0428989","0.58411","0.628538","9.07161","1.70458e-15","3.20686","3.0595","6.60703","6.50849","0","0","0","0","0","0","0","0"
"16.2062","0.500044","0.552799","0.042895","0.584199","0.628685","9.13616","1.70364e-15","3.21008","3.05712","6.40769","6.49894","0","0","0","0","0","0","0","0"
"16.2094","0.500044","0.552634","0.0428892","0.583926","0.6287","9.11894","1.70315e-15","3.21268","3.05782","6.39334","6.48575","0","0","0","0","0","0","0","0"
"16.2128","0.500044","0.552634","0.0428842","0.584368","0.629058","9.0741","1.70486e-15","3.20988","3.05911","6.44805","6.49181","0","0","0","0","0","0","0","0"
"16.2162","0.500044","0.552634","0.0428784","0.584385","0.62945","9.02232","1.70391e-15","3.20935","3.05817","6.51139","6.47917","0","0","0","0","0","0","0","0"
"16.2196","0.500044","0.552634","0.0428734","0.584513","0.629261","9.05124","1.70315e-15","3.21345","3.07577","6.40897","6.47078","0","0","0","0","0","0","0","0"
"16.2231","0.500044","0.552634","0.0428686","0.584437","0.629273","9.04159","1.70429e-15","3.20422","3.06912","6.36731","6.47113","0","0","0","0","0","0","0","0"
"16.2264","0.500044","0.552629","0.042865","0.584413","0.628953","8.99291","1.7025e-15","3.20078","3.07033","6.43334","6.45576","0","0","0","0","0","0","0","0"
"16.2298","0.500044","0.552629","0.0428608","0.58388","0.62859","8.9523","1.70424e-15","3.19617","3.06885","6.46716","6.44821","0","0","0","0","0","0","0","0"
"16.2344","0.500044","0.552629","0.0428554","0.584215","0.628723","8.94188","1.70307e-15","3.18652","3.06285","6.42634","6.44709","0","0","0","0","0","0","0","0"
"16.2387","0.500044","0.552629","0.0428552","0.58467","0.628838","8.94245","1.70308e-15","3.18428","3.05262","6.35646","6.42872","0","0","0","0","0","0","0","0"
"16.242","0.500044","0.552869","0.0428651","0.585057","0.629268","8.89744","1.70288e-15","3.18579","3.05329","6.41361","6.45785","0","0","0","0","0","0","0","0"
"16.2454","0.500044","0.552869","0.0428767","0.584279","0.628803","8.87024","1.70045e-15","3.18561","3.04997","6.41237","6.4399","0","0","0","0","0","0","0","0"
"16.2488","0.500044","0.552869","0.0428866","0.584996","0.629605","8.86738","1.70161e-15","3.1818","3.06034","6.36134","6.45164","0","0","0","0","0","0","0","0"
"16.2521","0.500044","0.552869","0.0428982","0.584832","0.629904","8.8181","1.70236e-15","3.18293","3.05455","6.42046","6.47009","0","0","0","0","0","0","0","0"
"16.2556","0.500044","0.552869","0.0429087","0.584961","0.62968","8.782","1.70035e-15","3.17927","3.05395","6.45473","6.45231","0","0","0","0","0","0","0","0"
"16.2589","0.500044","0.553073","0.0429221","0.584723","0.629956","8.72951","1.7013e-15","3.17496","3.04934","6.52525","6.44566","0","0","0","0","0","0","0","0"
"16.2623","0.500044","0.553073","0.0429337","0.584808","0.630227","8.74634","1.70147e-15","3.17596","3.04719","6.44454","6.43889","0","0","0","0","0","0","0","0"
"16.2657","0.500044","0.553073","0.0429472","0.584512","0.630026","8.72263","1.70077e-15","3.17477","3.04391","6.4376","6.42274","0","0","0","0","0","0","0","0"
"16.2692","0.500044","0.553073","0.0429587","0.584914","0.630323","8.67809","1.70313e-15","3.17163","3.03949","6.49728","6.44518","0","0","0","0","0","0","0","0"
"16.2736","0.500044","0.553073","0.0429658","0.58469","0.630309","8.65588","1.70139e-15","3.16828","3.03666","6.48485","6.42531","0","0","0","0","0","0","0","0"
"16.2772","0.500044","0.553239","0.0429638","0.584383","0.630433","8.91899","1.70354e-15","3.16535","3.03663","6.0953","6.41864","0","0","0","0","0","0","0","0"
"16.2809","0.500044","0.553239","0.0429623","0.584375","0.630876","8.88634","1.70259e-15","3.16315","3.04106","6.10917","6.41918","0","0","0","0","0","0","0","0"
"16.2846","0.500044","0.553239","0.0429608","0.583995","0.630855","8.84121","1.70318e-15","3.16139","3.03972","6.15449","6.41136","0","0","0","0","0","0","0","0"
"16.2887","0.500044","0.553239","0.0429596","0.582964","0.629838","8.83104","1.70341e-15","3.16611","3.04485","6.10372","6.44224","0","0","0","0","0","0","0","0"
"16.2924","0.500044","0.553469","0.0429598","0.583875","0.630715","8.80046","1.70315e-15","3.16224","3.03914","6.11296","6.43539","0","0","0","0","0","0","0","0"
"16.2962","0.500044","0.553469","0.04296","0.584116","0.631502","8.76548","1.70489e-15","3.16402","3.03176","6.13392","6.45891","0","0","0","0","0","0","0","0"
"16.2997","0.500044","0.553469","0.0429602","0.584377","0.631466","8.71415","1.70371e-15","3.16644","3.02935","6.1981","6.4503","0","0","0","0","0","0","0","0"
"16.3035","0.500044","0.553469","0.0429604","0.584583","0.631651","8.72487","1.70573e-15","3.16176","3.025","6.11531","6.45587","0","0","0","0","0","0","0","0"
"16.3071","0.500044","0.553469","0.0429611","0.584003","0.631217","8.69114","1.70442e-15","3.16193","3.02458","6.13406","6.44969","0","0","0","0","0","0","0","0"
"16.3105","0.500044","0.553589","0.042962","0.583849","0.631191","8.6412","1.70447e-15","3.15949","3.02864","6.19553","6.434","0","0","0","0","0","0","0","0"
"16.3139","0.500044","0.553589","0.0429628","0.584242","0.630972","8.61247","1.70476e-15","3.15712","3.02683","6.21046","6.43485","0","0","0","0","0","0","0","0"
"16.3173","0.500044","0.553589","0.0429637","0.583944","0.630551","8.58814","1.70364e-15","3.15687","3.02717","6.20418","6.42343","0","0","0","0","0","0","0","0"
"16.3207","0.500044","0.553589","0.0429645","0.583952","0.630839","8.58918","1.70532e-15","3.15281","3.02847","6.14458","6.44321","0","0","0","0","0","0","0","0"
"16.3241","0.500044","0.553589","0.0429619","0.583871","0.630335","8.61589","1.70298e-15","3.154","3.03163","6.02019","6.42374","0","0","0","0","0","0","0","0"
"16.3274","0.500044","0.553692","0.0429592","0.58357","0.629953","8.63572","1.70334e-15","3.15172","3.02904","5.92144","6.42541","0","0","0","0","0","0","0","0"
"16.3308","0.500044","0.553692","0.0429561","0.584192","0.630494","8.60337","1.70349e-15","3.14991","3.03257","5.94084","6.42088","0","0","0","0","0","0","0","0"
"16.3342","0.500044","0.553692","0.0429534","0.584082","0.630731","8.56606","1.7028e-15","3.14891","3.04088","5.97814","6.41159","0","0","0","0","0","0","0","0"
"16.3388","0.500044","0.553692","0.0429495","0.583438","0.630123","8.54406","1.7027e-15","3.14619","3.03671","5.94897","6.42221","0","0","0","0","0","0","0","0"
"16.342","0.500044","0.553734","0.0429471","0.583552","0.629916","8.54689","1.70079e-15","3.14327","3.03339","5.88835","6.40624","0","0","0","0","0","0","0","0"
"16.3454","0.500044","0.553734","0.0429444","0.583473","0.630083","8.54901","1.70285e-15","3.13864","3.03291","5.82095","6.41185","0","0","0","0","0","0","0","0"
"16.3488","0.500044","0.553734","0.0429421","0.583694","0.630705","8.53263","1.70193e-15","3.13372","3.02288","5.80877","6.40848","0","0","0","0","0","0","0","0"
"16.3522","0.500044","0.553734","0.0429394","0.584517","0.631273","8.61442","1.70133e-15","3.135","3.03107","5.64677","6.38268","0","0","0","0","0","0","0","0"
"16.3556","0.500044","0.553734","0.0429376","0.584457","0.630939","8.88635","1.70194e-15","3.13379","3.0283","5.455","6.3796","0","0","0","0","0","0","0","0"
"16.3589","0.500044","0.553731","0.0429369","0.583859","0.630268","8.97111","1.69999e-15","3.13339","3.02769","5.27966","6.37447","0","0","0","0","0","0","0","0"
"16.3623","0.500044","0.553731","0.0429363","0.584057","0.629909","8.93674","1.70041e-15","3.12843","3.02405","5.30397","6.37251","0","0","0","0","0","0","0","0"
"16.3657","0.500044","0.553731","0.0429355","0.583229","0.629173","8.88525","1.70113e-15","3.12889","3.02419","5.35742","6.37679","0","0","0","0","0","0","0","0"
"16.3691","0.500044","0.553731","0.0429349","0.583219","0.628879","8.8417","1.70063e-15","3.12625","3.02792","5.40283","6.35917","0","0","0","0","0","0","0","0"
"16.3726","0.500044","0.553731","0.0429322","0.583757","0.629266","8.79971","1.7009e-15","3.11828","3.02707","5.43604","6.35811","0","0","0","0","0","0","0","0"
"16.3759","0.500044","0.553812","0.0429277","0.58337","0.628797","8.77158","1.69937e-15","3.12014","3.02501","5.44916","6.34706","0","0","0","0","0","0","0","0"
"16.3792","0.500044","0.553812","0.0429225","0.583074","0.62872","8.74021","1.69982e-15","3.11606","3.02367","5.45932","6.35579","0","0","0","0","0","0","0","0"
"16.3827","0.500044","0.553812","0.042918","0.583178","0.628664","8.76938","1.69893e-15","3.11054","3.02434","5.36302","6.36275","0","0","0","0","0","0","0","0"
"16.386","0.500044","0.553812","0.0429127","0.583203","0.628903","8.72085","1.69773e-15","3.10657","3.0233","5.4124","6.35653","0","0","0","0","0","0","0","0"
"16.3895","0.500044","0.553812","0.0429079","0.582951","0.628224","8.68035","1.69716e-15","3.10662","3.02519","5.4528","6.35321","0","0","0","0","0","0","0","0"
"16.3928","0.500044","0.553708","0.0429017","0.58283","0.628252","8.66309","1.6958e-15","3.10549","3.02143","5.43179","6.33482","0","0","0","0","0","0","0","0"
"16.3962","0.500044","0.553708","0.0428964","0.582627","0.62801","8.67219","1.69734e-15","3.10996","3.02383","5.36517","6.34819","0","0","0","0","0","0","0","0"
"16.4006","0.500044","0.553708","0.0428886","0.582241","0.627677","8.6673","1.69694e-15","3.11446","3.02017","5.30401","6.34819","0","0","0","0","0","0","0","0"
"16.404","0.500044","0.553708","0.0428833","0.582326","0.627386","8.65674","1.6965e-15","3.11731","3.01954","5.27749","6.34303","0","0","0","0","0","0","0","0"
"16.4075","0.500044","0.553708","0.0428804","0.581926","0.626925","8.72913","1.6965e-15","3.11583","3.0176","5.16152","6.34784","0","0","0","0","0","0","0","0"
"16.4108","0.500044","0.553514","0.0428783","0.582394","0.627559","8.78121","1.69468e-15","3.11403","3.01947","5.04143","6.34016","0","0","0","0","0","0","0","0"
"16.4141","0.500044","0.553514","0.0428759","0.582773","0.628087","8.84946","1.69587e-15","3.11255","3.01249","4.91614","6.34727","0","0","0","0","0","0","0","0"
"16.4175","0.500044","0.553514","0.0428739","0.58289","0.628312","8.84768","1.69547e-15","3.10708","3.01105","4.8781","6.34397","0","0","0","0","0","0","0","0"
"16.4221","0.500044","0.553514","0.0428722","0.582774","0.628171","8.8048","1.69522e-15","3.11822","3.013","4.89916","6.32852","0","0","0","0","0","0","0","0"
"16.4254","0.500044","0.553436","0.0428744","0.582911","0.628782","8.7782","1.69455e-15","3.12004","3.01523","4.90653","6.32033","0","0","0","0","0","0","0","0"
"16.4287","0.500044","0.553436","0.0428769","0.583005","0.628519","8.72551","1.69332e-15","3.12085","3.0136","4.96063","6.30999","0","0","0","0","0","0","0","0"
"16.4321","0.500044","0.553436","0.0428791","0.582934","0.628497","8.69757","1.6954e-15","3.11988","3.00951","4.97115","6.32589","0","0","0","0","0","0","0","0"
"16.4355","0.500044","0.553436","0.0428816","0.582957","0.628816","8.66656","1.6941e-15","3.11539","3.00152","4.98186","6.32684","0","0","0","0","0","0","0","0"
"16.4391","0.500044","0.553436","0.0428838","0.583475","0.629377","8.62319","1.694e-15","3.11057","3.00447","5.02626","6.30733","0","0","0","0","0","0","0","0"
"16.4423","0.500044","0.553474","0.042886","0.582332","0.62854","8.57536","1.69455e-15","3.11483","3.0062","5.0729","6.31859","0","0","0","0","0","0","0","0"
"16.4457","0.500044","0.553474","0.042888","0.583065","0.62924","8.54575","1.6935e-15","3.10753","3.00091","5.08828","6.30726","0","0","0","0","0","0","0","0"
"16.449","0.500044","0.553474","0.0428903","0.582533","0.628944","8.50175","1.69441e-15","3.10609","2.99645","5.12828","6.29945","0","0","0","0","0","0","0","0"
"16.4524","0.500044","0.553474","0.0428923","0.583246","0.629455","8.47517","1.695e-15","3.10305","2.99548","5.13939","6.30843","0","0","0","0","0","0","0","0"
"16.4559","0.500044","0.553474","0.0428935","0.582863","0.629543","8.42961","1.69232e-15","3.10461","2.9904","5.18429","6.2897","0","0","0","0","0","0","0","0"
"16.4592","0.500044","0.55367","0.0428934","0.583291","0.629845","8.39184","1.69349e-15","3.09996","2.98664","5.21971","6.30716","0","0","0","0","0","0","0","0"
"16.4626","0.500044","0.55367","0.0428932","0.583185","0.629654","8.35656","1.69423e-15","3.10095","2.99277","5.24139","6.30733","0","0","0","0","0","0","0","0"
"16.466","0.500044","0.55367","0.042893","0.583271","0.629874","8.31268","1.69513e-15","3.10099","2.98939","5.29299","6.29906","0","0","0","0","0","0","0","0"
"16.4694","0.500044","0.55367","0.0428928","0.583098","0.629583","8.26827","1.69607e-15","3.10101","2.98916","5.33799","6.32875","0","0","0","0","0","0","0","0"
"16.4729","0.500044","0.55367","0.0428913","0.583005","0.629181","8.22929","1.69403e-15","3.09849","2.9891","5.37966","6.3132","0","0","0","0","0","0","0","0"
"16.4762","0.500044","0.553802","0.0428882","0.582933","0.628923","8.18131","1.69632e-15","3.09623","2.98803","5.43533","6.35107","0","0","0","0","0","0","0","0"
"16.4795","0.500044","0.553802","0.0428855","0.582535","0.62861","8.14289","1.69661e-15","3.09572","2.98683","5.4771","6.35704","0","0","0","0","0","0","0","0"
"16.4838","0.500044","0.553802","0.0428819","0.581805","0.627885","8.11526","1.69654e-15","3.09281","2.98651","5.47483","6.35424","0","0","0","0","0","0","0","0"
"16.4872","0.500044","0.553802","0.0428788","0.58131","0.627538","8.12221","1.69677e-15","3.09117","2.98586","5.40349","6.37526","0","0","0","0","0","0","0","0"
"16.4906","0.500044","0.553802","0.0428757","0.581003","0.627397","8.11246","1.6951e-15","3.0901","2.98671","5.37688","6.35712","0","0","0","0","0","0","0","0"
"16.4939","0.500044","0.553862","0.0428718","0.580992","0.627339","8.18172","1.69608e-15","3.09452","2.9919","5.21864","6.35404","0","0","0","0","0","0","0","0"
"16.4975","0.500044","0.553862","0.0428681","0.580727","0.627351","8.15095","1.69747e-15","3.09277","2.99052","5.23279","6.37024","0","0","0","0","0","0","0","0"
"16.5009","0.500044","0.553862","0.0428648","0.581067","0.627751","8.10926","1.69561e-15","3.0892","2.9955","5.28145","6.36085","0","0","0","0","0","0","0","0"
"16.5054","0.500044","0.553862","0.0428606","0.581059","0.627405","8.08053","1.69703e-15","3.09119","2.99443","5.2744","6.36887","0","0","0","0","0","0","0","0"
"16.5087","0.500044","0.553659","0.0428595","0.581317","0.627732","8.05158","1.69572e-15","3.08421","2.99225","5.29337","6.36754","0","0","0","0","0","0","0","0"
"16.5123","0.500044","0.553659","0.0428583","0.581286","0.627622","8.00637","1.69569e-15","3.07747","2.99068","5.34373","6.3527","0","0","0","0","0","0","0","0"
"16.5157","0.500044","0.553659","0.042857","0.581232","0.627972","7.95897","1.69785e-15","3.07147","2.98836","5.40101","6.35731","0","0","0","0","0","0","0","0"
"16.519","0.500044","0.553659","0.0428559","0.580841","0.62757","7.92812","1.69579e-15","3.07277","2.99016","5.42552","6.33971","0","0","0","0","0","0","0","0"
"16.5226","0.500044","0.553659","0.0428576","0.58089","0.627471","7.91474","1.69542e-15","3.08058","2.99428","5.39905","6.3134","0","0","0","0","0","0","0","0"
"16.5259","0.500044","0.553501","0.0428623","0.580153","0.627045","7.88501","1.69458e-15","3.08248","2.99487","5.42158","6.3143","0","0","0","0","0","0","0","0"
"16.5292","0.500044","0.553501","0.042867","0.580129","0.627183","7.84323","1.69382e-15","3.07916","2.99272","5.47601","6.30316","0","0","0","0","0","0","0","0"
"16.5326","0.500044","0.553501","0.0428726","0.580064","0.627084","8.06437","1.69538e-15","3.07816","2.9928","5.32107","6.31535","0","0","0","0","0","0","0","0"
"16.5359","0.500044","0.553501","0.0428773","0.580122","0.627247","8.08744","1.69459e-15","3.0743","2.99114","5.23439","6.30839","0","0","0","0","0","0","0","0"
"16.5394","0.500044","0.553501","0.042884","0.579469","0.626365","8.04069","1.69286e-15","3.07398","2.9932","5.28752","6.29456","0","0","0","0","0","0","0","0"
"16.543","0.500044","0.553592","0.0428923","0.579759","0.626802","8.00335","1.6945e-15","3.07205","2.98682","5.31826","6.32664","0","0","0","0","0","0","0","0"
"16.5463","0.500044","0.553592","0.0428994","0.580096","0.627415","8.08971","1.69351e-15","3.06297","2.98404","5.16509","6.30684","0","0","0","0","0","0","0","0"
"16.5527","0.500044","0.553592","0.0429076","0.581299","0.628041","8.08179","1.69537e-15","3.05865","2.97966","5.13712","6.32118","0","0","0","0","0","0","0","0"
"16.5539","0.500044","0.553592","0.0429159","0.580674","0.627828","8.03456","1.69669e-15","3.05916","2.97939","5.19065","6.35657","0","0","0","0","0","0","0","0"
"16.5568","0.500044","0.553592","0.0429201","0.580883","0.627787","8.02819","1.6957e-15","3.06075","2.97734","5.16194","6.34372","0","0","0","0","0","0","0","0"
"16.56","0.500044","0.553532","0.0429233","0.581295","0.628553","7.98381","1.69802e-15","3.05717","2.97193","5.20975","6.36343","0","0","0","0","0","0","0","0"
"16.5634","0.500044","0.553532","0.0429261","0.581188","0.628181","7.95324","1.6982e-15","3.05656","2.97352","5.2326","6.38175","0","0","0","0","0","0","0","0"
"16.5673","0.500044","0.553532","0.0429293","0.581037","0.628196","7.93508","1.69791e-15","3.05473","2.97753","5.2204","6.38062","0","0","0","0","0","0","0","0"
"16.5707","0.500044","0.553532","0.0429326","0.581927","0.629118","7.89155","1.69854e-15","3.05865","2.9846","5.26775","6.38714","0","0","0","0","0","0","0","0"
"16.5742","0.500044","0.553532","0.0429383","0.582113","0.629633","7.85116","1.69666e-15","3.0624","2.99443","5.30857","6.38786","0","0","0","0","0","0","0","0"
"16.5774","0.500044","0.553575","0.0429435","0.583809","0.631344","7.82614","1.6993e-15","3.06154","3.00041","5.32207","6.41496","0","0","0","0","0","0","0","0"
"16.5813","0.500044","0.553575","0.0429497","0.584131","0.631658","7.78343","1.69933e-15","3.05874","3.00344","5.36942","6.44591","0","0","0","0","0","0","0","0"
"16.5842","0.500044","0.553575","0.0429549","0.583965","0.632019","7.74498","1.69799e-15","3.06918","3.03128","5.4157","6.42528","0","0","0","0","0","0","0","0"
"16.5888","0.500044","0.553575","0.04296","0.583912","0.632325","7.72757","1.69934e-15","3.06623","3.02689","5.38485","6.42916","0","0","0","0","0","0","0","0"
"16.592","0.500044","0.553818","0.0429569","0.583979","0.63231","7.71893","1.69768e-15","3.06542","3.03548","5.35716","6.4287","0","0","0","0","0","0","0","0"
"16.5954","0.500044","0.553818","0.0429533","0.583989","0.631967","7.73349","1.6987e-15","3.06216","3.0325","5.27345","6.4411","0","0","0","0","0","0","0","0"
"16.5988","0.500044","0.553818","0.0429502","0.583722","0.632118","7.76067","1.70017e-15","3.06521","3.03292","5.17766","6.46555","0","0","0","0","0","0","0","0"
"16.6022","0.500044","0.553818","0.0429465","0.582933","0.631344","7.78179","1.69928e-15","3.06528","3.032","5.08207","6.48338","0","0","0","0","0","0","0","0"
"16.6056","0.500044","0.553818","0.0429424","0.583284","0.631439","7.78925","1.6984e-15","3.06296","3.03621","5.02483","6.46364","0","0","0","0","0","0","0","0"
"16.6089","0.500044","0.554285","0.0429352","0.582761","0.631344","7.7788","1.6998e-15","3.06434","3.04448","4.99547","6.48934","0","0","0","0","0","0","0","0"
"16.6125","0.500044","0.554285","0.042929","0.58264","0.631267","7.77321","1.70016e-15","3.05984","3.0424","4.96379","6.51432","0","0","0","0","0","0","0","0"
"16.6157","0.500044","0.554285","0.0429218","0.582911","0.631698","7.76177","1.69912e-15","3.05409","3.03895","4.93882","6.49822","0","0","0","0","0","0","0","0"
"16.6191","0.500044","0.554285","0.0429156","0.58292","0.631505","7.75416","1.70026e-15","3.05292","3.0372","4.91116","6.49723","0","0","0","0","0","0","0","0"
"16.6226","0.500044","0.554285","0.0429075","0.582939","0.631725","7.78347","1.70088e-15","3.04765","3.03522","4.8242","6.49056","0","0","0","0","0","0","0","0"
"16.6259","0.500044","0.554489","0.0428996","0.582495","0.631238","7.86127","1.70051e-15","3.04689","3.03145","4.69335","6.49045","0","0","0","0","0","0","0","0"
"16.6292","0.500044","0.554489","0.0428903","0.582398","0.630526","7.86212","1.70129e-15","3.04685","3.03028","4.64962","6.49195","0","0","0","0","0","0","0","0"
"16.6327","0.500044","0.554489","0.0428823","0.583081","0.630858","7.8233","1.70326e-15","3.04991","3.0368","4.68972","6.51099","0","0","0","0","0","0","0","0"
"16.636","0.500044","0.554489","0.042873","0.582847","0.630695","7.7778","1.7023e-15","3.04968","3.04052","4.73788","6.51944","0","0","0","0","0","0","0","0"
"16.642","0.500044","0.554489","0.0428681","0.582734","0.630422","7.75779","1.70121e-15","3.05358","3.05066","4.74281","6.50006","0","0","0","0","0","0","0","0"
"16.6428","0.500044","0.554465","0.042866","0.582803","0.630707","7.79737","1.70447e-15","3.05283","3.04695","4.63701","6.53608","0","0","0","0","0","0","0","0"
"16.6462","0.500044","0.554465","0.0428642","0.582626","0.630566","7.7621","1.70373e-15","3.06155","3.04513","4.66973","6.53032","0","0","0","0","0","0","0","0"
"16.6506","0.500044","0.554465","0.0428614","0.581813","0.629882","7.70153","1.7046e-15","3.06175","3.04457","4.73782","6.52671","0","0","0","0","0","0","0","0"
"16.6541","0.500044","0.554465","0.0428596","0.581722","0.6294","7.75953","1.70507e-15","3.05622","3.04408","4.73966","6.54004","0","0","0","0","0","0","0","0"
"16.6575","0.500044","0.554465","0.0428604","0.581749","0.629431","9.09925","1.70504e-15","3.05304","3.04572","15.1936","6.55696","0","0","0","0","0","0","0","0"
"16.6608","0.500044","0.554427","0.0428614","0.582606","0.629913","9.87934","1.70646e-15","3.06819","3.05744","13.5501","6.55292","0","0","0","0","0","0","0","0"
"16.6643","0.500044","0.554427","0.0428627","0.582465","0.630089","9.98596","1.7076e-15","3.07163","3.0509","12.9409","6.54986","0","0","0","0","0","0","0","0"
"16.6675","0.500044","0.554427","0.0428638","0.581901","0.629296","9.93765","1.70899e-15","3.07814","3.05375","13.047","6.54883","0","0","0","0","0","0","0","0"
"16.6721","0.500044","0.554427","0.0428665","0.582751","0.629918","9.90071","1.70863e-15","3.08533","3.05673","13.0281","6.54281","0","0","0","0","0","0","0","0"
"16.6754","0.500044","0.554324","0.042871","0.58359","0.630536","9.92955","1.70831e-15","3.07788","3.0545","12.7617","6.54244","0","0","0","0","0","0","0","0"
"16.6787","0.500044","0.554324","0.0428762","0.584022","0.630294","9.89556","1.70861e-15","3.07876","3.05043","12.7796","6.53975","0","0","0","0","0","0","0","0"
"16.6821","0.500044","0.554324","0.0428807","0.58384","0.630394","9.85241","1.70827e-15","3.07725","3.04894","12.8598","6.54949","0","0","0","0","0","0","0","0"
"16.6855","0.500044","0.554324","0.042886","0.583553","0.630189","9.82862","1.70853e-15","3.07583","3.04886","12.8211","6.556","0","0","0","0","0","0","0","0"
"16.689","0.500044","0.554324","0.0428898","0.583345","0.629929","9.83583","1.70875e-15","3.07662","3.05239","12.6552","6.55969","0","0","0","0","0","0","0","0"
"16.6923","0.500044","0.554295","0.0428927","0.583851","0.6308","9.80989","1.71068e-15","3.07513","3.04378","12.6297","6.55448","0","0","0","0","0","0","0","0"
"16.6957","0.500044","0.554295","0.0428951","0.58364","0.630911","9.78927","1.7105e-15","3.07289","3.0428","12.6006","6.55891","0","0","0","0","0","0","0","0"
"16.699","0.500044","0.554295","0.042898","0.58317","0.630646","9.73135","1.71054e-15","3.07377","3.04046","12.7348","6.53722","0","0","0","0","0","0","0","0"
"16.7024","0.500044","0.554295","0.0429005","0.583516","0.63063","9.69369","1.71211e-15","3.07108","3.04336","12.7903","6.57303","0","0","0","0","0","0","0","0"
"16.7059","0.500044","0.554295","0.0429039","0.583296","0.630406","9.68403","1.70992e-15","3.06921","3.04138","12.684","6.56363","0","0","0","0","0","0","0","0"
"16.7092","0.500044","0.554489","0.0429074","0.583745","0.630156","9.68529","1.71109e-15","3.06914","3.04383","12.5495","6.57098","0","0","0","0","0","0","0","0"
"16.7126","0.500044","0.554489","0.0429115","0.585118","0.631264","9.76749","1.71188e-15","3.07847","3.05079","12.202","6.59689","0","0","0","0","0","0","0","0"
"16.716","0.500044","0.554489","0.042915","0.585356","0.631493","9.94785","1.71062e-15","3.08351","3.05016","11.4303","6.58392","0","0","0","0","0","0","0","0"
"16.7221","0.500044","0.554489","0.0429191","0.585229","0.631414","9.94039","1.71309e-15","3.08236","3.04988","11.3323","6.59643","0","0","0","0","0","0","0","0"
"16.7228","0.500044","0.554489","0.0429228","0.585046","0.631222","9.89256","1.71249e-15","3.07716","3.04751","11.4239","6.59299","0","0","0","0","0","0","0","0"
"16.7261","0.500044","0.554644","0.0429272","0.586083","0.631976","9.83414","1.71124e-15","3.09082","3.06012","11.5451","6.57735","0","0","0","0","0","0","0","0"
"16.7295","0.500044","0.554644","0.042931","0.585814","0.631368","9.81182","1.71265e-15","3.08826","3.06026","11.5244","6.58367","0","0","0","0","0","0","0","0"
"16.7339","0.500044","0.554644","0.0429366","0.584918","0.630457","9.81052","1.71068e-15","3.08736","3.05669","11.3554","6.57794","0","0","0","0","0","0","0","0"
"16.7374","0.500044","0.554644","0.0429404","0.584048","0.629755","9.82149","1.7135e-15","3.08704","3.05784","11.1951","6.60396","0","0","0","0","0","0","0","0"
"16.7409","0.500044","0.554644","0.0429428","0.584024","0.629928","9.79042","1.71254e-15","3.08541","3.06452","11.1939","6.59759","0","0","0","0","0","0","0","0"
"16.7442","0.500044","0.554732","0.0429445","0.583703","0.629057","9.74104","1.71178e-15","3.08302","3.06462","11.2946","6.57964","0","0","0","0","0","0","0","0"
"16.7476","0.500044","0.554732","0.0429466","0.584073","0.629478","9.68796","1.71388e-15","3.07701","3.06448","11.3939","6.60941","0","0","0","0","0","0","0","0"
"16.751","0.500044","0.554732","0.0429483","0.584339","0.630035","9.65824","1.71358e-15","3.07638","3.06137","11.408","6.6089","0","0","0","0","0","0","0","0"
"16.7554","0.500044","0.554732","0.0429478","0.583272","0.629595","9.62261","1.71156e-15","3.08119","3.06312","11.3896","6.59082","0","0","0","0","0","0","0","0"
"16.7585","0.500044","0.554742","0.04294","0.583109","0.629608","9.61697","1.71234e-15","3.08121","3.06163","11.2977","6.59406","0","0","0","0","0","0","0","0"
"16.7621","0.500044","0.554742","0.042931","0.582409","0.628876","9.62615","1.7119e-15","3.08263","3.06361","11.1253","6.59774","0","0","0","0","0","0","0","0"
"16.7654","0.500044","0.554742","0.0429233","0.58285","0.629344","9.63921","1.70981e-15","3.08258","3.0632","10.9601","6.57961","0","0","0","0","0","0","0","0"
"16.7688","0.500044","0.554742","0.0429143","0.583095","0.630041","9.59901","1.7102e-15","3.08089","3.06544","11.0022","6.57473","0","0","0","0","0","0","0","0"
"16.7723","0.500044","0.554742","0.0429077","0.582827","0.629556","9.54981","1.71091e-15","3.07808","3.06317","11.1049","6.58031","0","0","0","0","0","0","0","0"
"16.7756","0.500044","0.554551","0.042903","0.582499","0.629455","9.49287","1.70831e-15","3.07856","3.06051","11.2252","6.5672","0","0","0","0","0","0","0","0"
"16.779","0.500044","0.554551","0.0428988","0.581615","0.628762","9.45661","1.70665e-15","3.08213","3.05851","11.2718","6.55278","0","0","0","0","0","0","0","0"
"16.7824","0.500044","0.554551","0.042894","0.581376","0.628442","9.54679","1.70842e-15","3.08441","3.05882","10.8171","6.55886","0","0","0","0","0","0","0","0"
"16.7857","0.500044","0.554551","0.0428899","0.581046","0.627692","9.57118","1.7082e-15","3.08002","3.0584","10.6153","6.56538","0","0","0","0","0","0","0","0"
"16.7892","0.500044","0.554551","0.0428868","0.580896","0.627785","9.53405","1.70604e-15","3.07634","3.05809","10.6623","6.54608","0","0","0","0","0","0","0","0"
"16.7924","0.500044","0.554551","0.0428854","0.582485","0.628812","9.54446","1.70819e-15","3.08543","3.06724","10.562","6.5557","0","0","0","0","0","0","0","0"
"16.7958","0.500044","0.554551","0.0428842","0.58349","0.630223","9.76341","1.7087e-15","3.08234","3.06771","9.85537","6.56765","0","0","0","0","0","0","0","0"
"16.7992","0.500044","0.554551","0.0428828","0.583865","0.630342","9.76127","1.70693e-15","3.07859","3.06907","9.75517","6.55287","0","0","0","0","0","0","0","0"
"16.8026","0.500044","0.554551","0.0428816","0.583794","0.63041","9.70951","1.70668e-15","3.07685","3.06675","9.85307","6.54387","0","0","0","0","0","0","0","0"

