"Time","Demand 1","Control 1","Output Drive 1","Channel 1","Channel 2","Channel 3","Channel 4","Channel 1 Kurtosis","Channel 2 Kurtosis","Channel 3 Kurtosis","Channel 4 Kurtosis","Rear Input 1","Rear Input 2","Rear Input 3","Rear Input 4","Rear Input 5","Rear Input 6","Rear Input 7","Rear Input 8"
"0.000866667","0.125011","0.185784","0","0.197682","0.27415","0.27364","1.83727e-15","2.2016","2.70006","2.14079","6.91703","0","0","0","0","0","0","0","0"
"0.000866667","0.125011","0.185784","0","0.197682","0.27415","0.27364","1.83727e-15","2.2016","2.70006","2.14079","6.91703","0","0","0","0","0","0","0","0"
"0.000916667","0.125011","0.185784","0","0.197682","0.27415","0.27364","1.83727e-15","2.2016","2.70006","2.14079","6.91703","0","0","0","0","0","0","0","0"
"0.00556667","0.125011","0.185784","1.27372e-05","0.183951","0.262069","0.277433","1.66646e-15","2.59458","2.81699","2.4133","9.44889","0","0","0","0","0","0","0","0"
"0.00885","0.125011","0.181268","1.36093e-05","0.176455","0.277912","0.289267","1.9339e-15","2.26675","3.10681","2.57049","6.94451","0","0","0","0","0","0","0","0"
"0.0122333","0.125011","0.181268","1.47026e-05","0.189123","0.220359","0.179586","1.69943e-15","2.68025","2.48452","2.64419","4.89529","0","0","0","0","0","0","0","0"
"0.0156167","0.125011","0.181268","1.57093e-05","0.165696","0.218478","0.227269","1.47571e-15","2.73671","2.66285","2.56808","5.33521","0","0","0","0","0","0","0","0"
"0.0193833","0.125011","0.181268","1.69712e-05","0.154695","0.224319","0.259507","1.82404e-15","2.73871","2.79681","2.14614","4.84188","0","0","0","0","0","0","0","0"
"0.0231667","0.125011","0.13927","1.8538e-05","0.142123","0.226962","0.273439","1.61081e-15","2.84801","2.69978","2.28148","4.43278","0","0","0","0","0","0","0","0"
"0.02655","0.125011","0.13927","1.98073e-05","0.144891","0.245008","0.283223","1.63169e-15","2.97994","3.27865","2.54735","9.46442","0","0","0","0","0","0","0","0"
"0.02995","0.125011","0.13927","2.13985e-05","0.149624","0.207043","0.222489","1.83289e-15","2.74372","2.44666","2.85217","7.41564","0","0","0","0","0","0","0","0"
"0.0333333","0.125011","0.13927","2.28637e-05","0.157142","0.246392","0.27139","1.63583e-15","2.67026","2.67822","2.67012","6.28088","0","0","0","0","0","0","0","0"
"0.0368167","0.125011","0.13927","2.47003e-05","0.180561","0.25127","0.275834","1.54559e-15","2.39455","2.81487","3.26645","5.33281","0","0","0","0","0","0","0","0"
"0.0400833","0.125011","0.144318","2.63916e-05","0.181261","0.247499","0.265999","1.63342e-15","2.40795","2.77796","2.90045","5.9474","0","0","0","0","0","0","0","0"
"0.0434833","0.125011","0.144318","2.85117e-05","0.186941","0.251653","0.262558","1.66898e-15","2.31454","2.7816","2.67684","7.11219","0","0","0","0","0","0","0","0"
"0.0468667","0.125011","0.144318","3.04639e-05","0.18536","0.247562","0.250848","1.77621e-15","2.34781","2.82885","2.7654","6.60648","0","0","0","0","0","0","0","0"
"0.0534667","0.125011","0.144318","3.51646e-05","0.171693","0.238112","0.234512","1.78312e-15","2.699","2.7333","2.81297","7.25553","0","0","0","0","0","0","0","0"
"0.0568167","0.125011","0.159651","3.75723e-05","0.171731","0.233061","0.232014","1.72425e-15","2.72804","2.77844","2.72935","6.86738","0","0","0","0","0","0","0","0"
"0.0602","0.125011","0.159651","4.05906e-05","0.163727","0.231557","0.235594","1.75509e-15","2.7688","2.82672","2.61053","7.90582","0","0","0","0","0","0","0","0"
"0.0635833","0.125011","0.159651","4.33699e-05","0.161085","0.233225","0.239136","1.76144e-15","2.66993","2.88193","2.58987","7.61237","0","0","0","0","0","0","0","0"
"0.0669833","0.125011","0.159651","4.68538e-05","0.15866","0.23133","0.233264","1.72536e-15","2.69258","2.82134","2.66908","7.62064","0","0","0","0","0","0","0","0"
"0.0704833","0.125011","0.159651","5.00619e-05","0.159453","0.232534","0.237365","1.75053e-15","2.74242","2.83938","2.6438","7.37724","0","0","0","0","0","0","0","0"
"0.07375","0.125011","0.169027","5.40835e-05","0.156682","0.23196","0.238014","1.72103e-15","2.83108","2.85124","2.78751","7.00699","0","0","0","0","0","0","0","0"
"0.0771333","0.125011","0.169027","5.77866e-05","0.154871","0.232439","0.239105","1.70927e-15","2.87944","2.80889","2.89407","7.14613","0","0","0","0","0","0","0","0"
"0.0805167","0.125011","0.169027","6.24287e-05","0.15672","0.241053","0.248089","1.76399e-15","2.79266","2.77489","3.03479","7.68073","0","0","0","0","0","0","0","0"
"0.0839","0.125011","0.169027","6.67033e-05","0.159426","0.244023","0.249475","1.72885e-15","2.73183","2.70549","3.0642","7.31352","0","0","0","0","0","0","0","0"
"0.0873833","0.125011","0.169027","7.20616e-05","0.163106","0.249744","0.25114","1.75087e-15","2.68066","2.63283","3.0442","7.34534","0","0","0","0","0","0","0","0"
"0.0906667","0.125011","0.173036","7.69958e-05","0.165107","0.254005","0.253176","1.72537e-15","2.63","2.59838","3.06283","7.25048","0","0","0","0","0","0","0","0"
"0.09405","0.125011","0.173036","8.31809e-05","0.168499","0.255661","0.250618","1.75738e-15","2.69247","2.59333","3.01682","7.72332","0","0","0","0","0","0","0","0"
"0.0974333","0.125011","0.173036","8.88764e-05","0.172624","0.259194","0.255305","1.76108e-15","2.77466","2.6052","2.99158","7.51019","0","0","0","0","0","0","0","0"
"0.100817","0.125011","0.173036","9.60159e-05","0.175873","0.263393","0.256215","1.75441e-15","2.73528","2.60562","3.03265","7.57416","0","0","0","0","0","0","0","0"
"0.104333","0.125011","0.173036","0.00010259","0.176525","0.26371","0.258014","1.77706e-15","2.73401","2.62715","3.0719","7.35683","0","0","0","0","0","0","0","0"
"0.107583","0.125011","0.174821","0.000110831","0.176005","0.263599","0.263466","1.74642e-15","2.6938","2.64185","3.25149","7.25469","0","0","0","0","0","0","0","0"
"0.110983","0.125011","0.174821","0.00011842","0.175774","0.26367","0.2636","1.76743e-15","2.66345","2.66445","3.18854","7.4573","0","0","0","0","0","0","0","0"
"0.114367","0.125011","0.174821","0.000127933","0.175567","0.26467","0.26663","1.75606e-15","2.67737","2.66962","3.05965","6.97252","0","0","0","0","0","0","0","0"
"0.11775","0.125011","0.174821","0.000136693","0.176664","0.264586","0.26703","1.75243e-15","2.66678","2.68554","3.00999","7.12855","0","0","0","0","0","0","0","0"
"0.121233","0.125011","0.174821","0.000147674","0.17535","0.264271","0.266189","1.75731e-15","2.64976","2.69945","2.9559","6.79526","0","0","0","0","0","0","0","0"
"0.124517","0.125011","0.179173","0.000157785","0.177017","0.2667","0.266902","1.74663e-15","2.68203","2.7086","2.94622","6.76751","0","0","0","0","0","0","0","0"
"0.1279","0.125011","0.179173","0.00017046","0.17738","0.266996","0.264916","1.7696e-15","2.6958","2.65861","2.97343","7.1937","0","0","0","0","0","0","0","0"
"0.1313","0.125011","0.179173","0.000182132","0.177891","0.267825","0.264682","1.75635e-15","2.72785","2.64687","2.95051","7.11751","0","0","0","0","0","0","0","0"
"0.136867","0.125011","0.179173","0.000205645","0.17618","0.267226","0.261742","1.75496e-15","2.76708","2.59704","2.99672","6.84408","0","0","0","0","0","0","0","0"
"0.14015","0.125011","0.184107","0.000219725","0.178078","0.26826","0.260915","1.74587e-15","2.83096","2.57718","2.99475","6.7492","0","0","0","0","0","0","0","0"
"0.143533","0.125011","0.184107","0.000237376","0.177078","0.267276","0.25967","1.75518e-15","2.86153","2.56077","3.03139","7.11444","0","0","0","0","0","0","0","0"
"0.146933","0.125011","0.184107","0.00025363","0.174668","0.264648","0.257802","1.77217e-15","2.85194","2.57275","3.04669","7.23421","0","0","0","0","0","0","0","0"
"0.1503","0.125011","0.184107","0.000274004","0.171712","0.262156","0.256859","1.75267e-15","2.84287","2.60013","3.04238","7.26592","0","0","0","0","0","0","0","0"
"0.153817","0.125011","0.184107","0.000292766","0.169196","0.25962","0.253676","1.76255e-15","2.86543","2.63215","3.07068","7.27131","0","0","0","0","0","0","0","0"
"0.157067","0.125011","0.188211","0.000316284","0.168595","0.258533","0.253238","1.74241e-15","2.94169","2.64315","3.0433","7.22463","0","0","0","0","0","0","0","0"
"0.160467","0.125011","0.188211","0.00033794","0.167987","0.257122","0.252256","1.7525e-15","2.93343","2.64558","3.03247","7.52245","0","0","0","0","0","0","0","0"
"0.163833","0.125011","0.188211","0.000365087","0.165915","0.25481","0.25008","1.75455e-15","2.94186","2.64192","3.03656","7.42367","0","0","0","0","0","0","0","0"
"0.167233","0.125011","0.188211","0.000390085","0.163803","0.253869","0.256597","1.76532e-15","2.95917","2.65389","3.48791","7.67071","0","0","0","0","0","0","0","0"
"0.170717","0.125011","0.188211","0.000421421","0.161771","0.249963","0.278291","1.76114e-15","2.99685","2.66542","3.48386","7.61425","0","0","0","0","0","0","0","0"
"0.174","0.125011","0.190414","0.000450276","0.160069","0.247538","0.283701","1.75156e-15","2.98691","2.68181","3.46118","7.69043","0","0","0","0","0","0","0","0"
"0.177383","0.125011","0.190414","0.000486447","0.16089","0.24947","0.285291","1.76439e-15","2.96042","2.66647","3.45644","7.80242","0","0","0","0","0","0","0","0"
"0.180767","0.125011","0.190414","0.000519755","0.162363","0.251224","0.283795","1.75688e-15","2.86477","2.63382","3.38313","7.82492","0","0","0","0","0","0","0","0"
"0.18415","0.125011","0.190414","0.000561508","0.163961","0.253811","0.281239","1.76931e-15","2.79356","2.63573","3.33371","7.86656","0","0","0","0","0","0","0","0"
"0.187667","0.125011","0.190414","0.000599955","0.166026","0.256573","0.278069","1.74886e-15","2.72992","2.61741","3.30283","7.69208","0","0","0","0","0","0","0","0"
"0.190917","0.125011","0.190122","0.00064815","0.16591","0.257299","0.352523","1.75482e-15","2.73744","2.6041","14.162","7.707","0","0","0","0","0","0","0","0"
"0.194317","0.125011","0.190122","0.00069253","0.167613","0.257727","0.841551","1.75155e-15","2.68458","2.60797","8.08219","7.64276","0","0","0","0","0","0","0","0"
"0.1977","0.125011","0.190122","0.000748161","0.171133","0.256983","1.56038","1.76791e-15","2.66803","2.64015","5.12498","7.88104","0","0","0","0","0","0","0","0"
"0.201083","0.125011","0.190122","0.000799389","0.172515","0.258106","1.66684","1.74966e-15","2.67645","2.673","3.93704","7.93065","0","0","0","0","0","0","0","0"
"0.204567","0.125011","0.190122","0.000863605","0.176358","0.261359","1.61155","1.74643e-15","2.64421","2.66373","3.92159","7.75936","0","0","0","0","0","0","0","0"
"0.20785","0.125011","0.189942","0.000922737","0.179375","0.264058","1.51919","1.75432e-15","2.65564","2.63864","4.34485","7.91545","0","0","0","0","0","0","0","0"
"0.211233","0.125011","0.189942","0.000996861","0.182876","0.26577","1.40978","1.75345e-15","2.64514","2.63112","5.00782","7.74317","0","0","0","0","0","0","0","0"
"0.214633","0.125011","0.189942","0.00106512","0.183106","0.265926","1.32833","1.75164e-15","2.62726","2.62177","5.55694","7.73257","0","0","0","0","0","0","0","0"
"0.22015","0.125011","0.189942","0.00120262","0.184698","0.269214","1.21542","1.73839e-15","2.71926","2.65922","6.22655","7.37212","0","0","0","0","0","0","0","0"
"0.223717","0.125011","0.192458","0.00129923","0.183024","0.269698","1.16333","1.7572e-15","2.73583","2.66196","6.38509","7.67647","0","0","0","0","0","0","0","0"
"0.22725","0.125011","0.192458","0.00138819","0.182819","0.269182","1.12403","1.74572e-15","2.79091","2.65249","6.44777","7.54396","0","0","0","0","0","0","0","0"
"0.230483","0.125011","0.192458","0.00149971","0.180986","0.267992","1.08067","1.76587e-15","2.81665","2.70119","6.5033","7.72849","0","0","0","0","0","0","0","0"
"0.233867","0.125011","0.192458","0.00160239","0.179719","0.265429","1.04435","1.75079e-15","2.85926","2.71837","6.55994","7.52035","0","0","0","0","0","0","0","0"
"0.237367","0.125011","0.192458","0.00173111","0.178628","0.265235","1.00264","1.74794e-15","2.92924","2.7329","6.65135","7.38571","0","0","0","0","0","0","0","0"
"0.24065","0.125011","0.196311","0.00184965","0.177292","0.265308","0.96388","1.74939e-15","2.92166","2.71056","6.84237","7.37304","0","0","0","0","0","0","0","0"
"0.244033","0.125011","0.196311","0.00199823","0.176604","0.265069","0.919514","1.75315e-15","2.88194","2.6679","7.1007","7.37573","0","0","0","0","0","0","0","0"
"0.247417","0.125011","0.196311","0.00213505","0.175405","0.26417","0.882367","1.77601e-15","2.85485","2.68327","7.35331","7.53549","0","0","0","0","0","0","0","0"
"0.2508","0.125011","0.196311","0.00230656","0.178517","0.266475","0.839707","1.76125e-15","2.86154","2.68312","7.70073","7.69589","0","0","0","0","0","0","0","0"
"0.254317","0.125011","0.196311","0.00246075","0.182398","0.271557","0.804185","1.76535e-15","2.87202","2.75723","8.03213","7.5514","0","0","0","0","0","0","0","0"
"0.257567","0.125011","0.198714","0.00264047","0.187638","0.275425","0.764345","1.74393e-15","2.9448","2.72981","8.45254","7.40744","0","0","0","0","0","0","0","0"
"0.261083","0.125011","0.198714","0.00279452","0.191842","0.279858","0.729422","1.7544e-15","2.92985","2.69863","8.93522","7.6404","0","0","0","0","0","0","0","0"
"0.264333","0.125011","0.198714","0.00297424","0.193727","0.281837","0.691584","1.75592e-15","2.92513","2.68862","9.49127","7.49276","0","0","0","0","0","0","0","0"
"0.267733","0.125011","0.198714","0.00312829","0.196859","0.283394","0.660367","1.75069e-15","2.89541","2.67928","10.0156","7.38181","0","0","0","0","0","0","0","0"
"0.271217","0.125011","0.198714","0.00327461","0.196753","0.283608","0.62635","1.74638e-15","2.92391","2.64524","10.6254","7.46775","0","0","0","0","0","0","0","0"
"0.2745","0.125011","0.199462","0.00338858","0.195379","0.283264","0.59704","1.73817e-15","2.92688","2.64579","11.2782","7.21559","0","0","0","0","0","0","0","0"
"0.278017","0.125011","0.199462","0.00352154","0.195676","0.283226","0.566579","1.75332e-15","2.90916","2.64215","11.9277","7.59227","0","0","0","0","0","0","0","0"
"0.281267","0.125011","0.199462","0.0036355","0.195101","0.284307","0.541435","1.74054e-15","2.89035","2.65791","12.5376","7.44061","0","0","0","0","0","0","0","0"
"0.28465","0.125011","0.199462","0.00376847","0.196354","0.284621","0.516127","1.75133e-15","2.93612","2.69812","13.0352","7.66729","0","0","0","0","0","0","0","0"
"0.288167","0.125011","0.199462","0.00388233","0.200673","0.28775","0.494751","1.73416e-15","3.0598","2.76801","13.5427","7.42735","0","0","0","0","0","0","0","0"
"0.291417","0.125011","0.203819","0.00401514","0.203039","0.29019","0.472777","1.73822e-15","3.05274","2.8092","13.9568","7.54638","0","0","0","0","0","0","0","0"
"0.29495","0.125011","0.203819","0.00412899","0.205805","0.291468","0.453535","1.75348e-15","3.01008","2.76617","14.4617","7.43036","0","0","0","0","0","0","0","0"
"0.2982","0.125011","0.203819","0.0042618","0.206486","0.294502","0.436143","1.74798e-15","2.99579","2.77719","14.5649","7.48311","0","0","0","0","0","0","0","0"
"0.3036","0.125011","0.203819","0.0044355","0.207777","0.296268","0.419058","1.73401e-15","3.02874","2.72826","13.9716","7.36965","0","0","0","0","0","0","0","0"
"0.3068","0.125011","0.20875","0.00451727","0.207074","0.294684","0.408897","1.75469e-15","3.01111","2.74399","13.6282","7.47824","0","0","0","0","0","0","0","0"
"0.310183","0.125011","0.20875","0.00461266","0.207653","0.293647","0.393197","1.73508e-15","2.99165","2.76952","13.7265","7.38066","0","0","0","0","0","0","0","0"
"0.313583","0.125011","0.20875","0.00469443","0.20952","0.295492","0.38196","1.75487e-15","2.98054","2.75302","13.5721","7.68931","0","0","0","0","0","0","0","0"
"0.31695","0.125011","0.20875","0.00478982","0.213672","0.299302","0.374648","1.74294e-15","2.95041","2.70544","12.7636","7.7698","0","0","0","0","0","0","0","0"
"0.32045","0.125011","0.20875","0.00484658","0.214623","0.300305","0.367115","1.74919e-15","2.91023","2.67664","12.2829","7.69719","0","0","0","0","0","0","0","0"
"0.323717","0.125011","0.21402","0.00488361","0.212819","0.300361","0.363301","1.73691e-15","2.88377","2.65639","11.2256","7.56236","0","0","0","0","0","0","0","0"
"0.327117","0.125011","0.21402","0.00491535","0.210686","0.299367","0.356916","1.75148e-15","2.91616","2.66956","10.7444","7.41213","0","0","0","0","0","0","0","0"
"0.330483","0.125011","0.21402","0.00495239","0.210433","0.299009","0.351186","1.73438e-15","2.89215","2.6444","10.064","7.40876","0","0","0","0","0","0","0","0"
"0.333867","0.125011","0.21402","0.0050019","0.21122","0.302049","0.346542","1.74997e-15","2.8444","2.67409","9.5414","7.38557","0","0","0","0","0","0","0","0"
"0.33745","0.125011","0.21402","0.00510079","0.215035","0.304142","0.347154","1.73701e-15","2.91729","2.62254","8.57167","7.22796","0","0","0","0","0","0","0","0"
"0.34065","0.125011","0.219296","0.00511286","0.217658","0.308002","0.348283","1.74851e-15","2.90107","2.61106","7.71407","7.12605","0","0","0","0","0","0","0","0"
"0.344033","0.125011","0.219296","0.00513194","0.217224","0.306073","0.345074","1.75409e-15","2.91742","2.65242","7.13748","7.42211","0","0","0","0","0","0","0","0"
"0.347417","0.125011","0.219296","0.0051571","0.214559","0.30368","0.341951","1.75225e-15","2.92332","2.66899","6.73003","7.38891","0","0","0","0","0","0","0","0"
"0.3508","0.125011","0.219296","0.00522602","0.21185","0.302115","0.339698","1.76192e-15","2.89945","2.67803","6.21644","7.5","0","0","0","0","0","0","0","0"
"0.354383","0.125011","0.219296","0.00531164","0.210692","0.300405","0.335219","1.74601e-15","2.88888","2.69445","5.96518","7.28865","0","0","0","0","0","0","0","0"
"0.357567","0.125011","0.224267","0.00532663","0.215143","0.304568","0.338064","1.75135e-15","2.88505","2.68982","5.38282","7.41955","0","0","0","0","0","0","0","0"
"0.360967","0.125011","0.224267","0.00534407","0.218854","0.307315","0.344312","1.73395e-15","3.00008","2.7123","4.86397","7.23262","0","0","0","0","0","0","0","0"
"0.364333","0.125011","0.224267","0.00537624","0.215242","0.304534","0.34428","1.74647e-15","3.00738","2.71423","4.49966","7.50815","0","0","0","0","0","0","0","0"
"0.367733","0.125011","0.224267","0.00544204","0.218463","0.306216","0.339926","1.74844e-15","2.97267","2.7022","4.35925","7.55831","0","0","0","0","0","0","0","0"
"0.371217","0.125011","0.224267","0.00553318","0.218579","0.307328","0.341028","1.74145e-15","2.99289","2.71161","4.08016","7.45025","0","0","0","0","0","0","0","0"
"0.3745","0.125011","0.22854","0.00554681","0.218809","0.307556","0.341264","1.75192e-15","2.96608","2.70286","3.85292","7.68066","0","0","0","0","0","0","0","0"
"0.377883","0.125011","0.22854","0.00556869","0.21718","0.306942","0.340795","1.75255e-15","2.97915","2.69555","3.7101","7.59638","0","0","0","0","0","0","0","0"
"0.381267","0.125011","0.22854","0.00559847","0.215564","0.308925","0.342117","1.76792e-15","2.98074","2.66085","3.54672","7.5726","0","0","0","0","0","0","0","0"
"0.3868","0.125011","0.22854","0.00575785","0.20913","0.302125","0.331476","1.75266e-15","3.02295","2.6718","3.47188","7.53782","0","0","0","0","0","0","0","0"
"0.39015","0.125011","0.231635","0.00577096","0.210683","0.301036","0.328251","1.74351e-15","3.02664","2.7681","3.41828","7.4592","0","0","0","0","0","0","0","0"
"0.3935","0.125011","0.231635","0.00579139","0.210741","0.300733","0.337314","1.76334e-15","3.02333","2.7737","3.30931","7.54284","0","0","0","0","0","0","0","0"
"0.396933","0.125011","0.231635","0.00581761","0.211751","0.302078","0.340676","1.75765e-15","3.04468","2.74014","3.22925","7.54469","0","0","0","0","0","0","0","0"
"0.400283","0.125011","0.231635","0.00588164","0.209439","0.298058","0.33786","1.76538e-15","3.02186","2.75341","3.16638","7.39974","0","0","0","0","0","0","0","0"
"0.403717","0.125011","0.231635","0.00599586","0.207517","0.298282","0.345883","1.74957e-15","3.03224","2.72387","3.12222","7.37492","0","0","0","0","0","0","0","0"
"0.407317","0.125011","0.234325","0.00601212","0.203066","0.294981","0.336731","1.74171e-15","3.07912","2.72392","3.13968","7.22761","0","0","0","0","0","0","0","0"
"0.41065","0.125011","0.234325","0.00603456","0.206007","0.296624","0.349415","1.7572e-15","3.0313","2.73193","3.10835","7.53176","0","0","0","0","0","0","0","0"
"0.41435","0.125011","0.234325","0.00607088","0.207451","0.300289","0.348167","1.75077e-15","2.93886","2.71735","3.0496","7.67306","0","0","0","0","0","0","0","0"
"0.417617","0.125011","0.234325","0.00614518","0.205968","0.301961","0.354535","1.74521e-15","2.90825","2.69685","2.9447","7.63574","0","0","0","0","0","0","0","0"
"0.4211","0.125011","0.234325","0.00624809","0.202838","0.296898","0.367096","1.74924e-15","2.94101","2.70646","2.9508","7.72993","0","0","0","0","0","0","0","0"
"0.42435","0.125011","0.234803","0.00626348","0.200388","0.294337","0.374293","1.74268e-15","2.95716","2.69888","2.89354","7.65003","0","0","0","0","0","0","0","0"
"0.4277","0.125011","0.234803","0.006284","0.20102","0.294109","0.366225","1.75813e-15","2.95848","2.69171","2.93311","7.80687","0","0","0","0","0","0","0","0"
"0.431233","0.125011","0.234803","0.00632183","0.207456","0.297615","0.366108","1.74579e-15","2.94187","2.67968","2.84947","7.61915","0","0","0","0","0","0","0","0"
"0.434433","0.125011","0.234803","0.0063992","0.209999","0.299743","0.369429","1.76024e-15","2.88603","2.65265","2.78865","7.75877","0","0","0","0","0","0","0","0"
"0.437867","0.125011","0.234803","0.00650637","0.211794","0.298274","0.370463","1.7404e-15","2.86312","2.67505","2.86489","7.62837","0","0","0","0","0","0","0","0"
"0.44145","0.125011","0.234572","0.0065255","0.208362","0.295235","0.367603","1.75136e-15","2.89647","2.70498","2.8718","7.33197","0","0","0","0","0","0","0","0"
"0.444783","0.125011","0.234572","0.00654812","0.210746","0.297344","0.386932","1.75281e-15","2.8961","2.6732","2.92612","7.49947","0","0","0","0","0","0","0","0"
"0.448367","0.125011","0.234572","0.00659138","0.212027","0.297692","0.387389","1.75132e-15","2.90009","2.66355","2.879","7.25365","0","0","0","0","0","0","0","0"
"0.45285","0.125011","0.234572","0.0067683","0.209478","0.297449","0.397765","1.75424e-15","2.88238","2.65312","2.77522","7.22126","0","0","0","0","0","0","0","0"
"0.456183","0.125011","0.234822","0.00678314","0.208864","0.298156","0.396151","1.76061e-15","2.90542","2.63732","2.79643","7.48493","0","0","0","0","0","0","0","0"
"0.4596","0.125011","0.234822","0.00680599","0.206628","0.297933","0.385833","1.75398e-15","2.89885","2.63867","2.82086","7.47418","0","0","0","0","0","0","0","0"
"0.46295","0.125011","0.234822","0.00683461","0.210591","0.301775","0.399313","1.7662e-15","2.87978","2.70031","2.83651","7.72729","0","0","0","0","0","0","0","0"
"0.466333","0.125011","0.234822","0.00689887","0.210024","0.301086","0.409936","1.76522e-15","2.88901","2.70294","2.80255","7.79226","0","0","0","0","0","0","0","0"
"0.47035","0.125011","0.234822","0.00705043","0.20685","0.300602","0.411082","1.75008e-15","2.92358","2.70216","2.74915","7.53899","0","0","0","0","0","0","0","0"
"0.473633","0.125011","0.235554","0.00706955","0.204256","0.298124","0.40162","1.75641e-15","2.9293","2.70036","2.76478","7.49787","0","0","0","0","0","0","0","0"
"0.477017","0.125011","0.235554","0.0070915","0.205591","0.302543","0.409847","1.76029e-15","2.90229","2.70094","2.74202","7.55159","0","0","0","0","0","0","0","0"
"0.4804","0.125011","0.235554","0.00713072","0.205939","0.304756","0.404685","1.75472e-15","2.86988","2.66048","2.7517","7.39779","0","0","0","0","0","0","0","0"
"0.48375","0.125011","0.235554","0.007202","0.203939","0.303855","0.40244","1.76783e-15","2.85507","2.64217","2.71646","7.62368","0","0","0","0","0","0","0","0"
"0.487217","0.125011","0.235554","0.0073444","0.202024","0.302274","0.394308","1.75143e-15","2.84243","2.6507","2.74009","7.3359","0","0","0","0","0","0","0","0"
"0.490633","0.125011","0.236427","0.00736178","0.204514","0.304435","0.391573","1.7505e-15","2.83148","2.67184","2.77027","7.1915","0","0","0","0","0","0","0","0"
"0.493967","0.125011","0.236427","0.00738925","0.203331","0.305774","0.395287","1.76246e-15","2.85441","2.69921","2.7771","7.21422","0","0","0","0","0","0","0","0"
"0.497533","0.125011","0.236427","0.00743373","0.202967","0.304324","0.387365","1.75029e-15","2.86874","2.72293","2.79803","6.96306","0","0","0","0","0","0","0","0"
"0.50085","0.125011","0.236427","0.00752471","0.203727","0.304316","0.388972","1.75344e-15","2.86251","2.69295","2.8559","7.03336","0","0","0","0","0","0","0","0"
"0.504333","0.125011","0.236427","0.00764799","0.205396","0.305656","0.398388","1.73693e-15","2.88069","2.71164","2.83813","6.91695","0","0","0","0","0","0","0","0"
"0.507917","0.125011","0.237507","0.00766957","0.204775","0.305136","0.399877","1.73123e-15","2.86546","2.69014","2.76358","6.74458","0","0","0","0","0","0","0","0"
"0.5113","0.125011","0.237507","0.00769982","0.201566","0.304417","0.400019","1.75137e-15","2.90089","2.72147","2.66869","7.13729","0","0","0","0","0","0","0","0"
"0.514633","0.125011","0.237507","0.00774101","0.201468","0.303891","0.390206","1.74616e-15","2.90072","2.69719","2.70744","7.03569","0","0","0","0","0","0","0","0"
"0.518217","0.125011","0.237507","0.00787493","0.201561","0.304438","0.385439","1.73779e-15","2.86048","2.69897","2.70201","6.90495","0","0","0","0","0","0","0","0"
"0.521717","0.125011","0.237507","0.00796992","0.202918","0.304429","0.382641","1.72356e-15","2.84697","2.69154","2.71936","6.88169","0","0","0","0","0","0","0","0"
"0.525","0.125011","0.238527","0.0079904","0.203824","0.305748","0.391707","1.72733e-15","2.83479","2.70848","2.72283","6.94851","0","0","0","0","0","0","0","0"
"0.528383","0.125011","0.238527","0.00802383","0.203897","0.307797","0.475119","1.73109e-15","2.84356","2.71991","6.11159","7.07349","0","0","0","0","0","0","0","0"
"0.531767","0.125011","0.238527","0.00807107","0.203635","0.308334","0.971199","1.74881e-15","2.83688","2.74351","7.25705","7.33063","0","0","0","0","0","0","0","0"
"0.536183","0.125011","0.238527","0.00828771","0.201415","0.305306","1.28954","1.73321e-15","2.86336","2.74841","3.78531","7.35629","0","0","0","0","0","0","0","0"
"0.5396","0.125011","0.239161","0.00830588","0.203439","0.307154","1.30403","1.741e-15","2.88225","2.70595","3.41922","7.30972","0","0","0","0","0","0","0","0"
"0.542967","0.125011","0.239161","0.00833386","0.20519","0.307941","1.24303","1.75189e-15","2.84451","2.73675","3.59666","7.33379","0","0","0","0","0","0","0","0"
"0.54635","0.125011","0.239161","0.0083689","0.205204","0.308639","1.17237","1.7428e-15","2.81736","2.7673","3.97883","7.25402","0","0","0","0","0","0","0","0"
"0.549733","0.125011","0.239161","0.00844759","0.207106","0.310085","1.10671","1.75687e-15","2.83482","2.7517","4.30886","7.34056","0","0","0","0","0","0","0","0"
"0.553483","0.125011","0.239161","0.00863317","0.207172","0.310622","1.04651","1.74051e-15","2.80244","2.8177","4.64211","7.04011","0","0","0","0","0","0","0","0"
"0.556767","0.125011","0.239696","0.00865282","0.207998","0.313851","1.01056","1.73413e-15","2.81786","2.81388","4.7447","7.06461","0","0","0","0","0","0","0","0"
"0.56015","0.125011","0.239696","0.00868346","0.208166","0.313733","0.970479","1.74896e-15","2.78948","2.79891","4.84359","7.27354","0","0","0","0","0","0","0","0"
"0.563533","0.125011","0.239696","0.00872276","0.2095","0.314976","0.942701","1.74034e-15","2.79313","2.78875","4.84143","7.39727","0","0","0","0","0","0","0","0"
"0.567067","0.125011","0.239696","0.00881877","0.20863","0.311469","0.915067","1.74473e-15","2.78589","2.7511","4.78869","7.30405","0","0","0","0","0","0","0","0"
"0.570417","0.125011","0.239696","0.00892792","0.212026","0.312493","0.898582","1.73948e-15","2.79949","2.73944","4.65143","7.19088","0","0","0","0","0","0","0","0"
"0.573683","0.125011","0.240743","0.0089326","0.212545","0.316115","0.871875","1.72522e-15","2.78576","2.74919","4.62549","7.04617","0","0","0","0","0","0","0","0"
"0.577083","0.125011","0.240743","0.0089366","0.212669","0.312797","0.844967","1.74189e-15","2.83278","2.79383","4.67246","7.28849","0","0","0","0","0","0","0","0"
"0.580467","0.125011","0.240743","0.00894128","0.209775","0.307817","0.805281","1.73973e-15","2.824","2.78053","4.89365","7.30672","0","0","0","0","0","0","0","0"
"0.58385","0.125011","0.240743","0.00894529","0.208855","0.304674","0.780774","1.75521e-15","2.80323","2.74596","4.94839","7.55767","0","0","0","0","0","0","0","0"
"0.587333","0.125011","0.240743","0.0089528","0.206163","0.301054","0.749882","1.73515e-15","2.81335","2.77293","5.06993","7.30031","0","0","0","0","0","0","0","0"
"0.590617","0.125011","0.242273","0.00896105","0.20695","0.300239","0.719299","1.74148e-15","2.8242","2.7841","5.28491","7.47703","0","0","0","0","0","0","0","0"
"0.594","0.125011","0.242273","0.00897068","0.209492","0.300267","0.684511","1.73683e-15","2.87727","2.79298","5.55545","7.48499","0","0","0","0","0","0","0","0"
"0.5974","0.125011","0.242273","0.00897893","0.210327","0.301221","0.662442","1.74586e-15","2.83755","2.76223","5.63569","7.43046","0","0","0","0","0","0","0","0"
"0.600767","0.125011","0.242273","0.00898856","0.211618","0.299925","0.641824","1.74138e-15","2.89491","2.74084","5.64002","7.54709","0","0","0","0","0","0","0","0"
"0.60425","0.125011","0.242273","0.00899777","0.211045","0.299974","0.623187","1.73109e-15","2.8662","2.74203","5.67849","7.43225","0","0","0","0","0","0","0","0"
"0.60755","0.125011","0.24257","0.00900908","0.209132","0.295279","0.59083","1.75739e-15","2.87457","2.76993","6.05074","7.70325","0","0","0","0","0","0","0","0"
"0.610933","0.125011","0.24257","0.00901877","0.207589","0.291779","0.663439","1.74476e-15","2.90112","2.80941","4.46987","7.60968","0","0","0","0","0","0","0","0"
"0.614317","0.125011","0.24257","0.00903007","0.206568","0.29278","0.716781","1.76558e-15","2.89815","2.77179","3.79191","7.65079","0","0","0","0","0","0","0","0"
"0.617717","0.125011","0.24257","0.00903976","0.206833","0.291675","0.69913","1.75101e-15","2.93463","2.76568","3.79629","7.56978","0","0","0","0","0","0","0","0"
"0.621183","0.125011","0.24257","0.00903234","0.205368","0.288049","0.795989","1.74368e-15","2.92945","2.80128","3.70308","7.55584","0","0","0","0","0","0","0","0"
"0.624467","0.125011","0.241585","0.00901955","0.20474","0.285474","0.848217","1.73151e-15","2.92082","2.8066","3.12425","7.42079","0","0","0","0","0","0","0","0"
"0.62785","0.125011","0.241585","0.00900463","0.205277","0.283933","0.96266","1.75001e-15","2.89014","2.79499","3.12175","7.56581","0","0","0","0","0","0","0","0"
"0.63125","0.125011","0.241585","0.00899184","0.206658","0.286259","1.17537","1.74137e-15","2.866","2.7702","2.86007","7.66205","0","0","0","0","0","0","0","0"
"0.636817","0.125011","0.241585","0.0089729","0.209197","0.288297","1.13552","1.72846e-15","2.88478","2.77072","2.8217","7.53192","0","0","0","0","0","0","0","0"
"0.6401","0.125011","0.240394","0.00896913","0.207927","0.286722","1.07803","1.74406e-15","2.88673","2.73902","3.05249","7.60826","0","0","0","0","0","0","0","0"
"0.643483","0.125011","0.240394","0.00896474","0.207756","0.285275","1.00821","1.73662e-15","2.85019","2.79108","3.41964","7.48383","0","0","0","0","0","0","0","0"
"0.6469","0.125011","0.240394","0.00896097","0.208496","0.286571","0.969639","1.7388e-15","2.8252","2.79177","3.54245","7.42007","0","0","0","0","0","0","0","0"
"0.65025","0.125011","0.240394","0.00895657","0.207468","0.28691","0.936215","1.74915e-15","2.83989","2.75054","3.5759","7.6107","0","0","0","0","0","0","0","0"
"0.653733","0.125011","0.240394","0.00895554","0.203891","0.286379","0.924971","1.73208e-15","2.85506","2.75172","3.45152","7.3445","0","0","0","0","0","0","0","0"
"0.657017","0.125011","0.238346","0.00895755","0.204269","0.287586","0.907409","1.73413e-15","2.87046","2.71809","3.32099","7.2914","0","0","0","0","0","0","0","0"
"0.6604","0.125011","0.238346","0.00895927","0.203962","0.289783","0.906686","1.745e-15","2.84542","2.71206","3.1424","7.39209","0","0","0","0","0","0","0","0"
"0.6638","0.125011","0.238346","0.00896128","0.20522","0.289387","0.891308","1.74097e-15","2.80555","2.70132","3.01744","7.40034","0","0","0","0","0","0","0","0"
"0.667133","0.125011","0.238346","0.008963","0.20383","0.291673","0.888996","1.75516e-15","2.81039","2.66829","2.92905","7.48271","0","0","0","0","0","0","0","0"
"0.670583","0.125011","0.238346","0.00896053","0.207107","0.29503","0.884333","1.74311e-15","2.83186","2.70547","2.87448","7.29877","0","0","0","0","0","0","0","0"
"0.673933","0.125011","0.237606","0.00895555","0.206607","0.295269","0.867909","1.73923e-15","2.8054","2.70066","2.85854","7.1454","0","0","0","0","0","0","0","0"
"0.6773","0.125011","0.237606","0.00894974","0.208187","0.300651","0.843254","1.75449e-15","2.76355","2.66301","2.87471","7.29126","0","0","0","0","0","0","0","0"
"0.680683","0.125011","0.237606","0.00894475","0.206093","0.299581","0.814369","1.75505e-15","2.78484","2.66537","2.96073","7.45952","0","0","0","0","0","0","0","0"
"0.684267","0.125011","0.237606","0.00893894","0.211049","0.305711","0.788738","1.74566e-15","2.78062","2.69957","3.00306","7.48084","0","0","0","0","0","0","0","0"
"0.68775","0.125011","0.237606","0.00892108","0.211137","0.305346","0.777469","1.73565e-15","2.82964","2.69671","2.96704","7.39131","0","0","0","0","0","0","0","0"
"0.691317","0.125011","0.237414","0.0088984","0.210952","0.303802","0.766501","1.74112e-15","2.85917","2.719","2.92372","7.12324","0","0","0","0","0","0","0","0"
"0.694667","0.125011","0.237414","0.00887896","0.21304","0.309492","0.742285","1.74402e-15","2.8499","2.73308","3.00235","7.08077","0","0","0","0","0","0","0","0"
"0.69805","0.125011","0.237414","0.00885628","0.208433","0.304757","0.70871","1.74488e-15","2.89964","2.76365","3.15698","7.13508","0","0","0","0","0","0","0","0"
"0.701717","0.125011","0.237414","0.00883684","0.206181","0.302848","0.684125","1.75379e-15","2.91716","2.73148","3.25855","7.23004","0","0","0","0","0","0","0","0"
"0.70505","0.125011","0.237414","0.00883094","0.20566","0.301458","0.649738","1.74101e-15","2.87534","2.73404","3.49234","7.23553","0","0","0","0","0","0","0","0"
"0.708333","0.125011","0.238703","0.00882829","0.206807","0.303284","0.621655","1.73981e-15","2.9653","2.75468","3.68831","7.11746","0","0","0","0","0","0","0","0"
"0.711717","0.125011","0.238703","0.00882519","0.207433","0.303124","0.595131","1.75394e-15","2.92298","2.71272","3.82873","7.43668","0","0","0","0","0","0","0","0"
"0.7151","0.125011","0.238703","0.00882253","0.204131","0.298088","0.571947","1.75744e-15","2.96381","2.73565","3.97846","7.51079","0","0","0","0","0","0","0","0"
"0.720167","0.125011","0.238703","0.00882254","0.205698","0.296407","0.540324","1.73863e-15","2.8632","2.7208","4.15089","7.49651","0","0","0","0","0","0","0","0"
"0.723433","0.125011","0.240222","0.00882876","0.204073","0.294051","0.521801","1.74207e-15","2.85325","2.69263","4.25462","7.43066","0","0","0","0","0","0","0","0"
"0.72695","0.125011","0.240222","0.00883602","0.202625","0.292791","0.506866","1.73632e-15","2.84907","2.6545","4.24393","7.4631","0","0","0","0","0","0","0","0"
"0.730217","0.125011","0.240222","0.00884224","0.205146","0.29618","0.497043","1.75322e-15","2.82944","2.66428","4.16527","7.71057","0","0","0","0","0","0","0","0"
"0.7336","0.125011","0.240222","0.0088495","0.207364","0.300087","0.487469","1.74847e-15","2.83353","2.68215","4.0604","7.58989","0","0","0","0","0","0","0","0"
"0.737117","0.125011","0.240222","0.00885125","0.205803","0.298428","0.476021","1.74076e-15","2.79932","2.68053","4.03806","7.5964","0","0","0","0","0","0","0","0"
"0.740367","0.125011","0.240106","0.00884808","0.202553","0.295669","0.458859","1.742e-15","2.83729","2.67307","4.13159","7.60433","0","0","0","0","0","0","0","0"
"0.74375","0.125011","0.240106","0.00884537","0.20329","0.298935","0.469179","1.73716e-15","2.82203","2.65546","3.88707","7.67823","0","0","0","0","0","0","0","0"
"0.747133","0.125011","0.240106","0.0088422","0.206601","0.301311","0.471089","1.73208e-15","2.90669","2.69323","3.69526","7.53697","0","0","0","0","0","0","0","0"
"0.750517","0.125011","0.240106","0.00883949","0.205836","0.299935","0.457942","1.7393e-15","2.86129","2.7017","3.76819","7.82749","0","0","0","0","0","0","0","0"
"0.754","0.125011","0.240106","0.00884608","0.202719","0.297111","0.443996","1.72253e-15","2.87477","2.72103","3.80036","7.73225","0","0","0","0","0","0","0","0"
"0.7573","0.125011","0.239397","0.008858","0.208566","0.300642","0.451157","1.71873e-15","2.89434","2.68476","3.68692","7.75174","0","0","0","0","0","0","0","0"
"0.76075","0.125011","0.239397","0.00887192","0.211054","0.305077","0.460156","1.73293e-15","2.924","2.67317","3.44624","7.62825","0","0","0","0","0","0","0","0"
"0.764067","0.125011","0.239397","0.00888384","0.208405","0.301259","0.462539","1.74356e-15","2.92858","2.65648","3.38456","7.69114","0","0","0","0","0","0","0","0"
"0.76745","0.125011","0.239397","0.00889775","0.206584","0.3006","0.473522","1.73835e-15","2.88894","2.68245","3.35673","7.57586","0","0","0","0","0","0","0","0"
"0.770967","0.125011","0.239397","0.00890505","0.207782","0.302122","0.482368","1.73084e-15","2.85491","2.68299","3.29341","7.57256","0","0","0","0","0","0","0","0"
"0.7763","0.125011","0.239617","0.00891418","0.205859","0.301141","0.480492","1.7229e-15","2.88039","2.68733","3.1738","7.71114","0","0","0","0","0","0","0","0"
"0.779683","0.125011","0.239617","0.00891916","0.206897","0.305497","0.503157","1.72567e-15","2.88771","2.69301","3.03224","7.57021","0","0","0","0","0","0","0","0"
"0.783067","0.125011","0.239617","0.00892497","0.207568","0.304659","0.489357","1.73217e-15","2.86511","2.703","3.09","7.7637","0","0","0","0","0","0","0","0"
"0.786633","0.125011","0.239617","0.00892943","0.207564","0.303688","0.487925","1.71369e-15","2.88117","2.69939","2.98936","7.64821","0","0","0","0","0","0","0","0"
"0.78985","0.125011","0.240149","0.00893341","0.208718","0.306319","0.486938","1.70288e-15","2.85566","2.69594","2.9399","7.45166","0","0","0","0","0","0","0","0"
"0.793183","0.125011","0.240149","0.00893683","0.210188","0.306904","0.494325","1.70845e-15","2.89154","2.70547","2.88373","7.55249","0","0","0","0","0","0","0","0"
"0.7966","0.125011","0.240149","0.00894082","0.213233","0.312031","0.50847","1.72059e-15","2.87308","2.71029","2.8186","7.7018","0","0","0","0","0","0","0","0"
"0.8","0.125011","0.240149","0.00894423","0.212083","0.312461","0.502528","1.72361e-15","2.89493","2.7125","2.81502","7.58836","0","0","0","0","0","0","0","0"
"0.803467","0.125011","0.240149","0.00894086","0.209042","0.308901","0.494421","1.71487e-15","2.90182","2.69885","2.81444","7.47303","0","0","0","0","0","0","0","0"
"0.80675","0.125011","0.240375","0.00892955","0.211754","0.310943","0.491499","1.72611e-15","2.89558","2.76042","2.79214","7.56943","0","0","0","0","0","0","0","0"
"0.810133","0.125011","0.240375","0.00891635","0.210684","0.312072","0.489336","1.73588e-15","2.90922","2.70179","2.76843","7.67165","0","0","0","0","0","0","0","0"
"0.81355","0.125011","0.240375","0.00890504","0.210924","0.313001","0.500224","1.72914e-15","2.90133","2.72442","2.67691","7.69387","0","0","0","0","0","0","0","0"
"0.8169","0.125011","0.240375","0.00889184","0.211341","0.314685","0.492898","1.72546e-15","2.8814","2.76154","2.67128","7.56585","0","0","0","0","0","0","0","0"
"0.8204","0.125011","0.240375","0.00888362","0.209705","0.314416","0.485375","1.7221e-15","2.884","2.74055","2.6735","7.53991","0","0","0","0","0","0","0","0"
"0.823683","0.125011","0.241169","0.00887762","0.210604","0.31722","0.484304","1.72207e-15","2.85493","2.73525","2.70631","7.55936","0","0","0","0","0","0","0","0"
"0.827067","0.125011","0.241169","0.00887249","0.211202","0.318084","0.499299","1.72048e-15","2.87987","2.76859","2.74035","7.56527","0","0","0","0","0","0","0","0"
"0.83045","0.125011","0.241169","0.0088665","0.209701","0.318471","0.493634","1.72704e-15","2.89278","2.77712","2.74859","7.60967","0","0","0","0","0","0","0","0"
"0.833833","0.125011","0.241169","0.00886136","0.211058","0.318641","0.487287","1.73679e-15","2.91758","2.76733","2.75674","7.65657","0","0","0","0","0","0","0","0"
"0.837417","0.125011","0.241169","0.00885556","0.209451","0.317349","0.497179","1.73329e-15","2.93118","2.7855","2.67737","7.59437","0","0","0","0","0","0","0","0"
"0.840617","0.125011","0.242355","0.00885072","0.210306","0.317176","0.494319","1.74171e-15","2.91872","2.8013","2.64726","7.51017","0","0","0","0","0","0","0","0"
"0.843983","0.125011","0.242355","0.00884507","0.210352","0.3179","0.492257","1.75247e-15","2.89299","2.80415","2.70111","7.68217","0","0","0","0","0","0","0","0"
"0.847383","0.125011","0.242355","0.00884022","0.213351","0.319782","0.501469","1.75113e-15","2.88319","2.78713","2.69994","7.64813","0","0","0","0","0","0","0","0"
"0.850767","0.125011","0.242355","0.00883457","0.21414","0.320161","0.505142","1.74626e-15","2.94614","2.77605","2.74516","7.56029","0","0","0","0","0","0","0","0"
"0.85425","0.125011","0.242355","0.00883021","0.214211","0.320124","0.519909","1.74772e-15","2.92749","2.77219","2.96555","7.42844","0","0","0","0","0","0","0","0"
"0.859617","0.250022","0.243626","0.0088572","0.215979","0.321373","0.514987","1.74084e-15","2.90416","2.73706","2.93599","7.27243","0","0","0","0","0","0","0","0"
"0.863","0.250022","0.243626","0.00889444","0.21503","0.319959","0.509731","1.75255e-15","2.91475","2.73596","2.98847","7.33588","0","0","0","0","0","0","0","0"
"0.866383","0.250022","0.243626","0.00897807","0.216057","0.319226","0.507306","1.74998e-15","2.92498","2.73444","2.98922","7.25161","0","0","0","0","0","0","0","0"
"0.869883","0.250022","0.243626","0.00917225","0.216207","0.319679","0.508471","1.74356e-15","2.89902","2.7161","2.95795","7.08192","0","0","0","0","0","0","0","0"
"0.873117","0.250022","0.246965","0.00919619","0.21442","0.312602","0.475133","1.76268e-15","3.03209","2.73626","3.2117","6.70959","0","0","0","0","0","0","0","0"
"0.8774","0.250022","0.246965","0.00923452","0.209823","0.304391","0.459296","1.76589e-15","2.99357","2.72049","3.00707","7.05703","0","0","0","0","0","0","0","0"
"0.880783","0.250022","0.246965","0.00927979","0.210369","0.304682","0.430987","1.75308e-15","2.88071","2.70121","3.1257","6.9474","0","0","0","0","0","0","0","0"
"0.886883","0.250022","0.246965","0.00955458","0.208498","0.303456","0.454904","1.72478e-15","3.03377","2.81032","3.02657","6.87468","0","0","0","0","0","0","0","0"
"0.89015","0.250022","0.249249","0.00957632","0.210358","0.306907","0.458086","1.69956e-15","2.96537","2.75911","2.83942","6.77604","0","0","0","0","0","0","0","0"
"0.89355","0.250022","0.249249","0.00961023","0.214788","0.30912","0.491888","1.72127e-15","3.11557","2.79435","2.80959","7.03937","0","0","0","0","0","0","0","0"
"0.896933","0.250022","0.249249","0.00965373","0.213751","0.312113","0.472409","1.75212e-15","3.06143","2.74878","2.9139","7.48311","0","0","0","0","0","0","0","0"
"0.900317","0.250022","0.249249","0.00975999","0.21633","0.309738","0.453849","1.74311e-15","2.95788","2.74983","2.96027","7.37961","0","0","0","0","0","0","0","0"
"0.903817","0.250022","0.249249","0.00994953","0.220125","0.316643","0.472547","1.72796e-15","2.87957","2.73089","2.84285","7.29317","0","0","0","0","0","0","0","0"
"0.907083","0.250022","0.248795","0.00997651","0.220172","0.316646","0.515988","1.74017e-15","2.91848","2.73275","2.91009","7.42428","0","0","0","0","0","0","0","0"
"0.910467","0.250022","0.248795","0.0100075","0.222904","0.320486","0.538109","1.73905e-15","2.87439","2.73697","2.75175","7.30421","0","0","0","0","0","0","0","0"
"0.91385","0.250022","0.248795","0.0100628","0.22301","0.323548","0.51706","1.74984e-15","2.94052","2.76166","2.83952","7.25397","0","0","0","0","0","0","0","0"
"0.917233","0.250022","0.248795","0.0101634","0.221861","0.320407","0.516414","1.77299e-15","2.99123","2.74384","2.8104","7.44678","0","0","0","0","0","0","0","0"
"0.920733","0.250022","0.248795","0.0103644","0.220697","0.319465","0.491693","1.74235e-15","2.93901","2.70296","2.99991","7.25596","0","0","0","0","0","0","0","0"
"0.924017","0.250022","0.248413","0.0103889","0.223179","0.322313","0.495225","1.75526e-15","2.93048","2.78293","2.94662","7.48093","0","0","0","0","0","0","0","0"
"0.9274","0.250022","0.248413","0.0104277","0.223119","0.324646","0.501697","1.75932e-15","2.9229","2.75546","2.837","7.48257","0","0","0","0","0","0","0","0"
"0.930783","0.250022","0.248413","0.0104788","0.225826","0.329368","0.500667","1.7584e-15","2.88851","2.74391","2.74568","7.33506","0","0","0","0","0","0","0","0"
"0.934167","0.250022","0.248413","0.0106188","0.223885","0.326656","0.486903","1.76764e-15","2.90288","2.70803","2.75329","7.5306","0","0","0","0","0","0","0","0"
"0.937683","0.250022","0.248413","0.0107928","0.230165","0.330302","0.558557","1.74122e-15","2.91977","2.69612","3.57363","7.32694","0","0","0","0","0","0","0","0"
"0.940933","0.250022","0.249867","0.0108232","0.22917","0.330476","0.582212","1.73539e-15","2.96173","2.68546","3.36052","7.41038","0","0","0","0","0","0","0","0"
"0.944317","0.250022","0.249867","0.0108587","0.229456","0.332413","0.580394","1.73652e-15","2.94573","2.70901","3.2966","7.42285","0","0","0","0","0","0","0","0"
"0.9477","0.250022","0.249867","0.0109241","0.225833","0.329636","0.557961","1.73969e-15","2.97977","2.70519","3.40588","7.29884","0","0","0","0","0","0","0","0"
"0.9511","0.250022","0.249867","0.0110578","0.223662","0.330179","0.549857","1.75765e-15","2.98803","2.7065","3.39334","7.56787","0","0","0","0","0","0","0","0"
"0.954583","0.250022","0.249867","0.0112429","0.222027","0.326377","0.546354","1.74312e-15","2.93959","2.71483","3.28602","7.54411","0","0","0","0","0","0","0","0"
"0.957867","0.250022","0.25211","0.0112706","0.220055","0.32621","0.544933","1.74361e-15","2.94919","2.69271","3.18477","7.53153","0","0","0","0","0","0","0","0"
"0.96125","0.250022","0.25211","0.0113151","0.223603","0.326314","0.551378","1.75513e-15","3.03728","2.68897","3.11135","7.66355","0","0","0","0","0","0","0","0"
"0.964633","0.250022","0.25211","0.0113756","0.226669","0.330601","0.558874","1.74904e-15","2.98874","2.70951","3.06319","7.4849","0","0","0","0","0","0","0","0"
"0.9702","0.250022","0.25211","0.0116995","0.229446","0.329172","0.526988","1.75004e-15","2.94322","2.72037","3.2311","7.35161","0","0","0","0","0","0","0","0"
"0.973483","0.250022","0.254148","0.0117261","0.228217","0.328077","0.514099","1.75448e-15","2.94657","2.74705","3.27988","7.37421","0","0","0","0","0","0","0","0"
"0.976867","0.250022","0.254148","0.0117676","0.231983","0.332355","0.535733","1.76635e-15","3.17835","2.7044","3.02926","7.59354","0","0","0","0","0","0","0","0"
"0.980283","0.250022","0.254148","0.0118209","0.23148","0.331872","0.537867","1.75758e-15","3.12495","2.72053","2.92443","7.42124","0","0","0","0","0","0","0","0"
"0.98365","0.250022","0.254148","0.011951","0.233701","0.331389","0.55167","1.76626e-15","3.05102","2.73844","2.87499","7.45473","0","0","0","0","0","0","0","0"
"0.987167","0.250022","0.254148","0.0121831","0.235776","0.332891","0.538944","1.74019e-15","2.98533","2.71208","2.91114","7.28317","0","0","0","0","0","0","0","0"
"0.990417","0.250022","0.254954","0.0122161","0.237597","0.33408","0.547564","1.72933e-15","3.00246","2.7095","2.84228","7.26779","0","0","0","0","0","0","0","0"
"0.9938","0.250022","0.254954","0.012254","0.237972","0.33433","0.571417","1.74111e-15","2.99606","2.70017","2.84219","7.24717","0","0","0","0","0","0","0","0"
"0.997183","0.250022","0.254954","0.0123218","0.239592","0.334118","0.55179","1.73095e-15","2.93596","2.67126","2.93167","7.10785","0","0","0","0","0","0","0","0"
"1.00057","0.250022","0.254954","0.012445","0.239688","0.337782","0.576045","1.74714e-15","2.95733","2.72071","2.96406","7.24228","0","0","0","0","0","0","0","0"
"1.00405","0.250022","0.254954","0.0126911","0.237846","0.336593","0.566601","1.71781e-15","2.91172","2.70828","2.97589","7.16654","0","0","0","0","0","0","0","0"
"1.00735","0.250022","0.25682","0.0127211","0.23912","0.339639","0.568075","1.72786e-15","2.8838","2.7791","2.99152","7.39305","0","0","0","0","0","0","0","0"
"1.01072","0.250022","0.25682","0.0127685","0.242007","0.340631","0.563282","1.72544e-15","3.0006","2.79514","3.03238","7.32446","0","0","0","0","0","0","0","0"
"1.01412","0.250022","0.25682","0.0128311","0.23909","0.336135","0.578619","1.7384e-15","3.01902","2.808","2.94451","7.39359","0","0","0","0","0","0","0","0"
"1.0175","0.250022","0.25682","0.0130026","0.236591","0.33254","0.562055","1.74081e-15","3.04936","2.83564","3.08166","7.55484","0","0","0","0","0","0","0","0"
"1.021","0.250022","0.25682","0.0132156","0.234803","0.327739","0.549383","1.7405e-15","3.05076","2.84827","3.1136","7.30006","0","0","0","0","0","0","0","0"
"1.02427","0.250022","0.258984","0.0132529","0.236679","0.325273","0.58766","1.74137e-15","3.00696","2.85483","3.0735","7.27773","0","0","0","0","0","0","0","0"
"1.02765","0.250022","0.258984","0.0132964","0.241146","0.327819","0.597415","1.75048e-15","3.04049","2.91234","2.97669","7.27637","0","0","0","0","0","0","0","0"
"1.03103","0.250022","0.258984","0.0133764","0.243039","0.327631","0.594755","1.73733e-15","2.98645","2.8965","2.94098","7.30164","0","0","0","0","0","0","0","0"
"1.03443","0.250022","0.258984","0.0135401","0.241962","0.329123","0.577619","1.76009e-15","3.03261","2.86902","3.03281","7.41474","0","0","0","0","0","0","0","0"
"1.03792","0.250022","0.258984","0.0137669","0.24141","0.328813","0.585333","1.74078e-15","3.00224","2.91923","2.91767","7.35812","0","0","0","0","0","0","0","0"
"1.0412","0.250022","0.261152","0.0138008","0.251013","0.338406","0.613892","1.75697e-15","3.07358","3.01834","2.78839","7.35281","0","0","0","0","0","0","0","0"
"1.04458","0.250022","0.261152","0.0138552","0.250823","0.336756","0.587876","1.74661e-15","3.10643","2.97317","2.94868","7.36522","0","0","0","0","0","0","0","0"
"1.04797","0.250022","0.261152","0.0139293","0.248132","0.338322","0.600374","1.74115e-15","3.10101","2.99921","2.91232","7.26561","0","0","0","0","0","0","0","0"
"1.05355","0.250022","0.261152","0.0143259","0.246275","0.336492","0.594139","1.74176e-15","3.06374","2.96238","2.84767","7.28218","0","0","0","0","0","0","0","0"
"1.05682","0.250022","0.262287","0.0143585","0.24712","0.337707","0.601189","1.7626e-15","3.05073","2.94172","3.00008","7.46288","0","0","0","0","0","0","0","0"
"1.0602","0.250022","0.262287","0.0144093","0.248171","0.343063","0.618137","1.74943e-15","3.02941","2.94715","3.05857","7.3479","0","0","0","0","0","0","0","0"
"1.0636","0.250022","0.262287","0.0144745","0.248794","0.34123","0.606476","1.75805e-15","2.97607","2.89071","3.09408","7.17929","0","0","0","0","0","0","0","0"
"1.06697","0.250022","0.262287","0.0146338","0.247006","0.345135","0.594487","1.75221e-15","2.94571","2.87044","3.05616","7.04518","0","0","0","0","0","0","0","0"
"1.07048","0.250022","0.262287","0.014918","0.246776","0.343768","0.593429","1.74391e-15","2.968","2.86407","2.94755","6.95693","0","0","0","0","0","0","0","0"
"1.07375","0.250022","0.265231","0.0149585","0.248498","0.343519","0.596992","1.73804e-15","2.97725","2.80131","2.83285","6.86642","0","0","0","0","0","0","0","0"
"1.07713","0.250022","0.265231","0.0150049","0.251915","0.350197","0.604598","1.75606e-15","2.91731","2.79236","2.80697","7.16555","0","0","0","0","0","0","0","0"
"1.08052","0.250022","0.265231","0.0150879","0.255539","0.352113","0.604867","1.7429e-15","3.0052","2.90539","2.8831","7.3092","0","0","0","0","0","0","0","0"
"1.0839","0.250022","0.265231","0.0152388","0.254249","0.350819","0.583085","1.74954e-15","3.06431","2.84869","2.98125","7.29363","0","0","0","0","0","0","0","0"
"1.0874","0.250022","0.265231","0.0155401","0.252195","0.349875","0.565806","1.72598e-15","3.03912","2.83418","3.0186","7.22529","0","0","0","0","0","0","0","0"
"1.09067","0.250022","0.268148","0.0155768","0.257295","0.352451","0.610987","1.73055e-15","3.0014","2.88791","2.89182","7.23711","0","0","0","0","0","0","0","0"
"1.09405","0.250022","0.268148","0.0156349","0.257091","0.355732","0.691922","1.73123e-15","2.97457","2.85709","3.16759","7.4701","0","0","0","0","0","0","0","0"
"1.09743","0.250022","0.268148","0.0157116","0.259022","0.353889","0.671437","1.74032e-15","2.99059","2.84001","3.22541","7.40195","0","0","0","0","0","0","0","0"
"1.10083","0.250022","0.268148","0.0159216","0.261241","0.360673","0.66859","1.73346e-15","3.01428","2.81249","3.1221","7.61309","0","0","0","0","0","0","0","0"
"1.10435","0.250022","0.268148","0.0161824","0.263528","0.362679","0.731089","1.73509e-15","3.05785","2.80764","3.25554","7.40531","0","0","0","0","0","0","0","0"
"1.1076","0.250022","0.271706","0.0162281","0.262339","0.359329","0.761426","1.71829e-15","3.04107","2.8224","3.12302","7.27854","0","0","0","0","0","0","0","0"
"1.11098","0.250022","0.271706","0.0162812","0.26386","0.363399","0.755181","1.73645e-15","3.05949","2.7789","3.03391","7.47687","0","0","0","0","0","0","0","0"
"1.11433","0.250022","0.271706","0.0163792","0.264095","0.361717","0.738346","1.72383e-15","3.0063","2.75582","3.05362","7.32727","0","0","0","0","0","0","0","0"
"1.11768","0.250022","0.271706","0.0165797","0.265805","0.365648","0.717983","1.72924e-15","3.02161","2.76952","3.09614","7.50729","0","0","0","0","0","0","0","0"
"1.12115","0.250022","0.271706","0.0168574","0.266777","0.362733","0.697726","1.70639e-15","3.04953","2.77635","3.17252","7.30515","0","0","0","0","0","0","0","0"
"1.12448","0.250022","0.276125","0.0168989","0.267435","0.359133","0.698552","1.73337e-15","3.00313","2.78768","3.07756","7.47509","0","0","0","0","0","0","0","0"
"1.12798","0.250022","0.276125","0.0169655","0.26798","0.363251","0.668173","1.73089e-15","3.01934","2.75011","3.22412","7.46575","0","0","0","0","0","0","0","0"
"1.13137","0.250022","0.276125","0.017046","0.265543","0.360281","0.688535","1.74428e-15","3.00712","2.72331","3.00926","7.44786","0","0","0","0","0","0","0","0"
"1.1369","0.250022","0.276125","0.017124","0.273926","0.36481","0.670771","1.74477e-15","3.07713","2.83862","2.99793","7.46198","0","0","0","0","0","0","0","0"
"1.14022","0.250022","0.280843","0.0171193","0.278958","0.3727","0.672615","1.73754e-15","3.09178","2.83313","2.97563","7.54682","0","0","0","0","0","0","0","0"
"1.14357","0.250022","0.280843","0.0171137","0.283902","0.376314","0.746582","1.72576e-15","3.12901","2.8977","3.35761","7.6805","0","0","0","0","0","0","0","0"
"1.14698","0.250022","0.280843","0.0171089","0.283059","0.376368","0.748485","1.74371e-15","3.10201","2.89596","3.30005","7.8518","0","0","0","0","0","0","0","0"
"1.15035","0.250022","0.280843","0.0171033","0.284938","0.379416","0.771259","1.72303e-15","3.10494","2.86025","3.11284","7.78135","0","0","0","0","0","0","0","0"
"1.15385","0.250022","0.280843","0.0171097","0.282912","0.375589","0.764131","1.72279e-15","3.06544","2.86851","3.05655","7.6899","0","0","0","0","0","0","0","0"
"1.15712","0.250022","0.284601","0.0171303","0.285549","0.382787","0.750938","1.70771e-15","3.0113","2.83725","3.06291","7.58783","0","0","0","0","0","0","0","0"
"1.1605","0.250022","0.284601","0.0171479","0.286941","0.383187","0.73379","1.72758e-15","3.01478","2.85272","3.12724","7.67505","0","0","0","0","0","0","0","0"
"1.16388","0.250022","0.284601","0.0171685","0.28556","0.382306","0.70899","1.72255e-15","2.99562","2.8371","3.18699","7.48111","0","0","0","0","0","0","0","0"
"1.16727","0.250022","0.284601","0.0171861","0.285435","0.381599","0.730644","1.73605e-15","3.00952","2.80385","2.96626","7.72321","0","0","0","0","0","0","0","0"
"1.17075","0.250022","0.284601","0.0172107","0.29098","0.388061","0.755428","1.72797e-15","2.93232","2.83594","2.96015","7.48998","0","0","0","0","0","0","0","0"
"1.17405","0.250022","0.290374","0.0172344","0.290402","0.386733","0.748868","1.72753e-15","2.95403","2.87821","2.89495","7.33851","0","0","0","0","0","0","0","0"
"1.17743","0.250022","0.290374","0.0172621","0.289867","0.3858","0.729374","1.74412e-15","2.92431","2.83572","2.97232","7.51489","0","0","0","0","0","0","0","0"
"1.18082","0.250022","0.290374","0.0172858","0.285248","0.380798","0.711105","1.73431e-15","2.93828","2.84019","2.9841","7.46598","0","0","0","0","0","0","0","0"
"1.1842","0.250022","0.290374","0.0173134","0.287254","0.380996","0.683029","1.75055e-15","2.91586","2.81225","3.11071","7.60094","0","0","0","0","0","0","0","0"
"1.1877","0.250022","0.290374","0.0173147","0.281948","0.378339","0.673276","1.72635e-15","2.97508","2.78705","3.0558","7.41734","0","0","0","0","0","0","0","0"
"1.19097","0.250022","0.296283","0.0173031","0.279447","0.381893","0.683123","1.73071e-15","2.95269","2.74629","2.95621","7.59918","0","0","0","0","0","0","0","0"
"1.19435","0.250022","0.296283","0.0172931","0.276444","0.379403","0.682558","1.73309e-15","2.96427","2.75053","2.86943","7.68898","0","0","0","0","0","0","0","0"
"1.19773","0.250022","0.296283","0.0172815","0.279537","0.381186","0.676848","1.73018e-15","2.95672","2.80264","2.84423","7.65542","0","0","0","0","0","0","0","0"
"1.20113","0.250022","0.296283","0.0172715","0.280893","0.380541","0.703423","1.74318e-15","3.01688","2.86104","2.81729","7.58775","0","0","0","0","0","0","0","0"
"1.20462","0.250022","0.296283","0.0172652","0.287663","0.385789","0.707848","1.71703e-15","3.04412","2.91663","2.91573","7.79238","0","0","0","0","0","0","0","0"
"1.2079","0.250022","0.300434","0.0172616","0.287741","0.383168","0.723429","1.73231e-15","3.01343","2.94071","2.79057","7.79557","0","0","0","0","0","0","0","0"
"1.21128","0.250022","0.300434","0.0172574","0.287426","0.384161","0.76619","1.72699e-15","3.01798","2.96092","2.78798","7.86276","0","0","0","0","0","0","0","0"
"1.21467","0.250022","0.300434","0.0172538","0.28648","0.381333","0.742699","1.72594e-15","3.01347","2.95368","2.88402","7.76059","0","0","0","0","0","0","0","0"
"1.22018","0.250022","0.300434","0.0172389","0.286052","0.383662","0.725838","1.7182e-15","3.09426","2.9314","2.89598","7.69898","0","0","0","0","0","0","0","0"
"1.22347","0.250022","0.302485","0.0172188","0.285451","0.384077","0.720229","1.73819e-15","3.09906","2.91932","2.85712","7.84817","0","0","0","0","0","0","0","0"
"1.22685","0.250022","0.302485","0.0171952","0.286673","0.38631","0.737581","1.74066e-15","3.08214","2.9471","2.72122","7.78819","0","0","0","0","0","0","0","0"
"1.23025","0.250022","0.302485","0.0171751","0.283976","0.382985","0.729456","1.74279e-15","3.09261","2.94365","2.68482","7.70966","0","0","0","0","0","0","0","0"
"1.23362","0.250022","0.302485","0.0171515","0.281884","0.379591","0.718825","1.76081e-15","3.1317","2.9712","2.7358","7.71083","0","0","0","0","0","0","0","0"
"1.23713","0.250022","0.302485","0.0171417","0.281125","0.380092","0.717986","1.72892e-15","3.14023","2.95504","2.74153","7.46502","0","0","0","0","0","0","0","0"
"1.2404","0.250022","0.304983","0.0171422","0.27837","0.379714","0.708084","1.72731e-15","3.22701","2.9028","2.82442","7.26555","0","0","0","0","0","0","0","0"
"1.24378","0.250022","0.304983","0.0171427","0.283614","0.385826","0.74295","1.75241e-15","3.19222","2.8666","2.92423","7.38219","0","0","0","0","0","0","0","0"
"1.24717","0.250022","0.304983","0.0171432","0.283149","0.384749","0.727499","1.74842e-15","3.19725","2.80273","3.0152","7.48922","0","0","0","0","0","0","0","0"
"1.25055","0.250022","0.304983","0.0171437","0.281689","0.38409","0.71246","1.74665e-15","3.20285","2.77315","3.06743","7.45377","0","0","0","0","0","0","0","0"
"1.25405","0.250022","0.304983","0.0171554","0.279917","0.383628","0.698639","1.74268e-15","3.22264","2.81209","3.08279","7.23584","0","0","0","0","0","0","0","0"
"1.25733","0.250022","0.306529","0.0171727","0.281779","0.384521","0.679603","1.73519e-15","3.17001","2.84047","3.13652","7.12686","0","0","0","0","0","0","0","0"
"1.2607","0.250022","0.306529","0.0171929","0.292689","0.391841","0.703966","1.73002e-15","3.41628","2.88339","3.12377","7.13691","0","0","0","0","0","0","0","0"
"1.26408","0.250022","0.306529","0.0172102","0.291586","0.386307","0.677615","1.75015e-15","3.38379","2.87409","3.24853","7.04369","0","0","0","0","0","0","0","0"
"1.26748","0.250022","0.306529","0.0172303","0.292927","0.385862","0.660443","1.7572e-15","3.29993","2.8557","3.26514","7.20228","0","0","0","0","0","0","0","0"
"1.27098","0.250022","0.306529","0.0172575","0.295502","0.386715","0.698431","1.74049e-15","3.23264","2.81891","3.24006","7.04136","0","0","0","0","0","0","0","0"
"1.27425","0.250022","0.307803","0.0172948","0.298051","0.384692","0.708281","1.75042e-15","3.31716","2.79234","3.10022","7.07808","0","0","0","0","0","0","0","0"
"1.27763","0.250022","0.307803","0.0173269","0.296554","0.383757","0.687941","1.75483e-15","3.28087","2.78585","3.14523","7.33373","0","0","0","0","0","0","0","0"
"1.28102","0.250022","0.307803","0.0173642","0.295222","0.386927","0.749514","1.74211e-15","3.26828","2.78028","3.17217","7.26917","0","0","0","0","0","0","0","0"
"1.2844","0.250022","0.307803","0.0173963","0.299408","0.385933","0.797017","1.75469e-15","3.21354","2.75943","3.134","7.65192","0","0","0","0","0","0","0","0"
"1.2879","0.250022","0.307803","0.0174084","0.30304","0.390271","0.848337","1.74369e-15","3.17921","2.80453","3.26483","7.49071","0","0","0","0","0","0","0","0"
"1.29117","0.250022","0.31038","0.0174101","0.307464","0.391298","0.86345","1.74656e-15","3.20141","2.84151","3.15202","7.37612","0","0","0","0","0","0","0","0"
"1.29457","0.250022","0.31038","0.0174121","0.303949","0.392398","0.894264","1.75393e-15","3.21994","2.78561","2.99591","7.47068","0","0","0","0","0","0","0","0"
"1.29795","0.250022","0.31038","0.0174138","0.303353","0.392866","0.861207","1.74869e-15","3.18741","2.82032","3.10386","7.57115","0","0","0","0","0","0","0","0"
"1.30352","0.250022","0.31038","0.0174135","0.30535","0.398998","0.822459","1.73252e-15","3.07886","2.80056","3.20377","7.50127","0","0","0","0","0","0","0","0"
"1.3068","0.250022","0.313083","0.0174086","0.304568","0.398454","0.788361","1.73135e-15","3.03629","2.78901","3.39148","7.48761","0","0","0","0","0","0","0","0"
"1.31018","0.250022","0.313083","0.0174028","0.30764","0.402851","0.821365","1.75243e-15","3.02097","2.7924","3.2767","7.61595","0","0","0","0","0","0","0","0"
"1.3136","0.250022","0.313083","0.0173978","0.308284","0.403627","0.81636","1.74516e-15","3.02351","2.84882","3.18487","7.57488","0","0","0","0","0","0","0","0"
"1.317","0.250022","0.313083","0.017392","0.307578","0.404982","0.805053","1.74851e-15","2.96412","2.76819","3.16767","7.51476","0","0","0","0","0","0","0","0"
"1.32052","0.250022","0.313083","0.0173643","0.306813","0.402164","0.783112","1.72811e-15","2.98258","2.75012","3.22122","7.5164","0","0","0","0","0","0","0","0"
"1.32533","0.250022","0.316257","0.0172804","0.30407","0.397994","0.809784","1.7298e-15","2.97649","2.78825","2.89755","7.59911","0","0","0","0","0","0","0","0"
"1.32872","0.250022","0.316257","0.01723","0.300448","0.399114","0.800514","1.72679e-15","2.9759","2.86989","2.91857","7.51459","0","0","0","0","0","0","0","0"
"1.33212","0.250022","0.316257","0.0171712","0.297048","0.394848","0.781442","1.74664e-15","3.02315","2.85182","2.97526","7.71126","0","0","0","0","0","0","0","0"
"1.33622","0.250022","0.316257","0.017113","0.300512","0.398187","0.772191","1.73402e-15","2.96248","2.87627","2.87999","7.49955","0","0","0","0","0","0","0","0"
"1.33937","0.250022","0.319652","0.0170895","0.298518","0.396082","0.737334","1.71973e-15","2.93514","2.91311","3.09336","7.36045","0","0","0","0","0","0","0","0"
"1.34277","0.250022","0.319652","0.017066","0.299284","0.398066","0.773421","1.73475e-15","2.92832","2.87095","3.10663","7.61104","0","0","0","0","0","0","0","0"
"1.34615","0.250022","0.319652","0.0170386","0.297153","0.396583","0.762081","1.73662e-15","2.87419","2.8224","3.10606","7.67497","0","0","0","0","0","0","0","0"
"1.34953","0.250022","0.319652","0.0170151","0.29913","0.396429","0.759169","1.73076e-15","2.89164","2.82959","3.18187","7.58991","0","0","0","0","0","0","0","0"
"1.35318","0.250022","0.319652","0.0169944","0.299173","0.400651","0.762138","1.74261e-15","2.92702","2.79298","3.11149","7.49831","0","0","0","0","0","0","0","0"
"1.35645","0.250022","0.320922","0.0169902","0.300353","0.401701","0.752255","1.74182e-15","2.96449","2.75304","3.10213","7.57591","0","0","0","0","0","0","0","0"
"1.35983","0.250022","0.320922","0.0169867","0.299818","0.40142","0.735738","1.73966e-15","2.974","2.75557","3.13674","7.38398","0","0","0","0","0","0","0","0"
"1.36322","0.250022","0.320922","0.0169825","0.296386","0.400416","0.714965","1.75661e-15","2.98704","2.76554","3.26284","7.58935","0","0","0","0","0","0","0","0"
"1.3666","0.250022","0.320922","0.016979","0.297445","0.395328","0.715865","1.75201e-15","2.99441","2.77444","3.27946","7.48966","0","0","0","0","0","0","0","0"
"1.37008","0.250022","0.320922","0.0169814","0.293817","0.393386","0.713961","1.75393e-15","2.98542","2.76331","3.17464","7.49561","0","0","0","0","0","0","0","0"
"1.37337","0.250022","0.321591","0.0169911","0.292199","0.391611","0.699691","1.76157e-15","2.97685","2.76328","3.21792","7.50882","0","0","0","0","0","0","0","0"
"1.37675","0.250022","0.321591","0.0170023","0.293569","0.393458","0.683047","1.75576e-15","2.93505","2.79238","3.24919","7.38709","0","0","0","0","0","0","0","0"
"1.38013","0.250022","0.321591","0.0170119","0.293797","0.396192","0.688437","1.76045e-15","2.93592","2.76783","3.16747","7.47032","0","0","0","0","0","0","0","0"
"1.38353","0.250022","0.321591","0.0170231","0.292543","0.394922","0.679601","1.75693e-15","2.93127","2.78144","3.17328","7.45027","0","0","0","0","0","0","0","0"
"1.387","0.250022","0.321591","0.0170295","0.292711","0.398187","0.674992","1.75514e-15","2.95057","2.78286","3.14248","7.343","0","0","0","0","0","0","0","0"
"1.3903","0.250022","0.32231","0.017033","0.29655","0.397924","0.679264","1.75992e-15","2.96996","2.79685","3.05496","7.41882","0","0","0","0","0","0","0","0"
"1.39372","0.250022","0.32231","0.017036","0.298882","0.39911","0.670425","1.75647e-15","2.98232","2.79934","3.07387","7.34727","0","0","0","0","0","0","0","0"
"1.3971","0.250022","0.32231","0.0170395","0.301373","0.401558","0.677276","1.76399e-15","2.98705","2.85743","2.96293","7.43295","0","0","0","0","0","0","0","0"
"1.40048","0.250022","0.32231","0.0170425","0.302092","0.401322","0.69535","1.7679e-15","2.96492","2.82001","2.84067","7.49091","0","0","0","0","0","0","0","0"
"1.40397","0.250022","0.32231","0.0170408","0.301976","0.399832","0.690273","1.75864e-15","2.9402","2.83695","2.80556","7.41309","0","0","0","0","0","0","0","0"
"1.40725","0.250022","0.322297","0.017036","0.301462","0.398602","0.677841","1.76833e-15","2.91508","2.81487","2.86199","7.47291","0","0","0","0","0","0","0","0"
"1.41063","0.250022","0.322297","0.0170305","0.299766","0.397995","0.685061","1.76014e-15","2.96478","2.81986","2.771","7.46052","0","0","0","0","0","0","0","0"
"1.41402","0.250022","0.322297","0.0170257","0.300484","0.398347","0.687701","1.7618e-15","2.9681","2.88897","2.73677","7.42901","0","0","0","0","0","0","0","0"
"1.41742","0.250022","0.322297","0.0170201","0.300398","0.397259","0.68658","1.7676e-15","3.00526","2.91968","2.74686","7.46649","0","0","0","0","0","0","0","0"
"1.4209","0.250022","0.322297","0.0170178","0.297779","0.394797","0.682847","1.75997e-15","3.00329","2.90262","2.7372","7.38856","0","0","0","0","0","0","0","0"
"1.42418","0.250022","0.323433","0.0170165","0.297613","0.394177","0.668359","1.75637e-15","3.02992","2.91234","2.82282","7.40411","0","0","0","0","0","0","0","0"
"1.42757","0.250022","0.323433","0.0170155","0.299532","0.395952","0.687321","1.76284e-15","3.02006","2.91282","2.88458","7.31191","0","0","0","0","0","0","0","0"
"1.43095","0.250022","0.323433","0.0170142","0.298771","0.395615","0.694639","1.75957e-15","3.02649","2.92114","2.87572","7.2848","0","0","0","0","0","0","0","0"
"1.43433","0.250022","0.323433","0.0170131","0.297438","0.39645","0.69455","1.76115e-15","3.03544","2.91673","2.85405","7.25782","0","0","0","0","0","0","0","0"
"1.43787","0.250022","0.323433","0.0170117","0.296882","0.394448","0.692136","1.75442e-15","3.04237","2.90871","2.81632","7.13989","0","0","0","0","0","0","0","0"
"1.4411","0.250022","0.324122","0.0170103","0.295769","0.392132","0.692598","1.74753e-15","3.03069","2.90417","2.80612","7.05596","0","0","0","0","0","0","0","0"
"1.44448","0.250022","0.324122","0.0170088","0.292341","0.391657","0.706765","1.75799e-15","3.0461","2.89565","2.82254","7.07475","0","0","0","0","0","0","0","0"
"1.44788","0.250022","0.324122","0.0170074","0.29206","0.392012","0.714662","1.75512e-15","3.0298","2.87455","2.79085","7.01249","0","0","0","0","0","0","0","0"
"1.45127","0.250022","0.324122","0.0170059","0.292432","0.392324","0.747096","1.75435e-15","3.04082","2.86012","2.8136","6.96467","0","0","0","0","0","0","0","0"
"1.45475","0.250022","0.324122","0.017006","0.293353","0.392746","0.736701","1.74847e-15","3.04769","2.86756","2.83998","6.96621","0","0","0","0","0","0","0","0"
"1.45803","0.250022","0.324143","0.0170066","0.293087","0.391347","0.738774","1.73988e-15","3.07399","2.92554","2.783","6.92151","0","0","0","0","0","0","0","0"
"1.46142","0.250022","0.324143","0.017007","0.29263","0.390537","0.744686","1.74782e-15","3.05022","2.90175","2.76835","7.10174","0","0","0","0","0","0","0","0"
"1.4648","0.250022","0.324143","0.0170075","0.291446","0.38836","0.727654","1.74001e-15","3.05085","2.92718","2.84926","7.08308","0","0","0","0","0","0","0","0"
"1.47012","0.250022","0.324143","0.0170096","0.291368","0.388257","0.719828","1.73861e-15","3.06594","2.93059","2.85583","7.12262","0","0","0","0","0","0","0","0"
"1.4734","0.250022","0.323776","0.0170127","0.292456","0.387139","0.715075","1.74792e-15","3.05153","2.9255","2.86219","7.22141","0","0","0","0","0","0","0","0"
"1.47678","0.250022","0.323776","0.0170164","0.292529","0.386241","0.723918","1.74471e-15","3.03813","2.9392","2.94523","7.16004","0","0","0","0","0","0","0","0"
"1.4802","0.250022","0.323776","0.0170195","0.292288","0.385874","0.714544","1.7502e-15","3.02911","2.93893","2.96505","7.23503","0","0","0","0","0","0","0","0"
"1.48355","0.250022","0.323776","0.0170232","0.292594","0.385444","0.713142","1.75027e-15","3.00907","2.93634","2.91982","7.36662","0","0","0","0","0","0","0","0"
"1.48705","0.250022","0.323776","0.0170247","0.292052","0.385439","0.705688","1.74183e-15","2.99871","2.92371","2.93078","7.29174","0","0","0","0","0","0","0","0"
"1.49188","0.500044","0.323282","0.0196041","0.291332","0.384191","0.698694","1.74668e-15","2.96534","2.90541","2.99751","7.21965","0","0","0","0","0","0","0","0"
"1.49527","0.500044","0.323282","0.0232082","0.293789","0.384575","0.694863","1.74972e-15","2.96139","2.90414","3.01547","7.26724","0","0","0","0","0","0","0","0"
"1.4986","0.500044","0.323282","0.0290441","0.300906","0.387274","0.71127","1.74449e-15","3.06185","2.91421","2.97545","7.21552","0","0","0","0","0","0","0","0"
"1.50283","0.500044","0.323282","0.0340479","0.319572","0.402493","0.779216","1.74137e-15","3.44739","3.08823","4.33499","7.15057","0","0","0","0","0","0","0","0"
"1.50612","0.500044","0.321358","0.034045","0.359416","0.442232","0.832706","1.76263e-15","3.44853","3.34733","3.65433","7.32046","0","0","0","0","0","0","0","0"
"1.50948","0.500044","0.321358","0.0340415","0.381605","0.463688","0.983134","1.74305e-15","3.25727","3.18164","3.15457","7.20628","0","0","0","0","0","0","0","0"
"1.51285","0.500044","0.321358","0.0340385","0.413406","0.483518","0.984052","1.74081e-15","3.30955","3.08053","2.91525","6.81722","0","0","0","0","0","0","0","0"
"1.51625","0.500044","0.321358","0.034035","0.424968","0.493366","1.07102","1.76248e-15","3.11784","2.93854","2.87357","7.17297","0","0","0","0","0","0","0","0"
"1.51973","0.500044","0.321358","0.0340462","0.433866","0.501557","1.07597","1.71792e-15","3.20009","3.09623","2.76264","6.68997","0","0","0","0","0","0","0","0"
"1.52303","0.500044","0.329701","0.0340923","0.458565","0.517354","1.13458","1.75667e-15","3.04089","3.13876","2.5746","7.17984","0","0","0","0","0","0","0","0"
"1.52638","0.500044","0.329701","0.0341318","0.467017","0.52601","1.08715","1.74227e-15","3.06467","2.97785","2.67645","7.23919","0","0","0","0","0","0","0","0"
"1.5298","0.500044","0.329701","0.0341779","0.467863","0.5326","1.02907","1.7283e-15","3.12534","3.10656","2.72743","6.99653","0","0","0","0","0","0","0","0"
"1.5332","0.500044","0.329701","0.0342174","0.493362","0.550948","1.22041","1.7543e-15","3.14654","3.08185","2.69703","7.11119","0","0","0","0","0","0","0","0"
"1.53667","0.500044","0.329701","0.0342475","0.504025","0.568601","1.32171","1.69419e-15","3.1951","3.03199","2.66856","6.62285","0","0","0","0","0","0","0","0"
"1.54073","0.500044","0.371218","0.0342573","0.496053","0.570089","1.50896","1.71137e-15","3.12484","2.99149","2.54589","6.53631","0","0","0","0","0","0","0","0"
"1.5441","0.500044","0.371218","0.0342647","0.498702","0.560945","1.46403","1.74704e-15","3.26408","2.98057","2.49112","6.82062","0","0","0","0","0","0","0","0"
"1.54765","0.500044","0.371218","0.0342733","0.49913","0.565696","1.44667","1.73737e-15","3.21869","2.93106","2.57916","6.90002","0","0","0","0","0","0","0","0"
"1.55333","0.500044","0.371218","0.0342654","0.496425","0.567122","1.48273","1.69886e-15","3.05403","3.04889","2.72693","6.24595","0","0","0","0","0","0","0","0"
"1.5566","0.500044","0.40737","0.0342297","0.492557","0.570175","1.43259","1.72326e-15","3.12256","3.03658","2.8097","6.24141","0","0","0","0","0","0","0","0"
"1.56","0.500044","0.40737","0.0341881","0.494527","0.571288","1.50311","1.70598e-15","3.06129","3.05595","2.67025","6.28441","0","0","0","0","0","0","0","0"
"1.56338","0.500044","0.40737","0.0341525","0.493376","0.568062","1.47306","1.73788e-15","3.01824","3.09765","2.62066","6.53067","0","0","0","0","0","0","0","0"
"1.56678","0.500044","0.40737","0.0341109","0.496961","0.569013","1.5098","1.7115e-15","3.13895","2.95455","2.63302","6.58937","0","0","0","0","0","0","0","0"
"1.57025","0.500044","0.40737","0.0340965","0.494978","0.5672","1.59427","1.70053e-15","3.1031","2.90463","2.6927","6.3261","0","0","0","0","0","0","0","0"
"1.57355","0.500044","0.432938","0.0341045","0.491172","0.567384","1.49701","1.69675e-15","3.10438","2.91999","2.87614","6.26759","0","0","0","0","0","0","0","0"
"1.57692","0.500044","0.432938","0.0341113","0.488292","0.563361","1.43855","1.71576e-15","3.07667","2.98749","2.91814","6.56157","0","0","0","0","0","0","0","0"
"1.58032","0.500044","0.432938","0.0341193","0.474225","0.553615","1.35822","1.70151e-15","3.18339","3.03747","3.07","6.55274","0","0","0","0","0","0","0","0"
"1.58368","0.500044","0.432938","0.0341261","0.48256","0.564193","1.38979","1.72501e-15","3.12093","3.0585","2.81057","6.70492","0","0","0","0","0","0","0","0"
"1.58718","0.500044","0.432938","0.0341536","0.49081","0.571751","1.44903","1.70559e-15","3.13364","2.92467","2.6016","6.6843","0","0","0","0","0","0","0","0"
"1.5906","0.500044","0.448381","0.0341897","0.487811","0.569578","1.3905","1.71769e-15","3.09595","2.95136","2.70287","6.69806","0","0","0","0","0","0","0","0"
"1.59387","0.500044","0.448381","0.0342319","0.485841","0.564938","1.36522","1.70308e-15","3.03518","2.98029","2.67758","6.58766","0","0","0","0","0","0","0","0"
"1.59722","0.500044","0.448381","0.034268","0.487694","0.565928","1.32188","1.72721e-15","3.03239","3.04146","2.74416","7.05574","0","0","0","0","0","0","0","0"
"1.60063","0.500044","0.448381","0.0343101","0.479778","0.557845","1.26699","1.71518e-15","3.03177","3.08085","2.83545","6.97589","0","0","0","0","0","0","0","0"
"1.6041","0.500044","0.448381","0.0343298","0.476893","0.555773","1.24057","1.70436e-15","2.98944","3.03001","2.81411","6.85471","0","0","0","0","0","0","0","0"
"1.6074","0.500044","0.458425","0.0343433","0.478819","0.556517","1.21977","1.69889e-15","2.97658","3.10403","2.94008","6.93917","0","0","0","0","0","0","0","0"
"1.61077","0.500044","0.458425","0.0343549","0.474426","0.554761","1.21742","1.71564e-15","2.95478","3.1073","2.96298","6.92176","0","0","0","0","0","0","0","0"
"1.61417","0.500044","0.458425","0.0343683","0.47617","0.551768","1.22431","1.71135e-15","2.92656","3.04213","2.83365","6.73357","0","0","0","0","0","0","0","0"
"1.61753","0.500044","0.458425","0.0343799","0.471017","0.550153","1.21092","1.7204e-15","2.90576","2.97131","2.76745","6.57735","0","0","0","0","0","0","0","0"
"1.62107","0.500044","0.458425","0.0343613","0.474733","0.556923","1.18377","1.71878e-15","2.91503","2.98338","2.80322","6.37413","0","0","0","0","0","0","0","0"
"1.62445","0.500044","0.466026","0.0343344","0.482415","0.56506","1.1418","1.72722e-15","2.94879","3.08628","2.90788","6.11082","0","0","0","0","0","0","0","0"
"1.62772","0.500044","0.466026","0.0343029","0.485167","0.563279","1.25045","1.72939e-15","2.94689","3.05726","2.84596","6.03854","0","0","0","0","0","0","0","0"
"1.63108","0.500044","0.466026","0.034276","0.487157","0.5684","1.25194","1.72326e-15","2.89962","2.98375","2.79813","5.98102","0","0","0","0","0","0","0","0"
"1.63667","0.500044","0.466026","0.0342318","0.484247","0.565318","1.23624","1.73185e-15","2.92298","3.01409","2.85106","6.13557","0","0","0","0","0","0","0","0"
"1.63993","0.500044","0.470517","0.0342152","0.482132","0.558315","1.30119","1.73162e-15","2.93057","3.01637","2.93594","6.25053","0","0","0","0","0","0","0","0"
"1.64333","0.500044","0.470517","0.0341959","0.474424","0.550773","1.34461","1.72715e-15","2.97658","3.17039","2.73668","6.22433","0","0","0","0","0","0","0","0"
"1.64673","0.500044","0.470517","0.0341793","0.481904","0.555865","1.35439","1.73334e-15","3.04576","3.09833","2.70516","6.66415","0","0","0","0","0","0","0","0"
"1.6501","0.500044","0.470517","0.0341599","0.508399","0.585135","1.66189","1.72594e-15","3.33034","3.2895","3.12329","6.59494","0","0","0","0","0","0","0","0"
"1.65358","0.500044","0.470517","0.0341656","0.504671","0.585065","1.6682","1.71729e-15","3.32991","3.29723","2.97907","6.58398","0","0","0","0","0","0","0","0"
"1.65688","0.500044","0.476731","0.0341983","0.500072","0.581552","1.65003","1.70454e-15","3.28094","3.26852","2.93949","6.57562","0","0","0","0","0","0","0","0"
"1.66027","0.500044","0.476731","0.0342263","0.502199","0.588917","1.60693","1.72166e-15","3.2395","3.32213","2.99538","6.71093","0","0","0","0","0","0","0","0"
"1.66365","0.500044","0.476731","0.034259","0.509268","0.598449","1.60998","1.71683e-15","3.17995","3.22399","2.9023","6.82967","0","0","0","0","0","0","0","0"
"1.66702","0.500044","0.476731","0.034287","0.518352","0.599462","1.5792","1.72184e-15","3.17018","3.16945","2.89121","6.88994","0","0","0","0","0","0","0","0"
"1.67052","0.500044","0.476731","0.0343166","0.513642","0.597566","1.50136","1.70339e-15","3.21072","3.11097","3.09382","6.7627","0","0","0","0","0","0","0","0"
"1.67378","0.500044","0.482955","0.03434","0.50607","0.588883","1.43042","1.70224e-15","3.26636","3.19348","3.32038","6.56906","0","0","0","0","0","0","0","0"
"1.67718","0.500044","0.482955","0.0343673","0.503512","0.579968","1.44837","1.71144e-15","3.20614","3.16631","3.08509","6.71331","0","0","0","0","0","0","0","0"
"1.68055","0.500044","0.482955","0.0343907","0.508591","0.583639","1.43699","1.70352e-15","3.16121","3.11396","3.08566","6.50088","0","0","0","0","0","0","0","0"
"1.68397","0.500044","0.482955","0.0344181","0.511747","0.590469","1.38187","1.71688e-15","3.20664","3.10141","3.17966","6.71777","0","0","0","0","0","0","0","0"
"1.68743","0.500044","0.482955","0.0344185","0.515363","0.597669","1.36529","1.69092e-15","3.09845","3.03599","3.13787","6.69592","0","0","0","0","0","0","0","0"
"1.69073","0.500044","0.49239","0.0344057","0.512951","0.595574","1.3917","1.70637e-15","3.17227","3.03805","3.08646","6.84537","0","0","0","0","0","0","0","0"
"1.6941","0.500044","0.49239","0.0343947","0.514451","0.597955","1.39578","1.69723e-15","3.18749","2.97043","2.96962","6.83322","0","0","0","0","0","0","0","0"
"1.6975","0.500044","0.49239","0.0343818","0.511527","0.601805","1.37555","1.7108e-15","3.19153","2.94015","2.88227","6.97184","0","0","0","0","0","0","0","0"
"1.70087","0.500044","0.49239","0.0343708","0.512348","0.60266","1.36443","1.70124e-15","3.15515","2.89203","2.81705","6.89112","0","0","0","0","0","0","0","0"
"1.70438","0.500044","0.49239","0.0343665","0.505124","0.593066","1.39361","1.70955e-15","3.11354","2.91639","2.66388","6.68955","0","0","0","0","0","0","0","0"
"1.70763","0.500044","0.499478","0.0343657","0.500242","0.591202","1.36941","1.70532e-15","3.10521","2.93133","2.66715","6.9356","0","0","0","0","0","0","0","0"
"1.71105","0.500044","0.499478","0.0343648","0.502456","0.588271","1.41632","1.72131e-15","3.07453","2.97106","2.67182","6.87928","0","0","0","0","0","0","0","0"
"1.71442","0.500044","0.499478","0.0343641","0.500679","0.582112","1.54153","1.72813e-15","3.0424","2.95497","2.5787","7.04042","0","0","0","0","0","0","0","0"
"1.72","0.500044","0.499478","0.0343719","0.502219","0.578344","1.54054","1.70341e-15","3.01675","2.93119","2.56845","6.79323","0","0","0","0","0","0","0","0"
"1.72327","0.500044","0.506105","0.0343895","0.503356","0.583993","1.48462","1.71283e-15","2.93313","2.9776","2.69331","6.71806","0","0","0","0","0","0","0","0"
"1.72667","0.500044","0.506105","0.0344101","0.498376","0.576079","1.42783","1.71207e-15","2.98018","2.95261","2.78495","6.93303","0","0","0","0","0","0","0","0"
"1.73003","0.500044","0.506105","0.0344277","0.499768","0.579347","1.38595","1.7117e-15","2.9471","2.94876","2.84221","6.69967","0","0","0","0","0","0","0","0"
"1.73343","0.500044","0.506105","0.0344483","0.499651","0.578114","1.32884","1.72644e-15","2.92073","2.98403","2.9717","6.89047","0","0","0","0","0","0","0","0"
"1.7369","0.500044","0.506105","0.0344678","0.502102","0.581533","1.29879","1.70899e-15","2.89619","2.9655","2.98991","6.69933","0","0","0","0","0","0","0","0"
"1.74022","0.500044","0.508468","0.0344926","0.508363","0.581746","1.27216","1.73373e-15","2.9817","2.92722","3.15638","7.05581","0","0","0","0","0","0","0","0"
"1.74358","0.500044","0.508468","0.0345139","0.507761","0.583107","1.3646","1.72456e-15","2.99301","2.92861","3.00919","6.9208","0","0","0","0","0","0","0","0"
"1.74698","0.500044","0.508468","0.0345388","0.50422","0.576877","1.36318","1.73453e-15","2.98898","2.89491","3.01262","7.07973","0","0","0","0","0","0","0","0"
"1.75035","0.500044","0.508468","0.0345601","0.501506","0.580499","1.39754","1.72527e-15","2.97016","2.86279","2.88896","7.19588","0","0","0","0","0","0","0","0"
"1.75385","0.500044","0.508468","0.0345514","0.495284","0.574816","1.33538","1.71788e-15","3.0283","2.87394","3.01963","7.08938","0","0","0","0","0","0","0","0"
"1.75712","0.500044","0.509578","0.0345224","0.494434","0.57544","1.3108","1.72884e-15","3.03307","2.88717","3.00526","7.12793","0","0","0","0","0","0","0","0"
"1.76052","0.500044","0.509578","0.0344885","0.499591","0.581101","1.28689","1.7193e-15","2.95938","2.85483","3.04081","7.03467","0","0","0","0","0","0","0","0"
"1.76385","0.500044","0.509578","0.0344595","0.493274","0.571434","1.23997","1.72915e-15","2.96163","2.90074","3.15748","7.24619","0","0","0","0","0","0","0","0"
"1.76745","0.500044","0.509578","0.0344257","0.487514","0.564714","1.19734","1.72868e-15","2.98657","2.89647","3.25039","7.29497","0","0","0","0","0","0","0","0"
"1.77078","0.500044","0.509578","0.0344318","0.491936","0.573341","1.21059","1.71846e-15","2.9521","2.91583","3.26535","6.93663","0","0","0","0","0","0","0","0"
"1.77402","0.500044","0.511992","0.0344554","0.48498","0.570023","1.24409","1.7348e-15","2.98645","2.94399","3.21139","7.23641","0","0","0","0","0","0","0","0"
"1.77738","0.500044","0.511992","0.0344829","0.484745","0.566694","1.18951","1.72534e-15","2.94492","2.91281","3.35683","7.26265","0","0","0","0","0","0","0","0"
"1.78093","0.500044","0.511992","0.0345104","0.484771","0.569453","1.19477","1.74294e-15","3.10209","3.01448","3.2195","7.42692","0","0","0","0","0","0","0","0"
"1.78448","0.500044","0.511992","0.0345341","0.483276","0.570112","1.19646","1.73656e-15","3.08458","3.05934","3.11124","7.41226","0","0","0","0","0","0","0","0"
"1.78782","0.500044","0.511992","0.0345567","0.480287","0.566543","1.22002","1.72588e-15","3.07922","3.07445","2.94942","7.28282","0","0","0","0","0","0","0","0"
"1.79263","0.500044","0.512183","0.0345833","0.484666","0.566054","1.20369","1.73163e-15","3.14452","3.0545","2.91567","7.49051","0","0","0","0","0","0","0","0"
"1.79615","0.500044","0.512183","0.034604","0.493768","0.571616","1.21377","1.74013e-15","3.07037","3.00344","2.78947","7.44106","0","0","0","0","0","0","0","0"
"1.79953","0.500044","0.512183","0.0346218","0.49961","0.58208","1.23206","1.73344e-15","3.19083","3.3431","2.83815","7.10292","0","0","0","0","0","0","0","0"
"1.8033","0.500044","0.512183","0.0346506","0.498493","0.580619","1.17253","1.75137e-15","3.12933","3.25899","3.01416","6.81762","0","0","0","0","0","0","0","0"
"1.8065","0.500044","0.51095","0.0347","0.496041","0.578454","1.15176","1.72483e-15","3.09296","3.1948","3.01428","6.83619","0","0","0","0","0","0","0","0"
"1.81","0.500044","0.51095","0.0347493","0.496764","0.580655","1.15859","1.74251e-15","3.07307","3.12054","2.90912","7.00755","0","0","0","0","0","0","0","0"
"1.8134","0.500044","0.51095","0.0347916","0.496445","0.580161","1.17275","1.7231e-15","3.07831","3.08602","2.81531","7.01862","0","0","0","0","0","0","0","0"
"1.81677","0.500044","0.51095","0.0348409","0.495673","0.579868","1.25392","1.73955e-15","3.10511","3.02178","2.78743","7.25612","0","0","0","0","0","0","0","0"
"1.82023","0.500044","0.51095","0.0348591","0.499396","0.578803","1.35029","1.72055e-15","3.05789","3.08457","2.73937","6.99703","0","0","0","0","0","0","0","0"
"1.82353","0.500044","0.51148","0.0348521","0.503886","0.587306","1.46438","1.73804e-15","3.0112","3.03857","2.92454","7.10693","0","0","0","0","0","0","0","0"
"1.82697","0.500044","0.51148","0.0348462","0.501184","0.586367","1.44019","1.72719e-15","3.00015","3.0052","2.97454","7.14899","0","0","0","0","0","0","0","0"
"1.83022","0.500044","0.51148","0.0348402","0.504122","0.585455","1.40911","1.73193e-15","2.97521","2.99131","3.01775","7.2104","0","0","0","0","0","0","0","0"
"1.83377","0.500044","0.51148","0.0348333","0.512385","0.593968","1.48921","1.73718e-15","2.99986","3.04637","3.0503","7.38877","0","0","0","0","0","0","0","0"
"1.83725","0.500044","0.51148","0.0348156","0.507182","0.585843","1.42347","1.72816e-15","3.02997","3.06699","3.26123","7.3662","0","0","0","0","0","0","0","0"
"1.84048","0.500044","0.513556","0.0347936","0.508783","0.5884","1.42104","1.73972e-15","3.04292","3.0527","3.19223","7.43381","0","0","0","0","0","0","0","0"
"1.84402","0.500044","0.513556","0.0347679","0.512702","0.58859","1.44913","1.73637e-15","3.0118","3.05503","3.15383","7.35164","0","0","0","0","0","0","0","0"
"1.84738","0.500044","0.513556","0.0347459","0.513153","0.589426","1.43686","1.74183e-15","2.98653","3.01939","3.16","7.46685","0","0","0","0","0","0","0","0"
"1.85078","0.500044","0.513556","0.0347203","0.516917","0.595927","1.41418","1.74701e-15","2.99915","3.02847","3.14896","7.34921","0","0","0","0","0","0","0","0"
"1.85443","0.500044","0.513556","0.0347139","0.51367","0.594216","1.37539","1.73649e-15","2.97828","3.02192","3.23089","7.32436","0","0","0","0","0","0","0","0"
"1.858","0.500044","0.515541","0.0347152","0.511874","0.593176","1.32769","1.73482e-15","2.97923","3.04175","3.39087","7.24419","0","0","0","0","0","0","0","0"
"1.8618","0.500044","0.515541","0.0347165","0.507545","0.590536","1.30229","1.74052e-15","2.97195","3.08236","3.40542","7.43939","0","0","0","0","0","0","0","0"
"1.86502","0.500044","0.515541","0.0347176","0.500664","0.58637","1.27545","1.73273e-15","2.99732","3.07165","3.45682","7.38676","0","0","0","0","0","0","0","0"
"1.86948","0.500044","0.515541","0.03472","0.503552","0.589256","1.25257","1.73782e-15","2.97579","3.03975","3.42734","7.41338","0","0","0","0","0","0","0","0"
"1.87283","0.500044","0.517943","0.0347235","0.502313","0.590912","1.32627","1.73327e-15","2.99466","3.03062","3.19251","7.45968","0","0","0","0","0","0","0","0"
"1.87617","0.500044","0.517943","0.0347275","0.506144","0.595047","1.44103","1.73872e-15","3.01154","3.00051","3.18349","7.38877","0","0","0","0","0","0","0","0"
"1.87983","0.500044","0.517943","0.0347315","0.505246","0.596057","1.42518","1.74344e-15","3.00001","3.02831","3.15201","7.38492","0","0","0","0","0","0","0","0"
"1.88662","0.500044","0.517943","0.0347405","0.509857","0.60269","1.45241","1.74839e-15","2.96732","3.0444","3.07551","7.26204","0","0","0","0","0","0","0","0"
"1.89025","0.500044","0.519308","0.0347521","0.507289","0.599568","1.45007","1.7389e-15","2.9534","3.03451","3.03225","7.2695","0","0","0","0","0","0","0","0"
"1.89385","0.500044","0.519308","0.0347654","0.501108","0.592149","1.39978","1.7406e-15","2.95724","3.04319","3.18668","7.30471","0","0","0","0","0","0","0","0"
"1.89725","0.500044","0.519308","0.0347753","0.509379","0.601461","1.42796","1.73338e-15","2.99428","3.07409","3.08174","7.33496","0","0","0","0","0","0","0","0"
"1.90063","0.500044","0.519308","0.0347869","0.512925","0.601957","1.40748","1.7316e-15","3.02388","3.07761","3.11969","7.34928","0","0","0","0","0","0","0","0"
"1.90413","0.500044","0.519308","0.0347903","0.510947","0.600639","1.39437","1.73363e-15","3.0091","3.05204","3.12701","7.32159","0","0","0","0","0","0","0","0"
"1.90742","0.500044","0.520363","0.0347906","0.510411","0.600459","1.36987","1.72715e-15","3.03462","3.05524","3.16924","7.2668","0","0","0","0","0","0","0","0"
"1.9108","0.500044","0.520363","0.0347907","0.515829","0.604722","1.36275","1.73968e-15","3.05653","3.04653","3.16775","7.41645","0","0","0","0","0","0","0","0"
"1.91418","0.500044","0.520363","0.0347909","0.510936","0.600672","1.32609","1.73509e-15","3.04346","3.05479","3.28673","7.33534","0","0","0","0","0","0","0","0"
"1.91757","0.500044","0.520363","0.0347911","0.507868","0.596322","1.3001","1.74591e-15","3.04401","3.05939","3.35564","7.38777","0","0","0","0","0","0","0","0"
"1.92107","0.500044","0.520363","0.0347832","0.506781","0.595775","1.27152","1.73704e-15","3.04336","3.02707","3.42737","7.33009","0","0","0","0","0","0","0","0"
"1.92435","0.500044","0.522003","0.0347735","0.507538","0.595384","1.30278","1.74762e-15","3.0374","3.03339","3.2522","7.37787","0","0","0","0","0","0","0","0"
"1.92773","0.500044","0.522003","0.0347623","0.510328","0.598186","1.33224","1.74229e-15","3.01047","3.00261","3.15753","7.39067","0","0","0","0","0","0","0","0"
"1.93112","0.500044","0.522003","0.0347526","0.510949","0.597547","1.33425","1.74415e-15","3.02654","3.00343","3.15363","7.36273","0","0","0","0","0","0","0","0"
"1.9345","0.500044","0.522003","0.0347414","0.507562","0.59386","1.30946","1.74549e-15","3.06272","3.01449","3.23006","7.4457","0","0","0","0","0","0","0","0"
"1.93798","0.500044","0.522003","0.0347363","0.507805","0.594508","1.32192","1.74358e-15","3.05214","2.99736","3.17225","7.27575","0","0","0","0","0","0","0","0"
"1.94127","0.500044","0.523407","0.0347315","0.507093","0.594633","1.29991","1.7488e-15","3.05497","2.99092","3.21715","7.34378","0","0","0","0","0","0","0","0"
"1.94467","0.500044","0.523407","0.0347273","0.505562","0.592959","1.28261","1.74381e-15","3.12419","2.9802","3.24022","7.3677","0","0","0","0","0","0","0","0"
"1.94803","0.500044","0.523407","0.0347225","0.509815","0.593517","1.33689","1.74902e-15","3.15737","3.01742","3.25151","7.45721","0","0","0","0","0","0","0","0"
"1.95142","0.500044","0.523407","0.0347183","0.508332","0.592914","1.32203","1.74696e-15","3.14846","3.02647","3.25289","7.35242","0","0","0","0","0","0","0","0"
"1.95492","0.500044","0.523407","0.0347155","0.512199","0.598931","1.34058","1.74376e-15","3.13409","3.07362","3.16877","7.281","0","0","0","0","0","0","0","0"
"1.95818","0.500044","0.52378","0.0347133","0.511554","0.599183","1.31558","1.74062e-15","3.12381","3.0558","3.24882","7.2709","0","0","0","0","0","0","0","0"
"1.96158","0.500044","0.52378","0.0347108","0.506352","0.59551","1.29444","1.7471e-15","3.14069","3.06467","3.31883","7.2799","0","0","0","0","0","0","0","0"
"1.96497","0.500044","0.52378","0.0347087","0.509716","0.600973","1.34758","1.7461e-15","3.11827","3.06149","3.4472","7.30694","0","0","0","0","0","0","0","0"
"1.97002","0.500044","0.52378","0.0347037","0.51265","0.604062","1.36812","1.7405e-15","3.06314","3.05362","3.30024","7.28496","0","0","0","0","0","0","0","0"
"1.97357","0.500044","0.524097","0.0346985","0.512044","0.602","1.3655","1.74822e-15","3.064","3.03735","3.25067","7.28595","0","0","0","0","0","0","0","0"
"1.97668","0.500044","0.524097","0.0346926","0.512946","0.599991","1.38631","1.7435e-15","3.02402","3.03619","3.15143","7.23168","0","0","0","0","0","0","0","0"
"1.98008","0.500044","0.524097","0.0346874","0.513648","0.60105","1.36751","1.74791e-15","3.00564","3.01688","3.19149","7.21378","0","0","0","0","0","0","0","0"
"1.98345","0.500044","0.524097","0.0346815","0.513001","0.600616","1.3409","1.74532e-15","3.0024","2.98531","3.26803","7.18953","0","0","0","0","0","0","0","0"
"1.98695","0.500044","0.524097","0.0346774","0.513169","0.600065","1.34368","1.743e-15","2.99921","2.98509","3.21056","7.19594","0","0","0","0","0","0","0","0"
"1.99023","0.500044","0.525322","0.034674","0.511413","0.599208","1.34451","1.75143e-15","2.9992","2.96188","3.20411","7.27074","0","0","0","0","0","0","0","0"
"1.99365","0.500044","0.525322","0.034671","0.51034","0.597053","1.34752","1.7454e-15","3.00398","2.97743","3.1379","7.22675","0","0","0","0","0","0","0","0"
"2.00825","0.500044","0.525322","0.0346589","0.50522","0.594535","1.32368","1.7443e-15","3.05641","3.04913","3.15016","7.12663","0","0","0","0","0","0","0","0"
"2.01072","0.500044","0.526504","0.034656","0.501984","0.59173","1.31191","1.74257e-15","3.05838","3.04036","3.15877","7.14201","0","0","0","0","0","0","0","0"
"2.0141","0.500044","0.526504","0.0346535","0.500845","0.591792","1.29756","1.74857e-15","3.05299","3.0305","3.1922","7.18551","0","0","0","0","0","0","0","0"
"2.01748","0.500044","0.526504","0.0346506","0.500592","0.592478","1.29705","1.74543e-15","3.0455","3.02105","3.16097","7.17728","0","0","0","0","0","0","0","0"
"2.021","0.500044","0.526504","0.0346482","0.501365","0.592211","1.2812","1.74425e-15","3.04099","3.03502","3.19136","7.17884","0","0","0","0","0","0","0","0"
"2.02425","0.500044","0.526524","0.0346456","0.500733","0.592453","1.264","1.74044e-15","3.02903","3.02972","3.23183","7.17378","0","0","0","0","0","0","0","0"
"2.0276","0.500044","0.526524","0.0346433","0.503459","0.594655","1.25073","1.74487e-15","3.0053","3.00877","3.25992","7.18205","0","0","0","0","0","0","0","0"
"2.03093","0.500044","0.526524","0.0346407","0.504352","0.593335","1.24155","1.74096e-15","3.0326","3.02206","3.25785","7.17747","0","0","0","0","0","0","0","0"
"2.03427","0.500044","0.526524","0.0346384","0.502786","0.593405","1.24451","1.74727e-15","3.02748","3.01688","3.20665","7.1834","0","0","0","0","0","0","0","0"
"2.03793","0.500044","0.526524","0.0346388","0.50418","0.593056","1.2488","1.73973e-15","3.02399","3.01682","3.18167","7.15632","0","0","0","0","0","0","0","0"
"2.04123","0.500044","0.525871","0.0346403","0.504628","0.594426","1.25287","1.7459e-15","3.01799","3.01035","3.1684","7.13846","0","0","0","0","0","0","0","0"
"2.04462","0.500044","0.525871","0.0346416","0.507518","0.595236","1.26502","1.73916e-15","3.00218","3.01577","3.10828","7.10274","0","0","0","0","0","0","0","0"
"2.04802","0.500044","0.525871","0.0346432","0.50817","0.594579","1.29113","1.74462e-15","2.99447","3.01149","3.01455","7.1817","0","0","0","0","0","0","0","0"
"2.05332","0.500044","0.525871","0.0346454","0.506788","0.592975","1.29686","1.73561e-15","2.97685","2.99451","2.97164","7.0691","0","0","0","0","0","0","0","0"
"2.05658","0.500044","0.525863","0.0346469","0.504676","0.591856","1.30164","1.73898e-15","2.97562","2.9835","2.92176","7.03721","0","0","0","0","0","0","0","0"
"2.06","0.500044","0.525863","0.0346486","0.502835","0.590743","1.28885","1.73348e-15","2.9988","2.97368","2.93252","7.02729","0","0","0","0","0","0","0","0"
"2.06338","0.500044","0.525863","0.0346501","0.503828","0.591465","1.286","1.73631e-15","3.01609","2.9708","2.95778","7.0358","0","0","0","0","0","0","0","0"
"2.06677","0.500044","0.525863","0.0346518","0.507302","0.595476","1.31706","1.73258e-15","3.03075","2.95648","2.9142","6.96832","0","0","0","0","0","0","0","0"
"2.07023","0.500044","0.525863","0.0346497","0.506479","0.595131","1.30259","1.72669e-15","3.01723","2.9379","2.94964","6.91823","0","0","0","0","0","0","0","0"
"2.07353","0.500044","0.526379","0.0346432","0.505617","0.594094","1.30254","1.72498e-15","3.01486","2.92895","2.90759","6.85787","0","0","0","0","0","0","0","0"
"2.07692","0.500044","0.526379","0.0346376","0.505241","0.593958","1.29741","1.72516e-15","3.01605","2.93072","2.91902","6.86791","0","0","0","0","0","0","0","0"
"2.0803","0.500044","0.526379","0.0346311","0.505163","0.593404","1.31015","1.72921e-15","3.03377","2.93363","2.90399","6.85209","0","0","0","0","0","0","0","0"
"2.08367","0.500044","0.526379","0.0346255","0.50453","0.593305","1.31752","1.72741e-15","3.03421","2.92479","2.94722","6.82285","0","0","0","0","0","0","0","0"
"2.08717","0.500044","0.526379","0.0346204","0.504236","0.592408","1.30843","1.72972e-15","3.01902","2.9211","2.95033","6.83971","0","0","0","0","0","0","0","0"
"2.09047","0.500044","0.526407","0.034617","0.503692","0.592744","1.30272","1.72714e-15","3.02113","2.91597","2.94577","6.89937","0","0","0","0","0","0","0","0"
"2.09385","0.500044","0.526407","0.034613","0.501816","0.591529","1.29642","1.72902e-15","3.01903","2.92188","2.93771","6.8916","0","0","0","0","0","0","0","0"
"2.09722","0.500044","0.526407","0.0346096","0.50017","0.590612","1.27888","1.72905e-15","3.01183","2.92277","2.99532","6.94147","0","0","0","0","0","0","0","0"
"2.10062","0.500044","0.526407","0.0346057","0.499802","0.590481","1.27472","1.73104e-15","3.03632","2.96367","2.99962","6.97189","0","0","0","0","0","0","0","0"
"2.10408","0.500044","0.526407","0.034605","0.500005","0.592283","1.32371","1.72671e-15","3.04322","2.96544","3.07374","6.99868","0","0","0","0","0","0","0","0"
"2.1074","0.500044","0.526679","0.0346058","0.501407","0.593281","1.32505","1.72942e-15","3.04976","2.97932","3.02652","6.96543","0","0","0","0","0","0","0","0"
"2.11077","0.500044","0.526679","0.0346065","0.503222","0.595066","1.33965","1.72865e-15","3.04394","3.01933","3.00387","6.97505","0","0","0","0","0","0","0","0"
"2.11417","0.500044","0.526679","0.0346073","0.505935","0.597871","1.35358","1.73023e-15","3.0623","3.00691","2.95837","6.92613","0","0","0","0","0","0","0","0"
"2.11753","0.500044","0.526679","0.034608","0.506178","0.598195","1.35303","1.73027e-15","3.03533","3.00355","2.93424","6.97801","0","0","0","0","0","0","0","0"
"2.12103","0.500044","0.526679","0.03461","0.506715","0.59818","1.337","1.72776e-15","3.05027","3.01977","2.96774","6.95534","0","0","0","0","0","0","0","0"
"2.1243","0.500044","0.526386","0.0346122","0.507939","0.597212","1.34044","1.72744e-15","3.06726","3.0187","2.97351","7.00486","0","0","0","0","0","0","0","0"
"2.1277","0.500044","0.526386","0.0346148","0.508064","0.597448","1.32766","1.72472e-15","3.05757","3.01682","2.99309","6.97379","0","0","0","0","0","0","0","0"
"2.13107","0.500044","0.526386","0.0346169","0.505858","0.596484","1.31974","1.72859e-15","3.05954","3.01465","2.99849","7.0388","0","0","0","0","0","0","0","0"
"2.13667","0.500044","0.526386","0.0346201","0.505435","0.596942","1.31491","1.72026e-15","3.08179","3.02414","2.97027","6.96078","0","0","0","0","0","0","0","0"
"2.13992","0.500044","0.526842","0.0346207","0.506808","0.596","1.32664","1.71847e-15","3.07557","3.01341","2.92717","6.91739","0","0","0","0","0","0","0","0"
"2.14333","0.500044","0.526842","0.0346213","0.5042","0.594753","1.31305","1.72134e-15","3.08356","3.02922","2.95475","6.99992","0","0","0","0","0","0","0","0"
"2.1467","0.500044","0.526842","0.0346218","0.504408","0.595346","1.30065","1.71939e-15","3.08457","3.02443","2.98206","6.94175","0","0","0","0","0","0","0","0"
"2.1501","0.500044","0.526842","0.0346224","0.503038","0.594141","1.28875","1.72392e-15","3.07643","3.01788","3.00004","7.00433","0","0","0","0","0","0","0","0"
"2.15357","0.500044","0.526842","0.0346217","0.502486","0.593014","1.29332","1.72154e-15","3.07795","3.02251","2.98421","6.956","0","0","0","0","0","0","0","0"
"2.15687","0.500044","0.527522","0.0346196","0.502545","0.592897","1.29651","1.7275e-15","3.06002","3.00663","2.94775","7.01168","0","0","0","0","0","0","0","0"
"2.16023","0.500044","0.527522","0.0346177","0.504134","0.594048","1.30664","1.72318e-15","3.05577","3.00746","3.00214","6.95644","0","0","0","0","0","0","0","0"
"2.16365","0.500044","0.527522","0.0346156","0.506711","0.594079","1.30966","1.72946e-15","3.0521","3.01451","2.98875","7.11763","0","0","0","0","0","0","0","0"
"2.167","0.500044","0.527522","0.0346137","0.507607","0.59466","1.31365","1.72448e-15","3.04215","3.00018","2.9755","7.05903","0","0","0","0","0","0","0","0"
"2.17052","0.500044","0.527522","0.0346131","0.505503","0.592223","1.29737","1.72278e-15","3.04028","3.00812","3.02667","7.04466","0","0","0","0","0","0","0","0"
"2.17378","0.500044","0.527256","0.0346135","0.503719","0.589683","1.29024","1.71791e-15","3.03806","3.01158","3.03216","7.02585","0","0","0","0","0","0","0","0"
"2.17718","0.500044","0.527256","0.034614","0.50283","0.589019","1.28685","1.72348e-15","3.0372","3.01598","3.02746","7.09726","0","0","0","0","0","0","0","0"
"2.18055","0.500044","0.527256","0.0346145","0.501663","0.58766","1.27328","1.71848e-15","3.03754","3.02262","3.06991","7.06068","0","0","0","0","0","0","0","0"
"2.18395","0.500044","0.527256","0.034615","0.502192","0.588243","1.28434","1.72385e-15","3.03818","3.01566","3.05883","7.11808","0","0","0","0","0","0","0","0"
"2.18743","0.500044","0.527256","0.0346143","0.502237","0.589417","1.28949","1.72073e-15","3.03763","3.02856","3.0273","7.04768","0","0","0","0","0","0","0","0"
"2.19072","0.500044","0.527087","0.0346129","0.502971","0.589879","1.31049","1.72007e-15","3.04708","3.03407","2.99574","7.03855","0","0","0","0","0","0","0","0"
"2.19408","0.500044","0.527087","0.0346116","0.504465","0.590459","1.3287","1.72039e-15","3.05115","3.03281","2.99919","7.04086","0","0","0","0","0","0","0","0"
"2.19748","0.500044","0.527087","0.0346102","0.504285","0.591212","1.3242","1.7173e-15","3.0497","3.03044","2.99238","7.03794","0","0","0","0","0","0","0","0"
"2.20088","0.500044","0.527087","0.0346089","0.504674","0.591246","1.32918","1.72086e-15","3.03954","3.024","2.96729","7.04683","0","0","0","0","0","0","0","0"
"2.20437","0.500044","0.527087","0.0346113","0.502791","0.589173","1.316","1.71576e-15","3.04408","3.02586","2.99868","7.02545","0","0","0","0","0","0","0","0"
"2.20763","0.500044","0.526732","0.0346147","0.502352","0.588894","1.30944","1.71971e-15","3.02988","3.02647","2.99831","7.02816","0","0","0","0","0","0","0","0"
"2.21103","0.500044","0.526732","0.0346187","0.500163","0.587406","1.3042","1.71528e-15","3.02927","3.0145","3.00904","7.01775","0","0","0","0","0","0","0","0"
"2.21442","0.500044","0.526732","0.0346221","0.499301","0.58683","1.29435","1.71848e-15","3.04359","3.02198","3.0285","7.07003","0","0","0","0","0","0","0","0"
"2.21998","0.500044","0.526732","0.0346261","0.499485","0.587702","1.29392","1.7142e-15","3.06675","3.03415","3.02499","7.02253","0","0","0","0","0","0","0","0"
"2.22325","0.500044","0.526648","0.0346249","0.499263","0.586935","1.29393","1.71275e-15","3.06463","3.03876","3.00355","6.97349","0","0","0","0","0","0","0","0"
"2.22665","0.500044","0.526648","0.0346235","0.499491","0.587921","1.29066","1.71283e-15","3.04631","3.03323","2.98566","6.99607","0","0","0","0","0","0","0","0"
"2.23003","0.500044","0.526648","0.0346224","0.500144","0.588368","1.29578","1.71248e-15","3.03952","3.0274","2.96303","6.95456","0","0","0","0","0","0","0","0"
"2.23343","0.500044","0.526648","0.034621","0.502222","0.589612","1.32828","1.71291e-15","3.04639","3.04835","2.94391","6.95114","0","0","0","0","0","0","0","0"
"2.2369","0.500044","0.526648","0.0346169","0.500966","0.588716","1.33321","1.71334e-15","3.04637","3.04694","2.89829","6.92619","0","0","0","0","0","0","0","0"
"2.2402","0.500044","0.52625","0.0346088","0.501471","0.590069","1.33443","1.71054e-15","3.07742","3.06111","2.88129","6.89968","0","0","0","0","0","0","0","0"
"2.24358","0.500044","0.52625","0.0346019","0.502396","0.589363","1.34096","1.71431e-15","3.08365","3.0612","2.84303","6.93668","0","0","0","0","0","0","0","0"
"2.24697","0.500044","0.52625","0.0345938","0.502118","0.589715","1.33296","1.71064e-15","3.09384","3.05055","2.85562","6.90963","0","0","0","0","0","0","0","0"
"2.25033","0.500044","0.52625","0.0345869","0.503115","0.590018","1.3352","1.71385e-15","3.09584","3.04328","2.83652","6.94934","0","0","0","0","0","0","0","0"
"2.25385","0.500044","0.52625","0.0345793","0.500585","0.587224","1.32882","1.71261e-15","3.10455","3.05967","2.83683","6.88303","0","0","0","0","0","0","0","0"
"2.25712","0.500044","0.52607","0.0345731","0.499487","0.586961","1.31875","1.71498e-15","3.09808","3.06156","2.86048","6.92343","0","0","0","0","0","0","0","0"
"2.26052","0.500044","0.52607","0.0345659","0.501749","0.588794","1.32698","1.71271e-15","3.12875","3.13244","2.90047","6.89906","0","0","0","0","0","0","0","0"
"2.26387","0.500044","0.52607","0.0345598","0.501408","0.589031","1.31811","1.71094e-15","3.11846","3.12257","2.91781","6.91212","0","0","0","0","0","0","0","0"
"2.26728","0.500044","0.52607","0.0345526","0.500172","0.589146","1.30743","1.71313e-15","3.12074","3.13136","2.93654","6.92204","0","0","0","0","0","0","0","0"
"2.27075","0.500044","0.52607","0.0345489","0.500249","0.588513","1.29972","1.70886e-15","3.10252","3.12624","2.9498","6.9019","0","0","0","0","0","0","0","0"
"2.27405","0.500044","0.526204","0.034546","0.50103","0.589437","1.29207","1.7124e-15","3.09326","3.12594","2.9582","6.91918","0","0","0","0","0","0","0","0"
"2.27742","0.500044","0.526204","0.0345436","0.499777","0.590227","1.29225","1.70844e-15","3.08828","3.12433","2.9457","6.92558","0","0","0","0","0","0","0","0"
"2.28082","0.500044","0.526204","0.0345407","0.498909","0.590142","1.28534","1.71361e-15","3.09158","3.11737","2.9496","6.9658","0","0","0","0","0","0","0","0"
"2.28418","0.500044","0.526204","0.0345382","0.498623","0.590014","1.27739","1.70973e-15","3.0919","3.1071","2.96128","6.93336","0","0","0","0","0","0","0","0"
"2.2877","0.500044","0.526204","0.0345347","0.499362","0.590094","1.27605","1.70915e-15","3.08508","3.10083","2.96398","6.93068","0","0","0","0","0","0","0","0"
"2.29097","0.500044","0.526061","0.0345314","0.498242","0.58985","1.27222","1.70692e-15","3.09134","3.10389","2.95784","6.88013","0","0","0","0","0","0","0","0"
"2.29437","0.500044","0.526061","0.0345275","0.497767","0.590129","1.26236","1.70836e-15","3.08474","3.1028","2.98476","6.90127","0","0","0","0","0","0","0","0"
"2.29773","0.500044","0.526061","0.0345242","0.497358","0.58979","1.26051","1.70768e-15","3.08434","3.09574","2.97548","6.89076","0","0","0","0","0","0","0","0"
"2.30332","0.500044","0.526061","0.0345184","0.497289","0.589107","1.26196","1.70695e-15","3.08596","3.09982","2.94793","6.87393","0","0","0","0","0","0","0","0"
"2.30658","0.500044","0.526081","0.0345154","0.497028","0.588311","1.26192","1.70563e-15","3.08356","3.10223","2.92314","6.8495","0","0","0","0","0","0","0","0"
"2.31013","0.500044","0.526081","0.034512","0.49633","0.587986","1.26122","1.70596e-15","3.07581","3.11238","2.90977","6.86791","0","0","0","0","0","0","0","0"
"2.31335","0.500044","0.526081","0.0345091","0.501578","0.592683","1.29265","1.71013e-15","3.09854","3.1375","3.06123","6.87234","0","0","0","0","0","0","0","0"
"2.31677","0.500044","0.526081","0.0345056","0.500098","0.591364","1.28545","1.70771e-15","3.10003","3.13406","3.06898","6.82955","0","0","0","0","0","0","0","0"
"2.32023","0.500044","0.526081","0.0345033","0.501536","0.591613","1.31164","1.70439e-15","3.11221","3.12689","3.12476","6.81523","0","0","0","0","0","0","0","0"
"2.32353","0.500044","0.525939","0.0345013","0.500405","0.591442","1.31859","1.70566e-15","3.12058","3.12061","3.12781","6.79654","0","0","0","0","0","0","0","0"
"2.32692","0.500044","0.525939","0.0344996","0.499977","0.59087","1.3167","1.70413e-15","3.11511","3.12732","3.13542","6.79102","0","0","0","0","0","0","0","0"
"2.3303","0.500044","0.525939","0.0344976","0.50101","0.591861","1.32126","1.70859e-15","3.13644","3.14012","3.10533","6.85663","0","0","0","0","0","0","0","0"
"2.33367","0.500044","0.525939","0.0344959","0.501472","0.591651","1.32368","1.70567e-15","3.12917","3.127","3.07128","6.8188","0","0","0","0","0","0","0","0"
"2.33718","0.500044","0.525939","0.0344929","0.502611","0.592317","1.32172","1.70701e-15","3.1287","3.1085","3.10166","6.79949","0","0","0","0","0","0","0","0"
"2.34045","0.500044","0.526025","0.0344895","0.50315","0.592025","1.31674","1.70587e-15","3.12861","3.11182","3.11053","6.76691","0","0","0","0","0","0","0","0"
"2.34383","0.500044","0.526025","0.0344857","0.504662","0.594081","1.33375","1.70719e-15","3.14824","3.11805","3.12278","6.80283","0","0","0","0","0","0","0","0"
"2.34722","0.500044","0.526025","0.0344823","0.504812","0.594491","1.33549","1.7064e-15","3.14119","3.10256","3.09445","6.80361","0","0","0","0","0","0","0","0"
"2.35062","0.500044","0.526025","0.0344784","0.503572","0.593159","1.33021","1.70603e-15","3.13734","3.10165","3.08961","6.79991","0","0","0","0","0","0","0","0"
"2.3541","0.500044","0.526025","0.0344731","0.502409","0.593261","1.33372","1.70567e-15","3.13539","3.09511","3.07542","6.76689","0","0","0","0","0","0","0","0"
"2.3574","0.500044","0.526485","0.0344657","0.50301","0.592935","1.33014","1.70416e-15","3.13115","3.09039","3.06407","6.72343","0","0","0","0","0","0","0","0"
"2.36075","0.500044","0.526485","0.0344594","0.502767","0.592684","1.32486","1.7092e-15","3.12768","3.08314","3.06891","6.79866","0","0","0","0","0","0","0","0"
"2.36415","0.500044","0.526485","0.0344519","0.502301","0.593102","1.32428","1.70913e-15","3.12558","3.08334","3.05097","6.77588","0","0","0","0","0","0","0","0"
"2.36753","0.500044","0.526485","0.0344456","0.502452","0.593464","1.32024","1.70842e-15","3.12389","3.08371","3.04401","6.78627","0","0","0","0","0","0","0","0"
"2.37103","0.500044","0.526485","0.0344442","0.502656","0.593128","1.32208","1.71089e-15","3.12054","3.08125","3.0176","6.80473","0","0","0","0","0","0","0","0"
"2.37433","0.500044","0.52696","0.0344451","0.503094","0.59398","1.32611","1.70781e-15","3.12401","3.08784","3.00679","6.79297","0","0","0","0","0","0","0","0"
"2.3777","0.500044","0.52696","0.0344461","0.501805","0.593192","1.31953","1.71043e-15","3.12322","3.08647","3.01261","6.78721","0","0","0","0","0","0","0","0"
"2.3811","0.500044","0.52696","0.034447","0.501145","0.592458","1.3101","1.71202e-15","3.11878","3.08003","3.03861","6.76186","0","0","0","0","0","0","0","0"
"2.38665","0.500044","0.52696","0.0344502","0.502249","0.594011","1.30019","1.70652e-15","3.1791","3.15475","3.07002","6.70785","0","0","0","0","0","0","0","0"
"2.38992","0.500044","0.527066","0.0344543","0.501299","0.59326","1.29586","1.70903e-15","3.17425","3.15222","3.06791","6.71395","0","0","0","0","0","0","0","0"
"2.39332","0.500044","0.527066","0.0344591","0.50209","0.59294","1.28927","1.71097e-15","3.18525","3.15133","3.07625","6.71131","0","0","0","0","0","0","0","0"
"2.3967","0.500044","0.527066","0.0344632","0.50166","0.592689","1.30193","1.7074e-15","3.17779","3.14632","3.05164","6.68688","0","0","0","0","0","0","0","0"
"2.4001","0.500044","0.527066","0.034468","0.501037","0.593088","1.29847","1.71287e-15","3.17325","3.13271","3.05095","6.76387","0","0","0","0","0","0","0","0"
"2.40357","0.500044","0.527066","0.0344727","0.502007","0.593908","1.32324","1.71039e-15","3.15948","3.12443","3.09844","6.76597","0","0","0","0","0","0","0","0"
"2.40687","0.500044","0.5271","0.0344788","0.503896","0.595577","1.33884","1.71081e-15","3.1523","3.12107","3.12116","6.76916","0","0","0","0","0","0","0","0"
"2.41023","0.500044","0.5271","0.0344841","0.502572","0.594429","1.3299","1.71544e-15","3.15102","3.11835","3.14729","6.77631","0","0","0","0","0","0","0","0"
"2.41363","0.500044","0.5271","0.0344902","0.501942","0.593612","1.32592","1.71189e-15","3.15174","3.11479","3.1369","6.7568","0","0","0","0","0","0","0","0"
"2.417","0.500044","0.5271","0.0344955","0.502782","0.594274","1.32377","1.71123e-15","3.1455","3.10988","3.12995","6.76689","0","0","0","0","0","0","0","0"
"2.4205","0.500044","0.5271","0.0345012","0.502192","0.593098","1.31875","1.71383e-15","3.13738","3.11647","3.12615","6.77085","0","0","0","0","0","0","0","0"
"2.42378","0.500044","0.527084","0.0345059","0.500453","0.591388","1.31073","1.71187e-15","3.14302","3.12188","3.15085","6.73333","0","0","0","0","0","0","0","0"
"2.42717","0.500044","0.527084","0.0345114","0.499643","0.590353","1.30587","1.71483e-15","3.13663","3.11579","3.1604","6.78125","0","0","0","0","0","0","0","0"
"2.43055","0.500044","0.527084","0.0345161","0.49923","0.589412","1.30302","1.71375e-15","3.13754","3.11255","3.157","6.75883","0","0","0","0","0","0","0","0"
"2.43395","0.500044","0.527084","0.0345216","0.49955","0.589622","1.30513","1.71548e-15","3.12437","3.10393","3.14175","6.78458","0","0","0","0","0","0","0","0"
"2.43742","0.500044","0.527084","0.0345253","0.49901","0.589459","1.30355","1.71444e-15","3.11653","3.09855","3.1339","6.76775","0","0","0","0","0","0","0","0"
"2.44072","0.500044","0.527118","0.0345288","0.497969","0.588122","1.29793","1.71459e-15","3.1191","3.09674","3.13766","6.77138","0","0","0","0","0","0","0","0"
"2.44408","0.500044","0.527118","0.0345319","0.498435","0.588762","1.29055","1.7169e-15","3.11739","3.0834","3.16245","6.77777","0","0","0","0","0","0","0","0"
"2.44748","0.500044","0.527118","0.0345355","0.499658","0.589456","1.30724","1.71427e-15","3.12898","3.06462","3.11029","6.74343","0","0","0","0","0","0","0","0"
"2.45087","0.500044","0.527118","0.0345386","0.50004","0.590027","1.30304","1.71566e-15","3.12632","3.07072","3.11816","6.79104","0","0","0","0","0","0","0","0"
"2.45437","0.500044","0.527118","0.0345422","0.500162","0.590502","1.30456","1.71551e-15","3.11745","3.05988","3.10502","6.76572","0","0","0","0","0","0","0","0"
"2.45763","0.500044","0.526662","0.0345453","0.49959","0.591068","1.3034","1.71556e-15","3.11773","3.0633","3.09516","6.7859","0","0","0","0","0","0","0","0"
"2.46103","0.500044","0.526662","0.0345489","0.499992","0.591438","1.3014","1.7175e-15","3.11049","3.0646","3.08451","6.78641","0","0","0","0","0","0","0","0"
"2.4644","0.500044","0.526662","0.034552","0.499515","0.591147","1.29655","1.71451e-15","3.10467","3.05814","3.08722","6.7568","0","0","0","0","0","0","0","0"
"2.46985","0.500044","0.526662","0.0345568","0.497852","0.590122","1.29641","1.71769e-15","3.1109","3.06092","3.08575","6.77834","0","0","0","0","0","0","0","0"
"2.47322","0.500044","0.526358","0.0345593","0.497938","0.588908","1.30462","1.71471e-15","3.1188","3.06981","3.05524","6.74828","0","0","0","0","0","0","0","0"
"2.47655","0.500044","0.526358","0.0345614","0.498193","0.589743","1.29804","1.71782e-15","3.1138","3.06962","3.07204","6.78704","0","0","0","0","0","0","0","0"
"2.48005","0.500044","0.526358","0.0345639","0.500258","0.590611","1.29968","1.72108e-15","3.12617","3.09009","3.05718","6.81703","0","0","0","0","0","0","0","0"
"2.48343","0.500044","0.526358","0.0345664","0.500037","0.590347","1.30314","1.71807e-15","3.11815","3.08672","3.03434","6.79534","0","0","0","0","0","0","0","0"
"2.48692","0.500044","0.526358","0.0345695","0.499812","0.589465","1.29591","1.71602e-15","3.12158","3.09999","3.05166","6.7917","0","0","0","0","0","0","0","0"
"2.49022","0.500044","0.52651","0.0345741","0.50036","0.590363","1.29622","1.71946e-15","3.1139","3.09091","3.03749","6.81684","0","0","0","0","0","0","0","0"
"2.49377","0.500044","0.52651","0.0345781","0.501216","0.590208","1.29714","1.71748e-15","3.10448","3.08432","3.03526","6.77921","0","0","0","0","0","0","0","0"
"2.49715","0.500044","0.52651","0.0345827","0.50097","0.589678","1.30096","1.71889e-15","3.09909","3.08161","3.00166","6.83935","0","0","0","0","0","0","0","0"
"2.50053","0.500044","0.52651","0.0345866","0.500558","0.588699","1.29722","1.72137e-15","3.09676","3.08242","3.00043","6.89305","0","0","0","0","0","0","0","0"
"2.50402","0.500044","0.52651","0.0345895","0.501144","0.588554","1.29717","1.71876e-15","3.10448","3.09251","2.9901","6.86667","0","0","0","0","0","0","0","0"
"2.5073","0.500044","0.526467","0.0345909","0.50256","0.590436","1.29908","1.71805e-15","3.12693","3.11643","2.97439","6.87492","0","0","0","0","0","0","0","0"
"2.51063","0.500044","0.526467","0.0345924","0.502182","0.590123","1.29426","1.72199e-15","3.13139","3.10966","2.9833","6.94331","0","0","0","0","0","0","0","0"
"2.514","0.500044","0.526467","0.0345938","0.502586","0.589837","1.29982","1.71954e-15","3.12208","3.10099","2.95886","6.92126","0","0","0","0","0","0","0","0"
"2.51735","0.500044","0.526467","0.0345953","0.502664","0.589379","1.30959","1.71821e-15","3.12005","3.10278","2.93461","6.95838","0","0","0","0","0","0","0","0"
"2.52098","0.500044","0.526467","0.0345955","0.501263","0.588247","1.30612","1.71986e-15","3.12249","3.10504","2.93272","6.93285","0","0","0","0","0","0","0","0"
"2.52423","0.500044","0.526675","0.0345951","0.50079","0.587312","1.30148","1.71746e-15","3.12223","3.11137","2.93946","6.91423","0","0","0","0","0","0","0","0"
"2.52763","0.500044","0.526675","0.0345948","0.502128","0.587547","1.31102","1.71816e-15","3.11905","3.09987","2.92048","6.93477","0","0","0","0","0","0","0","0"
"2.531","0.500044","0.526675","0.0345944","0.502911","0.588633","1.31975","1.72294e-15","3.11107","3.09973","2.8937","6.97875","0","0","0","0","0","0","0","0"
"2.5344","0.500044","0.526675","0.034594","0.502408","0.588438","1.31491","1.72183e-15","3.11014","3.103","2.90109","6.94527","0","0","0","0","0","0","0","0"
"2.53788","0.500044","0.526675","0.0345933","0.502887","0.588366","1.31184","1.72047e-15","3.11047","3.09626","2.9007","6.94672","0","0","0","0","0","0","0","0"
"2.5424","0.500044","0.526675","0.0345925","0.502335","0.588114","1.30925","1.72347e-15","3.10689","3.09319","2.89914","6.96983","0","0","0","0","0","0","0","0"
"2.54523","0.500044","0.526861","0.0345916","0.50227","0.587942","1.31207","1.72538e-15","3.09685","3.09318","2.87553","6.99914","0","0","0","0","0","0","0","0"
"2.54797","0.500044","0.526861","0.0345909","0.502096","0.587895","1.30812","1.72342e-15","3.10542","3.09857","2.87989","6.96887","0","0","0","0","0","0","0","0"
"2.55345","0.500044","0.526861","0.034588","0.500826","0.587199","1.29523","1.7246e-15","3.09769","3.10787","2.91272","6.96312","0","0","0","0","0","0","0","0"
"2.55672","0.500044","0.526851","0.0345843","0.501036","0.587557","1.29062","1.72438e-15","3.10651","3.10739","2.92265","6.93681","0","0","0","0","0","0","0","0"
"2.56017","0.500044","0.526851","0.03458","0.502099","0.587813","1.29211","1.72261e-15","3.10222","3.10241","2.93025","6.90042","0","0","0","0","0","0","0","0"
"2.56373","0.500044","0.526851","0.0345764","0.503335","0.588177","1.28622","1.7243e-15","3.11164","3.11093","2.94489","6.92332","0","0","0","0","0","0","0","0"
"2.56695","0.500044","0.526851","0.0345721","0.503239","0.588532","1.28155","1.72697e-15","3.10946","3.10208","2.95018","6.94558","0","0","0","0","0","0","0","0"
"2.57037","0.500044","0.526851","0.0345695","0.502384","0.587776","1.27641","1.72308e-15","3.10482","3.09916","2.95986","6.92846","0","0","0","0","0","0","0","0"
"2.57368","0.500044","0.526816","0.0345677","0.50212","0.587572","1.27008","1.7227e-15","3.10187","3.10203","2.97271","6.9565","0","0","0","0","0","0","0","0"
"2.57705","0.500044","0.526816","0.0345662","0.502239","0.588218","1.27426","1.72544e-15","3.09603","3.08657","2.95838","6.99439","0","0","0","0","0","0","0","0"
"2.58043","0.500044","0.526816","0.0345645","0.502445","0.588611","1.28152","1.72437e-15","3.09839","3.09108","2.94709","6.97663","0","0","0","0","0","0","0","0"
"2.58382","0.500044","0.526816","0.0345629","0.502904","0.588931","1.29245","1.72392e-15","3.09602","3.08603","2.92937","6.96422","0","0","0","0","0","0","0","0"
"2.58737","0.500044","0.526816","0.0345613","0.502616","0.588007","1.30266","1.72499e-15","3.09501","3.08556","2.91529","6.97593","0","0","0","0","0","0","0","0"
"2.5906","0.500044","0.526823","0.0345599","0.503158","0.588382","1.30006","1.72508e-15","3.07785","3.08021","2.91522","6.97611","0","0","0","0","0","0","0","0"
"2.59398","0.500044","0.526823","0.0345583","0.502219","0.58692","1.30969","1.7254e-15","3.08116","3.08514","2.89972","6.97615","0","0","0","0","0","0","0","0"
"2.59742","0.500044","0.526823","0.0345569","0.501938","0.587712","1.31303","1.72887e-15","3.07706","3.08241","2.87613","7.02678","0","0","0","0","0","0","0","0"
"2.60077","0.500044","0.526823","0.0345553","0.501517","0.587363","1.30726","1.7281e-15","3.07197","3.07645","2.8877","7.0058","0","0","0","0","0","0","0","0"
"2.60427","0.500044","0.526823","0.0345535","0.501886","0.58777","1.30635","1.72452e-15","3.07452","3.08076","2.93417","6.98925","0","0","0","0","0","0","0","0"
"2.60758","0.500044","0.526888","0.0345513","0.501879","0.588307","1.32208","1.72537e-15","3.07323","3.07749","2.96223","7.02637","0","0","0","0","0","0","0","0"
"2.6109","0.500044","0.526888","0.0345493","0.503002","0.589321","1.31992","1.72887e-15","3.09305","3.08199","2.96686","7.06077","0","0","0","0","0","0","0","0"
"2.61428","0.500044","0.526888","0.034547","0.502451","0.588494","1.32236","1.72761e-15","3.09017","3.08018","2.95292","7.02853","0","0","0","0","0","0","0","0"
"2.61767","0.500044","0.526888","0.034545","0.503993","0.589935","1.33146","1.72723e-15","3.08549","3.07032","2.94129","7.02803","0","0","0","0","0","0","0","0"
"2.62117","0.500044","0.526888","0.0345439","0.504072","0.590749","1.32789","1.72931e-15","3.09742","3.07229","2.94146","7.07382","0","0","0","0","0","0","0","0"
"2.6245","0.500044","0.526781","0.0345434","0.503965","0.590312","1.3211","1.72866e-15","3.09922","3.06944","2.95988","7.05135","0","0","0","0","0","0","0","0"
"2.62783","0.500044","0.526781","0.0345428","0.504138","0.590071","1.32225","1.7271e-15","3.09074","3.06674","2.93948","7.05492","0","0","0","0","0","0","0","0"
"2.63122","0.500044","0.526781","0.0345422","0.50367","0.589885","1.32718","1.72921e-15","3.0831","3.06355","2.92033","7.08268","0","0","0","0","0","0","0","0"
"2.63655","0.500044","0.526781","0.0345412","0.50498","0.591083","1.33192","1.72567e-15","3.07406","3.05603","2.93476","7.06574","0","0","0","0","0","0","0","0"
"2.63982","0.500044","0.526816","0.0345398","0.504382","0.590291","1.32648","1.72834e-15","3.07514","3.065","2.94249","7.09985","0","0","0","0","0","0","0","0"
"2.6432","0.500044","0.526816","0.0345387","0.504291","0.59001","1.32763","1.72751e-15","3.07442","3.06253","2.9295","7.07234","0","0","0","0","0","0","0","0"
"2.64658","0.500044","0.526816","0.0345374","0.503926","0.590214","1.32236","1.72785e-15","3.06935","3.05518","2.93616","7.10589","0","0","0","0","0","0","0","0"
"2.64997","0.500044","0.526816","0.0345362","0.505321","0.591528","1.32336","1.72962e-15","3.06507","3.0592","2.92432","7.11707","0","0","0","0","0","0","0","0"
"2.65345","0.500044","0.526816","0.0345355","0.504461","0.590129","1.32092","1.72698e-15","3.06541","3.06143","2.91456","7.08245","0","0","0","0","0","0","0","0"
"2.65673","0.500044","0.52714","0.0345354","0.503745","0.590162","1.31645","1.72954e-15","3.06118","3.06204","2.92301","7.13387","0","0","0","0","0","0","0","0"
"2.66013","0.500044","0.52714","0.0345354","0.503879","0.589941","1.32704","1.72981e-15","3.05814","3.06082","2.92443","7.11732","0","0","0","0","0","0","0","0"
"2.6635","0.500044","0.52714","0.0345354","0.504535","0.590929","1.33016","1.73014e-15","3.05566","3.05606","2.90729","7.12128","0","0","0","0","0","0","0","0"
"2.66688","0.500044","0.52714","0.0345353","0.504595","0.590913","1.32462","1.73336e-15","3.05385","3.05517","2.91548","7.15819","0","0","0","0","0","0","0","0"
"2.6704","0.500044","0.52714","0.034536","0.504622","0.590762","1.32491","1.73234e-15","3.05255","3.04603","2.90306","7.12604","0","0","0","0","0","0","0","0"
"2.67367","0.500044","0.527281","0.0345375","0.505072","0.591067","1.31866","1.73214e-15","3.05144","3.05144","2.9173","7.15526","0","0","0","0","0","0","0","0"
"2.67705","0.500044","0.527281","0.0345388","0.505098","0.591183","1.31277","1.73566e-15","3.04711","3.04813","2.93318","7.18238","0","0","0","0","0","0","0","0"
"2.68045","0.500044","0.527281","0.0345404","0.504051","0.589707","1.30591","1.73407e-15","3.04521","3.04956","2.95149","7.16181","0","0","0","0","0","0","0","0"
"2.68387","0.500044","0.527281","0.0345417","0.504711","0.590704","1.31609","1.73735e-15","3.05692","3.05851","2.96027","7.21442","0","0","0","0","0","0","0","0"
"2.6873","0.500044","0.527281","0.0345433","0.505516","0.590585","1.31749","1.73573e-15","3.05596","3.04972","2.93823","7.19193","0","0","0","0","0","0","0","0"
"2.69053","0.500044","0.527367","0.0345447","0.504681","0.589747","1.313","1.73527e-15","3.06267","3.05011","2.94407","7.19443","0","0","0","0","0","0","0","0"
"2.69387","0.500044","0.527367","0.0345463","0.504586","0.590181","1.31165","1.73818e-15","3.05861","3.05502","2.93769","7.25086","0","0","0","0","0","0","0","0"
"2.69723","0.500044","0.527367","0.0345477","0.504721","0.590168","1.31089","1.73697e-15","3.05438","3.05778","2.92444","7.21611","0","0","0","0","0","0","0","0"
"2.70062","0.500044","0.527367","0.0345493","0.504574","0.589727","1.31318","1.7377e-15","3.05106","3.059","2.92924","7.22964","0","0","0","0","0","0","0","0"
"2.7041","0.500044","0.527367","0.0345517","0.504438","0.589952","1.30899","1.73788e-15","3.05229","3.05612","2.94122","7.21527","0","0","0","0","0","0","0","0"
"2.70733","0.500044","0.527501","0.0345547","0.504832","0.59029","1.30559","1.73713e-15","3.05223","3.05409","2.94214","7.19265","0","0","0","0","0","0","0","0"
"2.71092","0.500044","0.527501","0.0345581","0.504472","0.590666","1.30642","1.7388e-15","3.05854","3.0527","2.93291","7.21569","0","0","0","0","0","0","0","0"
"2.7143","0.500044","0.527501","0.0345616","0.503892","0.590297","1.2991","1.73843e-15","3.0592","3.0516","2.95541","7.21469","0","0","0","0","0","0","0","0"
"2.72013","0.500044","0.527501","0.0345672","0.506001","0.591752","1.31381","1.7391e-15","3.06743","3.04521","2.98777","7.22401","0","0","0","0","0","0","0","0"
"2.72342","0.500044","0.527445","0.0345703","0.505974","0.591303","1.31128","1.73785e-15","3.07539","3.04745","2.98474","7.20488","0","0","0","0","0","0","0","0"
"2.72695","0.500044","0.527445","0.0345739","0.505373","0.590717","1.30701","1.73898e-15","3.07404","3.04258","2.98886","7.20463","0","0","0","0","0","0","0","0"
"2.73018","0.500044","0.527445","0.0345771","0.506638","0.59181","1.31327","1.73968e-15","3.06495","3.04631","2.99467","7.18897","0","0","0","0","0","0","0","0"
"2.73357","0.500044","0.527445","0.0345807","0.506161","0.591093","1.31074","1.73893e-15","3.06102","3.04396","2.98953","7.17427","0","0","0","0","0","0","0","0"
"2.73708","0.500044","0.527445","0.0345833","0.506759","0.591545","1.31156","1.7392e-15","3.06242","3.04836","2.98565","7.15705","0","0","0","0","0","0","0","0"
"2.74035","0.500044","0.527495","0.0345856","0.506878","0.592255","1.31554","1.73695e-15","3.05586","3.05242","2.98137","7.15138","0","0","0","0","0","0","0","0"
"2.74373","0.500044","0.527495","0.0345877","0.50669","0.592047","1.31219","1.73952e-15","3.05118","3.0557","2.98314","7.19229","0","0","0","0","0","0","0","0"
"2.74707","0.500044","0.527495","0.03459","0.506955","0.591433","1.32404","1.73918e-15","3.05977","3.05392","2.98134","7.16825","0","0","0","0","0","0","0","0"
"2.75057","0.500044","0.527495","0.034592","0.506793","0.591513","1.33831","1.73962e-15","3.06044","3.0491","2.97136","7.20049","0","0","0","0","0","0","0","0"
"2.75407","0.500044","0.527495","0.0345933","0.506057","0.591244","1.337","1.73976e-15","3.05785","3.05077","2.96138","7.19322","0","0","0","0","0","0","0","0"
"2.75737","0.500044","0.527757","0.0345937","0.506217","0.591413","1.33883","1.73827e-15","3.05078","3.04623","2.94398","7.1718","0","0","0","0","0","0","0","0"
"2.76073","0.500044","0.527757","0.0345942","0.506788","0.592175","1.35239","1.73987e-15","3.05875","3.04944","2.94293","7.18221","0","0","0","0","0","0","0","0"
"2.76407","0.500044","0.527757","0.0345946","0.50707","0.593245","1.35487","1.74019e-15","3.05164","3.04513","2.94668","7.17821","0","0","0","0","0","0","0","0"
"2.76742","0.500044","0.527757","0.0345951","0.506842","0.592783","1.34956","1.73903e-15","3.0409","3.04037","2.95398","7.16776","0","0","0","0","0","0","0","0"
"2.77093","0.500044","0.527757","0.0345962","0.50714","0.593559","1.36425","1.74016e-15","3.03866","3.04963","2.95858","7.16779","0","0","0","0","0","0","0","0"
"2.77418","0.500044","0.527955","0.0345978","0.507361","0.593035","1.36129","1.73773e-15","3.03371","3.04525","2.95494","7.14627","0","0","0","0","0","0","0","0"
"2.77753","0.500044","0.527955","0.0345992","0.507038","0.592752","1.36228","1.73888e-15","3.03276","3.04391","2.93543","7.16686","0","0","0","0","0","0","0","0"
"2.78103","0.500044","0.527955","0.0346008","0.506996","0.592883","1.35952","1.74137e-15","3.02734","3.04116","2.93428","7.19403","0","0","0","0","0","0","0","0"
"2.78442","0.500044","0.527955","0.0346022","0.506477","0.592514","1.35782","1.73951e-15","3.02605","3.03436","2.92893","7.18308","0","0","0","0","0","0","0","0"
"2.78792","0.500044","0.527955","0.034603","0.506097","0.592272","1.3553","1.73813e-15","3.02907","3.03647","2.9234","7.18253","0","0","0","0","0","0","0","0"
"2.79118","0.500044","0.528069","0.0346034","0.505836","0.591946","1.35492","1.73862e-15","3.03551","3.04379","2.92016","7.17387","0","0","0","0","0","0","0","0"
"2.79453","0.500044","0.528069","0.0346039","0.506781","0.5929","1.35507","1.7382e-15","3.0407","3.04178","2.91438","7.16736","0","0","0","0","0","0","0","0"
"2.79808","0.500044","0.528069","0.0346044","0.505371","0.59156","1.3477","1.73892e-15","3.04316","3.04013","2.93458","7.18264","0","0","0","0","0","0","0","0"
"2.80365","0.500044","0.528069","0.0346052","0.50644","0.592413","1.34462","1.73721e-15","3.0434","3.04583","2.93141","7.15728","0","0","0","0","0","0","0","0"
"2.80693","0.500044","0.528189","0.0346059","0.506363","0.592059","1.34191","1.74005e-15","3.05023","3.05068","2.92632","7.18425","0","0","0","0","0","0","0","0"
"2.81032","0.500044","0.528189","0.0346066","0.506189","0.591802","1.35155","1.73844e-15","3.05421","3.04988","2.91587","7.16697","0","0","0","0","0","0","0","0"
"2.8164","0.500044","0.528189","0.0346073","0.506682","0.592666","1.34804","1.73911e-15","3.07357","3.05582","2.92159","7.1903","0","0","0","0","0","0","0","0"
"2.81778","0.500044","0.528189","0.0346079","0.506612","0.592346","1.34312","1.74122e-15","3.07826","3.05822","2.93065","7.21258","0","0","0","0","0","0","0","0"
"2.8206","0.500044","0.528189","0.0346074","0.507558","0.592733","1.33848","1.73933e-15","3.08382","3.05335","2.94103","7.19344","0","0","0","0","0","0","0","0"
"2.82388","0.500044","0.528124","0.0346062","0.508029","0.592628","1.33968","1.73811e-15","3.08264","3.05106","2.93664","7.1935","0","0","0","0","0","0","0","0"
"2.82727","0.500044","0.528124","0.0346048","0.508585","0.59399","1.34767","1.74116e-15","3.07143","3.0452","2.96317","7.22743","0","0","0","0","0","0","0","0"
"2.83063","0.500044","0.528124","0.0346036","0.509991","0.596105","1.34794","1.74008e-15","3.07495","3.06533","2.97144","7.22403","0","0","0","0","0","0","0","0"
"2.83402","0.500044","0.528124","0.0346022","0.510639","0.596361","1.35005","1.74042e-15","3.08448","3.07107","2.95923","7.22969","0","0","0","0","0","0","0","0"
"2.8375","0.500044","0.528124","0.034601","0.510495","0.595806","1.35173","1.74067e-15","3.08536","3.07641","2.94304","7.22375","0","0","0","0","0","0","0","0"
"2.84092","0.500044","0.528208","0.0345996","0.509441","0.595054","1.35056","1.7388e-15","3.08653","3.07862","2.93329","7.20473","0","0","0","0","0","0","0","0"
"2.84417","0.500044","0.528208","0.0345985","0.509317","0.594806","1.3462","1.73895e-15","3.0859","3.07982","2.94139","7.22146","0","0","0","0","0","0","0","0"
"2.84757","0.500044","0.528208","0.0345971","0.508981","0.594297","1.34111","1.74134e-15","3.09418","3.08352","2.95013","7.24239","0","0","0","0","0","0","0","0"
"2.85093","0.500044","0.528208","0.0345959","0.509181","0.594417","1.34839","1.74028e-15","3.09015","3.07741","2.93485","7.23026","0","0","0","0","0","0","0","0"
"2.85443","0.500044","0.528208","0.0345956","0.509823","0.595119","1.34492","1.73865e-15","3.08541","3.07357","2.93903","7.22116","0","0","0","0","0","0","0","0"
"2.85772","0.500044","0.528734","0.0345957","0.511286","0.595938","1.34946","1.74083e-15","3.08168","3.06666","2.93438","7.23508","0","0","0","0","0","0","0","0"
"2.8611","0.500044","0.528734","0.0345958","0.511874","0.596327","1.35121","1.7401e-15","3.08147","3.06706","2.92913","7.20914","0","0","0","0","0","0","0","0"
"2.86448","0.500044","0.528734","0.0345959","0.511187","0.595647","1.34926","1.74049e-15","3.08398","3.06921","2.9254","7.23222","0","0","0","0","0","0","0","0"
"2.8679","0.500044","0.528734","0.034596","0.510663","0.595435","1.34789","1.74152e-15","3.08416","3.06353","2.92033","7.22266","0","0","0","0","0","0","0","0"
"2.87135","0.500044","0.528734","0.0345965","0.510363","0.595156","1.34396","1.74024e-15","3.08724","3.06243","2.92481","7.21211","0","0","0","0","0","0","0","0"
"2.87463","0.500044","0.529053","0.0345972","0.510234","0.594692","1.34536","1.74223e-15","3.08627","3.06079","2.926","7.2295","0","0","0","0","0","0","0","0"
"2.87803","0.500044","0.529053","0.0345977","0.510121","0.594197","1.35119","1.73987e-15","3.07985","3.06003","2.91529","7.22097","0","0","0","0","0","0","0","0"
"2.88143","0.500044","0.529053","0.0345984","0.510398","0.594361","1.3627","1.74155e-15","3.08407","3.05343","2.91549","7.25701","0","0","0","0","0","0","0","0"
"2.8862","0.500044","0.529053","0.0346001","0.511229","0.595109","1.37456","1.73972e-15","3.06928","3.04644","2.96762","7.22793","0","0","0","0","0","0","0","0"
"2.88948","0.500044","0.529222","0.0346035","0.51145","0.595102","1.37112","1.74163e-15","3.0706","3.05158","2.97144","7.27432","0","0","0","0","0","0","0","0"
"2.89358","0.500044","0.529222","0.0346075","0.512082","0.596216","1.37183","1.74096e-15","3.07725","3.05501","2.96003","7.25131","0","0","0","0","0","0","0","0"
"2.89625","0.500044","0.529222","0.0346109","0.512646","0.59665","1.36983","1.74015e-15","3.07361","3.0526","2.96198","7.24966","0","0","0","0","0","0","0","0"
"2.89963","0.500044","0.529222","0.0346149","0.512722","0.596772","1.36827","1.74221e-15","3.07528","3.05075","2.96013","7.27113","0","0","0","0","0","0","0","0"
"2.90313","0.500044","0.529222","0.0346186","0.513337","0.596385","1.36802","1.74026e-15","3.07111","3.04736","2.9562","7.25154","0","0","0","0","0","0","0","0"
"2.90642","0.500044","0.529241","0.0346237","0.513061","0.596655","1.36552","1.73953e-15","3.06863","3.06243","2.95788","7.2525","0","0","0","0","0","0","0","0"
"2.90978","0.500044","0.529241","0.0346281","0.512972","0.59662","1.36631","1.74289e-15","3.06357","3.05702","2.94102","7.28588","0","0","0","0","0","0","0","0"
"2.91317","0.500044","0.529241","0.0346332","0.513361","0.597152","1.36464","1.74386e-15","3.06839","3.06673","2.9336","7.28164","0","0","0","0","0","0","0","0"
"2.91657","0.500044","0.529241","0.0346376","0.512693","0.596695","1.36121","1.74335e-15","3.06911","3.06624","2.93636","7.26492","0","0","0","0","0","0","0","0"
"2.92005","0.500044","0.529241","0.0346399","0.512981","0.596432","1.37608","1.74336e-15","3.06243","3.05966","2.95753","7.27177","0","0","0","0","0","0","0","0"
"2.92333","0.500044","0.529562","0.0346386","0.511856","0.595677","1.37798","1.74299e-15","3.06506","3.05949","2.95083","7.27195","0","0","0","0","0","0","0","0"
"2.92672","0.500044","0.529562","0.0346371","0.511451","0.595172","1.37125","1.7424e-15","3.06515","3.05627","2.96955","7.24954","0","0","0","0","0","0","0","0"
"2.9301","0.500044","0.529562","0.0346358","0.511391","0.595544","1.36999","1.74389e-15","3.06504","3.05674","2.9706","7.27484","0","0","0","0","0","0","0","0"
"2.9335","0.500044","0.529562","0.0346343","0.510891","0.594939","1.36955","1.7425e-15","3.06137","3.05607","2.95902","7.24819","0","0","0","0","0","0","0","0"
"2.93697","0.500044","0.529562","0.0346325","0.510022","0.594406","1.36408","1.74127e-15","3.06536","3.06424","2.97465","7.23151","0","0","0","0","0","0","0","0"
"2.94027","0.500044","0.529862","0.0346301","0.510466","0.594547","1.35982","1.7428e-15","3.06604","3.06377","2.97919","7.23746","0","0","0","0","0","0","0","0"
"2.94365","0.500044","0.529862","0.0346279","0.511211","0.595408","1.36115","1.74119e-15","3.06543","3.06485","2.97165","7.23158","0","0","0","0","0","0","0","0"
"2.94703","0.500044","0.529862","0.0346255","0.510653","0.59476","1.36095","1.74379e-15","3.06483","3.06431","2.97299","7.27387","0","0","0","0","0","0","0","0"
"2.95042","0.500044","0.529862","0.0346234","0.511264","0.595001","1.37132","1.74352e-15","3.06111","3.0591","2.96184","7.26746","0","0","0","0","0","0","0","0"
"2.9539","0.500044","0.529862","0.0346214","0.51002","0.594245","1.36708","1.74225e-15","3.06304","3.05565","2.96654","7.25692","0","0","0","0","0","0","0","0"
"2.95718","0.500044","0.529676","0.0346201","0.510239","0.59422","1.37155","1.74337e-15","3.05543","3.04574","2.94747","7.25947","0","0","0","0","0","0","0","0"
"2.96058","0.500044","0.529676","0.0346186","0.509687","0.593388","1.37006","1.74249e-15","3.05487","3.04318","2.94662","7.25572","0","0","0","0","0","0","0","0"
"2.96395","0.500044","0.529676","0.0346173","0.509135","0.592525","1.36972","1.74388e-15","3.05397","3.04407","2.93693","7.2879","0","0","0","0","0","0","0","0"
"2.97032","0.500044","0.529676","0.034617","0.510966","0.592978","1.40193","1.74154e-15","3.05374","3.04042","3.10141","7.25339","0","0","0","0","0","0","0","0"
"2.97358","0.500044","0.529575","0.0346208","0.510948","0.592956","1.40704","1.74279e-15","3.05186","3.03744","3.11173","7.25531","0","0","0","0","0","0","0","0"
"2.97698","0.500044","0.529575","0.0346241","0.511488","0.592982","1.41018","1.74045e-15","3.04879","3.0372","3.10267","7.25147","0","0","0","0","0","0","0","0"
"2.98037","0.500044","0.529575","0.0346279","0.510874","0.592295","1.40562","1.74153e-15","3.04663","3.03554","3.10887","7.28979","0","0","0","0","0","0","0","0"
"2.98375","0.500044","0.529575","0.0346312","0.510362","0.591873","1.40693","1.74094e-15","3.0455","3.03667","3.09352","7.2883","0","0","0","0","0","0","0","0"
"2.98723","0.500044","0.529575","0.0346328","0.509782","0.591514","1.40216","1.73879e-15","3.04719","3.03542","3.10029","7.29232","0","0","0","0","0","0","0","0"
"2.99052","0.500044","0.529431","0.0346327","0.509296","0.591104","1.39722","1.74032e-15","3.04665","3.03511","3.11292","7.3033","0","0","0","0","0","0","0","0"
"2.99392","0.500044","0.529431","0.0346325","0.508646","0.590428","1.39694","1.74045e-15","3.04627","3.03499","3.09985","7.2979","0","0","0","0","0","0","0","0"
"2.99732","0.500044","0.529431","0.0346324","0.508337","0.589949","1.39456","1.74168e-15","3.04989","3.03276","3.10965","7.30661","0","0","0","0","0","0","0","0"
"3.00073","0.500044","0.529431","0.0346322","0.508579","0.590001","1.39733","1.74078e-15","3.04632","3.02663","3.09484","7.2899","0","0","0","0","0","0","0","0"
"3.00415","0.500044","0.529431","0.0346268","0.508733","0.590448","1.39521","1.73994e-15","3.05005","3.02615","3.09127","7.28713","0","0","0","0","0","0","0","0"
"3.00747","0.500044","0.529312","0.0346172","0.507874","0.589649","1.38803","1.74054e-15","3.05108","3.02624","3.11531","7.30214","0","0","0","0","0","0","0","0"
"3.01082","0.500044","0.529312","0.0346091","0.507231","0.588983","1.38519","1.74031e-15","3.04807","3.03018","3.11542","7.30695","0","0","0","0","0","0","0","0"
"3.0151","0.500044","0.529312","0.0345995","0.506969","0.588366","1.38732","1.74212e-15","3.04656","3.02822","3.09959","7.31786","0","0","0","0","0","0","0","0"
"3.0176","0.500044","0.529312","0.0345914","0.506701","0.588203","1.3886","1.74133e-15","3.04606","3.02805","3.07825","7.31498","0","0","0","0","0","0","0","0"
"3.02108","0.500044","0.529312","0.0345877","0.507522","0.588816","1.39523","1.74197e-15","3.04204","3.02623","3.05901","7.32673","0","0","0","0","0","0","0","0"
"3.02437","0.500044","0.528983","0.0345866","0.507892","0.588969","1.39936","1.74103e-15","3.03888","3.03099","3.03697","7.30913","0","0","0","0","0","0","0","0"
"3.02775","0.500044","0.528983","0.0345853","0.509174","0.589933","1.40107","1.74176e-15","3.04495","3.04471","3.02302","7.31026","0","0","0","0","0","0","0","0"
"3.03152","0.500044","0.528983","0.034584","0.508827","0.589933","1.3976","1.74285e-15","3.04281","3.04346","3.02381","7.32544","0","0","0","0","0","0","0","0"
"3.03468","0.500044","0.528983","0.0345829","0.508854","0.590034","1.40062","1.74086e-15","3.04267","3.03982","3.00764","7.31069","0","0","0","0","0","0","0","0"
"3.0382","0.500044","0.528983","0.0345839","0.508173","0.589188","1.39595","1.7399e-15","3.04072","3.03854","3.01559","7.31692","0","0","0","0","0","0","0","0"
"3.04147","0.500044","0.528666","0.0345851","0.507853","0.588549","1.3954","1.74163e-15","3.03791","3.03849","3.00848","7.32005","0","0","0","0","0","0","0","0"
"3.04487","0.500044","0.528666","0.0345865","0.50876","0.589422","1.39346","1.74047e-15","3.05182","3.05146","3.00316","7.30249","0","0","0","0","0","0","0","0"
"3.04823","0.500044","0.528666","0.0345877","0.50853","0.588989","1.39868","1.7406e-15","3.05097","3.05414","2.99187","7.32133","0","0","0","0","0","0","0","0"
"3.05355","0.500044","0.528666","0.0345886","0.508601","0.589179","1.4103","1.73948e-15","3.04658","3.04858","2.99088","7.32377","0","0","0","0","0","0","0","0"
"3.05685","0.500044","0.528694","0.0345876","0.509165","0.589478","1.41491","1.73991e-15","3.04718","3.05437","3.00294","7.34191","0","0","0","0","0","0","0","0"
"3.06022","0.500044","0.528694","0.0345865","0.509436","0.589463","1.41315","1.74143e-15","3.04619","3.05108","2.99952","7.35847","0","0","0","0","0","0","0","0"
"3.06362","0.500044","0.528694","0.0345855","0.509229","0.589198","1.40911","1.74012e-15","3.04546","3.04855","3.00594","7.34738","0","0","0","0","0","0","0","0"
"3.06698","0.500044","0.528694","0.0345843","0.509241","0.58947","1.41073","1.74091e-15","3.04621","3.04977","2.99367","7.36108","0","0","0","0","0","0","0","0"
"3.0705","0.500044","0.528694","0.0345828","0.509011","0.589305","1.40837","1.74127e-15","3.04475","3.04942","2.99862","7.34286","0","0","0","0","0","0","0","0"
"3.07375","0.500044","0.52875","0.0345804","0.509048","0.589625","1.40764","1.7403e-15","3.04576","3.04936","2.9897","7.36357","0","0","0","0","0","0","0","0"
"3.07717","0.500044","0.52875","0.0345784","0.508245","0.588946","1.40774","1.7418e-15","3.04625","3.04832","2.97794","7.38445","0","0","0","0","0","0","0","0"
"3.08052","0.500044","0.52875","0.034576","0.507705","0.588737","1.40214","1.74018e-15","3.04817","3.05932","2.99193","7.38305","0","0","0","0","0","0","0","0"
"3.08393","0.500044","0.52875","0.034574","0.507607","0.588603","1.40484","1.742e-15","3.04565","3.05488","2.97568","7.40134","0","0","0","0","0","0","0","0"
"3.0874","0.500044","0.52875","0.034573","0.508219","0.589303","1.40582","1.73966e-15","3.04561","3.05696","2.97709","7.38586","0","0","0","0","0","0","0","0"
"3.0907","0.500044","0.528823","0.0345731","0.507752","0.588847","1.40189","1.73949e-15","3.04511","3.05555","2.9846","7.40133","0","0","0","0","0","0","0","0"
"3.09407","0.500044","0.528823","0.0345731","0.508204","0.589225","1.40092","1.74001e-15","3.05008","3.05253","2.98142","7.40487","0","0","0","0","0","0","0","0"
"3.09747","0.500044","0.528823","0.0345732","0.508394","0.589234","1.397","1.73951e-15","3.04837","3.04606","2.98855","7.38496","0","0","0","0","0","0","0","0"
"3.10083","0.500044","0.528823","0.0345732","0.507955","0.588797","1.3902","1.7406e-15","3.04924","3.04307","3.01084","7.39692","0","0","0","0","0","0","0","0"
"3.10435","0.500044","0.528823","0.0345743","0.50775","0.588478","1.38944","1.73972e-15","3.04873","3.03794","3.00338","7.37632","0","0","0","0","0","0","0","0"
"3.1076","0.500044","0.528783","0.0345761","0.507166","0.587888","1.38488","1.74087e-15","3.04521","3.03485","3.01696","7.41974","0","0","0","0","0","0","0","0"
"3.11102","0.500044","0.528783","0.0345776","0.507092","0.587554","1.38388","1.74089e-15","3.04314","3.03453","3.01141","7.41679","0","0","0","0","0","0","0","0"
"3.11437","0.500044","0.528783","0.0345794","0.507052","0.587732","1.38205","1.73963e-15","3.04545","3.03635","3.01502","7.40305","0","0","0","0","0","0","0","0"
"3.11778","0.500044","0.528783","0.0345812","0.507013","0.587451","1.37691","1.74205e-15","3.04073","3.03512","3.02604","7.38837","0","0","0","0","0","0","0","0"
"3.12125","0.500044","0.528783","0.0345831","0.506718","0.587446","1.37651","1.73913e-15","3.04351","3.0429","3.02217","7.37734","0","0","0","0","0","0","0","0"
"3.12455","0.500044","0.528733","0.0345855","0.507269","0.588079","1.37261","1.74127e-15","3.03995","3.03696","3.0268","7.42437","0","0","0","0","0","0","0","0"
"3.12792","0.500044","0.528733","0.0345875","0.507524","0.589019","1.37154","1.74013e-15","3.04283","3.04969","3.01856","7.40131","0","0","0","0","0","0","0","0"
"3.13133","0.500044","0.528733","0.0345896","0.507228","0.58855","1.36862","1.73961e-15","3.04138","3.04686","3.02179","7.41077","0","0","0","0","0","0","0","0"
"3.13688","0.500044","0.528733","0.0345921","0.506896","0.588556","1.36112","1.73949e-15","3.03667","3.04146","3.0365","7.41501","0","0","0","0","0","0","0","0"
"3.14018","0.500044","0.528602","0.0345918","0.506269","0.588311","1.35869","1.73869e-15","3.03772","3.03739","3.04482","7.4223","0","0","0","0","0","0","0","0"
"3.14353","0.500044","0.528602","0.0345915","0.505588","0.58749","1.3568","1.74046e-15","3.03841","3.03906","3.04552","7.43386","0","0","0","0","0","0","0","0"
"3.14695","0.500044","0.528602","0.0345912","0.50519","0.587476","1.35475","1.74057e-15","3.03581","3.03858","3.04433","7.42935","0","0","0","0","0","0","0","0"
"3.15032","0.500044","0.528602","0.0345909","0.505401","0.587643","1.35132","1.73914e-15","3.04451","3.04043","3.04838","7.43954","0","0","0","0","0","0","0","0"
"3.15383","0.500044","0.528602","0.0345915","0.505303","0.587202","1.34613","1.7394e-15","3.04538","3.03993","3.06491","7.43895","0","0","0","0","0","0","0","0"
"3.15708","0.500044","0.528625","0.0345931","0.505157","0.586888","1.34394","1.73828e-15","3.04475","3.04448","3.07185","7.41162","0","0","0","0","0","0","0","0"
"3.16048","0.500044","0.528625","0.0345946","0.504955","0.586683","1.34067","1.73862e-15","3.04517","3.04381","3.07951","7.4122","0","0","0","0","0","0","0","0"
"3.1639","0.500044","0.528625","0.0345962","0.505054","0.586532","1.3368","1.73993e-15","3.04368","3.04378","3.08481","7.4361","0","0","0","0","0","0","0","0"
"3.16728","0.500044","0.528625","0.0345979","0.505129","0.58698","1.33409","1.73944e-15","3.04056","3.05783","3.08762","7.40545","0","0","0","0","0","0","0","0"
"3.17078","0.500044","0.528625","0.0345946","0.50462","0.586333","1.33084","1.73865e-15","3.04282","3.06449","3.09087","7.39315","0","0","0","0","0","0","0","0"
"3.17408","0.500044","0.528507","0.034588","0.505242","0.586942","1.33507","1.74054e-15","3.04171","3.0592","3.06894","7.39892","0","0","0","0","0","0","0","0"
"3.17743","0.500044","0.528507","0.0345824","0.505441","0.587503","1.33673","1.73883e-15","3.04294","3.05981","3.05393","7.38733","0","0","0","0","0","0","0","0"
"3.18083","0.500044","0.528507","0.0345758","0.504869","0.587099","1.33715","1.74083e-15","3.04198","3.05411","3.03999","7.43265","0","0","0","0","0","0","0","0"
"3.18422","0.500044","0.528507","0.0345702","0.504857","0.587011","1.33878","1.74035e-15","3.03974","3.05726","3.02653","7.40984","0","0","0","0","0","0","0","0"
"3.18772","0.500044","0.528507","0.0345617","0.50444","0.587055","1.33361","1.73914e-15","3.03849","3.05827","3.04031","7.40857","0","0","0","0","0","0","0","0"
"3.19098","0.500044","0.52833","0.0345537","0.504913","0.587206","1.33211","1.74078e-15","3.0352","3.05259","3.03745","7.40907","0","0","0","0","0","0","0","0"
"3.19437","0.500044","0.52833","0.0345443","0.505483","0.587932","1.33007","1.73923e-15","3.03964","3.04955","3.03445","7.39978","0","0","0","0","0","0","0","0"
"3.19775","0.500044","0.52833","0.0345363","0.505293","0.588201","1.33102","1.74101e-15","3.03773","3.04603","3.02407","7.41951","0","0","0","0","0","0","0","0"
"3.20117","0.500044","0.52833","0.034527","0.505553","0.588475","1.32658","1.73994e-15","3.03865","3.04719","3.03488","7.40285","0","0","0","0","0","0","0","0"
"3.20463","0.500044","0.52833","0.0345263","0.505547","0.588624","1.32341","1.73863e-15","3.03924","3.04678","3.04212","7.39511","0","0","0","0","0","0","0","0"
"3.20792","0.500044","0.528324","0.0345272","0.505723","0.589308","1.32231","1.74076e-15","3.0331","3.04089","3.03958","7.39519","0","0","0","0","0","0","0","0"
"3.2113","0.500044","0.528324","0.0345279","0.505582","0.589089","1.3202","1.73996e-15","3.02933","3.03845","3.03781","7.37228","0","0","0","0","0","0","0","0"
"3.21472","0.500044","0.528324","0.0345288","0.505553","0.589671","1.31617","1.74027e-15","3.03344","3.04035","3.04395","7.39355","0","0","0","0","0","0","0","0"
"3.22025","0.500044","0.528324","0.0345284","0.505977","0.590326","1.3133","1.74118e-15","3.03059","3.04479","3.05048","7.39069","0","0","0","0","0","0","0","0"
"3.22353","0.500044","0.52849","0.0345257","0.505763","0.590117","1.3092","1.74018e-15","3.03356","3.04093","3.05751","7.37725","0","0","0","0","0","0","0","0"
"3.22705","0.500044","0.52849","0.0345233","0.505409","0.589911","1.31073","1.74203e-15","3.03592","3.03831","3.04324","7.39758","0","0","0","0","0","0","0","0"
"3.23032","0.500044","0.52849","0.0345205","0.504958","0.58964","1.3052","1.74301e-15","3.04042","3.03373","3.05993","7.38511","0","0","0","0","0","0","0","0"
"3.23368","0.500044","0.52849","0.0345181","0.504966","0.589717","1.30322","1.74127e-15","3.04496","3.02689","3.06225","7.37385","0","0","0","0","0","0","0","0"
"3.23718","0.500044","0.52849","0.0345166","0.506311","0.591468","1.30844","1.74102e-15","3.08849","3.04361","3.05725","7.36282","0","0","0","0","0","0","0","0"
"3.24045","0.500044","0.528731","0.0345161","0.506194","0.591162","1.30817","1.74353e-15","3.08492","3.04432","3.04787","7.38151","0","0","0","0","0","0","0","0"
"3.24385","0.500044","0.528731","0.0345156","0.505728","0.591151","1.30723","1.74218e-15","3.08288","3.0443","3.03895","7.3677","0","0","0","0","0","0","0","0"
"3.24723","0.500044","0.528731","0.0345151","0.505587","0.590759","1.30675","1.74322e-15","3.07904","3.04324","3.03298","7.38716","0","0","0","0","0","0","0","0"
"3.25062","0.500044","0.528731","0.0345146","0.505794","0.591261","1.30965","1.74401e-15","3.07609","3.03932","3.01812","7.39723","0","0","0","0","0","0","0","0"
"3.2541","0.500044","0.528731","0.0345165","0.507258","0.592716","1.30665","1.742e-15","3.10697","3.05099","3.02227","7.3831","0","0","0","0","0","0","0","0"
"3.2574","0.500044","0.528818","0.0345201","0.507342","0.593083","1.30558","1.74395e-15","3.10412","3.05067","3.01546","7.40007","0","0","0","0","0","0","0","0"
"3.26077","0.500044","0.528818","0.0345231","0.507207","0.593031","1.30337","1.74408e-15","3.10193","3.04769","3.01587","7.39655","0","0","0","0","0","0","0","0"
"3.26415","0.500044","0.528818","0.0345267","0.507511","0.593755","1.31625","1.74234e-15","3.10439","3.05578","3.01448","7.39874","0","0","0","0","0","0","0","0"
"3.26755","0.500044","0.528818","0.0345298","0.507442","0.593716","1.31786","1.74358e-15","3.10167","3.04768","3.00325","7.41085","0","0","0","0","0","0","0","0"
"3.27103","0.500044","0.528818","0.0345338","0.507195","0.593612","1.32267","1.74278e-15","3.10109","3.04622","2.9897","7.39496","0","0","0","0","0","0","0","0"
"3.27432","0.500044","0.528979","0.0345373","0.507638","0.59368","1.33375","1.74213e-15","3.09978","3.04541","2.99068","7.39752","0","0","0","0","0","0","0","0"
"3.2777","0.500044","0.528979","0.0345414","0.508506","0.594225","1.33756","1.74388e-15","3.10675","3.05388","2.9711","7.41037","0","0","0","0","0","0","0","0"
"3.28108","0.500044","0.528979","0.034545","0.508398","0.594118","1.33307","1.74243e-15","3.10317","3.04918","2.98269","7.39621","0","0","0","0","0","0","0","0"
"3.28448","0.500044","0.528979","0.0345491","0.508657","0.594551","1.3362","1.74354e-15","3.09538","3.04687","2.97706","7.4069","0","0","0","0","0","0","0","0"
"3.28798","0.500044","0.528979","0.0345519","0.510041","0.59609","1.34021","1.74279e-15","3.10452","3.05058","2.97636","7.38355","0","0","0","0","0","0","0","0"
"3.29123","0.500044","0.529328","0.034555","0.509589","0.595879","1.33425","1.74173e-15","3.10524","3.04841","2.99471","7.37155","0","0","0","0","0","0","0","0"
"3.29462","0.500044","0.529328","0.0345576","0.508984","0.595091","1.32971","1.74379e-15","3.10629","3.0499","3.0067","7.37211","0","0","0","0","0","0","0","0"
"3.29807","0.500044","0.529328","0.0345606","0.508352","0.594625","1.32508","1.74299e-15","3.10826","3.0461","3.0201","7.36548","0","0","0","0","0","0","0","0"
"3.30363","0.500044","0.529328","0.034563","0.508093","0.59438","1.32063","1.74423e-15","3.10661","3.04013","3.02293","7.35406","0","0","0","0","0","0","0","0"
"3.30692","0.500044","0.529604","0.0345614","0.507662","0.593983","1.31757","1.74284e-15","3.10682","3.04168","3.02769","7.32458","0","0","0","0","0","0","0","0"
"3.3103","0.500044","0.529604","0.0345601","0.507596","0.594127","1.31459","1.74391e-15","3.10444","3.04165","3.02972","7.31815","0","0","0","0","0","0","0","0"
"3.3137","0.500044","0.529604","0.0345585","0.508214","0.593958","1.31367","1.7439e-15","3.10768","3.04213","3.02342","7.32495","0","0","0","0","0","0","0","0"
"3.31708","0.500044","0.529604","0.0345571","0.507994","0.594037","1.31085","1.74381e-15","3.10168","3.04177","3.02669","7.33263","0","0","0","0","0","0","0","0"
"3.32057","0.500044","0.529604","0.0345556","0.508048","0.594105","1.30899","1.74406e-15","3.09697","3.03692","3.0219","7.33482","0","0","0","0","0","0","0","0"
"3.32385","0.500044","0.529782","0.0345544","0.508159","0.594141","1.30796","1.74275e-15","3.09817","3.03606","3.01684","7.31791","0","0","0","0","0","0","0","0"
"3.32723","0.500044","0.529782","0.034553","0.508333","0.594652","1.3045","1.74451e-15","3.09791","3.03263","3.02372","7.34939","0","0","0","0","0","0","0","0"
"3.33062","0.500044","0.529782","0.0345518","0.507926","0.594281","1.30089","1.74442e-15","3.10378","3.03533","3.03132","7.33895","0","0","0","0","0","0","0","0"
"3.334","0.500044","0.529782","0.0345504","0.508298","0.594368","1.29617","1.74474e-15","3.09714","3.03099","3.04207","7.34443","0","0","0","0","0","0","0","0"
"3.33748","0.500044","0.529782","0.0345527","0.508431","0.59442","1.2935","1.7449e-15","3.09408","3.02848","3.04372","7.33838","0","0","0","0","0","0","0","0"
"3.3408","0.500044","0.529625","0.0345574","0.507807","0.593908","1.28907","1.74325e-15","3.09306","3.02775","3.05345","7.3298","0","0","0","0","0","0","0","0"
"3.34417","0.500044","0.529625","0.0345614","0.508318","0.594474","1.28782","1.74502e-15","3.09992","3.03508","3.05247","7.3395","0","0","0","0","0","0","0","0"
"3.34755","0.500044","0.529625","0.034566","0.508879","0.595013","1.28982","1.74384e-15","3.09843","3.03008","3.03983","7.3377","0","0","0","0","0","0","0","0"
"3.35093","0.500044","0.529625","0.03457","0.508754","0.594648","1.29516","1.74508e-15","3.09795","3.02994","3.03737","7.36337","0","0","0","0","0","0","0","0"
"3.35442","0.500044","0.529625","0.0345776","0.508718","0.594721","1.29247","1.74471e-15","3.0941","3.02958","3.05096","7.35166","0","0","0","0","0","0","0","0"
"3.3577","0.500044","0.529677","0.0345852","0.508699","0.594566","1.29086","1.74493e-15","3.0922","3.03778","3.05828","7.37156","0","0","0","0","0","0","0","0"
"3.36108","0.500044","0.529677","0.0345941","0.508495","0.594256","1.28888","1.74608e-15","3.09069","3.03497","3.05642","7.3755","0","0","0","0","0","0","0","0"
"3.36447","0.500044","0.529677","0.0346017","0.508262","0.594276","1.28415","1.74537e-15","3.08712","3.02921","3.07046","7.36843","0","0","0","0","0","0","0","0"
"3.3679","0.500044","0.529677","0.0346105","0.508242","0.594091","1.27933","1.74746e-15","3.08762","3.03096","3.08178","7.39648","0","0","0","0","0","0","0","0"
"3.37133","0.500044","0.529677","0.0346135","0.508968","0.59445","1.28004","1.74565e-15","3.08547","3.03002","3.0718","7.39256","0","0","0","0","0","0","0","0"
"3.37463","0.500044","0.52981","0.0346159","0.508825","0.594462","1.28078","1.74782e-15","3.08686","3.02789","3.06178","7.4163","0","0","0","0","0","0","0","0"
"3.37802","0.500044","0.52981","0.034618","0.508673","0.594041","1.28534","1.74591e-15","3.08626","3.02464","3.05611","7.40745","0","0","0","0","0","0","0","0"
"3.38143","0.500044","0.52981","0.0346204","0.508176","0.593548","1.28386","1.7475e-15","3.08425","3.02436","3.06026","7.4361","0","0","0","0","0","0","0","0"
"3.38697","0.500044","0.52981","0.0346224","0.508478","0.593466","1.28595","1.74498e-15","3.08589","3.02284","3.05437","7.41417","0","0","0","0","0","0","0","0"
"3.39025","0.500044","0.529885","0.0346213","0.508289","0.593112","1.28151","1.74552e-15","3.09157","3.02533","3.06415","7.41582","0","0","0","0","0","0","0","0"
"3.39363","0.500044","0.529885","0.0346204","0.508728","0.593802","1.27979","1.74464e-15","3.088","3.0231","3.06827","7.41393","0","0","0","0","0","0","0","0"
"3.39698","0.500044","0.529885","0.0346193","0.509463","0.594811","1.28183","1.7467e-15","3.1009","3.02639","3.06122","7.4149","0","0","0","0","0","0","0","0"
"3.40032","0.500044","0.529885","0.0346184","0.50945","0.594886","1.27844","1.74582e-15","3.10092","3.02418","3.06779","7.4028","0","0","0","0","0","0","0","0"
"3.40382","0.500044","0.529885","0.0346153","0.509199","0.595141","1.27968","1.74607e-15","3.10057","3.02459","3.05122","7.3968","0","0","0","0","0","0","0","0"
"3.40705","0.500044","0.52986","0.0346114","0.509051","0.594937","1.2788","1.74488e-15","3.09471","3.02242","3.04681","7.38482","0","0","0","0","0","0","0","0"
"3.41052","0.500044","0.52986","0.0346069","0.508862","0.594698","1.28153","1.74483e-15","3.09413","3.01981","3.02916","7.39067","0","0","0","0","0","0","0","0"
"3.4139","0.500044","0.52986","0.034603","0.509668","0.595406","1.28276","1.74527e-15","3.09865","3.02077","3.01966","7.39747","0","0","0","0","0","0","0","0"
"3.41728","0.500044","0.52986","0.0345985","0.50954","0.594983","1.28182","1.74445e-15","3.0932","3.02487","3.00931","7.39248","0","0","0","0","0","0","0","0"
"3.42077","0.500044","0.52986","0.034594","0.50957","0.595024","1.28173","1.74481e-15","3.08805","3.03025","3.00352","7.38803","0","0","0","0","0","0","0","0"
"3.42402","0.500044","0.529946","0.0345892","0.509305","0.595155","1.2805","1.74409e-15","3.0862","3.03766","2.99714","7.37346","0","0","0","0","0","0","0","0"
"3.42752","0.500044","0.529946","0.0345835","0.509588","0.595449","1.27846","1.74431e-15","3.08656","3.04346","2.99643","7.37742","0","0","0","0","0","0","0","0"
"3.4309","0.500044","0.529946","0.0345779","0.5091","0.595158","1.27319","1.74533e-15","3.0846","3.04558","3.01114","7.37644","0","0","0","0","0","0","0","0"
"3.43428","0.500044","0.529946","0.0345731","0.508624","0.594716","1.26818","1.74396e-15","3.0839","3.04294","3.02845","7.37332","0","0","0","0","0","0","0","0"
"3.43778","0.500044","0.529946","0.034567","0.508988","0.595098","1.27028","1.74405e-15","3.09421","3.04337","3.021","7.39026","0","0","0","0","0","0","0","0"
"3.44105","0.500044","0.530155","0.0345615","0.50904","0.595319","1.27404","1.74328e-15","3.09105","3.03777","3.00382","7.36546","0","0","0","0","0","0","0","0"
"3.44445","0.500044","0.530155","0.0345551","0.509356","0.595466","1.28158","1.74296e-15","3.08751","3.0324","3.0004","7.38341","0","0","0","0","0","0","0","0"
"3.44783","0.500044","0.530155","0.0345497","0.509849","0.595233","1.297","1.7446e-15","3.08264","3.0297","3.01668","7.39923","0","0","0","0","0","0","0","0"
"3.45122","0.500044","0.530155","0.0345433","0.511385","0.595729","1.304","1.74264e-15","3.08476","3.03347","3.01621","7.38795","0","0","0","0","0","0","0","0"
"3.4547","0.500044","0.530155","0.0345425","0.510762","0.595366","1.30422","1.74299e-15","3.08226","3.03139","3.00373","7.3887","0","0","0","0","0","0","0","0"
"3.45798","0.500044","0.530233","0.0345426","0.511197","0.595896","1.30021","1.74438e-15","3.08103","3.02504","3.01129","7.40171","0","0","0","0","0","0","0","0"
"3.46137","0.500044","0.530233","0.0345426","0.511208","0.595822","1.29503","1.74219e-15","3.07648","3.02142","3.02906","7.391","0","0","0","0","0","0","0","0"
"3.46477","0.500044","0.530233","0.0345427","0.510952","0.595764","1.29113","1.74289e-15","3.07415","3.02148","3.03498","7.42251","0","0","0","0","0","0","0","0"
"3.47032","0.500044","0.530233","0.0345419","0.511499","0.59589","1.28609","1.74337e-15","3.07746","3.02023","3.04258","7.41464","0","0","0","0","0","0","0","0"
"3.4736","0.500044","0.530309","0.0345399","0.511401","0.595971","1.28156","1.74295e-15","3.07522","3.01951","3.05396","7.40694","0","0","0","0","0","0","0","0"
"3.477","0.500044","0.530309","0.0345381","0.511819","0.595999","1.28025","1.74474e-15","3.07261","3.03152","3.05395","7.4339","0","0","0","0","0","0","0","0"
"3.48038","0.500044","0.530309","0.034536","0.512184","0.596422","1.28089","1.74399e-15","3.06367","3.03288","3.04771","7.4202","0","0","0","0","0","0","0","0"
"3.48377","0.500044","0.530309","0.0345343","0.51183","0.596256","1.27773","1.74288e-15","3.0652","3.03151","3.05198","7.40504","0","0","0","0","0","0","0","0"
"3.48727","0.500044","0.530309","0.0345272","0.511729","0.596456","1.2807","1.74345e-15","3.06087","3.02663","3.03206","7.39116","0","0","0","0","0","0","0","0"
"3.49053","0.500044","0.530468","0.0345179","0.512245","0.596779","1.28783","1.74286e-15","3.05977","3.02137","3.01202","7.37733","0","0","0","0","0","0","0","0"
"3.49392","0.500044","0.530468","0.0345072","0.512744","0.597636","1.29165","1.74195e-15","3.05634","3.02284","2.99316","7.40321","0","0","0","0","0","0","0","0"
"3.49792","0.500044","0.530468","0.0344979","0.512661","0.597674","1.28894","1.74299e-15","3.05291","3.01947","2.99727","7.41836","0","0","0","0","0","0","0","0"
"3.5007","0.500044","0.530468","0.0344871","0.513558","0.598028","1.29294","1.74136e-15","3.05866","3.01974","2.97749","7.39394","0","0","0","0","0","0","0","0"
"3.50418","0.500044","0.530468","0.0344798","0.513561","0.597749","1.29172","1.74135e-15","3.05809","3.01472","2.98857","7.40391","0","0","0","0","0","0","0","0"
"3.50748","0.500044","0.530696","0.0344725","0.513875","0.597997","1.29199","1.74049e-15","3.05789","3.01588","2.97738","7.38635","0","0","0","0","0","0","0","0"
"3.51095","0.500044","0.530696","0.0344662","0.513285","0.598014","1.29398","1.74266e-15","3.05677","3.01576","2.96199","7.41176","0","0","0","0","0","0","0","0"
"3.51438","0.500044","0.530696","0.0344589","0.513096","0.597813","1.29686","1.74158e-15","3.06527","3.02561","2.95101","7.39486","0","0","0","0","0","0","0","0"
"3.51778","0.500044","0.530696","0.0344516","0.513033","0.597673","1.29303","1.74292e-15","3.06863","3.02283","2.96021","7.40744","0","0","0","0","0","0","0","0"
"3.52125","0.500044","0.530696","0.0344501","0.51366","0.598279","1.29258","1.74121e-15","3.09527","3.02183","2.95629","7.38024","0","0","0","0","0","0","0","0"
"3.52455","0.500044","0.530995","0.0344494","0.513683","0.597771","1.28854","1.74079e-15","3.08971","3.01997","2.96329","7.37958","0","0","0","0","0","0","0","0"
"3.52792","0.500044","0.530995","0.0344489","0.513041","0.597262","1.28731","1.73985e-15","3.08845","3.0172","2.95951","7.36301","0","0","0","0","0","0","0","0"
"3.53137","0.500044","0.530995","0.0344482","0.512516","0.597313","1.28353","1.74028e-15","3.08647","3.01528","2.96502","7.36316","0","0","0","0","0","0","0","0"
"3.53473","0.500044","0.530995","0.0344477","0.513125","0.597821","1.28049","1.74172e-15","3.09141","3.01334","2.97271","7.37588","0","0","0","0","0","0","0","0"
"3.53823","0.500044","0.530995","0.034446","0.512647","0.597377","1.28401","1.74063e-15","3.09672","3.01071","2.96272","7.38119","0","0","0","0","0","0","0","0"
"3.54152","0.500044","0.531228","0.0344445","0.51287","0.597477","1.29083","1.74224e-15","3.09605","3.00742","2.95466","7.3768","0","0","0","0","0","0","0","0"
"3.5449","0.500044","0.531228","0.0344426","0.51257","0.596724","1.3048","1.74199e-15","3.09182","3.01061","2.96729","7.37894","0","0","0","0","0","0","0","0"
"3.54832","0.500044","0.531228","0.0344411","0.51277","0.597388","1.30734","1.74345e-15","3.08682","3.012","2.97178","7.38258","0","0","0","0","0","0","0","0"
"3.5536","0.500044","0.531228","0.0344381","0.511908","0.596544","1.30824","1.7422e-15","3.08374","3.01433","2.95507","7.37822","0","0","0","0","0","0","0","0"
"3.55688","0.500044","0.531264","0.0344355","0.511665","0.596431","1.30743","1.74168e-15","3.0819","3.01861","2.95389","7.38087","0","0","0","0","0","0","0","0"
"3.56027","0.500044","0.531264","0.0344332","0.511537","0.596361","1.30722","1.74264e-15","3.07779","3.01614","2.9552","7.38619","0","0","0","0","0","0","0","0"
"3.56367","0.500044","0.531264","0.0344305","0.51164","0.596542","1.30757","1.74359e-15","3.07129","3.00845","2.94306","7.38319","0","0","0","0","0","0","0","0"
"3.56703","0.500044","0.531264","0.0344283","0.511496","0.596183","1.30726","1.74297e-15","3.06987","3.01761","2.93613","7.38049","0","0","0","0","0","0","0","0"
"3.57053","0.500044","0.531264","0.0344225","0.511787","0.596331","1.31004","1.74333e-15","3.06639","3.01869","2.93403","7.38835","0","0","0","0","0","0","0","0"
"3.5738","0.500044","0.531195","0.0344157","0.511582","0.596412","1.31811","1.74212e-15","3.0651","3.01793","2.941","7.36708","0","0","0","0","0","0","0","0"
"3.5772","0.500044","0.531195","0.0344077","0.511368","0.596682","1.31845","1.74309e-15","3.07025","3.02762","2.93928","7.37173","0","0","0","0","0","0","0","0"
"3.58058","0.500044","0.531195","0.0344008","0.510966","0.596142","1.3141","1.74346e-15","3.07312","3.02963","2.95142","7.3615","0","0","0","0","0","0","0","0"
"3.58397","0.500044","0.531195","0.0343928","0.511289","0.596793","1.31211","1.74269e-15","3.08419","3.03332","2.95407","7.35857","0","0","0","0","0","0","0","0"
"3.58745","0.500044","0.531195","0.0343842","0.510858","0.596298","1.31094","1.74326e-15","3.08362","3.03454","2.95147","7.34379","0","0","0","0","0","0","0","0"
"3.59075","0.500044","0.531056","0.0343733","0.510531","0.595955","1.31592","1.74177e-15","3.08155","3.02985","2.93118","7.32793","0","0","0","0","0","0","0","0"
"3.59412","0.500044","0.531056","0.0343639","0.511115","0.596464","1.32674","1.74199e-15","3.08165","3.04519","2.92191","7.35835","0","0","0","0","0","0","0","0"
"3.5975","0.500044","0.531056","0.034353","0.511704","0.596785","1.33155","1.74267e-15","3.07373","3.04466","2.92263","7.36016","0","0","0","0","0","0","0","0"
"3.60088","0.500044","0.531056","0.0343436","0.511424","0.597314","1.32666","1.74271e-15","3.08093","3.04178","2.93655","7.36203","0","0","0","0","0","0","0","0"
"3.60438","0.500044","0.531056","0.0343337","0.511129","0.596894","1.32285","1.74225e-15","3.07988","3.0439","2.94203","7.34305","0","0","0","0","0","0","0","0"
"3.60767","0.500044","0.531001","0.0343257","0.510943","0.596688","1.32414","1.74096e-15","3.07905","3.04531","2.94052","7.33397","0","0","0","0","0","0","0","0"
"3.61105","0.500044","0.531001","0.0343163","0.510294","0.596087","1.31923","1.74361e-15","3.07904","3.04381","2.9528","7.37138","0","0","0","0","0","0","0","0"
"3.61443","0.500044","0.531001","0.0343082","0.510044","0.595843","1.32052","1.74296e-15","3.07663","3.04054","2.93646","7.35989","0","0","0","0","0","0","0","0"
"3.61783","0.500044","0.531001","0.0342988","0.510086","0.595852","1.323","1.74422e-15","3.07906","3.04743","2.95473","7.38034","0","0","0","0","0","0","0","0"
"3.62132","0.500044","0.531001","0.0342949","0.50986","0.595934","1.32925","1.74338e-15","3.08304","3.04846","2.94014","7.35792","0","0","0","0","0","0","0","0"
"3.62458","0.500044","0.531033","0.0342914","0.509775","0.595543","1.32831","1.7442e-15","3.08071","3.04581","2.93585","7.37085","0","0","0","0","0","0","0","0"
"3.62798","0.500044","0.531033","0.0342883","0.51008","0.595141","1.33198","1.74402e-15","3.07834","3.04447","2.91948","7.3643","0","0","0","0","0","0","0","0"
"3.63137","0.500044","0.531033","0.0342848","0.509986","0.594902","1.33228","1.74524e-15","3.07586","3.04441","2.9097","7.38635","0","0","0","0","0","0","0","0"
"3.63693","0.500044","0.531033","0.034279","0.50907","0.594115","1.32907","1.74399e-15","3.07618","3.04014","2.9104","7.3664","0","0","0","0","0","0","0","0"
"3.64022","0.500044","0.530997","0.0342737","0.50921","0.594161","1.33057","1.74667e-15","3.07199","3.04239","2.89882","7.39323","0","0","0","0","0","0","0","0"
"3.6436","0.500044","0.530997","0.0342691","0.509047","0.594254","1.32968","1.74552e-15","3.07254","3.04491","2.89264","7.37866","0","0","0","0","0","0","0","0"
"3.647","0.500044","0.530997","0.0342638","0.509121","0.593916","1.32735","1.74707e-15","3.06669","3.04192","2.89612","7.41258","0","0","0","0","0","0","0","0"
"3.65052","0.500044","0.530997","0.0342593","0.509438","0.594344","1.33219","1.7464e-15","3.06682","3.05","2.89298","7.39559","0","0","0","0","0","0","0","0"
"3.65387","0.500044","0.530997","0.0342546","0.508996","0.59365","1.33093","1.74684e-15","3.06168","3.04851","2.88704","7.39479","0","0","0","0","0","0","0","0"
"3.65713","0.500044","0.530803","0.0342511","0.509022","0.593359","1.33138","1.74748e-15","3.0615","3.05001","2.87976","7.38024","0","0","0","0","0","0","0","0"
"3.66053","0.500044","0.530803","0.0342469","0.508795","0.593307","1.32665","1.74787e-15","3.06546","3.0508","2.88931","7.37523","0","0","0","0","0","0","0","0"
"3.664","0.500044","0.530803","0.0342434","0.508036","0.592585","1.32134","1.7481e-15","3.06818","3.05278","2.9056","7.35279","0","0","0","0","0","0","0","0"
"3.67727","0.500044","0.530803","0.0342332","0.50765","0.591335","1.33127","1.74634e-15","3.05984","3.04876","2.88099","7.3374","0","0","0","0","0","0","0","0"
"3.67753","0.500044","0.530617","0.0342306","0.507345","0.591165","1.32991","1.74864e-15","3.05787","3.04958","2.87987","7.34371","0","0","0","0","0","0","0","0"
"3.68087","0.500044","0.530617","0.0342275","0.507584","0.591633","1.32984","1.74692e-15","3.06248","3.05589","2.8836","7.33461","0","0","0","0","0","0","0","0"
"3.68445","0.500044","0.530617","0.0342244","0.506844","0.591381","1.33075","1.74858e-15","3.06149","3.0521","2.89092","7.36243","0","0","0","0","0","0","0","0"
"3.68793","0.500044","0.530617","0.0342233","0.507122","0.591382","1.32749","1.74642e-15","3.06298","3.05154","2.89529","7.35541","0","0","0","0","0","0","0","0"
"3.69122","0.500044","0.530394","0.0342223","0.506739","0.590842","1.32813","1.74767e-15","3.06163","3.05162","2.88119","7.35981","0","0","0","0","0","0","0","0"
"3.6946","0.500044","0.530394","0.0342215","0.505883","0.589901","1.32467","1.74711e-15","3.06386","3.05639","2.88719","7.35787","0","0","0","0","0","0","0","0"
"3.698","0.500044","0.530394","0.0342205","0.506236","0.589938","1.32219","1.74776e-15","3.06271","3.05585","2.88828","7.36659","0","0","0","0","0","0","0","0"
"3.70137","0.500044","0.530394","0.0342197","0.505708","0.58972","1.32198","1.74745e-15","3.06156","3.05022","2.88001","7.36906","0","0","0","0","0","0","0","0"
"3.70485","0.500044","0.530394","0.0342177","0.50474","0.588613","1.31728","1.74518e-15","3.06407","3.05286","2.89063","7.36575","0","0","0","0","0","0","0","0"
"3.70813","0.500044","0.530119","0.0342159","0.504483","0.588306","1.31325","1.7458e-15","3.06093","3.05047","2.90071","7.37954","0","0","0","0","0","0","0","0"
"3.71153","0.500044","0.530119","0.0342138","0.503933","0.587838","1.30846","1.74405e-15","3.05992","3.04886","2.91155","7.36138","0","0","0","0","0","0","0","0"
"3.71492","0.500044","0.530119","0.034212","0.504144","0.587899","1.30647","1.74465e-15","3.06084","3.05037","2.90971","7.38305","0","0","0","0","0","0","0","0"
"3.72022","0.500044","0.530119","0.0342122","0.504113","0.588414","1.30562","1.74225e-15","3.06219","3.05015","2.90199","7.36123","0","0","0","0","0","0","0","0"
"3.7235","0.500044","0.529857","0.0342175","0.504583","0.588706","1.30607","1.74486e-15","3.06626","3.04871","2.90284","7.3808","0","0","0","0","0","0","0","0"
"3.72685","0.500044","0.529857","0.0342221","0.504457","0.588331","1.30795","1.74323e-15","3.06822","3.05071","2.88576","7.36422","0","0","0","0","0","0","0","0"
"3.73022","0.500044","0.529857","0.0342267","0.503956","0.588332","1.30577","1.744e-15","3.06363","3.04509","2.8853","7.40453","0","0","0","0","0","0","0","0"
"3.73357","0.500044","0.529857","0.034232","0.504743","0.588826","1.30893","1.74436e-15","3.08184","3.06509","2.87958","7.38759","0","0","0","0","0","0","0","0"
"3.73707","0.500044","0.529857","0.0342376","0.504328","0.588377","1.30452","1.74221e-15","3.08","3.06642","2.89059","7.37482","0","0","0","0","0","0","0","0"
"3.7405","0.500044","0.529466","0.0342453","0.504496","0.588279","1.30486","1.7431e-15","3.07895","3.06324","2.87753","7.38463","0","0","0","0","0","0","0","0"
"3.74388","0.500044","0.529466","0.0342531","0.504683","0.58887","1.30123","1.74218e-15","3.07592","3.04996","2.88255","7.37812","0","0","0","0","0","0","0","0"
"3.74722","0.500044","0.529466","0.0342597","0.505157","0.589474","1.30289","1.74402e-15","3.07266","3.04044","2.87631","7.39344","0","0","0","0","0","0","0","0"
"3.75055","0.500044","0.529466","0.0342663","0.504861","0.589095","1.29898","1.74278e-15","3.07382","3.03841","2.88653","7.38594","0","0","0","0","0","0","0","0"
"3.75402","0.500044","0.529466","0.0342728","0.504555","0.588937","1.29512","1.74302e-15","3.07152","3.03645","2.89223","7.3959","0","0","0","0","0","0","0","0"
"3.75725","0.500044","0.529372","0.0342774","0.504773","0.589089","1.29576","1.74251e-15","3.07926","3.03087","2.89029","7.37757","0","0","0","0","0","0","0","0"
"3.76067","0.500044","0.529372","0.0342829","0.504388","0.589222","1.29195","1.74355e-15","3.07689","3.02859","2.89769","7.39908","0","0","0","0","0","0","0","0"
"3.76405","0.500044","0.529372","0.0342876","0.504857","0.589626","1.2908","1.74352e-15","3.07085","3.02637","2.89801","7.39165","0","0","0","0","0","0","0","0"
"3.76743","0.500044","0.529372","0.034293","0.504291","0.589595","1.28815","1.74486e-15","3.07251","3.02582","2.89826","7.39808","0","0","0","0","0","0","0","0"
"3.77093","0.500044","0.529372","0.0342943","0.504007","0.589079","1.28342","1.74456e-15","3.07511","3.02098","2.91217","7.39005","0","0","0","0","0","0","0","0"
"3.7742","0.500044","0.529428","0.034294","0.505281","0.590248","1.29068","1.74438e-15","3.08122","3.02215","2.91409","7.39962","0","0","0","0","0","0","0","0"
"3.77758","0.500044","0.529428","0.0342936","0.504847","0.590212","1.28834","1.7457e-15","3.081","3.01951","2.91461","7.39894","0","0","0","0","0","0","0","0"
"3.78097","0.500044","0.529428","0.0342932","0.5043","0.589579","1.28495","1.74429e-15","3.08319","3.01927","2.9174","7.37931","0","0","0","0","0","0","0","0"
"3.78432","0.500044","0.529428","0.0342929","0.504267","0.5892","1.28127","1.74577e-15","3.08132","3.01625","2.92674","7.39323","0","0","0","0","0","0","0","0"
"3.7879","0.500044","0.529428","0.0342917","0.504307","0.58907","1.27877","1.7446e-15","3.07799","3.0136","2.92958","7.38542","0","0","0","0","0","0","0","0"
"3.7912","0.500044","0.529473","0.0342905","0.504717","0.589685","1.28136","1.74517e-15","3.07431","3.00875","2.92425","7.4103","0","0","0","0","0","0","0","0"
"3.79457","0.500044","0.529473","0.0342891","0.504422","0.58986","1.28713","1.74574e-15","3.07214","3.00642","2.91202","7.41258","0","0","0","0","0","0","0","0"
"3.79797","0.500044","0.529473","0.0342878","0.504134","0.589847","1.28981","1.74456e-15","3.07004","3.00806","2.89979","7.40852","0","0","0","0","0","0","0","0"
"3.80353","0.500044","0.529473","0.0342873","0.504616","0.58987","1.28874","1.74473e-15","3.08714","3.00636","2.89691","7.40746","0","0","0","0","0","0","0","0"
"3.80682","0.500044","0.529473","0.0342897","0.504493","0.589621","1.28415","1.74429e-15","3.08762","3.003","2.90914","7.41595","0","0","0","0","0","0","0","0"
"3.8102","0.500044","0.529473","0.0342924","0.504154","0.589782","1.28186","1.74498e-15","3.08975","2.99712","2.91025","7.41818","0","0","0","0","0","0","0","0"
"3.8136","0.500044","0.529473","0.0342948","0.505486","0.590849","1.27882","1.74319e-15","3.08457","2.99284","2.91508","7.40928","0","0","0","0","0","0","0","0"
"3.81695","0.500044","0.529473","0.0342975","0.505262","0.591128","1.27493","1.74497e-15","3.09249","3.00296","2.92204","7.42826","0","0","0","0","0","0","0","0"
"3.82043","0.500044","0.529473","0.0343001","0.505382","0.591243","1.27395","1.74355e-15","3.09387","2.99825","2.9267","7.41087","0","0","0","0","0","0","0","0"
"3.83603","0.500044","0.529436","0.0343126","0.507277","0.59285","1.29124","1.74379e-15","3.09121","3.0002","2.96591","7.4228","0","0","0","0","0","0","0","0"
"3.83733","0.500044","0.529436","0.0343145","0.507272","0.593376","1.28952","1.7422e-15","3.09271","3.0022","2.96203","7.40181","0","0","0","0","0","0","0","0"
"3.84062","0.500044","0.529581","0.0343152","0.507237","0.592927","1.28808","1.74416e-15","3.08973","3.00238","2.95677","7.40442","0","0","0","0","0","0","0","0"
"3.84397","0.500044","0.529581","0.034316","0.507881","0.593837","1.29291","1.74214e-15","3.08679","3.00217","2.97961","7.4055","0","0","0","0","0","0","0","0"
"3.84748","0.500044","0.529581","0.0343168","0.50871","0.594639","1.28844","1.74421e-15","3.08484","3.00038","2.98883","7.42753","0","0","0","0","0","0","0","0"
"3.85087","0.500044","0.529581","0.0343175","0.508144","0.594551","1.2846","1.74273e-15","3.08653","2.99752","2.99975","7.4131","0","0","0","0","0","0","0","0"
"3.85438","0.500044","0.529581","0.0343205","0.508294","0.594924","1.29206","1.7425e-15","3.08373","2.99621","2.99981","7.39503","0","0","0","0","0","0","0","0"
"3.85765","0.500044","0.529965","0.0343238","0.508088","0.59476","1.29038","1.7425e-15","3.08559","2.9938","2.99933","7.37224","0","0","0","0","0","0","0","0"
"3.86103","0.500044","0.529965","0.0343276","0.508121","0.59477","1.28838","1.74251e-15","3.08728","2.98717","3.00613","7.388","0","0","0","0","0","0","0","0"
"3.86442","0.500044","0.529965","0.0343309","0.507557","0.594203","1.2853","1.74414e-15","3.09086","2.9895","3.01485","7.39557","0","0","0","0","0","0","0","0"
"3.86782","0.500044","0.529965","0.0343348","0.507553","0.5945","1.2835","1.7433e-15","3.09166","2.98669","3.01598","7.36748","0","0","0","0","0","0","0","0"
"3.87128","0.500044","0.529965","0.0343397","0.508736","0.595905","1.28353","1.74265e-15","3.0929","2.99511","3.02347","7.35676","0","0","0","0","0","0","0","0"
"3.87457","0.500044","0.530374","0.0343457","0.509133","0.59556","1.28688","1.74329e-15","3.08958","2.99391","3.02238","7.35866","0","0","0","0","0","0","0","0"
"3.87795","0.500044","0.530374","0.0343509","0.508931","0.595378","1.28222","1.74338e-15","3.08761","3.00523","3.03548","7.35602","0","0","0","0","0","0","0","0"
"3.88135","0.500044","0.530374","0.034357","0.509286","0.595616","1.28175","1.74462e-15","3.09072","2.99957","3.03143","7.38326","0","0","0","0","0","0","0","0"
"3.88692","0.500044","0.530374","0.0343665","0.509377","0.595491","1.28138","1.74252e-15","3.09315","2.99894","3.02442","7.38569","0","0","0","0","0","0","0","0"
"3.8902","0.500044","0.530593","0.0343744","0.509318","0.595307","1.2752","1.74238e-15","3.10213","2.99383","3.04579","7.37963","0","0","0","0","0","0","0","0"
"3.89358","0.500044","0.530593","0.0343812","0.509606","0.595798","1.27901","1.74298e-15","3.10157","2.99187","3.03589","7.3969","0","0","0","0","0","0","0","0"
"3.89698","0.500044","0.530593","0.0343891","0.509112","0.594833","1.27765","1.74355e-15","3.10319","2.99352","3.03313","7.40075","0","0","0","0","0","0","0","0"
"3.90035","0.500044","0.530593","0.0343959","0.508839","0.594252","1.27391","1.74376e-15","3.10537","2.99457","3.04286","7.39531","0","0","0","0","0","0","0","0"
"3.90383","0.500044","0.530593","0.0344042","0.5091","0.595061","1.27749","1.7445e-15","3.10327","2.99202","3.0216","7.40206","0","0","0","0","0","0","0","0"
"3.90712","0.500044","0.530792","0.0344114","0.509333","0.595259","1.27825","1.74434e-15","3.10164","2.98781","3.01062","7.41718","0","0","0","0","0","0","0","0"
"3.9105","0.500044","0.530792","0.0344198","0.509783","0.595869","1.28205","1.74669e-15","3.10512","2.99441","2.99782","7.4325","0","0","0","0","0","0","0","0"
"3.9141","0.500044","0.530792","0.034427","0.509718","0.595903","1.27767","1.74547e-15","3.10591","2.99086","3.00965","7.41724","0","0","0","0","0","0","0","0"
"3.91727","0.500044","0.530792","0.0344354","0.509523","0.596012","1.27884","1.74557e-15","3.10329","2.98513","2.99615","7.43964","0","0","0","0","0","0","0","0"
"3.92077","0.500044","0.530792","0.03444","0.509657","0.596311","1.28101","1.74549e-15","3.1041","2.98894","2.98438","7.4337","0","0","0","0","0","0","0","0"
"3.92408","0.500044","0.530867","0.0344437","0.509688","0.596897","1.28538","1.7437e-15","3.10172","2.98597","2.96196","7.41141","0","0","0","0","0","0","0","0"
"3.92743","0.500044","0.530867","0.0344468","0.509829","0.597089","1.28963","1.7442e-15","3.10624","2.99639","2.95347","7.42705","0","0","0","0","0","0","0","0"
"3.93082","0.500044","0.530867","0.0344506","0.511088","0.597892","1.29208","1.74621e-15","3.10118","2.99527","2.95626","7.44077","0","0","0","0","0","0","0","0"
"3.9342","0.500044","0.530867","0.0344537","0.51151","0.598196","1.30297","1.74501e-15","3.10082","2.98974","2.95053","7.4242","0","0","0","0","0","0","0","0"
"3.93768","0.500044","0.530867","0.0344579","0.511288","0.598048","1.30099","1.7453e-15","3.10015","2.98982","2.94793","7.43657","0","0","0","0","0","0","0","0"
"3.94097","0.500044","0.530981","0.0344617","0.511321","0.598136","1.29768","1.74552e-15","3.09373","2.98852","2.95485","7.44454","0","0","0","0","0","0","0","0"
"3.94435","0.500044","0.530981","0.0344661","0.510594","0.597686","1.29635","1.74565e-15","3.09625","2.99578","2.96243","7.46208","0","0","0","0","0","0","0","0"
"3.94775","0.500044","0.530981","0.0344698","0.510377","0.597485","1.30024","1.74647e-15","3.09663","2.996","2.94657","7.46367","0","0","0","0","0","0","0","0"
"3.95113","0.500044","0.530981","0.0344742","0.510238","0.597296","1.29634","1.74505e-15","3.09998","3.00202","2.95336","7.44903","0","0","0","0","0","0","0","0"
"3.95462","0.500044","0.530981","0.0344773","0.510767","0.597852","1.29859","1.74476e-15","3.09832","3.00098","2.94998","7.45627","0","0","0","0","0","0","0","0"
"3.95805","0.500044","0.531333","0.0344808","0.510649","0.59768","1.29463","1.74615e-15","3.10963","3.00859","2.95806","7.46249","0","0","0","0","0","0","0","0"
"3.96128","0.500044","0.531333","0.0344838","0.510328","0.597652","1.29161","1.74473e-15","3.11203","3.01275","2.96438","7.45801","0","0","0","0","0","0","0","0"
"3.96468","0.500044","0.531333","0.0344873","0.509916","0.597464","1.2893","1.74562e-15","3.11363","3.01478","2.96453","7.48304","0","0","0","0","0","0","0","0"
"3.97023","0.500044","0.531333","0.0344909","0.50992","0.596867","1.29603","1.7448e-15","3.11195","3.01468","2.96057","7.47147","0","0","0","0","0","0","0","0"
"3.97353","0.500044","0.531552","0.0344913","0.510485","0.597518","1.29278","1.74586e-15","3.11286","3.01908","2.96692","7.49671","0","0","0","0","0","0","0","0"
"3.97692","0.500044","0.531552","0.0344916","0.510268","0.59731","1.29184","1.7477e-15","3.11162","3.01944","2.96053","7.49435","0","0","0","0","0","0","0","0"
"3.98032","0.500044","0.531552","0.0344919","0.510242","0.597","1.29178","1.74647e-15","3.11556","3.01776","2.95365","7.49382","0","0","0","0","0","0","0","0"
"3.98368","0.500044","0.531552","0.0344923","0.510105","0.596833","1.28969","1.74812e-15","3.11092","3.01401","2.95693","7.50936","0","0","0","0","0","0","0","0"
"3.98717","0.500044","0.531552","0.0344946","0.510712","0.597277","1.29057","1.74729e-15","3.10733","3.00655","2.95201","7.50023","0","0","0","0","0","0","0","0"
"3.99045","0.500044","0.53153","0.0344979","0.511541","0.597691","1.30631","1.74801e-15","3.11192","3.00369","2.99579","7.50514","0","0","0","0","0","0","0","0"
"3.99383","0.500044","0.53153","0.0345017","0.511967","0.597973","1.32006","1.74961e-15","3.11395","3.00504","3.0799","7.52954","0","0","0","0","0","0","0","0"
"3.99722","0.500044","0.53153","0.034505","0.51129","0.597325","1.31438","1.74851e-15","3.11509","3.00533","3.09979","7.51093","0","0","0","0","0","0","0","0"
"4.0006","0.500044","0.53153","0.0345089","0.510607","0.596801","1.31441","1.75057e-15","3.11447","3.00514","3.10181","7.54175","0","0","0","0","0","0","0","0"
"4.0041","0.500044","0.53153","0.0345117","0.510601","0.596944","1.31472","1.74981e-15","3.11626","2.99773","3.09395","7.51986","0","0","0","0","0","0","0","0"
"4.00738","0.500044","0.531521","0.0345147","0.510909","0.597152","1.31198","1.74938e-15","3.11756","2.99708","3.09864","7.51342","0","0","0","0","0","0","0","0"
"4.01077","0.500044","0.531521","0.0345172","0.510793","0.596825","1.31209","1.75175e-15","3.11361","2.99496","3.08638","7.52857","0","0","0","0","0","0","0","0"
"4.01415","0.500044","0.531521","0.0345202","0.511784","0.597548","1.31405","1.75065e-15","3.11242","2.98461","3.08281","7.5167","0","0","0","0","0","0","0","0"
"4.01753","0.500044","0.531521","0.0345228","0.511646","0.597532","1.32111","1.75302e-15","3.1096","2.9796","3.06728","7.53673","0","0","0","0","0","0","0","0"
"4.02102","0.500044","0.531521","0.034522","0.51174","0.597531","1.31596","1.75019e-15","3.10313","2.98108","3.08049","7.52865","0","0","0","0","0","0","0","0"
"4.0243","0.500044","0.531553","0.0345201","0.511364","0.59717","1.31313","1.75074e-15","3.10211","2.98398","3.08325","7.54016","0","0","0","0","0","0","0","0"
"4.0277","0.500044","0.531553","0.0345178","0.511634","0.597348","1.31112","1.7515e-15","3.0942","2.98009","3.08752","7.51928","0","0","0","0","0","0","0","0"
"4.03107","0.500044","0.531553","0.0345158","0.51098","0.596765","1.30902","1.75e-15","3.09427","2.98365","3.0924","7.50706","0","0","0","0","0","0","0","0"
"4.0345","0.500044","0.531553","0.0345135","0.511289","0.596902","1.30719","1.75123e-15","3.09926","3.00334","3.09214","7.52229","0","0","0","0","0","0","0","0"
"4.03795","0.500044","0.531553","0.0345068","0.510506","0.596167","1.30734","1.74985e-15","3.10171","3.00392","3.07949","7.50832","0","0","0","0","0","0","0","0"
"4.04123","0.500044","0.531572","0.0344978","0.510315","0.59631","1.30196","1.75045e-15","3.09811","2.99929","3.09546","7.50932","0","0","0","0","0","0","0","0"
"4.04462","0.500044","0.531572","0.0344901","0.509921","0.595696","1.29873","1.75116e-15","3.09581","2.99751","3.09878","7.53586","0","0","0","0","0","0","0","0"
"4.04802","0.500044","0.531572","0.0344811","0.510145","0.595991","1.30121","1.75219e-15","3.09264","2.99853","3.08222","7.52194","0","0","0","0","0","0","0","0"
"4.05358","0.500044","0.531572","0.0344695","0.510751","0.596173","1.30435","1.75198e-15","3.088","2.9991","3.06917","7.518","0","0","0","0","0","0","0","0"
"4.05685","0.500044","0.531655","0.0344636","0.51061","0.596101","1.30373","1.75379e-15","3.08442","2.99887","3.05962","7.53392","0","0","0","0","0","0","0","0"
"4.06025","0.500044","0.531655","0.0344584","0.509962","0.595668","1.29895","1.75335e-15","3.08786","3.00243","3.07477","7.54158","0","0","0","0","0","0","0","0"
"4.06363","0.500044","0.531655","0.0344524","0.509297","0.595226","1.29462","1.75376e-15","3.08578","3.00276","3.08301","7.55588","0","0","0","0","0","0","0","0"
"4.06702","0.500044","0.531655","0.0344473","0.509359","0.595665","1.29233","1.75494e-15","3.08729","3.00775","3.08544","7.55252","0","0","0","0","0","0","0","0"
"4.0705","0.500044","0.531655","0.0344447","0.508904","0.595472","1.28923","1.75333e-15","3.08593","3.00733","3.08928","7.53788","0","0","0","0","0","0","0","0"
"4.07378","0.500044","0.531506","0.0344446","0.508813","0.595437","1.28642","1.75609e-15","3.08783","3.0055","3.09087","7.54677","0","0","0","0","0","0","0","0"
"4.07717","0.500044","0.531506","0.0344445","0.508508","0.595792","1.28729","1.75415e-15","3.08763","3.00261","3.0915","7.54055","0","0","0","0","0","0","0","0"
"4.08055","0.500044","0.531506","0.0344444","0.509311","0.596383","1.28533","1.75551e-15","3.11094","3.00632","3.09856","7.55441","0","0","0","0","0","0","0","0"
"4.08393","0.500044","0.531506","0.0344443","0.508938","0.595881","1.28257","1.75577e-15","3.10653","3.0052","3.09611","7.53576","0","0","0","0","0","0","0","0"
"4.08743","0.500044","0.531506","0.0344459","0.509227","0.595607","1.28447","1.75463e-15","3.10068","3.00321","3.08043","7.5269","0","0","0","0","0","0","0","0"
"4.09072","0.500044","0.531369","0.0344487","0.509183","0.595379","1.29134","1.75596e-15","3.10239","3.00845","3.06406","7.5293","0","0","0","0","0","0","0","0"
"4.0941","0.500044","0.531369","0.0344511","0.508426","0.594948","1.28841","1.75513e-15","3.10475","3.00707","3.06842","7.52115","0","0","0","0","0","0","0","0"
"4.09748","0.500044","0.531369","0.0344538","0.508422","0.594503","1.29171","1.75655e-15","3.10561","3.00616","3.05158","7.52814","0","0","0","0","0","0","0","0"
"4.10087","0.500044","0.531369","0.0344562","0.508437","0.594435","1.2909","1.75535e-15","3.10591","3.0081","3.04342","7.51676","0","0","0","0","0","0","0","0"
"4.10435","0.500044","0.531369","0.0344607","0.508856","0.595083","1.29534","1.75509e-15","3.09961","3.00103","3.03257","7.50957","0","0","0","0","0","0","0","0"
"4.10763","0.500044","0.531325","0.034465","0.508523","0.594875","1.29253","1.7562e-15","3.10077","3.00121","3.03459","7.50134","0","0","0","0","0","0","0","0"
"4.11102","0.500044","0.531325","0.0344701","0.507848","0.594572","1.29062","1.75604e-15","3.10277","2.99991","3.03303","7.49261","0","0","0","0","0","0","0","0"
"4.1144","0.500044","0.531325","0.0344744","0.508253","0.595251","1.28952","1.75737e-15","3.09925","2.99958","3.0286","7.50963","0","0","0","0","0","0","0","0"
"4.1178","0.500044","0.531325","0.0344795","0.508375","0.59546","1.29016","1.75593e-15","3.0931","3.00075","3.01919","7.49864","0","0","0","0","0","0","0","0"
"4.12128","0.500044","0.531325","0.0344836","0.50861","0.595802","1.28781","1.75616e-15","3.09848","3.00496","3.02224","7.49544","0","0","0","0","0","0","0","0"
"4.12457","0.500044","0.531285","0.0344883","0.509147","0.596177","1.28522","1.75454e-15","3.10627","3.00932","3.02769","7.4906","0","0","0","0","0","0","0","0"
"4.12795","0.500044","0.531285","0.0344923","0.509236","0.596192","1.28328","1.75571e-15","3.10527","3.00789","3.02653","7.50408","0","0","0","0","0","0","0","0"
"4.13135","0.500044","0.531285","0.034497","0.508546","0.595815","1.28027","1.75542e-15","3.10594","3.00824","3.02752","7.49507","0","0","0","0","0","0","0","0"
"4.13693","0.500044","0.531285","0.034504","0.508975","0.596247","1.2774","1.75512e-15","3.10328","3.01094","3.0227","7.49452","0","0","0","0","0","0","0","0"
"4.14018","0.500044","0.531248","0.0345095","0.509197","0.596254","1.27984","1.75457e-15","3.09881","3.00777","3.01848","7.48461","0","0","0","0","0","0","0","0"
"4.14357","0.500044","0.531248","0.0345143","0.508718","0.596463","1.27735","1.7561e-15","3.09933","3.01678","3.0187","7.50728","0","0","0","0","0","0","0","0"
"4.14698","0.500044","0.531248","0.0345198","0.508724","0.596685","1.2771","1.75569e-15","3.09503","3.01716","3.01358","7.49769","0","0","0","0","0","0","0","0"
"4.15035","0.500044","0.531248","0.0345245","0.508884","0.596658","1.27695","1.75478e-15","3.08869","3.0161","3.00855","7.50191","0","0","0","0","0","0","0","0"
"4.15382","0.500044","0.531248","0.034529","0.508606","0.596326","1.28116","1.75518e-15","3.08886","3.01428","2.99381","7.4978","0","0","0","0","0","0","0","0"
"4.15712","0.500044","0.531451","0.0345321","0.508831","0.596742","1.28485","1.7541e-15","3.09092","3.00758","2.98329","7.49052","0","0","0","0","0","0","0","0"
"4.1605","0.500044","0.531451","0.0345358","0.508491","0.59646","1.285","1.75535e-15","3.0881","3.00725","2.97264","7.5202","0","0","0","0","0","0","0","0"
"4.16388","0.500044","0.531451","0.034539","0.508514","0.596891","1.28741","1.75382e-15","3.08887","3.00171","2.97012","7.50941","0","0","0","0","0","0","0","0"
"4.16723","0.500044","0.531451","0.0345426","0.508028","0.596379","1.29403","1.75598e-15","3.09019","3.00249","2.95423","7.52319","0","0","0","0","0","0","0","0"
"4.17073","0.500044","0.531451","0.0345445","0.507945","0.596179","1.29253","1.75648e-15","3.08744","3.00586","2.9514","7.49468","0","0","0","0","0","0","0","0"
"4.17422","0.500044","0.531526","0.034546","0.5079","0.596491","1.2919","1.75588e-15","3.08446","3.00063","2.94515","7.49666","0","0","0","0","0","0","0","0"
"4.17762","0.500044","0.531526","0.0345473","0.507634","0.596555","1.28929","1.75733e-15","3.08159","3.00026","2.95213","7.5157","0","0","0","0","0","0","0","0"
"4.181","0.500044","0.531526","0.0345487","0.507263","0.596584","1.28622","1.75631e-15","3.08497","3.00148","2.95825","7.51809","0","0","0","0","0","0","0","0"
"4.18437","0.500044","0.531526","0.03455","0.507352","0.596565","1.28561","1.75815e-15","3.08363","3.00392","2.9568","7.52602","0","0","0","0","0","0","0","0"
"4.188","0.500044","0.531526","0.0345495","0.507653","0.596669","1.28247","1.75626e-15","3.08182","3.00658","2.96031","7.5053","0","0","0","0","0","0","0","0"
"4.19128","0.500044","0.531471","0.0345482","0.507847","0.597097","1.28461","1.75864e-15","3.07779","3.0068","2.9538","7.51624","0","0","0","0","0","0","0","0"
"4.19467","0.500044","0.531471","0.0345472","0.507848","0.597663","1.28145","1.75708e-15","3.0741","3.00641","2.96321","7.50457","0","0","0","0","0","0","0","0"
"4.19805","0.500044","0.531471","0.0345459","0.507343","0.597347","1.28504","1.7579e-15","3.07163","3.00418","2.94485","7.52489","0","0","0","0","0","0","0","0"
"4.20143","0.500044","0.531471","0.0345448","0.507025","0.596807","1.28292","1.75743e-15","3.07064","3.00459","2.9455","7.50788","0","0","0","0","0","0","0","0"
"4.20488","0.500044","0.531471","0.0345392","0.507452","0.596581","1.28246","1.75638e-15","3.07581","3.01085","2.9424","7.50545","0","0","0","0","0","0","0","0"
"4.2085","0.500044","0.531401","0.0345329","0.507451","0.596662","1.27834","1.7564e-15","3.07258","3.00931","2.95219","7.49782","0","0","0","0","0","0","0","0"
"4.21185","0.500044","0.531401","0.0345275","0.508143","0.597233","1.27788","1.75631e-15","3.06697","3.01126","2.94636","7.50069","0","0","0","0","0","0","0","0"
"4.21523","0.500044","0.531401","0.0345212","0.508845","0.597417","1.27704","1.75657e-15","3.07633","3.01108","2.93875","7.5025","0","0","0","0","0","0","0","0"
"4.22028","0.500044","0.531401","0.0345132","0.50935","0.597971","1.27348","1.75582e-15","3.08209","3.01519","2.94253","7.50835","0","0","0","0","0","0","0","0"
"4.22357","0.500044","0.531492","0.034507","0.50933","0.597749","1.26967","1.7542e-15","3.07614","3.01573","2.9505","7.49611","0","0","0","0","0","0","0","0"
"4.22695","0.500044","0.531492","0.0345017","0.50898","0.597608","1.26738","1.75619e-15","3.0758","3.01634","2.95008","7.52041","0","0","0","0","0","0","0","0"
"4.23033","0.500044","0.531492","0.0344955","0.509345","0.597927","1.26533","1.75541e-15","3.07877","3.01782","2.94757","7.51134","0","0","0","0","0","0","0","0"
"4.23372","0.500044","0.531492","0.0344902","0.508623","0.597181","1.26262","1.75668e-15","3.07926","3.01915","2.95049","7.53039","0","0","0","0","0","0","0","0"
"4.23727","0.500044","0.531492","0.0344872","0.508591","0.597236","1.26004","1.75514e-15","3.08172","3.01712","2.9539","7.52043","0","0","0","0","0","0","0","0"
"4.2409","0.500044","0.531607","0.0344866","0.508532","0.597211","1.26274","1.75619e-15","3.07495","3.01366","2.95351","7.51414","0","0","0","0","0","0","0","0"
"4.24388","0.500044","0.531607","0.034486","0.508257","0.596651","1.26406","1.75482e-15","3.07506","3.01359","2.94789","7.49527","0","0","0","0","0","0","0","0"
"4.24727","0.500044","0.531607","0.0344855","0.508548","0.596129","1.26684","1.75559e-15","3.08379","3.01596","2.94146","7.50623","0","0","0","0","0","0","0","0"
"4.25067","0.500044","0.531607","0.0344848","0.508967","0.596842","1.26919","1.7557e-15","3.0784","3.01338","2.93581","7.49539","0","0","0","0","0","0","0","0"
"4.25432","0.500044","0.531607","0.0344858","0.509405","0.596595","1.27173","1.75393e-15","3.07388","3.01543","2.92122","7.48842","0","0","0","0","0","0","0","0"
"4.25758","0.500044","0.531825","0.0344879","0.50917","0.596462","1.26604","1.75417e-15","3.0747","3.01721","2.93873","7.48453","0","0","0","0","0","0","0","0"
"4.26098","0.500044","0.531825","0.0344897","0.50963","0.596592","1.27373","1.75369e-15","3.06962","3.02189","2.94691","7.48969","0","0","0","0","0","0","0","0"
"4.26435","0.500044","0.531825","0.0344917","0.509287","0.596673","1.2726","1.75299e-15","3.0677","3.02091","2.94235","7.4891","0","0","0","0","0","0","0","0"
"4.26778","0.500044","0.531825","0.0344935","0.509","0.595998","1.27097","1.75409e-15","3.0686","3.02193","2.94084","7.50712","0","0","0","0","0","0","0","0"
"4.27122","0.500044","0.531825","0.0344968","0.508173","0.595581","1.26973","1.75177e-15","3.07142","3.02316","2.93384","7.49157","0","0","0","0","0","0","0","0"
"4.27453","0.500044","0.531751","0.0345","0.508429","0.596242","1.26845","1.75165e-15","3.07323","3.01651","2.93155","7.49486","0","0","0","0","0","0","0","0"
"4.27788","0.500044","0.531751","0.0345037","0.508472","0.59688","1.27495","1.75295e-15","3.06919","3.01724","2.92123","7.50257","0","0","0","0","0","0","0","0"
"4.28133","0.500044","0.531751","0.0345069","0.50898","0.597177","1.27451","1.75128e-15","3.07811","3.04153","2.92948","7.49298","0","0","0","0","0","0","0","0"
"4.28465","0.500044","0.531751","0.0345107","0.510413","0.598494","1.28783","1.75283e-15","3.07415","3.03399","2.95283","7.51037","0","0","0","0","0","0","0","0"
"4.28817","0.500044","0.531751","0.0345136","0.509944","0.598098","1.28508","1.75181e-15","3.07313","3.03182","2.95584","7.48557","0","0","0","0","0","0","0","0"
"4.29235","0.500044","0.531728","0.0345168","0.510182","0.598165","1.28396","1.7524e-15","3.06898","3.03261","2.9564","7.48965","0","0","0","0","0","0","0","0"
"4.29483","0.500044","0.531728","0.0345197","0.511417","0.598755","1.28312","1.75264e-15","3.08169","3.03531","2.95097","7.49733","0","0","0","0","0","0","0","0"
"4.29833","0.500044","0.531728","0.0345229","0.510834","0.598375","1.28531","1.75205e-15","3.08005","3.03594","2.93003","7.50848","0","0","0","0","0","0","0","0"
"4.30352","0.500044","0.531728","0.0345267","0.510419","0.598086","1.28088","1.75114e-15","3.08069","3.03264","2.93964","7.5212","0","0","0","0","0","0","0","0"
"4.30693","0.500044","0.531795","0.0345277","0.510468","0.598426","1.27706","1.75029e-15","3.07905","3.03104","2.95047","7.52898","0","0","0","0","0","0","0","0"
"4.31018","0.500044","0.531795","0.0345288","0.510631","0.598232","1.28006","1.75168e-15","3.0781","3.02725","2.9515","7.5266","0","0","0","0","0","0","0","0"
"4.31358","0.500044","0.531795","0.0345297","0.510176","0.598398","1.2821","1.7501e-15","3.07916","3.02594","2.94566","7.51846","0","0","0","0","0","0","0","0"
"4.31698","0.500044","0.531795","0.0345309","0.510648","0.598868","1.27816","1.75114e-15","3.07476","3.02594","2.95511","7.53282","0","0","0","0","0","0","0","0"
"4.32048","0.500044","0.531795","0.0345275","0.510745","0.59926","1.27616","1.75061e-15","3.07487","3.03268","2.95126","7.52026","0","0","0","0","0","0","0","0"
"4.32383","0.500044","0.532114","0.0345217","0.510416","0.598682","1.27397","1.751e-15","3.07489","3.03129","2.95652","7.53645","0","0","0","0","0","0","0","0"
"4.32715","0.500044","0.532114","0.0345149","0.509728","0.598481","1.27398","1.75268e-15","3.07495","3.02948","2.94681","7.53386","0","0","0","0","0","0","0","0"
"4.33053","0.500044","0.532114","0.0345092","0.50892","0.597799","1.26898","1.75147e-15","3.07824","3.03045","2.96261","7.53525","0","0","0","0","0","0","0","0"
"4.33392","0.500044","0.532114","0.0345024","0.508745","0.597999","1.26514","1.75401e-15","3.07271","3.02474","2.97014","7.53824","0","0","0","0","0","0","0","0"
"4.3374","0.500044","0.532114","0.0344985","0.508707","0.597661","1.26341","1.75174e-15","3.06959","3.02415","2.97279","7.52441","0","0","0","0","0","0","0","0"
"4.34083","0.500044","0.532199","0.0344951","0.50869","0.597678","1.2617","1.75372e-15","3.07672","3.02712","2.96945","7.52291","0","0","0","0","0","0","0","0"
"4.34407","0.500044","0.532199","0.0344921","0.508991","0.598185","1.25923","1.75222e-15","3.07","3.02897","2.97583","7.50444","0","0","0","0","0","0","0","0"
"4.34748","0.500044","0.532199","0.0344887","0.508851","0.597713","1.26005","1.75343e-15","3.06695","3.03796","2.9638","7.5279","0","0","0","0","0","0","0","0"
"4.35087","0.500044","0.532199","0.0344858","0.508561","0.597565","1.25629","1.75202e-15","3.06794","3.03583","2.9722","7.51847","0","0","0","0","0","0","0","0"
"4.35435","0.500044","0.532199","0.0344828","0.507972","0.597557","1.25561","1.75206e-15","3.06698","3.03119","2.96933","7.53398","0","0","0","0","0","0","0","0"
"4.35763","0.500044","0.532173","0.0344803","0.508635","0.598346","1.261","1.75121e-15","3.06087","3.02654","2.96661","7.52698","0","0","0","0","0","0","0","0"
"4.36102","0.500044","0.532173","0.0344775","0.509198","0.598877","1.2559","1.75336e-15","3.06096","3.02589","2.98079","7.54872","0","0","0","0","0","0","0","0"
"4.3644","0.500044","0.532173","0.034475","0.508721","0.598713","1.25248","1.75201e-15","3.06278","3.02093","2.98787","7.52731","0","0","0","0","0","0","0","0"
"4.36782","0.500044","0.532173","0.0344722","0.509287","0.59889","1.25583","1.75273e-15","3.06119","3.01641","2.97397","7.54685","0","0","0","0","0","0","0","0"
"4.37128","0.500044","0.532173","0.0344698","0.510028","0.599802","1.25805","1.75189e-15","3.05326","3.00715","2.97421","7.52434","0","0","0","0","0","0","0","0"
"4.37457","0.500044","0.532075","0.034467","0.509924","0.599814","1.259","1.7531e-15","3.04942","3.00439","2.96791","7.55226","0","0","0","0","0","0","0","0"
"4.378","0.500044","0.532075","0.0344646","0.510288","0.600059","1.25604","1.75335e-15","3.05231","2.99953","2.97279","7.55982","0","0","0","0","0","0","0","0"
"4.38142","0.500044","0.532075","0.0344618","0.509306","0.599208","1.25356","1.75327e-15","3.05836","3.00086","2.97063","7.56471","0","0","0","0","0","0","0","0"
"4.38703","0.500044","0.532075","0.0344593","0.509461","0.599373","1.25345","1.75102e-15","3.05211","2.99346","2.97104","7.55907","0","0","0","0","0","0","0","0"
"4.39028","0.500044","0.532229","0.03446","0.509357","0.599223","1.25194","1.75227e-15","3.05155","2.98991","2.96991","7.56658","0","0","0","0","0","0","0","0"
"4.39367","0.500044","0.532229","0.0344605","0.509153","0.598863","1.25054","1.75105e-15","3.05038","2.99459","2.9666","7.56156","0","0","0","0","0","0","0","0"
"4.39708","0.500044","0.532229","0.0344612","0.508715","0.598944","1.24776","1.75306e-15","3.05108","3.00165","2.97798","7.58615","0","0","0","0","0","0","0","0"
"4.4004","0.500044","0.532229","0.0344618","0.508792","0.598311","1.24561","1.75127e-15","3.04819","3.00071","2.98095","7.57502","0","0","0","0","0","0","0","0"
"4.40387","0.500044","0.532229","0.0344628","0.507894","0.598029","1.24369","1.75125e-15","3.05116","2.99702","2.98053","7.55099","0","0","0","0","0","0","0","0"
"4.40737","0.500044","0.532477","0.0344641","0.507736","0.597736","1.23894","1.75024e-15","3.0516","2.99526","2.99355","7.53944","0","0","0","0","0","0","0","0"
"4.41077","0.500044","0.532477","0.0344652","0.507197","0.597167","1.23681","1.75149e-15","3.05055","2.99302","2.9913","7.53737","0","0","0","0","0","0","0","0"
"4.41415","0.500044","0.532477","0.0344665","0.50713","0.597334","1.2438","1.75048e-15","3.04914","2.99139","2.97795","7.50587","0","0","0","0","0","0","0","0"
"4.41753","0.500044","0.532477","0.0344675","0.508912","0.59776","1.25827","1.75183e-15","3.08552","2.99423","3.0289","7.48756","0","0","0","0","0","0","0","0"
"4.42103","0.500044","0.532477","0.034468","0.508449","0.597595","1.25475","1.75003e-15","3.08619","2.99769","3.03503","7.482","0","0","0","0","0","0","0","0"
"4.42427","0.500044","0.532426","0.034468","0.508631","0.597814","1.25357","1.75153e-15","3.08884","2.99641","3.03297","7.51119","0","0","0","0","0","0","0","0"
"4.42773","0.500044","0.532426","0.0344681","0.508375","0.597547","1.25186","1.75042e-15","3.09042","2.99102","3.0344","7.49706","0","0","0","0","0","0","0","0"
"4.43112","0.500044","0.532426","0.0344682","0.508593","0.597532","1.24997","1.75159e-15","3.08834","2.9851","3.0377","7.5107","0","0","0","0","0","0","0","0"
"4.43452","0.500044","0.532426","0.0344683","0.508234","0.597265","1.25199","1.75028e-15","3.08386","2.98556","3.03286","7.48898","0","0","0","0","0","0","0","0"
"4.43798","0.500044","0.532426","0.0344686","0.507855","0.596753","1.24971","1.74946e-15","3.08534","2.99126","3.03499","7.48691","0","0","0","0","0","0","0","0"
"4.44127","0.500044","0.532231","0.034469","0.508158","0.596811","1.24984","1.7475e-15","3.07755","2.98641","3.03295","7.4753","0","0","0","0","0","0","0","0"
"4.44465","0.500044","0.532231","0.0344693","0.507882","0.596604","1.25388","1.74919e-15","3.07683","2.9911","3.0149","7.49728","0","0","0","0","0","0","0","0"
"4.44807","0.500044","0.532231","0.0344698","0.507575","0.596297","1.25351","1.74887e-15","3.07873","2.9895","3.01841","7.49137","0","0","0","0","0","0","0","0"
"4.45143","0.500044","0.532231","0.0344701","0.507601","0.596571","1.25467","1.74833e-15","3.0735","2.98673","3.00411","7.49682","0","0","0","0","0","0","0","0"
"4.45488","0.500044","0.532231","0.0344699","0.508782","0.5971","1.27829","1.74913e-15","3.07374","2.99001","3.06294","7.47823","0","0","0","0","0","0","0","0"
"4.45828","0.500044","0.532209","0.0344695","0.508986","0.597462","1.28839","1.7486e-15","3.07019","2.98523","3.08351","7.49153","0","0","0","0","0","0","0","0"
"4.4617","0.500044","0.532209","0.0344692","0.508894","0.597574","1.28397","1.75047e-15","3.06571","2.98579","3.09347","7.48648","0","0","0","0","0","0","0","0"
"4.46505","0.500044","0.532209","0.0344689","0.508543","0.597434","1.27952","1.74976e-15","3.06565","2.98198","3.10547","7.47942","0","0","0","0","0","0","0","0"
"4.47038","0.500044","0.532209","0.034468","0.508502","0.597332","1.28632","1.74949e-15","3.0643","2.98539","3.08004","7.46914","0","0","0","0","0","0","0","0"
"4.4736","0.500044","0.5321","0.034467","0.508627","0.597116","1.28628","1.75005e-15","3.0684","2.99832","3.07541","7.48084","0","0","0","0","0","0","0","0"
"4.47705","0.500044","0.5321","0.0344662","0.507996","0.596794","1.28691","1.74992e-15","3.06689","2.9948","3.06987","7.48084","0","0","0","0","0","0","0","0"
"4.48045","0.500044","0.5321","0.0344651","0.5076","0.596628","1.28644","1.75046e-15","3.06684","2.99436","3.06407","7.49453","0","0","0","0","0","0","0","0"
"4.48382","0.500044","0.5321","0.0344643","0.507619","0.596245","1.28634","1.75127e-15","3.06675","3.00158","3.05263","7.4883","0","0","0","0","0","0","0","0"
"4.48725","0.500044","0.5321","0.0344637","0.50769","0.595987","1.28853","1.75e-15","3.06579","3.00767","3.03772","7.46542","0","0","0","0","0","0","0","0"
"4.49062","0.500044","0.532132","0.0344634","0.507517","0.595435","1.28964","1.75242e-15","3.06465","3.01178","3.02973","7.48509","0","0","0","0","0","0","0","0"
"4.494","0.500044","0.532132","0.0344631","0.50739","0.595327","1.29139","1.75105e-15","3.06053","3.00476","3.01952","7.49184","0","0","0","0","0","0","0","0"
"4.49738","0.500044","0.532132","0.0344629","0.508092","0.595549","1.29188","1.75239e-15","3.06076","3.00482","3.01306","7.48165","0","0","0","0","0","0","0","0"
"4.50077","0.500044","0.532132","0.0344626","0.508381","0.596023","1.29424","1.75157e-15","3.05831","3.00456","3.00216","7.47056","0","0","0","0","0","0","0","0"
"4.50428","0.500044","0.532132","0.0344612","0.508693","0.596302","1.29503","1.75146e-15","3.05874","3.00343","2.99165","7.46575","0","0","0","0","0","0","0","0"
"4.50753","0.500044","0.532013","0.0344591","0.508422","0.596041","1.29678","1.75062e-15","3.05547","3.00242","2.97565","7.45504","0","0","0","0","0","0","0","0"
"4.51093","0.500044","0.532013","0.0344572","0.508082","0.595496","1.29456","1.75187e-15","3.05658","3.00518","2.97477","7.45227","0","0","0","0","0","0","0","0"
"4.51433","0.500044","0.532013","0.034455","0.50828","0.595667","1.29143","1.75084e-15","3.06815","3.00562","2.97807","7.46204","0","0","0","0","0","0","0","0"
"4.5177","0.500044","0.532013","0.0344531","0.508275","0.595661","1.29325","1.75242e-15","3.06287","2.99929","2.96906","7.46303","0","0","0","0","0","0","0","0"
"4.52118","0.500044","0.532013","0.0344539","0.508796","0.596626","1.29747","1.75105e-15","3.05705","2.999","2.96402","7.45269","0","0","0","0","0","0","0","0"
"4.52457","0.500044","0.531861","0.0344559","0.509084","0.596662","1.30126","1.7512e-15","3.05579","3.0029","2.96473","7.43906","0","0","0","0","0","0","0","0"
"4.52795","0.500044","0.531861","0.0344575","0.508522","0.596324","1.30182","1.75e-15","3.05626","3.00535","2.9532","7.44391","0","0","0","0","0","0","0","0"
"4.53133","0.500044","0.531861","0.0344595","0.50924","0.597224","1.29774","1.75049e-15","3.06059","3.00155","2.96071","7.44174","0","0","0","0","0","0","0","0"
"4.53472","0.500044","0.531861","0.0344611","0.509437","0.597026","1.29811","1.75066e-15","3.05727","3.00168","2.95796","7.44382","0","0","0","0","0","0","0","0"
"4.53822","0.500044","0.531861","0.034461","0.510235","0.597426","1.30015","1.75031e-15","3.05562","3.00028","2.95372","7.43201","0","0","0","0","0","0","0","0"
"4.54152","0.500044","0.531936","0.0344606","0.510029","0.597321","1.30239","1.74919e-15","3.0538","2.99904","2.93962","7.42666","0","0","0","0","0","0","0","0"
"4.54487","0.500044","0.531936","0.0344601","0.509922","0.597611","1.29952","1.75154e-15","3.05137","2.99716","2.94786","7.45623","0","0","0","0","0","0","0","0"
"4.54827","0.500044","0.531936","0.0344597","0.509896","0.597213","1.29581","1.74993e-15","3.05119","2.99722","2.95671","7.44446","0","0","0","0","0","0","0","0"
"4.55357","0.500044","0.531936","0.03446","0.510331","0.597344","1.29534","1.75125e-15","3.057","2.99986","2.94382","7.45138","0","0","0","0","0","0","0","0"
"4.55685","0.500044","0.532132","0.0344619","0.509644","0.5968","1.29341","1.75018e-15","3.05701","2.99475","2.94274","7.45749","0","0","0","0","0","0","0","0"
"4.56018","0.500044","0.532132","0.0344634","0.509716","0.597088","1.29198","1.75122e-15","3.05986","2.9974","2.9499","7.46136","0","0","0","0","0","0","0","0"
"4.56358","0.500044","0.532132","0.0344652","0.509757","0.597595","1.28843","1.75022e-15","3.05465","2.99522","2.95477","7.46292","0","0","0","0","0","0","0","0"
"4.56695","0.500044","0.532132","0.0344668","0.509149","0.597098","1.28445","1.74989e-15","3.05426","2.99433","2.96354","7.45041","0","0","0","0","0","0","0","0"
"4.57047","0.500044","0.532132","0.0344689","0.508932","0.596945","1.28485","1.7484e-15","3.05193","2.9909","2.96086","7.43411","0","0","0","0","0","0","0","0"
"4.57373","0.500044","0.532358","0.0344708","0.50857","0.597118","1.28368","1.74786e-15","3.05366","2.98784","2.95887","7.42869","0","0","0","0","0","0","0","0"
"4.57713","0.500044","0.532358","0.0344731","0.50869","0.596477","1.29658","1.74814e-15","3.05689","2.98745","2.95674","7.44532","0","0","0","0","0","0","0","0"
"4.58045","0.500044","0.532358","0.0344751","0.508681","0.597131","1.29676","1.74755e-15","3.06405","2.98919","2.97057","7.4376","0","0","0","0","0","0","0","0"
"4.58395","0.500044","0.532358","0.0344774","0.508905","0.59684","1.29471","1.74823e-15","3.05879","2.98719","2.96808","7.45381","0","0","0","0","0","0","0","0"
"4.58745","0.500044","0.532358","0.0344787","0.508185","0.596674","1.29497","1.7481e-15","3.06474","2.98972","2.96068","7.43694","0","0","0","0","0","0","0","0"
"4.59073","0.500044","0.532345","0.0344798","0.508241","0.596078","1.29243","1.74778e-15","3.06047","2.98647","2.96109","7.43266","0","0","0","0","0","0","0","0"
"4.59412","0.500044","0.532345","0.0344808","0.508106","0.596004","1.29166","1.74788e-15","3.05484","2.98271","2.95626","7.41161","0","0","0","0","0","0","0","0"
"4.5975","0.500044","0.532345","0.0344819","0.508609","0.596141","1.29454","1.74718e-15","3.05785","2.97779","2.94252","7.4097","0","0","0","0","0","0","0","0"
"4.60088","0.500044","0.532345","0.0344829","0.508288","0.595957","1.29682","1.74813e-15","3.05446","2.97556","2.9358","7.40436","0","0","0","0","0","0","0","0"
"4.60437","0.500044","0.532345","0.0344846","0.508248","0.596093","1.29297","1.74672e-15","3.05454","2.97612","2.94278","7.39273","0","0","0","0","0","0","0","0"
"4.60762","0.500044","0.53226","0.0344862","0.508104","0.595895","1.28987","1.74665e-15","3.04921","2.97341","2.94701","7.39199","0","0","0","0","0","0","0","0"
"4.61125","0.500044","0.53226","0.0344881","0.50838","0.596002","1.2864","1.74648e-15","3.05101","2.97358","2.9525","7.41134","0","0","0","0","0","0","0","0"
"4.6146","0.500044","0.53226","0.0344897","0.508585","0.595567","1.29124","1.74666e-15","3.04419","2.97231","2.93586","7.40311","0","0","0","0","0","0","0","0"
"4.61797","0.500044","0.53226","0.0344916","0.508611","0.595594","1.29149","1.74734e-15","3.04076","2.97091","2.92907","7.41639","0","0","0","0","0","0","0","0"

