"Time","Demand 1","Control 1","Output Drive 1","Channel 1","Channel 2","Channel 3","Channel 4","Channel 1 Kurtosis","Channel 2 Kurtosis","Channel 3 Kurtosis","Channel 4 Kurtosis","Rear Input 1","Rear Input 2","Rear Input 3","Rear Input 4","Rear Input 5","Rear Input 6","Rear Input 7","Rear Input 8"
"0.00133333","0.125011","0.146055","0","0.216651","0.165755","0.165214","1.7862e-15","2.3142","2.99122","2.68213","7.26241","0","0","0","0","0","0","0","0"
"0.00133333","0.125011","0.146055","0","0.216651","0.165755","0.165214","1.7862e-15","2.3142","2.99122","2.68213","7.26241","0","0","0","0","0","0","0","0"
"0.00601667","0.125011","0.146055","1.20532e-05","0.226385","0.182523","0.206449","1.40396e-15","2.25991","2.85868","3.18646","2.53197","0","0","0","0","0","0","0","0"
"0.0094","0.125011","0.143183","1.30215e-05","0.159663","0.168889","0.163501","1.61755e-15","2.63575","2.28562","3.2773","4.75707","0","0","0","0","0","0","0","0"
"0.0127833","0.125011","0.143183","1.39131e-05","0.173128","0.143685","0.194383","1.89517e-15","2.68439","2.62668","3.09924","7.94801","0","0","0","0","0","0","0","0"
"0.0161667","0.125011","0.143183","1.50307e-05","0.174218","0.172888","0.232017","1.74212e-15","2.29638","2.36758","2.57317","5.69866","0","0","0","0","0","0","0","0"
"0.01955","0.125011","0.143183","1.60599e-05","0.175772","0.199646","0.26885","1.45838e-15","2.73841","2.35795","2.67221","6.51022","0","0","0","0","0","0","0","0"
"0.023","0.125011","0.143183","1.735e-05","0.187095","0.164601","0.221517","1.8172e-15","2.41438","2.32695","3.28574","5.54482","0","0","0","0","0","0","0","0"
"0.02635","0.125011","0.107988","1.8538e-05","0.240135","0.16613","0.19938","1.88483e-15","2.52085","3.46157","3.16528","8.0065","0","0","0","0","0","0","0","0"
"0.0297667","0.125011","0.107988","2.00272e-05","0.217491","0.215054","0.259409","1.49937e-15","2.84421","2.15188","2.33988","5.70227","0","0","0","0","0","0","0","0"
"0.03315","0.125011","0.107988","2.13985e-05","0.278332","0.204971","0.221638","1.79831e-15","2.48242","2.5807","3.45809","5.77423","0","0","0","0","0","0","0","0"
"0.0365","0.125011","0.107988","2.31174e-05","0.193647","0.191294","0.207151","1.68224e-15","2.66963","2.98865","3.40653","6.31214","0","0","0","0","0","0","0","0"
"0.0400833","0.125011","0.107988","2.47003e-05","0.159756","0.183209","0.204601","1.48274e-15","2.27078","2.54187","2.97245","4.53436","0","0","0","0","0","0","0","0"
"0.04335","0.125011","0.105061","2.66845e-05","0.196225","0.161136","0.143099","1.75801e-15","2.40444","2.35284","3.56251","6.36435","0","0","0","0","0","0","0","0"
"0.04675","0.125011","0.105061","2.85117e-05","0.190776","0.157014","0.185964","1.88468e-15","2.9032","3.41806","2.92708","7.62025","0","0","0","0","0","0","0","0"
"0.05015","0.125011","0.105061","3.0802e-05","0.199388","0.184596","0.197455","1.69633e-15","2.74709","2.55112","2.23635","4.90965","0","0","0","0","0","0","0","0"
"0.0535","0.125011","0.105061","3.29111e-05","0.212741","0.180187","0.243734","1.60363e-15","2.42146","2.45693","2.85028","5.94169","0","0","0","0","0","0","0","0"
"0.0569333","0.125011","0.105061","3.55549e-05","0.167801","0.154896","0.229496","1.76301e-15","2.25611","2.74145","5.4303","8.26275","0","0","0","0","0","0","0","0"
"0.0603","0.125011","0.141531","3.79894e-05","0.231962","0.179412","0.236261","1.50894e-15","2.50739","3.0869","3.1289","5.0939","0","0","0","0","0","0","0","0"
"0.0637","0.125011","0.141531","4.10411e-05","0.184155","0.201637","0.289423","1.71528e-15","3.08854","3.1879","3.05514","5.79976","0","0","0","0","0","0","0","0"
"0.0678833","0.125011","0.141531","4.48301e-05","0.16574","0.173077","0.258046","1.86056e-15","2.20533","3.67831","3.16744","6.57808","0","0","0","0","0","0","0","0"
"0.07235","0.125011","0.141531","4.89689e-05","0.202163","0.166283","0.226948","1.52847e-15","2.55225","3.90094","7.43109","3.95818","0","0","0","0","0","0","0","0"
"0.0756833","0.125011","0.146619","5.29026e-05","0.190552","0.176501","0.269128","1.72737e-15","2.53532","3.17942","3.5315","5.48083","0","0","0","0","0","0","0","0"
"0.0790833","0.125011","0.146619","5.71523e-05","0.188402","0.185791","0.262122","1.87262e-15","2.83133","2.297","2.30335","7.99661","0","0","0","0","0","0","0","0"
"0.0826","0.125011","0.146619","6.10656e-05","0.171282","0.192921","0.275323","1.64332e-15","3.11735","2.47188","2.60966","8.12288","0","0","0","0","0","0","0","0"
"0.08585","0.125011","0.146619","6.5971e-05","0.186617","0.173467","0.254081","1.6174e-15","2.98975","2.97449","6.4494","3.82571","0","0","0","0","0","0","0","0"
"0.08935","0.125011","0.146619","7.04882e-05","0.259802","0.193814","0.191248","1.56528e-15","2.34251","2.1986","3.61909","3.31608","0","0","0","0","0","0","0","0"
"0.0926167","0.125011","0.144398","7.61506e-05","0.271675","0.222163","0.28289","1.75952e-15","2.57315","2.32289","4.26442","8.8378","0","0","0","0","0","0","0","0"
"0.096","0.125011","0.144398","8.13647e-05","0.198691","0.158279","0.202201","1.68288e-15","2.51771","2.27254","3.14406","5.37922","0","0","0","0","0","0","0","0"
"0.0995167","0.125011","0.144398","8.79008e-05","0.204169","0.164998","0.177258","1.81565e-15","2.27834","2.66536","2.63692","9.27943","0","0","0","0","0","0","0","0"
"0.102767","0.125011","0.144398","9.39195e-05","0.194316","0.177077","0.201375","1.67932e-15","2.99163","2.94657","2.84137","7.47256","0","0","0","0","0","0","0","0"
"0.10625","0.125011","0.144398","0.000101464","0.165819","0.158693","0.148548","1.46203e-15","2.74062","2.20357","3.53502","4.71572","0","0","0","0","0","0","0","0"
"0.109533","0.125011","0.145354","0.000108412","0.181037","0.136972","0.173099","2.02268e-15","2.81259","2.91027","4.73081","7.09357","0","0","0","0","0","0","0","0"
"0.112917","0.125011","0.145354","0.00011712","0.147324","0.167882","0.216941","1.58034e-15","2.84428","2.63099","3.46239","8.56541","0","0","0","0","0","0","0","0"
"0.1163","0.125011","0.145354","0.00012514","0.167558","0.169104","0.229519","1.58879e-15","2.51574","2.90252","2.5079","5.0012","0","0","0","0","0","0","0","0"
"0.1197","0.125011","0.145354","0.000135192","0.200123","0.159593","0.215644","1.80798e-15","2.50575","2.7034","2.9114","7.46694","0","0","0","0","0","0","0","0"
"0.123183","0.125011","0.145354","0.000144449","0.180427","0.18681","0.240409","1.46698e-15","2.92932","2.61925","2.65719","3.17082","0","0","0","0","0","0","0","0"
"0.126467","0.125011","0.145256","0.000156053","0.164814","0.146809","0.225917","1.64626e-15","2.36567","2.69905","5.59571","6.12774","0","0","0","0","0","0","0","0"
"0.1298","0.125011","0.145256","0.000166738","0.194703","0.164805","0.238459","1.77098e-15","3.02781","2.86266","6.08722","7.07966","0","0","0","0","0","0","0","0"
"0.1333","0.125011","0.145256","0.000180132","0.208501","0.194386","0.252161","1.53838e-15","2.66967","2.57631","2.73564","3.8286","0","0","0","0","0","0","0","0"
"0.136683","0.125011","0.145256","0.000192466","0.178019","0.188941","0.247763","1.92863e-15","2.71231","1.94955","2.96794","7.41936","0","0","0","0","0","0","0","0"
"0.140167","0.125011","0.145256","0.000207927","0.175949","0.192303","0.260802","1.5972e-15","2.41489","2.38086","2.55036","5.16905","0","0","0","0","0","0","0","0"
"0.14355","0.125011","0.143511","0.000222164","0.19","0.201073","0.258476","1.6226e-15","2.70227","2.5794","2.60638","4.64945","0","0","0","0","0","0","0","0"
"0.14695","0.125011","0.143511","0.000240011","0.2166","0.184061","0.190153","2.04307e-15","2.16386","2.56452","3.36695","6.20451","0","0","0","0","0","0","0","0"
"0.151367","0.125011","0.143511","0.000262169","0.203912","0.185994","0.270993","1.51898e-15","2.8422","2.92285","2.6712","7.20028","0","0","0","0","0","0","0","0"
"0.155733","0.125011","0.143511","0.000289552","0.226955","0.1912","0.238276","1.58493e-15","2.29839","2.08305","2.68008","4.31038","0","0","0","0","0","0","0","0"
"0.158917","0.125011","0.147065","0.000309378","0.193904","0.19059","0.251538","1.83284e-15","2.3049","2.30218","2.54913","6.98264","0","0","0","0","0","0","0","0"
"0.1623","0.125011","0.147065","0.000330561","0.20372","0.203808","0.268702","1.51639e-15","2.57111","2.34827","2.75714","4.50011","0","0","0","0","0","0","0","0"
"0.165633","0.125011","0.147065","0.000357115","0.163493","0.170343","0.209603","1.98567e-15","2.83956","3.52419","2.67857","7.41549","0","0","0","0","0","0","0","0"
"0.1692","0.125011","0.147065","0.000385803","0.249484","0.207813","0.262562","1.54939e-15","2.31515","2.5261","2.25064","6.48653","0","0","0","0","0","0","0","0"
"0.1727","0.125011","0.147065","0.000412219","0.20173","0.207192","0.229003","1.533e-15","2.29251","2.39281","3.29809","3.87366","0","0","0","0","0","0","0","0"
"0.175983","0.125011","0.145748","0.000445333","0.190768","0.223429","0.280139","1.74155e-15","2.84151","2.34212","2.73417","8.69198","0","0","0","0","0","0","0","0"
"0.179567","0.125011","0.145748","0.000475826","0.189632","0.198771","0.23266","1.50039e-15","2.61223","3.04023","2.98051","5.45581","0","0","0","0","0","0","0","0"
"0.182933","0.125011","0.145748","0.00051405","0.199438","0.171146","0.155639","1.79774e-15","2.41731","2.43892","5.63088","6.40809","0","0","0","0","0","0","0","0"
"0.186333","0.125011","0.145748","0.000549247","0.220073","0.17001","0.162007","1.77658e-15","2.41687","2.60106","4.04461","9.79892","0","0","0","0","0","0","0","0"
"0.1898","0.125011","0.145748","0.000593369","0.142191","0.13621","0.14783","1.37544e-15","2.82485","2.67827","3.92509","3.02018","0","0","0","0","0","0","0","0"
"0.193083","0.125011","0.145912","0.000633998","0.178583","0.150495","0.165046","2.02695e-15","2.97669","2.96465","3.77766","7.44541","0","0","0","0","0","0","0","0"
"0.196417","0.125011","0.145912","0.000684927","0.174555","0.189886","0.211609","1.58534e-15","2.54644","2.88695","3.38418","6.53543","0","0","0","0","0","0","0","0"
"0.199967","0.125011","0.145912","0.000739948","0.163487","0.162217","0.182508","1.53149e-15","2.7459","3.08664","4.27885","4.31757","0","0","0","0","0","0","0","0"
"0.20335","0.125011","0.145912","0.000790614","0.16314","0.161112","0.198743","1.83971e-15","3.09803","3.14875","3.61274","6.87166","0","0","0","0","0","0","0","0"
"0.206833","0.125011","0.145912","0.000854124","0.197075","0.178402","0.208788","1.47082e-15","2.77323","2.592","2.53222","6.04641","0","0","0","0","0","0","0","0"
"0.21025","0.125011","0.148625","0.000912608","0.181713","0.18785","0.24895","1.60108e-15","2.72522","2.78381","2.00217","4.30674","0","0","0","0","0","0","0","0"
"0.213517","0.125011","0.148625","0.000985918","0.192272","0.184051","0.25765","1.96318e-15","2.59151","2.26307","2.89281","9.12596","0","0","0","0","0","0","0","0"
"0.2169","0.125011","0.148625","0.00105343","0.181684","0.196593","0.255352","1.65086e-15","2.74671","2.29412","2.97127","6.72824","0","0","0","0","0","0","0","0"
"0.220283","0.125011","0.148625","0.00113805","0.197234","0.195437","0.245196","1.59747e-15","2.60573","3.13705","5.07592","5.19584","0","0","0","0","0","0","0","0"
"0.223767","0.125011","0.148625","0.00121597","0.218796","0.180695","0.207193","1.78072e-15","3.26573","2.25488","2.84566","8.55827","0","0","0","0","0","0","0","0"
"0.227","0.125011","0.147866","0.00131365","0.186674","0.201467","0.277481","1.82863e-15","2.69224","2.32354","3.15237","5.96512","0","0","0","0","0","0","0","0"
"0.230617","0.125011","0.147866","0.0014036","0.204254","0.178674","0.203217","1.44608e-15","2.34009","2.54522","2.81407","4.04742","0","0","0","0","0","0","0","0"
"0.234767","0.125011","0.147866","0.00153318","0.177501","0.168404","0.241525","1.76954e-15","2.33466","3.04983","2.50593","10.0962","0","0","0","0","0","0","0","0"
"0.239067","0.125011","0.147866","0.00169332","0.183061","0.170438","0.197679","1.54793e-15","2.69015","3.00412","3.89196","4.41736","0","0","0","0","0","0","0","0"
"0.2423","0.125011","0.152541","0.00180926","0.19271","0.183458","0.23752","1.54686e-15","2.87078","2.56624","2.39667","4.00513","0","0","0","0","0","0","0","0"
"0.245717","0.125011","0.152541","0.00193314","0.257162","0.181989","0.210704","1.69871e-15","2.87202","2.85516","2.3054","8.212","0","0","0","0","0","0","0","0"
"0.249083","0.125011","0.152541","0.00208844","0.209744","0.20364","0.249118","1.8297e-15","2.96447","2.61484","4.40405","8.19436","0","0","0","0","0","0","0","0"
"0.252483","0.125011","0.152541","0.00223143","0.19584","0.19262","0.265913","1.68646e-15","2.86436","2.45371","3.68496","6.72964","0","0","0","0","0","0","0","0"
"0.25595","0.125011","0.152541","0.00240553","0.24568","0.231103","0.259231","1.54741e-15","2.39028","2.63125","2.95357","2.81442","0","0","0","0","0","0","0","0"
"0.25925","0.125011","0.155067","0.00254798","0.177077","0.181688","0.242828","1.68351e-15","2.58955","2.3146","4.04887","6.48182","0","0","0","0","0","0","0","0"
"0.262617","0.125011","0.155067","0.00271417","0.202564","0.210544","0.21859","1.51306e-15","2.5419","3.6021","2.08191","4.22215","0","0","0","0","0","0","0","0"
"0.266017","0.125011","0.155067","0.00285662","0.200712","0.172132","0.179055","1.69998e-15","2.48965","2.54363","2.27528","5.86911","0","0","0","0","0","0","0","0"
"0.26955","0.125011","0.155067","0.00302281","0.200561","0.199563","0.158243","1.62953e-15","3.24018","2.73436","3.17252","9.34963","0","0","0","0","0","0","0","0"
"0.2729","0.125011","0.155067","0.00315338","0.228628","0.191218","0.200345","1.55768e-15","2.73865","2.85089","2.53011","2.62116","0","0","0","0","0","0","0","0"
"0.276433","0.125011","0.159205","0.00327803","0.217774","0.201788","0.238846","1.81477e-15","2.50123","2.35176","2.24734","9.43315","0","0","0","0","0","0","0","0"
"0.2798","0.125011","0.159205","0.00340268","0.237095","0.203887","0.194123","1.67721e-15","2.75187","2.70201","3.37959","5.89856","0","0","0","0","0","0","0","0"
"0.283217","0.125011","0.159205","0.00350952","0.199155","0.166452","0.231073","1.45246e-15","2.62521","3.16067","2.83166","3.79157","0","0","0","0","0","0","0","0"
"0.286583","0.125011","0.159205","0.00363417","0.182515","0.191567","0.217608","1.94563e-15","2.61126","3.39801","4.32744","7.26544","0","0","0","0","0","0","0","0"
"0.290083","0.125011","0.159205","0.00374448","0.212424","0.226299","0.282807","1.3941e-15","2.87931","2.32997","2.54518","3.79707","0","0","0","0","0","0","0","0"
"0.29335","0.125011","0.164264","0.00387723","0.227975","0.239803","0.285366","1.46481e-15","2.96534","2.72898","2.95667","4.9282","0","0","0","0","0","0","0","0"
"0.29675","0.125011","0.164264","0.00399101","0.231895","0.235336","0.282988","1.60633e-15","2.71474","2.84111","2.92846","6.43601","0","0","0","0","0","0","0","0"
"0.300117","0.125011","0.164264","0.00412375","0.222889","0.222758","0.265593","1.68734e-15","2.85502","2.85545","3.03169","6.93845","0","0","0","0","0","0","0","0"
"0.303517","0.125011","0.164264","0.00423753","0.223831","0.225086","0.259925","1.64474e-15","2.87565","2.98122","2.89531","6.67622","0","0","0","0","0","0","0","0"
"0.306983","0.125011","0.164264","0.00436843","0.224405","0.224107","0.268388","1.61763e-15","2.80296","2.85104","2.9239","5.68331","0","0","0","0","0","0","0","0"
"0.3103","0.125011","0.168818","0.00447944","0.22645","0.22388","0.257502","1.69216e-15","2.71912","2.87524","3.01032","6.26692","0","0","0","0","0","0","0","0"
"0.313667","0.125011","0.168818","0.00460895","0.233858","0.22814","0.271695","1.65169e-15","2.90249","3.13446","4.18232","6.35081","0","0","0","0","0","0","0","0"
"0.3181","0.125011","0.168818","0.00475696","0.241307","0.237265","0.283367","1.7094e-15","2.86037","3.04649","3.63507","6.81059","0","0","0","0","0","0","0","0"
"0.3224","0.125011","0.168818","0.00489357","0.231375","0.228761","0.273533","1.71535e-15","2.92562","3.0177","3.57283","7.25095","0","0","0","0","0","0","0","0"
"0.325633","0.125011","0.175229","0.00491486","0.237727","0.233841","0.282263","1.66457e-15","2.90737","2.98427","3.56152","6.81785","0","0","0","0","0","0","0","0"
"0.32905","0.125011","0.175229","0.00493614","0.238126","0.232452","0.280422","1.70278e-15","3.06671","3.10436","3.57626","7.16638","0","0","0","0","0","0","0","0"
"0.332417","0.125011","0.175229","0.00496182","0.237737","0.231398","0.279033","1.69537e-15","3.12812","3.09225","3.40292","7.3138","0","0","0","0","0","0","0","0"
"0.335817","0.125011","0.175229","0.00499848","0.232941","0.228134","0.280792","1.66767e-15","3.11938","3.05748","3.30982","6.83269","0","0","0","0","0","0","0","0"
"0.339283","0.125011","0.175229","0.0051168","0.229778","0.227582","0.278295","1.67927e-15","3.12834","3.08401","3.24348","6.66573","0","0","0","0","0","0","0","0"
"0.342583","0.125011","0.180912","0.00512802","0.229103","0.229105","0.279958","1.68372e-15","3.05312","3.01964","3.14166","6.86986","0","0","0","0","0","0","0","0"
"0.34595","0.125011","0.180912","0.00514529","0.230354","0.228028","0.280104","1.6555e-15","2.96582","3.02675","3.1062","6.47668","0","0","0","0","0","0","0","0"
"0.34935","0.125011","0.180912","0.00516692","0.230506","0.227959","0.280484","1.69227e-15","2.97575","3.10157","3.01029","6.85141","0","0","0","0","0","0","0","0"
"0.352717","0.125011","0.180912","0.00521551","0.233117","0.230525","0.283847","1.68943e-15","2.88187","2.98604","3.01501","7.11905","0","0","0","0","0","0","0","0"
"0.356233","0.125011","0.180912","0.00532831","0.233265","0.230125","0.286106","1.65609e-15","2.90901","2.96285","3.11062","6.76106","0","0","0","0","0","0","0","0"
"0.3595","0.125011","0.184544","0.00534221","0.231805","0.227916","0.28625","1.68027e-15","2.91805","2.95404","3.11288","6.92514","0","0","0","0","0","0","0","0"
"0.3629","0.125011","0.184544","0.00535798","0.230747","0.225683","0.282867","1.67349e-15","2.88575","2.95282","3.08946","6.86089","0","0","0","0","0","0","0","0"
"0.366267","0.125011","0.184544","0.0053854","0.227745","0.22252","0.27871","1.66368e-15","2.9214","2.9846","3.06573","6.82028","0","0","0","0","0","0","0","0"
"0.369667","0.125011","0.184544","0.0054311","0.226664","0.22388","0.279645","1.68797e-15","2.91501","2.97804","3.0462","7.00852","0","0","0","0","0","0","0","0"
"0.373133","0.125011","0.184544","0.00555041","0.224452","0.222747","0.287999","1.65653e-15","2.88957","2.94251","3.026","6.77909","0","0","0","0","0","0","0","0"
"0.376433","0.125011","0.186236","0.00556304","0.224716","0.223985","0.300238","1.68742e-15","2.93941","3.04032","3.18697","6.98097","0","0","0","0","0","0","0","0"
"0.3798","0.125011","0.186236","0.00558274","0.223572","0.223098","0.300213","1.67554e-15","2.93226","3.05102","3.20029","6.8283","0","0","0","0","0","0","0","0"
"0.383217","0.125011","0.186236","0.00560801","0.225004","0.224704","0.299123","1.69214e-15","2.96591","3.03243","3.18384","6.84057","0","0","0","0","0","0","0","0"
"0.386567","0.125011","0.186236","0.00566974","0.227141","0.226365","0.299654","1.68931e-15","3.01746","2.94812","3.34449","6.95225","0","0","0","0","0","0","0","0"
"0.390083","0.125011","0.186236","0.00577984","0.229593","0.227078","0.300918","1.66779e-15","2.93802","2.92032","3.302","6.62736","0","0","0","0","0","0","0","0"
"0.393333","0.125011","0.18713","0.00579551","0.230385","0.228142","0.300501","1.68074e-15","2.94375","2.91764","3.37454","6.85833","0","0","0","0","0","0","0","0"
"0.39675","0.125011","0.18713","0.00581351","0.230374","0.227925","0.301642","1.6648e-15","2.92523","2.88857","3.47136","6.68345","0","0","0","0","0","0","0","0"
"0.401433","0.125011","0.18713","0.00585947","0.231019","0.226101","0.302074","1.70104e-15","2.90681","2.89173","3.48663","6.9865","0","0","0","0","0","0","0","0"
"0.40575","0.125011","0.18713","0.00601675","0.231822","0.224242","0.297153","1.67632e-15","2.91538","2.93186","3.47691","6.76183","0","0","0","0","0","0","0","0"
"0.408967","0.125011","0.187795","0.00602994","0.234332","0.22227","0.291062","1.67779e-15","2.87443","2.91812","3.48686","6.80637","0","0","0","0","0","0","0","0"
"0.4124","0.125011","0.187795","0.0060469","0.230992","0.219623","0.297456","1.6727e-15","2.86937","2.92326","3.31966","6.7469","0","0","0","0","0","0","0","0"
"0.415733","0.125011","0.187795","0.00607569","0.230482","0.220342","0.30751","1.69006e-15","2.90922","3.02474","3.32941","6.88983","0","0","0","0","0","0","0","0"
"0.41915","0.125011","0.187795","0.00612058","0.230385","0.220968","0.307371","1.68243e-15","2.90975","3.04148","3.35081","6.71715","0","0","0","0","0","0","0","0"
"0.4226","0.125011","0.187795","0.00626546","0.228109","0.223135","0.305963","1.69517e-15","2.88281","2.99983","3.23504","6.6368","0","0","0","0","0","0","0","0"
"0.425917","0.125011","0.188853","0.0062792","0.226928","0.222009","0.302473","1.68042e-15","2.85678","3.01138","3.20923","6.45816","0","0","0","0","0","0","0","0"
"0.429417","0.125011","0.188853","0.00630035","0.224678","0.220955","0.30093","1.6883e-15","2.87799","3.002","3.20359","6.67831","0","0","0","0","0","0","0","0"
"0.432683","0.125011","0.188853","0.00632684","0.227834","0.222223","0.297943","1.69918e-15","2.83464","2.95405","3.20132","6.86114","0","0","0","0","0","0","0","0"
"0.43605","0.125011","0.188853","0.00638633","0.227207","0.219206","0.29426","1.68807e-15","2.84984","2.95702","3.18614","6.68239","0","0","0","0","0","0","0","0"
"0.439567","0.125011","0.188853","0.00652445","0.227931","0.218817","0.301185","1.70795e-15","2.82166","2.96542","3.21155","6.58943","0","0","0","0","0","0","0","0"
"0.44285","0.125011","0.188698","0.00654148","0.227528","0.218814","0.309974","1.68608e-15","2.8825","2.96085","3.70957","6.58484","0","0","0","0","0","0","0","0"
"0.446333","0.125011","0.188698","0.00656078","0.225158","0.219235","0.316116","1.69655e-15","2.88476","2.98975","3.58192","6.56595","0","0","0","0","0","0","0","0"
"0.449583","0.125011","0.188698","0.00659435","0.221542","0.216276","0.306352","1.6999e-15","2.8826","2.94671","3.61717","6.78368","0","0","0","0","0","0","0","0"
"0.453","0.125011","0.188698","0.00665031","0.21816","0.215692","0.30854","1.67837e-15","2.88376","2.92532","3.51949","6.57621","0","0","0","0","0","0","0","0"
"0.456483","0.125011","0.188698","0.00679641","0.217459","0.213875","0.312009","1.67512e-15","2.87349","2.88806","3.31766","6.28751","0","0","0","0","0","0","0","0"
"0.459767","0.125011","0.188819","0.00681188","0.21935","0.215626","0.321131","1.67458e-15","2.86074","2.88363","3.21291","6.23809","0","0","0","0","0","0","0","0"
"0.463133","0.125011","0.188819","0.006836","0.220194","0.214945","0.32172","1.67142e-15","2.86399","2.8871","3.06494","6.19042","0","0","0","0","0","0","0","0"
"0.466533","0.125011","0.188819","0.00686694","0.21925","0.216483","0.315842","1.6904e-15","2.87779","2.89627","3.11513","6.43404","0","0","0","0","0","0","0","0"
"0.469933","0.125011","0.188819","0.00694252","0.219466","0.217237","0.314836","1.67201e-15","2.85966","2.95371","3.04149","6.34153","0","0","0","0","0","0","0","0"
"0.473417","0.125011","0.188819","0.00707735","0.216531","0.21449","0.312611","1.66382e-15","2.86206","2.94064","2.99009","6.25328","0","0","0","0","0","0","0","0"
"0.476667","0.125011","0.188569","0.00709654","0.216446","0.215257","0.317475","1.6746e-15","2.83917","2.92382","2.86987","6.42043","0","0","0","0","0","0","0","0"
"0.480083","0.125011","0.188569","0.00711857","0.218639","0.216894","0.320719","1.65195e-15","2.85526","2.94899","2.87779","6.3297","0","0","0","0","0","0","0","0"
"0.484767","0.125011","0.188569","0.00717485","0.217201","0.216061","0.314084","1.67414e-15","2.90765","2.956","2.8976","6.55434","0","0","0","0","0","0","0","0"
"0.489067","0.125011","0.188569","0.00736744","0.220995","0.214456","0.311319","1.65164e-15","2.89267","3.00434","3.04773","6.272","0","0","0","0","0","0","0","0"
"0.49235","0.125011","0.188188","0.00738359","0.218611","0.213911","0.320481","1.67697e-15","2.89884","2.97549","3.14848","6.71983","0","0","0","0","0","0","0","0"
"0.49575","0.125011","0.188188","0.00740847","0.220097","0.213298","0.325755","1.66926e-15","2.91961","3.01738","3.16904","6.59371","0","0","0","0","0","0","0","0"
"0.499117","0.125011","0.188188","0.00743961","0.226291","0.217311","0.331896","1.68848e-15","2.93477","2.99674","3.17802","6.65883","0","0","0","0","0","0","0","0"
"0.5025","0.125011","0.188188","0.00750956","0.228834","0.21762","0.344944","1.70092e-15","2.93743","2.95923","3.00679","7.07153","0","0","0","0","0","0","0","0"
"0.506","0.125011","0.188188","0.00767198","0.227215","0.218378","0.34608","1.68981e-15","2.93811","2.95961","2.94312","6.71131","0","0","0","0","0","0","0","0"
"0.509283","0.125011","0.188193","0.00769201","0.223197","0.216252","0.361322","1.71147e-15","2.94402","2.96372","3.0993","6.82965","0","0","0","0","0","0","0","0"
"0.512667","0.125011","0.188193","0.0077147","0.224868","0.21982","0.367126","1.70444e-15","3.02709","3.01247","2.9989","6.63851","0","0","0","0","0","0","0","0"
"0.51605","0.125011","0.188193","0.00775418","0.224454","0.220526","0.360136","1.72677e-15","3.05245","2.99454","3.01484","6.83608","0","0","0","0","0","0","0","0"
"0.519433","0.125011","0.188193","0.00781998","0.224837","0.219466","0.363839","1.71621e-15","3.0229","2.98907","3.01464","6.70617","0","0","0","0","0","0","0","0"
"0.522917","0.125011","0.188193","0.00799177","0.224487","0.219346","0.359886","1.71108e-15","2.98715","2.97521","3.06289","6.56784","0","0","0","0","0","0","0","0"
"0.5262","0.125011","0.188128","0.00800996","0.221992","0.218111","0.350324","1.70975e-15","2.9872","3.03547","3.10832","6.63523","0","0","0","0","0","0","0","0"
"0.529583","0.125011","0.188128","0.00803832","0.227279","0.223149","0.349885","1.70273e-15","3.01038","3.08678","3.15383","6.44609","0","0","0","0","0","0","0","0"
"0.532967","0.125011","0.188128","0.00807471","0.227453","0.220729","0.349332","1.72721e-15","3.08806","3.08957","3.12128","6.78697","0","0","0","0","0","0","0","0"
"0.536383","0.125011","0.188128","0.00816359","0.225359","0.220056","0.34305","1.70331e-15","3.0548","3.1126","3.11926","6.86779","0","0","0","0","0","0","0","0"
"0.53985","0.125011","0.188128","0.00831546","0.224259","0.217612","0.335859","1.69821e-15","3.06424","3.10456","3.13757","6.61697","0","0","0","0","0","0","0","0"
"0.543133","0.125011","0.188767","0.00831869","0.224044","0.216186","0.328998","1.72846e-15","3.07514","3.12672","3.13386","6.63417","0","0","0","0","0","0","0","0"
"0.546517","0.125011","0.188767","0.00832146","0.224433","0.217053","0.332037","1.70948e-15","3.02394","3.0841","3.14001","6.56565","0","0","0","0","0","0","0","0"
"0.549917","0.125011","0.188767","0.0083247","0.229538","0.220082","0.341722","1.7349e-15","3.07136","3.06636","3.06063","6.76169","0","0","0","0","0","0","0","0"
"0.553283","0.125011","0.188767","0.00832747","0.228599","0.219283","0.335234","1.73077e-15","3.01235","3.02022","3.11347","6.86045","0","0","0","0","0","0","0","0"
"0.556783","0.125011","0.188767","0.00831841","0.227832","0.218668","0.327708","1.71373e-15","3.01859","3.03189","3.17466","6.5518","0","0","0","0","0","0","0","0"
"0.56005","0.125011","0.189059","0.00830272","0.225788","0.217821","0.32131","1.72452e-15","3.03456","3.00166","3.17142","6.68188","0","0","0","0","0","0","0","0"
"0.563467","0.125011","0.189059","0.00828443","0.22798","0.218567","0.32649","1.71201e-15","3.00492","2.93571","3.0514","6.56959","0","0","0","0","0","0","0","0"
"0.567867","0.125011","0.189059","0.00826352","0.226143","0.217915","0.32446","1.72661e-15","3.03757","2.9773","2.99827","6.62605","0","0","0","0","0","0","0","0"
"0.5724","0.125011","0.189059","0.00823997","0.225063","0.215989","0.320956","1.71728e-15","3.08347","2.99031","2.94497","6.70618","0","0","0","0","0","0","0","0"
"0.577283","0.125011","0.188994","0.00821633","0.22662","0.216264","0.335195","1.70293e-15","3.02317","2.94022","2.81705","6.60877","0","0","0","0","0","0","0","0"
"0.580667","0.125011","0.188994","0.00819795","0.227991","0.218833","0.335449","1.72353e-15","3.0526","2.92396","2.86391","6.73103","0","0","0","0","0","0","0","0"
"0.584","0.125011","0.188994","0.00818219","0.227233","0.21799","0.338975","1.70263e-15","3.03277","2.93076","2.78509","6.60217","0","0","0","0","0","0","0","0"
"0.587433","0.125011","0.188994","0.0081638","0.225714","0.216952","0.333775","1.72714e-15","3.03021","2.94396","2.87514","6.7868","0","0","0","0","0","0","0","0"
"0.590917","0.125011","0.188994","0.00817189","0.2243","0.215892","0.337191","1.71843e-15","3.04","2.92705","2.8408","6.62441","0","0","0","0","0","0","0","0"
"0.5942","0.125011","0.189007","0.00818689","0.224677","0.215478","0.331681","1.69759e-15","3.0322","2.94025","2.85325","6.47244","0","0","0","0","0","0","0","0"
"0.5976","0.125011","0.189007","0.00819975","0.225308","0.21667","0.342379","1.71783e-15","2.99642","2.92883","2.87484","6.56383","0","0","0","0","0","0","0","0"
"0.600983","0.125011","0.189007","0.00821476","0.227663","0.218839","0.338502","1.71254e-15","2.9672","2.89631","2.8916","6.55609","0","0","0","0","0","0","0","0"
"0.604367","0.125011","0.189007","0.00822762","0.227845","0.217591","0.34184","1.69688e-15","2.91237","2.88623","2.88283","6.40427","0","0","0","0","0","0","0","0"
"0.607867","0.125011","0.189007","0.00824032","0.230857","0.220462","0.356654","1.70776e-15","2.95785","2.95392","2.88485","6.4105","0","0","0","0","0","0","0","0"
"0.611133","0.125011","0.188772","0.00825087","0.229645","0.220637","0.357573","1.70427e-15","2.93884","2.94082","2.85822","6.49709","0","0","0","0","0","0","0","0"
"0.614533","0.125011","0.188772","0.00826319","0.228438","0.218428","0.347853","1.69686e-15","2.92846","2.94156","2.92286","6.59115","0","0","0","0","0","0","0","0"
"0.6179","0.125011","0.188772","0.00827375","0.231659","0.222555","0.347603","1.71073e-15","2.92672","3.06877","2.91983","6.63483","0","0","0","0","0","0","0","0"
"0.623117","0.125011","0.188772","0.00828501","0.231021","0.221613","0.343843","1.6931e-15","2.95731","3.05692","2.86736","6.47977","0","0","0","0","0","0","0","0"
"0.6265","0.125011","0.188822","0.00828079","0.231531","0.223855","0.347055","1.70313e-15","2.94814","3.07682","2.84749","6.89079","0","0","0","0","0","0","0","0"
"0.629883","0.125011","0.188822","0.00827762","0.229147","0.221735","0.351991","1.69207e-15","2.9646","3.05851","2.8364","6.65564","0","0","0","0","0","0","0","0"
"0.633267","0.125011","0.188822","0.00827392","0.231937","0.221778","0.364857","1.69948e-15","2.97779","3.04349","2.80624","6.51513","0","0","0","0","0","0","0","0"
"0.63665","0.125011","0.188822","0.00827075","0.231675","0.222668","0.39139","1.70377e-15","2.97554","3.01933","2.92074","6.50444","0","0","0","0","0","0","0","0"
"0.640133","0.125011","0.188822","0.00826915","0.230741","0.222564","0.399678","1.68745e-15","2.96468","3.00066","2.93798","6.36805","0","0","0","0","0","0","0","0"
"0.643483","0.125011","0.189424","0.00826912","0.228304","0.221384","0.389322","1.70307e-15","2.97877","2.99458","3.0273","6.63998","0","0","0","0","0","0","0","0"
"0.646817","0.125011","0.189424","0.00826908","0.229091","0.224014","0.394175","1.70367e-15","2.95446","3.00856","2.99887","6.62933","0","0","0","0","0","0","0","0"
"0.651233","0.125011","0.189424","0.00826904","0.229727","0.222165","0.387513","1.70713e-15","2.94915","3.0143","2.99315","6.62857","0","0","0","0","0","0","0","0"
"0.655717","0.125011","0.189424","0.00826943","0.228235","0.221533","0.37962","1.72456e-15","2.9694","3.03019","3.06649","6.84676","0","0","0","0","0","0","0","0"
"0.6606","0.250022","0.190108","0.00853018","0.229645","0.219772","0.37181","1.70775e-15","2.96689","3.02207","3.09008","6.67089","0","0","0","0","0","0","0","0"
"0.664","0.250022","0.190108","0.0089162","0.230127","0.21911","0.366672","1.72254e-15","2.9229","2.99392","3.10829","6.80585","0","0","0","0","0","0","0","0"
"0.667383","0.250022","0.190108","0.00946902","0.230186","0.221141","0.364233","1.71661e-15","2.94161","2.98196","3.08614","6.81256","0","0","0","0","0","0","0","0"
"0.670833","0.250022","0.190108","0.0114464","0.229268","0.221418","0.370957","1.7229e-15","2.92973","2.97856","3.05973","6.74906","0","0","0","0","0","0","0","0"
"0.674417","0.250022","0.190108","0.0125272","0.232701","0.225605","0.410359","1.73151e-15","2.91481","3.04209","3.21932","6.92354","0","0","0","0","0","0","0","0"
"0.6784","0.250022","0.191322","0.0129266","0.243237","0.231511","0.456934","1.69406e-15","3.08936","3.2093","3.07334","6.47505","0","0","0","0","0","0","0","0"
"0.681867","0.250022","0.191322","0.0133042","0.248074","0.239767","0.465065","1.73202e-15","3.05141","3.11291","3.00626","6.46011","0","0","0","0","0","0","0","0"
"0.68525","0.250022","0.191322","0.0136481","0.256951","0.248194","0.454624","1.73113e-15","3.12635","3.08913","3.07839","6.65189","0","0","0","0","0","0","0","0"
"0.689067","0.250022","0.191322","0.0141974","0.264178","0.257773","0.521332","1.68691e-15","3.26891","3.15771","2.91371","6.27263","0","0","0","0","0","0","0","0"
"0.692283","0.250022","0.191883","0.0142285","0.265997","0.261626","0.506416","1.7114e-15","3.15552","3.02047","2.85907","6.65454","0","0","0","0","0","0","0","0"
"0.695667","0.250022","0.191883","0.0142685","0.267443","0.263477","0.546647","1.67858e-15","3.10489","3.0256","2.85797","6.66451","0","0","0","0","0","0","0","0"
"0.69905","0.250022","0.191883","0.0143364","0.270293","0.266468","0.577029","1.68796e-15","3.02889","3.06733","2.69594","6.62368","0","0","0","0","0","0","0","0"
"0.702433","0.250022","0.191883","0.0144424","0.275083","0.271089","0.558405","1.7028e-15","3.04897","2.96547","2.76822","6.75279","0","0","0","0","0","0","0","0"
"0.705917","0.250022","0.191883","0.0147842","0.271611","0.26816","0.539027","1.6685e-15","3.07284","3.01951","2.82786","6.60773","0","0","0","0","0","0","0","0"
"0.7092","0.250022","0.197058","0.0148166","0.274115","0.272705","0.527321","1.70819e-15","3.01247","3.04095","2.86121","6.75509","0","0","0","0","0","0","0","0"
"0.7126","0.250022","0.197058","0.0148666","0.274655","0.271308","0.531475","1.71059e-15","2.99975","2.97716","2.78523","6.94108","0","0","0","0","0","0","0","0"
"0.715983","0.250022","0.197058","0.0149291","0.273562","0.270425","0.55315","1.68617e-15","3.05264","3.00455","3.08225","6.68371","0","0","0","0","0","0","0","0"
"0.719367","0.250022","0.197058","0.0150694","0.278362","0.276258","0.57801","1.70924e-15","3.09793","3.07649","2.86524","7.09184","0","0","0","0","0","0","0","0"
"0.722867","0.250022","0.197058","0.0153954","0.279743","0.281988","0.664028","1.70039e-15","3.07131","2.9358","3.35228","6.93538","0","0","0","0","0","0","0","0"
"0.726133","0.250022","0.205347","0.0154355","0.280867","0.283715","0.713103","1.68128e-15","3.08451","3.1181","3.01849","6.65787","0","0","0","0","0","0","0","0"
"0.729517","0.250022","0.205347","0.0154811","0.282536","0.28522","0.75529","1.71739e-15","3.04707","3.16114","2.81398","6.94989","0","0","0","0","0","0","0","0"
"0.734733","0.250022","0.205347","0.0156127","0.28708","0.289892","0.794716","1.70444e-15","3.11689","3.187","2.60795","6.90437","0","0","0","0","0","0","0","0"
"0.73905","0.250022","0.205347","0.0160317","0.28526","0.290797","0.773902","1.71883e-15","3.07112","3.11528","2.65735","6.74914","0","0","0","0","0","0","0","0"
"0.7424","0.250022","0.213606","0.0160669","0.284902","0.28716","0.739557","1.71645e-15","3.11013","3.11946","2.82229","6.80925","0","0","0","0","0","0","0","0"
"0.745667","0.250022","0.213606","0.0161121","0.284833","0.286511","0.718442","1.69544e-15","3.08294","3.06521","2.86269","6.66054","0","0","0","0","0","0","0","0"
"0.74905","0.250022","0.213606","0.0161888","0.288083","0.287499","0.68899","1.71487e-15","3.09617","3.09628","3.00029","6.95636","0","0","0","0","0","0","0","0"
"0.752433","0.250022","0.213606","0.0163084","0.28694","0.28664","0.657377","1.71831e-15","3.07007","3.03511","3.19466","6.92631","0","0","0","0","0","0","0","0"
"0.755917","0.250022","0.213606","0.0166944","0.29327","0.288676","0.662687","1.70036e-15","3.06626","2.99374","3.08669","6.5858","0","0","0","0","0","0","0","0"
"0.759217","0.250022","0.222383","0.016731","0.301315","0.292336","0.684848","1.71624e-15","3.10059","2.97814","2.99575","6.79454","0","0","0","0","0","0","0","0"
"0.7626","0.250022","0.222383","0.0167874","0.307096","0.298202","0.734194","1.698e-15","3.13046","3.03502","2.80705","6.67898","0","0","0","0","0","0","0","0"
"0.765967","0.250022","0.222383","0.016858","0.306256","0.296518","0.719612","1.70722e-15","3.12035","3.04808","2.85574","6.6584","0","0","0","0","0","0","0","0"
"0.769367","0.250022","0.222383","0.0170165","0.304598","0.297803","0.706072","1.72486e-15","3.08175","2.97753","2.87234","6.8456","0","0","0","0","0","0","0","0"
"0.772867","0.250022","0.222383","0.0173845","0.303932","0.295636","0.698176","1.70683e-15","3.03706","2.98543","2.83167","6.56937","0","0","0","0","0","0","0","0"
"0.776133","0.250022","0.229386","0.0174299","0.302818","0.293966","0.704588","1.71096e-15","3.02994","2.94567","2.74684","6.80858","0","0","0","0","0","0","0","0"
"0.779517","0.250022","0.229386","0.0174813","0.301187","0.291912","0.727877","1.70153e-15","3.00344","2.94442","2.68313","6.65992","0","0","0","0","0","0","0","0"
"0.7829","0.250022","0.229386","0.0175708","0.305617","0.295551","0.728","1.72028e-15","3.00496","2.94556","2.62979","6.71778","0","0","0","0","0","0","0","0"
"0.786283","0.250022","0.229386","0.0177199","0.304387","0.295695","0.717381","1.73153e-15","2.98144","2.93479","2.68473","6.89874","0","0","0","0","0","0","0","0"
"0.789783","0.250022","0.229386","0.0178887","0.306024","0.296829","0.70724","1.70732e-15","3.02561","2.94835","2.78545","6.65541","0","0","0","0","0","0","0","0"
"0.793","0.250022","0.236491","0.0179294","0.302383","0.297691","0.726911","1.73236e-15","3.0177","2.91722","2.76527","6.87334","0","0","0","0","0","0","0","0"
"0.796367","0.250022","0.236491","0.0179929","0.303697","0.297818","0.720496","1.72803e-15","2.95274","2.91819","2.72062","6.84271","0","0","0","0","0","0","0","0"
"0.79975","0.250022","0.236491","0.0180724","0.306604","0.300448","0.774266","1.72567e-15","2.99208","2.89815","2.67481","6.76368","0","0","0","0","0","0","0","0"
"0.80315","0.250022","0.236491","0.0181757","0.310821","0.306002","0.799685","1.74063e-15","3.08542","2.92253","2.65177","7.14193","0","0","0","0","0","0","0","0"
"0.806667","0.250022","0.236491","0.0182314","0.314662","0.307951","0.783681","1.72094e-15","3.06159","2.99762","2.63325","7.06169","0","0","0","0","0","0","0","0"
"0.8099","0.250022","0.242568","0.0182579","0.314139","0.308175","0.750148","1.73299e-15","3.14641","3.23969","2.78932","6.97227","0","0","0","0","0","0","0","0"
"0.813283","0.250022","0.242568","0.0182807","0.312964","0.306997","0.739183","1.72398e-15","3.11488","3.154","2.80326","6.91708","0","0","0","0","0","0","0","0"
"0.817983","0.250022","0.242568","0.0183148","0.310313","0.3037","0.705445","1.73198e-15","3.07706","3.11993","2.94395","6.91325","0","0","0","0","0","0","0","0"
"0.8224","0.250022","0.242568","0.0183417","0.309824","0.302756","0.712337","1.72572e-15","3.02464","3.13891","2.77921","6.88873","0","0","0","0","0","0","0","0"
"0.825783","0.250022","0.248779","0.0183424","0.314296","0.308664","0.731104","1.72581e-15","3.01611","3.12068","2.61132","6.79876","0","0","0","0","0","0","0","0"
"0.829133","0.250022","0.248779","0.0183433","0.312172","0.306951","0.710209","1.72975e-15","3.02748","3.10494","2.65078","6.72168","0","0","0","0","0","0","0","0"
"0.832467","0.250022","0.248779","0.0183441","0.314637","0.308657","0.730943","1.70926e-15","2.99047","3.03597","2.57567","6.54128","0","0","0","0","0","0","0","0"
"0.835817","0.250022","0.248779","0.018345","0.308767","0.30534","0.748794","1.72411e-15","2.99677","3.02973","2.44783","6.64734","0","0","0","0","0","0","0","0"
"0.839317","0.250022","0.248779","0.018351","0.313036","0.312084","0.73098","1.70629e-15","3.01612","3.01153","2.48943","6.58833","0","0","0","0","0","0","0","0"
"0.8426","0.250022","0.254917","0.0183702","0.311311","0.307771","0.731765","1.71865e-15","2.98891","3.00417","2.45663","6.68284","0","0","0","0","0","0","0","0"
"0.845983","0.250022","0.254917","0.0183867","0.31238","0.307843","0.755714","1.71e-15","2.9547","2.96261","2.41704","6.75745","0","0","0","0","0","0","0","0"
"0.849367","0.250022","0.254917","0.0184059","0.310731","0.306718","0.746256","1.71254e-15","2.92711","2.93106","2.43889","6.70309","0","0","0","0","0","0","0","0"
"0.85275","0.250022","0.254917","0.0184223","0.310954","0.306209","0.731852","1.71649e-15","2.93324","3.04472","2.449","6.92024","0","0","0","0","0","0","0","0"
"0.856233","0.250022","0.254917","0.0184419","0.311928","0.306676","0.713986","1.69349e-15","3.01163","3.14131","2.56636","6.62574","0","0","0","0","0","0","0","0"
"0.859533","0.250022","0.259726","0.0184592","0.312503","0.308586","0.707928","1.70574e-15","3.05601","3.2029","2.59982","7.06384","0","0","0","0","0","0","0","0"
"0.8629","0.250022","0.259726","0.0184794","0.314083","0.309072","0.679342","1.68982e-15","3.06552","3.15777","2.71581","6.81289","0","0","0","0","0","0","0","0"
"0.866283","0.250022","0.259726","0.0184967","0.314099","0.308316","0.675576","1.71573e-15","3.04724","3.13202","2.68672","7.05074","0","0","0","0","0","0","0","0"
"0.869667","0.250022","0.259726","0.0185169","0.312314","0.305979","0.67812","1.71242e-15","3.02579","3.08207","2.60951","7.07868","0","0","0","0","0","0","0","0"
"0.873167","0.250022","0.259726","0.018515","0.314332","0.307251","0.692614","1.68442e-15","3.00243","3.02223","2.539","6.91027","0","0","0","0","0","0","0","0"
"0.876533","0.250022","0.263353","0.0184904","0.322694","0.313428","0.717552","1.69985e-15","2.99743","2.94484","2.54382","7.11632","0","0","0","0","0","0","0","0"
"0.879917","0.250022","0.263353","0.0184693","0.319651","0.309554","0.702082","1.69395e-15","3.00126","2.95828","2.60667","6.81436","0","0","0","0","0","0","0","0"
"0.883317","0.250022","0.263353","0.0184447","0.317301","0.310798","0.768297","1.71937e-15","3.04467","2.97022","2.74115","7.04494","0","0","0","0","0","0","0","0"
"0.886683","0.250022","0.263353","0.0184237","0.318452","0.311976","0.786171","1.71762e-15","3.03184","2.91176","2.60897","7.04262","0","0","0","0","0","0","0","0"
"0.890183","0.250022","0.263353","0.0183855","0.321046","0.316428","0.802348","1.70107e-15","3.13718","2.96932","2.54841","6.7614","0","0","0","0","0","0","0","0"
"0.893467","0.250022","0.266364","0.0183442","0.324687","0.320479","0.781764","1.71887e-15","3.0803","2.94326","2.59784","6.80655","0","0","0","0","0","0","0","0"
"0.896867","0.250022","0.266364","0.0182959","0.32342","0.321467","0.742687","1.69544e-15","3.0165","2.88847","2.7791","6.65786","0","0","0","0","0","0","0","0"
"0.901267","0.250022","0.266364","0.0182408","0.319833","0.317121","0.728585","1.72714e-15","3.02484","2.91873","2.75401","6.98562","0","0","0","0","0","0","0","0"
"0.905717","0.250022","0.266364","0.0181811","0.312867","0.311983","0.694092","1.71594e-15","3.04639","2.89161","2.86918","7.0081","0","0","0","0","0","0","0","0"
"0.9089","0.250022","0.269479","0.0181466","0.309982","0.310961","0.696513","1.71464e-15","3.05795","2.87701","2.80008","7.02427","0","0","0","0","0","0","0","0"
"0.912283","0.250022","0.269479","0.0181122","0.312419","0.313603","0.691641","1.74033e-15","3.0661","2.91812","2.80218","7.19976","0","0","0","0","0","0","0","0"
"0.915667","0.250022","0.269479","0.0180721","0.311625","0.315032","0.664049","1.71679e-15","3.03096","2.9602","2.9202","7.10762","0","0","0","0","0","0","0","0"
"0.91905","0.250022","0.269479","0.0180376","0.311317","0.31629","0.711695","1.72261e-15","3.07786","3.04032","2.96864","7.00268","0","0","0","0","0","0","0","0"
"0.922533","0.250022","0.269479","0.0180126","0.310269","0.315179","0.741733","1.73812e-15","3.06599","3.06919","2.76057","6.94708","0","0","0","0","0","0","0","0"
"0.927383","0.250022","0.272836","0.0180288","0.310861","0.311676","0.711597","1.71276e-15","3.09033","3.10989","2.91199","6.68648","0","0","0","0","0","0","0","0"
"0.930783","0.250022","0.272836","0.0180414","0.308897","0.307391","0.673334","1.73349e-15","3.09582","3.08971","3.14243","6.80377","0","0","0","0","0","0","0","0"
"0.93415","0.250022","0.272836","0.0180522","0.30798","0.306899","0.665923","1.71781e-15","3.07536","3.06977","3.14113","6.85173","0","0","0","0","0","0","0","0"
"0.93755","0.250022","0.272836","0.0180648","0.309142","0.30911","0.676475","1.71597e-15","3.06646","3.03242","3.03977","6.87008","0","0","0","0","0","0","0","0"
"0.940983","0.250022","0.272836","0.0180832","0.312695","0.310614","0.652241","1.72511e-15","3.1297","3.13284","3.1732","6.78597","0","0","0","0","0","0","0","0"
"0.944467","0.250022","0.274225","0.0181065","0.310236","0.308606","0.630922","1.70902e-15","3.10163","3.09282","3.25686","6.62301","0","0","0","0","0","0","0","0"
"0.94785","0.250022","0.274225","0.0181299","0.310486","0.307846","0.618881","1.71724e-15","3.06523","3.07178","3.22544","6.62105","0","0","0","0","0","0","0","0"
"0.951233","0.250022","0.274225","0.0181498","0.308019","0.304466","0.61243","1.72158e-15","3.08837","3.04975","3.37563","6.85552","0","0","0","0","0","0","0","0"
"0.955717","0.250022","0.274225","0.0181683","0.311797","0.309321","0.662088","1.69725e-15","3.06405","3.02228","3.07366","6.57463","0","0","0","0","0","0","0","0"
"0.959033","0.250022","0.274919","0.0181538","0.311802","0.309453","0.653428","1.7099e-15","3.05292","2.9846","3.07125","6.88432","0","0","0","0","0","0","0","0"
"0.962433","0.250022","0.274919","0.0181369","0.307495","0.305999","0.645078","1.69785e-15","3.09053","3.01556","3.05384","6.87131","0","0","0","0","0","0","0","0"
"0.965817","0.250022","0.274919","0.0181225","0.307334","0.305397","0.651286","1.69346e-15","3.11379","3.07568","2.94598","6.73202","0","0","0","0","0","0","0","0"
"0.9692","0.250022","0.274919","0.0181056","0.305839","0.305353","0.672622","1.70801e-15","3.1077","3.07367","2.87214","6.78253","0","0","0","0","0","0","0","0"
"0.972683","0.250022","0.274919","0.0180927","0.306287","0.305561","0.67023","1.69523e-15","3.08261","3.02672","2.83965","6.58288","0","0","0","0","0","0","0","0"
"0.975967","0.250022","0.275468","0.0180817","0.307825","0.303757","0.670197","1.70838e-15","3.13998","3.04269","2.84345","6.68091","0","0","0","0","0","0","0","0"
"0.97935","0.250022","0.275468","0.0180722","0.311453","0.304357","0.676042","1.70572e-15","3.07398","2.99606","2.7672","6.68723","0","0","0","0","0","0","0","0"
"0.984567","0.250022","0.275468","0.0180563","0.309221","0.302309","0.676171","1.71753e-15","3.06062","3.00407","2.68418","6.67105","0","0","0","0","0","0","0","0"
"0.98905","0.250022","0.275468","0.0180405","0.312308","0.304232","0.678223","1.70785e-15","3.05946","3.02863","2.63465","6.58922","0","0","0","0","0","0","0","0"
"0.992367","0.250022","0.275787","0.0180262","0.310983","0.304024","0.662097","1.7116e-15","3.05143","3.00294","2.71348","6.63669","0","0","0","0","0","0","0","0"
"0.995767","0.250022","0.275787","0.0180096","0.31192","0.306912","0.697264","1.70916e-15","3.07374","3.07208","2.70252","6.61744","0","0","0","0","0","0","0","0"
"0.99915","0.250022","0.275787","0.0179953","0.312732","0.309146","0.720561","1.69887e-15","3.03278","3.05606","2.71697","6.49662","0","0","0","0","0","0","0","0"
"1.00253","0.250022","0.275787","0.0179787","0.308459","0.305553","0.699999","1.72088e-15","3.04516","3.06427","2.80501","6.58057","0","0","0","0","0","0","0","0"
"1.00602","0.250022","0.275787","0.0179681","0.309877","0.306167","0.689904","1.72038e-15","3.03701","3.04604","2.81032","6.60209","0","0","0","0","0","0","0","0"
"1.0093","0.250022","0.275631","0.0179644","0.308296","0.304835","0.688348","1.70782e-15","3.04682","3.07739","2.79198","6.46579","0","0","0","0","0","0","0","0"
"1.01268","0.250022","0.275631","0.0179612","0.307516","0.304551","0.689335","1.71594e-15","3.04769","3.04502","2.74484","6.54501","0","0","0","0","0","0","0","0"
"1.01607","0.250022","0.275631","0.0179574","0.308607","0.304526","0.702596","1.71487e-15","3.01923","3.03292","2.70379","6.61295","0","0","0","0","0","0","0","0"
"1.01945","0.250022","0.275631","0.0179542","0.309196","0.305999","0.702514","1.70154e-15","3.01649","3.0178","2.66615","6.49614","0","0","0","0","0","0","0","0"
"1.02295","0.250022","0.275631","0.0179534","0.308939","0.305299","0.704317","1.70493e-15","3.00315","3.00297","2.63566","6.44383","0","0","0","0","0","0","0","0"
"1.02623","0.250022","0.276067","0.0179559","0.308729","0.306334","0.707078","1.71135e-15","2.98603","2.97904","2.62884","6.53378","0","0","0","0","0","0","0","0"
"1.02962","0.250022","0.276067","0.0179589","0.307046","0.304972","0.697272","1.70148e-15","2.99221","2.99389","2.69232","6.42566","0","0","0","0","0","0","0","0"
"1.033","0.250022","0.276067","0.0179614","0.305647","0.302909","0.680987","1.71232e-15","3.00709","2.99699","2.77643","6.46956","0","0","0","0","0","0","0","0"
"1.0364","0.250022","0.276067","0.0179644","0.302768","0.300211","0.665878","1.71655e-15","3.02427","2.99052","2.84078","6.45395","0","0","0","0","0","0","0","0"
"1.0399","0.250022","0.276067","0.0179674","0.304001","0.299276","0.667059","1.7002e-15","2.99326","2.99748","2.80388","6.43973","0","0","0","0","0","0","0","0"
"1.04315","0.250022","0.276273","0.0179713","0.30614","0.300705","0.659863","1.69793e-15","3.02146","3.01956","2.79682","6.40138","0","0","0","0","0","0","0","0"
"1.04653","0.250022","0.276273","0.0179747","0.304638","0.299196","0.645814","1.70914e-15","3.0407","3.03256","2.87412","6.57723","0","0","0","0","0","0","0","0"
"1.04995","0.250022","0.276273","0.0179787","0.305013","0.30084","0.643867","1.70885e-15","3.06237","3.08516","2.83645","6.59621","0","0","0","0","0","0","0","0"
"1.05332","0.250022","0.276273","0.0179821","0.306602","0.303087","0.652471","1.70036e-15","3.0421","3.05148","2.80254","6.50673","0","0","0","0","0","0","0","0"
"1.0568","0.250022","0.276273","0.017985","0.306057","0.302397","0.653971","1.70075e-15","3.02221","3.02875","2.78263","6.52731","0","0","0","0","0","0","0","0"
"1.06008","0.250022","0.276203","0.0179869","0.310136","0.306485","0.702521","1.70071e-15","3.03607","3.07113","3.15001","6.54629","0","0","0","0","0","0","0","0"
"1.06348","0.250022","0.276203","0.017989","0.308717","0.303939","0.690253","1.68956e-15","3.03977","3.08197","3.18807","6.44818","0","0","0","0","0","0","0","0"
"1.0679","0.250022","0.276203","0.0179915","0.307867","0.302691","0.706111","1.70011e-15","3.01882","3.06173","3.10013","6.51917","0","0","0","0","0","0","0","0"
"1.07238","0.250022","0.276203","0.017994","0.307857","0.303108","0.706314","1.70468e-15","2.99526","3.05654","3.03238","6.50856","0","0","0","0","0","0","0","0"
"1.0757","0.250022","0.275985","0.017995","0.311615","0.306035","0.703667","1.69507e-15","3.03627","3.06908","3.01766","6.43176","0","0","0","0","0","0","0","0"
"1.0791","0.250022","0.275985","0.0179963","0.310411","0.304911","0.690691","1.70616e-15","3.03258","3.06828","3.07822","6.43626","0","0","0","0","0","0","0","0"
"1.08248","0.250022","0.275985","0.0179974","0.31058","0.306324","0.685801","1.70979e-15","3.04552","3.09713","3.07156","6.53128","0","0","0","0","0","0","0","0"
"1.08587","0.250022","0.275985","0.0179986","0.308679","0.303255","0.673308","1.69972e-15","3.05762","3.12324","3.12368","6.48123","0","0","0","0","0","0","0","0"
"1.08935","0.250022","0.275985","0.0179982","0.308007","0.30194","0.664744","1.70782e-15","3.04614","3.1166","3.14487","6.53074","0","0","0","0","0","0","0","0"
"1.09393","0.500044","0.276551","0.0214713","0.308507","0.303304","0.660753","1.70418e-15","3.06598","3.1862","3.10993","6.48807","0","0","0","0","0","0","0","0"
"1.09732","0.500044","0.276551","0.0262747","0.31109","0.307512","0.663461","1.70429e-15","3.09691","3.255","3.01828","6.46299","0","0","0","0","0","0","0","0"
"1.10067","0.500044","0.276551","0.030427","0.313517","0.309459","0.659492","1.70142e-15","3.08817","3.23172","2.99617","6.50873","0","0","0","0","0","0","0","0"
"1.10405","0.500044","0.276551","0.0352713","0.320828","0.315775","0.761162","1.69399e-15","3.17738","3.28678","3.91739","6.43545","0","0","0","0","0","0","0","0"
"1.10755","0.500044","0.276551","0.0359572","0.353568","0.34682","0.918537","1.7129e-15","3.38341","3.5737","4.42388","6.74366","0","0","0","0","0","0","0","0"
"1.11083","0.500044","0.278146","0.0359485","0.391098","0.395636","0.945431","1.6885e-15","3.3736","3.48969","3.7248","6.44711","0","0","0","0","0","0","0","0"
"1.11422","0.500044","0.278146","0.035941","0.433081","0.438325","1.1363","1.68655e-15","3.28395","3.34375","3.43032","6.52544","0","0","0","0","0","0","0","0"
"1.1176","0.500044","0.278146","0.0359323","0.435906","0.447654","1.04224","1.72991e-15","3.25961","3.2915","3.70732","6.79956","0","0","0","0","0","0","0","0"
"1.121","0.500044","0.278146","0.0359249","0.447816","0.463179","1.09696","1.70052e-15","3.09244","3.21794","3.23046","6.60722","0","0","0","0","0","0","0","0"
"1.1245","0.500044","0.278146","0.0359201","0.461058","0.473169","1.07137","1.69064e-15","3.04997","3.20916","3.03572","6.3579","0","0","0","0","0","0","0","0"
"1.12775","0.500044","0.286287","0.0359167","0.4785","0.489181","1.04363","1.73142e-15","3.04928","3.11974","3.12085","6.58879","0","0","0","0","0","0","0","0"
"1.13115","0.500044","0.286287","0.0359126","0.491451","0.499361","1.14414","1.69249e-15","3.46984","3.42575","2.78535","6.47667","0","0","0","0","0","0","0","0"
"1.13453","0.500044","0.286287","0.0359091","0.488537","0.498216","1.10237","1.72506e-15","3.34169","3.33479","2.8196","6.75349","0","0","0","0","0","0","0","0"
"1.13905","0.500044","0.286287","0.0359279","0.507591","0.516141","1.29207","1.70496e-15","3.53272","3.42801","2.93862","7.18151","0","0","0","0","0","0","0","0"
"1.14233","0.500044","0.331623","0.0360067","0.511171","0.5213","1.32617","1.66806e-15","3.2548","3.27849","2.72211","6.70513","0","0","0","0","0","0","0","0"
"1.14572","0.500044","0.331623","0.0361265","0.510555","0.512792","1.27082","1.73591e-15","3.13141","3.20043","2.71272","7.06213","0","0","0","0","0","0","0","0"
"1.15145","0.500044","0.331623","0.0363333","0.498568","0.503145","1.15594","1.6734e-15","3.05206","3.08066","2.90239","6.75815","0","0","0","0","0","0","0","0"
"1.15572","0.500044","0.331623","0.0364693","0.502519","0.508555","1.19051","1.68673e-15","3.05384","3.03836","2.75319","6.65577","0","0","0","0","0","0","0","0"
"1.15978","0.500044","0.38511","0.0365804","0.521389","0.530533","1.26106","1.65057e-15","2.92098","2.97239","2.81708","6.4494","0","0","0","0","0","0","0","0"
"1.16317","0.500044","0.38511","0.0366939","0.510461","0.514581","1.22819","1.64831e-15","2.98073","3.11669","2.72658","5.91066","0","0","0","0","0","0","0","0"
"1.16668","0.500044","0.38511","0.0368969","0.519153","0.522065","1.15136","1.72825e-15","2.85139","2.97767","2.88564","6.57446","0","0","0","0","0","0","0","0"
"1.16997","0.500044","0.38511","0.0372657","0.517138","0.522186","1.18265","1.72369e-15","2.7882","2.88168","2.71786","6.67217","0","0","0","0","0","0","0","0"
"1.17343","0.500044","0.38511","0.0376133","0.515177","0.515404","1.13829","1.676e-15","2.84515","2.9403","2.80246","6.16965","0","0","0","0","0","0","0","0"
"1.17672","0.500044","0.414959","0.0377023","0.515763","0.51391","1.19099","1.70564e-15","2.8001","2.90367","2.67948","6.57348","0","0","0","0","0","0","0","0"
"1.1801","0.500044","0.414959","0.037843","0.516804","0.522089","1.16503","1.71426e-15","2.77816","2.82896","2.76252","6.88977","0","0","0","0","0","0","0","0"
"1.18365","0.500044","0.414959","0.0380253","0.5221","0.536309","1.23197","1.67727e-15","3.0032","2.97834","2.55936","6.60055","0","0","0","0","0","0","0","0"
"1.18687","0.500044","0.414959","0.0382686","0.541343","0.551323","1.45111","1.69623e-15","3.09867","2.95537","3.22437","6.50367","0","0","0","0","0","0","0","0"
"1.19037","0.500044","0.414959","0.0383851","0.534649","0.546734","1.45974","1.70703e-15","3.05885","2.94552","3.27626","6.47315","0","0","0","0","0","0","0","0"
"1.19363","0.500044","0.43268","0.0384673","0.533171","0.545451","1.36551","1.69181e-15","3.01686","2.92307","3.53737","6.34091","0","0","0","0","0","0","0","0"
"1.19705","0.500044","0.43268","0.0385378","0.542442","0.55174","1.33598","1.68445e-15","3.05783","3.0115","3.47524","6.2604","0","0","0","0","0","0","0","0"
"1.20042","0.500044","0.43268","0.03862","0.544996","0.548451","1.36855","1.71207e-15","3.04703","3.06029","3.25509","6.57109","0","0","0","0","0","0","0","0"
"1.2038","0.500044","0.43268","0.0386905","0.548723","0.551879","1.5447","1.70834e-15","2.99646","3.08337","2.95319","6.79217","0","0","0","0","0","0","0","0"
"1.20728","0.500044","0.43268","0.0387389","0.544006","0.547732","1.49694","1.70274e-15","2.99684","3.03256","2.93872","6.68673","0","0","0","0","0","0","0","0"
"1.21057","0.500044","0.446609","0.0387689","0.545996","0.548332","1.61025","1.71809e-15","2.94114","2.99629","2.74995","6.74031","0","0","0","0","0","0","0","0"
"1.21395","0.500044","0.446609","0.0388039","0.543397","0.547628","1.58436","1.70232e-15","2.91495","3.01805","2.6711","6.43411","0","0","0","0","0","0","0","0"
"1.21733","0.500044","0.446609","0.0388339","0.536027","0.541432","1.53939","1.71907e-15","2.91833","3.02837","2.708","6.36154","0","0","0","0","0","0","0","0"
"1.22072","0.500044","0.446609","0.0388689","0.531048","0.537117","1.44533","1.72493e-15","2.94586","2.98576","2.96502","6.66666","0","0","0","0","0","0","0","0"
"1.22422","0.500044","0.446609","0.0389335","0.531442","0.53896","1.40329","1.69756e-15","2.91107","2.96211","3.01562","6.52065","0","0","0","0","0","0","0","0"
"1.2275","0.500044","0.459877","0.0390169","0.536973","0.54016","1.42213","1.73167e-15","3.02403","3.06998","3.02118","6.6535","0","0","0","0","0","0","0","0"
"1.23088","0.500044","0.459877","0.0390884","0.541209","0.545052","1.43624","1.72971e-15","2.97953","3.04002","3.13189","6.79686","0","0","0","0","0","0","0","0"
"1.23492","0.500044","0.459877","0.0391837","0.537361","0.545301","1.35509","1.72539e-15","3.06269","3.11726","3.36867","6.72332","0","0","0","0","0","0","0","0"
"1.23905","0.500044","0.459877","0.0392801","0.537963","0.546787","1.32693","1.74077e-15","3.00757","3.115","3.32533","6.71421","0","0","0","0","0","0","0","0"
"1.24233","0.500044","0.469411","0.0393662","0.53707","0.546331","1.34696","1.71104e-15","3.01269","3.17058","3.15814","6.5972","0","0","0","0","0","0","0","0"
"1.24572","0.500044","0.469411","0.0394988","0.539517","0.54976","1.3649","1.72578e-15","3.02293","3.24324","2.94739","6.78159","0","0","0","0","0","0","0","0"
"1.24912","0.500044","0.469411","0.0396456","0.5354","0.547261","1.37571","1.74621e-15","3.04858","3.29324","2.87198","7.1348","0","0","0","0","0","0","0","0"
"1.25248","0.500044","0.469411","0.0398185","0.544569","0.554546","1.41988","1.72757e-15","2.98464","3.22233","2.84923","6.94781","0","0","0","0","0","0","0","0"
"1.25598","0.500044","0.469411","0.0399427","0.548082","0.561273","1.37019","1.71472e-15","2.9899","3.21188","2.9631","6.75188","0","0","0","0","0","0","0","0"
"1.25927","0.500044","0.476841","0.0400469","0.54912","0.562334","1.36508","1.7205e-15","2.97907","3.21527","2.94859","6.82881","0","0","0","0","0","0","0","0"
"1.26265","0.500044","0.476841","0.0401651","0.548092","0.560364","1.35304","1.70017e-15","3.02797","3.29769","3.01026","6.71957","0","0","0","0","0","0","0","0"
"1.26603","0.500044","0.476841","0.0403495","0.548226","0.563214","1.35734","1.71025e-15","3.02293","3.3193","2.91589","6.66285","0","0","0","0","0","0","0","0"
"1.26942","0.500044","0.476841","0.0405127","0.54472","0.561348","1.31353","1.72891e-15","3.05218","3.2972","3.04229","6.85469","0","0","0","0","0","0","0","0"
"1.2729","0.500044","0.476841","0.0406517","0.542737","0.560342","1.31226","1.70901e-15","3.0102","3.33565","2.98133","6.69174","0","0","0","0","0","0","0","0"
"1.2762","0.500044","0.484456","0.040712","0.549143","0.568263","1.34999","1.7198e-15","2.95037","3.23137","2.83799","6.64276","0","0","0","0","0","0","0","0"
"1.27958","0.500044","0.484456","0.0407823","0.547068","0.561079","1.4613","1.73815e-15","2.93759","3.25222","3.00968","6.90055","0","0","0","0","0","0","0","0"
"1.28297","0.500044","0.484456","0.0408426","0.551706","0.564009","1.47817","1.71981e-15","2.96404","3.18086","2.90202","6.87731","0","0","0","0","0","0","0","0"
"1.28635","0.500044","0.484456","0.0409129","0.55292","0.561936","1.43283","1.70502e-15","3.05014","3.24466","2.94832","6.79417","0","0","0","0","0","0","0","0"
"1.28983","0.500044","0.484456","0.0409194","0.547878","0.554668","1.41644","1.69986e-15","3.08262","3.246","2.93157","6.65564","0","0","0","0","0","0","0","0"
"1.29312","0.500044","0.492325","0.0408643","0.54302","0.550497","1.4453","1.70094e-15","3.12503","3.23554","2.75859","6.70941","0","0","0","0","0","0","0","0"
"1.2965","0.500044","0.492325","0.0408171","0.543185","0.550243","1.55825","1.70228e-15","3.08823","3.17825","2.63542","6.51225","0","0","0","0","0","0","0","0"
"1.29988","0.500044","0.492325","0.040762","0.557827","0.560705","1.70726","1.72922e-15","3.15041","3.23914","2.73198","6.53732","0","0","0","0","0","0","0","0"
"1.3033","0.500044","0.492325","0.0407148","0.555441","0.559857","1.67047","1.71904e-15","3.06621","3.19083","2.74752","6.55331","0","0","0","0","0","0","0","0"
"1.30677","0.500044","0.492325","0.0406292","0.561122","0.565411","1.63931","1.6999e-15","3.02072","3.09217","2.77936","6.44591","0","0","0","0","0","0","0","0"
"1.31187","0.500044","0.497865","0.0404744","0.560265","0.571124","1.66186","1.71966e-15","2.98119","3.03572","2.64671","6.58985","0","0","0","0","0","0","0","0"
"1.31812","0.500044","0.497865","0.0402885","0.552807","0.566177","1.55958","1.68913e-15","3.03035","3.05972","2.81377","6.50643","0","0","0","0","0","0","0","0"
"1.32238","0.500044","0.497865","0.0402151","0.545056","0.55674","1.52933","1.70281e-15","3.02318","3.01286","2.90055","6.45877","0","0","0","0","0","0","0","0"
"1.32583","0.500044","0.501065","0.0402737","0.547236","0.559162","1.58239","1.70187e-15","3.13995","3.1324","2.80742","6.63908","0","0","0","0","0","0","0","0"
"1.32922","0.500044","0.501065","0.040342","0.544011","0.5564","1.53152","1.69336e-15","3.14207","3.11614","2.87624","6.38338","0","0","0","0","0","0","0","0"
"1.3326","0.500044","0.501065","0.0404006","0.547707","0.558325","1.49925","1.70839e-15","3.22141","3.13298","2.90221","6.45553","0","0","0","0","0","0","0","0"
"1.33598","0.500044","0.501065","0.0404689","0.547136","0.559296","1.67468","1.71086e-15","3.19007","3.07879","3.39266","6.44451","0","0","0","0","0","0","0","0"
"1.3395","0.500044","0.501065","0.0405192","0.556528","0.570884","1.76124","1.69239e-15","3.13408","3.04812","3.19186","6.26842","0","0","0","0","0","0","0","0"
"1.34277","0.500044","0.505425","0.0405586","0.554497","0.56799","1.81838","1.70092e-15","3.14924","3.08309","2.93478","6.3914","0","0","0","0","0","0","0","0"
"1.34615","0.500044","0.505425","0.0405923","0.563364","0.577113","1.8323","1.71228e-15","3.24872","3.19192","2.86572","6.54769","0","0","0","0","0","0","0","0"
"1.34953","0.500044","0.505425","0.0406317","0.561415","0.574798","1.80638","1.69615e-15","3.21601","3.14026","2.84347","6.45096","0","0","0","0","0","0","0","0"
"1.35292","0.500044","0.505425","0.0406654","0.563108","0.576983","1.78477","1.6943e-15","3.15385","3.11113","2.82586","6.32318","0","0","0","0","0","0","0","0"
"1.3564","0.500044","0.505425","0.0406947","0.559873","0.575561","1.77128","1.69964e-15","3.15279","3.05392","2.75584","6.37492","0","0","0","0","0","0","0","0"
"1.35968","0.500044","0.507642","0.0407084","0.556326","0.571811","1.78981","1.70391e-15","3.11695","3.05958","2.62801","6.49431","0","0","0","0","0","0","0","0"
"1.36307","0.500044","0.507642","0.0407243","0.558818","0.574539","1.79886","1.69297e-15","3.10836","3.07487","2.52498","6.34334","0","0","0","0","0","0","0","0"
"1.36645","0.500044","0.507642","0.040738","0.561699","0.580128","1.8463","1.70187e-15","3.08274","3.07593","2.50342","6.35966","0","0","0","0","0","0","0","0"
"1.36985","0.500044","0.507642","0.0407539","0.565899","0.583946","1.82109","1.71804e-15","3.04898","3.0538","2.50844","6.61107","0","0","0","0","0","0","0","0"
"1.37335","0.500044","0.507642","0.0407574","0.564451","0.581075","1.76341","1.71049e-15","3.09742","3.08512","2.63149","6.54664","0","0","0","0","0","0","0","0"
"1.37662","0.500044","0.510967","0.0407494","0.559088","0.573815","1.70649","1.70495e-15","3.11743","3.11385","2.74689","6.48276","0","0","0","0","0","0","0","0"
"1.38","0.500044","0.510967","0.0407426","0.553706","0.569778","1.66599","1.72233e-15","3.1098","3.09568","2.80995","6.63634","0","0","0","0","0","0","0","0"
"1.38342","0.500044","0.510967","0.0407347","0.548101","0.564238","1.64393","1.72397e-15","3.12178","3.0856","2.80704","6.62366","0","0","0","0","0","0","0","0"
"1.38677","0.500044","0.510967","0.0407278","0.556066","0.57398","1.62828","1.70823e-15","3.12025","3.12677","2.80771","6.46686","0","0","0","0","0","0","0","0"
"1.39027","0.500044","0.510967","0.0407342","0.552638","0.569616","1.58152","1.70729e-15","3.1011","3.10482","2.91631","6.32454","0","0","0","0","0","0","0","0"
"1.39353","0.500044","0.513724","0.0407487","0.55032","0.568236","1.58035","1.7141e-15","3.08633","3.07659","2.86917","6.43255","0","0","0","0","0","0","0","0"
"1.39695","0.500044","0.513724","0.0407657","0.546879","0.565578","1.54987","1.70415e-15","3.08161","3.08613","2.89322","6.36806","0","0","0","0","0","0","0","0"
"1.40135","0.500044","0.513724","0.0407851","0.549596","0.568731","1.55818","1.70848e-15","3.09659","3.11617","2.90796","6.36322","0","0","0","0","0","0","0","0"
"1.40572","0.500044","0.513724","0.0408066","0.544171","0.56463","1.6016","1.71327e-15","3.07481","3.12583","2.8737","6.51679","0","0","0","0","0","0","0","0"
"1.40893","0.500044","0.515242","0.0408201","0.544454","0.561521","1.61246","1.7024e-15","3.11142","3.1294","2.8275","6.40573","0","0","0","0","0","0","0","0"
"1.41232","0.500044","0.515242","0.0408335","0.553493","0.56996","1.74605","1.70734e-15","3.10061","3.09467","3.13904","6.52763","0","0","0","0","0","0","0","0"
"1.4157","0.500044","0.515242","0.0408492","0.549779","0.565841","1.71399","1.71509e-15","3.11893","3.13069","3.1691","6.6165","0","0","0","0","0","0","0","0"
"1.41908","0.500044","0.515242","0.0408627","0.55265","0.568051","1.78265","1.70592e-15","3.11461","3.1071","3.04089","6.54778","0","0","0","0","0","0","0","0"
"1.42257","0.500044","0.515242","0.0408777","0.550951","0.566361","1.74753","1.71121e-15","3.09664","3.10433","3.10839","6.56881","0","0","0","0","0","0","0","0"
"1.42605","0.500044","0.515699","0.040891","0.550387","0.564954","1.73","1.70238e-15","3.08297","3.07308","3.07762","6.55834","0","0","0","0","0","0","0","0"
"1.42943","0.500044","0.515699","0.0409024","0.547102","0.562053","1.72047","1.70107e-15","3.0864","3.06955","3.03692","6.54441","0","0","0","0","0","0","0","0"
"1.43282","0.500044","0.515699","0.0409156","0.551798","0.567412","1.69093","1.71223e-15","3.11555","3.08534","3.06733","6.6669","0","0","0","0","0","0","0","0"
"1.4362","0.500044","0.515699","0.040927","0.54944","0.563719","1.65588","1.70521e-15","3.10823","3.09621","3.14995","6.63496","0","0","0","0","0","0","0","0"
"1.43968","0.500044","0.515699","0.0409323","0.54489","0.557518","1.62633","1.69545e-15","3.10731","3.11675","3.18767","6.51231","0","0","0","0","0","0","0","0"
"1.44297","0.500044","0.515708","0.0409278","0.539961","0.55575","1.59423","1.7079e-15","3.13521","3.11798","3.265","6.63276","0","0","0","0","0","0","0","0"
"1.44635","0.500044","0.515708","0.0409225","0.54531","0.561979","1.58507","1.703e-15","3.1501","3.15743","3.22263","6.58995","0","0","0","0","0","0","0","0"
"1.44973","0.500044","0.515708","0.0409179","0.54475","0.561975","1.58216","1.7001e-15","3.14139","3.14264","3.21245","6.52705","0","0","0","0","0","0","0","0"
"1.45313","0.500044","0.515708","0.0409126","0.544207","0.561085","1.55805","1.71007e-15","3.13173","3.14722","3.2263","6.61974","0","0","0","0","0","0","0","0"
"1.45663","0.500044","0.515708","0.0409146","0.542258","0.556936","1.53146","1.70464e-15","3.13332","3.15338","3.27434","6.60575","0","0","0","0","0","0","0","0"
"1.4599","0.500044","0.515923","0.0409244","0.539743","0.55254","1.49568","1.6952e-15","3.10719","3.1505","3.37932","6.50661","0","0","0","0","0","0","0","0"
"1.46328","0.500044","0.515923","0.0409329","0.536575","0.548755","1.49697","1.70225e-15","3.11171","3.14942","3.31301","6.558","0","0","0","0","0","0","0","0"
"1.46668","0.500044","0.515923","0.0409428","0.536936","0.548994","1.48021","1.71233e-15","3.09204","3.14296","3.32205","6.67974","0","0","0","0","0","0","0","0"
"1.47005","0.500044","0.515923","0.0409512","0.534417","0.547381","1.46414","1.70873e-15","3.07952","3.13788","3.3441","6.66333","0","0","0","0","0","0","0","0"
"1.47357","0.500044","0.515923","0.0409631","0.536558","0.551247","1.5251","1.69827e-15","3.10384","3.12514","3.29319","6.56529","0","0","0","0","0","0","0","0"
"1.47683","0.500044","0.515709","0.0409747","0.539763","0.552139","1.58523","1.71066e-15","3.16343","3.09303","3.18754","6.70047","0","0","0","0","0","0","0","0"
"1.48022","0.500044","0.515709","0.0409883","0.539111","0.552168","1.58674","1.72253e-15","3.16507","3.0942","3.14078","6.81118","0","0","0","0","0","0","0","0"
"1.48463","0.500044","0.515709","0.0410037","0.540128","0.552227","1.61958","1.71831e-15","3.15602","3.09098","3.01908","6.6747","0","0","0","0","0","0","0","0"
"1.48905","0.500044","0.515709","0.04102","0.542517","0.555374","1.62459","1.71649e-15","3.11732","3.06736","2.93209","6.6162","0","0","0","0","0","0","0","0"
"1.49245","0.500044","0.514876","0.0410284","0.54142","0.554538","1.64027","1.71485e-15","3.09683","3.05933","2.83465","6.65112","0","0","0","0","0","0","0","0"
"1.49583","0.500044","0.514876","0.0410381","0.539629","0.551491","1.6192","1.70756e-15","3.08402","3.05237","2.87159","6.56163","0","0","0","0","0","0","0","0"
"1.49922","0.500044","0.514876","0.0410465","0.538769","0.55163","1.60366","1.71153e-15","3.07062","3.03682","2.88968","6.57929","0","0","0","0","0","0","0","0"
"1.50257","0.500044","0.514876","0.0410563","0.538585","0.550351","1.582","1.7144e-15","3.0666","3.04661","2.91266","6.64514","0","0","0","0","0","0","0","0"
"1.50602","0.500044","0.514876","0.0410617","0.540517","0.552207","1.58334","1.70948e-15","3.05919","3.07723","2.86001","6.57678","0","0","0","0","0","0","0","0"
"1.50935","0.500044","0.514681","0.0410614","0.539755","0.549485","1.55566","1.70684e-15","3.05625","3.06414","2.92052","6.53647","0","0","0","0","0","0","0","0"
"1.5127","0.500044","0.514681","0.0410612","0.540934","0.549508","1.57054","1.71952e-15","3.04148","3.07147","2.85905","6.65309","0","0","0","0","0","0","0","0"
"1.51605","0.500044","0.514681","0.0410609","0.539382","0.547662","1.55116","1.72127e-15","3.03063","3.06381","2.87893","6.74758","0","0","0","0","0","0","0","0"
"1.5195","0.500044","0.514681","0.0410606","0.541091","0.551076","1.58429","1.71252e-15","3.03096","3.0656","2.80575","6.70455","0","0","0","0","0","0","0","0"
"1.523","0.500044","0.514681","0.041055","0.541791","0.551232","1.59004","1.71358e-15","3.02785","3.05215","2.74877","6.60126","0","0","0","0","0","0","0","0"
"1.52628","0.500044","0.514674","0.0410442","0.540098","0.547687","1.57648","1.72345e-15","3.01603","3.0678","2.74931","6.62452","0","0","0","0","0","0","0","0"
"1.52967","0.500044","0.514674","0.0410316","0.539301","0.545376","1.56098","1.72313e-15","3.01128","3.06795","2.75085","6.66117","0","0","0","0","0","0","0","0"
"1.53305","0.500044","0.514674","0.0410208","0.537714","0.542746","1.56247","1.71397e-15","3.01328","3.06123","2.70469","6.61824","0","0","0","0","0","0","0","0"
"1.53645","0.500044","0.514674","0.0410082","0.537275","0.543536","1.5485","1.71667e-15","3.00713","3.07414","2.71317","6.60935","0","0","0","0","0","0","0","0"
"1.53992","0.500044","0.514674","0.0410023","0.533015","0.539041","1.53637","1.7187e-15","3.01564","3.10271","2.71388","6.60673","0","0","0","0","0","0","0","0"
"1.5432","0.500044","0.514432","0.0410009","0.534545","0.540301","1.55659","1.71887e-15","2.99772","3.08363","2.69499","6.67971","0","0","0","0","0","0","0","0"
"1.54658","0.500044","0.514432","0.0409998","0.534355","0.538937","1.53442","1.71468e-15","2.98464","3.0718","2.74241","6.61225","0","0","0","0","0","0","0","0"
"1.54998","0.500044","0.514432","0.0409985","0.537819","0.541444","1.58446","1.71727e-15","2.99547","3.03618","2.73264","6.65493","0","0","0","0","0","0","0","0"
"1.55352","0.500044","0.514432","0.0409972","0.53927","0.542127","1.5928","1.72473e-15","3.0234","3.0615","2.69595","6.76057","0","0","0","0","0","0","0","0"
"1.557","0.500044","0.514432","0.0409986","0.541818","0.544558","1.59498","1.71821e-15","3.01217","3.07968","2.67539","6.7239","0","0","0","0","0","0","0","0"
"1.5603","0.500044","0.513552","0.0410016","0.540173","0.544824","1.58784","1.71623e-15","3.01575","3.0807","2.66037","6.60113","0","0","0","0","0","0","0","0"
"1.5637","0.500044","0.513552","0.0410042","0.537985","0.541476","1.57574","1.718e-15","3.01508","3.08721","2.66492","6.59138","0","0","0","0","0","0","0","0"
"1.5681","0.500044","0.513552","0.0410081","0.538346","0.542291","1.54902","1.72475e-15","3.022","3.08725","2.71564","6.55431","0","0","0","0","0","0","0","0"
"1.57238","0.500044","0.513552","0.0410104","0.538452","0.543068","1.54149","1.71367e-15","3.02527","3.10789","2.70979","6.48892","0","0","0","0","0","0","0","0"
"1.57567","0.500044","0.512538","0.0410093","0.53717","0.541081","1.53819","1.71778e-15","3.03632","3.11276","2.71431","6.48229","0","0","0","0","0","0","0","0"
"1.57905","0.500044","0.512538","0.0410081","0.536764","0.541308","1.51318","1.72496e-15","3.04031","3.09826","2.77464","6.55462","0","0","0","0","0","0","0","0"
"1.58243","0.500044","0.512538","0.041007","0.536143","0.539333","1.5083","1.72323e-15","3.03836","3.10275","2.77166","6.53598","0","0","0","0","0","0","0","0"
"1.58582","0.500044","0.512538","0.0410058","0.53655","0.541109","1.49615","1.71628e-15","3.04292","3.09349","2.78258","6.47746","0","0","0","0","0","0","0","0"
"1.5893","0.500044","0.512538","0.0410038","0.537242","0.543262","1.48342","1.71699e-15","3.05259","3.1154","2.81129","6.42126","0","0","0","0","0","0","0","0"
"1.59258","0.500044","0.512548","0.0409993","0.538872","0.544649","1.49536","1.71854e-15","3.06042","3.12025","2.76112","6.4976","0","0","0","0","0","0","0","0"
"1.59597","0.500044","0.512548","0.0409955","0.542428","0.547473","1.52883","1.7136e-15","3.06809","3.14196","2.75958","6.46868","0","0","0","0","0","0","0","0"
"1.59935","0.500044","0.512548","0.040991","0.542341","0.545905","1.54689","1.70998e-15","3.05297","3.12963","2.76324","6.42693","0","0","0","0","0","0","0","0"
"1.60273","0.500044","0.512548","0.0409872","0.54168","0.54485","1.54632","1.7137e-15","3.04386","3.12718","2.73518","6.51902","0","0","0","0","0","0","0","0"
"1.60622","0.500044","0.512548","0.0409859","0.540591","0.543928","1.52804","1.71645e-15","3.06587","3.15891","2.7711","6.58035","0","0","0","0","0","0","0","0"
"1.60952","0.500044","0.512408","0.0409885","0.538488","0.542846","1.50997","1.71385e-15","3.06329","3.14982","2.81007","6.56148","0","0","0","0","0","0","0","0"
"1.6129","0.500044","0.512408","0.0409915","0.537211","0.542116","1.50324","1.71084e-15","3.0638","3.1449","2.81859","6.54715","0","0","0","0","0","0","0","0"
"1.61628","0.500044","0.512408","0.040994","0.537526","0.542719","1.51605","1.71669e-15","3.06498","3.14591","2.79115","6.58284","0","0","0","0","0","0","0","0"
"1.61967","0.500044","0.512408","0.040997","0.536704","0.541834","1.50533","1.71718e-15","3.07769","3.14886","2.79374","6.61236","0","0","0","0","0","0","0","0"
"1.62315","0.500044","0.512408","0.0409983","0.535463","0.541662","1.48954","1.70832e-15","3.06639","3.13031","2.82355","6.55909","0","0","0","0","0","0","0","0"
"1.62643","0.500044","0.512947","0.0409986","0.53578","0.542641","1.48278","1.71544e-15","3.06392","3.13677","2.84794","6.61982","0","0","0","0","0","0","0","0"
"1.62982","0.500044","0.512947","0.0409988","0.534672","0.542111","1.46936","1.71825e-15","3.0541","3.13456","2.87296","6.62583","0","0","0","0","0","0","0","0"
"1.63322","0.500044","0.512947","0.0409991","0.538051","0.545225","1.52893","1.71265e-15","3.07004","3.16426","3.15195","6.56655","0","0","0","0","0","0","0","0"
"1.63662","0.500044","0.512947","0.0409993","0.539178","0.546877","1.55551","1.71812e-15","3.06052","3.16306","3.08643","6.61693","0","0","0","0","0","0","0","0"
"1.64008","0.500044","0.512947","0.0409993","0.538941","0.548724","1.55109","1.71381e-15","3.05376","3.12994","3.08538","6.63771","0","0","0","0","0","0","0","0"
"1.64337","0.500044","0.512511","0.040999","0.538056","0.546089","1.55117","1.71262e-15","3.05531","3.13181","3.04644","6.60546","0","0","0","0","0","0","0","0"
"1.64675","0.500044","0.512511","0.0409988","0.535941","0.544439","1.55038","1.71613e-15","3.05421","3.12278","3.03519","6.66402","0","0","0","0","0","0","0","0"
"1.65143","0.500044","0.512511","0.0409984","0.534037","0.543138","1.57487","1.71145e-15","3.06491","3.12785","2.99421","6.65184","0","0","0","0","0","0","0","0"
"1.6557","0.500044","0.512511","0.0409997","0.535437","0.54453","1.60551","1.70938e-15","3.06572","3.11709","2.96038","6.57748","0","0","0","0","0","0","0","0"
"1.65898","0.500044","0.512415","0.0410044","0.534355","0.543586","1.58985","1.71379e-15","3.06527","3.10405","2.99533","6.66779","0","0","0","0","0","0","0","0"
"1.66237","0.500044","0.512415","0.0410098","0.533462","0.542331","1.58815","1.71062e-15","3.06372","3.11349","2.97465","6.60154","0","0","0","0","0","0","0","0"
"1.66575","0.500044","0.512415","0.0410144","0.536054","0.544841","1.58736","1.71256e-15","3.04877","3.09764","2.96477","6.5812","0","0","0","0","0","0","0","0"
"1.66915","0.500044","0.512415","0.0410198","0.535988","0.545129","1.58859","1.71781e-15","3.06215","3.09379","2.93598","6.66587","0","0","0","0","0","0","0","0"
"1.67263","0.500044","0.512415","0.0410245","0.537853","0.546709","1.57974","1.71525e-15","3.07293","3.08736","2.95368","6.65379","0","0","0","0","0","0","0","0"
"1.67592","0.500044","0.512184","0.0410303","0.538949","0.548325","1.55895","1.71041e-15","3.07037","3.07648","3.011","6.62952","0","0","0","0","0","0","0","0"
"1.6793","0.500044","0.512184","0.0410351","0.536997","0.54656","1.54365","1.7139e-15","3.07123","3.08106","3.04676","6.67794","0","0","0","0","0","0","0","0"
"1.68268","0.500044","0.512184","0.0410408","0.535518","0.544506","1.53453","1.71778e-15","3.07009","3.08467","3.04847","6.76291","0","0","0","0","0","0","0","0"
"1.68607","0.500044","0.512184","0.0410457","0.536118","0.544177","1.56157","1.71491e-15","3.06845","3.08781","3.00794","6.73401","0","0","0","0","0","0","0","0"
"1.68955","0.500044","0.512184","0.0410518","0.535463","0.544021","1.58125","1.71217e-15","3.06594","3.08966","2.97588","6.65338","0","0","0","0","0","0","0","0"
"1.69285","0.500044","0.511724","0.0410575","0.534336","0.543077","1.58216","1.71748e-15","3.06363","3.09093","2.94253","6.67109","0","0","0","0","0","0","0","0"
"1.69623","0.500044","0.511724","0.0410642","0.533006","0.54243","1.56462","1.7148e-15","3.06772","3.09392","2.98146","6.66772","0","0","0","0","0","0","0","0"
"1.69962","0.500044","0.511724","0.0410699","0.532524","0.541903","1.55064","1.71041e-15","3.06229","3.08128","3.00967","6.62565","0","0","0","0","0","0","0","0"
"1.703","0.500044","0.511724","0.0410766","0.531557","0.54126","1.53986","1.71523e-15","3.08043","3.08766","3.03316","6.67142","0","0","0","0","0","0","0","0"
"1.70648","0.500044","0.511724","0.0410823","0.532923","0.543093","1.54006","1.71676e-15","3.10052","3.10858","3.03223","6.63815","0","0","0","0","0","0","0","0"
"1.70977","0.500044","0.511847","0.0410889","0.531084","0.541034","1.54658","1.71272e-15","3.10199","3.10876","2.98058","6.58611","0","0","0","0","0","0","0","0"
"1.71315","0.500044","0.511847","0.0410946","0.533552","0.541994","1.60113","1.71105e-15","3.08022","3.09915","3.03775","6.54699","0","0","0","0","0","0","0","0"
"1.71653","0.500044","0.511847","0.0411012","0.53337","0.542674","1.60217","1.71806e-15","3.0679","3.08634","3.02854","6.61957","0","0","0","0","0","0","0","0"
"1.71993","0.500044","0.511847","0.0411069","0.532841","0.542616","1.58517","1.72224e-15","3.06364","3.08421","3.07475","6.67206","0","0","0","0","0","0","0","0"
"1.72342","0.500044","0.511847","0.0411107","0.531983","0.541466","1.57122","1.71655e-15","3.06151","3.0895","3.09753","6.65315","0","0","0","0","0","0","0","0"
"1.7267","0.500044","0.511106","0.041112","0.53509","0.544496","1.59549","1.71677e-15","3.06531","3.10238","3.05027","6.62922","0","0","0","0","0","0","0","0"
"1.73008","0.500044","0.511106","0.0411136","0.534205","0.542639","1.57601","1.7249e-15","3.06554","3.11242","3.10336","6.71658","0","0","0","0","0","0","0","0"
"1.73477","0.500044","0.511106","0.0411157","0.532534","0.541161","1.5589","1.72237e-15","3.06056","3.09742","3.12797","6.67994","0","0","0","0","0","0","0","0"
"1.73903","0.500044","0.511106","0.0411192","0.53359","0.542025","1.5666","1.72027e-15","3.06455","3.08558","3.1149","6.61285","0","0","0","0","0","0","0","0"
"1.74237","0.500044","0.510587","0.0411257","0.533546","0.542126","1.56944","1.71969e-15","3.05904","3.07302","3.07333","6.65951","0","0","0","0","0","0","0","0"
"1.74572","0.500044","0.510587","0.0411333","0.534363","0.542479","1.55566","1.71337e-15","3.05786","3.07362","3.09845","6.63847","0","0","0","0","0","0","0","0"
"1.74907","0.500044","0.510587","0.0411398","0.534156","0.542386","1.55576","1.71695e-15","3.04484","3.06484","3.07407","6.66161","0","0","0","0","0","0","0","0"
"1.75252","0.500044","0.510587","0.0411474","0.533066","0.542453","1.54267","1.7199e-15","3.05161","3.07284","3.09877","6.7049","0","0","0","0","0","0","0","0"
"1.75602","0.500044","0.510587","0.0411536","0.531481","0.540429","1.53233","1.71669e-15","3.05197","3.07357","3.11722","6.65193","0","0","0","0","0","0","0","0"
"1.75925","0.500044","0.51045","0.0411601","0.531067","0.539418","1.52007","1.71874e-15","3.03961","3.06186","3.13602","6.61347","0","0","0","0","0","0","0","0"
"1.76268","0.500044","0.51045","0.0411656","0.531596","0.539749","1.51673","1.71756e-15","3.03618","3.05686","3.11559","6.59563","0","0","0","0","0","0","0","0"
"1.76603","0.500044","0.51045","0.0411721","0.532727","0.540537","1.51318","1.71618e-15","3.02886","3.04036","3.09576","6.57272","0","0","0","0","0","0","0","0"
"1.76938","0.500044","0.51045","0.0411777","0.533421","0.540795","1.5219","1.72e-15","3.01976","3.05669","3.06099","6.64847","0","0","0","0","0","0","0","0"
"1.77295","0.500044","0.51045","0.041185","0.533425","0.540486","1.52428","1.71511e-15","3.00936","3.05771","3.0381","6.63761","0","0","0","0","0","0","0","0"
"1.77627","0.500044","0.51035","0.0411922","0.534259","0.540679","1.51297","1.71649e-15","3.00789","3.0489","3.05939","6.62683","0","0","0","0","0","0","0","0"
"1.77965","0.500044","0.51035","0.0412005","0.532613","0.539433","1.52014","1.72308e-15","3.01205","3.05313","2.9989","6.66274","0","0","0","0","0","0","0","0"
"1.78303","0.500044","0.51035","0.0412077","0.532239","0.538845","1.51791","1.72072e-15","3.01038","3.06116","2.98732","6.6622","0","0","0","0","0","0","0","0"
"1.78643","0.500044","0.51035","0.0412161","0.530698","0.537443","1.50724","1.71887e-15","3.00327","3.05909","3.00001","6.63433","0","0","0","0","0","0","0","0"
"1.78992","0.500044","0.51035","0.0412215","0.530233","0.536374","1.50232","1.71909e-15","2.99587","3.07128","2.98974","6.66385","0","0","0","0","0","0","0","0"
"1.79315","0.500044","0.510136","0.0412257","0.532945","0.538882","1.51999","1.71689e-15","3.01889","3.07052","2.98008","6.67045","0","0","0","0","0","0","0","0"
"1.7965","0.500044","0.510136","0.0412293","0.534265","0.539655","1.54875","1.71368e-15","3.04622","3.06368","2.977","6.62649","0","0","0","0","0","0","0","0"
"1.80005","0.500044","0.510136","0.0412335","0.535087","0.540159","1.56026","1.71649e-15","3.03921","3.0594","2.99526","6.65433","0","0","0","0","0","0","0","0"
"1.80337","0.500044","0.510136","0.0412371","0.535861","0.540973","1.54863","1.71933e-15","3.02626","3.0537","3.01977","6.7091","0","0","0","0","0","0","0","0"
"1.80702","0.500044","0.510136","0.0412369","0.535589","0.541095","1.539","1.71731e-15","3.02003","3.04587","3.02778","6.70852","0","0","0","0","0","0","0","0"
"1.81028","0.500044","0.509901","0.0412332","0.535968","0.541499","1.54339","1.71203e-15","3.02783","3.03437","2.99179","6.66574","0","0","0","0","0","0","0","0"
"1.81367","0.500044","0.509901","0.0412301","0.537362","0.541775","1.58766","1.71297e-15","3.02453","3.02261","3.01149","6.65122","0","0","0","0","0","0","0","0"
"1.81807","0.500044","0.509901","0.0412259","0.53847","0.543269","1.58491","1.7175e-15","3.01789","3.01142","2.99717","6.71344","0","0","0","0","0","0","0","0"
"1.82237","0.500044","0.509901","0.0412188","0.537322","0.541779","1.57355","1.70931e-15","3.01624","3.00258","3.00636","6.68945","0","0","0","0","0","0","0","0"
"1.82588","0.500044","0.50987","0.0412085","0.536438","0.540848","1.57364","1.70717e-15","3.01781","3.00358","2.99232","6.69809","0","0","0","0","0","0","0","0"
"1.82913","0.500044","0.50987","0.0411965","0.53656","0.541982","1.56863","1.71096e-15","3.03841","3.02505","2.98269","6.73194","0","0","0","0","0","0","0","0"
"1.83252","0.500044","0.50987","0.0411862","0.536719","0.541653","1.57996","1.7122e-15","3.03799","3.02639","2.94935","6.76462","0","0","0","0","0","0","0","0"
"1.83592","0.500044","0.50987","0.0411742","0.539359","0.543548","1.59037","1.70634e-15","3.04158","3.04445","2.92797","6.74727","0","0","0","0","0","0","0","0"
"1.8394","0.500044","0.50987","0.0411682","0.539285","0.543956","1.5841","1.70688e-15","3.04862","3.06051","2.93039","6.73597","0","0","0","0","0","0","0","0"
"1.84268","0.500044","0.510229","0.041171","0.539328","0.544107","1.58225","1.70794e-15","3.04602","3.05799","2.91718","6.75969","0","0","0","0","0","0","0","0"
"1.84602","0.500044","0.510229","0.0411734","0.540109","0.544723","1.60025","1.70539e-15","3.04532","3.06174","2.91162","6.74383","0","0","0","0","0","0","0","0"
"1.8494","0.500044","0.510229","0.0411762","0.541711","0.545708","1.63296","1.70371e-15","3.03687","3.05458","2.92311","6.70695","0","0","0","0","0","0","0","0"
"1.85278","0.500044","0.510229","0.0411787","0.540484","0.544739","1.61861","1.70665e-15","3.03656","3.04725","2.96008","6.70985","0","0","0","0","0","0","0","0"
"1.85627","0.500044","0.510229","0.0411843","0.54024","0.544423","1.61273","1.70886e-15","3.03512","3.0468","2.95407","6.71164","0","0","0","0","0","0","0","0"
"1.8595","0.500044","0.51026","0.0411924","0.542136","0.5463","1.63532","1.70964e-15","3.02926","3.04699","2.99363","6.73508","0","0","0","0","0","0","0","0"
"1.86297","0.500044","0.51026","0.0412019","0.543192","0.546458","1.64884","1.70737e-15","3.02492","3.04203","2.97808","6.67958","0","0","0","0","0","0","0","0"
"1.86632","0.500044","0.51026","0.04121","0.543883","0.546807","1.64017","1.7104e-15","3.02611","3.0408","2.99119","6.71036","0","0","0","0","0","0","0","0"
"1.8698","0.500044","0.51026","0.0412194","0.544238","0.547065","1.63663","1.71601e-15","3.02088","3.03358","2.97481","6.74498","0","0","0","0","0","0","0","0"
"1.8733","0.500044","0.51026","0.0412269","0.545313","0.54815","1.66909","1.71358e-15","3.0286","3.03933","2.97286","6.73059","0","0","0","0","0","0","0","0"
"1.87663","0.500044","0.510403","0.0412349","0.546923","0.549758","1.66642","1.70945e-15","3.02394","3.04339","2.9654","6.69591","0","0","0","0","0","0","0","0"
"1.87993","0.500044","0.510403","0.0412418","0.545321","0.54887","1.65436","1.71139e-15","3.02691","3.04219","2.99187","6.70084","0","0","0","0","0","0","0","0"
"1.88335","0.500044","0.510403","0.0412498","0.54386","0.547189","1.64349","1.71547e-15","3.0332","3.04767","3.00947","6.71681","0","0","0","0","0","0","0","0"
"1.88672","0.500044","0.510403","0.0412567","0.543139","0.547045","1.63061","1.71486e-15","3.03071","3.04249","3.04079","6.71583","0","0","0","0","0","0","0","0"
"1.89038","0.500044","0.510403","0.0412642","0.542581","0.546486","1.6222","1.71101e-15","3.02775","3.03314","3.05282","6.67236","0","0","0","0","0","0","0","0"
"1.8938","0.500044","0.510628","0.0412713","0.544547","0.548559","1.65152","1.71561e-15","3.03182","3.0488","3.03618","6.69852","0","0","0","0","0","0","0","0"
"1.89705","0.500044","0.510628","0.0412774","0.5456","0.549418","1.68273","1.72005e-15","3.02684","3.04122","3.05794","6.74633","0","0","0","0","0","0","0","0"
"1.90122","0.500044","0.510628","0.0412856","0.548404","0.552459","1.67231","1.71974e-15","3.03027","3.03463","3.08138","6.73721","0","0","0","0","0","0","0","0"
"1.9057","0.500044","0.510628","0.0412943","0.547765","0.552189","1.66846","1.71455e-15","3.02834","3.02594","3.06314","6.68536","0","0","0","0","0","0","0","0"
"1.90903","0.500044","0.510779","0.041299","0.547068","0.551476","1.66","1.71738e-15","3.03365","3.04235","3.07423","6.70598","0","0","0","0","0","0","0","0"
"1.91242","0.500044","0.510779","0.0413045","0.546372","0.551118","1.654","1.72159e-15","3.03474","3.04819","3.06903","6.74194","0","0","0","0","0","0","0","0"
"1.9158","0.500044","0.510779","0.0413092","0.545817","0.550576","1.65142","1.72064e-15","3.03584","3.04397","3.05505","6.74504","0","0","0","0","0","0","0","0"
"1.91932","0.500044","0.510779","0.0413147","0.546873","0.551957","1.65297","1.71681e-15","3.02454","3.03414","3.03259","6.7235","0","0","0","0","0","0","0","0"
"1.92267","0.500044","0.510779","0.0413186","0.546512","0.551046","1.65544","1.71597e-15","3.01998","3.0305","3.01297","6.69662","0","0","0","0","0","0","0","0"
"1.92595","0.500044","0.511117","0.0413212","0.547042","0.551656","1.66978","1.71876e-15","3.02696","3.0202","2.99211","6.72991","0","0","0","0","0","0","0","0"
"1.92933","0.500044","0.511117","0.0413234","0.547876","0.552871","1.67958","1.72183e-15","3.01854","3.01409","2.97533","6.72344","0","0","0","0","0","0","0","0"
"1.93272","0.500044","0.511117","0.041326","0.546075","0.550684","1.66419","1.71962e-15","3.01888","3.02141","3.0154","6.70303","0","0","0","0","0","0","0","0"
"1.93612","0.500044","0.511117","0.0413283","0.545686","0.550749","1.65344","1.71612e-15","3.02941","3.03288","3.0396","6.67391","0","0","0","0","0","0","0","0"
"1.93958","0.500044","0.511117","0.0413331","0.545581","0.550515","1.6482","1.71601e-15","3.02973","3.02806","3.03196","6.63546","0","0","0","0","0","0","0","0"
"1.94288","0.500044","0.511561","0.04134","0.544905","0.549759","1.63447","1.72019e-15","3.0264","3.02875","3.0725","6.70539","0","0","0","0","0","0","0","0"
"1.94627","0.500044","0.511561","0.0413479","0.544343","0.548832","1.62094","1.72048e-15","3.02846","3.03474","3.11142","6.70839","0","0","0","0","0","0","0","0"
"1.94965","0.500044","0.511561","0.0413548","0.544521","0.548346","1.62267","1.71723e-15","3.04123","3.04826","3.08788","6.6681","0","0","0","0","0","0","0","0"
"1.95318","0.500044","0.511561","0.0413627","0.544634","0.548239","1.63046","1.71817e-15","3.04143","3.04366","3.05546","6.65289","0","0","0","0","0","0","0","0"
"1.95653","0.500044","0.511561","0.0413689","0.542728","0.54659","1.63002","1.719e-15","3.0485","3.05744","3.0542","6.66903","0","0","0","0","0","0","0","0"
"1.9598","0.500044","0.5116","0.0413753","0.540701","0.544701","1.62062","1.71843e-15","3.05586","3.06037","3.06804","6.69057","0","0","0","0","0","0","0","0"
"1.96318","0.500044","0.5116","0.0413808","0.540096","0.543994","1.62661","1.71532e-15","3.05281","3.05562","3.036","6.67641","0","0","0","0","0","0","0","0"
"1.96658","0.500044","0.5116","0.0413872","0.540204","0.543174","1.62415","1.71276e-15","3.05178","3.05565","3.02449","6.65067","0","0","0","0","0","0","0","0"
"1.96997","0.500044","0.5116","0.0413927","0.541836","0.545888","1.63326","1.7153e-15","3.04352","3.06753","3.04587","6.67558","0","0","0","0","0","0","0","0"
"1.97345","0.500044","0.5116","0.041393","0.54211","0.54663","1.65488","1.71694e-15","3.0488","3.07405","3.04988","6.67298","0","0","0","0","0","0","0","0"
"1.97673","0.500044","0.511251","0.0413894","0.543262","0.548057","1.65772","1.71751e-15","3.04894","3.0745","3.03378","6.68908","0","0","0","0","0","0","0","0"
"1.98012","0.500044","0.511251","0.0413851","0.543093","0.54862","1.64648","1.71404e-15","3.05741","3.08388","3.06126","6.67636","0","0","0","0","0","0","0","0"
"1.98455","0.500044","0.511251","0.0413802","0.544387","0.549752","1.66059","1.71179e-15","3.06621","3.08339","3.04604","6.63966","0","0","0","0","0","0","0","0"
"1.98903","0.500044","0.511251","0.041375","0.542685","0.548796","1.6467","1.71516e-15","3.0628","3.07478","3.07232","6.6565","0","0","0","0","0","0","0","0"
"1.9924","0.500044","0.51055","0.0413722","0.541899","0.547742","1.64308","1.71684e-15","3.06145","3.07296","3.0652","6.69262","0","0","0","0","0","0","0","0"
"1.99578","0.500044","0.51055","0.0413688","0.542217","0.548361","1.63554","1.7173e-15","3.06678","3.07591","3.07455","6.72112","0","0","0","0","0","0","0","0"
"1.99917","0.500044","0.51055","0.041366","0.541087","0.547489","1.62919","1.71471e-15","3.06624","3.07472","3.084","6.71575","0","0","0","0","0","0","0","0"
"2.00255","0.500044","0.51055","0.0413627","0.54124","0.54783","1.63955","1.71211e-15","3.05512","3.06872","3.049","6.69053","0","0","0","0","0","0","0","0"
"2.00603","0.500044","0.51055","0.0413612","0.54022","0.547321","1.63449","1.71372e-15","3.05558","3.06816","3.04796","6.67337","0","0","0","0","0","0","0","0"
"2.00933","0.500044","0.510901","0.0413627","0.540411","0.547747","1.62956","1.71761e-15","3.04482","3.06465","3.04143","6.70925","0","0","0","0","0","0","0","0"
"2.01272","0.500044","0.510901","0.041364","0.541737","0.549272","1.63534","1.7194e-15","3.04795","3.0662","3.02035","6.72948","0","0","0","0","0","0","0","0"
"2.01608","0.500044","0.510901","0.0413655","0.541378","0.549383","1.62432","1.71783e-15","3.04142","3.06811","3.04535","6.69733","0","0","0","0","0","0","0","0"
"2.01948","0.500044","0.510901","0.0413668","0.541639","0.549515","1.61167","1.7158e-15","3.04356","3.06697","3.08416","6.6761","0","0","0","0","0","0","0","0"
"2.02297","0.500044","0.510901","0.041367","0.541313","0.54919","1.60902","1.71401e-15","3.03609","3.07056","3.08395","6.67241","0","0","0","0","0","0","0","0"
"2.02625","0.500044","0.511046","0.0413657","0.541204","0.548753","1.60657","1.71688e-15","3.03237","3.06489","3.07103","6.70465","0","0","0","0","0","0","0","0"
"2.02963","0.500044","0.511046","0.0413643","0.541715","0.54927","1.60164","1.71763e-15","3.02125","3.05894","3.06631","6.74428","0","0","0","0","0","0","0","0"
"2.03302","0.500044","0.511046","0.041363","0.542332","0.549359","1.60343","1.71449e-15","3.03524","3.05843","3.04707","6.73473","0","0","0","0","0","0","0","0"
"2.0364","0.500044","0.511046","0.0413615","0.542998","0.5499","1.60197","1.71252e-15","3.02731","3.05328","3.03412","6.73326","0","0","0","0","0","0","0","0"
"2.03988","0.500044","0.511046","0.0413582","0.542824","0.550011","1.59123","1.71279e-15","3.02191","3.05031","3.06364","6.73429","0","0","0","0","0","0","0","0"
"2.04318","0.500044","0.511191","0.041352","0.544226","0.551427","1.58653","1.71474e-15","3.03304","3.05382","3.06187","6.76581","0","0","0","0","0","0","0","0"
"2.04657","0.500044","0.511191","0.0413467","0.543994","0.551392","1.58517","1.71163e-15","3.02899","3.05422","3.05356","6.75892","0","0","0","0","0","0","0","0"
"2.04998","0.500044","0.511191","0.0413405","0.543889","0.551045","1.57933","1.71125e-15","3.03942","3.05595","3.05634","6.74035","0","0","0","0","0","0","0","0"
"2.05333","0.500044","0.511191","0.0413352","0.544782","0.552051","1.58394","1.71396e-15","3.0405","3.06178","3.03272","6.76375","0","0","0","0","0","0","0","0"
"2.05682","0.500044","0.511191","0.0413262","0.544616","0.552664","1.57932","1.71439e-15","3.03881","3.0668","3.03415","6.77111","0","0","0","0","0","0","0","0"
"2.0601","0.500044","0.51152","0.0413167","0.54351","0.551386","1.57303","1.71437e-15","3.0366","3.06428","3.04254","6.78471","0","0","0","0","0","0","0","0"
"2.0635","0.500044","0.51152","0.0413057","0.543581","0.551839","1.56503","1.71189e-15","3.02882","3.05885","3.05737","6.76066","0","0","0","0","0","0","0","0"
"2.06792","0.500044","0.51152","0.0412931","0.542175","0.550635","1.55212","1.71006e-15","3.03087","3.06294","3.09106","6.72482","0","0","0","0","0","0","0","0"
"2.07237","0.500044","0.51152","0.0412815","0.54093","0.549758","1.54754","1.71322e-15","3.03041","3.06885","3.08632","6.72113","0","0","0","0","0","0","0","0"
"2.07572","0.500044","0.511975","0.0412797","0.542529","0.550495","1.5668","1.71424e-15","3.03371","3.063","3.05462","6.71779","0","0","0","0","0","0","0","0"
"2.07912","0.500044","0.511975","0.0412778","0.543145","0.55025","1.57278","1.71328e-15","3.03671","3.06379","3.05577","6.70743","0","0","0","0","0","0","0","0"
"2.0825","0.500044","0.511975","0.041276","0.543092","0.550242","1.56484","1.71178e-15","3.03658","3.06396","3.07298","6.68279","0","0","0","0","0","0","0","0"
"2.08598","0.500044","0.511975","0.041274","0.542998","0.550104","1.55815","1.71185e-15","3.04424","3.0703","3.08132","6.67136","0","0","0","0","0","0","0","0"
"2.0895","0.500044","0.511975","0.041272","0.543197","0.549887","1.56062","1.71387e-15","3.04271","3.07132","3.05863","6.69935","0","0","0","0","0","0","0","0"
"2.09275","0.500044","0.512094","0.0412687","0.543394","0.550244","1.55628","1.71266e-15","3.03929","3.07246","3.05733","6.71538","0","0","0","0","0","0","0","0"
"2.09613","0.500044","0.512094","0.0412659","0.54405","0.550573","1.5595","1.70983e-15","3.03274","3.06682","3.03459","6.69652","0","0","0","0","0","0","0","0"
"2.09952","0.500044","0.512094","0.0412627","0.54527","0.551031","1.57989","1.7075e-15","3.05451","3.07121","3.04211","6.67693","0","0","0","0","0","0","0","0"
"2.1029","0.500044","0.512094","0.0412599","0.545459","0.551219","1.57656","1.7104e-15","3.05062","3.06329","3.04243","6.69094","0","0","0","0","0","0","0","0"
"2.1064","0.500044","0.512094","0.041255","0.544657","0.549947","1.58192","1.71037e-15","3.05131","3.06339","3.01977","6.72609","0","0","0","0","0","0","0","0"
"2.10967","0.500044","0.511968","0.041249","0.544696","0.550014","1.58464","1.71024e-15","3.04699","3.05738","3.00512","6.73672","0","0","0","0","0","0","0","0"
"2.11305","0.500044","0.511968","0.0412419","0.544305","0.549621","1.5805","1.7072e-15","3.04783","3.05928","3.00651","6.71361","0","0","0","0","0","0","0","0"
"2.11645","0.500044","0.511968","0.0412359","0.544161","0.549585","1.57325","1.70753e-15","3.04176","3.05481","3.01917","6.70583","0","0","0","0","0","0","0","0"
"2.11983","0.500044","0.511968","0.0412288","0.545704","0.551107","1.57857","1.71101e-15","3.04561","3.05222","2.98801","6.72483","0","0","0","0","0","0","0","0"
"2.12335","0.500044","0.511968","0.0412264","0.545553","0.551437","1.57885","1.70864e-15","3.05069","3.06388","2.97999","6.7033","0","0","0","0","0","0","0","0"
"2.12663","0.500044","0.512058","0.0412278","0.545833","0.55151","1.57241","1.70709e-15","3.0502","3.06282","2.98969","6.69444","0","0","0","0","0","0","0","0"
"2.13017","0.500044","0.512058","0.041229","0.546142","0.551073","1.56905","1.71019e-15","3.04954","3.06208","2.98666","6.70956","0","0","0","0","0","0","0","0"
"2.13342","0.500044","0.512058","0.0412303","0.546052","0.551095","1.56464","1.70856e-15","3.04392","3.06217","2.98669","6.7242","0","0","0","0","0","0","0","0"
"2.13678","0.500044","0.512058","0.0412315","0.545271","0.550213","1.55547","1.70662e-15","3.04722","3.06187","3.01123","6.69479","0","0","0","0","0","0","0","0"
"2.14028","0.500044","0.512058","0.0412371","0.546831","0.551544","1.56251","1.707e-15","3.05024","3.06176","3.02508","6.68586","0","0","0","0","0","0","0","0"
"2.14355","0.500044","0.512141","0.0412445","0.54644","0.551573","1.55717","1.70762e-15","3.05817","3.06152","3.02919","6.67188","0","0","0","0","0","0","0","0"
"2.14695","0.500044","0.512141","0.0412531","0.546522","0.551647","1.56051","1.705e-15","3.06195","3.05919","3.01672","6.65635","0","0","0","0","0","0","0","0"
"2.15137","0.500044","0.512141","0.041263","0.546512","0.551765","1.55984","1.70178e-15","3.05341","3.04704","3.01467","6.64879","0","0","0","0","0","0","0","0"
"2.1557","0.500044","0.512141","0.0412748","0.545848","0.551205","1.54855","1.7057e-15","3.05635","3.04401","3.03945","6.68253","0","0","0","0","0","0","0","0"
"2.15892","0.500044","0.512413","0.041284","0.546038","0.551212","1.56409","1.70352e-15","3.06149","3.04655","3.01533","6.68257","0","0","0","0","0","0","0","0"
"2.1623","0.500044","0.512413","0.0412933","0.546944","0.552026","1.573","1.70021e-15","3.05692","3.04266","3.00172","6.66142","0","0","0","0","0","0","0","0"
"2.1657","0.500044","0.512413","0.0413041","0.550328","0.554725","1.5884","1.70054e-15","3.07134","3.03671","2.98867","6.65245","0","0","0","0","0","0","0","0"
"2.16907","0.500044","0.512413","0.0413134","0.549919","0.554399","1.58441","1.70323e-15","3.072","3.03927","2.98716","6.6714","0","0","0","0","0","0","0","0"
"2.17258","0.500044","0.512413","0.0413226","0.549117","0.553503","1.59018","1.70499e-15","3.07618","3.0369","2.96481","6.69671","0","0","0","0","0","0","0","0"
"2.17585","0.500044","0.512614","0.0413269","0.550373","0.554601","1.60606","1.70464e-15","3.08605","3.05592","2.95243","6.67559","0","0","0","0","0","0","0","0"
"2.17923","0.500044","0.512614","0.0413319","0.550466","0.555182","1.60567","1.70274e-15","3.0843","3.04914","2.93778","6.63812","0","0","0","0","0","0","0","0"
"2.18262","0.500044","0.512614","0.0413362","0.551257","0.555807","1.60407","1.7049e-15","3.07969","3.05246","2.935","6.62494","0","0","0","0","0","0","0","0"
"2.186","0.500044","0.512614","0.0413412","0.550634","0.55545","1.59996","1.70959e-15","3.08734","3.05557","2.94748","6.65003","0","0","0","0","0","0","0","0"
"2.18952","0.500044","0.512614","0.0413451","0.550448","0.554986","1.59333","1.71043e-15","3.09031","3.05616","2.95759","6.65625","0","0","0","0","0","0","0","0"
"2.19282","0.500044","0.512915","0.0413487","0.550681","0.554998","1.5965","1.70829e-15","3.096","3.05716","2.93852","6.65278","0","0","0","0","0","0","0","0"
"2.1962","0.500044","0.512915","0.0413523","0.549539","0.553423","1.59663","1.70547e-15","3.09543","3.06186","2.91791","6.62933","0","0","0","0","0","0","0","0"
"2.19958","0.500044","0.512915","0.0413554","0.549304","0.552989","1.59529","1.70357e-15","3.09511","3.06251","2.90707","6.61043","0","0","0","0","0","0","0","0"
"2.20297","0.500044","0.512915","0.041359","0.549294","0.552918","1.59415","1.70545e-15","3.0965","3.05974","2.90646","6.63317","0","0","0","0","0","0","0","0"
"2.20645","0.500044","0.512915","0.0413628","0.550041","0.553702","1.61515","1.70455e-15","3.09458","3.06014","2.91247","6.61253","0","0","0","0","0","0","0","0"
"2.20975","0.500044","0.513338","0.041368","0.549596","0.553354","1.61494","1.70425e-15","3.09145","3.05409","2.90344","6.62933","0","0","0","0","0","0","0","0"
"2.21313","0.500044","0.513338","0.0413724","0.549493","0.552886","1.60874","1.70232e-15","3.10578","3.05655","2.91865","6.60043","0","0","0","0","0","0","0","0"
"2.21653","0.500044","0.513338","0.0413776","0.549464","0.552669","1.61799","1.70235e-15","3.10437","3.05035","2.89191","6.58237","0","0","0","0","0","0","0","0"
"2.21992","0.500044","0.513338","0.041382","0.550645","0.553902","1.63403","1.70541e-15","3.10052","3.04544","2.89608","6.62627","0","0","0","0","0","0","0","0"
"2.23565","0.500044","0.513338","0.0414105","0.551088","0.554363","1.64209","1.70213e-15","3.08095","3.06853","2.87115","6.64329","0","0","0","0","0","0","0","0"
"2.23923","0.500044","0.513295","0.0414228","0.551653","0.555617","1.65309","1.69976e-15","3.09357","3.06636","2.85991","6.61674","0","0","0","0","0","0","0","0"
"2.24253","0.500044","0.513209","0.041429","0.551103","0.555236","1.64287","1.70217e-15","3.09456","3.06467","2.88928","6.64308","0","0","0","0","0","0","0","0"
"2.2459","0.500044","0.513209","0.0414363","0.550959","0.555486","1.63336","1.70416e-15","3.09369","3.08136","2.9122","6.67308","0","0","0","0","0","0","0","0"
"2.24932","0.500044","0.513209","0.0414426","0.550961","0.555446","1.6305","1.70616e-15","3.08931","3.07773","2.90861","6.70678","0","0","0","0","0","0","0","0"
"2.25267","0.500044","0.513209","0.0414498","0.551423","0.556184","1.63044","1.70488e-15","3.09528","3.09109","2.89568","6.72066","0","0","0","0","0","0","0","0"
"2.25618","0.500044","0.513209","0.0414567","0.551183","0.555778","1.63002","1.70212e-15","3.09264","3.08736","2.88411","6.70771","0","0","0","0","0","0","0","0"
"2.25945","0.500044","0.513438","0.041466","0.550821","0.555724","1.62422","1.70095e-15","3.08847","3.0761","2.89217","6.68632","0","0","0","0","0","0","0","0"
"2.26285","0.500044","0.513438","0.041474","0.551205","0.556205","1.638","1.70449e-15","3.08604","3.073","2.87687","6.70006","0","0","0","0","0","0","0","0"
"2.26622","0.500044","0.513438","0.0414833","0.552273","0.557606","1.6522","1.70757e-15","3.08044","3.06729","2.85738","6.7246","0","0","0","0","0","0","0","0"
"2.26962","0.500044","0.513438","0.0414913","0.552575","0.557688","1.65543","1.71071e-15","3.07729","3.0613","2.84797","6.76307","0","0","0","0","0","0","0","0"
"2.27308","0.500044","0.513438","0.0414993","0.552603","0.558395","1.6564","1.70964e-15","3.08648","3.06195","2.83606","6.76889","0","0","0","0","0","0","0","0"
"2.27638","0.500044","0.513763","0.0415048","0.552397","0.558162","1.6491","1.70758e-15","3.09765","3.0711","2.85392","6.75518","0","0","0","0","0","0","0","0"
"2.27975","0.500044","0.513763","0.0415111","0.551836","0.557782","1.64129","1.7046e-15","3.0945","3.06526","2.87019","6.73038","0","0","0","0","0","0","0","0"
"2.2832","0.500044","0.513763","0.0415166","0.552639","0.558937","1.63791","1.70586e-15","3.09152","3.06799","2.87005","6.72898","0","0","0","0","0","0","0","0"
"2.28653","0.500044","0.513763","0.0415229","0.552372","0.558569","1.63001","1.70801e-15","3.0871","3.06559","2.88469","6.73649","0","0","0","0","0","0","0","0"
"2.29003","0.500044","0.513763","0.0415272","0.551993","0.55845","1.62404","1.70874e-15","3.09045","3.06614","2.89298","6.73853","0","0","0","0","0","0","0","0"
"2.2933","0.500044","0.514135","0.0415308","0.551605","0.558345","1.62097","1.70709e-15","3.08721","3.06045","2.88728","6.72519","0","0","0","0","0","0","0","0"
"2.29672","0.500044","0.514135","0.0415338","0.551428","0.557982","1.61342","1.70486e-15","3.09282","3.06137","2.90558","6.70574","0","0","0","0","0","0","0","0"
"2.30027","0.500044","0.514135","0.0415374","0.550891","0.557693","1.60895","1.70526e-15","3.09463","3.06245","2.90513","6.69852","0","0","0","0","0","0","0","0"
"2.30348","0.500044","0.514135","0.0415405","0.550955","0.557713","1.60542","1.70805e-15","3.09293","3.05525","2.90883","6.71293","0","0","0","0","0","0","0","0"
"2.30695","0.500044","0.514135","0.041544","0.551884","0.558936","1.60603","1.70765e-15","3.09548","3.04875","2.90162","6.72317","0","0","0","0","0","0","0","0"
"2.31025","0.500044","0.514532","0.0415471","0.551741","0.559362","1.6095","1.70884e-15","3.09934","3.04847","2.88503","6.73638","0","0","0","0","0","0","0","0"
"2.31363","0.500044","0.514532","0.0415507","0.550879","0.558329","1.61547","1.70482e-15","3.1046","3.05428","2.85905","6.71856","0","0","0","0","0","0","0","0"
"2.31807","0.500044","0.514532","0.0415548","0.550628","0.558424","1.61523","1.70262e-15","3.10683","3.05561","2.847","6.68661","0","0","0","0","0","0","0","0"
"2.32235","0.500044","0.514532","0.0415601","0.550933","0.558857","1.61734","1.70269e-15","3.11021","3.05987","2.82744","6.66419","0","0","0","0","0","0","0","0"
"2.32565","0.500044","0.514769","0.0415652","0.549858","0.557521","1.61623","1.70309e-15","3.11179","3.06568","2.81644","6.68139","0","0","0","0","0","0","0","0"
"2.329","0.500044","0.514769","0.0415703","0.549523","0.557321","1.61978","1.70321e-15","3.11193","3.06321","2.80055","6.68942","0","0","0","0","0","0","0","0"
"2.33235","0.500044","0.514769","0.0415763","0.549382","0.557175","1.6117","1.6995e-15","3.10989","3.06187","2.82292","6.67527","0","0","0","0","0","0","0","0"
"2.33577","0.500044","0.514769","0.0415814","0.549811","0.557237","1.60847","1.69833e-15","3.11333","3.06037","2.82454","6.65288","0","0","0","0","0","0","0","0"
"2.33923","0.500044","0.514769","0.0415844","0.549077","0.556566","1.60735","1.69878e-15","3.12048","3.06372","2.81356","6.64738","0","0","0","0","0","0","0","0"
"2.34255","0.500044","0.514922","0.0415807","0.548362","0.556016","1.60712","1.70021e-15","3.11857","3.06444","2.80661","6.65921","0","0","0","0","0","0","0","0"
"2.3459","0.500044","0.514922","0.0415764","0.54767","0.555119","1.61612","1.70113e-15","3.11909","3.06976","2.7984","6.67565","0","0","0","0","0","0","0","0"
"2.3493","0.500044","0.514922","0.0415728","0.548652","0.555775","1.62163","1.69992e-15","3.11325","3.06104","2.79424","6.67851","0","0","0","0","0","0","0","0"
"2.35268","0.500044","0.514922","0.0415685","0.54809","0.554968","1.6157","1.69667e-15","3.13353","3.09749","2.80236","6.66504","0","0","0","0","0","0","0","0"
"2.35618","0.500044","0.514922","0.0415634","0.547674","0.554445","1.6168","1.69703e-15","3.13416","3.09394","2.78866","6.67017","0","0","0","0","0","0","0","0"
"2.35945","0.500044","0.514795","0.0415542","0.547314","0.553917","1.6117","1.69803e-15","3.12924","3.09591","2.79248","6.68091","0","0","0","0","0","0","0","0"
"2.36287","0.500044","0.514795","0.0415463","0.546288","0.552879","1.60736","1.69977e-15","3.12872","3.09635","2.79925","6.70269","0","0","0","0","0","0","0","0"
"2.36622","0.500044","0.514795","0.0415372","0.545989","0.55275","1.60163","1.6981e-15","3.12278","3.09535","2.8073","6.68511","0","0","0","0","0","0","0","0"
"2.3696","0.500044","0.514795","0.0415293","0.54571","0.553095","1.59817","1.69773e-15","3.12145","3.09158","2.80703","6.65611","0","0","0","0","0","0","0","0"
"2.37308","0.500044","0.514795","0.0415242","0.547038","0.554228","1.59673","1.69775e-15","3.12797","3.08812","2.80278","6.6509","0","0","0","0","0","0","0","0"
"2.37637","0.500044","0.514445","0.0415246","0.547244","0.553821","1.59346","1.6991e-15","3.11944","3.08514","2.8021","6.67173","0","0","0","0","0","0","0","0"
"2.37975","0.500044","0.514445","0.041525","0.547202","0.553866","1.58657","1.69741e-15","3.1213","3.07976","2.81531","6.6719","0","0","0","0","0","0","0","0"
"2.38317","0.500044","0.514445","0.0415253","0.547794","0.554669","1.58237","1.69487e-15","3.11969","3.07844","2.82013","6.65842","0","0","0","0","0","0","0","0"
"2.38653","0.500044","0.514445","0.0415257","0.546227","0.553155","1.57541","1.69459e-15","3.12762","3.08383","2.83211","6.64104","0","0","0","0","0","0","0","0"
"2.39003","0.500044","0.514445","0.0415274","0.546725","0.553848","1.57152","1.6939e-15","3.15627","3.10657","2.83505","6.62865","0","0","0","0","0","0","0","0"
"2.3933","0.500044","0.514144","0.041531","0.54595","0.55315","1.56301","1.69606e-15","3.15507","3.10529","2.85647","6.6306","0","0","0","0","0","0","0","0"
"2.3967","0.500044","0.514144","0.041534","0.545786","0.552845","1.56357","1.69769e-15","3.15739","3.10581","2.85562","6.64858","0","0","0","0","0","0","0","0"
"2.4014","0.500044","0.514144","0.0415385","0.548032","0.554394","1.58665","1.69753e-15","3.1679","3.11401","2.93678","6.67384","0","0","0","0","0","0","0","0"
"2.4057","0.500044","0.514144","0.0415402","0.547162","0.553749","1.57894","1.69361e-15","3.16426","3.10989","2.94773","6.64716","0","0","0","0","0","0","0","0"
"2.40892","0.500044","0.514273","0.0415345","0.546581","0.55325","1.58057","1.69222e-15","3.16759","3.12581","2.93691","6.64129","0","0","0","0","0","0","0","0"
"2.41233","0.500044","0.514273","0.0415288","0.546445","0.553096","1.57828","1.69431e-15","3.17158","3.12783","2.93649","6.65001","0","0","0","0","0","0","0","0"
"2.4157","0.500044","0.514273","0.0415222","0.545736","0.552441","1.57102","1.69673e-15","3.16965","3.12512","2.95346","6.66103","0","0","0","0","0","0","0","0"
"2.4192","0.500044","0.514273","0.0415165","0.545395","0.552387","1.5646","1.69848e-15","3.16466","3.11735","2.9687","6.66966","0","0","0","0","0","0","0","0"
"2.42257","0.500044","0.514273","0.0415064","0.545728","0.552255","1.57265","1.6984e-15","3.16052","3.11321","2.97734","6.67859","0","0","0","0","0","0","0","0"
"2.42588","0.500044","0.514312","0.0414902","0.546005","0.55287","1.57799","1.69738e-15","3.16133","3.12315","2.96191","6.68787","0","0","0","0","0","0","0","0"
"2.42923","0.500044","0.514312","0.0414713","0.54654","0.552889","1.57242","1.6944e-15","3.17678","3.12303","2.97793","6.67221","0","0","0","0","0","0","0","0"
"2.43265","0.500044","0.514312","0.0414551","0.546137","0.552928","1.56635","1.69425e-15","3.17076","3.11793","2.99131","6.65377","0","0","0","0","0","0","0","0"
"2.436","0.500044","0.514312","0.0414362","0.545869","0.552897","1.56312","1.69594e-15","3.17619","3.1219","2.98842","6.65487","0","0","0","0","0","0","0","0"
"2.43952","0.500044","0.514312","0.0414225","0.546124","0.553321","1.56852","1.6977e-15","3.17111","3.1263","2.98766","6.66138","0","0","0","0","0","0","0","0"
"2.44278","0.500044","0.514237","0.0414125","0.546486","0.553435","1.56677","1.69755e-15","3.16898","3.12022","2.98163","6.6715","0","0","0","0","0","0","0","0"
"2.44618","0.500044","0.514237","0.0414039","0.546048","0.552742","1.56688","1.69677e-15","3.16958","3.12564","2.97641","6.65717","0","0","0","0","0","0","0","0"
"2.44953","0.500044","0.514237","0.0413938","0.54633","0.552959","1.5669","1.69374e-15","3.17089","3.12961","2.97114","6.641","0","0","0","0","0","0","0","0"
"2.45293","0.500044","0.514237","0.0413852","0.545587","0.552344","1.55983","1.69285e-15","3.17061","3.12751","2.99017","6.62969","0","0","0","0","0","0","0","0"
"2.45642","0.500044","0.514237","0.0413784","0.545905","0.552528","1.55528","1.69377e-15","3.16716","3.12678","2.99442","6.62572","0","0","0","0","0","0","0","0"
"2.4597","0.500044","0.514299","0.0413763","0.545591","0.552406","1.54817","1.69679e-15","3.16202","3.12433","3.01487","6.63203","0","0","0","0","0","0","0","0"
"2.46308","0.500044","0.514299","0.0413739","0.545322","0.551764","1.54281","1.69782e-15","3.16089","3.12578","3.02341","6.64894","0","0","0","0","0","0","0","0"
"2.4665","0.500044","0.514299","0.0413718","0.544323","0.550916","1.53829","1.69777e-15","3.1651","3.1308","3.03117","6.65049","0","0","0","0","0","0","0","0"
"2.46987","0.500044","0.514299","0.0413693","0.543962","0.550587","1.53643","1.69523e-15","3.16307","3.12351","3.02682","6.63566","0","0","0","0","0","0","0","0"
"2.47337","0.500044","0.514299","0.0413698","0.543742","0.550407","1.5388","1.69331e-15","3.15965","3.11659","3.02589","6.62091","0","0","0","0","0","0","0","0"
"2.47663","0.500044","0.514389","0.0413734","0.544433","0.551182","1.54017","1.69374e-15","3.15477","3.11792","3.01574","6.63639","0","0","0","0","0","0","0","0"
"2.48003","0.500044","0.514389","0.0413765","0.543976","0.550862","1.54193","1.69607e-15","3.15635","3.11691","2.9991","6.64221","0","0","0","0","0","0","0","0"
"2.4847","0.500044","0.514389","0.0413812","0.544246","0.551044","1.55623","1.69895e-15","3.14957","3.11713","3.00353","6.67334","0","0","0","0","0","0","0","0"
"2.48903","0.500044","0.514389","0.0413852","0.544477","0.5511","1.54882","1.69886e-15","3.14746","3.11814","3.01644","6.70193","0","0","0","0","0","0","0","0"
"2.49225","0.500044","0.514198","0.0413865","0.543658","0.550222","1.54869","1.69634e-15","3.14709","3.11976","3.00263","6.68406","0","0","0","0","0","0","0","0"
"2.49567","0.500044","0.514198","0.0413878","0.543945","0.550375","1.54666","1.69486e-15","3.13883","3.11449","2.9992","6.66095","0","0","0","0","0","0","0","0"
"2.49903","0.500044","0.514198","0.0413893","0.54511","0.550826","1.55177","1.69488e-15","3.14117","3.10926","2.98689","6.64029","0","0","0","0","0","0","0","0"
"2.50242","0.500044","0.514198","0.0413906","0.544733","0.550152","1.5538","1.6968e-15","3.13917","3.10836","2.98095","6.64681","0","0","0","0","0","0","0","0"
"2.5059","0.500044","0.514198","0.04139","0.54468","0.550055","1.56207","1.69784e-15","3.14112","3.10525","2.97025","6.65995","0","0","0","0","0","0","0","0"
"2.50918","0.500044","0.514058","0.041385","0.544747","0.550033","1.56233","1.69589e-15","3.14217","3.10865","2.95867","6.6461","0","0","0","0","0","0","0","0"
"2.51257","0.500044","0.514058","0.0413791","0.544648","0.549855","1.5766","1.69408e-15","3.14093","3.10992","2.95195","6.62585","0","0","0","0","0","0","0","0"
"2.51597","0.500044","0.514058","0.041374","0.544423","0.54979","1.572","1.6955e-15","3.14055","3.10488","2.95923","6.6393","0","0","0","0","0","0","0","0"
"2.51933","0.500044","0.514058","0.0413681","0.544264","0.549779","1.56686","1.69789e-15","3.13824","3.1002","2.96977","6.66726","0","0","0","0","0","0","0","0"
"2.52285","0.500044","0.514058","0.0413646","0.544025","0.549547","1.56389","1.6982e-15","3.13982","3.0988","2.97245","6.66049","0","0","0","0","0","0","0","0"
"2.52612","0.500044","0.514027","0.0413642","0.544483","0.549888","1.55834","1.69533e-15","3.13884","3.09774","2.98313","6.64397","0","0","0","0","0","0","0","0"
"2.52948","0.500044","0.514027","0.0413637","0.543979","0.54963","1.55461","1.69589e-15","3.14177","3.09658","2.98509","6.63575","0","0","0","0","0","0","0","0"
"2.53288","0.500044","0.514027","0.0413633","0.54338","0.548909","1.54985","1.69786e-15","3.14008","3.09148","2.99034","6.6707","0","0","0","0","0","0","0","0"
"2.53627","0.500044","0.514027","0.0413629","0.542287","0.547971","1.54411","1.69815e-15","3.14319","3.09315","3.00354","6.67962","0","0","0","0","0","0","0","0"
"2.53975","0.500044","0.514027","0.0413632","0.542628","0.548392","1.5402","1.69586e-15","3.13891","3.08666","3.00716","6.67614","0","0","0","0","0","0","0","0"
"2.54303","0.500044","0.513945","0.0413644","0.543514","0.548855","1.54017","1.69494e-15","3.14328","3.07887","2.99617","6.66522","0","0","0","0","0","0","0","0"
"2.54642","0.500044","0.513945","0.0413657","0.543698","0.549305","1.53609","1.69729e-15","3.14923","3.0866","3.00343","6.67673","0","0","0","0","0","0","0","0"
"2.5498","0.500044","0.513945","0.0413669","0.543395","0.548961","1.53672","1.69967e-15","3.14837","3.08567","2.99064","6.69228","0","0","0","0","0","0","0","0"
"2.55318","0.500044","0.513945","0.0413682","0.543427","0.549003","1.53226","1.70146e-15","3.14473","3.08135","2.99666","6.7178","0","0","0","0","0","0","0","0"
"2.55668","0.500044","0.513945","0.0413691","0.542907","0.548631","1.52534","1.70095e-15","3.14315","3.07982","3.0178","6.72924","0","0","0","0","0","0","0","0"
"2.55995","0.500044","0.513862","0.0413699","0.542445","0.548286","1.52563","1.69857e-15","3.13978","3.07962","3.01769","6.71806","0","0","0","0","0","0","0","0"
"2.56333","0.500044","0.513862","0.0413705","0.542175","0.54796","1.52274","1.69658e-15","3.13713","3.08207","3.01744","6.70437","0","0","0","0","0","0","0","0"
"2.56803","0.500044","0.513862","0.0413715","0.543423","0.548486","1.52728","1.69716e-15","3.13152","3.07778","3.00827","6.71507","0","0","0","0","0","0","0","0"
"2.57237","0.500044","0.513862","0.0413707","0.542775","0.548435","1.52754","1.69961e-15","3.13071","3.07681","2.99735","6.72356","0","0","0","0","0","0","0","0"
"2.57558","0.500044","0.513825","0.0413661","0.542535","0.547888","1.52786","1.69808e-15","3.12771","3.07883","2.9874","6.71187","0","0","0","0","0","0","0","0"
"2.57897","0.500044","0.513825","0.0413616","0.542684","0.548038","1.52317","1.6967e-15","3.12606","3.07958","2.99702","6.69255","0","0","0","0","0","0","0","0"
"2.58237","0.500044","0.513825","0.0413563","0.542604","0.548085","1.5256","1.6974e-15","3.12628","3.08076","2.97843","6.70561","0","0","0","0","0","0","0","0"
"2.58573","0.500044","0.513825","0.0413517","0.54248","0.548092","1.53379","1.69976e-15","3.12377","3.08081","2.95625","6.71978","0","0","0","0","0","0","0","0"
"2.58922","0.500044","0.513825","0.0413445","0.541947","0.5477","1.53266","1.6996e-15","3.1241","3.08146","2.94902","6.73748","0","0","0","0","0","0","0","0"
"2.59252","0.500044","0.513777","0.0413344","0.542328","0.548032","1.53182","1.6984e-15","3.11864","3.0759","2.94782","6.73313","0","0","0","0","0","0","0","0"
"2.5959","0.500044","0.513777","0.0413226","0.54353","0.549079","1.53831","1.69611e-15","3.12397","3.09777","2.94656","6.72058","0","0","0","0","0","0","0","0"
"2.59928","0.500044","0.513777","0.0413124","0.543476","0.549001","1.54416","1.69433e-15","3.12354","3.0967","2.93393","6.70715","0","0","0","0","0","0","0","0"
"2.60267","0.500044","0.513777","0.0413006","0.544602","0.550023","1.55","1.69538e-15","3.11883","3.0949","2.91735","6.69324","0","0","0","0","0","0","0","0"
"2.60617","0.500044","0.513777","0.0412899","0.544417","0.549796","1.5517","1.69628e-15","3.11915","3.10755","2.90737","6.68132","0","0","0","0","0","0","0","0"
"2.60945","0.500044","0.513724","0.0412761","0.544406","0.550229","1.55116","1.6977e-15","3.12275","3.12089","2.90237","6.67598","0","0","0","0","0","0","0","0"
"2.61282","0.500044","0.513724","0.0412642","0.544287","0.550296","1.54856","1.69929e-15","3.11888","3.11769","2.9022","6.68808","0","0","0","0","0","0","0","0"
"2.6162","0.500044","0.513724","0.0412504","0.544491","0.550113","1.54973","1.69937e-15","3.11252","3.11326","2.89535","6.70843","0","0","0","0","0","0","0","0"
"2.61958","0.500044","0.513724","0.0412386","0.54431","0.550036","1.55433","1.6981e-15","3.10869","3.10972","2.88534","6.69575","0","0","0","0","0","0","0","0"
"2.62308","0.500044","0.513724","0.0412277","0.544835","0.550274","1.55214","1.69617e-15","3.10779","3.10955","2.88167","6.68011","0","0","0","0","0","0","0","0"
"2.62635","0.500044","0.513863","0.0412216","0.544378","0.550157","1.55465","1.69512e-15","3.10739","3.10845","2.86695","6.66179","0","0","0","0","0","0","0","0"
"2.62975","0.500044","0.513863","0.0412146","0.543835","0.549646","1.55584","1.69563e-15","3.10547","3.10921","2.86242","6.66693","0","0","0","0","0","0","0","0"
"2.63313","0.500044","0.513863","0.0412085","0.543655","0.549472","1.55023","1.69741e-15","3.11354","3.11354","2.87953","6.67763","0","0","0","0","0","0","0","0"
"2.63652","0.500044","0.513863","0.0412015","0.543782","0.54952","1.54998","1.69946e-15","3.12021","3.11513","2.86782","6.70376","0","0","0","0","0","0","0","0"
"2.64003","0.500044","0.513863","0.0411997","0.542988","0.549275","1.54684","1.70067e-15","3.11965","3.10967","2.8685","6.691","0","0","0","0","0","0","0","0"
"2.64328","0.500044","0.514134","0.0412027","0.542736","0.549092","1.54146","1.70265e-15","3.11525","3.10716","2.87818","6.71629","0","0","0","0","0","0","0","0"
"2.64667","0.500044","0.514134","0.0412052","0.542201","0.54843","1.53844","1.70392e-15","3.12252","3.10925","2.88119","6.74632","0","0","0","0","0","0","0","0"
"2.65137","0.500044","0.514134","0.041209","0.542471","0.548381","1.53146","1.7041e-15","3.12132","3.11109","2.89419","6.75927","0","0","0","0","0","0","0","0"
"2.65567","0.500044","0.514134","0.0412137","0.541359","0.547414","1.52931","1.70173e-15","3.12269","3.11184","2.88734","6.74229","0","0","0","0","0","0","0","0"
"2.65892","0.500044","0.514073","0.0412186","0.541248","0.547042","1.53235","1.69933e-15","3.12302","3.11311","2.86904","6.72638","0","0","0","0","0","0","0","0"
"2.6623","0.500044","0.514073","0.0412236","0.540779","0.54652","1.53332","1.6984e-15","3.11987","3.11053","2.86213","6.70952","0","0","0","0","0","0","0","0"
"2.66573","0.500044","0.514073","0.0412294","0.540485","0.54619","1.53914","1.6975e-15","3.11784","3.107","2.84488","6.69597","0","0","0","0","0","0","0","0"
"2.6691","0.500044","0.514073","0.0412351","0.540618","0.546826","1.53381","1.69913e-15","3.11049","3.09887","2.85559","6.66339","0","0","0","0","0","0","0","0"
"2.6726","0.500044","0.514073","0.0412395","0.541004","0.547182","1.53109","1.69927e-15","3.11199","3.10088","2.85532","6.64504","0","0","0","0","0","0","0","0"
"2.67588","0.500044","0.513801","0.0412432","0.540745","0.546992","1.52564","1.7007e-15","3.10473","3.09489","2.8652","6.65102","0","0","0","0","0","0","0","0"
"2.67925","0.500044","0.513801","0.0412464","0.540755","0.546646","1.52113","1.70153e-15","3.10322","3.09342","2.8721","6.65433","0","0","0","0","0","0","0","0"
"2.68265","0.500044","0.513801","0.0412501","0.540222","0.545925","1.52046","1.70409e-15","3.10322","3.09606","2.87077","6.67904","0","0","0","0","0","0","0","0"
"2.68602","0.500044","0.513801","0.0412533","0.540036","0.545858","1.52432","1.70435e-15","3.10471","3.08825","2.86542","6.68627","0","0","0","0","0","0","0","0"
"2.68953","0.500044","0.513801","0.0412553","0.539425","0.545419","1.5225","1.70243e-15","3.10263","3.08986","2.86435","6.66993","0","0","0","0","0","0","0","0"
"2.6928","0.500044","0.513493","0.0412551","0.539158","0.545621","1.51802","1.70043e-15","3.10034","3.09055","2.87168","6.65476","0","0","0","0","0","0","0","0"
"2.69618","0.500044","0.513493","0.0412548","0.53842","0.545023","1.51231","1.69838e-15","3.10476","3.09367","2.88422","6.6372","0","0","0","0","0","0","0","0"
"2.69957","0.500044","0.513493","0.0412546","0.53878","0.545349","1.50986","1.69656e-15","3.1106","3.09282","2.88665","6.62741","0","0","0","0","0","0","0","0"
"2.70295","0.500044","0.513493","0.0412543","0.537696","0.544144","1.50689","1.69808e-15","3.11264","3.09712","2.88407","6.61553","0","0","0","0","0","0","0","0"
"2.70645","0.500044","0.513493","0.0412527","0.537958","0.54448","1.51008","1.69723e-15","3.10875","3.09959","2.88163","6.60612","0","0","0","0","0","0","0","0"
"2.70973","0.500044","0.513381","0.0412492","0.538035","0.544155","1.5083","1.69979e-15","3.10799","3.09955","2.87668","6.62003","0","0","0","0","0","0","0","0"
"2.71312","0.500044","0.513381","0.0412462","0.538251","0.544564","1.5029","1.70155e-15","3.10608","3.10576","2.88968","6.63339","0","0","0","0","0","0","0","0"
"2.7165","0.500044","0.513381","0.0412427","0.537606","0.54386","1.49897","1.70436e-15","3.10607","3.10658","2.89235","6.64878","0","0","0","0","0","0","0","0"
"2.7199","0.500044","0.513381","0.0412397","0.538203","0.544439","1.4979","1.70506e-15","3.09929","3.10989","2.88677","6.65919","0","0","0","0","0","0","0","0"
"2.72338","0.500044","0.513381","0.0412393","0.538554","0.544694","1.5042","1.7033e-15","3.10001","3.1133","2.88789","6.65315","0","0","0","0","0","0","0","0"
"2.72665","0.500044","0.513116","0.0412411","0.538296","0.544326","1.50626","1.70119e-15","3.10025","3.11058","2.89226","6.63724","0","0","0","0","0","0","0","0"
"2.73005","0.500044","0.513116","0.0412432","0.538925","0.544624","1.50121","1.70002e-15","3.09777","3.10627","2.90138","6.61576","0","0","0","0","0","0","0","0"
"2.73473","0.500044","0.513116","0.0412458","0.539463","0.545116","1.50427","1.70243e-15","3.09529","3.10684","2.90306","6.62405","0","0","0","0","0","0","0","0"
"2.73902","0.500044","0.513116","0.0412487","0.540379","0.545382","1.51139","1.70443e-15","3.09141","3.10972","2.88595","6.62452","0","0","0","0","0","0","0","0"
"2.74227","0.500044","0.512961","0.0412519","0.540347","0.545382","1.51641","1.70463e-15","3.09137","3.11279","2.87488","6.63391","0","0","0","0","0","0","0","0"
"2.74567","0.500044","0.512961","0.0412558","0.539611","0.544646","1.51359","1.70362e-15","3.09092","3.11567","2.87591","6.63065","0","0","0","0","0","0","0","0"
"2.74905","0.500044","0.512961","0.0412591","0.539472","0.544254","1.51515","1.70119e-15","3.08668","3.11083","2.86421","6.62131","0","0","0","0","0","0","0","0"
"2.75243","0.500044","0.512961","0.0412629","0.539685","0.54466","1.51118","1.69917e-15","3.08037","3.11048","2.8725","6.59846","0","0","0","0","0","0","0","0"
"2.75592","0.500044","0.512961","0.0412643","0.540292","0.545122","1.51961","1.69793e-15","3.07537","3.10639","2.86402","6.58449","0","0","0","0","0","0","0","0"
"2.75922","0.500044","0.513049","0.0412613","0.540633","0.545739","1.52908","1.69965e-15","3.07226","3.10356","2.85607","6.58389","0","0","0","0","0","0","0","0"
"2.76258","0.500044","0.513049","0.0412587","0.540107","0.545108","1.52908","1.70109e-15","3.06974","3.10183","2.84679","6.59249","0","0","0","0","0","0","0","0"
"2.76598","0.500044","0.513049","0.0412557","0.540449","0.545236","1.52256","1.70303e-15","3.06753","3.10959","2.86304","6.60454","0","0","0","0","0","0","0","0"
"2.76935","0.500044","0.513049","0.0412531","0.539945","0.544573","1.51886","1.70261e-15","3.0659","3.10834","2.86655","6.61784","0","0","0","0","0","0","0","0"
"2.77287","0.500044","0.513049","0.0412503","0.539716","0.544214","1.52163","1.70196e-15","3.0686","3.10951","2.85577","6.6131","0","0","0","0","0","0","0","0"
"2.77615","0.500044","0.513101","0.0412481","0.539616","0.544372","1.51562","1.70155e-15","3.06587","3.10375","2.87176","6.60828","0","0","0","0","0","0","0","0"
"2.77953","0.500044","0.513101","0.0412456","0.539517","0.544099","1.51481","1.69994e-15","3.07151","3.10315","2.87491","6.59913","0","0","0","0","0","0","0","0"
"2.78292","0.500044","0.513101","0.0412434","0.539419","0.543729","1.5193","1.69741e-15","3.06547","3.10305","2.86268","6.5917","0","0","0","0","0","0","0","0"
"2.7863","0.500044","0.513101","0.0412408","0.539028","0.543702","1.52539","1.69492e-15","3.06751","3.1008","2.84158","6.5802","0","0","0","0","0","0","0","0"
"2.78978","0.500044","0.513101","0.0412402","0.5388","0.543691","1.53425","1.69454e-15","3.064","3.09979","2.82233","6.56481","0","0","0","0","0","0","0","0"
"2.79307","0.500044","0.513055","0.0412414","0.539227","0.544221","1.53014","1.69547e-15","3.06942","3.10178","2.83102","6.55273","0","0","0","0","0","0","0","0"
"2.79645","0.500044","0.513055","0.0412424","0.538839","0.543897","1.52379","1.69669e-15","3.06771","3.10351","2.84842","6.58661","0","0","0","0","0","0","0","0"
"2.79983","0.500044","0.513055","0.0412435","0.539203","0.544077","1.5217","1.69896e-15","3.06262","3.10032","2.84743","6.61516","0","0","0","0","0","0","0","0"
"2.80323","0.500044","0.513055","0.0412445","0.538954","0.543899","1.5212","1.70211e-15","3.05881","3.09743","2.84003","6.65213","0","0","0","0","0","0","0","0"
"2.80672","0.500044","0.513055","0.0412469","0.538945","0.544284","1.52375","1.70323e-15","3.0585","3.10103","2.82972","6.64132","0","0","0","0","0","0","0","0"
"2.81","0.500044","0.512855","0.0412497","0.539285","0.544616","1.53677","1.70492e-15","3.06082","3.09958","2.83656","6.68453","0","0","0","0","0","0","0","0"
"2.81338","0.500044","0.512855","0.041253","0.540006","0.54556","1.55872","1.7055e-15","3.05759","3.10711","2.86586","6.70274","0","0","0","0","0","0","0","0"
"2.81802","0.500044","0.512855","0.0412568","0.539777","0.545489","1.55482","1.70439e-15","3.05613","3.10754","2.87286","6.69811","0","0","0","0","0","0","0","0"
"2.82235","0.500044","0.512855","0.0412621","0.539838","0.545418","1.54608","1.70156e-15","3.04886","3.10155","2.89474","6.67497","0","0","0","0","0","0","0","0"
"2.82552","0.500044","0.512792","0.0412682","0.539313","0.544835","1.54641","1.70361e-15","3.04875","3.10179","2.89576","6.68947","0","0","0","0","0","0","0","0"
"2.8289","0.500044","0.512792","0.0412743","0.539205","0.545182","1.54983","1.70652e-15","3.04467","3.09515","2.87791","6.72267","0","0","0","0","0","0","0","0"
"2.8323","0.500044","0.512792","0.0412814","0.539182","0.545372","1.54909","1.70717e-15","3.04155","3.09248","2.8728","6.74279","0","0","0","0","0","0","0","0"
"2.83568","0.500044","0.512792","0.0412875","0.538905","0.544916","1.54239","1.70563e-15","3.03808","3.09169","2.89202","6.7321","0","0","0","0","0","0","0","0"
"2.83917","0.500044","0.512792","0.0412977","0.538937","0.545139","1.53977","1.7037e-15","3.03926","3.08974","2.89437","6.71353","0","0","0","0","0","0","0","0"
"2.84245","0.500044","0.512904","0.0413133","0.53861","0.544767","1.53574","1.70411e-15","3.03759","3.08756","2.89918","6.70881","0","0","0","0","0","0","0","0"
"2.84583","0.500044","0.512904","0.0413315","0.539106","0.545819","1.52865","1.70558e-15","3.03595","3.08998","2.91835","6.74374","0","0","0","0","0","0","0","0"
"2.84922","0.500044","0.512904","0.0413471","0.539003","0.545502","1.5282","1.70537e-15","3.03446","3.09035","2.90898","6.74959","0","0","0","0","0","0","0","0"
"2.8526","0.500044","0.512904","0.0413653","0.538224","0.545038","1.5278","1.70327e-15","3.03354","3.086","2.90115","6.73719","0","0","0","0","0","0","0","0"
"2.85612","0.500044","0.512904","0.041379","0.538556","0.545512","1.52947","1.70212e-15","3.02532","3.08868","2.89654","6.71039","0","0","0","0","0","0","0","0"
"2.85938","0.500044","0.512847","0.0413901","0.538323","0.54542","1.52464","1.70198e-15","3.02972","3.09093","2.90505","6.6966","0","0","0","0","0","0","0","0"
"2.86277","0.500044","0.512847","0.0413997","0.538341","0.545275","1.52103","1.70487e-15","3.02597","3.0924","2.90868","6.71354","0","0","0","0","0","0","0","0"
"2.86615","0.500044","0.512847","0.0414109","0.53801","0.544882","1.5168","1.70758e-15","3.03162","3.10656","2.91152","6.73755","0","0","0","0","0","0","0","0"
"2.86953","0.500044","0.512847","0.0414205","0.53759","0.544314","1.51471","1.70799e-15","3.0293","3.10402","2.91174","6.759","0","0","0","0","0","0","0","0"
"2.87302","0.500044","0.512847","0.0414316","0.537451","0.544364","1.52026","1.70631e-15","3.02906","3.09672","2.88499","6.74355","0","0","0","0","0","0","0","0"
"2.8763","0.500044","0.512795","0.041441","0.537437","0.544152","1.51608","1.70503e-15","3.0304","3.09523","2.89178","6.72559","0","0","0","0","0","0","0","0"
"2.87968","0.500044","0.512795","0.0414521","0.537202","0.543931","1.51602","1.70409e-15","3.02938","3.09267","2.88448","6.70546","0","0","0","0","0","0","0","0"
"2.88307","0.500044","0.512795","0.0414615","0.537089","0.543944","1.52037","1.70596e-15","3.02965","3.09314","2.86686","6.69735","0","0","0","0","0","0","0","0"
"2.88647","0.500044","0.512795","0.0414726","0.536754","0.543602","1.51574","1.70825e-15","3.02698","3.0905","2.87758","6.72384","0","0","0","0","0","0","0","0"
"2.88997","0.500044","0.512795","0.0414822","0.537242","0.544044","1.51749","1.70758e-15","3.02324","3.08821","2.87206","6.72631","0","0","0","0","0","0","0","0"
"2.89323","0.500044","0.512696","0.0414937","0.537282","0.543993","1.52294","1.7062e-15","3.02801","3.09318","2.85484","6.7329","0","0","0","0","0","0","0","0"
"2.89662","0.500044","0.512696","0.0415035","0.538705","0.544857","1.52197","1.70548e-15","3.03301","3.08849","2.85122","6.72315","0","0","0","0","0","0","0","0"
"2.9013","0.500044","0.512696","0.0415182","0.538231","0.5447","1.52037","1.70321e-15","3.03574","3.08747","2.84579","6.69696","0","0","0","0","0","0","0","0"
"2.90568","0.500044","0.512696","0.04153","0.53893","0.545612","1.51949","1.70248e-15","3.03677","3.08459","2.84086","6.68312","0","0","0","0","0","0","0","0"
"2.90885","0.500044","0.512485","0.0415311","0.53891","0.545232","1.51534","1.7041e-15","3.04721","3.0908","2.8467","6.70783","0","0","0","0","0","0","0","0"
"2.91223","0.500044","0.512485","0.0415321","0.538531","0.545181","1.52475","1.7064e-15","3.04503","3.08741","2.83531","6.71496","0","0","0","0","0","0","0","0"
"2.91563","0.500044","0.512485","0.0415334","0.538698","0.545193","1.53377","1.70821e-15","3.05127","3.09189","2.83362","6.75954","0","0","0","0","0","0","0","0"
"2.91902","0.500044","0.512485","0.0415344","0.539301","0.545962","1.53857","1.7099e-15","3.05516","3.09482","2.83065","6.78898","0","0","0","0","0","0","0","0"
"2.9225","0.500044","0.512485","0.0415348","0.540275","0.546701","1.54905","1.71023e-15","3.04872","3.08952","2.84151","6.80396","0","0","0","0","0","0","0","0"
"2.92578","0.500044","0.512557","0.0415334","0.540039","0.5465","1.54554","1.71032e-15","3.05083","3.09364","2.8447","6.8178","0","0","0","0","0","0","0","0"
"2.92917","0.500044","0.512557","0.0415317","0.540159","0.546739","1.54216","1.70952e-15","3.05194","3.0854","2.84826","6.80326","0","0","0","0","0","0","0","0"
"2.93255","0.500044","0.512557","0.0415303","0.540498","0.547228","1.54777","1.70783e-15","3.05822","3.08381","2.83856","6.78133","0","0","0","0","0","0","0","0"
"2.93593","0.500044","0.512557","0.0415286","0.541007","0.54769","1.54835","1.70599e-15","3.05642","3.08634","2.82765","6.76359","0","0","0","0","0","0","0","0"
"2.93943","0.500044","0.512557","0.0415272","0.540862","0.547647","1.54757","1.70485e-15","3.05702","3.08607","2.82436","6.74545","0","0","0","0","0","0","0","0"
"2.94267","0.500044","0.512704","0.0415257","0.540832","0.547608","1.54534","1.70517e-15","3.0543","3.08592","2.82182","6.74251","0","0","0","0","0","0","0","0"
"2.94602","0.500044","0.512704","0.0415244","0.540729","0.547339","1.54012","1.70769e-15","3.05368","3.08295","2.83259","6.75347","0","0","0","0","0","0","0","0"
"2.94942","0.500044","0.512704","0.0415228","0.540827","0.547598","1.55116","1.71082e-15","3.0507","3.08508","2.83084","6.77279","0","0","0","0","0","0","0","0"
"2.9528","0.500044","0.512704","0.0415215","0.541235","0.547988","1.54618","1.71275e-15","3.04737","3.07959","2.83991","6.79957","0","0","0","0","0","0","0","0"
"2.95628","0.500044","0.512704","0.0415164","0.541861","0.548647","1.54477","1.71319e-15","3.05073","3.07759","2.84441","6.8178","0","0","0","0","0","0","0","0"
"2.95957","0.500044","0.512929","0.0415079","0.542404","0.548553","1.54324","1.71336e-15","3.05362","3.07448","2.84159","6.82303","0","0","0","0","0","0","0","0"
"2.96295","0.500044","0.512929","0.041498","0.543193","0.549437","1.54292","1.71228e-15","3.07069","3.10037","2.83242","6.80906","0","0","0","0","0","0","0","0"
"2.96628","0.500044","0.512929","0.0414894","0.543171","0.549159","1.54732","1.71085e-15","3.07386","3.09811","2.814","6.79666","0","0","0","0","0","0","0","0"
"2.9697","0.500044","0.512929","0.0414795","0.542779","0.549069","1.54362","1.7085e-15","3.07703","3.09795","2.82287","6.78295","0","0","0","0","0","0","0","0"
"2.97318","0.500044","0.512929","0.041474","0.542689","0.54873","1.5458","1.70564e-15","3.07329","3.09777","2.80664","6.76943","0","0","0","0","0","0","0","0"
"2.97647","0.500044","0.513124","0.0414711","0.542762","0.548955","1.54011","1.70466e-15","3.07308","3.09613","2.81782","6.74969","0","0","0","0","0","0","0","0"
"2.97987","0.500044","0.513124","0.0414687","0.542727","0.548928","1.54054","1.70488e-15","3.0694","3.09547","2.80987","6.72625","0","0","0","0","0","0","0","0"
"2.98377","0.500044","0.513124","0.0414653","0.543244","0.549355","1.54151","1.70617e-15","3.06678","3.09082","2.79481","6.75271","0","0","0","0","0","0","0","0"
"2.98715","0.500044","0.513124","0.0414629","0.542999","0.549185","1.54199","1.7081e-15","3.07087","3.09326","2.78277","6.76263","0","0","0","0","0","0","0","0"
"2.99063","0.500044","0.513124","0.0414639","0.542832","0.549253","1.53667","1.70828e-15","3.0678","3.08599","2.79216","6.76248","0","0","0","0","0","0","0","0"
"2.99393","0.500044","0.513395","0.041466","0.542809","0.549091","1.53208","1.7105e-15","3.06439","3.08385","2.7999","6.78374","0","0","0","0","0","0","0","0"
"2.9973","0.500044","0.513395","0.0414686","0.543401","0.549852","1.53602","1.71226e-15","3.06267","3.08001","2.79908","6.79502","0","0","0","0","0","0","0","0"
"3.00302","0.500044","0.513395","0.0414708","0.543859","0.550038","1.54007","1.7146e-15","3.06603","3.08234","2.78746","6.81559","0","0","0","0","0","0","0","0"
"3.00423","0.500044","0.513395","0.0414733","0.543397","0.549682","1.5374","1.71557e-15","3.06716","3.08041","2.78854","6.82855","0","0","0","0","0","0","0","0"
"3.00765","0.500044","0.513395","0.0414808","0.542792","0.54893","1.535","1.71427e-15","3.0654","3.07953","2.78701","6.81287","0","0","0","0","0","0","0","0"
"3.01087","0.500044","0.513483","0.0414907","0.542713","0.548806","1.53272","1.71318e-15","3.06391","3.07824","2.78733","6.80813","0","0","0","0","0","0","0","0"
"3.01423","0.500044","0.513483","0.0414992","0.542268","0.548322","1.53249","1.7114e-15","3.06185","3.07459","2.78641","6.79656","0","0","0","0","0","0","0","0"
"3.01763","0.500044","0.513483","0.0415091","0.542579","0.548861","1.5347","1.70931e-15","3.05942","3.07016","2.80266","6.77222","0","0","0","0","0","0","0","0"
"3.02097","0.500044","0.513483","0.0415176","0.542418","0.549035","1.53227","1.70709e-15","3.06047","3.07225","2.80475","6.75767","0","0","0","0","0","0","0","0"
"3.02445","0.500044","0.513483","0.0415265","0.542913","0.549668","1.53063","1.70569e-15","3.05977","3.07283","2.8009","6.73851","0","0","0","0","0","0","0","0"
"3.02773","0.500044","0.513585","0.041534","0.54289","0.549914","1.52434","1.70687e-15","3.06206","3.07514","2.81804","6.72761","0","0","0","0","0","0","0","0"
"3.03133","0.500044","0.513585","0.0415427","0.542196","0.549178","1.51922","1.70985e-15","3.06222","3.07328","2.82737","6.74475","0","0","0","0","0","0","0","0"
"3.0345","0.500044","0.513585","0.0415502","0.541662","0.548606","1.51408","1.71241e-15","3.0619","3.06958","2.84122","6.75961","0","0","0","0","0","0","0","0"
"3.03903","0.500044","0.513585","0.0415587","0.541168","0.548508","1.51762","1.71483e-15","3.06747","3.07092","2.81996","6.77446","0","0","0","0","0","0","0","0"
"3.04232","0.500044","0.513536","0.0415582","0.541013","0.548097","1.51253","1.715e-15","3.06167","3.06899","2.83046","6.78503","0","0","0","0","0","0","0","0"
"3.0457","0.500044","0.513536","0.0415576","0.54113","0.548243","1.50899","1.71621e-15","3.05803","3.06726","2.83663","6.80849","0","0","0","0","0","0","0","0"
"3.04908","0.500044","0.513536","0.0415571","0.540192","0.54745","1.50343","1.71437e-15","3.05999","3.06599","2.85006","6.7984","0","0","0","0","0","0","0","0"
"3.05247","0.500044","0.513536","0.0415565","0.539237","0.546597","1.49739","1.71235e-15","3.06228","3.06552","2.86277","6.7717","0","0","0","0","0","0","0","0"
"3.05595","0.500044","0.513536","0.0415564","0.538997","0.546724","1.49446","1.71175e-15","3.0641","3.06725","2.8643","6.74793","0","0","0","0","0","0","0","0"
"3.05923","0.500044","0.513542","0.0415571","0.538816","0.54646","1.49004","1.71176e-15","3.05821","3.06416","2.87104","6.73678","0","0","0","0","0","0","0","0"
"3.06263","0.500044","0.513542","0.0415577","0.538874","0.546511","1.48756","1.71346e-15","3.05339","3.05987","2.86879","6.74182","0","0","0","0","0","0","0","0"
"3.06732","0.500044","0.513542","0.0415586","0.537996","0.545496","1.48482","1.71715e-15","3.05438","3.06026","2.86604","6.78335","0","0","0","0","0","0","0","0"
"3.0707","0.500044","0.513542","0.0415593","0.537764","0.545342","1.48654","1.71953e-15","3.05356","3.06115","2.84864","6.80634","0","0","0","0","0","0","0","0"
"3.0742","0.500044","0.513542","0.0415608","0.5377","0.54522","1.48328","1.71919e-15","3.04484","3.05887","2.852","6.78245","0","0","0","0","0","0","0","0"
"3.07747","0.500044","0.513309","0.0415627","0.538534","0.545736","1.48017","1.72071e-15","3.03895","3.05721","2.85372","6.79108","0","0","0","0","0","0","0","0"
"3.08085","0.500044","0.513309","0.0415644","0.537932","0.545222","1.47903","1.72164e-15","3.03759","3.055","2.85131","6.81076","0","0","0","0","0","0","0","0"
"3.08423","0.500044","0.513309","0.0415663","0.538214","0.545962","1.47887","1.72249e-15","3.03626","3.04925","2.85169","6.82525","0","0","0","0","0","0","0","0"
"3.08762","0.500044","0.513309","0.041568","0.537462","0.545261","1.47414","1.72109e-15","3.03914","3.05173","2.86106","6.81633","0","0","0","0","0","0","0","0"
"3.09112","0.500044","0.513309","0.0415686","0.537073","0.544517","1.48151","1.71814e-15","3.04159","3.0506","2.84793","6.80169","0","0","0","0","0","0","0","0"
"3.0944","0.500044","0.512995","0.0415689","0.53823","0.545388","1.49228","1.71619e-15","3.05279","3.04989","2.84833","6.78615","0","0","0","0","0","0","0","0"
"3.09778","0.500044","0.512995","0.0415692","0.537526","0.5449","1.48899","1.71517e-15","3.05567","3.04965","2.85046","6.77361","0","0","0","0","0","0","0","0"
"3.10117","0.500044","0.512995","0.0415696","0.537998","0.545414","1.48931","1.71691e-15","3.05404","3.04638","2.84576","6.78032","0","0","0","0","0","0","0","0"
"3.1057","0.500044","0.512995","0.041567","0.537045","0.544473","1.48525","1.71959e-15","3.05624","3.05304","2.84519","6.78139","0","0","0","0","0","0","0","0"
"3.10903","0.500044","0.512831","0.0415582","0.537746","0.545545","1.48827","1.7201e-15","3.06344","3.05902","2.85401","6.80901","0","0","0","0","0","0","0","0"
"3.11237","0.500044","0.512831","0.0415479","0.537685","0.545517","1.48518","1.72066e-15","3.06101","3.05878","2.85608","6.83463","0","0","0","0","0","0","0","0"
"3.11575","0.500044","0.512831","0.0415391","0.53777","0.545823","1.48599","1.71956e-15","3.06114","3.05605","2.8448","6.8341","0","0","0","0","0","0","0","0"
"3.11915","0.500044","0.512831","0.0415289","0.537652","0.546022","1.48379","1.71818e-15","3.05661","3.05754","2.84211","6.81308","0","0","0","0","0","0","0","0"
"3.12262","0.500044","0.512831","0.0415199","0.537127","0.545696","1.48249","1.71593e-15","3.05452","3.05806","2.83887","6.79956","0","0","0","0","0","0","0","0"
"3.12597","0.500044","0.5127","0.0415089","0.536346","0.545199","1.47768","1.71482e-15","3.05484","3.05714","2.84567","6.78395","0","0","0","0","0","0","0","0"
"3.12928","0.500044","0.5127","0.0414995","0.536935","0.545755","1.48887","1.71446e-15","3.05726","3.06023","2.84194","6.78395","0","0","0","0","0","0","0","0"
"3.13278","0.500044","0.5127","0.0414886","0.537439","0.546463","1.49045","1.71675e-15","3.05486","3.051","2.84143","6.79559","0","0","0","0","0","0","0","0"
"3.13607","0.500044","0.5127","0.0414792","0.537642","0.546846","1.49093","1.71855e-15","3.05368","3.04282","2.83666","6.80334","0","0","0","0","0","0","0","0"
"3.13953","0.500044","0.5127","0.0414738","0.537702","0.547237","1.4911","1.71891e-15","3.0513","3.04654","2.83658","6.79321","0","0","0","0","0","0","0","0"
"3.14283","0.500044","0.512727","0.0414755","0.537967","0.547584","1.49148","1.71907e-15","3.05336","3.04644","2.83607","6.80138","0","0","0","0","0","0","0","0"
"3.14622","0.500044","0.512727","0.0414775","0.537439","0.546955","1.48974","1.71817e-15","3.05266","3.04525","2.83528","6.80163","0","0","0","0","0","0","0","0"
"3.1509","0.500044","0.512727","0.0414801","0.536819","0.546444","1.48837","1.71628e-15","3.05026","3.04063","2.84115","6.76775","0","0","0","0","0","0","0","0"
"3.15428","0.500044","0.512727","0.0414818","0.537067","0.546649","1.48813","1.71489e-15","3.05066","3.04072","2.83786","6.74698","0","0","0","0","0","0","0","0"
"3.15778","0.500044","0.512727","0.0414832","0.536657","0.545946","1.48362","1.71298e-15","3.04892","3.04172","2.84493","6.73477","0","0","0","0","0","0","0","0"
"3.16105","0.500044","0.512833","0.0414843","0.537511","0.546749","1.48313","1.71486e-15","3.0439","3.04296","2.84036","6.74694","0","0","0","0","0","0","0","0"
"3.16445","0.500044","0.512833","0.0414856","0.538051","0.547245","1.47714","1.71653e-15","3.04226","3.04347","2.85408","6.77329","0","0","0","0","0","0","0","0"
"3.16783","0.500044","0.512833","0.0414867","0.538618","0.548153","1.4888","1.7177e-15","3.03908","3.03491","2.87417","6.79701","0","0","0","0","0","0","0","0"
"3.17233","0.500044","0.512833","0.0414884","0.540027","0.549238","1.50486","1.71722e-15","3.04832","3.03237","2.88766","6.79074","0","0","0","0","0","0","0","0"
"3.17565","0.500044","0.512924","0.0414896","0.53974","0.549038","1.50847","1.71511e-15","3.04571","3.0323","2.87083","6.77218","0","0","0","0","0","0","0","0"
"3.17903","0.500044","0.512924","0.041491","0.539417","0.548865","1.50235","1.71597e-15","3.04324","3.0294","2.88502","6.75994","0","0","0","0","0","0","0","0"
"3.18242","0.500044","0.512924","0.0414921","0.539139","0.548705","1.49802","1.71779e-15","3.03967","3.02902","2.89373","6.77042","0","0","0","0","0","0","0","0"
"3.1858","0.500044","0.512924","0.0414935","0.541298","0.550439","1.50273","1.71873e-15","3.05147","3.03437","2.90066","6.79493","0","0","0","0","0","0","0","0"
"3.18928","0.500044","0.512924","0.0414945","0.541067","0.550472","1.50381","1.71787e-15","3.05165","3.02954","2.8974","6.79842","0","0","0","0","0","0","0","0"
"3.19257","0.500044","0.513004","0.0414951","0.540549","0.549819","1.4962","1.71513e-15","3.04942","3.02795","2.92069","6.78575","0","0","0","0","0","0","0","0"
"3.19595","0.500044","0.513004","0.0414956","0.541829","0.55107","1.49666","1.71578e-15","3.05383","3.03496","2.91744","6.77842","0","0","0","0","0","0","0","0"
"3.19935","0.500044","0.513004","0.0414962","0.541837","0.550923","1.50196","1.71808e-15","3.05185","3.03467","2.89948","6.78785","0","0","0","0","0","0","0","0"
"3.20272","0.500044","0.513004","0.0414967","0.541641","0.550757","1.50104","1.71924e-15","3.05083","3.03807","2.89302","6.78918","0","0","0","0","0","0","0","0"
"3.20623","0.500044","0.513004","0.0414962","0.541246","0.550638","1.49962","1.71878e-15","3.05278","3.03669","2.89361","6.77802","0","0","0","0","0","0","0","0"
"3.2095","0.500044","0.513387","0.0414947","0.54101","0.550454","1.4986","1.71715e-15","3.05388","3.04049","2.88914","6.76834","0","0","0","0","0","0","0","0"
"3.21288","0.500044","0.513387","0.0414929","0.541919","0.551213","1.51026","1.71539e-15","3.06364","3.05421","2.89909","6.75111","0","0","0","0","0","0","0","0"
"3.21748","0.500044","0.513387","0.0414913","0.542161","0.55164","1.50931","1.7165e-15","3.0632","3.05646","2.89531","6.74515","0","0","0","0","0","0","0","0"
"3.21965","0.500044","0.513387","0.0414895","0.541472","0.551148","1.51522","1.71887e-15","3.0637","3.05527","2.87586","6.78385","0","0","0","0","0","0","0","0"
"3.22313","0.500044","0.513387","0.0414897","0.542625","0.552171","1.54072","1.71813e-15","3.06753","3.06913","2.96704","6.76987","0","0","0","0","0","0","0","0"
"3.22642","0.500044","0.513693","0.0414921","0.542912","0.552179","1.54904","1.7168e-15","3.07044","3.06971","2.94178","6.75127","0","0","0","0","0","0","0","0"
"3.22977","0.500044","0.513693","0.0414941","0.542256","0.551748","1.54458","1.71613e-15","3.06941","3.06483","2.94912","6.74245","0","0","0","0","0","0","0","0"
"3.23388","0.500044","0.513693","0.0414968","0.541934","0.551561","1.53688","1.71971e-15","3.06495","3.05742","2.96781","6.77438","0","0","0","0","0","0","0","0"
"3.23727","0.500044","0.513693","0.0414988","0.542003","0.551413","1.54207","1.72183e-15","3.0625","3.05755","2.95489","6.79844","0","0","0","0","0","0","0","0"
"3.2408","0.500044","0.513693","0.0414982","0.542358","0.551512","1.55118","1.72083e-15","3.06391","3.05343","2.93097","6.79322","0","0","0","0","0","0","0","0"
"3.24405","0.500044","0.513768","0.0414967","0.542645","0.551478","1.54672","1.71866e-15","3.05937","3.05418","2.93912","6.78405","0","0","0","0","0","0","0","0"
"3.24743","0.500044","0.513768","0.041495","0.542361","0.55162","1.55274","1.71759e-15","3.06332","3.05261","2.91919","6.75666","0","0","0","0","0","0","0","0"
"3.25082","0.500044","0.513768","0.0414935","0.541894","0.551178","1.55242","1.71789e-15","3.06165","3.04969","2.91112","6.74029","0","0","0","0","0","0","0","0"
"3.2542","0.500044","0.513768","0.0414918","0.541814","0.551348","1.54775","1.71951e-15","3.06922","3.05478","2.91812","6.7445","0","0","0","0","0","0","0","0"
"3.25772","0.500044","0.513768","0.0414875","0.541533","0.551188","1.5446","1.72009e-15","3.06722","3.05062","2.92317","6.74007","0","0","0","0","0","0","0","0"
"3.26097","0.500044","0.51379","0.0414818","0.541246","0.550956","1.53824","1.71939e-15","3.06408","3.05134","2.93773","6.73569","0","0","0","0","0","0","0","0"
"3.26437","0.500044","0.51379","0.0414769","0.542438","0.551983","1.53644","1.71745e-15","3.0586","3.04292","2.9338","6.72258","0","0","0","0","0","0","0","0"
"3.26773","0.500044","0.51379","0.0414712","0.542552","0.551707","1.53268","1.71717e-15","3.05271","3.03789","2.93587","6.71564","0","0","0","0","0","0","0","0"
"3.27115","0.500044","0.51379","0.0414663","0.542478","0.55136","1.53025","1.71897e-15","3.05661","3.03613","2.93816","6.72359","0","0","0","0","0","0","0","0"
"3.27462","0.500044","0.51379","0.0414653","0.541946","0.5506","1.52681","1.71862e-15","3.05685","3.0398","2.94648","6.7314","0","0","0","0","0","0","0","0"
"3.2779","0.500044","0.51369","0.0414652","0.54304","0.551693","1.53956","1.71821e-15","3.05733","3.04456","2.95754","6.7335","0","0","0","0","0","0","0","0"
"3.28128","0.500044","0.51369","0.0414649","0.543144","0.55198","1.55139","1.71645e-15","3.05706","3.04788","2.94878","6.71406","0","0","0","0","0","0","0","0"
"3.28468","0.500044","0.51369","0.0414648","0.543179","0.552167","1.54849","1.71592e-15","3.05314","3.04844","2.95001","6.6992","0","0","0","0","0","0","0","0"
"3.28902","0.500044","0.51369","0.0414646","0.5421","0.551521","1.5422","1.71763e-15","3.05451","3.04752","2.95987","6.72949","0","0","0","0","0","0","0","0"
"3.29222","0.500044","0.513736","0.0414647","0.54211","0.55157","1.53898","1.71611e-15","3.053","3.04645","2.96397","6.71857","0","0","0","0","0","0","0","0"
"3.29562","0.500044","0.513736","0.0414649","0.542249","0.551526","1.54155","1.71485e-15","3.05189","3.0438","2.9595","6.70332","0","0","0","0","0","0","0","0"
"3.29898","0.500044","0.513736","0.0414651","0.541543","0.550873","1.5442","1.71673e-15","3.05513","3.04356","2.94449","6.70334","0","0","0","0","0","0","0","0"
"3.30238","0.500044","0.513736","0.0414652","0.541586","0.5511","1.54522","1.71848e-15","3.05186","3.03863","2.9325","6.73503","0","0","0","0","0","0","0","0"
"3.30582","0.500044","0.513736","0.0414645","0.541761","0.55143","1.54263","1.71706e-15","3.04786","3.03744","2.93607","6.72524","0","0","0","0","0","0","0","0"
"3.3092","0.500044","0.513862","0.0414618","0.541365","0.551529","1.53816","1.71578e-15","3.04518","3.0403","2.944","6.71242","0","0","0","0","0","0","0","0"
"3.31268","0.500044","0.513862","0.0414587","0.541321","0.551679","1.53692","1.7168e-15","3.04537","3.04132","2.93551","6.72657","0","0","0","0","0","0","0","0"
"3.3171","0.500044","0.513862","0.0414548","0.540497","0.550483","1.52812","1.71904e-15","3.05085","3.04602","2.95741","6.75916","0","0","0","0","0","0","0","0"
"3.32045","0.500044","0.513862","0.0414522","0.540761","0.551057","1.52355","1.71759e-15","3.04662","3.04263","2.96656","6.74215","0","0","0","0","0","0","0","0"
"3.32397","0.500044","0.513862","0.0414487","0.540718","0.550972","1.51868","1.71614e-15","3.04595","3.03888","2.9742","6.7296","0","0","0","0","0","0","0","0"
"3.32725","0.500044","0.513835","0.0414455","0.540811","0.550944","1.51946","1.71875e-15","3.04357","3.03321","2.96132","6.76777","0","0","0","0","0","0","0","0"
"3.33063","0.500044","0.513835","0.0414418","0.542405","0.552422","1.54458","1.72099e-15","3.05862","3.05403","3.08584","6.77901","0","0","0","0","0","0","0","0"
"3.33403","0.500044","0.513835","0.0414386","0.542762","0.55276","1.54438","1.72016e-15","3.06004","3.05431","3.0764","6.77255","0","0","0","0","0","0","0","0"
"3.33755","0.500044","0.513835","0.0414349","0.542938","0.552903","1.55289","1.7181e-15","3.05954","3.05735","3.0687","6.75441","0","0","0","0","0","0","0","0"
"3.34088","0.500044","0.513835","0.0414343","0.543004","0.55245","1.55696","1.71764e-15","3.05511","3.05558","3.05048","6.7497","0","0","0","0","0","0","0","0"
"3.34415","0.500044","0.513806","0.0414342","0.542521","0.552134","1.55845","1.71983e-15","3.05385","3.05316","3.03229","6.75892","0","0","0","0","0","0","0","0"
"3.34748","0.500044","0.513806","0.0414341","0.542393","0.551952","1.55932","1.72032e-15","3.0493","3.04991","3.01935","6.77067","0","0","0","0","0","0","0","0"
"3.35085","0.500044","0.513806","0.041434","0.542271","0.552002","1.56083","1.71936e-15","3.0479","3.04613","3.00139","6.75869","0","0","0","0","0","0","0","0"
"3.3544","0.500044","0.513806","0.0414339","0.541861","0.551093","1.55517","1.71823e-15","3.04572","3.05251","3.01529","6.74628","0","0","0","0","0","0","0","0"
"3.35782","0.500044","0.513806","0.0414343","0.542457","0.551366","1.55817","1.71907e-15","3.04626","3.04573","2.99854","6.74988","0","0","0","0","0","0","0","0"
"3.3611","0.500044","0.513999","0.0414348","0.54356","0.551772","1.57202","1.72045e-15","3.04359","3.05243","2.99503","6.77212","0","0","0","0","0","0","0","0"
"3.36448","0.500044","0.513999","0.0414354","0.543408","0.551839","1.56794","1.71934e-15","3.04422","3.06038","3.00066","6.75503","0","0","0","0","0","0","0","0"
"3.36787","0.500044","0.513999","0.0414359","0.543215","0.551999","1.56245","1.71876e-15","3.04087","3.05687","3.01371","6.74057","0","0","0","0","0","0","0","0"
"3.37233","0.500044","0.513999","0.0414363","0.542117","0.551135","1.57496","1.72118e-15","3.04359","3.06279","2.97305","6.74645","0","0","0","0","0","0","0","0"

