"Time","Demand 1","Control 1","Output Drive 1","Channel 1","Channel 2","Channel 3","Channel 4","Channel 1 Kurtosis","Channel 2 Kurtosis","Channel 3 Kurtosis","Channel 4 Kurtosis","Rear Input 1","Rear Input 2","Rear Input 3","Rear Input 4","Rear Input 5","Rear Input 6","Rear Input 7","Rear Input 8"
"0.00165","0.125011","0.166567","0","0.22809","0.194399","2.83246","1.83572e-15","2.32205","2.63531","1.0707","8.37321","0","0","0","0","0","0","0","0"
"0.00165","0.125011","0.166567","0","0.22809","0.194399","2.83246","1.83572e-15","2.32205","2.63531","1.0707","8.37321","0","0","0","0","0","0","0","0"
"0.00171667","0.125011","0.166567","0","0.22809","0.194399","2.83246","1.83572e-15","2.32205","2.63531","1.0707","8.37321","0","0","0","0","0","0","0","0"
"0.00556667","0.125011","0.166567","0","0.236884","0.209232","6.19634","1.62482e-15","2.64918","2.24372","1.18256","5.19207","0","0","0","0","0","0","0","0"
"0.00908333","0.125011","0.166567","1.20532e-05","0.245377","0.23664","1.27942","1.62636e-15","2.14218","2.41735","3.12643","3.4087","0","0","0","0","0","0","0","0"
"0.01235","0.125011","0.162037","1.30215e-05","0.213786","0.200051","2.72511","1.59607e-15","2.34367","2.97903","1.4552","7.13947","0","0","0","0","0","0","0","0"
"0.01575","0.125011","0.162037","1.39131e-05","0.215653","0.224343","0.921982","1.62844e-15","2.56516","2.73312","1.8938","7.20952","0","0","0","0","0","0","0","0"
"0.0191167","0.125011","0.162037","1.50307e-05","0.210116","0.223978","1.34348","1.65134e-15","2.74654","2.12103","2.99348","5.50357","0","0","0","0","0","0","0","0"
"0.0225333","0.125011","0.162037","1.60599e-05","0.236485","0.203141","5.44368","1.68157e-15","2.28737","2.72606","1.2174","5.00278","0","0","0","0","0","0","0","0"
"0.0259833","0.125011","0.162037","1.735e-05","0.25401","0.202203","2.5638","1.65431e-15","2.76299","2.93511","1.21276","9.38949","0","0","0","0","0","0","0","0"
"0.0293","0.125011","0.123483","1.8538e-05","0.263204","0.198881","4.60386","1.72723e-15","2.45567","2.7245","1.0743","6.38408","0","0","0","0","0","0","0","0"
"0.0326667","0.125011","0.123483","2.00272e-05","0.172797","0.171118","9.49392","1.51108e-15","2.28144","2.43894","1.00626","5.60341","0","0","0","0","0","0","0","0"
"0.0360833","0.125011","0.123483","2.13985e-05","0.197069","0.203374","8.76851","1.79407e-15","2.91153","3.84512","1.01135","8.70157","0","0","0","0","0","0","0","0"
"0.0394333","0.125011","0.123483","2.31174e-05","0.19139","0.196579","9.25229","1.49658e-15","2.19893","2.67516","1.00847","2.97442","0","0","0","0","0","0","0","0"
"0.0429333","0.125011","0.123483","2.47003e-05","0.208845","0.208708","8.69571","1.92307e-15","2.62265","2.65798","1.30083","6.00922","0","0","0","0","0","0","0","0"
"0.0462","0.125011","0.123735","2.66845e-05","0.208251","0.233827","6.80993","1.44652e-15","2.64602","2.62462","1.02004","3.0745","0","0","0","0","0","0","0","0"
"0.0497667","0.125011","0.123735","2.85117e-05","0.192341","0.217528","6.83151","1.84795e-15","2.67574","2.83247","1.16303","7.17458","0","0","0","0","0","0","0","0"
"0.0529667","0.125011","0.123735","3.0802e-05","0.200344","0.196804","4.95221","1.51244e-15","2.99157","2.66892","1.03336","4.9317","0","0","0","0","0","0","0","0"
"0.0563833","0.125011","0.123735","3.29111e-05","0.260112","0.177137","8.07269","1.68949e-15","3.08735","2.5152","1.00795","8.75202","0","0","0","0","0","0","0","0"
"0.05985","0.125011","0.123735","3.55549e-05","0.176075","0.174058","6.37058","1.69093e-15","3.41022","2.84125","1.02661","4.36614","0","0","0","0","0","0","0","0"
"0.06315","0.125011","0.162409","3.79894e-05","0.221049","0.196353","2.67259","1.6706e-15","2.44484","3.52791","1.10551","5.28952","0","0","0","0","0","0","0","0"
"0.0665167","0.125011","0.162409","4.10411e-05","0.25005","0.201128","3.88512","1.74367e-15","2.46682","2.57484","1.05025","6.35353","0","0","0","0","0","0","0","0"
"0.0706833","0.125011","0.162409","4.48301e-05","0.275748","0.234866","4.03742","1.68492e-15","2.18396","3.00299","1.11425","6.78748","0","0","0","0","0","0","0","0"
"0.0750833","0.125011","0.162409","4.78997e-05","0.204907","0.224559","13.9181","1.75408e-15","2.50412","2.3366","1.04342","8.4342","0","0","0","0","0","0","0","0"
"0.0783667","0.125011","0.162409","5.23218e-05","0.195851","0.192991","12.5107","1.76266e-15","2.44642","2.70148","1.04736","5.99661","0","0","0","0","0","0","0","0"
"0.0816167","0.125011","0.165583","5.65249e-05","0.180863","0.2117","11.9403","1.63215e-15","3.00324","3.2088","1.0642","6.4592","0","0","0","0","0","0","0","0"
"0.0850167","0.125011","0.165583","6.03952e-05","0.265136","0.232162","10.1754","1.73359e-15","2.42752","2.55641","1.07091","6.36258","0","0","0","0","0","0","0","0"
"0.0883833","0.125011","0.165583","6.52468e-05","0.202684","0.180443","8.09993","1.77468e-15","2.39516","2.91856","1.69286","8.68622","0","0","0","0","0","0","0","0"
"0.0919","0.125011","0.165583","6.97144e-05","0.184321","0.173356","5.1894","1.51199e-15","2.88315","2.52969","1.14459","3.38724","0","0","0","0","0","0","0","0"
"0.09515","0.125011","0.165688","7.53146e-05","0.258384","0.230895","3.62663","1.70503e-15","2.44299","2.12564","1.12131","6.43938","0","0","0","0","0","0","0","0"
"0.0985667","0.125011","0.165688","8.04715e-05","0.195107","0.166495","3.2792","1.62348e-15","2.99162","2.9245","3.33023","4.433","0","0","0","0","0","0","0","0"
"0.101933","0.125011","0.165688","8.69359e-05","0.176172","0.185798","7.80084","1.8284e-15","3.25698","2.90365","1.0154","8.36054","0","0","0","0","0","0","0","0"
"0.105333","0.125011","0.165688","9.28885e-05","0.180686","0.190898","5.89893","1.49088e-15","2.72905","2.414","1.14391","3.67835","0","0","0","0","0","0","0","0"
"0.1088","0.125011","0.165688","0.00010035","0.179328","0.175232","6.07205","1.53656e-15","3.46595","3.0695","1.17147","3.60582","0","0","0","0","0","0","0","0"
"0.1121","0.125011","0.167608","0.000107221","0.188656","0.180427","0.862676","1.4556e-15","2.45176","3.95169","3.77786","4.44076","0","0","0","0","0","0","0","0"
"0.115467","0.125011","0.167608","0.000115835","0.222985","0.215547","4.59739","1.80729e-15","2.73747","2.4387","1.06142","8.28035","0","0","0","0","0","0","0","0"
"0.118883","0.125011","0.167608","0.000123766","0.198508","0.179769","1.61463","1.5069e-15","2.88004","2.70637","16.3469","4.06102","0","0","0","0","0","0","0","0"
"0.12225","0.125011","0.167608","0.000133708","0.233874","0.185415","2.85827","1.79724e-15","3.30286","3.39736","3.13665","6.99592","0","0","0","0","0","0","0","0"
"0.12575","0.125011","0.167608","0.000142863","0.220016","0.226857","4.5117","1.45339e-15","2.28615","2.11762","1.06909","3.69871","0","0","0","0","0","0","0","0"
"0.129017","0.125011","0.163749","0.00015434","0.249459","0.216847","7.34644","1.71304e-15","3.30543","3.24641","1.08008","5.41167","0","0","0","0","0","0","0","0"
"0.132417","0.125011","0.163749","0.000164908","0.207472","0.243032","11.3095","1.49743e-15","3.14263","2.23526","1.16136","6.16955","0","0","0","0","0","0","0","0"
"0.135867","0.125011","0.163749","0.000178155","0.231487","0.257906","4.77193","1.51004e-15","2.56912","2.27212","1.26891","6.01222","0","0","0","0","0","0","0","0"
"0.139267","0.125011","0.163749","0.000192466","0.21761","0.207149","0.89344","1.76111e-15","2.18423","2.98844","9.96169","7.50174","0","0","0","0","0","0","0","0"
"0.142733","0.125011","0.163749","0.000205645","0.215949","0.239","4.82006","1.33983e-15","2.27871","2.24479","1.08054","3.24536","0","0","0","0","0","0","0","0"
"0.146017","0.125011","0.163139","0.000222164","0.206271","0.227709","8.37423","1.79605e-15","2.61135","2.21898","1.18384","6.35061","0","0","0","0","0","0","0","0"
"0.1494","0.125011","0.163139","0.000237376","0.231316","0.196376","2.39357","1.38829e-15","2.49878","2.43617","2.56222","5.15717","0","0","0","0","0","0","0","0"
"0.1541","0.125011","0.163139","0.000262169","0.210792","0.24088","1.42913","1.72984e-15","2.60339","2.40818","4.51397","6.81107","0","0","0","0","0","0","0","0"
"0.158567","0.125011","0.163139","0.000289552","0.224343","0.198985","6.20301","1.4959e-15","2.52982","2.53999","1.06455","3.08147","0","0","0","0","0","0","0","0"
"0.1619","0.125011","0.168915","0.000309378","0.199331","0.198627","1.4297","1.76996e-15","2.75986","3.09982","2.00594","7.3875","0","0","0","0","0","0","0","0"
"0.1653","0.125011","0.168915","0.00033423","0.216856","0.22618","10.2401","1.46525e-15","2.40082","2.0108","1.03765","3.69079","0","0","0","0","0","0","0","0"
"0.168683","0.125011","0.168915","0.000357115","0.199312","0.174725","2.98536","1.87168e-15","2.71326","2.52854","1.40058","7.82923","0","0","0","0","0","0","0","0"
"0.172067","0.125011","0.168915","0.000385803","0.223104","0.187991","2.31983","1.4521e-15","2.3486","3.49255","1.42786","5.13214","0","0","0","0","0","0","0","0"
"0.17555","0.125011","0.168915","0.000412219","0.18921","0.217073","7.7482","1.49635e-15","2.32577","2.61084","1.02429","3.60051","0","0","0","0","0","0","0","0"
"0.17885","0.125011","0.171902","0.000445333","0.211017","0.177548","3.84994","1.50137e-15","2.92708","3.28433","1.11348","4.44557","0","0","0","0","0","0","0","0"
"0.182217","0.125011","0.171902","0.000475826","0.192734","0.220118","5.48723","1.74935e-15","2.58916","2.33701","1.79118","9.76163","0","0","0","0","0","0","0","0"
"0.1856","0.125011","0.171902","0.00051405","0.287418","0.244182","8.31734","1.66578e-15","2.56564","2.58501","1.06088","6.15463","0","0","0","0","0","0","0","0"
"0.189","0.125011","0.171902","0.000549247","0.192465","0.190285","4.28836","1.51789e-15","2.74833","3.0533","1.35789","5.64436","0","0","0","0","0","0","0","0"
"0.192483","0.125011","0.171902","0.000593369","0.199071","0.218618","1.17259","1.66514e-15","2.96929","2.70214","2.5036","10.7727","0","0","0","0","0","0","0","0"
"0.195767","0.125011","0.173861","0.000633998","0.202835","0.212638","4.0641","1.36176e-15","2.51915","3.13562","1.10191","3.58876","0","0","0","0","0","0","0","0"
"0.19915","0.125011","0.173861","0.000684927","0.187389","0.219626","2.88096","1.75682e-15","2.63111","2.66147","3.26658","7.82644","0","0","0","0","0","0","0","0"
"0.202533","0.125011","0.173861","0.000731825","0.268967","0.244855","5.13107","1.58294e-15","3.24676","2.54941","1.06344","5.36475","0","0","0","0","0","0","0","0"
"0.205933","0.125011","0.173861","0.000790614","0.214258","0.18445","4.68806","1.93394e-15","2.37955","3.00675","1.75249","10.2239","0","0","0","0","0","0","0","0"
"0.209417","0.125011","0.173861","0.000844748","0.205106","0.222768","4.90574","1.44594e-15","2.64934","3.34452","1.67231","2.44846","0","0","0","0","0","0","0","0"
"0.212683","0.125011","0.1693","0.000912608","0.229619","0.21728","2.85241","1.75689e-15","2.65861","2.62103","1.19873","3.38009","0","0","0","0","0","0","0","0"
"0.216083","0.125011","0.1693","0.000975095","0.228182","0.217091","3.85103","1.76864e-15","3.03998","2.45545","1.21694","6.37976","0","0","0","0","0","0","0","0"
"0.219467","0.125011","0.1693","0.00105343","0.163006","0.208913","0.927635","1.49601e-15","2.33756","3.49548","7.82101","5.01988","0","0","0","0","0","0","0","0"
"0.22285","0.125011","0.1693","0.00112555","0.185099","0.217418","3.26337","1.81711e-15","2.55133","2.29741","1.28105","8.84078","0","0","0","0","0","0","0","0"
"0.226333","0.125011","0.1693","0.00121597","0.242196","0.210466","1.76472","1.55798e-15","2.48425","2.91415","1.98491","4.47849","0","0","0","0","0","0","0","0"
"0.229617","0.125011","0.168471","0.00129923","0.191425","0.20006","1.33857","1.87279e-15","2.47384","3.10929","4.72765","7.27233","0","0","0","0","0","0","0","0"
"0.233","0.125011","0.168471","0.0014036","0.245541","0.230525","1.78491","1.64126e-15","2.41442","2.62288","1.29222","9.09458","0","0","0","0","0","0","0","0"
"0.237433","0.125011","0.168471","0.00153318","0.173169","0.198018","5.39317","1.69575e-15","2.94307","3.29428","2.05265","8.49409","0","0","0","0","0","0","0","0"
"0.241917","0.125011","0.168471","0.00169332","0.242248","0.23804","1.67161","1.50535e-15","2.4526","2.9828","2.21611","3.72551","0","0","0","0","0","0","0","0"
"0.245233","0.125011","0.176205","0.00180926","0.261973","0.219779","1.00726","1.78554e-15","2.35894","2.9309","2.36094","9.04318","0","0","0","0","0","0","0","0"
"0.24865","0.125011","0.176205","0.0019546","0.216832","0.249109","5.02854","1.78775e-15","3.99964","3.77033","1.05011","6.82604","0","0","0","0","0","0","0","0"
"0.252017","0.125011","0.176205","0.00208844","0.20193","0.207033","8.88666","1.50468e-15","2.52456","3.12829","1.01012","3.96676","0","0","0","0","0","0","0","0"
"0.2554","0.125011","0.176205","0.0022562","0.227111","0.222506","5.34456","1.80355e-15","2.45211","2.58116","1.08956","7.4346","0","0","0","0","0","0","0","0"
"0.258883","0.125011","0.176205","0.00241069","0.225027","0.197267","1.80035","1.39631e-15","2.54327","3.23088","1.3146","2.90289","0","0","0","0","0","0","0","0"
"0.262183","0.125011","0.176256","0.00260434","0.244618","0.216725","3.49341","1.8114e-15","2.26752","2.27856","1.04733","7.09725","0","0","0","0","0","0","0","0"
"0.265683","0.125011","0.176256","0.00278266","0.228471","0.197062","3.37242","1.63211e-15","2.27775","2.81365","2.00479","8.28662","0","0","0","0","0","0","0","0"
"0.269067","0.125011","0.176256","0.0030062","0.257432","0.250027","4.27706","1.71648e-15","2.93686","2.52462","1.07605","5.41345","0","0","0","0","0","0","0","0"
"0.272467","0.125011","0.176256","0.00321203","0.232344","0.243671","0.783038","1.70945e-15","3.45535","2.79296","8.24039","5.80511","0","0","0","0","0","0","0","0"
"0.27595","0.125011","0.176256","0.00341893","0.253468","0.233612","6.038","1.4173e-15","2.21979","2.66509","1.02983","2.70369","0","0","0","0","0","0","0","0"
"0.280017","0.125011","0.178489","0.00358399","0.25813","0.241508","4.15828","1.65309e-15","2.48119","2.88249","1.05999","8.32295","0","0","0","0","0","0","0","0"
"0.2834","0.125011","0.178489","0.00370779","0.219276","0.20405","5.32096","1.78821e-15","2.87507","2.67477","1.02684","4.13248","0","0","0","0","0","0","0","0"
"0.286783","0.125011","0.178489","0.00385222","0.214727","0.197529","1.00926","1.79537e-15","2.55086","2.44055","7.39309","7.60971","0","0","0","0","0","0","0","0"
"0.290183","0.125011","0.178489","0.00397602","0.214026","0.223937","3.27273","1.45309e-15","3.02496","3.34218","1.10857","3.49218","0","0","0","0","0","0","0","0"
"0.29365","0.125011","0.178489","0.00409239","0.223653","0.236771","3.62142","1.60084e-15","3.27716","3.09693","2.46474","5.21529","0","0","0","0","0","0","0","0"
"0.296933","0.125011","0.181695","0.00418253","0.232618","0.229188","6.20224","1.64659e-15","3.21346","3.24114","2.19067","6.33601","0","0","0","0","0","0","0","0"
"0.300317","0.125011","0.181695","0.00428768","0.237251","0.230622","4.85436","1.64514e-15","3.3344","3.01761","3.04976","5.98329","0","0","0","0","0","0","0","0"
"0.303717","0.125011","0.181695","0.00437781","0.240529","0.234461","3.93164","1.68765e-15","2.92657","2.78437","3.99726","6.12774","0","0","0","0","0","0","0","0"
"0.3071","0.125011","0.181695","0.00448297","0.239783","0.24278","3.69913","1.64535e-15","2.92599","2.77428","3.14453","5.95452","0","0","0","0","0","0","0","0"
"0.3106","0.125011","0.181695","0.00455489","0.243687","0.242417","4.46123","1.63128e-15","2.84176","2.81645","2.03856","6.08715","0","0","0","0","0","0","0","0"
"0.313867","0.125011","0.187541","0.00463455","0.245076","0.23777","5.37421","1.61337e-15","2.88966","2.87789","1.58136","5.58002","0","0","0","0","0","0","0","0"
"0.31725","0.125011","0.187541","0.00470283","0.244264","0.239676","5.15731","1.66257e-15","2.96921","3.10399","1.54389","5.74638","0","0","0","0","0","0","0","0"
"0.320767","0.125011","0.187541","0.00478248","0.24595","0.238864","4.49032","1.66363e-15","2.97558","3.13584","1.86947","6.0037","0","0","0","0","0","0","0","0"
"0.324033","0.125011","0.187541","0.00485077","0.241943","0.237092","4.17019","1.64987e-15","2.93882","3.14839","1.91944","6.03015","0","0","0","0","0","0","0","0"
"0.327517","0.125011","0.187541","0.00488799","0.236589","0.235898","6.35901","1.66687e-15","2.91464","3.01316","2.23173","5.95485","0","0","0","0","0","0","0","0"
"0.3308","0.125011","0.191731","0.00491384","0.241741","0.23981","6.82204","1.6423e-15","3.05388","3.01846","1.97745","5.73556","0","0","0","0","0","0","0","0"
"0.334183","0.125011","0.191731","0.00494399","0.244469","0.246275","6.51994","1.68895e-15","3.02603","3.18783","1.97155","6.29986","0","0","0","0","0","0","0","0"
"0.337567","0.125011","0.191731","0.00497379","0.24858","0.244364","5.78347","1.68871e-15","3.00785","3.22047","2.45765","6.42338","0","0","0","0","0","0","0","0"
"0.341917","0.125011","0.191731","0.0051073","0.245953","0.242177","4.90114","1.6879e-15","2.9755","3.12557","3.24688","6.13836","0","0","0","0","0","0","0","0"
"0.345117","0.125011","0.194474","0.0051185","0.250098","0.247378","4.5343","1.67799e-15","3.00011","3.09165","3.62094","6.33107","0","0","0","0","0","0","0","0"
"0.348517","0.125011","0.194474","0.00513289","0.247959","0.245097","4.75362","1.66025e-15","2.9466","3.03324","3.55344","6.14056","0","0","0","0","0","0","0","0"
"0.351883","0.125011","0.194474","0.00515733","0.247673","0.240687","4.60648","1.68965e-15","2.92846","3.0944","3.46398","6.38938","0","0","0","0","0","0","0","0"
"0.355267","0.125011","0.194474","0.00519544","0.250178","0.244201","4.27025","1.67158e-15","2.89469","2.93061","3.85925","6.13981","0","0","0","0","0","0","0","0"
"0.358767","0.125011","0.194474","0.00531842","0.247658","0.239554","4.08366","1.69941e-15","2.87544","2.91645","3.80195","6.18347","0","0","0","0","0","0","0","0"
"0.362067","0.125011","0.196523","0.00533008","0.246124","0.238845","4.15293","1.67522e-15","2.9002","2.90984","3.27723","5.98891","0","0","0","0","0","0","0","0"
"0.365433","0.125011","0.196523","0.00534803","0.243901","0.238207","3.83303","1.69547e-15","2.85631","2.88809","3.73408","6.2245","0","0","0","0","0","0","0","0"
"0.368817","0.125011","0.196523","0.00537052","0.243047","0.23762","3.79447","1.70647e-15","2.85724","2.86537","3.53713","6.3475","0","0","0","0","0","0","0","0"
"0.3722","0.125011","0.196523","0.00542102","0.245063","0.237871","3.48204","1.6875e-15","2.83888","2.90719","4.11195","6.21378","0","0","0","0","0","0","0","0"
"0.375717","0.125011","0.196523","0.00553826","0.24914","0.239649","3.32748","1.69555e-15","2.79609","2.85989","4.26374","6.10848","0","0","0","0","0","0","0","0"
"0.378967","0.125011","0.198403","0.00555272","0.249281","0.240852","3.69183","1.6786e-15","2.7835","2.83867","3.20471","5.97546","0","0","0","0","0","0","0","0"
"0.38235","0.125011","0.198403","0.0055691","0.25157","0.243909","4.72174","1.69728e-15","2.77792","2.93385","2.76364","6.24323","0","0","0","0","0","0","0","0"
"0.385733","0.125011","0.198403","0.0055976","0.250035","0.246125","5.93444","1.69742e-15","2.75967","2.87984","2.38975","6.26379","0","0","0","0","0","0","0","0"
"0.38915","0.125011","0.198403","0.0056451","0.248995","0.243678","6.6904","1.69436e-15","2.75966","2.9455","2.05128","6.18991","0","0","0","0","0","0","0","0"
"0.392617","0.125011","0.198403","0.00576912","0.248738","0.244391","6.9003","1.70627e-15","2.79043","2.9444","1.92477","6.24876","0","0","0","0","0","0","0","0"
"0.3959","0.125011","0.199178","0.00578224","0.250172","0.247042","6.52713","1.69384e-15","2.82523","2.89448","2.10711","6.02802","0","0","0","0","0","0","0","0"
"0.399283","0.125011","0.199178","0.00580272","0.251654","0.246285","6.07069","1.71117e-15","2.82733","2.99171","2.40842","6.34101","0","0","0","0","0","0","0","0"
"0.403967","0.125011","0.199178","0.0058486","0.251641","0.244101","5.92086","1.69947e-15","2.91982","3.05145","2.31706","6.17571","0","0","0","0","0","0","0","0"
"0.40735","0.125011","0.199178","0.00594235","0.251212","0.243653","5.74974","1.71426e-15","2.91114","3.01183","2.3361","6.17308","0","0","0","0","0","0","0","0"
"0.41085","0.125011","0.199178","0.00601403","0.250268","0.241996","5.39525","1.69742e-15","2.89387","3.06378","2.59088","6.03944","0","0","0","0","0","0","0","0"
"0.414133","0.125011","0.200523","0.00602949","0.248786","0.242232","5.06466","1.68572e-15","2.89041","3.07152","2.91741","5.88714","0","0","0","0","0","0","0","0"
"0.417517","0.125011","0.200523","0.00605471","0.248647","0.238863","4.75702","1.70919e-15","2.86084","3.05765","3.21727","6.27455","0","0","0","0","0","0","0","0"
"0.4209","0.125011","0.200523","0.00609036","0.247706","0.236793","4.63903","1.69079e-15","2.87197","3.04959","3.17886","6.11626","0","0","0","0","0","0","0","0"
"0.42525","0.125011","0.200523","0.00625383","0.246359","0.235719","4.36988","1.70136e-15","2.87827","2.99745","3.3837","6.10498","0","0","0","0","0","0","0","0"
"0.42845","0.125011","0.201975","0.00626755","0.244424","0.23351","4.14235","1.67565e-15","2.91806","3.03352","3.67227","6.03806","0","0","0","0","0","0","0","0"
"0.431833","0.125011","0.201975","0.00628517","0.244826","0.233975","3.90215","1.67845e-15","2.96398","3.1114","4.0794","5.91337","0","0","0","0","0","0","0","0"
"0.435217","0.125011","0.201975","0.0063151","0.249274","0.237014","3.70671","1.69701e-15","2.89029","3.02733","4.32227","5.92713","0","0","0","0","0","0","0","0"
"0.4386","0.125011","0.201975","0.00636175","0.249482","0.238908","4.00953","1.68787e-15","2.91898","3.0225","3.32014","5.72243","0","0","0","0","0","0","0","0"
"0.442083","0.125011","0.201975","0.00651234","0.248694","0.240122","3.91521","1.69675e-15","2.92541","2.99929","3.35937","5.81226","0","0","0","0","0","0","0","0"
"0.445383","0.125011","0.201907","0.00652662","0.253577","0.241549","4.24415","1.68471e-15","2.94603","3.02657","2.71509","5.84655","0","0","0","0","0","0","0","0"
"0.448767","0.125011","0.201907","0.00654861","0.256187","0.240305","4.6853","1.67284e-15","2.89935","2.98518","2.54595","5.88283","0","0","0","0","0","0","0","0"
"0.45215","0.125011","0.201907","0.00657614","0.255663","0.240526","4.9282","1.69739e-15","2.86869","2.95527","2.28148","5.95133","0","0","0","0","0","0","0","0"
"0.455533","0.125011","0.201907","0.00663797","0.252812","0.237652","5.20326","1.6874e-15","2.8955","2.96968","2.16997","5.85168","0","0","0","0","0","0","0","0"
"0.45905","0.125011","0.201907","0.00678154","0.251777","0.235708","5.16008","1.67532e-15","2.93138","2.99841","2.13918","5.73868","0","0","0","0","0","0","0","0"
"0.4623","0.125011","0.201671","0.00679924","0.251076","0.238594","4.8513","1.67052e-15","2.92365","2.91467","2.35573","6.04128","0","0","0","0","0","0","0","0"
"0.465683","0.125011","0.201671","0.0068193","0.251981","0.237875","5.0546","1.65201e-15","2.9575","2.91954","2.0839","6.00875","0","0","0","0","0","0","0","0"
"0.469067","0.125011","0.201671","0.0068542","0.252489","0.24037","5.50876","1.68105e-15","3.00815","2.95589","1.96251","6.40812","0","0","0","0","0","0","0","0"
"0.472467","0.125011","0.201671","0.00691236","0.254266","0.244125","5.39857","1.67794e-15","3.0054","2.89439","1.94622","6.39573","0","0","0","0","0","0","0","0"
"0.47595","0.125011","0.201671","0.0070614","0.25424","0.244608","5.07344","1.6613e-15","2.957","2.88743","2.14732","6.13388","0","0","0","0","0","0","0","0"
"0.479233","0.125011","0.20233","0.00707741","0.259592","0.246518","4.92464","1.67752e-15","3.0176","2.97523","2.1958","6.44986","0","0","0","0","0","0","0","0"
"0.482617","0.125011","0.20233","0.00709759","0.260397","0.247071","5.03403","1.66204e-15","2.99252","2.91287","2.13798","6.23648","0","0","0","0","0","0","0","0"
"0.4873","0.125011","0.20233","0.00712354","0.256903","0.245236","4.7307","1.69532e-15","2.98102","2.90371","2.31074","6.51603","0","0","0","0","0","0","0","0"
"0.490817","0.125011","0.20233","0.00714084","0.253157","0.242786","4.57436","1.67676e-15","3.01068","2.90209","2.36566","6.32951","0","0","0","0","0","0","0","0"
"0.494167","0.125011","0.20233","0.00715118","0.25137","0.240629","4.33068","1.67409e-15","2.98511","2.90506","2.55209","6.39439","0","0","0","0","0","0","0","0"
"0.497467","0.125011","0.202595","0.00715864","0.249484","0.236955","4.17355","1.66845e-15","2.9553","2.92822","2.63493","6.39996","0","0","0","0","0","0","0","0"
"0.50085","0.125011","0.202595","0.00716734","0.25106","0.237578","4.30135","1.67734e-15","2.96227","2.93782","2.34078","6.45211","0","0","0","0","0","0","0","0"
"0.504233","0.125011","0.202595","0.0071748","0.248963","0.236664","4.15727","1.69237e-15","2.9682","2.98156","2.38518","6.57998","0","0","0","0","0","0","0","0"
"0.508583","0.125011","0.202595","0.00718807","0.24565","0.234615","4.41122","1.66942e-15","2.96218","3.00877","2.04189","6.34758","0","0","0","0","0","0","0","0"
"0.511783","0.125011","0.203903","0.00720216","0.245648","0.234651","4.31959","1.68035e-15","2.93513","2.97646","2.0153","6.58641","0","0","0","0","0","0","0","0"
"0.515183","0.125011","0.203903","0.00721626","0.245831","0.234505","4.34973","1.67323e-15","2.92958","2.96126","1.87132","6.59814","0","0","0","0","0","0","0","0"
"0.51855","0.125011","0.203903","0.00723271","0.244954","0.235583","4.24554","1.66713e-15","2.89118","2.96971","1.86057","6.36355","0","0","0","0","0","0","0","0"
"0.521933","0.125011","0.203903","0.00724681","0.246077","0.236869","4.30092","1.69237e-15","2.83763","2.92571","1.73216","6.79322","0","0","0","0","0","0","0","0"
"0.525417","0.125011","0.203903","0.00726317","0.249305","0.238793","4.14563","1.67661e-15","2.83215","2.8898","1.79613","6.65818","0","0","0","0","0","0","0","0"
"0.528733","0.125011","0.203216","0.00727909","0.250635","0.239981","3.93513","1.68009e-15","2.85174","2.90205","1.94991","6.45271","0","0","0","0","0","0","0","0"
"0.532083","0.125011","0.203216","0.00730079","0.248397","0.239454","4.59843","1.70095e-15","2.86361","2.83752","2.43726","6.64767","0","0","0","0","0","0","0","0"
"0.535483","0.125011","0.203216","0.00731946","0.247884","0.237664","4.39493","1.68003e-15","2.87588","2.85253","2.57765","6.45088","0","0","0","0","0","0","0","0"
"0.538867","0.125011","0.203216","0.00734123","0.247321","0.239212","4.21931","1.69182e-15","2.89613","2.87534","2.65273","6.61639","0","0","0","0","0","0","0","0"
"0.542367","0.125011","0.203216","0.00735835","0.248429","0.24045","4.05086","1.69299e-15","2.93578","2.82035","2.80202","6.62504","0","0","0","0","0","0","0","0"
"0.547983","0.125011","0.202502","0.00739133","0.248244","0.243111","4.27759","1.67641e-15","2.99811","2.85702","2.31688","6.46908","0","0","0","0","0","0","0","0"
"0.551367","0.125011","0.202502","0.00742112","0.245295","0.244513","4.12295","1.6944e-15","3.0087","2.87545","2.47574","6.55716","0","0","0","0","0","0","0","0"
"0.55475","0.125011","0.202502","0.0074473","0.241134","0.242427","4.73952","1.68067e-15","3.03596","2.89227","2.69619","6.33871","0","0","0","0","0","0","0","0"
"0.558583","0.125011","0.202502","0.00748236","0.240951","0.245233","5.05862","1.69643e-15","2.98176","2.85473","2.43397","6.23684","0","0","0","0","0","0","0","0"
"0.561783","0.125011","0.203069","0.00750903","0.244194","0.245803","5.24279","1.67544e-15","2.97134","2.89105","2.20779","6.22288","0","0","0","0","0","0","0","0"
"0.565117","0.125011","0.203069","0.00753571","0.24415","0.244527","4.96754","1.67686e-15","2.93212","2.91052","2.43709","6.14825","0","0","0","0","0","0","0","0"
"0.57065","0.125011","0.203069","0.00758461","0.247428","0.246732","4.61958","1.69604e-15","2.93905","2.86544","2.66341","6.37669","0","0","0","0","0","0","0","0"
"0.574033","0.125011","0.203069","0.00761128","0.244958","0.242992","4.699","1.68274e-15","2.94012","2.90512","2.39749","6.22249","0","0","0","0","0","0","0","0"
"0.577533","0.125011","0.203069","0.007628","0.242682","0.241331","4.46084","1.68209e-15","2.94058","2.89881","2.61283","6.10575","0","0","0","0","0","0","0","0"
"0.580817","0.125011","0.20384","0.00764027","0.241907","0.240148","4.56665","1.67832e-15","2.92658","2.90212","2.8209","6.12013","0","0","0","0","0","0","0","0"
"0.584183","0.125011","0.20384","0.00765458","0.242121","0.238564","4.84765","1.67681e-15","2.94881","2.92803","2.61514","6.08244","0","0","0","0","0","0","0","0"
"0.587583","0.125011","0.20384","0.00766685","0.244414","0.240564","4.6337","1.69597e-15","2.9696","2.95331","2.82579","6.32676","0","0","0","0","0","0","0","0"
"0.591917","0.125011","0.20384","0.00768402","0.245867","0.240466","4.53273","1.67318e-15","2.98526","2.92138","2.75997","6.34202","0","0","0","0","0","0","0","0"
"0.595133","0.125011","0.204502","0.00769259","0.247607","0.241443","4.48632","1.67139e-15","2.99537","2.95203","2.68669","6.41824","0","0","0","0","0","0","0","0"
"0.598517","0.125011","0.204502","0.00770117","0.248475","0.241753","4.4839","1.68446e-15","2.95544","2.94737","2.56239","6.44824","0","0","0","0","0","0","0","0"
"0.6019","0.125011","0.204502","0.00771116","0.250127","0.243081","4.29045","1.66737e-15","2.94753","2.91841","2.74683","6.29019","0","0","0","0","0","0","0","0"
"0.605283","0.125011","0.204502","0.00771973","0.247623","0.242038","4.93611","1.67478e-15","2.98006","2.93914","2.7158","6.37938","0","0","0","0","0","0","0","0"
"0.608767","0.125011","0.204502","0.00772954","0.247791","0.243795","5.02312","1.68028e-15","2.97402","2.95231","2.54083","6.44955","0","0","0","0","0","0","0","0"
"0.612067","0.125011","0.204505","0.00773752","0.249001","0.245931","4.84106","1.6681e-15","2.96958","2.94187","2.7043","6.30668","0","0","0","0","0","0","0","0"
"0.615433","0.125011","0.204505","0.00774683","0.248781","0.244288","4.70093","1.67646e-15","2.98806","2.94627","2.78883","6.40476","0","0","0","0","0","0","0","0"
"0.618833","0.125011","0.204505","0.00775481","0.251425","0.248932","4.58172","1.68547e-15","2.97882","2.97152","2.86169","6.43436","0","0","0","0","0","0","0","0"
"0.622217","0.125011","0.204505","0.00776412","0.251755","0.249983","4.43336","1.6775e-15","2.98024","3.03344","2.97137","6.3004","0","0","0","0","0","0","0","0"
"0.625717","0.125011","0.204505","0.00776822","0.251557","0.248165","4.28241","1.68329e-15","2.98487","3.02613","3.14067","6.23939","0","0","0","0","0","0","0","0"
"0.631067","0.250022","0.204769","0.00778961","0.249126","0.247562","4.03056","1.66307e-15","2.97805","2.98199","3.47059","6.13","0","0","0","0","0","0","0","0"
"0.63445","0.250022","0.204769","0.00781829","0.248244","0.245057","4.06118","1.67152e-15","2.98191","3.01015","3.24171","6.23007","0","0","0","0","0","0","0","0"
"0.637833","0.250022","0.204769","0.00787555","0.249127","0.245289","4.01071","1.67432e-15","2.94486","3.01133","3.25423","6.28935","0","0","0","0","0","0","0","0"
"0.641917","0.250022","0.204769","0.00807912","0.250687","0.245697","3.85623","1.67007e-15","2.93516","3.00086","3.4471","6.13559","0","0","0","0","0","0","0","0"
"0.645083","0.250022","0.208153","0.00810128","0.253967","0.24094","3.41365","1.69716e-15","2.82989","3.03277","4.32281","6.41617","0","0","0","0","0","0","0","0"
"0.648683","0.250022","0.208153","0.00814451","0.254331","0.245382","2.94884","1.66071e-15","2.8175","2.98271","5.49779","6.05556","0","0","0","0","0","0","0","0"
"0.654133","0.250022","0.208153","0.00823049","0.255616","0.24032","3.88566","1.73425e-15","2.85944","3.17296","2.53226","6.96974","0","0","0","0","0","0","0","0"
"0.658583","0.250022","0.208153","0.00845141","0.249048","0.244353","4.20478","1.67901e-15","2.92478","3.19107","2.59811","6.46554","0","0","0","0","0","0","0","0"
"0.661933","0.250022","0.209144","0.00846994","0.253472","0.242727","4.20853","1.68331e-15","2.92326","3.11833","2.29122","6.41082","0","0","0","0","0","0","0","0"
"0.665333","0.250022","0.209144","0.00849869","0.252699","0.246713","4.88637","1.72241e-15","2.95663","3.06472","1.79377","6.475","0","0","0","0","0","0","0","0"
"0.668717","0.250022","0.209144","0.00853442","0.25101","0.249693","5.65704","1.68899e-15","2.95861","2.95726","1.62346","6.48634","0","0","0","0","0","0","0","0"
"0.6721","0.250022","0.209144","0.00861467","0.25208","0.254231","5.51855","1.67248e-15","2.98526","3.04139","1.71077","6.16419","0","0","0","0","0","0","0","0"
"0.675583","0.250022","0.209144","0.00880099","0.251231","0.253028","4.95568","1.69688e-15","2.92748","3.01683","2.09943","6.10075","0","0","0","0","0","0","0","0"
"0.678867","0.250022","0.208219","0.00882396","0.249847","0.254705","4.80926","1.68439e-15","2.85927","2.96847","2.10518","6.28588","0","0","0","0","0","0","0","0"
"0.68225","0.250022","0.208219","0.00885","0.248904","0.253345","4.65316","1.66561e-15","2.94678","2.95121","2.12396","6.08729","0","0","0","0","0","0","0","0"
"0.685633","0.250022","0.208219","0.00889528","0.252629","0.252583","4.80195","1.70026e-15","2.85936","2.97375","1.90547","6.34543","0","0","0","0","0","0","0","0"
"0.689017","0.250022","0.208219","0.00897077","0.25233","0.257295","4.5634","1.70407e-15","2.8215","2.89396","2.01255","6.45494","0","0","0","0","0","0","0","0"
"0.692517","0.250022","0.208219","0.00916784","0.250206","0.255466","4.18301","1.66755e-15","2.85286","2.91094","2.31872","6.21608","0","0","0","0","0","0","0","0"
"0.6958","0.250022","0.208744","0.00918871","0.250608","0.256308","4.0664","1.6918e-15","2.8037","2.90921","2.30253","6.26888","0","0","0","0","0","0","0","0"
"0.699183","0.250022","0.208744","0.00922124","0.253737","0.260875","3.96038","1.67125e-15","2.78046","2.86115","2.26801","6.29914","0","0","0","0","0","0","0","0"
"0.702567","0.250022","0.208744","0.00926298","0.256465","0.260713","4.31548","1.68076e-15","2.83543","2.85302","2.32678","6.11276","0","0","0","0","0","0","0","0"
"0.70595","0.250022","0.208744","0.00936494","0.25565","0.259469","4.63126","1.69844e-15","2.88691","2.93835","2.12383","6.24999","0","0","0","0","0","0","0","0"
"0.709433","0.250022","0.208744","0.0095468","0.257145","0.257195","4.59194","1.67037e-15","2.88466","2.93382","2.15846","6.1695","0","0","0","0","0","0","0","0"
"0.712717","0.250022","0.210414","0.00957269","0.260319","0.252697","4.88394","1.68295e-15","2.96837","2.92681","1.91976","6.35491","0","0","0","0","0","0","0","0"
"0.7161","0.250022","0.210414","0.00960241","0.259468","0.252568","4.84637","1.6937e-15","2.99925","3.00102","1.96487","6.43428","0","0","0","0","0","0","0","0"
"0.7195","0.250022","0.210414","0.00965552","0.258559","0.25419","4.99292","1.67155e-15","2.97543","2.93383","1.79628","6.33241","0","0","0","0","0","0","0","0"
"0.722883","0.250022","0.210414","0.00975205","0.259923","0.253043","4.90933","1.69122e-15","2.96209","2.97391","1.77619","6.56758","0","0","0","0","0","0","0","0"
"0.726367","0.250022","0.210414","0.00994486","0.259312","0.254894","4.59025","1.69211e-15","2.94096","2.94852","1.99263","6.54917","0","0","0","0","0","0","0","0"
"0.72965","0.250022","0.212228","0.00996839","0.263301","0.25835","4.39552","1.67808e-15","3.06286","3.01207","2.11013","6.33227","0","0","0","0","0","0","0","0"
"0.733033","0.250022","0.212228","0.0100056","0.261392","0.258911","4.15088","1.70687e-15","3.06889","3.10488","2.28671","6.54227","0","0","0","0","0","0","0","0"
"0.73745","0.250022","0.212228","0.0100784","0.262329","0.261045","4.25296","1.70003e-15","3.02215","3.05294","2.05789","6.79945","0","0","0","0","0","0","0","0"
"0.741917","0.250022","0.212228","0.0103489","0.261617","0.258512","5.1057","1.68311e-15","3.02107","3.12175","1.87305","6.45519","0","0","0","0","0","0","0","0"
"0.745267","0.250022","0.213287","0.0103716","0.262962","0.259918","5.81148","1.69773e-15","2.9959","3.10394","1.82316","6.53971","0","0","0","0","0","0","0","0"
"0.748667","0.250022","0.213287","0.0104065","0.264084","0.260616","6.55189","1.68808e-15","2.93849","3.04728","1.70732","6.5139","0","0","0","0","0","0","0","0"
"0.752167","0.250022","0.213287","0.0104503","0.264595","0.262092","7.00845","1.68122e-15","2.91246","3.03762","1.59436","6.40951","0","0","0","0","0","0","0","0"
"0.755433","0.250022","0.213287","0.0105486","0.265605","0.263567","6.85778","1.71397e-15","2.88939","2.9765","1.61162","6.49803","0","0","0","0","0","0","0","0"
"0.758867","0.250022","0.213287","0.0107767","0.26183","0.263455","7.31894","1.71617e-15","2.90862","2.94547","1.61732","6.55088","0","0","0","0","0","0","0","0"
"0.762333","0.250022","0.214947","0.0108048","0.262937","0.264173","7.20061","1.70162e-15","2.93789","2.90366","1.5916","6.3784","0","0","0","0","0","0","0","0"
"0.76575","0.250022","0.214947","0.0108431","0.270903","0.268218","7.23679","1.71849e-15","2.94101","2.98304","1.529","6.44478","0","0","0","0","0","0","0","0"
"0.769083","0.250022","0.214947","0.0108922","0.272462","0.273177","6.88246","1.69741e-15","2.9146","2.96528","1.64927","6.33581","0","0","0","0","0","0","0","0"
"0.772417","0.250022","0.214947","0.0109846","0.26871","0.270079","6.46273","1.69205e-15","2.93614","3.00246","1.85553","6.18137","0","0","0","0","0","0","0","0"
"0.775883","0.250022","0.214947","0.0112259","0.270247","0.269792","6.25607","1.69045e-15","2.98367","2.99172","1.8868","6.21287","0","0","0","0","0","0","0","0"
"0.779283","0.250022","0.217268","0.0112564","0.275149","0.277222","6.02604","1.67471e-15","2.93645","2.95882","1.94181","6.13905","0","0","0","0","0","0","0","0"
"0.78265","0.250022","0.217268","0.0112913","0.273211","0.275391","5.66001","1.68207e-15","2.92792","2.96296","2.18225","6.18099","0","0","0","0","0","0","0","0"
"0.78605","0.250022","0.217268","0.0113538","0.272893","0.273407","5.3274","1.69268e-15","2.927","2.95954","2.39771","6.32654","0","0","0","0","0","0","0","0"
"0.789417","0.250022","0.217268","0.0114673","0.272033","0.2742","5.02222","1.66919e-15","2.96384","2.97332","2.65681","6.18236","0","0","0","0","0","0","0","0"
"0.792933","0.250022","0.217268","0.011694","0.271144","0.272378","4.75955","1.66365e-15","2.94781","2.96639","2.85921","5.92241","0","0","0","0","0","0","0","0"
"0.796183","0.250022","0.220479","0.0117217","0.273161","0.276008","4.50972","1.66284e-15","2.9341","2.9532","3.11085","5.91081","0","0","0","0","0","0","0","0"
"0.7996","0.250022","0.220479","0.0117654","0.276622","0.278503","4.2188","1.65436e-15","2.93597","2.90686","3.48065","5.66311","0","0","0","0","0","0","0","0"
"0.80295","0.250022","0.220479","0.0118231","0.273648","0.276632","4.08188","1.67503e-15","2.96088","2.92566","3.52922","5.82834","0","0","0","0","0","0","0","0"
"0.806367","0.250022","0.220479","0.0119811","0.272199","0.277961","4.11406","1.6798e-15","2.98892","3.0476","3.16949","6.02241","0","0","0","0","0","0","0","0"
"0.809833","0.250022","0.220479","0.0121774","0.279743","0.284234","3.92159","1.65113e-15","2.9867","3.00205","3.3833","5.90057","0","0","0","0","0","0","0","0"
"0.813133","0.250022","0.224133","0.0122117","0.283982","0.286224","3.89997","1.6732e-15","2.9581","2.99987","3.14581","6.20653","0","0","0","0","0","0","0","0"
"0.8165","0.250022","0.224133","0.0122517","0.284188","0.283993","4.12181","1.67213e-15","3.03815","3.08075","2.63657","6.2995","0","0","0","0","0","0","0","0"
"0.820667","0.250022","0.224133","0.0123409","0.283921","0.286692","3.90411","1.65838e-15","3.01184","3.06342","2.79355","6.09611","0","0","0","0","0","0","0","0"
"0.82525","0.250022","0.224133","0.0126721","0.282691","0.285968","3.64831","1.67788e-15","2.99319","3.04677","3.04803","6.1779","0","0","0","0","0","0","0","0"
"0.828483","0.250022","0.227814","0.0126999","0.284372","0.287146","3.94146","1.65884e-15","2.95026","3.02151","2.51509","6.01915","0","0","0","0","0","0","0","0"
"0.831883","0.250022","0.227814","0.0127427","0.28758","0.290005","4.48856","1.68114e-15","2.98299","3.00045","2.19716","6.12101","0","0","0","0","0","0","0","0"
"0.83525","0.250022","0.227814","0.0127963","0.287847","0.289282","4.63701","1.68579e-15","3.0177","3.0476","1.99697","6.32688","0","0","0","0","0","0","0","0"
"0.838667","0.250022","0.227814","0.0129166","0.290066","0.292135","5.25553","1.67543e-15","3.0191","3.07821","2.31476","6.0833","0","0","0","0","0","0","0","0"
"0.842117","0.250022","0.227814","0.013196","0.288074","0.288631","5.06446","1.67187e-15","2.98747","3.07888","2.4009","6.14144","0","0","0","0","0","0","0","0"
"0.84555","0.250022","0.232505","0.0132304","0.293055","0.286169","4.77723","1.66016e-15","2.98039","3.06538","2.60916","6.15902","0","0","0","0","0","0","0","0"
"0.848783","0.250022","0.232505","0.0132694","0.292295","0.284738","4.74906","1.65582e-15","3.00681","3.07388","2.46484","6.01608","0","0","0","0","0","0","0","0"
"0.8522","0.250022","0.232505","0.0133373","0.291215","0.284758","4.49516","1.69153e-15","2.99091","3.08909","2.65914","6.3546","0","0","0","0","0","0","0","0"
"0.855567","0.250022","0.232505","0.0134505","0.292359","0.286298","4.55254","1.68107e-15","2.95887","3.11485","2.42629","6.4064","0","0","0","0","0","0","0","0"
"0.859067","0.250022","0.232505","0.013746","0.294172","0.286516","4.39019","1.65694e-15","2.94219","3.11989","2.45249","6.15256","0","0","0","0","0","0","0","0"
"0.862467","0.250022","0.236771","0.0137773","0.294261","0.288011","4.54394","1.67479e-15","2.94759","3.05684","2.1663","6.14209","0","0","0","0","0","0","0","0"
"0.865733","0.250022","0.236771","0.0138261","0.29303","0.289299","4.33741","1.66455e-15","2.92482","3.05978","2.29017","6.25875","0","0","0","0","0","0","0","0"
"0.8691","0.250022","0.236771","0.0138887","0.296484","0.290933","4.38603","1.65018e-15","2.95168","3.02666","2.7728","6.15388","0","0","0","0","0","0","0","0"
"0.872517","0.250022","0.236771","0.0140415","0.295375","0.29112","4.9437","1.67527e-15","3.0011","3.0079","2.37805","6.47721","0","0","0","0","0","0","0","0"
"0.875967","0.250022","0.236771","0.0143142","0.292289","0.28663","5.69007","1.66446e-15","3.00768","3.0242","2.23311","6.34758","0","0","0","0","0","0","0","0"
"0.879283","0.250022","0.239574","0.014353","0.293889","0.285178","5.46741","1.65263e-15","2.93964","3.09039","2.3186","6.13872","0","0","0","0","0","0","0","0"
"0.88265","0.250022","0.239574","0.0143976","0.29825","0.288645","5.13083","1.66949e-15","2.88478","3.03614","2.61382","6.38166","0","0","0","0","0","0","0","0"
"0.88605","0.250022","0.239574","0.0144772","0.293451","0.285165","4.94526","1.66601e-15","2.91019","2.99963","2.64783","6.35202","0","0","0","0","0","0","0","0"
"0.889417","0.250022","0.239574","0.014622","0.294127","0.286203","5.05973","1.65021e-15","2.90226","2.99678","2.35197","6.19588","0","0","0","0","0","0","0","0"
"0.892933","0.250022","0.239574","0.0149111","0.297195","0.288394","5.22453","1.65496e-15","2.89833","3.00901","2.13861","6.05795","0","0","0","0","0","0","0","0"
"0.8963","0.250022","0.242311","0.0149463","0.293997","0.286273","4.94422","1.65165e-15","2.98202","2.99807","2.34107","6.04871","0","0","0","0","0","0","0","0"
"0.8996","0.250022","0.242311","0.0150021","0.294956","0.287518","4.61427","1.63764e-15","3.00683","3.02408","2.64356","5.8722","0","0","0","0","0","0","0","0"
"0.904","0.250022","0.242311","0.0151113","0.298197","0.292191","4.55891","1.65764e-15","3.00452","3.08023","2.48085","6.05273","0","0","0","0","0","0","0","0"
"0.908567","0.250022","0.242311","0.0155169","0.293642","0.291573","5.02853","1.6332e-15","2.96685","3.06107","1.98995","5.97944","0","0","0","0","0","0","0","0"
"0.911817","0.250022","0.244325","0.0155509","0.303617","0.298652","5.19775","1.64976e-15","2.97772","3.10421","1.81102","6.23965","0","0","0","0","0","0","0","0"
"0.915217","0.250022","0.244325","0.0156033","0.305639","0.301686","4.88398","1.65941e-15","2.96069","3.06689","2.00349","6.47666","0","0","0","0","0","0","0","0"
"0.918583","0.250022","0.244325","0.0156689","0.306716","0.303123","4.66392","1.64191e-15","2.96178","3.03489","2.12816","6.27079","0","0","0","0","0","0","0","0"
"0.921983","0.250022","0.244325","0.0158162","0.305833","0.303835","4.72272","1.67452e-15","2.98327","2.95207","1.95067","6.4637","0","0","0","0","0","0","0","0"
"0.92545","0.250022","0.244325","0.0161583","0.303748","0.304381","4.97404","1.68187e-15","3.02442","2.939","1.76092","6.42772","0","0","0","0","0","0","0","0"
"0.928767","0.250022","0.246601","0.0162005","0.306336","0.304587","5.35795","1.6526e-15","3.02493","2.97453","1.60597","6.36958","0","0","0","0","0","0","0","0"
"0.932117","0.250022","0.246601","0.0162483","0.304851","0.304334","5.2182","1.64423e-15","3.05323","3.0401","1.70917","6.20656","0","0","0","0","0","0","0","0"
"0.935533","0.250022","0.246601","0.0163166","0.306333","0.305822","4.94064","1.66552e-15","3.02478","3.01541","1.86663","6.36891","0","0","0","0","0","0","0","0"
"0.938883","0.250022","0.246601","0.01647","0.306044","0.303957","4.8177","1.67768e-15","3.07991","3.04283","1.84499","6.50219","0","0","0","0","0","0","0","0"
"0.9424","0.250022","0.246601","0.0168318","0.307972","0.303791","4.87577","1.6562e-15","3.0409","3.05492","1.70853","6.38689","0","0","0","0","0","0","0","0"
"0.945667","0.250022","0.250922","0.0168701","0.31609","0.312859","4.9907","1.64823e-15","2.99139","3.01508","1.59083","6.24585","0","0","0","0","0","0","0","0"
"0.949067","0.250022","0.250922","0.0169299","0.316295","0.315474","5.12859","1.67823e-15","3.05109","2.97545","1.47596","6.41889","0","0","0","0","0","0","0","0"
"0.952433","0.250022","0.250922","0.0170065","0.316127","0.313412","5.22257","1.68037e-15","3.05252","2.94723","1.41053","6.6599","0","0","0","0","0","0","0","0"
"0.95585","0.250022","0.250922","0.0171937","0.318899","0.31683","5.56066","1.66068e-15","3.05586","2.90468","1.99993","6.51624","0","0","0","0","0","0","0","0"
"0.959317","0.250022","0.250922","0.0175276","0.322947","0.321644","6.49287","1.64442e-15","3.05941","2.87013","2.09407","6.2708","0","0","0","0","0","0","0","0"
"0.962617","0.250022","0.255066","0.0175675","0.324264","0.320138","6.84517","1.66819e-15","3.06647","2.83026","1.89996","6.38845","0","0","0","0","0","0","0","0"
"0.965983","0.250022","0.255066","0.0176297","0.323403","0.320903","6.53542","1.65595e-15","3.10832","2.93309","1.99407","6.27616","0","0","0","0","0","0","0","0"
"0.969383","0.250022","0.255066","0.0177272","0.322755","0.320559","6.05593","1.6342e-15","3.06136","2.89294","2.31169","5.99726","0","0","0","0","0","0","0","0"
"0.97275","0.250022","0.255066","0.0179044","0.322275","0.320704","5.73212","1.64835e-15","3.02115","2.90934","2.52338","6.11281","0","0","0","0","0","0","0","0"
"0.97625","0.250022","0.255066","0.0182584","0.322538","0.323039","5.51282","1.65379e-15","2.96963","2.90336","2.56388","6.15336","0","0","0","0","0","0","0","0"
"0.979517","0.250022","0.259743","0.0183016","0.324536","0.327603","5.43398","1.64041e-15","2.96011","2.98463","2.45783","6.06925","0","0","0","0","0","0","0","0"
"0.982917","0.250022","0.259743","0.0183699","0.323176","0.326962","5.34675","1.63163e-15","3.04808","2.99893","2.35882","5.98925","0","0","0","0","0","0","0","0"
"0.987333","0.250022","0.259743","0.0185036","0.320546","0.323754","5.32386","1.66036e-15","3.07461","2.95846","2.24445","6.25776","0","0","0","0","0","0","0","0"
"0.9919","0.250022","0.259743","0.0188025","0.317976","0.3246","5.77734","1.67205e-15","3.07949","2.9555","2.43029","6.50799","0","0","0","0","0","0","0","0"
"0.995133","0.250022","0.265437","0.018806","0.318756","0.326239","6.13239","1.64676e-15","3.01597","2.9019","2.15225","6.30977","0","0","0","0","0","0","0","0"
"0.99855","0.250022","0.265437","0.0188096","0.321132","0.327887","5.85259","1.67137e-15","3.02575","2.88072","2.28792","6.35236","0","0","0","0","0","0","0","0"
"1.0019","0.250022","0.265437","0.0188137","0.325378","0.332691","5.45106","1.68231e-15","3.02313","2.87129","2.60226","6.69846","0","0","0","0","0","0","0","0"
"1.00532","0.250022","0.265437","0.0188179","0.326446","0.334221","5.2151","1.66027e-15","3.03702","2.87254","2.7002","6.63337","0","0","0","0","0","0","0","0"
"1.00878","0.250022","0.265437","0.018825","0.326263","0.334647","5.16345","1.64717e-15","3.00174","2.87355","2.56112","6.40346","0","0","0","0","0","0","0","0"
"1.01208","0.250022","0.270207","0.0188417","0.32381","0.334787","5.22939","1.67568e-15","3.0255","2.90152","2.28182","6.67231","0","0","0","0","0","0","0","0"
"1.01545","0.250022","0.270207","0.0188559","0.321083","0.330535","5.32485","1.66438e-15","3.01983","2.9128","2.05551","6.76872","0","0","0","0","0","0","0","0"
"1.01887","0.250022","0.270207","0.0188702","0.322463","0.334761","5.41509","1.65143e-15","3.03733","2.86154","1.88031","6.57837","0","0","0","0","0","0","0","0"
"1.02222","0.250022","0.270207","0.0188869","0.32461","0.335629","5.49724","1.67036e-15","3.06337","2.88765","1.74661","6.6681","0","0","0","0","0","0","0","0"
"1.02573","0.250022","0.270207","0.0189084","0.327746","0.338024","5.51653","1.68114e-15","3.05717","2.92558","1.66156","6.8167","0","0","0","0","0","0","0","0"
"1.029","0.250022","0.27477","0.018955","0.330346","0.342063","5.48297","1.66282e-15","3.13814","3.04055","1.59027","6.56943","0","0","0","0","0","0","0","0"
"1.0324","0.250022","0.27477","0.0190023","0.329347","0.341106","5.38421","1.65738e-15","3.11839","3.01444","1.55429","6.38885","0","0","0","0","0","0","0","0"
"1.03577","0.250022","0.27477","0.0190429","0.327664","0.33989","5.26449","1.6774e-15","3.11766","3.02834","1.54723","6.50956","0","0","0","0","0","0","0","0"
"1.03917","0.250022","0.27477","0.0190902","0.329898","0.339835","5.10774","1.67034e-15","3.108","3.09563","1.56391","6.49033","0","0","0","0","0","0","0","0"
"1.04265","0.250022","0.27477","0.0191289","0.335593","0.341564","4.94291","1.64682e-15","3.11907","3.07289","1.60262","6.29632","0","0","0","0","0","0","0","0"
"1.04595","0.250022","0.279393","0.0191808","0.336309","0.33991","4.73977","1.66612e-15","3.03716","3.0366","1.66679","6.54587","0","0","0","0","0","0","0","0"
"1.04932","0.250022","0.279393","0.0192305","0.340876","0.341755","4.59147","1.66546e-15","3.07302","3.02293","1.70469","6.53813","0","0","0","0","0","0","0","0"
"1.05272","0.250022","0.279393","0.0192886","0.331902","0.333498","4.31671","1.65243e-15","3.12661","3.05648","1.87553","6.34666","0","0","0","0","0","0","0","0"
"1.05607","0.250022","0.279393","0.0193384","0.333891","0.33515","4.05364","1.66809e-15","3.06148","3.03455","2.10915","6.60829","0","0","0","0","0","0","0","0"
"1.05958","0.250022","0.279393","0.0193555","0.338348","0.342265","3.8082","1.66816e-15","3.13983","3.0941","2.3682","6.54395","0","0","0","0","0","0","0","0"
"1.06442","0.250022","0.283961","0.0193295","0.336636","0.3379","3.4655","1.63617e-15","3.20197","3.07136","2.76972","6.32561","0","0","0","0","0","0","0","0"
"1.07067","0.250022","0.283961","0.0192983","0.337165","0.341011","5.03532","1.6845e-15","3.09074","3.01801","2.77372","6.71306","0","0","0","0","0","0","0","0"
"1.07523","0.250022","0.283961","0.0192828","0.334412","0.334814","5.77457","1.65937e-15","3.08001","3.04897","2.2709","6.51493","0","0","0","0","0","0","0","0"
"1.07882","0.250022","0.286676","0.0192924","0.337706","0.339591","5.60008","1.67849e-15","3.05974","3.00667","2.28443","6.52632","0","0","0","0","0","0","0","0"
"1.08232","0.250022","0.286676","0.0193006","0.333194","0.337269","5.30711","1.69184e-15","3.0647","3.03784","2.51958","6.75967","0","0","0","0","0","0","0","0"
"1.08557","0.250022","0.286676","0.0193101","0.336524","0.337828","4.97821","1.6735e-15","3.05331","2.98516","2.83845","6.55983","0","0","0","0","0","0","0","0"
"1.08897","0.250022","0.286676","0.0193183","0.337778","0.334074","4.7351","1.68087e-15","3.03569","3.00249","3.08885","6.5235","0","0","0","0","0","0","0","0"
"1.09245","0.250022","0.286676","0.0193301","0.340327","0.338363","4.47574","1.69038e-15","3.06487","3.0212","3.3871","6.59984","0","0","0","0","0","0","0","0"
"1.09573","0.250022","0.288595","0.0193429","0.341566","0.341119","4.34074","1.67879e-15","3.1284","3.03791","3.4716","6.53128","0","0","0","0","0","0","0","0"
"1.09912","0.250022","0.288595","0.0193577","0.34121","0.340015","4.24851","1.66213e-15","3.09958","3.01102","3.40744","6.44095","0","0","0","0","0","0","0","0"
"1.10252","0.250022","0.288595","0.0193705","0.339019","0.338621","4.20181","1.68376e-15","3.09142","3.00645","3.28496","6.58095","0","0","0","0","0","0","0","0"
"1.1059","0.250022","0.288595","0.0193853","0.336704","0.338088","4.15716","1.69392e-15","3.0617","2.96329","3.12565","6.66397","0","0","0","0","0","0","0","0"
"1.10938","0.250022","0.288595","0.0193912","0.336875","0.336635","4.12514","1.6823e-15","3.0739","2.98274","2.99836","6.62971","0","0","0","0","0","0","0","0"
"1.11267","0.250022","0.290266","0.0193901","0.33613","0.335632","4.07345","1.68038e-15","3.04207","2.97246","2.90113","6.58188","0","0","0","0","0","0","0","0"
"1.11605","0.250022","0.290266","0.0193892","0.336948","0.335226","4.00797","1.69435e-15","3.02033","2.96453","2.86059","6.6674","0","0","0","0","0","0","0","0"
"1.11943","0.250022","0.290266","0.0193881","0.335471","0.334353","3.92296","1.6843e-15","3.01808","2.94013","2.83958","6.58069","0","0","0","0","0","0","0","0"
"1.12282","0.250022","0.290266","0.0193871","0.336068","0.334325","3.8389","1.68802e-15","2.998","2.9372","2.85115","6.5367","0","0","0","0","0","0","0","0"
"1.1263","0.250022","0.290266","0.0193808","0.336716","0.336299","3.73123","1.68887e-15","2.98719","2.90499","2.89769","6.51056","0","0","0","0","0","0","0","0"
"1.12958","0.250022","0.29158","0.0193719","0.336011","0.335313","3.63999","1.68537e-15","2.96634","2.90426","2.95817","6.39702","0","0","0","0","0","0","0","0"
"1.13298","0.250022","0.29158","0.0193616","0.33679","0.337942","3.53921","1.68167e-15","3.01898","2.967","3.03096","6.3801","0","0","0","0","0","0","0","0"
"1.13635","0.250022","0.29158","0.0193527","0.334051","0.33694","3.44296","1.69347e-15","3.02607","2.97399","3.12618","6.59986","0","0","0","0","0","0","0","0"
"1.13975","0.250022","0.29158","0.0193424","0.334043","0.336807","3.33581","1.69121e-15","2.99333","2.96528","3.23823","6.49599","0","0","0","0","0","0","0","0"
"1.14325","0.250022","0.29158","0.0193391","0.332292","0.336505","3.23293","1.67832e-15","3.01465","2.9328","3.38452","6.36431","0","0","0","0","0","0","0","0"
"1.14652","0.250022","0.292011","0.0193386","0.332994","0.334799","3.12186","1.69451e-15","3.02048","2.94096","3.56332","6.39522","0","0","0","0","0","0","0","0"
"1.1499","0.250022","0.292011","0.0193382","0.333771","0.333845","3.03006","1.69142e-15","2.98714","2.95487","3.72229","6.30596","0","0","0","0","0","0","0","0"
"1.15407","0.250022","0.292011","0.0193376","0.331948","0.332547","2.90435","1.68551e-15","2.99933","2.95113","3.98153","6.32791","0","0","0","0","0","0","0","0"
"1.15857","0.250022","0.292011","0.0193377","0.333518","0.331695","2.76317","1.69247e-15","3.05668","2.96931","4.32737","6.45347","0","0","0","0","0","0","0","0"
"1.16188","0.250022","0.292828","0.0193397","0.333919","0.331842","2.67375","1.68072e-15","3.05939","2.97796","4.58907","6.35227","0","0","0","0","0","0","0","0"
"1.16527","0.250022","0.292828","0.0193421","0.334845","0.33387","2.58052","1.68643e-15","3.02596","2.96009","4.86602","6.43799","0","0","0","0","0","0","0","0"
"1.16865","0.250022","0.292828","0.0193441","0.335961","0.335719","2.51534","1.69301e-15","3.01541","2.95128","5.03021","6.59141","0","0","0","0","0","0","0","0"
"1.17203","0.250022","0.292828","0.0193465","0.333457","0.336042","2.42702","1.68104e-15","3.01806","2.97245","5.33867","6.51406","0","0","0","0","0","0","0","0"
"1.17552","0.250022","0.292828","0.0193457","0.33339","0.337529","2.35271","1.68115e-15","3.05725","3.05983","5.62753","6.41636","0","0","0","0","0","0","0","0"
"1.1788","0.250022","0.292889","0.0193384","0.333813","0.337002","2.26946","1.68445e-15","3.0724","3.03397","6.0068","6.49964","0","0","0","0","0","0","0","0"
"1.18218","0.250022","0.292889","0.0193321","0.333442","0.338284","2.20179","1.67767e-15","3.0591","3.03987","6.34151","6.4265","0","0","0","0","0","0","0","0"
"1.18557","0.250022","0.292889","0.0193248","0.331961","0.336723","2.12224","1.67745e-15","3.05532","3.02053","6.7946","6.38208","0","0","0","0","0","0","0","0"
"1.18895","0.250022","0.292889","0.0193185","0.331158","0.335135","2.05608","1.68589e-15","3.04785","3.0117","7.21216","6.49419","0","0","0","0","0","0","0","0"
"1.19245","0.250022","0.292889","0.0193196","0.331068","0.335286","1.98537","1.68371e-15","3.03925","3.02013","7.67308","6.4848","0","0","0","0","0","0","0","0"
"1.19573","0.250022","0.293055","0.0193302","0.33014","0.334728","1.92721","1.68727e-15","3.07243","3.07941","8.1178","6.46315","0","0","0","0","0","0","0","0"
"1.19912","0.250022","0.293055","0.0193427","0.329141","0.335297","1.86327","1.69653e-15","3.05554","3.04251","8.63736","6.62634","0","0","0","0","0","0","0","0"
"1.2025","0.250022","0.293055","0.0193533","0.327708","0.334879","1.80974","1.69396e-15","3.03897","3.0124","9.11712","6.66599","0","0","0","0","0","0","0","0"
"1.20588","0.250022","0.293055","0.0193658","0.326469","0.333281","1.75716","1.68513e-15","3.04336","3.02188","9.54128","6.59425","0","0","0","0","0","0","0","0"
"1.20938","0.250022","0.293055","0.0193786","0.326034","0.333153","1.71017","1.68842e-15","3.02892","3.04907","9.99919","6.61818","0","0","0","0","0","0","0","0"
"1.21265","0.250022","0.293426","0.0193961","0.326325","0.334874","1.65938","1.6944e-15","3.00875","3.0275","10.5364","6.62329","0","0","0","0","0","0","0","0"
"1.21605","0.250022","0.293426","0.019411","0.325341","0.333492","1.61857","1.68634e-15","3.024","3.02749","10.98","6.55041","0","0","0","0","0","0","0","0"
"1.21943","0.250022","0.293426","0.0194285","0.325955","0.335508","1.59089","1.69212e-15","3.00801","3.00812","11.0231","6.53839","0","0","0","0","0","0","0","0"
"1.22282","0.250022","0.293426","0.0194434","0.3251","0.334841","1.55447","1.7019e-15","3.01472","3.00782","11.4109","6.6298","0","0","0","0","0","0","0","0"
"1.2263","0.250022","0.293426","0.0194592","0.326292","0.335759","1.51048","1.69148e-15","3.00805","2.98124","11.9694","6.55176","0","0","0","0","0","0","0","0"
"1.2314","0.500044","0.293407","0.0229068","0.326109","0.334411","1.45338","1.70185e-15","3.03192","2.98114","12.7476","6.57806","0","0","0","0","0","0","0","0"
"1.2374","0.500044","0.293407","0.0324712","0.338279","0.35095","1.52669","1.69545e-15","3.19848","3.14259","10.1539","6.51114","0","0","0","0","0","0","0","0"
"1.2419","0.500044","0.293407","0.0390356","0.35244","0.363977","1.49398","1.69893e-15","3.42178","3.25931","10.2378","6.48104","0","0","0","0","0","0","0","0"
"1.24515","0.500044","0.294067","0.0390392","0.399747","0.409461","1.67694","1.71141e-15","3.67185","3.72136","6.19174","6.91292","0","0","0","0","0","0","0","0"
"1.24865","0.500044","0.294067","0.0390434","0.438742","0.453095","1.63557","1.67394e-15","3.50451","3.63749","5.44614","6.48217","0","0","0","0","0","0","0","0"
"1.25202","0.500044","0.294067","0.039047","0.458172","0.47301","1.65049","1.69546e-15","3.34412","3.39313","4.45815","6.54376","0","0","0","0","0","0","0","0"
"1.2554","0.500044","0.294067","0.0390512","0.491076","0.512335","1.61753","1.72128e-15","3.32002","3.41027","4.1011","6.89722","0","0","0","0","0","0","0","0"
"1.25888","0.500044","0.294067","0.0390461","0.487529","0.511542","1.47304","1.68364e-15","3.30418","3.33729","4.58259","6.40179","0","0","0","0","0","0","0","0"
"1.2622","0.500044","0.307684","0.0390198","0.503797","0.530171","1.51288","1.69139e-15","3.21025","3.03757","4.39588","6.43466","0","0","0","0","0","0","0","0"
"1.26555","0.500044","0.307684","0.0389973","0.524504","0.542428","1.40888","1.71702e-15","3.11325","3.00688","4.53899","7.09504","0","0","0","0","0","0","0","0"
"1.26893","0.500044","0.307684","0.0389711","0.534077","0.553431","1.47094","1.68257e-15","3.25014","3.0123","3.59914","6.4808","0","0","0","0","0","0","0","0"
"1.27232","0.500044","0.307684","0.0389485","0.525684","0.541963","1.36933","1.71706e-15","3.23711","3.00563","3.78943","6.64628","0","0","0","0","0","0","0","0"
"1.27582","0.500044","0.307684","0.0389712","0.551144","0.582085","1.77894","1.70171e-15","3.04146","2.8992","3.05807","6.68136","0","0","0","0","0","0","0","0"
"1.28013","0.500044","0.360797","0.0390947","0.547088","0.572742","1.80293","1.66693e-15","2.97514","2.86826","2.63028","6.14246","0","0","0","0","0","0","0","0"
"1.28352","0.500044","0.360797","0.0392489","0.539342","0.561589","1.65067","1.70705e-15","2.98054","2.85141","2.82896","6.50422","0","0","0","0","0","0","0","0"
"1.2869","0.500044","0.360797","0.0394386","0.537122","0.563278","1.60226","1.70654e-15","3.15254","2.99022","2.93478","6.37301","0","0","0","0","0","0","0","0"
"1.2903","0.500044","0.360797","0.0396689","0.559246","0.587004","1.95587","1.66636e-15","3.11098","3.11741","2.66052","6.05239","0","0","0","0","0","0","0","0"
"1.29387","0.500044","0.360797","0.0397681","0.546328","0.572685","1.79264","1.66237e-15","3.10289","3.07638","2.96568","5.98478","0","0","0","0","0","0","0","0"
"1.29707","0.500044","0.407486","0.0398851","0.560116","0.586462","1.70134","1.67532e-15","3.37945","3.14441","3.0073","6.18285","0","0","0","0","0","0","0","0"
"1.30045","0.500044","0.407486","0.0400234","0.549901","0.576382","1.61324","1.65416e-15","3.41843","3.25198","3.10402","6.01456","0","0","0","0","0","0","0","0"
"1.30385","0.500044","0.407486","0.0402877","0.584422","0.609555","1.84867","1.70558e-15","3.26518","3.14045","3.3179","6.85474","0","0","0","0","0","0","0","0"
"1.30722","0.500044","0.407486","0.0406701","0.580989","0.608","1.82465","1.70579e-15","3.13978","3.05147","3.1473","6.87697","0","0","0","0","0","0","0","0"
"1.31075","0.500044","0.407486","0.0408182","0.57247","0.598481","1.77589","1.67181e-15","3.25257","3.13207","3.11103","6.49388","0","0","0","0","0","0","0","0"
"1.31398","0.500044","0.436391","0.040913","0.570237","0.592151","1.76502","1.70868e-15","3.21642","3.11705","2.93523","6.64423","0","0","0","0","0","0","0","0"
"1.31737","0.500044","0.436391","0.0410236","0.559471","0.580872","1.75891","1.71322e-15","3.21614","3.16425","2.77506","6.50065","0","0","0","0","0","0","0","0"
"1.32075","0.500044","0.436391","0.0411185","0.559796","0.58333","1.86587","1.68303e-15","3.14701","3.22826","3.14215","6.24598","0","0","0","0","0","0","0","0"
"1.32522","0.500044","0.436391","0.0412302","0.561146","0.581564","1.84334","1.70203e-15","3.08895","3.25038","3.01717","6.52347","0","0","0","0","0","0","0","0"
"1.32857","0.500044","0.456583","0.0412334","0.561936","0.579096","1.77603","1.68204e-15","3.06089","3.20434","3.08477","6.42929","0","0","0","0","0","0","0","0"
"1.33197","0.500044","0.456583","0.0412371","0.559778","0.582758","1.81318","1.67274e-15","3.06889","3.22038","2.8934","6.1392","0","0","0","0","0","0","0","0"
"1.33533","0.500044","0.456583","0.0412403","0.559122","0.584261","1.77703","1.69933e-15","3.10828","3.24087","2.87453","6.36401","0","0","0","0","0","0","0","0"
"1.33873","0.500044","0.456583","0.041244","0.559711","0.57647","1.71008","1.6996e-15","3.03014","3.24025","2.92299","6.34551","0","0","0","0","0","0","0","0"
"1.34222","0.500044","0.456583","0.0412592","0.559233","0.576481","1.67245","1.67505e-15","3.04719","3.21588","2.97824","6.05133","0","0","0","0","0","0","0","0"
"1.3455","0.500044","0.471056","0.0413047","0.562764","0.576873","1.74713","1.68716e-15","3.02495","3.17924","2.75139","6.32748","0","0","0","0","0","0","0","0"
"1.34888","0.500044","0.471056","0.0413437","0.563469","0.579324","1.69937","1.69463e-15","3.01246","3.18436","2.77713","6.49118","0","0","0","0","0","0","0","0"
"1.35227","0.500044","0.471056","0.0413892","0.561213","0.576126","1.62545","1.68672e-15","3.02288","3.12087","2.91028","6.21074","0","0","0","0","0","0","0","0"
"1.35565","0.500044","0.471056","0.0414282","0.564696","0.572589","1.80937","1.69595e-15","2.95969","3.19962","2.86231","6.26689","0","0","0","0","0","0","0","0"
"1.35915","0.500044","0.471056","0.0414752","0.561851","0.574223","1.874","1.70116e-15","3.02406","3.15534","2.66388","6.28684","0","0","0","0","0","0","0","0"
"1.36242","0.500044","0.480974","0.0415171","0.567754","0.582807","1.97636","1.68781e-15","3.01819","3.16545","2.62268","6.2128","0","0","0","0","0","0","0","0"
"1.36582","0.500044","0.480974","0.041566","0.563335","0.576437","1.87307","1.68655e-15","2.95662","3.13261","2.81968","6.13564","0","0","0","0","0","0","0","0"
"1.3692","0.500044","0.480974","0.041608","0.57065","0.582931","1.86548","1.70146e-15","2.95148","3.18015","2.73525","6.29983","0","0","0","0","0","0","0","0"
"1.37258","0.500044","0.480974","0.0416569","0.568252","0.580331","1.76392","1.67898e-15","2.95167","3.13477","2.97418","6.26882","0","0","0","0","0","0","0","0"
"1.37607","0.500044","0.480974","0.0417121","0.56561","0.57924","1.71399","1.6767e-15","2.94519","3.08131","3.02425","6.06005","0","0","0","0","0","0","0","0"
"1.37935","0.500044","0.489161","0.0417919","0.571081","0.583869","1.63277","1.69781e-15","2.97273","3.08157","3.19969","6.28294","0","0","0","0","0","0","0","0"
"1.38273","0.500044","0.489161","0.0418602","0.571949","0.579594","1.69123","1.68532e-15","2.95462","3.10383","3.06621","6.33393","0","0","0","0","0","0","0","0"
"1.38627","0.500044","0.489161","0.04194","0.567136","0.58189","1.70498","1.6795e-15","2.94132","3.03388","2.91367","6.276","0","0","0","0","0","0","0","0"
"1.3895","0.500044","0.489161","0.0420084","0.568906","0.586095","1.65456","1.69943e-15","2.93694","2.96913","2.96905","6.3984","0","0","0","0","0","0","0","0"
"1.393","0.500044","0.489161","0.0420642","0.562411","0.580318","1.56615","1.6813e-15","2.99654","2.99683","3.21413","6.16963","0","0","0","0","0","0","0","0"
"1.39628","0.500044","0.495953","0.0420967","0.561475","0.582599","1.53977","1.69505e-15","2.99466","2.94001","3.23","6.22647","0","0","0","0","0","0","0","0"
"1.39967","0.500044","0.495953","0.0421345","0.556655","0.576789","1.5286","1.68966e-15","2.99092","2.94099","3.28052","6.2486","0","0","0","0","0","0","0","0"
"1.40408","0.500044","0.495953","0.0421778","0.555533","0.574949","1.51977","1.67287e-15","3.00679","2.9674","3.12085","6.12012","0","0","0","0","0","0","0","0"
"1.40855","0.500044","0.495953","0.0422366","0.549511","0.570231","1.48597","1.68881e-15","3.06369","3.07385","3.07101","6.17512","0","0","0","0","0","0","0","0"
"1.4119","0.500044","0.503461","0.0422996","0.543687","0.562612","1.49018","1.66664e-15","3.05127","3.0825","3.01925","6.12835","0","0","0","0","0","0","0","0"
"1.41532","0.500044","0.503461","0.042373","0.539032","0.55644","1.44479","1.66973e-15","3.05181","3.09182","3.0518","6.22671","0","0","0","0","0","0","0","0"
"1.41867","0.500044","0.503461","0.042436","0.538577","0.554746","1.40718","1.68685e-15","3.1371","3.25169","3.09336","6.2968","0","0","0","0","0","0","0","0"
"1.42205","0.500044","0.503461","0.0425094","0.542051","0.560532","1.42262","1.67127e-15","3.12657","3.23355","2.94805","6.16976","0","0","0","0","0","0","0","0"
"1.42553","0.500044","0.503461","0.0425537","0.540027","0.556422","1.39749","1.68385e-15","3.1137","3.18006","2.94602","6.12528","0","0","0","0","0","0","0","0"
"1.43013","0.500044","0.507982","0.0425642","0.550918","0.566219","1.41039","1.67672e-15","3.02465","3.12378","2.84582","6.17093","0","0","0","0","0","0","0","0"
"1.43352","0.500044","0.507982","0.0425724","0.553751","0.569322","1.37774","1.66777e-15","2.99624","3.05685","2.91557","6.05311","0","0","0","0","0","0","0","0"
"1.4369","0.500044","0.507982","0.0425794","0.55538","0.573368","1.42923","1.69616e-15","2.982","3.07267","2.9741","6.17805","0","0","0","0","0","0","0","0"
"1.44025","0.500044","0.507982","0.0425876","0.555589","0.569703","1.45788","1.68817e-15","3.0581","3.15308","2.89368","6.12276","0","0","0","0","0","0","0","0"
"1.44397","0.500044","0.507982","0.0425931","0.551656","0.5689","1.46978","1.66172e-15","3.03687","3.08608","2.77199","5.95602","0","0","0","0","0","0","0","0"
"1.44722","0.500044","0.508013","0.0425974","0.551909","0.568045","1.44324","1.67272e-15","3.01491","3.08451","2.79109","6.05257","0","0","0","0","0","0","0","0"
"1.45062","0.500044","0.508013","0.0426025","0.545751","0.562661","1.41081","1.6729e-15","3.00883","3.08421","2.86571","6.06835","0","0","0","0","0","0","0","0"
"1.45398","0.500044","0.508013","0.0426069","0.545815","0.564668","1.36595","1.65247e-15","3.0145","3.07438","2.95499","5.90286","0","0","0","0","0","0","0","0"
"1.45857","0.500044","0.508013","0.0425974","0.546481","0.565417","1.47565","1.67233e-15","2.99005","3.08253","2.82995","5.85072","0","0","0","0","0","0","0","0"
"1.46193","0.500044","0.510401","0.0425536","0.563061","0.581442","1.6479","1.65987e-15","3.13965","3.15896","3.10052","5.85975","0","0","0","0","0","0","0","0"
"1.4652","0.500044","0.510401","0.0425026","0.556252","0.576478","1.61374","1.65186e-15","3.14842","3.15036","3.10103","5.76924","0","0","0","0","0","0","0","0"
"1.46857","0.500044","0.510401","0.0424589","0.561421","0.583502","1.57245","1.66583e-15","3.12193","3.17795","3.15757","5.84984","0","0","0","0","0","0","0","0"
"1.47198","0.500044","0.510401","0.0424079","0.5972","0.613231","1.99268","1.6593e-15","3.65725","3.38934","4.65308","5.89178","0","0","0","0","0","0","0","0"
"1.4754","0.500044","0.510401","0.0423603","0.60205","0.621133","2.07584","1.64801e-15","3.61913","3.39768","4.24759","5.7566","0","0","0","0","0","0","0","0"
"1.47878","0.500044","0.512565","0.0422956","0.606946","0.627328","2.1248","1.66547e-15","3.54626","3.34438","3.91957","5.97699","0","0","0","0","0","0","0","0"
"1.4821","0.500044","0.512565","0.0422401","0.594992","0.612856","2.06068","1.65882e-15","3.58597","3.40954","4.05739","5.90211","0","0","0","0","0","0","0","0"
"1.48737","0.500044","0.512565","0.0421477","0.585456","0.601668","1.98556","1.67724e-15","3.57892","3.42572","4.1205","5.93923","0","0","0","0","0","0","0","0"
"1.49062","0.500044","0.512565","0.0420922","0.579987","0.598204","1.96272","1.67998e-15","3.56771","3.39352","4.02647","5.91478","0","0","0","0","0","0","0","0"
"1.49412","0.500044","0.512565","0.0420466","0.579717","0.595346","1.93725","1.66655e-15","3.53153","3.38998","3.94224","5.88555","0","0","0","0","0","0","0","0"
"1.4974","0.500044","0.517147","0.0420103","0.580163","0.59779","1.89284","1.6853e-15","3.51467","3.30462","4.02031","6.01224","0","0","0","0","0","0","0","0"
"1.50078","0.500044","0.517147","0.0419679","0.574978","0.593715","1.82161","1.67933e-15","3.48834","3.26016","4.25688","6.09435","0","0","0","0","0","0","0","0"
"1.50417","0.500044","0.517147","0.0419315","0.56932","0.585494","1.77072","1.67857e-15","3.4727","3.27704","4.39835","6.11294","0","0","0","0","0","0","0","0"
"1.50857","0.500044","0.517147","0.0418713","0.568767","0.581704","1.714","1.68902e-15","3.46033","3.32916","4.47519","6.21992","0","0","0","0","0","0","0","0"
"1.51172","0.500044","0.522021","0.0418178","0.561514","0.575295","1.66811","1.67686e-15","3.47033","3.32766","4.63345","6.12645","0","0","0","0","0","0","0","0"
"1.51512","0.500044","0.522021","0.0417643","0.559514","0.573912","1.66759","1.68388e-15","3.4313","3.28725","4.43856","6.24663","0","0","0","0","0","0","0","0"
"1.51848","0.500044","0.522021","0.0417019","0.556616","0.567615","1.63747","1.68805e-15","3.42924","3.29431","4.50387","6.33242","0","0","0","0","0","0","0","0"
"1.52187","0.500044","0.522021","0.0416484","0.557108","0.571724","1.6542","1.67636e-15","3.3899","3.26114","4.26837","6.26299","0","0","0","0","0","0","0","0"
"1.52537","0.500044","0.522021","0.0415885","0.558266","0.575508","1.68471","1.68684e-15","3.34622","3.19485","3.90709","6.28515","0","0","0","0","0","0","0","0"
"1.52867","0.500044","0.521931","0.0415426","0.554996","0.569682","1.65774","1.68464e-15","3.33701","3.2217","3.92993","6.32918","0","0","0","0","0","0","0","0"
"1.53202","0.500044","0.521931","0.0414892","0.556561","0.572094","1.74003","1.67907e-15","3.34878","3.23716","3.6909","6.18344","0","0","0","0","0","0","0","0"
"1.53542","0.500044","0.521931","0.0414433","0.55495","0.571248","1.72755","1.68921e-15","3.33293","3.21019","3.64957","6.30598","0","0","0","0","0","0","0","0"
"1.5388","0.500044","0.521931","0.0413898","0.553947","0.569961","1.69791","1.68593e-15","3.28806","3.17091","3.65835","6.25304","0","0","0","0","0","0","0","0"
"1.5423","0.500044","0.521931","0.0413524","0.550847","0.564755","1.64547","1.67814e-15","3.28472","3.18196","3.86303","6.15327","0","0","0","0","0","0","0","0"
"1.54552","0.500044","0.520545","0.0413282","0.550959","0.564473","1.61077","1.68329e-15","3.23248","3.16544","3.92885","6.25467","0","0","0","0","0","0","0","0"
"1.54907","0.500044","0.520545","0.041304","0.550421","0.565106","1.71047","1.67835e-15","3.22214","3.13462","3.61697","6.16133","0","0","0","0","0","0","0","0"
"1.55242","0.500044","0.520545","0.0412832","0.550069","0.563017","1.70625","1.67469e-15","3.21007","3.14308","3.51956","6.07257","0","0","0","0","0","0","0","0"
"1.55587","0.500044","0.520545","0.0412591","0.550659","0.563134","1.71134","1.68672e-15","3.19368","3.16429","3.39699","6.09669","0","0","0","0","0","0","0","0"
"1.55933","0.500044","0.520545","0.0412462","0.55121","0.564488","1.6812","1.6801e-15","3.17493","3.14112","3.45756","6.07094","0","0","0","0","0","0","0","0"
"1.56277","0.500044","0.519794","0.0412404","0.554115","0.566335","1.70248","1.68198e-15","3.14821","3.13036","3.34364","6.07057","0","0","0","0","0","0","0","0"
"1.56602","0.500044","0.519794","0.0412354","0.551294","0.565305","1.69535","1.69241e-15","3.13672","3.11823","3.29096","6.15609","0","0","0","0","0","0","0","0"
"1.5707","0.500044","0.519794","0.0412279","0.552313","0.567643","1.65319","1.68366e-15","3.11914","3.08695","3.38858","6.03456","0","0","0","0","0","0","0","0"
"1.57522","0.500044","0.519794","0.0412236","0.553427","0.569077","1.66893","1.69375e-15","3.10033","3.11913","3.21056","6.10058","0","0","0","0","0","0","0","0"
"1.57852","0.500044","0.519348","0.041228","0.557522","0.573609","1.78694","1.68546e-15","3.13046","3.3227","3.40764","6.0318","0","0","0","0","0","0","0","0"
"1.58192","0.500044","0.519348","0.0412331","0.562207","0.578456","1.7989","1.69458e-15","3.16115","3.32829","3.48137","6.08793","0","0","0","0","0","0","0","0"
"1.58528","0.500044","0.519348","0.0412374","0.561397","0.57772","1.78887","1.70214e-15","3.17607","3.30777","3.45197","6.14661","0","0","0","0","0","0","0","0"
"1.58867","0.500044","0.519348","0.0412426","0.56122","0.576807","1.7918","1.69364e-15","3.1405","3.26762","3.38413","6.07267","0","0","0","0","0","0","0","0"
"1.59215","0.500044","0.519348","0.0412479","0.555392","0.571509","1.74963","1.69178e-15","3.16009","3.26829","3.51482","6.091","0","0","0","0","0","0","0","0"
"1.59545","0.500044","0.519981","0.0412565","0.556091","0.570856","1.7118","1.69344e-15","3.20773","3.30067","3.61796","6.10756","0","0","0","0","0","0","0","0"
"1.59882","0.500044","0.519981","0.0412638","0.560306","0.574983","1.73529","1.68741e-15","3.21313","3.30397","3.50137","6.05409","0","0","0","0","0","0","0","0"
"1.6022","0.500044","0.519981","0.0412723","0.560031","0.575773","1.73952","1.69405e-15","3.19201","3.2755","3.41153","6.14294","0","0","0","0","0","0","0","0"
"1.6056","0.500044","0.519981","0.0412797","0.563157","0.578405","1.75865","1.69687e-15","3.20084","3.27659","3.28405","6.1962","0","0","0","0","0","0","0","0"
"1.60907","0.500044","0.519981","0.0412911","0.563468","0.576404","1.74514","1.68533e-15","3.17511","3.27872","3.25783","6.13557","0","0","0","0","0","0","0","0"
"1.61237","0.500044","0.520883","0.0413043","0.558489","0.573015","1.71326","1.69174e-15","3.18676","3.27491","3.34644","6.21781","0","0","0","0","0","0","0","0"
"1.61575","0.500044","0.520883","0.0413196","0.561222","0.573382","1.71876","1.69129e-15","3.15512","3.26912","3.26167","6.25126","0","0","0","0","0","0","0","0"
"1.61913","0.500044","0.520883","0.0413328","0.561135","0.572791","1.70584","1.68985e-15","3.14548","3.25486","3.2451","6.21584","0","0","0","0","0","0","0","0"
"1.62253","0.500044","0.520883","0.0413482","0.558059","0.569533","1.69565","1.69677e-15","3.14946","3.24725","3.20704","6.31474","0","0","0","0","0","0","0","0"
"1.626","0.500044","0.520883","0.0413576","0.556652","0.567385","1.69085","1.68989e-15","3.14242","3.24023","3.1897","6.24842","0","0","0","0","0","0","0","0"
"1.6293","0.500044","0.521454","0.0413641","0.556207","0.568323","1.67091","1.69671e-15","3.1761","3.25258","3.24051","6.3333","0","0","0","0","0","0","0","0"
"1.63267","0.500044","0.521454","0.0413698","0.55277","0.565783","1.66021","1.69575e-15","3.19981","3.24116","3.22569","6.34766","0","0","0","0","0","0","0","0"
"1.63607","0.500044","0.521454","0.0413763","0.551197","0.56481","1.64341","1.69559e-15","3.20868","3.23924","3.24004","6.40498","0","0","0","0","0","0","0","0"
"1.64133","0.500044","0.521454","0.041382","0.554231","0.566323","1.62942","1.70196e-15","3.1801","3.22493","3.24454","6.48343","0","0","0","0","0","0","0","0"
"1.64293","0.500044","0.521454","0.0413865","0.552709","0.565751","1.61226","1.6939e-15","3.17464","3.19865","3.25201","6.44895","0","0","0","0","0","0","0","0"
"1.64622","0.500044","0.522135","0.0413891","0.556243","0.569947","1.60498","1.69762e-15","3.17383","3.1966","3.22447","6.46671","0","0","0","0","0","0","0","0"
"1.6496","0.500044","0.522135","0.0413921","0.555307","0.570161","1.58668","1.69826e-15","3.15347","3.18384","3.25604","6.51628","0","0","0","0","0","0","0","0"
"1.65402","0.500044","0.522135","0.0413956","0.556969","0.570883","1.56062","1.6941e-15","3.15153","3.16387","3.32041","6.44114","0","0","0","0","0","0","0","0"
"1.65855","0.500044","0.522135","0.0414025","0.556098","0.571249","1.53553","1.69933e-15","3.13777","3.1654","3.34914","6.51519","0","0","0","0","0","0","0","0"
"1.6647","0.500044","0.521713","0.041414","0.555394","0.572989","1.56354","1.69315e-15","3.13245","3.1473","3.23827","6.44986","0","0","0","0","0","0","0","0"
"1.6653","0.500044","0.521713","0.0414274","0.554614","0.57359","1.55795","1.69981e-15","3.11681","3.13708","3.26175","6.43144","0","0","0","0","0","0","0","0"
"1.66862","0.500044","0.521713","0.041439","0.556476","0.578037","1.59125","1.701e-15","3.15283","3.17863","3.31417","6.43676","0","0","0","0","0","0","0","0"
"1.672","0.500044","0.521713","0.0414524","0.5548","0.575199","1.57998","1.69776e-15","3.14586","3.1838","3.29408","6.3827","0","0","0","0","0","0","0","0"
"1.67548","0.500044","0.521713","0.0414646","0.555273","0.575547","1.55269","1.70211e-15","3.16177","3.17683","3.3839","6.45766","0","0","0","0","0","0","0","0"
"1.67877","0.500044","0.522494","0.0414806","0.555019","0.574392","1.54183","1.70275e-15","3.18567","3.21614","3.37069","6.46607","0","0","0","0","0","0","0","0"
"1.68217","0.500044","0.522494","0.0414942","0.556241","0.575886","1.52282","1.69607e-15","3.17737","3.18943","3.41284","6.39478","0","0","0","0","0","0","0","0"
"1.68553","0.500044","0.522494","0.0415102","0.554223","0.574974","1.49936","1.70183e-15","3.17511","3.17529","3.47277","6.43479","0","0","0","0","0","0","0","0"
"1.68893","0.500044","0.522494","0.0415238","0.554266","0.573457","1.48993","1.70457e-15","3.16838","3.17189","3.46558","6.47321","0","0","0","0","0","0","0","0"
"1.69242","0.500044","0.522494","0.0415365","0.554151","0.574325","1.52391","1.69688e-15","3.17429","3.18022","3.44125","6.40228","0","0","0","0","0","0","0","0"
"1.6957","0.500044","0.52366","0.0415438","0.554317","0.574739","1.50924","1.69933e-15","3.20673","3.19518","3.46375","6.39988","0","0","0","0","0","0","0","0"
"1.69908","0.500044","0.52366","0.0415522","0.553648","0.573066","1.53278","1.7063e-15","3.19768","3.19341","3.39766","6.46014","0","0","0","0","0","0","0","0"
"1.70247","0.500044","0.52366","0.0415594","0.552292","0.571685","1.522","1.70072e-15","3.18303","3.17487","3.39754","6.39096","0","0","0","0","0","0","0","0"
"1.70585","0.500044","0.52366","0.0415679","0.553591","0.573364","1.54524","1.70074e-15","3.16105","3.16489","3.34557","6.37052","0","0","0","0","0","0","0","0"
"1.70933","0.500044","0.52366","0.041574","0.553376","0.574643","1.5372","1.69926e-15","3.15951","3.16659","3.36861","6.37728","0","0","0","0","0","0","0","0"
"1.71262","0.500044","0.524447","0.0415799","0.553863","0.575282","1.53806","1.69421e-15","3.15655","3.15589","3.31542","6.38643","0","0","0","0","0","0","0","0"
"1.716","0.500044","0.524447","0.041585","0.553836","0.574867","1.52385","1.69262e-15","3.15595","3.14874","3.33472","6.35732","0","0","0","0","0","0","0","0"
"1.7194","0.500044","0.524447","0.0415909","0.55442","0.574984","1.54253","1.69868e-15","3.14658","3.12148","3.32166","6.41152","0","0","0","0","0","0","0","0"
"1.72278","0.500044","0.524447","0.0415959","0.554941","0.576124","1.55515","1.69399e-15","3.13185","3.11005","3.25044","6.33633","0","0","0","0","0","0","0","0"
"1.72627","0.500044","0.524447","0.0416001","0.552746","0.574984","1.54399","1.69202e-15","3.12215","3.09997","3.25367","6.29006","0","0","0","0","0","0","0","0"
"1.72955","0.500044","0.524426","0.0416027","0.554416","0.576167","1.56313","1.69684e-15","3.11112","3.09191","3.19665","6.35646","0","0","0","0","0","0","0","0"
"1.73293","0.500044","0.524426","0.0416056","0.554292","0.576031","1.5461","1.68942e-15","3.10638","3.0854","3.22613","6.32779","0","0","0","0","0","0","0","0"
"1.73735","0.500044","0.524426","0.041609","0.55737","0.57848","1.55561","1.69426e-15","3.1136","3.08497","3.22464","6.39212","0","0","0","0","0","0","0","0"
"1.74188","0.500044","0.524426","0.0416122","0.561054","0.583648","1.68078","1.68863e-15","3.14167","3.07688","3.35464","6.34654","0","0","0","0","0","0","0","0"
"1.74517","0.500044","0.524815","0.0416129","0.558789","0.581733","1.70711","1.68781e-15","3.14437","3.06571","3.29293","6.34453","0","0","0","0","0","0","0","0"
"1.74858","0.500044","0.524815","0.0416137","0.557285","0.57898","1.67907","1.69374e-15","3.13578","3.07556","3.37887","6.40255","0","0","0","0","0","0","0","0"
"1.75195","0.500044","0.524815","0.0416144","0.557492","0.578848","1.6767","1.69014e-15","3.12965","3.07346","3.33672","6.33883","0","0","0","0","0","0","0","0"
"1.75533","0.500044","0.524815","0.0416151","0.556805","0.577454","1.68707","1.69288e-15","3.13725","3.08174","3.26194","6.34346","0","0","0","0","0","0","0","0"
"1.75882","0.500044","0.524815","0.0416163","0.558336","0.580424","1.73853","1.69587e-15","3.12828","3.0845","3.19152","6.3654","0","0","0","0","0","0","0","0"
"1.76212","0.500044","0.525637","0.0416189","0.561663","0.585307","1.79788","1.68827e-15","3.1308","3.073","3.21428","6.33882","0","0","0","0","0","0","0","0"
"1.76548","0.500044","0.525637","0.0416211","0.560167","0.58363","1.78989","1.68799e-15","3.12966","3.06795","3.19718","6.32809","0","0","0","0","0","0","0","0"
"1.76887","0.500044","0.525637","0.0416236","0.558112","0.581521","1.76436","1.69335e-15","3.11385","3.05141","3.26211","6.37166","0","0","0","0","0","0","0","0"
"1.77225","0.500044","0.525637","0.0416258","0.558032","0.580617","1.7605","1.69048e-15","3.10682","3.06718","3.24033","6.35548","0","0","0","0","0","0","0","0"
"1.77573","0.500044","0.525637","0.0416274","0.55905","0.582038","1.75892","1.68584e-15","3.09215","3.07167","3.21519","6.29377","0","0","0","0","0","0","0","0"
"1.77903","0.500044","0.526006","0.0416278","0.559881","0.583586","1.76917","1.69229e-15","3.08785","3.07137","3.16667","6.36148","0","0","0","0","0","0","0","0"
"1.78242","0.500044","0.526006","0.0416282","0.559231","0.582899","1.7649","1.69074e-15","3.09312","3.08227","3.14003","6.36514","0","0","0","0","0","0","0","0"
"1.7858","0.500044","0.526006","0.0416286","0.559113","0.582492","1.79039","1.6896e-15","3.09232","3.07244","3.05156","6.32611","0","0","0","0","0","0","0","0"
"1.7892","0.500044","0.526006","0.041629","0.561717","0.585495","1.79071","1.69395e-15","3.11842","3.08723","3.02071","6.3722","0","0","0","0","0","0","0","0"
"1.79267","0.500044","0.526006","0.0416267","0.559639","0.583894","1.78146","1.69016e-15","3.1229","3.08611","3.01805","6.32134","0","0","0","0","0","0","0","0"
"1.79595","0.500044","0.526328","0.041621","0.557101","0.582873","1.75787","1.68941e-15","3.134","3.09465","3.07313","6.32097","0","0","0","0","0","0","0","0"
"1.80273","0.500044","0.526328","0.0416103","0.556065","0.580683","1.74443","1.68904e-15","3.12667","3.07532","3.04588","6.33706","0","0","0","0","0","0","0","0"
"1.8061","0.500044","0.526328","0.0416054","0.555277","0.57973","1.73464","1.68941e-15","3.12731","3.09692","3.04393","6.32451","0","0","0","0","0","0","0","0"
"1.8096","0.500044","0.526328","0.0416024","0.554485","0.577845","1.71515","1.68638e-15","3.12064","3.08847","3.08477","6.31636","0","0","0","0","0","0","0","0"
"1.81443","0.500044","0.52677","0.0416012","0.553351","0.578684","1.6946","1.68573e-15","3.10633","3.06759","3.11922","6.24957","0","0","0","0","0","0","0","0"
"1.82072","0.500044","0.52677","0.0415997","0.549904","0.575374","1.68597","1.69159e-15","3.10116","3.06153","3.09057","6.31229","0","0","0","0","0","0","0","0"
"1.82522","0.500044","0.52677","0.0416006","0.550496","0.575397","1.68548","1.68665e-15","3.09286","3.05588","3.03991","6.2533","0","0","0","0","0","0","0","0"
"1.8285","0.500044","0.526579","0.0416061","0.549718","0.573902","1.69592","1.69077e-15","3.09572","3.05109","2.99039","6.33253","0","0","0","0","0","0","0","0"
"1.83188","0.500044","0.526579","0.0416126","0.549223","0.573714","1.6842","1.69031e-15","3.10137","3.0652","3.00602","6.33655","0","0","0","0","0","0","0","0"
"1.83527","0.500044","0.526579","0.0416181","0.551424","0.575691","1.68473","1.68834e-15","3.15066","3.09124","2.98533","6.32695","0","0","0","0","0","0","0","0"
"1.83883","0.500044","0.526579","0.0416245","0.552144","0.576396","1.67418","1.6964e-15","3.13324","3.0751","2.98586","6.39191","0","0","0","0","0","0","0","0"
"1.8423","0.500044","0.526579","0.0416306","0.553125","0.57657","1.6651","1.69302e-15","3.1541","3.07156","2.99534","6.37789","0","0","0","0","0","0","0","0"
"1.84578","0.500044","0.525896","0.041639","0.553817","0.577516","1.65633","1.69461e-15","3.14739","3.06081","2.99535","6.38786","0","0","0","0","0","0","0","0"
"1.84917","0.500044","0.525896","0.0416475","0.555778","0.580688","1.66314","1.69722e-15","3.12532","3.04358","3.00074","6.41457","0","0","0","0","0","0","0","0"
"1.8526","0.500044","0.525896","0.0416548","0.555664","0.580222","1.65081","1.69623e-15","3.11366","3.0391","3.01782","6.38396","0","0","0","0","0","0","0","0"
"1.85595","0.500044","0.525896","0.0416632","0.55293","0.577189","1.6446","1.70087e-15","3.1145","3.04164","3.00902","6.39384","0","0","0","0","0","0","0","0"
"1.85943","0.500044","0.525896","0.0416676","0.556139","0.580313","1.63523","1.69633e-15","3.10304","3.04506","3.029","6.36037","0","0","0","0","0","0","0","0"
"1.86272","0.500044","0.525687","0.0416693","0.554329","0.57893","1.62743","1.70079e-15","3.1014","3.04086","3.02102","6.39495","0","0","0","0","0","0","0","0"
"1.86605","0.500044","0.525687","0.0416708","0.55498","0.579867","1.61622","1.69883e-15","3.09435","3.04744","3.03766","6.38525","0","0","0","0","0","0","0","0"
"1.86945","0.500044","0.525687","0.0416726","0.555429","0.580194","1.60479","1.69879e-15","3.0795","3.03927","3.0474","6.39077","0","0","0","0","0","0","0","0"
"1.87283","0.500044","0.525687","0.0416741","0.554726","0.578423","1.60062","1.70266e-15","3.08494","3.04225","3.0307","6.45007","0","0","0","0","0","0","0","0"
"1.87632","0.500044","0.525687","0.0416756","0.556136","0.579623","1.62376","1.69844e-15","3.07593","3.04561","2.9897","6.42038","0","0","0","0","0","0","0","0"
"1.8796","0.500044","0.526579","0.0416768","0.55707","0.5806","1.66248","1.70167e-15","3.07617","3.05306","3.01499","6.41545","0","0","0","0","0","0","0","0"
"1.88298","0.500044","0.526579","0.0416781","0.558414","0.581331","1.68494","1.702e-15","3.09747","3.05493","2.98529","6.46777","0","0","0","0","0","0","0","0"
"1.88637","0.500044","0.526579","0.0416792","0.556593","0.579071","1.68662","1.69789e-15","3.10254","3.05938","2.94937","6.42717","0","0","0","0","0","0","0","0"
"1.88977","0.500044","0.526579","0.0416806","0.556738","0.579219","1.67015","1.70197e-15","3.08364","3.04712","2.9893","6.45953","0","0","0","0","0","0","0","0"
"1.89327","0.500044","0.526579","0.0416806","0.556364","0.578642","1.6595","1.69889e-15","3.08157","3.04738","3.00275","6.45188","0","0","0","0","0","0","0","0"
"1.8965","0.500044","0.527105","0.04168","0.557182","0.578801","1.6515","1.69811e-15","3.07204","3.04842","3.00755","6.40827","0","0","0","0","0","0","0","0"
"1.89987","0.500044","0.527105","0.0416795","0.557963","0.579518","1.64383","1.70137e-15","3.05707","3.04607","3.01307","6.41886","0","0","0","0","0","0","0","0"
"1.90412","0.500044","0.527105","0.0416789","0.55675","0.577657","1.65061","1.69645e-15","3.05991","3.04949","2.96972","6.3668","0","0","0","0","0","0","0","0"
"1.90855","0.500044","0.527105","0.0416783","0.554559","0.575414","1.62995","1.69926e-15","3.06506","3.05247","3.0212","6.36519","0","0","0","0","0","0","0","0"
"1.91193","0.500044","0.527369","0.0416784","0.55527","0.576464","1.62143","1.69595e-15","3.05539","3.05238","3.02548","6.3491","0","0","0","0","0","0","0","0"
"1.91533","0.500044","0.527369","0.0416785","0.554195","0.575308","1.60748","1.6963e-15","3.05514","3.05069","3.05242","6.32863","0","0","0","0","0","0","0","0"
"1.9187","0.500044","0.527369","0.0416786","0.552944","0.574017","1.59896","1.70014e-15","3.05254","3.04811","3.05935","6.37788","0","0","0","0","0","0","0","0"
"1.9221","0.500044","0.527369","0.0416787","0.551037","0.572774","1.58347","1.69568e-15","3.05266","3.04143","3.096","6.34194","0","0","0","0","0","0","0","0"
"1.92557","0.500044","0.527369","0.0416808","0.551651","0.573148","1.58154","1.69531e-15","3.04707","3.03425","3.09195","6.33153","0","0","0","0","0","0","0","0"
"1.92888","0.500044","0.527308","0.0416882","0.550195","0.571516","1.58016","1.69652e-15","3.04972","3.03766","3.09343","6.33551","0","0","0","0","0","0","0","0"
"1.93245","0.500044","0.527308","0.0416955","0.548064","0.568913","1.56698","1.69318e-15","3.05414","3.0461","3.11916","6.33259","0","0","0","0","0","0","0","0"
"1.93583","0.500044","0.527308","0.0417018","0.548475","0.569461","1.57398","1.6964e-15","3.05171","3.04123","3.09374","6.34679","0","0","0","0","0","0","0","0"
"1.93923","0.500044","0.527308","0.0417092","0.551992","0.572342","1.59913","1.69481e-15","3.07141","3.02945","3.09052","6.32311","0","0","0","0","0","0","0","0"
"1.94272","0.500044","0.527308","0.0417153","0.55238","0.573096","1.60262","1.69246e-15","3.0811","3.03837","3.05729","6.30796","0","0","0","0","0","0","0","0"
"1.946","0.500044","0.526787","0.041722","0.552559","0.573084","1.61996","1.6977e-15","3.0793","3.03388","3.00778","6.38703","0","0","0","0","0","0","0","0"
"1.94938","0.500044","0.526787","0.0417278","0.550767","0.571597","1.60812","1.69555e-15","3.08173","3.03576","3.03786","6.34991","0","0","0","0","0","0","0","0"
"1.95277","0.500044","0.526787","0.0417346","0.549204","0.56978","1.60406","1.69551e-15","3.08369","3.03192","3.01969","6.35061","0","0","0","0","0","0","0","0"
"1.95615","0.500044","0.526787","0.0417404","0.547755","0.568156","1.60924","1.69978e-15","3.08519","3.03697","2.98385","6.36593","0","0","0","0","0","0","0","0"
"1.95963","0.500044","0.526787","0.0417462","0.547124","0.567323","1.60723","1.69617e-15","3.08579","3.02821","2.96749","6.34288","0","0","0","0","0","0","0","0"
"1.96292","0.500044","0.52622","0.0417506","0.545968","0.566321","1.60371","1.69614e-15","3.08623","3.02606","2.95698","6.33227","0","0","0","0","0","0","0","0"
"1.96632","0.500044","0.52622","0.0417557","0.545869","0.565742","1.63366","1.70021e-15","3.08411","3.01833","2.94243","6.36955","0","0","0","0","0","0","0","0"
"1.96968","0.500044","0.52622","0.04176","0.547405","0.56699","1.63879","1.70039e-15","3.07869","3.02079","2.91191","6.37819","0","0","0","0","0","0","0","0"
"1.97307","0.500044","0.52622","0.0417651","0.548095","0.567316","1.6262","1.69772e-15","3.08421","3.02515","2.93731","6.33683","0","0","0","0","0","0","0","0"
"1.97657","0.500044","0.52622","0.0417676","0.547271","0.566401","1.61454","1.6977e-15","3.0828","3.02238","2.96126","6.34064","0","0","0","0","0","0","0","0"
"1.97985","0.500044","0.525943","0.0417695","0.548612","0.568516","1.60934","1.69766e-15","3.07601","3.02399","2.9543","6.3564","0","0","0","0","0","0","0","0"
"1.98323","0.500044","0.525943","0.0417712","0.547632","0.568078","1.60642","1.69475e-15","3.0746","3.01822","2.95764","6.33044","0","0","0","0","0","0","0","0"
"1.98735","0.500044","0.525943","0.0417733","0.548317","0.568531","1.61048","1.70007e-15","3.05882","3.01378","2.93309","6.38506","0","0","0","0","0","0","0","0"
"1.99188","0.500044","0.525943","0.0417754","0.548822","0.570263","1.61663","1.69763e-15","3.06043","3.0117","2.91948","6.37921","0","0","0","0","0","0","0","0"
"1.99522","0.500044","0.525249","0.041776","0.547915","0.568806","1.61917","1.69665e-15","3.05682","3.01126","2.89011","6.36863","0","0","0","0","0","0","0","0"
"1.99858","0.500044","0.525249","0.0417766","0.548476","0.569808","1.61542","1.70016e-15","3.07294","3.02732","2.91953","6.42035","0","0","0","0","0","0","0","0"
"2.00197","0.500044","0.525249","0.0417771","0.547909","0.569567","1.60875","1.69725e-15","3.06973","3.0283","2.92055","6.39771","0","0","0","0","0","0","0","0"
"2.00553","0.500044","0.525249","0.0417777","0.548227","0.570244","1.61874","1.69839e-15","3.06843","3.02004","2.92355","6.39217","0","0","0","0","0","0","0","0"
"2.00908","0.500044","0.525249","0.0417805","0.547196","0.568572","1.6067","1.69868e-15","3.06061","3.01946","2.94711","6.44065","0","0","0","0","0","0","0","0"
"2.01243","0.500044","0.525489","0.0417853","0.54778","0.569734","1.59946","1.69559e-15","3.05496","3.00885","2.95217","6.40737","0","0","0","0","0","0","0","0"
"2.01578","0.500044","0.525489","0.0417909","0.546777","0.56879","1.58285","1.69826e-15","3.04922","3.0067","3.00132","6.41885","0","0","0","0","0","0","0","0"
"2.01913","0.500044","0.525489","0.0417957","0.545865","0.567717","1.57121","1.70091e-15","3.05356","3.01218","3.0296","6.4319","0","0","0","0","0","0","0","0"
"2.0225","0.500044","0.525489","0.0418013","0.546439","0.567979","1.56758","1.69852e-15","3.05688","3.01778","3.04465","6.39262","0","0","0","0","0","0","0","0"
"2.02597","0.500044","0.525489","0.0418068","0.546449","0.568184","1.56919","1.69817e-15","3.06482","3.01941","3.04371","6.39789","0","0","0","0","0","0","0","0"
"2.0293","0.500044","0.525765","0.0418139","0.546672","0.568669","1.57358","1.69834e-15","3.07093","3.02237","3.00943","6.44817","0","0","0","0","0","0","0","0"
"2.0329","0.500044","0.525765","0.0418209","0.547254","0.569328","1.60939","1.6971e-15","3.07371","3.01961","3.03822","6.41045","0","0","0","0","0","0","0","0"
"2.03627","0.500044","0.525765","0.041827","0.547528","0.569221","1.59591","1.69963e-15","3.07134","3.02015","3.07803","6.45995","0","0","0","0","0","0","0","0"
"2.03967","0.500044","0.525765","0.0418341","0.545812","0.567466","1.59232","1.69782e-15","3.08554","3.03171","3.07631","6.45578","0","0","0","0","0","0","0","0"
"2.04313","0.500044","0.525765","0.0418404","0.548353","0.56907","1.62503","1.69534e-15","3.09948","3.04728","3.12461","6.42296","0","0","0","0","0","0","0","0"
"2.04645","0.500044","0.525583","0.0418468","0.548209","0.56851","1.63647","1.6978e-15","3.09303","3.04063","3.089","6.46752","0","0","0","0","0","0","0","0"
"2.04977","0.500044","0.525583","0.0418543","0.548957","0.569665","1.63308","1.69422e-15","3.1027","3.05821","3.09036","6.44454","0","0","0","0","0","0","0","0"
"2.0531","0.500044","0.525583","0.0418607","0.548096","0.568404","1.62102","1.69509e-15","3.10568","3.05942","3.12055","6.43275","0","0","0","0","0","0","0","0"
"2.05647","0.500044","0.525583","0.0418681","0.547384","0.568515","1.61024","1.69786e-15","3.10887","3.06277","3.13995","6.4565","0","0","0","0","0","0","0","0"
"2.05995","0.500044","0.525583","0.0418746","0.548136","0.569881","1.63776","1.69478e-15","3.11168","3.06899","3.1208","6.42768","0","0","0","0","0","0","0","0"
"2.06323","0.500044","0.525451","0.0418821","0.548185","0.569408","1.64456","1.6954e-15","3.11374","3.07864","3.10591","6.42481","0","0","0","0","0","0","0","0"
"2.06657","0.500044","0.525451","0.0418885","0.548124","0.568544","1.65454","1.69688e-15","3.11499","3.09049","3.08237","6.43342","0","0","0","0","0","0","0","0"
"2.07052","0.500044","0.525451","0.0418971","0.551918","0.570485","1.66484","1.69494e-15","3.15196","3.11421","3.13652","6.40441","0","0","0","0","0","0","0","0"
"2.07523","0.500044","0.525451","0.0419057","0.550375","0.569197","1.64895","1.69562e-15","3.14519","3.10831","3.16919","6.39448","0","0","0","0","0","0","0","0"
"2.07852","0.500044","0.525348","0.0419088","0.548268","0.568123","1.63896","1.6941e-15","3.15127","3.10918","3.19211","6.36126","0","0","0","0","0","0","0","0"
"2.08192","0.500044","0.525348","0.0419125","0.547571","0.566814","1.64292","1.69651e-15","3.14569","3.10436","3.1451","6.38507","0","0","0","0","0","0","0","0"
"2.08528","0.500044","0.525348","0.0419156","0.546243","0.565528","1.6338","1.69507e-15","3.14632","3.10605","3.16264","6.35522","0","0","0","0","0","0","0","0"
"2.0888","0.500044","0.525348","0.0419192","0.545744","0.56459","1.64133","1.69668e-15","3.13915","3.09948","3.10699","6.33976","0","0","0","0","0","0","0","0"
"2.09233","0.500044","0.525348","0.0419216","0.545949","0.564273","1.63688","1.69826e-15","3.13323","3.10477","3.10118","6.32815","0","0","0","0","0","0","0","0"
"2.09558","0.500044","0.525253","0.0419225","0.545479","0.564173","1.63002","1.6937e-15","3.12954","3.1068","3.10639","6.31233","0","0","0","0","0","0","0","0"
"2.09897","0.500044","0.525253","0.0419233","0.544875","0.563467","1.62115","1.69528e-15","3.12287","3.09928","3.12341","6.31863","0","0","0","0","0","0","0","0"
"2.10235","0.500044","0.525253","0.0419243","0.54519","0.564","1.63138","1.69628e-15","3.12857","3.09708","3.08287","6.33875","0","0","0","0","0","0","0","0"
"2.10568","0.500044","0.525253","0.0419251","0.544769","0.563211","1.62656","1.69466e-15","3.1274","3.10187","3.08182","6.317","0","0","0","0","0","0","0","0"
"2.1102","0.500044","0.525253","0.0419258","0.545499","0.563035","1.62057","1.69455e-15","3.1231","3.09665","3.09026","6.30691","0","0","0","0","0","0","0","0"
"2.11355","0.500044","0.525253","0.041926","0.545808","0.563332","1.61344","1.69261e-15","3.1198","3.10203","3.0985","6.29167","0","0","0","0","0","0","0","0"
"2.11588","0.500044","0.524525","0.0419264","0.545003","0.562483","1.61251","1.69285e-15","3.12658","3.10513","3.07545","6.29787","0","0","0","0","0","0","0","0"
"2.11928","0.500044","0.524525","0.0419266","0.545185","0.56241","1.60783","1.69542e-15","3.12774","3.10263","3.07299","6.33386","0","0","0","0","0","0","0","0"
"2.12265","0.500044","0.524525","0.041927","0.544269","0.5616","1.6031","1.69329e-15","3.12459","3.10282","3.06415","6.31555","0","0","0","0","0","0","0","0"
"2.12613","0.500044","0.524525","0.0419284","0.543902","0.56181","1.59947","1.69298e-15","3.11744","3.08986","3.06138","6.32325","0","0","0","0","0","0","0","0"
"2.12942","0.500044","0.523835","0.0419312","0.544569","0.562093","1.59805","1.69129e-15","3.12406","3.09893","3.04193","6.32515","0","0","0","0","0","0","0","0"
"2.1328","0.500044","0.523835","0.0419337","0.545253","0.562203","1.61048","1.69227e-15","3.11857","3.09894","2.99818","6.31861","0","0","0","0","0","0","0","0"
"2.13618","0.500044","0.523835","0.0419366","0.546412","0.563604","1.62135","1.69497e-15","3.11831","3.09364","2.96592","6.3613","0","0","0","0","0","0","0","0"
"2.13957","0.500044","0.523835","0.0419391","0.546195","0.563242","1.62003","1.69257e-15","3.11342","3.09067","2.95531","6.335","0","0","0","0","0","0","0","0"
"2.14307","0.500044","0.523835","0.0419396","0.544837","0.562343","1.61604","1.69249e-15","3.113","3.08798","2.95188","6.31727","0","0","0","0","0","0","0","0"
"2.14708","0.500044","0.523477","0.0419384","0.54406","0.561207","1.60654","1.69234e-15","3.11007","3.08942","2.97264","6.31386","0","0","0","0","0","0","0","0"
"2.14972","0.500044","0.523477","0.041937","0.5445","0.56209","1.60681","1.6923e-15","3.10541","3.08508","2.96356","6.295","0","0","0","0","0","0","0","0"
"2.1539","0.500044","0.523477","0.0419354","0.544084","0.561711","1.60575","1.69547e-15","3.0984","3.07997","2.9542","6.34723","0","0","0","0","0","0","0","0"
"2.15728","0.500044","0.523477","0.0419342","0.54466","0.561625","1.61658","1.69269e-15","3.1082","3.08449","2.92803","6.33041","0","0","0","0","0","0","0","0"
"2.16077","0.500044","0.523477","0.0419288","0.544207","0.560798","1.62683","1.69339e-15","3.10534","3.09014","2.89913","6.32542","0","0","0","0","0","0","0","0"
"2.16405","0.500044","0.523333","0.0419235","0.546869","0.563225","1.65974","1.69523e-15","3.11892","3.08059","2.94538","6.34668","0","0","0","0","0","0","0","0"
"2.16743","0.500044","0.523333","0.0419174","0.546944","0.564281","1.6749","1.69315e-15","3.12034","3.07953","2.93058","6.34164","0","0","0","0","0","0","0","0"
"2.17082","0.500044","0.523333","0.0419122","0.548484","0.5661","1.69206","1.69753e-15","3.12221","3.08886","2.99757","6.38961","0","0","0","0","0","0","0","0"
"2.17522","0.500044","0.523333","0.0419054","0.548177","0.566055","1.67891","1.69338e-15","3.13666","3.11273","3.02026","6.36401","0","0","0","0","0","0","0","0"
"2.17837","0.500044","0.523175","0.0419035","0.550954","0.568364","1.70435","1.69519e-15","3.14879","3.12032","3.0352","6.38802","0","0","0","0","0","0","0","0"
"2.18177","0.500044","0.523175","0.0419016","0.551723","0.569228","1.72543","1.69714e-15","3.15095","3.1302","3.03725","6.39831","0","0","0","0","0","0","0","0"
"2.18515","0.500044","0.523175","0.0418993","0.551617","0.568995","1.72071","1.69515e-15","3.14207","3.12515","3.03605","6.37644","0","0","0","0","0","0","0","0"
"2.18853","0.500044","0.523175","0.0418974","0.552104","0.569516","1.7169","1.69767e-15","3.13162","3.11624","3.03955","6.41491","0","0","0","0","0","0","0","0"
"2.19202","0.500044","0.523175","0.0418934","0.551491","0.568611","1.71947","1.69634e-15","3.12869","3.11605","3.01241","6.4002","0","0","0","0","0","0","0","0"
"2.19532","0.500044","0.523441","0.0418863","0.551428","0.568161","1.71696","1.69597e-15","3.12156","3.1127","2.99974","6.37882","0","0","0","0","0","0","0","0"
"2.19868","0.500044","0.523441","0.0418781","0.550067","0.566896","1.70947","1.69954e-15","3.12176","3.11076","3.0043","6.41607","0","0","0","0","0","0","0","0"
"2.20207","0.500044","0.523441","0.041871","0.550937","0.568354","1.71037","1.69775e-15","3.11789","3.10411","2.98826","6.40834","0","0","0","0","0","0","0","0"
"2.20545","0.500044","0.523441","0.0418627","0.552314","0.569356","1.71156","1.69921e-15","3.13056","3.10964","2.98357","6.42612","0","0","0","0","0","0","0","0"
"2.20897","0.500044","0.523441","0.0418584","0.551416","0.568579","1.70502","1.70022e-15","3.13215","3.11039","2.99299","6.43526","0","0","0","0","0","0","0","0"
"2.21222","0.500044","0.524073","0.0418599","0.551751","0.568469","1.70206","1.69771e-15","3.13698","3.10062","2.9864","6.41761","0","0","0","0","0","0","0","0"
"2.21562","0.500044","0.524073","0.0418613","0.552517","0.570301","1.70203","1.69971e-15","3.13328","3.10801","2.99437","6.45255","0","0","0","0","0","0","0","0"
"2.219","0.500044","0.524073","0.0418628","0.55133","0.568815","1.69857","1.70008e-15","3.13354","3.11371","3.00323","6.47272","0","0","0","0","0","0","0","0"
"2.2224","0.500044","0.524073","0.0418642","0.551732","0.568553","1.70364","1.69768e-15","3.13337","3.11567","2.9811","6.44994","0","0","0","0","0","0","0","0"
"2.22587","0.500044","0.524073","0.0418669","0.551325","0.56831","1.69337","1.69747e-15","3.12775","3.11483","3.00115","6.42318","0","0","0","0","0","0","0","0"
"2.22915","0.500044","0.524206","0.0418705","0.551479","0.568388","1.6989","1.69931e-15","3.12216","3.10861","3.00146","6.43286","0","0","0","0","0","0","0","0"
"2.23253","0.500044","0.524206","0.0418747","0.553337","0.570115","1.72386","1.69717e-15","3.15236","3.11111","3.05411","6.39859","0","0","0","0","0","0","0","0"
"2.23723","0.500044","0.524206","0.0418802","0.551787","0.568889","1.71696","1.69993e-15","3.15315","3.11378","3.05312","6.42072","0","0","0","0","0","0","0","0"
"2.24062","0.500044","0.524206","0.0418838","0.552739","0.569843","1.71323","1.69794e-15","3.14264","3.11268","3.04779","6.39505","0","0","0","0","0","0","0","0"
"2.2441","0.500044","0.524206","0.0418868","0.552384","0.56987","1.71647","1.69952e-15","3.13993","3.11429","3.02754","6.39883","0","0","0","0","0","0","0","0"
"2.24738","0.500044","0.524397","0.0418892","0.551556","0.569028","1.71654","1.69805e-15","3.13793","3.11194","3.01074","6.40043","0","0","0","0","0","0","0","0"
"2.25077","0.500044","0.524397","0.041892","0.550899","0.5686","1.71426","1.69762e-15","3.13573","3.10807","3.00142","6.38775","0","0","0","0","0","0","0","0"
"2.25415","0.500044","0.524397","0.0418943","0.550667","0.568246","1.71407","1.69907e-15","3.1303","3.1098","2.98634","6.38861","0","0","0","0","0","0","0","0"
"2.25853","0.500044","0.524397","0.0418978","0.550451","0.568717","1.70518","1.6953e-15","3.11624","3.10043","2.99346","6.36807","0","0","0","0","0","0","0","0"
"2.2617","0.500044","0.524399","0.0418999","0.550164","0.568207","1.70386","1.69695e-15","3.11175","3.09627","2.98655","6.39915","0","0","0","0","0","0","0","0"
"2.2651","0.500044","0.524399","0.0419021","0.549377","0.567619","1.70818","1.69606e-15","3.1145","3.09103","2.95756","6.40818","0","0","0","0","0","0","0","0"
"2.26847","0.500044","0.524399","0.0419045","0.549471","0.567613","1.70516","1.69671e-15","3.12466","3.09922","2.94938","6.38362","0","0","0","0","0","0","0","0"
"2.27187","0.500044","0.524399","0.0419066","0.550831","0.569117","1.70953","1.69914e-15","3.12244","3.09331","2.93006","6.37991","0","0","0","0","0","0","0","0"
"2.27535","0.500044","0.524399","0.0419083","0.551562","0.569862","1.70907","1.69607e-15","3.1231","3.09805","2.91913","6.36418","0","0","0","0","0","0","0","0"
"2.27863","0.500044","0.524259","0.041908","0.551264","0.56962","1.69997","1.69772e-15","3.12535","3.10822","2.94016","6.37452","0","0","0","0","0","0","0","0"
"2.28202","0.500044","0.524259","0.0419077","0.551352","0.569755","1.70495","1.69999e-15","3.1252","3.10653","2.93678","6.383","0","0","0","0","0","0","0","0"
"2.2854","0.500044","0.524259","0.0419075","0.55093","0.569535","1.7002","1.69779e-15","3.12422","3.10217","2.93869","6.362","0","0","0","0","0","0","0","0"
"2.28878","0.500044","0.524259","0.0419071","0.553709","0.572236","1.72536","1.70091e-15","3.15275","3.14296","2.93804","6.3843","0","0","0","0","0","0","0","0"
"2.2923","0.500044","0.524259","0.0419077","0.555387","0.573533","1.73673","1.70085e-15","3.14723","3.14242","2.91449","6.37504","0","0","0","0","0","0","0","0"
"2.29555","0.500044","0.524205","0.0419104","0.555644","0.573095","1.75665","1.70045e-15","3.14308","3.13594","2.87919","6.38089","0","0","0","0","0","0","0","0"
"2.29893","0.500044","0.524205","0.0419127","0.55478","0.572464","1.75563","1.70203e-15","3.13967","3.13705","2.86839","6.41037","0","0","0","0","0","0","0","0"
"2.30233","0.500044","0.524205","0.0419154","0.554336","0.571909","1.74754","1.70003e-15","3.13245","3.13209","2.87768","6.39961","0","0","0","0","0","0","0","0"
"2.30572","0.500044","0.524205","0.0419177","0.553997","0.571108","1.74732","1.70061e-15","3.12861","3.13467","2.86309","6.38711","0","0","0","0","0","0","0","0"
"2.3092","0.500044","0.524205","0.0419204","0.553237","0.570063","1.74276","1.70049e-15","3.12612","3.13307","2.86214","6.38848","0","0","0","0","0","0","0","0"
"2.31248","0.500044","0.524707","0.0419228","0.553205","0.570351","1.73707","1.69841e-15","3.12208","3.13058","2.86707","6.37297","0","0","0","0","0","0","0","0"
"2.31587","0.500044","0.524707","0.0419256","0.552956","0.570012","1.72893","1.69969e-15","3.11354","3.12124","2.88201","6.3783","0","0","0","0","0","0","0","0"
"2.32057","0.500044","0.524707","0.0419292","0.553802","0.570235","1.7573","1.7007e-15","3.10335","3.11648","2.88272","6.38067","0","0","0","0","0","0","0","0"
"2.32393","0.500044","0.524707","0.0419316","0.553559","0.570004","1.76167","1.69915e-15","3.10726","3.12303","2.87485","6.369","0","0","0","0","0","0","0","0"
"2.32743","0.500044","0.524707","0.0419312","0.55425","0.570281","1.76862","1.69889e-15","3.10936","3.11771","2.86282","6.3586","0","0","0","0","0","0","0","0"
"2.33073","0.500044","0.525093","0.0419304","0.553352","0.569447","1.76338","1.69669e-15","3.11184","3.11925","2.86506","6.35083","0","0","0","0","0","0","0","0"
"2.3341","0.500044","0.525093","0.0419295","0.552455","0.568587","1.75177","1.69691e-15","3.10903","3.11663","2.89271","6.34455","0","0","0","0","0","0","0","0"
"2.33748","0.500044","0.525093","0.0419287","0.552038","0.568095","1.74229","1.69843e-15","3.10584","3.11198","2.9149","6.36428","0","0","0","0","0","0","0","0"
"2.34187","0.500044","0.525093","0.0419287","0.552693","0.568103","1.74229","1.69555e-15","3.10027","3.10423","2.89968","6.34581","0","0","0","0","0","0","0","0"
"2.34503","0.500044","0.524844","0.0419315","0.553448","0.568431","1.73874","1.69649e-15","3.0991","3.10685","2.90018","6.34404","0","0","0","0","0","0","0","0"
"2.34843","0.500044","0.524844","0.0419342","0.552975","0.568487","1.74302","1.69704e-15","3.10245","3.10537","2.8781","6.37708","0","0","0","0","0","0","0","0"
"2.35182","0.500044","0.524844","0.0419373","0.553483","0.569063","1.73452","1.69504e-15","3.09828","3.09668","2.89354","6.35865","0","0","0","0","0","0","0","0"
"2.3552","0.500044","0.524844","0.0419401","0.552817","0.568774","1.74112","1.697e-15","3.10009","3.09533","2.89034","6.37224","0","0","0","0","0","0","0","0"
"2.35868","0.500044","0.524844","0.0419442","0.553211","0.569465","1.73081","1.69649e-15","3.09911","3.08667","2.91271","6.37213","0","0","0","0","0","0","0","0"
"2.362","0.500044","0.524635","0.0419498","0.553596","0.569864","1.72378","1.69643e-15","3.08924","3.08224","2.92426","6.36564","0","0","0","0","0","0","0","0"
"2.36535","0.500044","0.524635","0.0419564","0.552955","0.569293","1.71782","1.69867e-15","3.08754","3.08252","2.92894","6.39062","0","0","0","0","0","0","0","0"
"2.36875","0.500044","0.524635","0.0419621","0.553343","0.569747","1.72084","1.69683e-15","3.0843","3.08139","2.90621","6.37241","0","0","0","0","0","0","0","0"
"2.37212","0.500044","0.524635","0.0419686","0.554158","0.570318","1.71333","1.69796e-15","3.09124","3.08672","2.91763","6.3872","0","0","0","0","0","0","0","0"
"2.37563","0.500044","0.524635","0.0419731","0.553952","0.570304","1.70481","1.69964e-15","3.08969","3.0808","2.93936","6.39544","0","0","0","0","0","0","0","0"
"2.3789","0.500044","0.524685","0.0419756","0.553318","0.569528","1.69482","1.69651e-15","3.0882","3.08003","2.96246","6.37404","0","0","0","0","0","0","0","0"
"2.39653","0.500044","0.524685","0.0419944","0.556146","0.57165","1.73491","1.69675e-15","3.10798","3.07845","2.99223","6.34762","0","0","0","0","0","0","0","0"
"2.39925","0.500044","0.52496","0.0420026","0.555039","0.570415","1.73128","1.69574e-15","3.10875","3.07964","2.98503","6.32954","0","0","0","0","0","0","0","0"
"2.40393","0.500044","0.52496","0.0420132","0.555226","0.570288","1.72478","1.69816e-15","3.10424","3.08018","2.98482","6.35189","0","0","0","0","0","0","0","0"
"2.40732","0.500044","0.52496","0.0420202","0.554511","0.569662","1.72528","1.69626e-15","3.10506","3.07677","2.96573","6.33744","0","0","0","0","0","0","0","0"
"2.41075","0.500044","0.52496","0.0420245","0.554675","0.570272","1.72619","1.69624e-15","3.09762","3.07217","2.94853","6.33599","0","0","0","0","0","0","0","0"
"2.4141","0.500044","0.525174","0.0420277","0.555133","0.570697","1.72445","1.69792e-15","3.10343","3.07113","2.95149","6.36406","0","0","0","0","0","0","0","0"
"2.41752","0.500044","0.525174","0.0420313","0.555613","0.570833","1.7311","1.69618e-15","3.10718","3.06478","2.92854","6.34261","0","0","0","0","0","0","0","0"
"2.42092","0.500044","0.525174","0.042035","0.55509","0.571132","1.7265","1.69704e-15","3.10745","3.06885","2.93869","6.3405","0","0","0","0","0","0","0","0"
"2.42522","0.500044","0.525174","0.0420386","0.555958","0.571784","1.73328","1.6965e-15","3.10813","3.06883","2.92939","6.34812","0","0","0","0","0","0","0","0"
"2.42845","0.500044","0.525181","0.04204","0.555912","0.571953","1.73758","1.69464e-15","3.10518","3.06956","2.90424","6.33143","0","0","0","0","0","0","0","0"
"2.43185","0.500044","0.525181","0.0420417","0.556109","0.572325","1.7372","1.69636e-15","3.09708","3.06727","2.89104","6.35129","0","0","0","0","0","0","0","0"
"2.4353","0.500044","0.525181","0.0420431","0.556278","0.572002","1.73475","1.69548e-15","3.09549","3.0657","2.89277","6.35062","0","0","0","0","0","0","0","0"
"2.43868","0.500044","0.525181","0.0420447","0.555785","0.572198","1.72855","1.69408e-15","3.09973","3.06858","2.89985","6.31941","0","0","0","0","0","0","0","0"
"2.44217","0.500044","0.525181","0.0420454","0.557286","0.573851","1.74653","1.69504e-15","3.10224","3.09777","2.90722","6.31611","0","0","0","0","0","0","0","0"
"2.44545","0.500044","0.525287","0.0420443","0.559258","0.575391","1.75671","1.6952e-15","3.09901","3.08978","2.89566","6.3229","0","0","0","0","0","0","0","0"
"2.44883","0.500044","0.525287","0.0420433","0.560206","0.576584","1.76077","1.69413e-15","3.10322","3.09272","2.88538","6.30785","0","0","0","0","0","0","0","0"
"2.45223","0.500044","0.525287","0.0420422","0.560532","0.577203","1.76054","1.697e-15","3.09853","3.10042","2.87424","6.34178","0","0","0","0","0","0","0","0"
"2.4556","0.500044","0.525287","0.0420412","0.559888","0.576583","1.75506","1.69709e-15","3.10144","3.09581","2.87885","6.3513","0","0","0","0","0","0","0","0"
"2.45912","0.500044","0.525287","0.0420393","0.559843","0.576635","1.75684","1.69416e-15","3.1053","3.09148","2.87854","6.33244","0","0","0","0","0","0","0","0"
"2.46238","0.500044","0.525624","0.0420368","0.559292","0.576182","1.75107","1.69497e-15","3.10453","3.09476","2.88664","6.32474","0","0","0","0","0","0","0","0"
"2.46577","0.500044","0.525624","0.0420339","0.559197","0.575939","1.74771","1.69624e-15","3.10252","3.0908","2.88507","6.33383","0","0","0","0","0","0","0","0"
"2.46928","0.500044","0.525624","0.0420314","0.558437","0.575322","1.74075","1.69487e-15","3.10374","3.0908","2.89847","6.31615","0","0","0","0","0","0","0","0"
"2.47255","0.500044","0.525624","0.0420285","0.558256","0.574857","1.74729","1.69554e-15","3.1054","3.0889","2.87975","6.32864","0","0","0","0","0","0","0","0"
"2.47602","0.500044","0.525624","0.0420256","0.557713","0.574548","1.73875","1.69568e-15","3.10567","3.08134","2.90028","6.34285","0","0","0","0","0","0","0","0"
"2.47932","0.500044","0.526202","0.0420218","0.556621","0.573881","1.7335","1.69562e-15","3.10624","3.07873","2.90363","6.36232","0","0","0","0","0","0","0","0"
"2.48268","0.500044","0.526202","0.0420186","0.556548","0.574035","1.72688","1.69372e-15","3.10582","3.0823","2.9158","6.34208","0","0","0","0","0","0","0","0"
"2.48738","0.500044","0.526202","0.0420138","0.55595","0.573715","1.7354","1.69649e-15","3.10381","3.08626","2.90443","6.35325","0","0","0","0","0","0","0","0"
"2.49187","0.500044","0.526202","0.0420088","0.555338","0.572721","1.74225","1.6953e-15","3.10266","3.08734","2.87939","6.35082","0","0","0","0","0","0","0","0"
"2.4952","0.500044","0.526333","0.0420053","0.556174","0.57393","1.75706","1.69491e-15","3.11862","3.09778","2.92601","6.35532","0","0","0","0","0","0","0","0"
"2.49858","0.500044","0.526333","0.0420012","0.555668","0.57343","1.7572","1.69698e-15","3.11867","3.10088","2.91138","6.40419","0","0","0","0","0","0","0","0"
"2.50197","0.500044","0.526333","0.0419977","0.555032","0.573285","1.76021","1.69486e-15","3.1179","3.09537","2.89199","6.39044","0","0","0","0","0","0","0","0"
"2.50535","0.500044","0.526333","0.0419936","0.554347","0.572442","1.75374","1.69582e-15","3.12008","3.09345","2.90165","6.37612","0","0","0","0","0","0","0","0"
"2.50883","0.500044","0.526333","0.0419905","0.554083","0.572253","1.75429","1.69581e-15","3.11261","3.08963","2.89689","6.3841","0","0","0","0","0","0","0","0"
"2.51218","0.500044","0.52599","0.0419879","0.554649","0.57316","1.77049","1.69428e-15","3.11351","3.086","2.89328","6.35474","0","0","0","0","0","0","0","0"
"2.51553","0.500044","0.52599","0.0419857","0.554854","0.573277","1.77875","1.6956e-15","3.11239","3.08652","2.86898","6.35726","0","0","0","0","0","0","0","0"
"2.51888","0.500044","0.52599","0.0419832","0.554921","0.573096","1.78437","1.69768e-15","3.108","3.08654","2.8548","6.3983","0","0","0","0","0","0","0","0"
"2.52228","0.500044","0.52599","0.041981","0.554459","0.572578","1.78266","1.69603e-15","3.10602","3.08608","2.85568","6.39481","0","0","0","0","0","0","0","0"
"2.52577","0.500044","0.52599","0.0419763","0.554388","0.572426","1.77693","1.6963e-15","3.10822","3.08594","2.86379","6.38414","0","0","0","0","0","0","0","0"
"2.52905","0.500044","0.525721","0.0419701","0.554747","0.572537","1.78611","1.69742e-15","3.11217","3.08641","2.84621","6.39759","0","0","0","0","0","0","0","0"
"2.53243","0.500044","0.525721","0.0419627","0.55436","0.572404","1.79062","1.69485e-15","3.10894","3.08323","2.82875","6.38423","0","0","0","0","0","0","0","0"
"2.53582","0.500044","0.525721","0.0419565","0.55471","0.572897","1.78585","1.69665e-15","3.11455","3.08576","2.83322","6.39932","0","0","0","0","0","0","0","0"
"2.5392","0.500044","0.525721","0.0419491","0.555397","0.573287","1.77851","1.6959e-15","3.10748","3.07785","2.8449","6.40951","0","0","0","0","0","0","0","0"
"2.5427","0.500044","0.525721","0.0419464","0.555243","0.573209","1.77924","1.69383e-15","3.10593","3.07487","2.83215","6.39213","0","0","0","0","0","0","0","0"
"2.54603","0.500044","0.525577","0.0419472","0.555281","0.57367","1.77963","1.6966e-15","3.10074","3.08015","2.82176","6.42611","0","0","0","0","0","0","0","0"
"2.54935","0.500044","0.525577","0.0419479","0.555447","0.574166","1.77255","1.69613e-15","3.10227","3.08073","2.8352","6.42636","0","0","0","0","0","0","0","0"
"2.55273","0.500044","0.525577","0.0419487","0.556971","0.575793","1.77698","1.6957e-15","3.09777","3.0711","2.83166","6.41757","0","0","0","0","0","0","0","0"
"2.55613","0.500044","0.525577","0.0419494","0.556276","0.574811","1.77096","1.69673e-15","3.09713","3.07439","2.84022","6.45648","0","0","0","0","0","0","0","0"
"2.55962","0.500044","0.525577","0.0419516","0.555574","0.574364","1.76158","1.69455e-15","3.09415","3.07092","2.86203","6.43998","0","0","0","0","0","0","0","0"
"2.56303","0.500044","0.525645","0.0419544","0.555433","0.574117","1.75345","1.69666e-15","3.09523","3.06746","2.88135","6.44442","0","0","0","0","0","0","0","0"
"2.5663","0.500044","0.525645","0.0419577","0.555302","0.574226","1.75458","1.69669e-15","3.09456","3.06808","2.87007","6.45604","0","0","0","0","0","0","0","0"
"2.57072","0.500044","0.525645","0.0419614","0.556154","0.574747","1.76879","1.69585e-15","3.08645","3.06595","2.87214","6.45127","0","0","0","0","0","0","0","0"
"2.57518","0.500044","0.525645","0.0419651","0.555747","0.574745","1.76884","1.69765e-15","3.08413","3.06342","2.85775","6.48071","0","0","0","0","0","0","0","0"
"2.57853","0.500044","0.526021","0.0419664","0.555129","0.573961","1.76675","1.69555e-15","3.08224","3.06334","2.85525","6.4695","0","0","0","0","0","0","0","0"
"2.58192","0.500044","0.526021","0.0419679","0.554157","0.573091","1.75794","1.69779e-15","3.08325","3.06379","2.87484","6.49599","0","0","0","0","0","0","0","0"
"2.5853","0.500044","0.526021","0.0419691","0.554519","0.573809","1.7601","1.69806e-15","3.0811","3.06126","2.87796","6.49887","0","0","0","0","0","0","0","0"
"2.58868","0.500044","0.526021","0.0419706","0.554516","0.573702","1.75783","1.6952e-15","3.08439","3.05708","2.87641","6.49081","0","0","0","0","0","0","0","0"
"2.59217","0.500044","0.526021","0.0419719","0.554487","0.573549","1.75464","1.6959e-15","3.07835","3.05151","2.87663","6.48304","0","0","0","0","0","0","0","0"
"2.59547","0.500044","0.526194","0.0419734","0.554115","0.572872","1.75107","1.6976e-15","3.08081","3.05314","2.87799","6.49547","0","0","0","0","0","0","0","0"
"2.59883","0.500044","0.526194","0.0419747","0.553271","0.572111","1.74735","1.69634e-15","3.08443","3.05267","2.87815","6.48697","0","0","0","0","0","0","0","0"
"2.60222","0.500044","0.526194","0.0419763","0.55286","0.571932","1.74504","1.69576e-15","3.08443","3.05196","2.87309","6.47665","0","0","0","0","0","0","0","0"
"2.60562","0.500044","0.526194","0.0419776","0.552824","0.571849","1.74047","1.69762e-15","3.08952","3.05566","2.87583","6.50625","0","0","0","0","0","0","0","0"
"2.6091","0.500044","0.526194","0.0419784","0.552818","0.572372","1.73342","1.697e-15","3.08747","3.0566","2.8933","6.50047","0","0","0","0","0","0","0","0"
"2.61237","0.500044","0.526085","0.0419781","0.552511","0.572116","1.72697","1.69509e-15","3.08512","3.05369","2.90638","6.48203","0","0","0","0","0","0","0","0"
"2.61577","0.500044","0.526085","0.0419779","0.552342","0.571965","1.72013","1.69774e-15","3.083","3.04961","2.91845","6.5076","0","0","0","0","0","0","0","0"
"2.61915","0.500044","0.526085","0.0419776","0.551747","0.571539","1.71433","1.69775e-15","3.09004","3.05037","2.92892","6.50631","0","0","0","0","0","0","0","0"
"2.62255","0.500044","0.526085","0.0419774","0.551734","0.57115","1.72025","1.69525e-15","3.0845","3.04723","2.93354","6.48751","0","0","0","0","0","0","0","0"
"2.62603","0.500044","0.526085","0.0419805","0.552431","0.571678","1.72293","1.6954e-15","3.09323","3.05863","2.92204","6.48363","0","0","0","0","0","0","0","0"
"2.6293","0.500044","0.525905","0.0419881","0.551865","0.57132","1.71611","1.6964e-15","3.09077","3.05468","2.9336","6.50385","0","0","0","0","0","0","0","0"
"2.63268","0.500044","0.525905","0.0419947","0.552232","0.571614","1.71121","1.69477e-15","3.08529","3.04996","2.94209","6.48097","0","0","0","0","0","0","0","0"
"2.63608","0.500044","0.525905","0.0420023","0.551528","0.570793","1.71338","1.69501e-15","3.08511","3.04987","2.92396","6.4729","0","0","0","0","0","0","0","0"
"2.63958","0.500044","0.525905","0.0420088","0.552396","0.571396","1.71366","1.69677e-15","3.08479","3.05302","2.91783","6.49095","0","0","0","0","0","0","0","0"
"2.64295","0.500044","0.525905","0.0420159","0.552733","0.571802","1.71245","1.69539e-15","3.08158","3.0496","2.91279","6.50435","0","0","0","0","0","0","0","0"
"2.64622","0.500044","0.525787","0.0420215","0.552037","0.571223","1.70744","1.69399e-15","3.08399","3.049","2.92022","6.49033","0","0","0","0","0","0","0","0"
"2.64962","0.500044","0.525787","0.042028","0.551938","0.570691","1.70494","1.69589e-15","3.07989","3.04617","2.91925","6.49853","0","0","0","0","0","0","0","0"
"2.65405","0.500044","0.525787","0.0420355","0.552917","0.571301","1.7119","1.69739e-15","3.08036","3.05092","2.91218","6.50689","0","0","0","0","0","0","0","0"
"2.65853","0.500044","0.525787","0.0420418","0.552299","0.571038","1.71231","1.69448e-15","3.07679","3.05099","2.8963","6.47478","0","0","0","0","0","0","0","0"
"2.66185","0.500044","0.52576","0.0420411","0.552152","0.570723","1.70908","1.69528e-15","3.07358","3.05236","2.89964","6.48146","0","0","0","0","0","0","0","0"
"2.66525","0.500044","0.52576","0.0420402","0.551775","0.570189","1.70237","1.69713e-15","3.07173","3.05476","2.91208","6.49516","0","0","0","0","0","0","0","0"
"2.66863","0.500044","0.52576","0.0420395","0.55171","0.569988","1.71152","1.69592e-15","3.07398","3.05728","2.89534","6.48029","0","0","0","0","0","0","0","0"
"2.67202","0.500044","0.52576","0.0420387","0.551221","0.56953","1.70892","1.69536e-15","3.07332","3.05346","2.89028","6.4854","0","0","0","0","0","0","0","0"
"2.6755","0.500044","0.52576","0.0420345","0.550803","0.568938","1.70398","1.69663e-15","3.07114","3.05319","2.89773","6.48281","0","0","0","0","0","0","0","0"
"2.6788","0.500044","0.525767","0.0420216","0.550353","0.568601","1.69678","1.69509e-15","3.07076","3.05413","2.91372","6.47917","0","0","0","0","0","0","0","0"
"2.68217","0.500044","0.525767","0.0420106","0.549639","0.567717","1.69308","1.69393e-15","3.07027","3.05478","2.91473","6.46075","0","0","0","0","0","0","0","0"
"2.68555","0.500044","0.525767","0.0419978","0.549646","0.567357","1.70757","1.69524e-15","3.07109","3.05165","2.90242","6.46133","0","0","0","0","0","0","0","0"
"2.68893","0.500044","0.525767","0.0419867","0.550076","0.567664","1.71655","1.698e-15","3.07925","3.05906","2.91697","6.48661","0","0","0","0","0","0","0","0"
"2.69242","0.500044","0.525767","0.041978","0.550514","0.568184","1.71538","1.6969e-15","3.08264","3.05968","2.92107","6.47742","0","0","0","0","0","0","0","0"
"2.6957","0.500044","0.52561","0.0419754","0.55028","0.568239","1.70934","1.69574e-15","3.08621","3.05679","2.936","6.4607","0","0","0","0","0","0","0","0"
"2.6991","0.500044","0.52561","0.0419723","0.549817","0.567565","1.70129","1.69708e-15","3.08382","3.05517","2.95546","6.4629","0","0","0","0","0","0","0","0"
"2.70248","0.500044","0.52561","0.0419696","0.55003","0.568057","1.7005","1.69835e-15","3.08057","3.04924","2.9528","6.486","0","0","0","0","0","0","0","0"
"2.70588","0.500044","0.52561","0.0419665","0.549464","0.56754","1.69672","1.6975e-15","3.08259","3.0498","2.95234","6.48686","0","0","0","0","0","0","0","0"
"2.70935","0.500044","0.52561","0.0419655","0.548959","0.567078","1.69","1.6954e-15","3.08794","3.04991","2.96841","6.46923","0","0","0","0","0","0","0","0"
"2.71263","0.500044","0.525227","0.0419663","0.54911","0.567124","1.68903","1.69722e-15","3.08618","3.04493","2.95659","6.50289","0","0","0","0","0","0","0","0"
"2.71615","0.500044","0.525227","0.0419671","0.548854","0.56711","1.68444","1.69831e-15","3.08333","3.04287","2.96299","6.5285","0","0","0","0","0","0","0","0"
"2.7194","0.500044","0.525227","0.0419679","0.54875","0.56686","1.68061","1.69758e-15","3.07882","3.04133","2.96313","6.53182","0","0","0","0","0","0","0","0"
"2.72278","0.500044","0.525227","0.0419686","0.548538","0.566589","1.68097","1.69581e-15","3.08372","3.04315","2.94968","6.51675","0","0","0","0","0","0","0","0"
"2.72627","0.500044","0.525227","0.0419707","0.548922","0.566468","1.68112","1.69552e-15","3.08225","3.04309","2.94011","6.50995","0","0","0","0","0","0","0","0"
"2.72955","0.500044","0.525058","0.0419734","0.549731","0.56724","1.68208","1.69736e-15","3.08294","3.04404","2.93151","6.53758","0","0","0","0","0","0","0","0"
"2.7331","0.500044","0.525058","0.0419766","0.549029","0.566863","1.67477","1.69649e-15","3.08611","3.04329","2.94753","6.54282","0","0","0","0","0","0","0","0"
"2.73737","0.500044","0.525058","0.0419802","0.549363","0.567279","1.67124","1.69473e-15","3.08318","3.03608","2.94476","6.52976","0","0","0","0","0","0","0","0"
"2.74187","0.500044","0.525058","0.041986","0.548385","0.56643","1.66309","1.69749e-15","3.08521","3.04148","2.96258","6.55158","0","0","0","0","0","0","0","0"
"2.74518","0.500044","0.524915","0.0419939","0.548565","0.56642","1.66004","1.69701e-15","3.09315","3.04647","2.96488","6.54751","0","0","0","0","0","0","0","0"
"2.74857","0.500044","0.524915","0.0420031","0.549046","0.567315","1.6621","1.69575e-15","3.09026","3.03831","2.95171","6.52599","0","0","0","0","0","0","0","0"
"2.75195","0.500044","0.524915","0.042011","0.54867","0.566985","1.65833","1.69719e-15","3.08744","3.03853","2.95468","6.54169","0","0","0","0","0","0","0","0"
"2.75533","0.500044","0.524915","0.0420202","0.549403","0.567569","1.66854","1.69971e-15","3.08324","3.03585","2.93349","6.57332","0","0","0","0","0","0","0","0"
"2.75882","0.500044","0.524915","0.0420258","0.549849","0.567891","1.67579","1.69839e-15","3.08226","3.03347","2.92438","6.57114","0","0","0","0","0","0","0","0"
"2.7621","0.500044","0.524931","0.0420268","0.550004","0.567911","1.67004","1.69654e-15","3.0757","3.02849","2.93293","6.55188","0","0","0","0","0","0","0","0"
"2.7655","0.500044","0.524931","0.0420277","0.550275","0.567974","1.66549","1.69814e-15","3.06957","3.02473","2.93881","6.55855","0","0","0","0","0","0","0","0"
"2.76888","0.500044","0.524931","0.0420288","0.550479","0.568302","1.66515","1.69985e-15","3.06485","3.02606","2.93792","6.57206","0","0","0","0","0","0","0","0"
"2.77227","0.500044","0.524931","0.0420297","0.550824","0.568935","1.67804","1.70032e-15","3.0648","3.02728","2.93267","6.58279","0","0","0","0","0","0","0","0"
"2.77575","0.500044","0.524931","0.0420313","0.551962","0.570383","1.68515","1.69759e-15","3.0682","3.03141","2.94142","6.5622","0","0","0","0","0","0","0","0"
"2.77903","0.500044","0.525007","0.0420332","0.552637","0.571115","1.69988","1.69912e-15","3.07036","3.03079","2.93606","6.55637","0","0","0","0","0","0","0","0"
"2.78242","0.500044","0.525007","0.0420354","0.552397","0.571042","1.69685","1.70054e-15","3.07213","3.03053","2.93109","6.56856","0","0","0","0","0","0","0","0"
"2.7858","0.500044","0.525007","0.0420373","0.552351","0.57063","1.70338","1.69928e-15","3.07249","3.02917","2.91503","6.55748","0","0","0","0","0","0","0","0"
"2.78918","0.500044","0.525007","0.0420396","0.551982","0.570493","1.70333","1.6975e-15","3.06996","3.02756","2.90233","6.5498","0","0","0","0","0","0","0","0"
"2.79268","0.500044","0.525007","0.0420385","0.551697","0.570159","1.69948","1.69792e-15","3.06807","3.02477","2.90455","6.53363","0","0","0","0","0","0","0","0"
"2.79597","0.500044","0.525299","0.0420338","0.551107","0.569616","1.69305","1.70058e-15","3.06682","3.02672","2.91856","6.56647","0","0","0","0","0","0","0","0"
"2.79935","0.500044","0.525299","0.0420298","0.55141","0.570142","1.69411","1.70095e-15","3.07247","3.03409","2.90975","6.5678","0","0","0","0","0","0","0","0"
"2.80273","0.500044","0.525299","0.0420251","0.55167","0.570373","1.68861","1.69904e-15","3.07058","3.03516","2.91757","6.54808","0","0","0","0","0","0","0","0"
"2.80612","0.500044","0.525299","0.042021","0.551648","0.570077","1.68628","1.69988e-15","3.06767","3.03247","2.91443","6.54752","0","0","0","0","0","0","0","0"
"2.8096","0.500044","0.525299","0.0420188","0.551751","0.569871","1.6838","1.70036e-15","3.06756","3.02822","2.91641","6.53438","0","0","0","0","0","0","0","0"
"2.81288","0.500044","0.525641","0.0420186","0.551891","0.570019","1.68941","1.7014e-15","3.06398","3.02638","2.90388","6.55353","0","0","0","0","0","0","0","0"
"2.81627","0.500044","0.525641","0.0420183","0.552948","0.571281","1.69306","1.6997e-15","3.06772","3.03801","2.9028","6.53466","0","0","0","0","0","0","0","0"
"2.8207","0.500044","0.525641","0.0420179","0.552611","0.570772","1.68968","1.70077e-15","3.06779","3.03464","2.91013","6.52501","0","0","0","0","0","0","0","0"
"2.8252","0.500044","0.525641","0.0420193","0.553637","0.572294","1.69438","1.702e-15","3.06628","3.03458","2.90397","6.52858","0","0","0","0","0","0","0","0"
"2.82852","0.500044","0.525568","0.0420243","0.553244","0.572155","1.69679","1.69998e-15","3.06461","3.03114","2.88658","6.51288","0","0","0","0","0","0","0","0"
"2.8319","0.500044","0.525568","0.0420301","0.553219","0.572309","1.69408","1.69854e-15","3.06153","3.0268","2.88794","6.48457","0","0","0","0","0","0","0","0"
"2.83528","0.500044","0.525568","0.0420351","0.553164","0.572211","1.68984","1.70056e-15","3.06062","3.02627","2.89451","6.50001","0","0","0","0","0","0","0","0"
"2.83867","0.500044","0.525568","0.0420409","0.553267","0.572637","1.69299","1.70248e-15","3.0635","3.02535","2.87911","6.54407","0","0","0","0","0","0","0","0"
"2.84217","0.500044","0.525568","0.0420452","0.553144","0.57292","1.7","1.70123e-15","3.05948","3.02811","2.86062","6.53599","0","0","0","0","0","0","0","0"
"2.84547","0.500044","0.525768","0.0420487","0.552507","0.572054","1.69639","1.69934e-15","3.05812","3.02873","2.86088","6.5201","0","0","0","0","0","0","0","0"
"2.84883","0.500044","0.525768","0.0420518","0.552092","0.571187","1.69489","1.70073e-15","3.05876","3.0297","2.85744","6.54402","0","0","0","0","0","0","0","0"
"2.85222","0.500044","0.525768","0.0420553","0.551931","0.571016","1.70145","1.70326e-15","3.05893","3.02714","2.83568","6.56308","0","0","0","0","0","0","0","0"
"2.8556","0.500044","0.525768","0.0420584","0.55204","0.57132","1.70157","1.70255e-15","3.05626","3.02622","2.82523","6.56036","0","0","0","0","0","0","0","0"
"2.8591","0.500044","0.525768","0.0420598","0.551962","0.57107","1.70022","1.70056e-15","3.05434","3.02807","2.81991","6.53859","0","0","0","0","0","0","0","0"
"2.86237","0.500044","0.526047","0.0420586","0.551888","0.57083","1.69647","1.70149e-15","3.05238","3.02587","2.82279","6.5273","0","0","0","0","0","0","0","0"
"2.86575","0.500044","0.526047","0.0420571","0.551597","0.570786","1.68912","1.70369e-15","3.05271","3.02897","2.84069","6.54141","0","0","0","0","0","0","0","0"
"2.86927","0.500044","0.526047","0.0420559","0.551351","0.570548","1.68666","1.70376e-15","3.05101","3.02505","2.83773","6.54311","0","0","0","0","0","0","0","0"
"2.87253","0.500044","0.526047","0.0420545","0.551139","0.57065","1.68174","1.70157e-15","3.05118","3.02282","2.84255","6.5308","0","0","0","0","0","0","0","0"
"2.87602","0.500044","0.526047","0.0420518","0.550358","0.569841","1.67497","1.69976e-15","3.05357","3.02533","2.85866","6.51156","0","0","0","0","0","0","0","0"
"2.8793","0.500044","0.525956","0.0420467","0.550201","0.569837","1.67073","1.70208e-15","3.05299","3.02511","2.86041","6.53373","0","0","0","0","0","0","0","0"
"2.88268","0.500044","0.525956","0.0420425","0.549929","0.569682","1.66542","1.70362e-15","3.05132","3.02426","2.87195","6.54809","0","0","0","0","0","0","0","0"
"2.88607","0.500044","0.525956","0.0420374","0.549624","0.56922","1.65725","1.70346e-15","3.05054","3.02442","2.89296","6.55789","0","0","0","0","0","0","0","0"
"2.88945","0.500044","0.525956","0.0420332","0.550809","0.570283","1.67389","1.7023e-15","3.08697","3.03852","2.93016","6.54961","0","0","0","0","0","0","0","0"
"2.89305","0.500044","0.525956","0.0420298","0.55092","0.570325","1.685","1.70037e-15","3.08585","3.03889","2.90519","6.529","0","0","0","0","0","0","0","0"
"2.89633","0.500044","0.525755","0.0420281","0.551491","0.570469","1.69633","1.70216e-15","3.08465","3.03569","2.88808","6.53529","0","0","0","0","0","0","0","0"
"2.89972","0.500044","0.525755","0.042026","0.551272","0.570639","1.69439","1.70516e-15","3.08372","3.03678","2.88208","6.58119","0","0","0","0","0","0","0","0"
"2.90388","0.500044","0.525755","0.0420236","0.551579","0.570593","1.69291","1.70517e-15","3.07717","3.03529","2.87697","6.59286","0","0","0","0","0","0","0","0"
"2.90727","0.500044","0.525755","0.0420219","0.551193","0.570238","1.68797","1.70338e-15","3.07455","3.03232","2.88359","6.5815","0","0","0","0","0","0","0","0"
"2.91077","0.500044","0.525755","0.04202","0.551411","0.570445","1.69225","1.70281e-15","3.07031","3.02914","2.87639","6.57005","0","0","0","0","0","0","0","0"
"2.91407","0.500044","0.5256","0.0420185","0.551371","0.570123","1.69122","1.70458e-15","3.06617","3.0283","2.86876","6.58383","0","0","0","0","0","0","0","0"
"2.91745","0.500044","0.5256","0.0420166","0.551244","0.570333","1.68504","1.70584e-15","3.06804","3.0288","2.879","6.60471","0","0","0","0","0","0","0","0"
"2.92083","0.500044","0.5256","0.0420151","0.551275","0.570595","1.68447","1.70474e-15","3.06878","3.02565","2.87299","6.59153","0","0","0","0","0","0","0","0"
"2.92518","0.500044","0.5256","0.0420123","0.552119","0.570891","1.69151","1.70244e-15","3.0647","3.01988","2.91269","6.56302","0","0","0","0","0","0","0","0"
"2.92838","0.500044","0.525663","0.0420095","0.551957","0.571132","1.70616","1.70397e-15","3.06303","3.01884","2.90276","6.57553","0","0","0","0","0","0","0","0"
"2.93177","0.500044","0.525663","0.0420067","0.552718","0.571808","1.70705","1.70493e-15","3.07149","3.02252","2.89843","6.58398","0","0","0","0","0","0","0","0"
"2.93515","0.500044","0.525663","0.0420035","0.552472","0.571584","1.70338","1.70298e-15","3.06959","3.02299","2.90393","6.56988","0","0","0","0","0","0","0","0"
"2.93853","0.500044","0.525663","0.0420007","0.55259","0.571787","1.70039","1.70377e-15","3.07177","3.02582","2.91069","6.56075","0","0","0","0","0","0","0","0"
"2.94202","0.500044","0.525663","0.0419968","0.552255","0.571686","1.6937","1.70457e-15","3.07195","3.03753","2.92448","6.56521","0","0","0","0","0","0","0","0"
"2.9453","0.500044","0.525717","0.0419923","0.551768","0.571542","1.68973","1.70276e-15","3.07054","3.03418","2.93037","6.55357","0","0","0","0","0","0","0","0"
"2.94868","0.500044","0.525717","0.041987","0.551292","0.571069","1.6882","1.70237e-15","3.0682","3.0305","2.92289","6.54997","0","0","0","0","0","0","0","0"
"2.95208","0.500044","0.525717","0.0419825","0.551488","0.571188","1.68377","1.70455e-15","3.0688","3.03171","2.92694","6.56315","0","0","0","0","0","0","0","0"
"2.95547","0.500044","0.525717","0.0419772","0.551512","0.571355","1.68951","1.70502e-15","3.06885","3.04272","2.90367","6.5788","0","0","0","0","0","0","0","0"
"2.95898","0.500044","0.525717","0.0419722","0.551434","0.571477","1.6963","1.7031e-15","3.07152","3.04233","2.88291","6.56262","0","0","0","0","0","0","0","0"
"2.96223","0.500044","0.525933","0.0419656","0.552414","0.572071","1.71487","1.7016e-15","3.08064","3.04779","2.88411","6.54568","0","0","0","0","0","0","0","0"
"2.96562","0.500044","0.525933","0.0419599","0.551911","0.571688","1.71075","1.70343e-15","3.0814","3.05051","2.8898","6.5588","0","0","0","0","0","0","0","0"
"2.969","0.500044","0.525933","0.0419532","0.551756","0.571443","1.7133","1.70435e-15","3.08231","3.0513","2.8805","6.57595","0","0","0","0","0","0","0","0"
"2.97238","0.500044","0.525933","0.0419475","0.553337","0.572753","1.71506","1.7022e-15","3.08954","3.05128","2.87455","6.56436","0","0","0","0","0","0","0","0"
"2.97588","0.500044","0.525933","0.0419402","0.553527","0.572928","1.71203","1.7012e-15","3.08517","3.05373","2.87254","6.55094","0","0","0","0","0","0","0","0"
"2.97927","0.500044","0.525993","0.041932","0.55324","0.572445","1.70651","1.70308e-15","3.08263","3.05127","2.88019","6.57624","0","0","0","0","0","0","0","0"
"2.98263","0.500044","0.525993","0.0419249","0.553969","0.573292","1.70161","1.70187e-15","3.07854","3.04695","2.88895","6.55415","0","0","0","0","0","0","0","0"
"2.98733","0.500044","0.525993","0.0419143","0.554573","0.573961","1.69312","1.70225e-15","3.08123","3.04203","2.90531","6.54387","0","0","0","0","0","0","0","0"
"2.99187","0.500044","0.525993","0.0419041","0.553984","0.573065","1.6954","1.70226e-15","3.08427","3.04343","2.89347","6.55938","0","0","0","0","0","0","0","0"
"2.99513","0.500044","0.52611","0.0418981","0.553187","0.572568","1.68931","1.70013e-15","3.08256","3.04166","2.90713","6.54919","0","0","0","0","0","0","0","0"
"2.99855","0.500044","0.52611","0.0418911","0.553789","0.573297","1.69129","1.70196e-15","3.07521","3.04266","2.89236","6.55652","0","0","0","0","0","0","0","0"
"3.00192","0.500044","0.52611","0.041885","0.553886","0.573429","1.69295","1.7025e-15","3.07597","3.04805","2.88214","6.55359","0","0","0","0","0","0","0","0"
"3.00535","0.500044","0.52611","0.041878","0.554031","0.573745","1.69283","1.70092e-15","3.0712","3.04501","2.87625","6.52845","0","0","0","0","0","0","0","0"
"3.00878","0.500044","0.52611","0.0418733","0.553529","0.57383","1.68701","1.6997e-15","3.07061","3.03951","2.88829","6.50628","0","0","0","0","0","0","0","0"
"3.01208","0.500044","0.526511","0.0418708","0.553391","0.573521","1.68195","1.70134e-15","3.0678","3.04294","2.89505","6.52277","0","0","0","0","0","0","0","0"
"3.01545","0.500044","0.526511","0.0418687","0.552814","0.572845","1.67717","1.70079e-15","3.07283","3.04401","2.90162","6.51433","0","0","0","0","0","0","0","0"
"3.01883","0.500044","0.526511","0.0418662","0.552763","0.572962","1.67163","1.69969e-15","3.07203","3.03693","2.91172","6.49438","0","0","0","0","0","0","0","0"
"3.02222","0.500044","0.526511","0.0418641","0.552548","0.572318","1.66987","1.70081e-15","3.06963","3.03861","2.91781","6.49919","0","0","0","0","0","0","0","0"
"3.0257","0.500044","0.526511","0.0418609","0.553746","0.573682","1.69835","1.70132e-15","3.07274","3.05437","2.99141","6.49762","0","0","0","0","0","0","0","0"
"3.029","0.500044","0.526664","0.0418573","0.553297","0.573426","1.69241","1.70038e-15","3.07158","3.0543","3.00321","6.48534","0","0","0","0","0","0","0","0"
"3.03238","0.500044","0.526664","0.041853","0.552825","0.572909","1.68599","1.70001e-15","3.07892","3.05875","3.01957","6.47306","0","0","0","0","0","0","0","0"
"3.03577","0.500044","0.526664","0.0418494","0.552408","0.572372","1.68893","1.70191e-15","3.08089","3.0567","3.01851","6.4893","0","0","0","0","0","0","0","0"
"3.03915","0.500044","0.526664","0.0418452","0.551792","0.571284","1.69495","1.70194e-15","3.0781","3.05756","2.99965","6.48927","0","0","0","0","0","0","0","0"
"3.04263","0.500044","0.526664","0.0418434","0.55208","0.571664","1.6906","1.70018e-15","3.07968","3.05702","3.00434","6.46634","0","0","0","0","0","0","0","0"
"3.04592","0.500044","0.526644","0.0418436","0.55294","0.572517","1.68611","1.70275e-15","3.07748","3.06141","3.00835","6.50015","0","0","0","0","0","0","0","0"
"3.0493","0.500044","0.526644","0.0418438","0.552191","0.571793","1.68901","1.7029e-15","3.07979","3.06283","2.99654","6.49934","0","0","0","0","0","0","0","0"
"3.05268","0.500044","0.526644","0.0418439","0.551947","0.572102","1.68634","1.70228e-15","3.07932","3.06531","2.9978","6.49164","0","0","0","0","0","0","0","0"
"3.05607","0.500044","0.526644","0.0418441","0.552419","0.572198","1.70298","1.70449e-15","3.0816","3.06441","3.00456","6.51094","0","0","0","0","0","0","0","0"
"3.05957","0.500044","0.526644","0.0418443","0.552048","0.57237","1.70274","1.70276e-15","3.08129","3.07624","2.9905","6.49786","0","0","0","0","0","0","0","0"
"3.06285","0.500044","0.52648","0.0418445","0.553006","0.573245","1.71618","1.70385e-15","3.0805","3.0749","2.97426","6.47731","0","0","0","0","0","0","0","0"
"3.06623","0.500044","0.52648","0.0418447","0.552969","0.573388","1.71463","1.70584e-15","3.08106","3.08308","2.97135","6.52487","0","0","0","0","0","0","0","0"
"3.07065","0.500044","0.52648","0.041845","0.553161","0.57379","1.70964","1.70479e-15","3.08938","3.09075","2.97415","6.50567","0","0","0","0","0","0","0","0"
"3.07507","0.500044","0.52648","0.0418452","0.552874","0.573152","1.70748","1.70582e-15","3.09295","3.09061","2.97005","6.50551","0","0","0","0","0","0","0","0"
"3.07865","0.500044","0.52648","0.0418429","0.552321","0.572795","1.69959","1.70542e-15","3.09076","3.08632","2.98302","6.51655","0","0","0","0","0","0","0","0"
"3.08198","0.500044","0.52639","0.041841","0.55171","0.572137","1.69606","1.70339e-15","3.09139","3.08882","2.983","6.49773","0","0","0","0","0","0","0","0"
"3.08535","0.500044","0.52639","0.0418393","0.551868","0.572173","1.69196","1.70546e-15","3.09178","3.09052","2.98809","6.50052","0","0","0","0","0","0","0","0"
"3.08875","0.500044","0.52639","0.0418373","0.551062","0.57126","1.68437","1.70603e-15","3.09323","3.09267","3.00527","6.51491","0","0","0","0","0","0","0","0"
"3.09227","0.500044","0.52639","0.0418356","0.551588","0.571584","1.68045","1.7042e-15","3.09294","3.08862","3.0118","6.49728","0","0","0","0","0","0","0","0"
"3.09548","0.500044","0.526499","0.0418337","0.551587","0.571719","1.68638","1.70403e-15","3.0918","3.08909","2.98704","6.50019","0","0","0","0","0","0","0","0"
"3.09905","0.500044","0.526499","0.0418319","0.551074","0.571318","1.68749","1.70474e-15","3.09246","3.08473","2.98505","6.52343","0","0","0","0","0","0","0","0"
"3.10238","0.500044","0.526499","0.0418303","0.550965","0.571176","1.68152","1.70349e-15","3.09207","3.08203","2.99678","6.51891","0","0","0","0","0","0","0","0"
"3.10572","0.500044","0.526499","0.0418287","0.552136","0.572294","1.70019","1.70357e-15","3.09617","3.07976","3.02385","6.51612","0","0","0","0","0","0","0","0"
"3.1093","0.500044","0.526499","0.0418284","0.551891","0.572345","1.70045","1.70426e-15","3.10314","3.08559","3.01131","6.50454","0","0","0","0","0","0","0","0"
"3.11257","0.500044","0.526431","0.0418302","0.551886","0.57241","1.69895","1.70284e-15","3.09678","3.07839","3.00605","6.48717","0","0","0","0","0","0","0","0"
"3.11595","0.500044","0.526431","0.0418318","0.552204","0.572792","1.70013","1.70331e-15","3.09199","3.08131","2.99696","6.48156","0","0","0","0","0","0","0","0"
"3.11933","0.500044","0.526431","0.0418336","0.552073","0.572594","1.70686","1.70377e-15","3.08671","3.07693","2.97389","6.49121","0","0","0","0","0","0","0","0"
"3.12272","0.500044","0.526431","0.0418351","0.551863","0.572401","1.70177","1.70187e-15","3.08484","3.07261","2.98232","6.48294","0","0","0","0","0","0","0","0"
"3.1262","0.500044","0.526431","0.0418357","0.551697","0.572551","1.69908","1.70075e-15","3.08798","3.07113","2.98791","6.46796","0","0","0","0","0","0","0","0"
"3.12948","0.500044","0.526387","0.0418354","0.551272","0.57222","1.706","1.70157e-15","3.08648","3.06914","2.97101","6.47511","0","0","0","0","0","0","0","0"
"3.13288","0.500044","0.526387","0.041835","0.550674","0.572162","1.69954","1.7005e-15","3.09108","3.07596","2.98363","6.46173","0","0","0","0","0","0","0","0"
"3.13625","0.500044","0.526387","0.0418347","0.550112","0.57158","1.69648","1.70036e-15","3.09023","3.07628","2.98695","6.46615","0","0","0","0","0","0","0","0"
"3.13972","0.500044","0.526387","0.0418343","0.549989","0.571639","1.69031","1.70087e-15","3.08526","3.06832","2.99825","6.46137","0","0","0","0","0","0","0","0"
"3.14312","0.500044","0.526387","0.0418325","0.549841","0.571235","1.68776","1.69892e-15","3.08466","3.07287","2.99625","6.44476","0","0","0","0","0","0","0","0"
"3.14642","0.500044","0.526482","0.0418296","0.55025","0.571826","1.68379","1.70053e-15","3.08194","3.06566","3.00159","6.4621","0","0","0","0","0","0","0","0"
"3.1498","0.500044","0.526482","0.0418271","0.550799","0.572251","1.67898","1.69984e-15","3.08053","3.06089","3.00947","6.4578","0","0","0","0","0","0","0","0"
"3.15397","0.500044","0.526482","0.0418238","0.55086","0.572563","1.67218","1.69917e-15","3.07942","3.0607","3.02182","6.44244","0","0","0","0","0","0","0","0"
"3.15855","0.500044","0.526482","0.0418187","0.550206","0.57198","1.67134","1.69948e-15","3.07935","3.06203","3.00705","6.43998","0","0","0","0","0","0","0","0"
"3.16178","0.500044","0.526354","0.0418119","0.549372","0.571184","1.67546","1.6996e-15","3.08135","3.06326","2.99071","6.44934","0","0","0","0","0","0","0","0"
"3.16517","0.500044","0.526354","0.0418039","0.549446","0.571348","1.67405","1.69967e-15","3.07684","3.0579","2.98244","6.44697","0","0","0","0","0","0","0","0"
"3.1686","0.500044","0.526354","0.0417971","0.549849","0.571945","1.66873","1.6979e-15","3.07828","3.06476","2.99479","6.42675","0","0","0","0","0","0","0","0"
"3.17195","0.500044","0.526354","0.0417892","0.549575","0.571607","1.66459","1.6992e-15","3.08016","3.0629","2.99793","6.42769","0","0","0","0","0","0","0","0"
"3.17542","0.500044","0.526354","0.0417851","0.549923","0.572025","1.66133","1.69799e-15","3.07725","3.05925","3.00126","6.41655","0","0","0","0","0","0","0","0"
"3.17872","0.500044","0.52635","0.0417866","0.549175","0.571468","1.65784","1.69736e-15","3.07812","3.06094","3","6.39751","0","0","0","0","0","0","0","0"
"3.18208","0.500044","0.52635","0.041788","0.548915","0.571141","1.65566","1.69827e-15","3.08102","3.06461","2.9998","6.41108","0","0","0","0","0","0","0","0"
"3.18548","0.500044","0.52635","0.0417896","0.548545","0.571224","1.64847","1.69668e-15","3.07846","3.0568","3.01592","6.39848","0","0","0","0","0","0","0","0"
"3.18882","0.500044","0.52635","0.0417909","0.547754","0.570782","1.64231","1.6971e-15","3.07883","3.05468","3.03012","6.41035","0","0","0","0","0","0","0","0"
"3.1923","0.500044","0.52635","0.0417922","0.547762","0.571179","1.6373","1.69667e-15","3.083","3.06456","3.0391","6.40784","0","0","0","0","0","0","0","0"
"3.19585","0.500044","0.526386","0.0417934","0.547451","0.57097","1.63523","1.69561e-15","3.0804","3.06004","3.04144","6.41024","0","0","0","0","0","0","0","0"
"3.19923","0.500044","0.526386","0.0417946","0.547207","0.570838","1.63216","1.69693e-15","3.0808","3.06857","3.04241","6.42202","0","0","0","0","0","0","0","0"
"3.20258","0.500044","0.526386","0.0417956","0.546755","0.570563","1.62948","1.69551e-15","3.07924","3.07002","3.04699","6.40838","0","0","0","0","0","0","0","0"
"3.20598","0.500044","0.526386","0.0417968","0.546428","0.570009","1.63319","1.6964e-15","3.07687","3.0662","3.0255","6.42237","0","0","0","0","0","0","0","0"
"3.2095","0.500044","0.526386","0.0417955","0.547329","0.57115","1.64442","1.69592e-15","3.07503","3.06384","3.01379","6.42","0","0","0","0","0","0","0","0"
"3.21277","0.500044","0.526324","0.0417914","0.547049","0.570681","1.6419","1.6941e-15","3.07632","3.06303","3.00999","6.40134","0","0","0","0","0","0","0","0"
"3.21615","0.500044","0.526324","0.0417878","0.547169","0.570614","1.64409","1.696e-15","3.07483","3.06584","2.99189","6.41218","0","0","0","0","0","0","0","0"
"3.21953","0.500044","0.526324","0.0417836","0.546281","0.569807","1.64291","1.69489e-15","3.0743","3.06491","2.98153","6.41201","0","0","0","0","0","0","0","0"
"3.22288","0.500044","0.526324","0.04178","0.546529","0.570244","1.63752","1.69535e-15","3.0777","3.06754","2.99175","6.39907","0","0","0","0","0","0","0","0"
"3.22635","0.500044","0.526324","0.0417754","0.546772","0.570229","1.63691","1.69579e-15","3.08235","3.07628","2.98869","6.39377","0","0","0","0","0","0","0","0"
"3.22963","0.500044","0.526218","0.0417712","0.546542","0.570354","1.63582","1.6955e-15","3.08711","3.07981","2.98182","6.38091","0","0","0","0","0","0","0","0"
"3.23303","0.500044","0.526218","0.0417663","0.547063","0.57046","1.63284","1.69723e-15","3.08926","3.07954","2.9794","6.39514","0","0","0","0","0","0","0","0"
"3.2374","0.500044","0.526218","0.0417607","0.547795","0.570447","1.63514","1.6962e-15","3.08701","3.07278","2.95933","6.40152","0","0","0","0","0","0","0","0"
"3.24185","0.500044","0.526218","0.0417548","0.547788","0.570773","1.62966","1.69688e-15","3.08906","3.06993","2.9624","6.41246","0","0","0","0","0","0","0","0"
"3.24517","0.500044","0.52614","0.041752","0.548156","0.571168","1.62776","1.6947e-15","3.08552","3.07083","2.96283","6.41282","0","0","0","0","0","0","0","0"
"3.24855","0.500044","0.52614","0.0417487","0.549068","0.572231","1.62713","1.69427e-15","3.0884","3.07249","2.95759","6.40425","0","0","0","0","0","0","0","0"
"3.25193","0.500044","0.52614","0.0417459","0.54896","0.572106","1.6207","1.69595e-15","3.08513","3.07033","2.97374","6.43739","0","0","0","0","0","0","0","0"
"3.25528","0.500044","0.52614","0.0417426","0.548935","0.571997","1.61909","1.69433e-15","3.08151","3.06628","2.9693","6.42546","0","0","0","0","0","0","0","0"
"3.25873","0.500044","0.52614","0.0417406","0.548828","0.572252","1.62031","1.69425e-15","3.07916","3.06543","2.95564","6.41793","0","0","0","0","0","0","0","0"
"3.26208","0.500044","0.526185","0.0417401","0.548331","0.571632","1.61675","1.69504e-15","3.08049","3.06627","2.9591","6.42552","0","0","0","0","0","0","0","0"
"3.26545","0.500044","0.526185","0.0417396","0.547721","0.5716","1.61369","1.69338e-15","3.07912","3.06907","2.95898","6.40972","0","0","0","0","0","0","0","0"
"3.28442","0.500044","0.526185","0.0417372","0.547378","0.571331","1.60693","1.69358e-15","3.07759","3.07486","2.94499","6.43026","0","0","0","0","0","0","0","0"
"3.28638","0.500044","0.526185","0.0417368","0.547691","0.571858","1.60249","1.69279e-15","3.07914","3.07834","2.95293","6.4135","0","0","0","0","0","0","0","0"
"3.28937","0.500044","0.526185","0.0417363","0.548104","0.571879","1.62037","1.69445e-15","3.07999","3.08264","2.94908","6.421","0","0","0","0","0","0","0","0"
"3.29282","0.500044","0.526468","0.0417352","0.54752","0.571473","1.62055","1.69328e-15","3.0806","3.08205","2.94065","6.41533","0","0","0","0","0","0","0","0"
"3.29622","0.500044","0.526613","0.0417333","0.548228","0.571698","1.62723","1.69318e-15","3.07552","3.07751","2.92566","6.41279","0","0","0","0","0","0","0","0"
"3.29963","0.500044","0.526613","0.0417314","0.547871","0.57113","1.63018","1.69468e-15","3.07257","3.07845","2.91165","6.44009","0","0","0","0","0","0","0","0"
"3.30302","0.500044","0.526613","0.0417298","0.548443","0.572041","1.6353","1.69217e-15","3.07264","3.07915","2.89795","6.42787","0","0","0","0","0","0","0","0"
"3.3064","0.500044","0.526613","0.0417278","0.548226","0.57204","1.63542","1.69333e-15","3.06759","3.07332","2.89188","6.43847","0","0","0","0","0","0","0","0"
"3.30997","0.500044","0.526613","0.0417256","0.548148","0.571988","1.64214","1.69263e-15","3.06414","3.07155","2.87105","6.43954","0","0","0","0","0","0","0","0"
"3.31318","0.500044","0.526594","0.0417227","0.547668","0.571985","1.63985","1.69236e-15","3.06402","3.07257","2.8743","6.42063","0","0","0","0","0","0","0","0"
"3.31657","0.500044","0.526594","0.0417202","0.548418","0.572737","1.65336","1.69415e-15","3.06607","3.08148","2.87454","6.42686","0","0","0","0","0","0","0","0"
"3.32073","0.500044","0.526594","0.0417169","0.547741","0.572029","1.64677","1.69252e-15","3.06533","3.08308","2.88433","6.4092","0","0","0","0","0","0","0","0"
"3.32518","0.500044","0.526594","0.041712","0.547607","0.571775","1.63964","1.69341e-15","3.07021","3.09051","2.89699","6.42612","0","0","0","0","0","0","0","0"
"3.32853","0.500044","0.526555","0.0417061","0.547716","0.571617","1.63959","1.69121e-15","3.07279","3.08949","2.88665","6.41244","0","0","0","0","0","0","0","0"
"3.33193","0.500044","0.526555","0.0416992","0.547556","0.571859","1.63863","1.69329e-15","3.07456","3.09681","2.87873","6.42584","0","0","0","0","0","0","0","0"
"3.33532","0.500044","0.526555","0.0416934","0.547237","0.571532","1.64674","1.6932e-15","3.07388","3.09638","2.86158","6.42042","0","0","0","0","0","0","0","0"
"3.3387","0.500044","0.526555","0.0416865","0.546686","0.57105","1.64791","1.69389e-15","3.07112","3.09357","2.85831","6.41503","0","0","0","0","0","0","0","0"
"3.34218","0.500044","0.526555","0.0416806","0.546784","0.570991","1.64416","1.69549e-15","3.07139","3.08605","2.86605","6.42974","0","0","0","0","0","0","0","0"
"3.34547","0.500044","0.526515","0.0416734","0.547042","0.570656","1.65598","1.69415e-15","3.07776","3.08272","2.85011","6.40659","0","0","0","0","0","0","0","0"
"3.34885","0.500044","0.526515","0.0416673","0.54708","0.570655","1.65524","1.69638e-15","3.07619","3.08259","2.84517","6.40996","0","0","0","0","0","0","0","0"
"3.35225","0.500044","0.526515","0.0416602","0.546558","0.569871","1.65608","1.69559e-15","3.07242","3.08313","2.83621","6.41019","0","0","0","0","0","0","0","0"
"3.35562","0.500044","0.526515","0.0416541","0.54586","0.569201","1.65536","1.69728e-15","3.07844","3.0871","2.8307","6.42961","0","0","0","0","0","0","0","0"
"3.35912","0.500044","0.526515","0.0416506","0.546016","0.569141","1.65201","1.69692e-15","3.07881","3.08716","2.83315","6.43505","0","0","0","0","0","0","0","0"
"3.3624","0.500044","0.526389","0.0416518","0.546354","0.56936","1.64731","1.69817e-15","3.0742","3.08324","2.83988","6.44938","0","0","0","0","0","0","0","0"
"3.36577","0.500044","0.526389","0.0416532","0.547029","0.569707","1.64578","1.69926e-15","3.07388","3.08219","2.83623","6.46493","0","0","0","0","0","0","0","0"
"3.36917","0.500044","0.526389","0.0416543","0.546312","0.56903","1.64527","1.69829e-15","3.07578","3.08161","2.82938","6.44882","0","0","0","0","0","0","0","0"
"3.37255","0.500044","0.526389","0.0416557","0.546899","0.569203","1.64997","1.69947e-15","3.07038","3.07627","2.82141","6.4508","0","0","0","0","0","0","0","0"
"3.37603","0.500044","0.526389","0.0416567","0.547031","0.569225","1.65047","1.69774e-15","3.06452","3.07448","2.81149","6.44074","0","0","0","0","0","0","0","0"
"3.37932","0.500044","0.526179","0.0416576","0.547845","0.57013","1.6675","1.69939e-15","3.05703","3.07796","2.84206","6.47169","0","0","0","0","0","0","0","0"
"3.3827","0.500044","0.526179","0.0416584","0.54788","0.569798","1.66607","1.69834e-15","3.05558","3.0785","2.83831","6.45851","0","0","0","0","0","0","0","0"
"3.38617","0.500044","0.526179","0.0416593","0.548085","0.569856","1.66508","1.69924e-15","3.0519","3.0762","2.83903","6.48101","0","0","0","0","0","0","0","0"
"3.38955","0.500044","0.526179","0.0416602","0.547912","0.569598","1.67583","1.69862e-15","3.05006","3.07416","2.82432","6.4755","0","0","0","0","0","0","0","0"
"3.39305","0.500044","0.526179","0.0416646","0.547761","0.56985","1.67379","1.69753e-15","3.05192","3.07002","2.82283","6.44925","0","0","0","0","0","0","0","0"
"3.39633","0.500044","0.526083","0.0416705","0.548688","0.570839","1.67236","1.69692e-15","3.05231","3.0669","2.8192","6.45125","0","0","0","0","0","0","0","0"
"3.39972","0.500044","0.526083","0.0416775","0.548027","0.570315","1.66789","1.69806e-15","3.04944","3.06391","2.82996","6.45408","0","0","0","0","0","0","0","0"
"3.40397","0.500044","0.526083","0.0416855","0.547839","0.570351","1.66555","1.69802e-15","3.04825","3.06472","2.84021","6.45606","0","0","0","0","0","0","0","0"
"3.40733","0.500044","0.526083","0.0416915","0.547889","0.570571","1.6637","1.69864e-15","3.04567","3.06221","2.83785","6.47274","0","0","0","0","0","0","0","0"
"3.41075","0.500044","0.526083","0.0416967","0.547435","0.570281","1.66061","1.69774e-15","3.04229","3.06492","2.83985","6.4526","0","0","0","0","0","0","0","0"
"3.41405","0.500044","0.526191","0.0417009","0.547788","0.570688","1.66625","1.69871e-15","3.04725","3.07347","2.82542","6.4574","0","0","0","0","0","0","0","0"
"3.41742","0.500044","0.526191","0.0417059","0.547882","0.570727","1.65847","1.69861e-15","3.0483","3.07227","2.8444","6.45795","0","0","0","0","0","0","0","0"
"3.4208","0.500044","0.526191","0.0417101","0.547947","0.57103","1.65898","1.69831e-15","3.04738","3.07166","2.8434","6.45345","0","0","0","0","0","0","0","0"
"3.42518","0.500044","0.526191","0.0417148","0.547931","0.571245","1.65656","1.69913e-15","3.04198","3.06796","2.905","6.4719","0","0","0","0","0","0","0","0"
"3.42837","0.500044","0.526348","0.0417144","0.547985","0.571702","1.68946","1.69929e-15","3.04651","3.06762","2.96548","6.47808","0","0","0","0","0","0","0","0"
"3.43175","0.500044","0.526348","0.041714","0.547793","0.571356","1.71164","1.70043e-15","3.04612","3.06286","2.99306","6.48754","0","0","0","0","0","0","0","0"
"3.43513","0.500044","0.526348","0.0417135","0.547752","0.571306","1.71619","1.69921e-15","3.04091","3.05822","3.00647","6.48786","0","0","0","0","0","0","0","0"
"3.43852","0.500044","0.526348","0.041713","0.54832","0.572173","1.71357","1.70097e-15","3.04358","3.0658","3.00558","6.51614","0","0","0","0","0","0","0","0"
"3.442","0.500044","0.526348","0.0417125","0.548856","0.573177","1.71312","1.69894e-15","3.04779","3.06874","2.99686","6.50468","0","0","0","0","0","0","0","0"
"3.44528","0.500044","0.526506","0.0417121","0.548173","0.572628","1.70922","1.70134e-15","3.04791","3.07132","2.99988","6.52225","0","0","0","0","0","0","0","0"
"3.44867","0.500044","0.526506","0.0417116","0.547954","0.572311","1.7061","1.70065e-15","3.04867","3.06707","3.00365","6.51449","0","0","0","0","0","0","0","0"
"3.45208","0.500044","0.526506","0.0417111","0.54807","0.572741","1.71107","1.70218e-15","3.05121","3.06616","2.99212","6.52625","0","0","0","0","0","0","0","0"
"3.45543","0.500044","0.526506","0.0417106","0.548028","0.572813","1.71139","1.70202e-15","3.0465","3.05973","2.97897","6.53728","0","0","0","0","0","0","0","0"
"3.45895","0.500044","0.526506","0.0417085","0.547358","0.572335","1.71383","1.70176e-15","3.04792","3.05744","2.97682","6.51557","0","0","0","0","0","0","0","0"
"3.46222","0.500044","0.526754","0.0417024","0.547653","0.572417","1.71842","1.701e-15","3.04652","3.05624","2.96117","6.51737","0","0","0","0","0","0","0","0"
"3.4656","0.500044","0.526754","0.041697","0.547598","0.572469","1.71684","1.69926e-15","3.04682","3.05894","2.95418","6.50923","0","0","0","0","0","0","0","0"
"3.46898","0.500044","0.526754","0.0416908","0.548496","0.572898","1.71533","1.7016e-15","3.04494","3.05943","2.94841","6.53456","0","0","0","0","0","0","0","0"
"3.47237","0.500044","0.526754","0.0416855","0.547935","0.572344","1.7112","1.70054e-15","3.05103","3.06158","2.95165","6.53065","0","0","0","0","0","0","0","0"
"3.47585","0.500044","0.526754","0.0416767","0.548636","0.573238","1.70967","1.69934e-15","3.05248","3.05604","2.9502","6.52028","0","0","0","0","0","0","0","0"
"3.47913","0.500044","0.526963","0.0416661","0.548357","0.57317","1.70822","1.70076e-15","3.05339","3.05637","2.94925","6.54451","0","0","0","0","0","0","0","0"
"3.48252","0.500044","0.526963","0.0416537","0.547436","0.572028","1.70739","1.6996e-15","3.05727","3.05767","2.94407","6.53206","0","0","0","0","0","0","0","0"
"3.48722","0.500044","0.526963","0.0416378","0.547741","0.572035","1.70585","1.7014e-15","3.05442","3.05596","2.93652","6.54749","0","0","0","0","0","0","0","0"
"3.4906","0.500044","0.526963","0.0416272","0.548473","0.573049","1.70757","1.70097e-15","3.06114","3.06048","2.92989","6.54676","0","0","0","0","0","0","0","0"
"3.49408","0.500044","0.526963","0.0416191","0.547577","0.572258","1.70078","1.70078e-15","3.06311","3.06078","2.94307","6.54112","0","0","0","0","0","0","0","0"
"3.49738","0.500044","0.526991","0.0416128","0.547282","0.572043","1.70051","1.70256e-15","3.06607","3.0571","2.9429","6.56781","0","0","0","0","0","0","0","0"
"3.50075","0.500044","0.526991","0.0416055","0.547623","0.572342","1.69792","1.70189e-15","3.06391","3.05292","2.94365","6.54759","0","0","0","0","0","0","0","0"
"3.50413","0.500044","0.526991","0.0415992","0.547786","0.572709","1.69483","1.70377e-15","3.06261","3.04632","2.94688","6.57183","0","0","0","0","0","0","0","0"
"3.50852","0.500044","0.526991","0.0415903","0.547714","0.57256","1.68797","1.70243e-15","3.06128","3.05267","2.95767","6.56924","0","0","0","0","0","0","0","0"
"3.51168","0.500044","0.527038","0.0415856","0.547976","0.572745","1.68549","1.70362e-15","3.06376","3.05166","2.95478","6.58926","0","0","0","0","0","0","0","0"
"3.51508","0.500044","0.527038","0.0415809","0.548256","0.572963","1.679","1.70385e-15","3.05877","3.04973","2.96966","6.59784","0","0","0","0","0","0","0","0"
"3.51845","0.500044","0.527038","0.0415754","0.548325","0.573031","1.67426","1.70398e-15","3.05699","3.05137","2.9733","6.59732","0","0","0","0","0","0","0","0"
"3.52185","0.500044","0.527038","0.0415707","0.547505","0.57235","1.66977","1.70527e-15","3.05682","3.04873","2.97961","6.60815","0","0","0","0","0","0","0","0"
"3.52538","0.500044","0.527038","0.0415655","0.547059","0.571873","1.67107","1.70334e-15","3.05497","3.04754","2.9714","6.59043","0","0","0","0","0","0","0","0"
"3.52868","0.500044","0.527085","0.0415616","0.547885","0.572833","1.67106","1.70435e-15","3.06477","3.05909","2.97549","6.58803","0","0","0","0","0","0","0","0"
"3.53205","0.500044","0.527085","0.0415572","0.548201","0.573671","1.66718","1.70259e-15","3.06037","3.06008","2.97977","6.59091","0","0","0","0","0","0","0","0"
"3.53543","0.500044","0.527085","0.0415533","0.547578","0.572825","1.66051","1.70321e-15","3.05844","3.06122","2.99759","6.58673","0","0","0","0","0","0","0","0"
"3.53882","0.500044","0.527085","0.0415488","0.547114","0.572182","1.65541","1.70337e-15","3.0591","3.0599","3.00362","6.60385","0","0","0","0","0","0","0","0"
"3.54233","0.500044","0.527085","0.0415478","0.546324","0.571327","1.65159","1.70112e-15","3.05775","3.06041","3.00588","6.59041","0","0","0","0","0","0","0","0"
"3.54562","0.500044","0.527276","0.0415534","0.546933","0.571895","1.65233","1.70231e-15","3.0545","3.05796","2.99451","6.60076","0","0","0","0","0","0","0","0"
"3.54898","0.500044","0.527276","0.0415581","0.54712","0.572082","1.65126","1.7013e-15","3.0525","3.05473","2.99026","6.60016","0","0","0","0","0","0","0","0"
"3.55237","0.500044","0.527276","0.0415636","0.54797","0.572478","1.6568","1.70109e-15","3.059","3.05696","2.99531","6.57812","0","0","0","0","0","0","0","0"
"3.55577","0.500044","0.527276","0.0415684","0.548273","0.572932","1.65919","1.70306e-15","3.05464","3.05063","2.99471","6.60488","0","0","0","0","0","0","0","0"
"3.55925","0.500044","0.527276","0.041571","0.547282","0.572173","1.65278","1.7008e-15","3.05826","3.05071","3.00769","6.58936","0","0","0","0","0","0","0","0"
"3.56252","0.500044","0.527351","0.04157","0.546762","0.571771","1.65125","1.70225e-15","3.05886","3.05034","3.00112","6.59217","0","0","0","0","0","0","0","0"
"3.5659","0.500044","0.527351","0.0415689","0.546613","0.571451","1.64586","1.70101e-15","3.05716","3.04815","3.01077","6.57001","0","0","0","0","0","0","0","0"
"3.5706","0.500044","0.527351","0.0415674","0.54721","0.572153","1.6426","1.70174e-15","3.04572","3.04886","3.00679","6.57674","0","0","0","0","0","0","0","0"
"3.57398","0.500044","0.527351","0.0415664","0.546633","0.571814","1.63877","1.70108e-15","3.04478","3.05132","3.01098","6.55521","0","0","0","0","0","0","0","0"
"3.57747","0.500044","0.527351","0.0415627","0.546854","0.572339","1.64439","1.70046e-15","3.04222","3.05209","2.9912","6.55473","0","0","0","0","0","0","0","0"
"3.58088","0.500044","0.527319","0.0415585","0.547514","0.57309","1.65352","1.69916e-15","3.03706","3.04413","2.96597","6.53535","0","0","0","0","0","0","0","0"
"3.58427","0.500044","0.527319","0.041555","0.547591","0.573342","1.64944","1.70095e-15","3.03452","3.04216","2.97297","6.53104","0","0","0","0","0","0","0","0"
"3.58765","0.500044","0.527319","0.0415508","0.548911","0.575001","1.67192","1.6999e-15","3.03103","3.03123","2.99869","6.51758","0","0","0","0","0","0","0","0"
"3.59185","0.500044","0.527319","0.0415476","0.548315","0.574631","1.67304","1.70044e-15","3.03442","3.02821","2.98848","6.50537","0","0","0","0","0","0","0","0"
"3.5952","0.500044","0.527272","0.0415488","0.548744","0.575241","1.67794","1.69951e-15","3.03169","3.02659","2.9689","6.5012","0","0","0","0","0","0","0","0"
"3.5986","0.500044","0.527272","0.0415502","0.548866","0.575241","1.67909","1.69962e-15","3.03025","3.03291","2.96276","6.49393","0","0","0","0","0","0","0","0"
"3.60197","0.500044","0.527272","0.0415514","0.548397","0.575105","1.6759","1.70041e-15","3.0316","3.03275","2.96234","6.49526","0","0","0","0","0","0","0","0"
"3.60535","0.500044","0.527272","0.0415527","0.547848","0.574138","1.67725","1.70032e-15","3.03663","3.04391","2.9516","6.49189","0","0","0","0","0","0","0","0"
"3.60883","0.500044","0.527272","0.0415542","0.548043","0.574497","1.67338","1.70116e-15","3.048","3.04402","2.96385","6.48252","0","0","0","0","0","0","0","0"
"3.61212","0.500044","0.52755","0.0415567","0.547155","0.573796","1.66586","1.69904e-15","3.04889","3.04379","2.98224","6.47138","0","0","0","0","0","0","0","0"
"3.6155","0.500044","0.52755","0.0415588","0.547168","0.573874","1.66939","1.69976e-15","3.04516","3.04314","2.96325","6.47487","0","0","0","0","0","0","0","0"
"3.6189","0.500044","0.52755","0.0415613","0.54683","0.573561","1.66603","1.69902e-15","3.04882","3.04591","2.96679","6.47066","0","0","0","0","0","0","0","0"
"3.6225","0.500044","0.52755","0.0415634","0.547076","0.574092","1.66665","1.70075e-15","3.05002","3.05836","2.96105","6.47452","0","0","0","0","0","0","0","0"
"3.62577","0.500044","0.52755","0.0415652","0.545945","0.573023","1.66561","1.70025e-15","3.05324","3.0604","2.95584","6.47349","0","0","0","0","0","0","0","0"
"3.62905","0.500044","0.52783","0.041566","0.545488","0.572869","1.70278","1.70055e-15","3.05134","3.05394","3.34163","6.46774","0","0","0","0","0","0","0","0"
"3.63245","0.500044","0.52783","0.0415668","0.544994","0.572368","1.76647","1.70245e-15","3.04924","3.05128","3.65307","6.49229","0","0","0","0","0","0","0","0"
"3.63582","0.500044","0.52783","0.0415676","0.544545","0.5718","1.78867","1.70119e-15","3.04643","3.0535","3.69734","6.48819","0","0","0","0","0","0","0","0"
"3.63922","0.500044","0.52783","0.0415685","0.544894","0.571845","1.79316","1.70223e-15","3.05233","3.05745","3.67691","6.5076","0","0","0","0","0","0","0","0"
"3.6427","0.500044","0.52783","0.0415699","0.544511","0.57132","1.795","1.7019e-15","3.05038","3.05664","3.65132","6.5097","0","0","0","0","0","0","0","0"
"3.646","0.500044","0.527615","0.0415725","0.544264","0.570836","1.79557","1.70041e-15","3.04821","3.05295","3.62808","6.49653","0","0","0","0","0","0","0","0"
"3.64937","0.500044","0.527615","0.0415746","0.543743","0.570131","1.79336","1.70203e-15","3.04713","3.05418","3.62223","6.48273","0","0","0","0","0","0","0","0"
"3.65405","0.500044","0.527615","0.0415779","0.543685","0.570333","1.79204","1.70085e-15","3.04523","3.05498","3.60107","6.47298","0","0","0","0","0","0","0","0"
"3.65852","0.500044","0.527615","0.0415816","0.543703","0.570127","1.78935","1.70216e-15","3.04893","3.05439","3.58663","6.47744","0","0","0","0","0","0","0","0"
"3.66187","0.500044","0.527275","0.0415851","0.543731","0.570117","1.78755","1.70076e-15","3.05465","3.05186","3.58107","6.45932","0","0","0","0","0","0","0","0"
"3.66527","0.500044","0.527275","0.0415892","0.543697","0.56959","1.78596","1.70198e-15","3.05536","3.05016","3.5713","6.48163","0","0","0","0","0","0","0","0"
"3.6687","0.500044","0.527275","0.0415928","0.544172","0.569905","1.79003","1.70074e-15","3.07627","3.06957","3.54465","6.4791","0","0","0","0","0","0","0","0"
"3.67202","0.500044","0.527275","0.0415969","0.544599","0.570649","1.79381","1.70228e-15","3.07126","3.06483","3.51795","6.51818","0","0","0","0","0","0","0","0"
"3.67552","0.500044","0.527275","0.0415999","0.544527","0.570449","1.79395","1.70263e-15","3.07155","3.05965","3.50306","6.51228","0","0","0","0","0","0","0","0"
"3.67893","0.500044","0.52694","0.0416023","0.54383","0.569867","1.79181","1.70091e-15","3.07185","3.05832","3.49441","6.50014","0","0","0","0","0","0","0","0"
"3.68217","0.500044","0.52694","0.0416043","0.544792","0.570834","1.79454","1.7028e-15","3.07358","3.06323","3.49337","6.52192","0","0","0","0","0","0","0","0"
"3.68618","0.500044","0.52694","0.0416067","0.544075","0.570292","1.87502","1.70281e-15","3.07469","3.06179","3.79695","6.52227","0","0","0","0","0","0","0","0"
"3.68898","0.500044","0.52694","0.0416088","0.544477","0.57054","1.9612","1.70197e-15","3.07091","3.05995","4.94073","6.50242","0","0","0","0","0","0","0","0"
"3.69248","0.500044","0.52694","0.0416124","0.544592","0.570488","2.01837","1.70259e-15","3.06969","3.05799","4.96575","6.51814","0","0","0","0","0","0","0","0"
"3.69592","0.500044","0.526896","0.041617","0.544501","0.57023","2.02377","1.70094e-15","3.06394","3.05459","4.9046","6.5104","0","0","0","0","0","0","0","0"
"3.69915","0.500044","0.526896","0.0416224","0.543891","0.569599","2.02405","1.7013e-15","3.06262","3.05222","4.86594","6.49722","0","0","0","0","0","0","0","0"
"3.70253","0.500044","0.526896","0.041627","0.543498","0.56916","2.0173","1.70255e-15","3.06162","3.05198","4.88154","6.51954","0","0","0","0","0","0","0","0"
"3.70592","0.500044","0.526896","0.0416324","0.543517","0.568686","2.01071","1.70082e-15","3.06327","3.05555","4.88831","6.50451","0","0","0","0","0","0","0","0"
"3.70943","0.500044","0.526896","0.0416326","0.543481","0.568414","2.00544","1.70038e-15","3.05791","3.04934","4.89368","6.49105","0","0","0","0","0","0","0","0"
"3.71273","0.500044","0.526974","0.0416276","0.544269","0.569203","2.00281","1.70115e-15","3.06849","3.05923","4.88097","6.50321","0","0","0","0","0","0","0","0"
"3.71613","0.500044","0.526974","0.0416233","0.544719","0.569831","2.01161","1.70032e-15","3.07508","3.06028","4.83043","6.48713","0","0","0","0","0","0","0","0"
"3.7195","0.500044","0.526974","0.0416184","0.545183","0.570023","2.02584","1.70211e-15","3.07191","3.0647","4.75795","6.51505","0","0","0","0","0","0","0","0"
"3.72288","0.500044","0.526974","0.0416141","0.546749","0.571391","2.03226","1.70282e-15","3.08561","3.08287","4.72425","6.52539","0","0","0","0","0","0","0","0"
"3.72638","0.500044","0.526974","0.041609","0.547576","0.57241","2.038","1.70085e-15","3.09189","3.08874","4.68908","6.51215","0","0","0","0","0","0","0","0"
"3.72967","0.500044","0.526894","0.0416045","0.547883","0.572574","2.03703","1.70247e-15","3.08797","3.08353","4.664","6.52043","0","0","0","0","0","0","0","0"
"3.73305","0.500044","0.526894","0.0415993","0.547782","0.572392","2.03957","1.70229e-15","3.08661","3.08182","4.62026","6.53577","0","0","0","0","0","0","0","0"
"3.73722","0.500044","0.526894","0.0415934","0.547803","0.572394","2.04319","1.70165e-15","3.08554","3.08479","4.57677","6.52263","0","0","0","0","0","0","0","0"
"3.7406","0.500044","0.526894","0.0415889","0.548517","0.573119","2.03799","1.70384e-15","3.09558","3.09718","4.58064","6.53578","0","0","0","0","0","0","0","0"
"3.74408","0.500044","0.526894","0.0415877","0.548177","0.572388","2.03227","1.70184e-15","3.09208","3.09481","4.58171","6.51774","0","0","0","0","0","0","0","0"
"3.74737","0.500044","0.527088","0.0415872","0.547236","0.571365","2.0285","1.70303e-15","3.09601","3.09769","4.57554","6.51318","0","0","0","0","0","0","0","0"
"3.75077","0.500044","0.527088","0.0415867","0.547598","0.571369","2.02592","1.70463e-15","3.08959","3.09121","4.55976","6.53346","0","0","0","0","0","0","0","0"
"3.75432","0.500044","0.527088","0.0415862","0.546818","0.57066","2.0194","1.70401e-15","3.09129","3.09538","4.57243","6.50683","0","0","0","0","0","0","0","0"
"3.75853","0.500044","0.527088","0.0415841","0.547293","0.571187","2.00935","1.70576e-15","3.09281","3.09344","4.59393","6.48972","0","0","0","0","0","0","0","0"
"3.76175","0.500044","0.527615","0.0415794","0.548276","0.571085","2.02174","1.70351e-15","3.09862","3.09153","4.52173","6.47257","0","0","0","0","0","0","0","0"
"3.7651","0.500044","0.527615","0.0415746","0.548868","0.571786","2.03084","1.70328e-15","3.09328","3.09701","4.45957","6.45896","0","0","0","0","0","0","0","0"
"3.76847","0.500044","0.527615","0.0415691","0.549617","0.572258","2.02946","1.70455e-15","3.10898","3.10243","4.43792","6.49368","0","0","0","0","0","0","0","0"
"3.77187","0.500044","0.527615","0.0415643","0.549141","0.571956","2.02444","1.70301e-15","3.10756","3.10084","4.44392","6.48377","0","0","0","0","0","0","0","0"
"3.77533","0.500044","0.527615","0.0415589","0.5488","0.571685","2.0229","1.70318e-15","3.10477","3.09678","4.42079","6.46757","0","0","0","0","0","0","0","0"
"3.77867","0.500044","0.527654","0.0415544","0.548391","0.571047","2.0143","1.70267e-15","3.10432","3.09941","4.44777","6.46127","0","0","0","0","0","0","0","0"
"3.78202","0.500044","0.527654","0.0415492","0.548488","0.571178","2.01441","1.70173e-15","3.09964","3.0985","4.41593","6.44563","0","0","0","0","0","0","0","0"
"3.78538","0.500044","0.527654","0.0415447","0.548166","0.570571","2.00785","1.70418e-15","3.0969","3.09939","4.42829","6.45718","0","0","0","0","0","0","0","0"
"3.78877","0.500044","0.527654","0.0415395","0.548389","0.570745","2.00524","1.7036e-15","3.09298","3.09813","4.41711","6.45954","0","0","0","0","0","0","0","0"
"3.79228","0.500044","0.527654","0.0415342","0.548854","0.571434","2.00395","1.70249e-15","3.09852","3.09588","4.40476","6.44343","0","0","0","0","0","0","0","0"
"3.79557","0.500044","0.527672","0.041526","0.548552","0.570987","1.9982","1.70279e-15","3.09759","3.0963","4.40747","6.45484","0","0","0","0","0","0","0","0"
"3.79893","0.500044","0.527672","0.041519","0.548612","0.571188","2.08236","1.70195e-15","3.09938","3.10023","5.17312","6.43329","0","0","0","0","0","0","0","0"
"3.80232","0.500044","0.527672","0.0415108","0.548709","0.571325","2.18125","1.70262e-15","3.09694","3.09462","5.23934","6.44075","0","0","0","0","0","0","0","0"
"3.8057","0.500044","0.527672","0.0415038","0.548837","0.571299","2.20755","1.70419e-15","3.10098","3.09322","5.1591","6.45593","0","0","0","0","0","0","0","0"
"3.80918","0.500044","0.527672","0.0414954","0.549006","0.571146","2.20923","1.70233e-15","3.10148","3.09288","5.11312","6.43627","0","0","0","0","0","0","0","0"
"3.81247","0.500044","0.527667","0.0414879","0.5484","0.570268","2.20438","1.70403e-15","3.10094","3.09593","5.10982","6.44249","0","0","0","0","0","0","0","0"
"3.81585","0.500044","0.527667","0.0414791","0.548042","0.570046","2.1967","1.70386e-15","3.09748","3.09319","5.12047","6.44642","0","0","0","0","0","0","0","0"
"3.8208","0.500044","0.527667","0.0414678","0.548122","0.569855","2.19737","1.70424e-15","3.09136","3.09053","5.06854","6.44087","0","0","0","0","0","0","0","0"
"3.82517","0.500044","0.527667","0.0414575","0.54828","0.570188","2.19838","1.70341e-15","3.08149","3.0866","5.01891","6.44427","0","0","0","0","0","0","0","0"
"3.8305","0.500044","0.527724","0.0414528","0.550013","0.571342","2.21187","1.70273e-15","3.08895","3.09644","4.94119","6.42403","0","0","0","0","0","0","0","0"
"3.83175","0.500044","0.527724","0.0414481","0.549613","0.570805","2.20859","1.7046e-15","3.08964","3.09439","4.92773","6.43676","0","0","0","0","0","0","0","0"
"3.83513","0.500044","0.527724","0.0414427","0.5497","0.571245","2.20704","1.70581e-15","3.08259","3.09413","4.93962","6.45568","0","0","0","0","0","0","0","0"
"3.83852","0.500044","0.527724","0.041438","0.549797","0.571014","2.46167","1.70399e-15","3.0838","3.09521","11.7647","6.44053","0","0","0","0","0","0","0","0"
"3.842","0.500044","0.527724","0.0414326","0.549899","0.570607","2.9911","1.70411e-15","3.08286","3.09462","14.2838","6.43898","0","0","0","0","0","0","0","0"
"3.84717","0.500044","0.527619","0.0414282","0.54958","0.570679","3.12661","1.70319e-15","3.08187","3.09148","12.8235","6.43688","0","0","0","0","0","0","0","0"
"3.84867","0.500044","0.527619","0.041423","0.549929","0.570835","3.18347","1.70209e-15","3.07992","3.0946","12.0399","6.42102","0","0","0","0","0","0","0","0"
"3.85205","0.500044","0.527619","0.0414185","0.550176","0.570884","3.22893","1.70369e-15","3.07378","3.08781","11.4521","6.43083","0","0","0","0","0","0","0","0"
"3.85543","0.500044","0.527619","0.0414134","0.552485","0.572396","3.23439","1.70339e-15","3.10162","3.10007","11.2773","6.43762","0","0","0","0","0","0","0","0"
"3.85893","0.500044","0.527619","0.0414082","0.551778","0.571448","3.22136","1.70172e-15","3.10204","3.10118","11.3342","6.41971","0","0","0","0","0","0","0","0"
"3.86222","0.500044","0.527615","0.0414004","0.551612","0.571354","3.21658","1.70243e-15","3.10342","3.1011","11.2647","6.43072","0","0","0","0","0","0","0","0"
"3.86558","0.500044","0.527615","0.0413937","0.550911","0.570604","3.22257","1.7028e-15","3.11139","3.10376","11.0787","6.43953","0","0","0","0","0","0","0","0"
"3.86897","0.500044","0.527615","0.0413859","0.551169","0.570977","3.24177","1.70182e-15","3.10768","3.10754","10.7442","6.42535","0","0","0","0","0","0","0","0"
"3.87235","0.500044","0.527615","0.0413792","0.551474","0.571988","3.26145","1.70351e-15","3.10404","3.10274","10.4388","6.44183","0","0","0","0","0","0","0","0"
"3.87585","0.500044","0.527615","0.0413695","0.55118","0.571697","3.27632","1.70233e-15","3.10412","3.09937","10.1618","6.4526","0","0","0","0","0","0","0","0"
"3.87913","0.500044","0.527676","0.041359","0.550636","0.571098","3.47079","1.7015e-15","3.10458","3.09979","10.1977","6.43592","0","0","0","0","0","0","0","0"
"3.88252","0.500044","0.527676","0.0413468","0.550117","0.57014","3.72674","1.70373e-15","3.10282","3.10204","9.46243","6.45351","0","0","0","0","0","0","0","0"
"3.8859","0.500044","0.527676","0.0413364","0.550108","0.570206","3.76287","1.70364e-15","3.10795","3.10503","9.11115","6.45858","0","0","0","0","0","0","0","0"
"3.8893","0.500044","0.527676","0.0413242","0.549669","0.570065","3.75124","1.7029e-15","3.10389","3.10195","9.11307","6.4402","0","0","0","0","0","0","0","0"
"3.8928","0.500044","0.527676","0.0413147","0.550096","0.570922","3.73804","1.70281e-15","3.10289","3.10346","9.14204","6.43903","0","0","0","0","0","0","0","0"
"3.89607","0.500044","0.527657","0.0413049","0.549692","0.570166","3.7325","1.70227e-15","3.1081","3.10574","9.08756","6.43645","0","0","0","0","0","0","0","0"
"3.89945","0.500044","0.527657","0.0412965","0.54961","0.570044","3.73897","1.70134e-15","3.10414","3.10665","8.9473","6.41528","0","0","0","0","0","0","0","0"
"3.90413","0.500044","0.527657","0.0412838","0.549526","0.56954","3.74069","1.70413e-15","3.10402","3.10326","8.82504","6.43096","0","0","0","0","0","0","0","0"
"3.9085","0.500044","0.527657","0.0412717","0.550282","0.571464","3.74896","1.70288e-15","3.10516","3.11993","8.65057","6.4274","0","0","0","0","0","0","0","0"
"3.91168","0.500044","0.527568","0.0412651","0.550858","0.572119","3.75595","1.70266e-15","3.09734","3.11286","8.51951","6.43903","0","0","0","0","0","0","0","0"
"3.9152","0.500044","0.527568","0.0412584","0.550292","0.571802","3.7622","1.70392e-15","3.09744","3.11204","8.39141","6.44991","0","0","0","0","0","0","0","0"
"3.91847","0.500044","0.527568","0.0412506","0.550121","0.571591","3.7585","1.70195e-15","3.0931","3.10946","8.33097","6.44","0","0","0","0","0","0","0","0"
"3.92183","0.500044","0.527568","0.0412439","0.550132","0.571185","3.7463","1.70186e-15","3.09167","3.10997","8.34906","6.42742","0","0","0","0","0","0","0","0"
"3.92533","0.500044","0.527568","0.0412366","0.550592","0.57162","3.74413","1.70301e-15","3.09781","3.11417","8.28314","6.44256","0","0","0","0","0","0","0","0"
"3.9425","0.500044","0.527544","0.0412106","0.549991","0.571476","3.72263","1.70171e-15","3.0852","3.09283","8.08465","6.38209","0","0","0","0","0","0","0","0"
"3.94555","0.500044","0.527742","0.0412101","0.549812","0.570783","3.70396","1.70126e-15","3.08131","3.08931","8.14301","6.39386","0","0","0","0","0","0","0","0"
"3.94905","0.500044","0.527742","0.0412098","0.54964","0.570557","3.69031","1.70038e-15","3.07753","3.08621","8.17422","6.38783","0","0","0","0","0","0","0","0"
"3.95237","0.500044","0.527742","0.0412093","0.548825","0.569694","3.67553","1.7024e-15","3.07992","3.0896","8.20207","6.40669","0","0","0","0","0","0","0","0"
"3.9557","0.500044","0.527742","0.0412089","0.548589","0.569421","3.65785","1.70128e-15","3.08073","3.0872","8.26862","6.397","0","0","0","0","0","0","0","0"
"3.95923","0.500044","0.527742","0.0412096","0.548251","0.569134","3.66198","1.70156e-15","3.0794","3.08651","8.25214","6.39258","0","0","0","0","0","0","0","0"
"3.96247","0.500044","0.527759","0.0412114","0.548511","0.569353","3.75212","1.70183e-15","3.07686","3.07851","7.78409","6.40458","0","0","0","0","0","0","0","0"
"3.96598","0.500044","0.527759","0.0412136","0.54801","0.568717","3.75434","1.70118e-15","3.07452","3.07788","7.69669","6.39184","0","0","0","0","0","0","0","0"
"3.96923","0.500044","0.527759","0.0412154","0.547849","0.568438","3.73512","1.70274e-15","3.07181","3.07644","7.7684","6.4063","0","0","0","0","0","0","0","0"
"3.97263","0.500044","0.527759","0.0412175","0.548477","0.569018","3.73021","1.70118e-15","3.06985","3.07652","7.72569","6.39453","0","0","0","0","0","0","0","0"
"3.97613","0.500044","0.527759","0.0412178","0.548347","0.568998","3.73408","1.70041e-15","3.0715","3.07586","7.6333","6.3822","0","0","0","0","0","0","0","0"
"3.97938","0.500044","0.527548","0.0412164","0.548304","0.568799","3.74582","1.70105e-15","3.08113","3.07669","7.47695","6.39285","0","0","0","0","0","0","0","0"
"3.98285","0.500044","0.527548","0.0412152","0.548639","0.569458","3.75421","1.69977e-15","3.07991","3.07352","7.35993","6.37571","0","0","0","0","0","0","0","0"
"3.98755","0.500044","0.527548","0.0412134","0.548878","0.569579","3.75636","1.70275e-15","3.07563","3.0673","7.25413","6.40263","0","0","0","0","0","0","0","0"
"3.99182","0.500044","0.527548","0.0412121","0.549167","0.569578","3.75033","1.7012e-15","3.06595","3.0618","7.19676","6.40628","0","0","0","0","0","0","0","0"
"3.99502","0.500044","0.527322","0.0412124","0.548722","0.569191","3.74034","1.7013e-15","3.07027","3.0607","7.19868","6.42373","0","0","0","0","0","0","0","0"
"4.00123","0.500044","0.527322","0.0412127","0.548308","0.569047","3.73486","1.70221e-15","3.06894","3.05917","7.16936","6.44316","0","0","0","0","0","0","0","0"
"4.00233","0.500044","0.527322","0.0412131","0.547893","0.568692","3.73039","1.70074e-15","3.06341","3.05431","7.11997","6.43115","0","0","0","0","0","0","0","0"
"4.00517","0.500044","0.527322","0.0412134","0.548256","0.568735","3.7298","1.70098e-15","3.06123","3.05336","7.05946","6.42443","0","0","0","0","0","0","0","0"
"4.00868","0.500044","0.527322","0.0412131","0.548059","0.568176","3.72051","1.70265e-15","3.06096","3.05608","7.04816","6.43471","0","0","0","0","0","0","0","0"
"4.01192","0.500044","0.527372","0.0412114","0.548298","0.568519","3.76095","1.70089e-15","3.06089","3.05531","6.83736","6.42336","0","0","0","0","0","0","0","0"
"4.01532","0.500044","0.527372","0.0412094","0.54808","0.568236","4.04371","1.70104e-15","3.05376","3.05468","7.12388","6.4195","0","0","0","0","0","0","0","0"
"4.01868","0.500044","0.527372","0.0412078","0.547104","0.567334","4.19951","1.70283e-15","3.05588","3.05629","6.75425","6.43956","0","0","0","0","0","0","0","0"
"4.02207","0.500044","0.527372","0.0412058","0.547073","0.567334","4.23232","1.70172e-15","3.05223","3.05507","6.5504","6.42901","0","0","0","0","0","0","0","0"
"4.02558","0.500044","0.527372","0.0412046","0.547519","0.567635","4.22088","1.7025e-15","3.05179","3.05224","6.55497","6.41966","0","0","0","0","0","0","0","0"
"4.02885","0.500044","0.527389","0.0412045","0.547018","0.567214","4.19621","1.70157e-15","3.05041","3.04934","6.62314","6.42228","0","0","0","0","0","0","0","0"
"4.03227","0.500044","0.527389","0.0412044","0.546988","0.567256","4.18182","1.70033e-15","3.05558","3.05405","6.64317","6.40395","0","0","0","0","0","0","0","0"
"4.03562","0.500044","0.527389","0.0412042","0.54632","0.566904","4.17371","1.70259e-15","3.05366","3.05356","6.61699","6.43017","0","0","0","0","0","0","0","0"
"4.03903","0.500044","0.527389","0.0412041","0.546884","0.567345","4.17751","1.70228e-15","3.04997","3.0439","6.54033","6.43116","0","0","0","0","0","0","0","0"
"4.04245","0.500044","0.527389","0.0412037","0.547079","0.56745","4.19194","1.69965e-15","3.04547","3.04118","6.40796","6.41481","0","0","0","0","0","0","0","0"
"4.04578","0.500044","0.527194","0.041203","0.54677","0.566949","4.20094","1.70149e-15","3.04337","3.04125","6.30731","6.43008","0","0","0","0","0","0","0","0"
"4.04922","0.500044","0.527194","0.0412021","0.546218","0.56651","4.18489","1.70096e-15","3.04074","3.04073","6.32647","6.43692","0","0","0","0","0","0","0","0"
"4.05262","0.500044","0.527194","0.0412014","0.546412","0.56651","4.17113","1.69978e-15","3.0395","3.03882","6.34251","6.42636","0","0","0","0","0","0","0","0"
"4.05598","0.500044","0.527194","0.0412006","0.545995","0.566089","4.15605","1.70163e-15","3.03688","3.0389","6.35809","6.44024","0","0","0","0","0","0","0","0"
"4.05945","0.500044","0.527194","0.0411997","0.545201","0.565345","4.13541","1.70112e-15","3.03815","3.04158","6.41356","6.44121","0","0","0","0","0","0","0","0"
"4.06287","0.500044","0.527045","0.0411984","0.546635","0.566401","4.12626","1.69949e-15","3.05895","3.05494","6.39802","6.42237","0","0","0","0","0","0","0","0"
"4.06625","0.500044","0.527045","0.0411972","0.546133","0.565537","4.11784","1.70052e-15","3.06265","3.05981","6.37767","6.43366","0","0","0","0","0","0","0","0"
"4.07068","0.500044","0.527045","0.0411958","0.545779","0.565585","4.10401","1.70198e-15","3.07059","3.06572","6.37583","6.45178","0","0","0","0","0","0","0","0"
"4.07517","0.500044","0.527045","0.0411948","0.54556","0.564824","4.07711","1.70012e-15","3.06808","3.06088","6.43853","6.42613","0","0","0","0","0","0","0","0"
"4.07848","0.500044","0.526884","0.0411959","0.545575","0.564971","4.09952","1.70132e-15","3.06409","3.0592","6.33037","6.43395","0","0","0","0","0","0","0","0"
"4.08193","0.500044","0.526884","0.041197","0.545665","0.565332","4.25661","1.70217e-15","3.06322","3.0551","6.0835","6.44765","0","0","0","0","0","0","0","0"
"4.08525","0.500044","0.526884","0.041198","0.545451","0.565366","4.29939","1.70096e-15","3.06149","3.05088","5.89786","6.43137","0","0","0","0","0","0","0","0"
"4.08865","0.500044","0.526884","0.0411992","0.546127","0.566074","4.2961","1.70328e-15","3.05754","3.04736","5.86189","6.44952","0","0","0","0","0","0","0","0"
"4.09222","0.500044","0.526884","0.0411977","0.545458","0.56557","4.30663","1.70156e-15","3.05766","3.04783","5.77487","6.44156","0","0","0","0","0","0","0","0"
"4.09543","0.500044","0.52654","0.0411903","0.545832","0.566065","4.28357","1.70115e-15","3.05391","3.04264","5.82444","6.43852","0","0","0","0","0","0","0","0"
"4.09897","0.500044","0.52654","0.041184","0.545778","0.565618","4.26601","1.70277e-15","3.05615","3.0495","5.85694","6.45444","0","0","0","0","0","0","0","0"
"4.1023","0.500044","0.52654","0.0411766","0.545252","0.565013","4.24863","1.70141e-15","3.05684","3.05197","5.87933","6.43384","0","0","0","0","0","0","0","0"
"4.1057","0.500044","0.52654","0.0411702","0.544993","0.564805","4.24455","1.70185e-15","3.05703","3.05437","5.84547","6.42729","0","0","0","0","0","0","0","0"
"4.10918","0.500044","0.52654","0.0411632","0.544436","0.564377","4.22954","1.70196e-15","3.06176","3.06281","5.85672","6.42897","0","0","0","0","0","0","0","0"
"4.11245","0.500044","0.526392","0.0411578","0.543748","0.564121","4.22541","1.70104e-15","3.06469","3.0598","5.82502","6.40955","0","0","0","0","0","0","0","0"
"4.11583","0.500044","0.526392","0.0411514","0.543901","0.564544","4.22925","1.70288e-15","3.05989","3.06039","5.74971","6.43172","0","0","0","0","0","0","0","0"
"4.11922","0.500044","0.526392","0.0411459","0.543911","0.564128","4.22182","1.70287e-15","3.05889","3.06056","5.73245","6.43689","0","0","0","0","0","0","0","0"
"4.12255","0.500044","0.526392","0.0411395","0.54362","0.563821","4.20558","1.70329e-15","3.05718","3.05784","5.75054","6.40716","0","0","0","0","0","0","0","0"
"4.12627","0.500044","0.526392","0.0411337","0.543333","0.56363","4.18366","1.70348e-15","3.05762","3.05578","5.79656","6.39472","0","0","0","0","0","0","0","0"
"4.12955","0.500044","0.526308","0.0411291","0.543814","0.563633","4.16774","1.70264e-15","3.05583","3.0521","5.82208","6.38189","0","0","0","0","0","0","0","0"
"4.13293","0.500044","0.526308","0.0411238","0.544963","0.56451","4.14947","1.70415e-15","3.06166","3.0597","5.85151","6.37362","0","0","0","0","0","0","0","0"
"4.13625","0.500044","0.526308","0.0411192","0.54408","0.563675","4.13161","1.70487e-15","3.0637","3.06306","5.88757","6.39427","0","0","0","0","0","0","0","0"
"4.13963","0.500044","0.526308","0.0411139","0.543626","0.56306","4.11696","1.70336e-15","3.06419","3.06241","5.90025","6.38703","0","0","0","0","0","0","0","0"
"4.14312","0.500044","0.526308","0.0411066","0.54315","0.562983","4.10817","1.70266e-15","3.06034","3.05719","5.89385","6.38955","0","0","0","0","0","0","0","0"
"4.1464","0.500044","0.526034","0.0410964","0.542474","0.562279","4.08646","1.70187e-15","3.06079","3.06341","5.94248","6.37604","0","0","0","0","0","0","0","0"
"4.14978","0.500044","0.526034","0.0410878","0.542205","0.562172","4.07142","1.70243e-15","3.06147","3.06366","5.96697","6.37106","0","0","0","0","0","0","0","0"
"4.15395","0.500044","0.526034","0.0410762","0.541923","0.562003","4.04601","1.70248e-15","3.0623","3.07576","6.02806","6.37927","0","0","0","0","0","0","0","0"
"4.1585","0.500044","0.526034","0.0410646","0.541511","0.561632","4.01574","1.7022e-15","3.07066","3.08076","6.10807","6.36964","0","0","0","0","0","0","0","0"
"4.16177","0.500044","0.52582","0.0410602","0.541139","0.561316","3.9982","1.70174e-15","3.06719","3.08278","6.14782","6.37983","0","0","0","0","0","0","0","0"
"4.1651","0.500044","0.52582","0.0410558","0.54134","0.561405","3.9841","1.70088e-15","3.06565","3.07688","6.16983","6.36934","0","0","0","0","0","0","0","0"
"4.16845","0.500044","0.52582","0.0410506","0.542934","0.562878","3.99526","1.70184e-15","3.06895","3.08172","6.08508","6.40354","0","0","0","0","0","0","0","0"
"4.17182","0.500044","0.52582","0.0410462","0.542767","0.562842","3.99043","1.70042e-15","3.0646","3.08014","6.06362","6.39293","0","0","0","0","0","0","0","0"
"4.1753","0.500044","0.52582","0.0410408","0.542805","0.563409","3.96735","1.70217e-15","3.06173","3.07969","6.12528","6.3926","0","0","0","0","0","0","0","0"
"4.17858","0.500044","0.525402","0.0410355","0.542927","0.563326","3.94924","1.70072e-15","3.06622","3.07757","6.16928","6.39026","0","0","0","0","0","0","0","0"
"4.18198","0.500044","0.525402","0.0410294","0.5437","0.563661","3.96071","1.70203e-15","3.07656","3.08177","6.07816","6.39521","0","0","0","0","0","0","0","0"
"4.18535","0.500044","0.525402","0.0410241","0.543349","0.563414","3.95095","1.70345e-15","3.07593","3.08197","6.0755","6.41088","0","0","0","0","0","0","0","0"
"4.18875","0.500044","0.525402","0.041018","0.543949","0.563893","3.93455","1.70286e-15","3.0703","3.07895","6.1018","6.40539","0","0","0","0","0","0","0","0"
"4.19225","0.500044","0.525402","0.0410132","0.543393","0.563652","3.91643","1.70359e-15","3.07297","3.0773","6.14667","6.40406","0","0","0","0","0","0","0","0"
"4.19552","0.500044","0.525281","0.0410088","0.543927","0.564301","3.90571","1.70084e-15","3.06848","3.07873","6.14698","6.39808","0","0","0","0","0","0","0","0"
"4.1989","0.500044","0.525281","0.041005","0.544961","0.565971","3.90207","1.70231e-15","3.0697","3.07853","6.12001","6.42393","0","0","0","0","0","0","0","0"
"4.20228","0.500044","0.525281","0.0410006","0.545375","0.566647","3.88119","1.70031e-15","3.06195","3.07069","6.17202","6.41715","0","0","0","0","0","0","0","0"
"4.20568","0.500044","0.525281","0.0409968","0.546626","0.568025","3.86922","1.70129e-15","3.06867","3.07507","6.18433","6.42246","0","0","0","0","0","0","0","0"
"4.20917","0.500044","0.525281","0.0409939","0.54713","0.568392","3.8539","1.701e-15","3.07815","3.08043","6.20602","6.43347","0","0","0","0","0","0","0","0"
"4.21245","0.500044","0.52551","0.0409932","0.547082","0.56875","3.83782","1.70007e-15","3.07524","3.07678","6.24195","6.41626","0","0","0","0","0","0","0","0"
"4.21767","0.500044","0.52551","0.0409923","0.547276","0.568782","3.82908","1.70211e-15","3.07368","3.08484","6.22871","6.43738","0","0","0","0","0","0","0","0"
"4.21932","0.500044","0.52551","0.0409915","0.547766","0.569019","3.82558","1.70145e-15","3.07262","3.0914","6.19584","6.42699","0","0","0","0","0","0","0","0"
"4.2226","0.500044","0.52551","0.0409906","0.547675","0.568736","3.81065","1.70408e-15","3.07256","3.09122","6.2156","6.45212","0","0","0","0","0","0","0","0"
"4.2261","0.500044","0.52551","0.0409904","0.548472","0.569494","3.79457","1.70327e-15","3.07302","3.08806","6.25229","6.45413","0","0","0","0","0","0","0","0"
"4.22933","0.500044","0.525967","0.0409908","0.547995","0.569203","3.77644","1.70353e-15","3.07186","3.08691","6.2928","6.46921","0","0","0","0","0","0","0","0"
"4.23272","0.500044","0.525967","0.0409911","0.548389","0.569165","3.7702","1.70388e-15","3.07279","3.08707","6.27496","6.4799","0","0","0","0","0","0","0","0"
"4.23742","0.500044","0.525967","0.0409915","0.548049","0.568678","3.75691","1.70428e-15","3.07272","3.08654","6.26913","6.465","0","0","0","0","0","0","0","0"
"4.24183","0.500044","0.525967","0.040991","0.547407","0.568022","3.73007","1.70504e-15","3.07946","3.08723","6.34448","6.48192","0","0","0","0","0","0","0","0"
"4.24523","0.500044","0.526482","0.0409885","0.547527","0.568034","3.71988","1.7041e-15","3.07745","3.08288","6.34829","6.46759","0","0","0","0","0","0","0","0"
"4.2486","0.500044","0.526482","0.0409856","0.547586","0.567969","3.70268","1.70607e-15","3.07523","3.07905","6.38477","6.49805","0","0","0","0","0","0","0","0"
"4.25198","0.500044","0.526482","0.0409831","0.548111","0.568704","3.69436","1.70524e-15","3.06963","3.07022","6.37928","6.48994","0","0","0","0","0","0","0","0"
"4.25537","0.500044","0.526482","0.0409802","0.549006","0.570687","3.68196","1.70676e-15","3.07231","3.08312","6.3883","6.50745","0","0","0","0","0","0","0","0"
"4.25887","0.500044","0.526482","0.0409784","0.549394","0.571137","3.67368","1.70716e-15","3.06845","3.07726","6.38291","6.52033","0","0","0","0","0","0","0","0"
"4.26238","0.500044","0.526565","0.040978","0.549201","0.570883","3.66425","1.70645e-15","3.06313","3.07368","6.37213","6.50935","0","0","0","0","0","0","0","0"
"4.26552","0.500044","0.526565","0.0409776","0.549101","0.570976","3.65433","1.70796e-15","3.06167","3.06832","6.37541","6.51143","0","0","0","0","0","0","0","0"
"4.26892","0.500044","0.526565","0.0409772","0.548694","0.570464","3.64078","1.70647e-15","3.05891","3.06855","6.39286","6.50086","0","0","0","0","0","0","0","0"
"4.2723","0.500044","0.526565","0.0409769","0.549173","0.570838","3.62922","1.70643e-15","3.05538","3.0627","6.40658","6.50123","0","0","0","0","0","0","0","0"
"4.27578","0.500044","0.526565","0.0409775","0.548758","0.570394","3.61455","1.70603e-15","3.05442","3.05826","6.43055","6.50553","0","0","0","0","0","0","0","0"
"4.27907","0.500044","0.526662","0.0409793","0.549122","0.570481","3.60605","1.70532e-15","3.05542","3.06298","6.42871","6.49555","0","0","0","0","0","0","0","0"
"4.28245","0.500044","0.526662","0.0409814","0.549466","0.571102","3.59349","1.70722e-15","3.0607","3.07453","6.44137","6.50126","0","0","0","0","0","0","0","0"
"4.28583","0.500044","0.526662","0.0409831","0.549322","0.570994","3.57538","1.70803e-15","3.05567","3.07026","6.49949","6.52346","0","0","0","0","0","0","0","0"
"4.28922","0.500044","0.526662","0.0409852","0.549443","0.571298","3.55548","1.70586e-15","3.05152","3.06539","6.55986","6.509","0","0","0","0","0","0","0","0"
"4.2927","0.500044","0.526662","0.0409856","0.549842","0.571479","3.55117","1.70516e-15","3.05111","3.06127","6.53293","6.50545","0","0","0","0","0","0","0","0"
"4.29598","0.500044","0.526969","0.0409843","0.550109","0.571889","3.54559","1.70545e-15","3.04812","3.05885","6.50469","6.50436","0","0","0","0","0","0","0","0"
"4.29937","0.500044","0.526969","0.0409832","0.549971","0.571744","3.53602","1.70402e-15","3.0545","3.06486","6.50922","6.49316","0","0","0","0","0","0","0","0"
"4.30277","0.500044","0.526969","0.0409819","0.550073","0.57191","3.54768","1.70571e-15","3.05812","3.06948","6.40058","6.49799","0","0","0","0","0","0","0","0"
"4.30615","0.500044","0.526969","0.0409808","0.550373","0.572086","3.5359","1.70598e-15","3.0579","3.06868","6.41953","6.50993","0","0","0","0","0","0","0","0"
"4.30963","0.500044","0.526969","0.0409786","0.55038","0.572278","3.51915","1.70458e-15","3.05398","3.06804","6.45932","6.49084","0","0","0","0","0","0","0","0"
"4.31292","0.500044","0.527049","0.0409761","0.550668","0.57274","3.56543","1.70627e-15","3.04958","3.0666","6.23842","6.51822","0","0","0","0","0","0","0","0"
"4.3163","0.500044","0.527049","0.0409733","0.549959","0.572225","3.56426","1.70447e-15","3.04733","3.06386","6.18417","6.5167","0","0","0","0","0","0","0","0"
"4.32073","0.500044","0.527049","0.04097","0.550076","0.572884","3.57084","1.70489e-15","3.04848","3.07068","6.09405","6.51543","0","0","0","0","0","0","0","0"
"4.32517","0.500044","0.527049","0.0409673","0.549869","0.57256","3.57016","1.70421e-15","3.04922","3.06825","6.02384","6.50232","0","0","0","0","0","0","0","0"
"4.32853","0.500044","0.527185","0.0409677","0.550011","0.572513","3.56364","1.70477e-15","3.04741","3.06821","6.01272","6.50777","0","0","0","0","0","0","0","0"
"4.33193","0.500044","0.527185","0.0409683","0.549186","0.57204","3.54741","1.70577e-15","3.05065","3.07002","6.04626","6.51487","0","0","0","0","0","0","0","0"
"4.33532","0.500044","0.527185","0.0409688","0.548694","0.571133","3.5445","1.70536e-15","3.0494","3.07217","6.01297","6.51451","0","0","0","0","0","0","0","0"
"4.3387","0.500044","0.527185","0.0409694","0.549086","0.571344","3.52469","1.70741e-15","3.04658","3.06715","6.0696","6.5557","0","0","0","0","0","0","0","0"
"4.34218","0.500044","0.527185","0.0409712","0.548918","0.571246","3.51109","1.70584e-15","3.04656","3.06831","6.09783","6.53718","0","0","0","0","0","0","0","0"
"4.34547","0.500044","0.527285","0.0409765","0.548362","0.570769","3.50186","1.70742e-15","3.04743","3.06849","6.08821","6.54066","0","0","0","0","0","0","0","0"
"4.34885","0.500044","0.527285","0.0409811","0.54779","0.570248","3.49907","1.70631e-15","3.0475","3.06731","6.0516","6.53275","0","0","0","0","0","0","0","0"
"4.35223","0.500044","0.527285","0.0409864","0.547752","0.570551","3.49149","1.70813e-15","3.04571","3.06891","6.0339","6.54052","0","0","0","0","0","0","0","0"
"4.35562","0.500044","0.527285","0.0409909","0.547233","0.569735","3.4948","1.70815e-15","3.04816","3.07168","5.96719","6.54971","0","0","0","0","0","0","0","0"
"4.35912","0.500044","0.527285","0.0409951","0.54644","0.569","3.49158","1.70642e-15","3.05167","3.07802","5.92578","6.53293","0","0","0","0","0","0","0","0"
"4.3624","0.500044","0.527187","0.0409974","0.547077","0.569747","3.4765","1.70672e-15","3.05242","3.07358","5.96307","6.53335","0","0","0","0","0","0","0","0"
"4.36578","0.500044","0.527187","0.0410001","0.546593","0.569519","3.45908","1.70659e-15","3.05242","3.07277","6.00685","6.53393","0","0","0","0","0","0","0","0"
"4.36917","0.500044","0.527187","0.0410024","0.546604","0.569558","3.44483","1.70707e-15","3.05345","3.0698","6.04107","6.54263","0","0","0","0","0","0","0","0"
"4.37255","0.500044","0.527187","0.0410051","0.546385","0.569336","3.42719","1.70592e-15","3.05238","3.07216","6.08763","6.52129","0","0","0","0","0","0","0","0"
"4.37603","0.500044","0.527187","0.0410066","0.547058","0.570033","3.41402","1.70604e-15","3.04899","3.07146","6.11532","6.51295","0","0","0","0","0","0","0","0"
"4.37932","0.500044","0.526966","0.0410074","0.547621","0.57052","3.43976","1.70427e-15","3.05686","3.07095","6.07447","6.50727","0","0","0","0","0","0","0","0"
"4.38282","0.500044","0.526966","0.0410081","0.54739","0.570276","3.48708","1.70482e-15","3.05436","3.06621","5.85273","6.50571","0","0","0","0","0","0","0","0"
"4.3861","0.500044","0.526966","0.0410089","0.547534","0.570527","3.47945","1.70712e-15","3.05073","3.06719","5.83779","6.54243","0","0","0","0","0","0","0","0"
"4.38947","0.500044","0.526966","0.0410097","0.547837","0.570921","3.46427","1.70576e-15","3.05034","3.06474","5.87552","6.52574","0","0","0","0","0","0","0","0"
"4.39297","0.500044","0.526966","0.0410101","0.547314","0.570701","3.45347","1.70549e-15","3.0528","3.06875","5.87828","6.52864","0","0","0","0","0","0","0","0"
"4.39625","0.500044","0.526861","0.0410102","0.54712","0.57033","3.44735","1.70555e-15","3.04965","3.06637","5.86474","6.53697","0","0","0","0","0","0","0","0"
"4.39975","0.500044","0.526861","0.0410103","0.546907","0.56994","3.44346","1.70622e-15","3.04899","3.06678","5.8317","6.55357","0","0","0","0","0","0","0","0"
"4.40405","0.500044","0.526861","0.0410105","0.546883","0.569867","3.42665","1.7066e-15","3.0482","3.0687","5.86262","6.5606","0","0","0","0","0","0","0","0"
"4.40848","0.500044","0.526861","0.0410083","0.546538","0.569954","3.40861","1.70599e-15","3.04438","3.0632","5.89228","6.54169","0","0","0","0","0","0","0","0"
"4.41187","0.500044","0.527099","0.0410016","0.546685","0.569805","3.40377","1.70518e-15","3.04789","3.06114","5.86753","6.55023","0","0","0","0","0","0","0","0"
"4.41553","0.500044","0.527099","0.0409938","0.545953","0.569056","3.40455","1.70348e-15","3.04567","3.06151","5.80464","6.53263","0","0","0","0","0","0","0","0"
"4.41863","0.500044","0.527099","0.040987","0.545649","0.569068","3.40945","1.70487e-15","3.04513","3.05719","5.73247","6.53537","0","0","0","0","0","0","0","0"
"4.42203","0.500044","0.527099","0.0409792","0.545336","0.568735","3.40012","1.70517e-15","3.04481","3.05396","5.72728","6.53935","0","0","0","0","0","0","0","0"
"4.42552","0.500044","0.527099","0.0409733","0.545741","0.569186","3.38532","1.70394e-15","3.03881","3.05613","5.76416","6.51608","0","0","0","0","0","0","0","0"
"4.4288","0.500044","0.527076","0.0409682","0.545622","0.569496","3.37807","1.70492e-15","3.03625","3.05242","5.74943","6.53126","0","0","0","0","0","0","0","0"
"4.43218","0.500044","0.527076","0.0409639","0.545401","0.569117","3.36552","1.70405e-15","3.0359","3.04989","5.77283","6.51611","0","0","0","0","0","0","0","0"
"4.43557","0.500044","0.527076","0.0409589","0.544794","0.5684","3.34799","1.70629e-15","3.0418","3.05653","5.81874","6.53976","0","0","0","0","0","0","0","0"
"4.43895","0.500044","0.527076","0.0409546","0.544233","0.568236","3.33539","1.70648e-15","3.04155","3.05455","5.84351","6.53546","0","0","0","0","0","0","0","0"
"4.44245","0.500044","0.527076","0.0409505","0.544177","0.568013","3.32502","1.70445e-15","3.03724","3.05311","5.84585","6.5138","0","0","0","0","0","0","0","0"
"4.4465","0.500044","0.52692","0.0409481","0.54391","0.56784","3.31279","1.70571e-15","3.03806","3.04955","5.86868","6.53428","0","0","0","0","0","0","0","0"
"4.44912","0.500044","0.52692","0.0409454","0.543536","0.567726","3.29791","1.70428e-15","3.03363","3.04864","5.89962","6.51438","0","0","0","0","0","0","0","0"
"4.4525","0.500044","0.52692","0.040943","0.544413","0.568477","3.29238","1.7061e-15","3.02613","3.04395","5.88662","6.5301","0","0","0","0","0","0","0","0"
"4.45588","0.500044","0.52692","0.0409402","0.546578","0.570874","3.2924","1.70504e-15","3.07874","3.06921","5.83937","6.53652","0","0","0","0","0","0","0","0"
"4.45937","0.500044","0.52692","0.0409401","0.545942","0.570394","3.27904","1.70376e-15","3.07916","3.06807","5.87045","6.51316","0","0","0","0","0","0","0","0"
"4.46265","0.500044","0.526799","0.0409427","0.545842","0.570184","3.26447","1.70576e-15","3.07825","3.07112","5.90008","6.54493","0","0","0","0","0","0","0","0"
"4.46603","0.500044","0.526799","0.0409449","0.545121","0.569535","3.25511","1.70466e-15","3.07865","3.07127","5.9064","6.53422","0","0","0","0","0","0","0","0"
"4.46943","0.500044","0.526799","0.0409475","0.544512","0.56881","3.24042","1.70544e-15","3.0847","3.0711","5.9391","6.53186","0","0","0","0","0","0","0","0"
"4.47282","0.500044","0.526799","0.0409497","0.544524","0.568998","3.26399","1.7066e-15","3.08152","3.07329","5.79554","6.5445","0","0","0","0","0","0","0","0"
"4.4763","0.500044","0.526799","0.0409535","0.544495","0.569049","3.26446","1.70451e-15","3.08185","3.07153","5.74053","6.5291","0","0","0","0","0","0","0","0"
"4.47958","0.500044","0.526805","0.0409576","0.54481","0.56929","3.25159","1.70589e-15","3.07839","3.07314","5.76932","6.54462","0","0","0","0","0","0","0","0"
"4.48297","0.500044","0.526805","0.0409624","0.545124","0.56927","3.23374","1.70513e-15","3.0738","3.06754","5.82152","6.54128","0","0","0","0","0","0","0","0"
"4.4879","0.500044","0.526805","0.0409686","0.544723","0.569161","3.22293","1.70673e-15","3.06779","3.0691","5.81448","6.53935","0","0","0","0","0","0","0","0"
"4.49183","0.500044","0.526805","0.0409749","0.545107","0.569714","3.21063","1.70601e-15","3.0658","3.07815","5.8238","6.53081","0","0","0","0","0","0","0","0"
"4.4952","0.500044","0.526901","0.0409815","0.545281","0.569484","3.2009","1.7063e-15","3.06596","3.07751","5.83482","6.51662","0","0","0","0","0","0","0","0"
"4.49858","0.500044","0.526901","0.0409892","0.546085","0.570344","3.18867","1.70696e-15","3.06304","3.08009","5.85327","6.52423","0","0","0","0","0","0","0","0"
"4.50197","0.500044","0.526901","0.0409957","0.546147","0.570058","3.17573","1.7056e-15","3.06057","3.0786","5.88464","6.52161","0","0","0","0","0","0","0","0"
"4.50547","0.500044","0.526901","0.0410034","0.545709","0.569546","3.15975","1.70681e-15","3.05835","3.07778","5.92755","6.55457","0","0","0","0","0","0","0","0"
"4.50883","0.500044","0.526901","0.041011","0.545445","0.569612","3.1485","1.70535e-15","3.0542","3.0776","5.9481","6.54134","0","0","0","0","0","0","0","0"
"4.51213","0.500044","0.526886","0.0410221","0.545896","0.569796","3.1413","1.70637e-15","3.05155","3.06827","5.93609","6.55911","0","0","0","0","0","0","0","0"
"4.51552","0.500044","0.526886","0.0410317","0.546786","0.570286","3.13733","1.70586e-15","3.0478","3.06259","5.91459","6.55124","0","0","0","0","0","0","0","0"
"4.5189","0.500044","0.526886","0.0410428","0.546787","0.570339","3.1289","1.70615e-15","3.04768","3.06109","5.90808","6.54217","0","0","0","0","0","0","0","0"
"4.52228","0.500044","0.526886","0.0410523","0.546355","0.569824","3.12161","1.70621e-15","3.04929","3.06246","5.90369","6.54598","0","0","0","0","0","0","0","0"
"4.5259","0.500044","0.526886","0.0410616","0.546316","0.569757","3.11658","1.70393e-15","3.04529","3.05907","5.88112","6.52564","0","0","0","0","0","0","0","0"
"4.52983","0.500044","0.527045","0.0410673","0.547011","0.570657","3.19385","1.70477e-15","3.04258","3.06079","6.68515","6.5457","0","0","0","0","0","0","0","0"
"4.53245","0.500044","0.527045","0.0410739","0.54649","0.570003","3.48113","1.70378e-15","3.04047","3.06089","7.19536","6.55024","0","0","0","0","0","0","0","0"
"4.53583","0.500044","0.527045","0.0410796","0.546818","0.57044","3.55203","1.70468e-15","3.0391","3.05846","6.90027","6.57001","0","0","0","0","0","0","0","0"
"4.53922","0.500044","0.527045","0.0410863","0.5474","0.571196","3.55754","1.70314e-15","3.03997","3.05641","6.81522","6.56734","0","0","0","0","0","0","0","0"
"4.5427","0.500044","0.527045","0.0410912","0.546736","0.570155","3.54225","1.70347e-15","3.03816","3.06104","6.85705","6.56333","0","0","0","0","0","0","0","0"
"4.54598","0.500044","0.527208","0.0410961","0.546807","0.570374","3.52523","1.7023e-15","3.03257","3.05539","6.90116","6.55227","0","0","0","0","0","0","0","0"
"4.54937","0.500044","0.527208","0.0411003","0.54643","0.56999","3.53185","1.7034e-15","3.03092","3.05413","6.84802","6.56791","0","0","0","0","0","0","0","0"
"4.56582","0.500044","0.527208","0.0411095","0.54636","0.569277","3.53622","1.70392e-15","3.02517","3.03774","6.63685","6.55924","0","0","0","0","0","0","0","0"
"4.56628","0.500044","0.527309","0.0411082","0.54677","0.570248","3.5272","1.70453e-15","3.02449","3.03745","6.6313","6.57082","0","0","0","0","0","0","0","0"
"4.57105","0.500044","0.527309","0.0411066","0.546198","0.569553","3.50696","1.70503e-15","3.02699","3.0372","6.68611","6.56743","0","0","0","0","0","0","0","0"
"4.57517","0.500044","0.527309","0.0411048","0.546914","0.570509","3.48912","1.70415e-15","3.02886","3.03976","6.71498","6.56867","0","0","0","0","0","0","0","0"
"4.57853","0.500044","0.527228","0.0411038","0.546294","0.569609","3.47888","1.70443e-15","3.03045","3.04018","6.72314","6.58247","0","0","0","0","0","0","0","0"
"4.58193","0.500044","0.527228","0.0411025","0.546587","0.570356","3.46646","1.70295e-15","3.02622","3.03587","6.73592","6.57702","0","0","0","0","0","0","0","0"
"4.58532","0.500044","0.527228","0.0411014","0.546812","0.570365","3.46137","1.70486e-15","3.03044","3.03259","6.71306","6.5811","0","0","0","0","0","0","0","0"
"4.5887","0.500044","0.527228","0.0411002","0.546897","0.5707","3.45844","1.70405e-15","3.02578","3.03175","6.66721","6.58131","0","0","0","0","0","0","0","0"
"4.59223","0.500044","0.527228","0.041099","0.546218","0.569981","3.45591","1.70404e-15","3.02539","3.0302","6.62559","6.57884","0","0","0","0","0","0","0","0"
"4.59548","0.500044","0.527242","0.0410973","0.545665","0.569354","3.45401","1.70317e-15","3.02449","3.03255","6.57007","6.57645","0","0","0","0","0","0","0","0"
"4.59887","0.500044","0.527242","0.0410959","0.545889","0.569853","3.45531","1.70318e-15","3.03071","3.03357","6.50757","6.57901","0","0","0","0","0","0","0","0"
"4.60225","0.500044","0.527242","0.0410942","0.545412","0.569416","3.45323","1.70341e-15","3.02956","3.03421","6.45518","6.58463","0","0","0","0","0","0","0","0"
"4.60563","0.500044","0.527242","0.0410927","0.545243","0.569642","3.45009","1.70281e-15","3.02699","3.02937","6.42021","6.57915","0","0","0","0","0","0","0","0"
"4.60913","0.500044","0.527242","0.0410912","0.54463","0.569191","3.44207","1.70291e-15","3.02804","3.03109","6.40401","6.59506","0","0","0","0","0","0","0","0"
"4.6124","0.500044","0.527373","0.0410901","0.543964","0.56829","3.43486","1.70338e-15","3.0298","3.03147","6.39359","6.58189","0","0","0","0","0","0","0","0"
"4.61578","0.500044","0.527373","0.0410887","0.543508","0.568285","3.42551","1.70307e-15","3.02898","3.03337","6.38755","6.58571","0","0","0","0","0","0","0","0"
"4.61918","0.500044","0.527373","0.0410876","0.543228","0.568021","3.41407","1.70351e-15","3.02627","3.03236","6.40432","6.58729","0","0","0","0","0","0","0","0"
"4.62478","0.500044","0.527373","0.0410862","0.543128","0.567907","3.40012","1.70268e-15","3.02275","3.03172","6.42887","6.58516","0","0","0","0","0","0","0","0"
"4.62607","0.500044","0.527373","0.0410848","0.542552","0.56721","3.38693","1.70321e-15","3.02217","3.03331","6.45871","6.59183","0","0","0","0","0","0","0","0"
"4.62933","0.500044","0.527249","0.0410829","0.543534","0.568029","3.37468","1.70185e-15","3.03204","3.03362","6.47351","6.58938","0","0","0","0","0","0","0","0"
"4.63272","0.500044","0.527249","0.0410812","0.543022","0.56763","3.35988","1.70267e-15","3.03511","3.03104","6.51563","6.60069","0","0","0","0","0","0","0","0"
"4.6361","0.500044","0.527249","0.0410793","0.54339","0.56801","3.34417","1.70319e-15","3.03298","3.02629","6.55436","6.60134","0","0","0","0","0","0","0","0"
"4.63948","0.500044","0.527249","0.0410776","0.542645","0.567374","3.32849","1.70278e-15","3.03507","3.0268","6.60456","6.60195","0","0","0","0","0","0","0","0"
"4.64293","0.500044","0.527249","0.0410755","0.542204","0.5674","3.31072","1.70246e-15","3.03521","3.02464","6.6604","6.58227","0","0","0","0","0","0","0","0"
"4.64653","0.500044","0.526946","0.0410733","0.542304","0.567564","3.30154","1.70151e-15","3.03723","3.02128","6.65675","6.57551","0","0","0","0","0","0","0","0"
"4.6498","0.500044","0.526946","0.0410714","0.542651","0.567917","3.29122","1.70348e-15","3.03826","3.01667","6.67012","6.60259","0","0","0","0","0","0","0","0"
"4.65397","0.500044","0.526946","0.0410689","0.541832","0.567429","3.27137","1.7027e-15","3.0378","3.0164","6.73291","6.59976","0","0","0","0","0","0","0","0"
"4.65848","0.500044","0.526946","0.0410671","0.541415","0.567139","3.24822","1.70292e-15","3.03695","3.01423","6.81171","6.60204","0","0","0","0","0","0","0","0"
"4.66177","0.500044","0.526757","0.0410685","0.541686","0.567375","3.24082","1.70417e-15","3.03422","3.01076","6.80426","6.62296","0","0","0","0","0","0","0","0"
"4.66518","0.500044","0.526757","0.0410701","0.541731","0.566813","3.22494","1.70327e-15","3.0319","3.0112","6.85025","6.61524","0","0","0","0","0","0","0","0"
"4.66855","0.500044","0.526757","0.0410716","0.541363","0.566378","3.21033","1.70358e-15","3.03128","3.00998","6.89866","6.62115","0","0","0","0","0","0","0","0"
"4.67193","0.500044","0.526757","0.0410732","0.541015","0.565744","3.19341","1.70276e-15","3.02939","3.00944","6.95503","6.62523","0","0","0","0","0","0","0","0"
"4.67543","0.500044","0.526757","0.0410741","0.541342","0.566186","3.17814","1.70405e-15","3.03854","3.01325","7.01093","6.63296","0","0","0","0","0","0","0","0"
"4.67875","0.500044","0.526632","0.041074","0.541714","0.566818","3.1602","1.70272e-15","3.03847","3.01905","7.07826","6.62759","0","0","0","0","0","0","0","0"
"4.68212","0.500044","0.526632","0.0410739","0.541337","0.566304","3.1459","1.70382e-15","3.03995","3.01806","7.12797","6.62625","0","0","0","0","0","0","0","0"
"4.6855","0.500044","0.526632","0.0410738","0.540956","0.566384","3.12798","1.70403e-15","3.04109","3.01687","7.19787","6.60872","0","0","0","0","0","0","0","0"
"4.68893","0.500044","0.526632","0.0410737","0.541432","0.567027","3.11802","1.70377e-15","3.04334","3.01024","7.2127","6.6002","0","0","0","0","0","0","0","0"
"4.69238","0.500044","0.526632","0.0410731","0.541633","0.567312","3.10942","1.7028e-15","3.04575","3.00496","7.20685","6.58121","0","0","0","0","0","0","0","0"
"4.69565","0.500044","0.526354","0.041072","0.541693","0.567295","3.0969","1.70217e-15","3.04044","3.00462","7.24389","6.56921","0","0","0","0","0","0","0","0"
"4.69903","0.500044","0.526354","0.0410707","0.541338","0.567004","3.07891","1.70214e-15","3.03594","3.00221","7.31813","6.56442","0","0","0","0","0","0","0","0"
"4.70243","0.500044","0.526354","0.0410696","0.541408","0.566983","3.06463","1.70142e-15","3.03186","2.99623","7.37256","6.5615","0","0","0","0","0","0","0","0"
"4.70582","0.500044","0.526354","0.0410684","0.541231","0.566718","3.04772","1.70288e-15","3.03075","2.99664","7.43984","6.57315","0","0","0","0","0","0","0","0"
"4.7093","0.500044","0.526354","0.0410686","0.541279","0.566705","3.03714","1.70255e-15","3.03255","2.99799","7.46571","6.58149","0","0","0","0","0","0","0","0"
"4.71258","0.500044","0.526321","0.0410703","0.541102","0.566399","3.0344","1.7035e-15","3.03083","2.99773","7.41405","6.57997","0","0","0","0","0","0","0","0"
"4.71597","0.500044","0.526321","0.0410718","0.541331","0.566629","3.11586","1.70209e-15","3.02607","2.99139","7.03618","6.57454","0","0","0","0","0","0","0","0"
"4.71935","0.500044","0.526321","0.0410736","0.541441","0.567212","3.1418","1.70362e-15","3.01887","2.98883","6.81161","6.57249","0","0","0","0","0","0","0","0"
"4.72273","0.500044","0.526321","0.0410751","0.541445","0.566859","3.13685","1.704e-15","3.01451","2.98638","6.78799","6.58452","0","0","0","0","0","0","0","0"
"4.72622","0.500044","0.526321","0.0410751","0.541083","0.566625","3.12172","1.70266e-15","3.01229","2.98538","6.83232","6.56961","0","0","0","0","0","0","0","0"
"4.7295","0.500044","0.526325","0.041074","0.542285","0.56803","3.10844","1.70366e-15","3.01889","2.98747","6.87371","6.59433","0","0","0","0","0","0","0","0"
"4.7329","0.500044","0.526325","0.0410727","0.542118","0.567679","3.09245","1.7028e-15","3.01711","2.98561","6.9266","6.5837","0","0","0","0","0","0","0","0"
"4.73733","0.500044","0.526325","0.0410713","0.541779","0.567394","3.07216","1.70322e-15","3.01688","2.98218","7.0058","6.60923","0","0","0","0","0","0","0","0"
"4.74182","0.500044","0.526325","0.0410702","0.541346","0.567608","3.05442","1.70336e-15","3.01775","2.97952","7.05376","6.60971","0","0","0","0","0","0","0","0"
"4.74513","0.500044","0.526231","0.0410706","0.541866","0.568048","3.04084","1.70106e-15","3.01358","2.97653","7.10106","6.60064","0","0","0","0","0","0","0","0"
"4.74853","0.500044","0.526231","0.0410711","0.541711","0.567663","3.02738","1.7032e-15","3.00976","2.97117","7.13673","6.63097","0","0","0","0","0","0","0","0"
"4.7519","0.500044","0.526231","0.0410715","0.541699","0.567667","3.01603","1.7026e-15","3.01423","2.97688","7.16607","6.62391","0","0","0","0","0","0","0","0"
"4.75528","0.500044","0.526231","0.041072","0.541195","0.567259","3.00161","1.70371e-15","3.01395","2.97571","7.21135","6.63949","0","0","0","0","0","0","0","0"
"4.75877","0.500044","0.526231","0.0410727","0.541369","0.567318","2.99073","1.70265e-15","3.01482","2.98019","7.23833","6.622","0","0","0","0","0","0","0","0"
"4.76207","0.500044","0.526384","0.0410742","0.541458","0.567395","2.97662","1.70294e-15","3.01774","2.97932","7.28252","6.62254","0","0","0","0","0","0","0","0"
"4.76545","0.500044","0.526384","0.0410754","0.542093","0.567593","2.96605","1.70309e-15","3.0181","2.97806","7.30829","6.61521","0","0","0","0","0","0","0","0"
"4.76883","0.500044","0.526384","0.0410768","0.542221","0.567512","2.95533","1.70436e-15","3.0194","2.98289","7.32361","6.64114","0","0","0","0","0","0","0","0"
"4.77222","0.500044","0.526384","0.0410781","0.543435","0.569494","2.94955","1.70521e-15","3.02167","3.00249","7.31012","6.62849","0","0","0","0","0","0","0","0"
"4.7758","0.500044","0.526384","0.0410797","0.543421","0.569436","2.93497","1.70477e-15","3.02217","3.0079","7.36108","6.63444","0","0","0","0","0","0","0","0"
"4.77908","0.500044","0.526492","0.0410812","0.543345","0.569305","2.92361","1.70521e-15","3.02397","3.00435","7.39434","6.6426","0","0","0","0","0","0","0","0"
"4.78247","0.500044","0.526492","0.0410831","0.544939","0.570625","2.92932","1.70527e-15","3.04343","3.01104","7.29256","6.63689","0","0","0","0","0","0","0","0"
"4.78585","0.500044","0.526492","0.0410846","0.54543","0.5711","2.92276","1.7062e-15","3.03912","3.00958","7.28549","6.64122","0","0","0","0","0","0","0","0"
"4.78925","0.500044","0.526492","0.0410865","0.545806","0.571671","2.90804","1.70561e-15","3.03131","3.01428","7.33875","6.65343","0","0","0","0","0","0","0","0"
"4.79275","0.500044","0.526492","0.0410879","0.545055","0.570961","2.89447","1.7048e-15","3.03478","3.01701","7.39425","6.63494","0","0","0","0","0","0","0","0"
"4.796","0.500044","0.526695","0.0410895","0.544522","0.57046","2.88051","1.70413e-15","3.0338","3.01601","7.4426","6.6367","0","0","0","0","0","0","0","0"
"4.7994","0.500044","0.526695","0.0410908","0.544627","0.570258","2.86754","1.70462e-15","3.03102","3.0146","7.49416","6.63324","0","0","0","0","0","0","0","0"
"4.80278","0.500044","0.526695","0.0410924","0.545126","0.570656","2.85337","1.70436e-15","3.02644","3.0079","7.54619","6.62663","0","0","0","0","0","0","0","0"
"4.80617","0.500044","0.526695","0.0410937","0.545698","0.571591","2.84339","1.70621e-15","3.02463","3.01306","7.5704","6.64033","0","0","0","0","0","0","0","0"
"4.80965","0.500044","0.526695","0.0410939","0.545165","0.570784","2.83074","1.70509e-15","3.02684","3.01677","7.60891","6.64307","0","0","0","0","0","0","0","0"
"4.81293","0.500044","0.527111","0.0410931","0.544573","0.57022","2.81804","1.70657e-15","3.02685","3.01599","7.66112","6.66098","0","0","0","0","0","0","0","0"
"4.81633","0.500044","0.527111","0.0410923","0.544572","0.570513","2.80447","1.70654e-15","3.0243","3.01516","7.71066","6.6526","0","0","0","0","0","0","0","0"
"4.82075","0.500044","0.527111","0.0410913","0.544812","0.570912","2.79803","1.7063e-15","3.02398","3.01347","7.68316","6.64142","0","0","0","0","0","0","0","0"
"4.82515","0.500044","0.527111","0.0410891","0.54552","0.571985","2.78368","1.70653e-15","3.02028","3.0084","7.71763","6.63713","0","0","0","0","0","0","0","0"
"4.8283","0.500044","0.527217","0.0410849","0.545691","0.572327","2.77207","1.70635e-15","3.01956","3.00722","7.76155","6.63695","0","0","0","0","0","0","0","0"
"4.83168","0.500044","0.527217","0.0410808","0.54584","0.57204","2.76094","1.70649e-15","3.01737","3.01374","7.80154","6.64262","0","0","0","0","0","0","0","0"
"4.83508","0.500044","0.527217","0.041076","0.545169","0.571375","2.74622","1.70687e-15","3.01889","3.01734","7.86726","6.63833","0","0","0","0","0","0","0","0"
"4.83845","0.500044","0.527217","0.0410719","0.544988","0.571167","2.74692","1.70598e-15","3.01684","3.01253","7.79778","6.64008","0","0","0","0","0","0","0","0"
"4.84195","0.500044","0.527217","0.041067","0.544596","0.570866","2.73638","1.70666e-15","3.02005","3.0138","7.81962","6.63403","0","0","0","0","0","0","0","0"
"4.84523","0.500044","0.527308","0.0410625","0.544389","0.57071","2.72483","1.70507e-15","3.01676","3.01024","7.8654","6.62414","0","0","0","0","0","0","0","0"
"4.84862","0.500044","0.527308","0.0410572","0.544406","0.5705","2.71188","1.70666e-15","3.01182","3.00898","7.91432","6.63243","0","0","0","0","0","0","0","0"
"4.852","0.500044","0.527308","0.0410528","0.544577","0.570707","2.69956","1.70512e-15","3.0083","3.00278","7.97032","6.61939","0","0","0","0","0","0","0","0"
"4.85538","0.500044","0.527308","0.0410475","0.544295","0.570191","2.68459","1.70644e-15","3.00786","3.00844","8.04361","6.63091","0","0","0","0","0","0","0","0"
"4.8589","0.500044","0.527308","0.0410436","0.54369","0.56975","2.67445","1.70553e-15","3.00692","3.00714","8.07768","6.6228","0","0","0","0","0","0","0","0"
"4.86217","0.500044","0.527441","0.0410404","0.543849","0.56961","2.66253","1.70716e-15","3.00663","3.00495","8.1202","6.62092","0","0","0","0","0","0","0","0"
"4.86553","0.500044","0.527441","0.0410377","0.544972","0.570626","2.65179","1.70547e-15","3.01275","3.00407","8.16306","6.60479","0","0","0","0","0","0","0","0"
"4.86893","0.500044","0.527441","0.0410345","0.548207","0.572941","2.66208","1.70641e-15","3.05507","3.02586","7.99144","6.60104","0","0","0","0","0","0","0","0"
"4.87232","0.500044","0.527441","0.0410318","0.548355","0.573796","2.65723","1.70453e-15","3.0512","3.02371","7.97068","6.58483","0","0","0","0","0","0","0","0"
"4.8758","0.500044","0.527441","0.0410293","0.548564","0.573909","2.64294","1.70445e-15","3.04944","3.02522","8.03927","6.58565","0","0","0","0","0","0","0","0"
"4.87908","0.500044","0.527306","0.0410281","0.54875","0.574481","2.63198","1.70366e-15","3.04778","3.0213","8.08418","6.57892","0","0","0","0","0","0","0","0"
"4.88247","0.500044","0.527306","0.0410266","0.548953","0.57461","2.62204","1.706e-15","3.04723","3.0195","8.10638","6.5835","0","0","0","0","0","0","0","0"
"4.88585","0.500044","0.527306","0.0410253","0.54824","0.573829","2.61185","1.70551e-15","3.05006","3.02097","8.14373","6.56682","0","0","0","0","0","0","0","0"
"4.88925","0.500044","0.527306","0.0410239","0.549002","0.574551","2.59862","1.70665e-15","3.06245","3.02408","8.20411","6.58681","0","0","0","0","0","0","0","0"
"4.89275","0.500044","0.527306","0.041023","0.549627","0.575018","2.59396","1.70535e-15","3.0641","3.02582","8.18438","6.5692","0","0","0","0","0","0","0","0"
"4.896","0.500044","0.527578","0.0410223","0.551084","0.576148","2.58653","1.70646e-15","3.07696","3.01854","8.18157","6.57223","0","0","0","0","0","0","0","0"
"4.8994","0.500044","0.527578","0.0410217","0.551579","0.576403","2.57609","1.70558e-15","3.08157","3.02224","8.2243","6.56274","0","0","0","0","0","0","0","0"
"4.90408","0.500044","0.527578","0.0410208","0.551562","0.57691","2.56101","1.70644e-15","3.08013","3.04179","8.28246","6.57999","0","0","0","0","0","0","0","0"
"4.90848","0.500044","0.527578","0.0410194","0.551705","0.577003","2.54923","1.70519e-15","3.08258","3.04475","8.30333","6.55856","0","0","0","0","0","0","0","0"
"4.91163","0.500044","0.528177","0.0410171","0.552249","0.577611","2.54044","1.70517e-15","3.0838","3.04074","8.32933","6.56171","0","0","0","0","0","0","0","0"
"4.91502","0.500044","0.528177","0.0410148","0.552125","0.577393","2.53446","1.70548e-15","3.08362","3.04359","8.32129","6.5507","0","0","0","0","0","0","0","0"
"4.91842","0.500044","0.528177","0.0410121","0.552217","0.577168","2.52414","1.70539e-15","3.07623","3.03734","8.35414","6.53461","0","0","0","0","0","0","0","0"
"4.92178","0.500044","0.528177","0.0410097","0.552916","0.578093","2.52297","1.70541e-15","3.08004","3.04497","8.29321","6.51759","0","0","0","0","0","0","0","0"
"4.92528","0.500044","0.528177","0.0410074","0.552831","0.578219","2.51328","1.70693e-15","3.07977","3.04652","8.31726","6.54497","0","0","0","0","0","0","0","0"
"4.92857","0.500044","0.528742","0.0410062","0.552001","0.577184","2.50245","1.70715e-15","3.08017","3.04865","8.36907","6.53168","0","0","0","0","0","0","0","0"
"4.93197","0.500044","0.528742","0.0410047","0.5526","0.578123","2.49263","1.70794e-15","3.07779","3.04203","8.39605","6.52674","0","0","0","0","0","0","0","0"
"4.93533","0.500044","0.528742","0.0410035","0.552784","0.577962","2.49181","1.70828e-15","3.07457","3.04314","8.32997","6.52541","0","0","0","0","0","0","0","0"
"4.93872","0.500044","0.528742","0.041002","0.552904","0.577808","2.48317","1.70823e-15","3.07197","3.04138","8.34416","6.53407","0","0","0","0","0","0","0","0"
"4.94222","0.500044","0.528742","0.040998","0.553679","0.579002","2.47989","1.70806e-15","3.07094","3.04283","8.30859","6.52455","0","0","0","0","0","0","0","0"
"4.9455","0.500044","0.529162","0.040987","0.553794","0.579373","2.46738","1.70572e-15","3.07","3.04092","8.36918","6.51691","0","0","0","0","0","0","0","0"
"4.94887","0.500044","0.529162","0.0409775","0.553444","0.579114","2.4599","1.70745e-15","3.07025","3.04064","8.38169","6.53193","0","0","0","0","0","0","0","0"
"4.95225","0.500044","0.529162","0.0409664","0.552598","0.578679","2.4464","1.7072e-15","3.07392","3.0381","8.457","6.52052","0","0","0","0","0","0","0","0"
"4.95563","0.500044","0.529162","0.0409569","0.552638","0.578644","2.43454","1.70784e-15","3.07555","3.03471","8.52681","6.52944","0","0","0","0","0","0","0","0"
"4.95913","0.500044","0.529162","0.0409504","0.553133","0.579174","2.42813","1.70639e-15","3.09157","3.03271","8.51789","6.50475","0","0","0","0","0","0","0","0"
"4.96242","0.500044","0.529353","0.0409502","0.552322","0.578458","2.41611","1.70647e-15","3.09029","3.03267","8.59154","6.50618","0","0","0","0","0","0","0","0"
"4.9658","0.500044","0.529353","0.0409499","0.552771","0.578677","2.40707","1.70575e-15","3.08414","3.02835","8.61268","6.51459","0","0","0","0","0","0","0","0"
"4.96918","0.500044","0.529353","0.0409496","0.55254","0.578394","2.39924","1.70567e-15","3.08398","3.0289","8.63165","6.52812","0","0","0","0","0","0","0","0"
"4.97257","0.500044","0.529353","0.0409493","0.552116","0.578053","2.38773","1.70613e-15","3.08138","3.02718","8.68704","6.52463","0","0","0","0","0","0","0","0"
"4.97608","0.500044","0.529353","0.0409493","0.552636","0.578223","2.38098","1.70626e-15","3.07609","3.02569","8.69273","6.52117","0","0","0","0","0","0","0","0"
"4.97933","0.500044","0.529569","0.0409494","0.552521","0.578039","2.36919","1.70622e-15","3.07142","3.02516","8.75365","6.52306","0","0","0","0","0","0","0","0"
"4.98272","0.500044","0.529569","0.0409494","0.551884","0.577523","2.36305","1.70612e-15","3.07239","3.02711","8.75304","6.52066","0","0","0","0","0","0","0","0"
"4.98742","0.500044","0.529569","0.0409496","0.552274","0.577515","2.36087","1.70663e-15","3.07253","3.03402","8.66902","6.52666","0","0","0","0","0","0","0","0"
"4.99182","0.500044","0.529569","0.040949","0.551978","0.577384","2.38243","1.70576e-15","3.06907","3.04014","8.3459","6.52251","0","0","0","0","0","0","0","0"
"4.99497","0.500044","0.529662","0.0409467","0.551481","0.577268","2.38561","1.70387e-15","3.0668","3.0424","8.23741","6.51891","0","0","0","0","0","0","0","0"
"4.99835","0.500044","0.529662","0.0409445","0.551302","0.577356","2.38234","1.70487e-15","3.06372","3.04025","8.20713","6.53749","0","0","0","0","0","0","0","0"
"5.00175","0.500044","0.529662","0.0409419","0.550778","0.577307","2.37441","1.70423e-15","3.06093","3.04232","8.21701","6.53487","0","0","0","0","0","0","0","0"
"5.00512","0.500044","0.529662","0.0409397","0.550965","0.578118","2.37034","1.70544e-15","3.05638","3.04136","8.19336","6.54921","0","0","0","0","0","0","0","0"
"5.0086","0.500044","0.529662","0.0409379","0.551477","0.578334","2.3624","1.70426e-15","3.06537","3.04104","8.20244","6.52569","0","0","0","0","0","0","0","0"
"5.01188","0.500044","0.529691","0.0409383","0.551718","0.578548","2.35763","1.70574e-15","3.06269","3.0381","8.18762","6.54098","0","0","0","0","0","0","0","0"
"5.01528","0.500044","0.529691","0.0409387","0.551708","0.578396","2.35263","1.70561e-15","3.06034","3.03415","8.16298","6.53998","0","0","0","0","0","0","0","0"
"5.01867","0.500044","0.529691","0.0409391","0.551447","0.578021","2.34862","1.70514e-15","3.06065","3.03566","8.13884","6.53545","0","0","0","0","0","0","0","0"
"5.02205","0.500044","0.529691","0.0409395","0.550549","0.576909","2.33738","1.7061e-15","3.06237","3.03727","8.19027","6.54487","0","0","0","0","0","0","0","0"
"5.02555","0.500044","0.529691","0.0409402","0.550787","0.576802","2.32849","1.70457e-15","3.08087","3.06236","8.22589","6.54241","0","0","0","0","0","0","0","0"
"5.02882","0.500044","0.529718","0.0409418","0.550181","0.576414","2.3177","1.70522e-15","3.07927","3.06239","8.27334","6.54436","0","0","0","0","0","0","0","0"
"5.0322","0.500044","0.529718","0.0409432","0.549479","0.575643","2.30929","1.70447e-15","3.08002","3.06413","8.30399","6.53326","0","0","0","0","0","0","0","0"
"5.03558","0.500044","0.529718","0.0409448","0.548908","0.574892","2.29761","1.70491e-15","3.08104","3.06302","8.3649","6.53878","0","0","0","0","0","0","0","0"
"5.03897","0.500044","0.529718","0.0409462","0.548877","0.574907","2.29562","1.70625e-15","3.08321","3.06759","8.31509","6.52814","0","0","0","0","0","0","0","0"
"5.04247","0.500044","0.529718","0.0409458","0.548438","0.574286","2.28604","1.70494e-15","3.08071","3.06881","8.34928","6.52359","0","0","0","0","0","0","0","0"
"5.04575","0.500044","0.529842","0.0409433","0.548462","0.574214","2.28048","1.70693e-15","3.08401","3.06948","8.34402","6.54058","0","0","0","0","0","0","0","0"
"5.04913","0.500044","0.529842","0.0409404","0.547991","0.573514","2.26978","1.70604e-15","3.0865","3.0729","8.39455","6.53232","0","0","0","0","0","0","0","0"
"5.05252","0.500044","0.529842","0.0409379","0.547948","0.57309","2.26632","1.70717e-15","3.08067","3.06993","8.36574","6.55446","0","0","0","0","0","0","0","0"
"5.0559","0.500044","0.529842","0.040935","0.547746","0.573204","2.25753","1.70634e-15","3.08144","3.07031","8.39596","6.55014","0","0","0","0","0","0","0","0"
"5.05942","0.500044","0.529842","0.0409346","0.546859","0.572072","2.24769","1.70642e-15","3.0869","3.07498","8.44973","6.55344","0","0","0","0","0","0","0","0"
"5.06262","0.500044","0.529558","0.0409365","0.54675","0.571844","2.23808","1.7054e-15","3.08283","3.07234","8.48878","6.53423","0","0","0","0","0","0","0","0"
"5.06617","0.500044","0.529558","0.0409384","0.547566","0.572475","2.23756","1.70534e-15","3.07514","3.06955","8.40901","6.52228","0","0","0","0","0","0","0","0"
"5.07058","0.500044","0.529558","0.0409407","0.547908","0.572866","2.24327","1.70572e-15","3.06937","3.07679","8.24543","6.5298","0","0","0","0","0","0","0","0"
"5.07515","0.500044","0.529558","0.0409443","0.547519","0.572101","2.22757","1.70409e-15","3.07258","3.08127","8.33938","6.51871","0","0","0","0","0","0","0","0"
"5.07838","0.500044","0.529224","0.0409495","0.548059","0.572333","2.22252","1.70421e-15","3.07493","3.07699","8.32869","6.51223","0","0","0","0","0","0","0","0"
"5.0818","0.500044","0.529224","0.0409555","0.54863","0.572415","2.21904","1.70491e-15","3.0713","3.07173","8.28971","6.50934","0","0","0","0","0","0","0","0"
"5.08573","0.500044","0.529224","0.0409607","0.548198","0.571891","2.20856","1.70392e-15","3.07172","3.07217","8.35419","6.49672","0","0","0","0","0","0","0","0"
"5.0888","0.500044","0.529224","0.0409668","0.548192","0.57192","2.19616","1.70547e-15","3.07392","3.07284","8.4335","6.50355","0","0","0","0","0","0","0","0"
"5.09227","0.500044","0.529224","0.0409723","0.547505","0.570897","2.18729","1.70433e-15","3.07731","3.07587","8.47784","6.49069","0","0","0","0","0","0","0","0"
"5.09582","0.500044","0.529046","0.0409795","0.547099","0.570506","2.18146","1.70599e-15","3.07735","3.07687","8.47076","6.49394","0","0","0","0","0","0","0","0"
"5.09932","0.500044","0.529046","0.0409868","0.547099","0.570451","2.16947","1.7056e-15","3.08019","3.0785","8.54715","6.50055","0","0","0","0","0","0","0","0"
"5.10263","0.500044","0.529046","0.0409941","0.54619","0.569653","2.15979","1.70495e-15","3.08177","3.07762","8.5909","6.50752","0","0","0","0","0","0","0","0"
"5.1063","0.500044","0.529046","0.0410013","0.545874","0.569034","2.14764","1.70553e-15","3.08761","3.08337","8.67272","6.51882","0","0","0","0","0","0","0","0"
"5.11008","0.500044","0.529046","0.0410061","0.545267","0.568142","2.13807","1.70476e-15","3.08633","3.08405","8.7165","6.50721","0","0","0","0","0","0","0","0"
"5.11332","0.500044","0.529017","0.0410093","0.545322","0.567978","2.13516","1.70503e-15","3.08266","3.08022","8.67789","6.51266","0","0","0","0","0","0","0","0"
"5.11715","0.500044","0.529017","0.0410131","0.544609","0.567511","2.12565","1.70547e-15","3.08575","3.08084","8.72254","6.49482","0","0","0","0","0","0","0","0"
"5.12063","0.500044","0.529017","0.0410168","0.545117","0.568015","2.11752","1.7049e-15","3.08682","3.08479","8.74735","6.49218","0","0","0","0","0","0","0","0"
"5.12515","0.500044","0.529017","0.0410216","0.545688","0.568158","2.12153","1.70597e-15","3.08827","3.08641","8.58507","6.48912","0","0","0","0","0","0","0","0"
"5.12863","0.500044","0.528728","0.0410248","0.546198","0.568515","2.17356","1.70544e-15","3.0923","3.08848","8.23454","6.4765","0","0","0","0","0","0","0","0"
"5.13218","0.500044","0.528728","0.0410285","0.546362","0.568856","2.28008","1.70619e-15","3.08903","3.0873","7.85203","6.49829","0","0","0","0","0","0","0","0"
"5.13558","0.500044","0.528728","0.0410322","0.546406","0.56934","2.38525","1.70625e-15","3.08749","3.08714","7.3468","6.49445","0","0","0","0","0","0","0","0"
"5.13897","0.500044","0.528728","0.0410353","0.546495","0.569658","2.4503","1.70722e-15","3.08524","3.08129","7.03608","6.51683","0","0","0","0","0","0","0","0"
"5.14245","0.500044","0.528728","0.0410375","0.546291","0.569498","2.46461","1.70499e-15","3.08515","3.08463","6.86189","6.50051","0","0","0","0","0","0","0","0"
"5.14573","0.500044","0.528383","0.0410375","0.54549","0.568551","2.46154","1.70699e-15","3.08747","3.08577","6.83603","6.51871","0","0","0","0","0","0","0","0"
"5.14912","0.500044","0.528383","0.0410376","0.545468","0.568779","2.4489","1.70572e-15","3.0833","3.08869","6.88912","6.51405","0","0","0","0","0","0","0","0"
"5.15458","0.500044","0.528383","0.0410377","0.545101","0.568578","2.44198","1.70716e-15","3.08693","3.08781","6.85996","6.52347","0","0","0","0","0","0","0","0"
"5.15852","0.500044","0.528383","0.0410367","0.54452","0.567778","2.43432","1.70619e-15","3.08787","3.08637","6.85521","6.50405","0","0","0","0","0","0","0","0"
"5.16187","0.500044","0.528509","0.0410333","0.544276","0.567847","2.43215","1.70604e-15","3.08386","3.08084","6.82092","6.51245","0","0","0","0","0","0","0","0"
"5.16527","0.500044","0.528509","0.0410294","0.544555","0.568155","2.4393","1.70535e-15","3.07791","3.07471","6.71552","6.49038","0","0","0","0","0","0","0","0"
"5.16865","0.500044","0.528509","0.041026","0.544131","0.567741","2.43597","1.70729e-15","3.07806","3.0772","6.68677","6.52107","0","0","0","0","0","0","0","0"
"5.17205","0.500044","0.528509","0.0410221","0.54378","0.567918","2.43219","1.70566e-15","3.07828","3.07898","6.65472","6.51089","0","0","0","0","0","0","0","0"
"5.17552","0.500044","0.528509","0.0410177","0.543441","0.567464","2.43102","1.70644e-15","3.07828","3.07712","6.61283","6.51421","0","0","0","0","0","0","0","0"
"5.1788","0.500044","0.528394","0.0410104","0.543559","0.567463","2.43398","1.705e-15","3.07882","3.07216","6.53365","6.50249","0","0","0","0","0","0","0","0"
"5.18218","0.500044","0.528394","0.0410041","0.543278","0.567465","2.43301","1.70621e-15","3.07911","3.07097","6.49462","6.52248","0","0","0","0","0","0","0","0"
"5.18558","0.500044","0.528394","0.0409967","0.544292","0.568705","2.43711","1.7057e-15","3.08313","3.0753","6.41258","6.51222","0","0","0","0","0","0","0","0"
"5.18895","0.500044","0.528394","0.0409904","0.544758","0.569337","2.43433","1.7067e-15","3.08093","3.08412","6.38796","6.53571","0","0","0","0","0","0","0","0"
"5.19245","0.500044","0.528394","0.0409834","0.545199","0.569876","2.43296","1.70477e-15","3.07774","3.08725","6.3455","6.51405","0","0","0","0","0","0","0","0"
"5.19573","0.500044","0.52815","0.0409777","0.545453","0.570415","2.45777","1.70532e-15","3.08045","3.08536","6.22726","6.51737","0","0","0","0","0","0","0","0"
"5.19913","0.500044","0.52815","0.0409711","0.545598","0.570332","2.51452","1.70606e-15","3.07756","3.08388","6.02267","6.5079","0","0","0","0","0","0","0","0"
"5.2025","0.500044","0.52815","0.0409654","0.545853","0.570398","2.5275","1.70733e-15","3.08181","3.08431","5.90668","6.52936","0","0","0","0","0","0","0","0"
"5.20602","0.500044","0.52815","0.0409588","0.546305","0.570482","2.56695","1.70597e-15","3.07794","3.07973","5.74857","6.51488","0","0","0","0","0","0","0","0"
"5.20937","0.500044","0.52815","0.0409551","0.547406","0.571301","2.59115","1.70614e-15","3.07336","3.07353","5.61964","6.52229","0","0","0","0","0","0","0","0"
"5.21267","0.500044","0.528215","0.040953","0.547307","0.571486","2.58563","1.70407e-15","3.07273","3.07179","5.61395","6.52785","0","0","0","0","0","0","0","0"
"5.21603","0.500044","0.528215","0.0409512","0.547202","0.571297","2.57614","1.7057e-15","3.0757","3.07725","5.63714","6.53412","0","0","0","0","0","0","0","0"
"5.21942","0.500044","0.528215","0.0409491","0.54714","0.571252","2.56346","1.70533e-15","3.07765","3.06932","5.67606","6.5406","0","0","0","0","0","0","0","0"
"5.22282","0.500044","0.528215","0.0409473","0.547533","0.571507","2.55876","1.70643e-15","3.07357","3.06584","5.66788","6.55499","0","0","0","0","0","0","0","0"
"5.22642","0.500044","0.528215","0.0409466","0.547387","0.571567","2.56148","1.70605e-15","3.07589","3.07003","5.6079","6.54496","0","0","0","0","0","0","0","0"
"5.22958","0.500044","0.528597","0.0409468","0.547059","0.571395","2.56314","1.70624e-15","3.07246","3.06486","5.56158","6.54296","0","0","0","0","0","0","0","0"
"5.23297","0.500044","0.528597","0.0409471","0.54721","0.571416","2.55956","1.70633e-15","3.07274","3.06151","5.53577","6.53995","0","0","0","0","0","0","0","0"
"5.23792","0.500044","0.528597","0.0409475","0.547342","0.571856","2.55594","1.70812e-15","3.06919","3.05901","5.49832","6.55175","0","0","0","0","0","0","0","0"
"5.24182","0.500044","0.528597","0.0409478","0.547318","0.572181","2.54937","1.70659e-15","3.06489","3.05513","5.4841","6.53946","0","0","0","0","0","0","0","0"
"5.24497","0.500044","0.528842","0.0409477","0.547378","0.572136","2.54446","1.7081e-15","3.06203","3.0543","5.4758","6.56199","0","0","0","0","0","0","0","0"
"5.24833","0.500044","0.528842","0.0409477","0.547639","0.572529","2.53748","1.7069e-15","3.05849","3.04973","5.48045","6.55966","0","0","0","0","0","0","0","0"
"5.25172","0.500044","0.528842","0.0409476","0.547446","0.57247","2.52802","1.70805e-15","3.0582","3.04498","5.49522","6.55503","0","0","0","0","0","0","0","0"
"5.2551","0.500044","0.528842","0.0409476","0.548755","0.57389","2.54065","1.70677e-15","3.05767","3.06431","5.39927","6.5335","0","0","0","0","0","0","0","0"
"5.26975","0.500044","0.528842","0.0409749","0.549809","0.575166","2.51929","1.70674e-15","3.06834","3.05741","5.36912","6.51667","0","0","0","0","0","0","0","0"
"5.27222","0.500044","0.528906","0.040984","0.550115","0.575817","2.51176","1.70771e-15","3.06608","3.0515","5.37116","6.50567","0","0","0","0","0","0","0","0"
"5.27572","0.500044","0.528906","0.0409922","0.550645","0.57586","2.51397","1.70762e-15","3.06314","3.04653","5.31142","6.49672","0","0","0","0","0","0","0","0"
"5.279","0.500044","0.52911","0.040998","0.551079","0.57647","2.51259","1.70884e-15","3.05778","3.04014","5.27999","6.49478","0","0","0","0","0","0","0","0"
"5.28245","0.500044","0.52911","0.0410047","0.550477","0.576313","2.50551","1.70983e-15","3.05781","3.04447","5.28082","6.50471","0","0","0","0","0","0","0","0"
"5.28577","0.500044","0.52911","0.0410105","0.551564","0.577379","2.51064","1.70975e-15","3.06548","3.04873","5.22137","6.50686","0","0","0","0","0","0","0","0"
"5.28915","0.500044","0.52911","0.0410173","0.551465","0.577181","2.50076","1.71116e-15","3.05954","3.04565","5.2408","6.52655","0","0","0","0","0","0","0","0"
"5.29263","0.500044","0.52911","0.0410212","0.552559","0.578057","2.49999","1.7092e-15","3.06445","3.04213","5.21067","6.50996","0","0","0","0","0","0","0","0"
"5.29593","0.500044","0.529476","0.0410236","0.552374","0.577778","2.49128","1.71022e-15","3.06166","3.04099","5.22275","6.52836","0","0","0","0","0","0","0","0"
"5.2993","0.500044","0.529476","0.0410256","0.551943","0.577732","2.48368","1.70928e-15","3.06354","3.03989","5.23182","6.51759","0","0","0","0","0","0","0","0"
"5.3027","0.500044","0.529476","0.041028","0.551215","0.577228","2.48175","1.71059e-15","3.06388","3.04187","5.20324","6.53289","0","0","0","0","0","0","0","0"
"5.30608","0.500044","0.529476","0.04103","0.550805","0.576515","2.50609","1.70936e-15","3.06338","3.04539","5.11441","6.5267","0","0","0","0","0","0","0","0"
"5.30957","0.500044","0.529476","0.0410316","0.549606","0.575361","2.58167","1.70926e-15","3.06671","3.04624","4.95249","6.5169","0","0","0","0","0","0","0","0"
"5.31285","0.500044","0.529799","0.0410324","0.549684","0.57554","2.62281","1.70772e-15","3.06328","3.04242","4.84198","6.49667","0","0","0","0","0","0","0","0"
"5.31623","0.500044","0.529799","0.0410334","0.549251","0.575251","2.62644","1.70959e-15","3.06211","3.03977","4.788","6.51325","0","0","0","0","0","0","0","0"
"5.32133","0.500044","0.529799","0.0410346","0.54897","0.575023","2.61686","1.7092e-15","3.06095","3.04139","4.79071","6.49947","0","0","0","0","0","0","0","0"
"5.32512","0.500044","0.529799","0.0410357","0.549132","0.575065","2.60688","1.71083e-15","3.06713","3.05409","4.80609","6.50713","0","0","0","0","0","0","0","0"
"5.32837","0.500044","0.529895","0.0410379","0.548326","0.574401","2.59613","1.70868e-15","3.06794","3.05294","4.82669","6.49596","0","0","0","0","0","0","0","0"
"5.33175","0.500044","0.529895","0.0410398","0.547929","0.574013","2.58884","1.7098e-15","3.06841","3.05491","4.83244","6.50948","0","0","0","0","0","0","0","0"
"5.33513","0.500044","0.529895","0.041042","0.548243","0.574474","2.58201","1.70917e-15","3.06557","3.04851","4.82956","6.49899","0","0","0","0","0","0","0","0"
"5.33852","0.500044","0.529895","0.0410439","0.547822","0.573913","2.58015","1.71017e-15","3.06416","3.04877","4.80822","6.52102","0","0","0","0","0","0","0","0"
"5.342","0.500044","0.529895","0.0410454","0.547615","0.573589","2.57508","1.70874e-15","3.06075","3.04318","4.79618","6.50793","0","0","0","0","0","0","0","0"
"5.3453","0.500044","0.529565","0.041045","0.546946","0.572607","2.56946","1.7107e-15","3.05862","3.04501","4.79358","6.52991","0","0","0","0","0","0","0","0"
"5.34872","0.500044","0.529565","0.0410446","0.547101","0.572642","2.56518","1.7096e-15","3.06059","3.04367","4.77768","6.52606","0","0","0","0","0","0","0","0"
"5.3521","0.500044","0.529565","0.0410443","0.54658","0.572193","2.55477","1.71192e-15","3.05896","3.04116","4.80377","6.54197","0","0","0","0","0","0","0","0"
"5.35545","0.500044","0.529565","0.0410439","0.546645","0.571812","2.54105","1.7117e-15","3.05618","3.04301","4.84525","6.53043","0","0","0","0","0","0","0","0"
"5.35897","0.500044","0.529565","0.0410424","0.54714","0.572168","2.533","1.71257e-15","3.05016","3.03798","4.85653","6.53553","0","0","0","0","0","0","0","0"
"5.36222","0.500044","0.529343","0.041038","0.547112","0.572196","2.52221","1.71202e-15","3.04728","3.03252","4.87956","6.52641","0","0","0","0","0","0","0","0"
"5.36562","0.500044","0.529343","0.0410342","0.547276","0.572348","2.52012","1.71421e-15","3.04018","3.02839","4.85764","6.54518","0","0","0","0","0","0","0","0"
"5.369","0.500044","0.529343","0.0410297","0.547555","0.572633","2.52355","1.71361e-15","3.04217","3.02616","4.80268","6.5316","0","0","0","0","0","0","0","0"
"5.37238","0.500044","0.529343","0.0410259","0.547139","0.572437","2.51912","1.71468e-15","3.04063","3.02648","4.79401","6.5483","0","0","0","0","0","0","0","0"
"5.37587","0.500044","0.529343","0.0410225","0.546753","0.572064","2.50721","1.71284e-15","3.0411","3.02899","4.82487","6.52858","0","0","0","0","0","0","0","0"
"5.37915","0.500044","0.529096","0.0410207","0.546373","0.571545","2.50045","1.71454e-15","3.03672","3.02784","4.82917","6.54846","0","0","0","0","0","0","0","0"
"5.38253","0.500044","0.529096","0.0410186","0.546611","0.571872","2.49312","1.71367e-15","3.04533","3.04672","4.83078","6.53968","0","0","0","0","0","0","0","0"
"5.3861","0.500044","0.529096","0.0410169","0.546473","0.571864","2.48691","1.71592e-15","3.04002","3.03907","4.83228","6.56459","0","0","0","0","0","0","0","0"
"5.3893","0.500044","0.529096","0.0410148","0.546865","0.572122","2.47759","1.7145e-15","3.04959","3.05178","4.84653","6.55855","0","0","0","0","0","0","0","0"
"5.39282","0.500044","0.529096","0.0410124","0.546569","0.571663","2.46774","1.71452e-15","3.04977","3.04961","4.87133","6.54756","0","0","0","0","0","0","0","0"
"5.39607","0.500044","0.529085","0.0410089","0.546746","0.571837","2.45461","1.7129e-15","3.04691","3.05303","4.91237","6.53714","0","0","0","0","0","0","0","0"
"5.39945","0.500044","0.529085","0.0410059","0.547065","0.572056","2.44621","1.71527e-15","3.0498","3.04992","4.92827","6.56901","0","0","0","0","0","0","0","0"
"5.4044","0.500044","0.529085","0.0410009","0.546522","0.571131","2.4288","1.71551e-15","3.05312","3.04681","4.97933","6.56805","0","0","0","0","0","0","0","0"
"5.40847","0.500044","0.529085","0.0409969","0.546249","0.570938","2.42037","1.71553e-15","3.05233","3.04402","4.98227","6.55034","0","0","0","0","0","0","0","0"
"5.4117","0.500044","0.529054","0.0409938","0.545595","0.570357","2.41101","1.71552e-15","3.05392","3.04592","5.00665","6.55342","0","0","0","0","0","0","0","0"
"5.41508","0.500044","0.529054","0.0409908","0.545299","0.570003","2.4018","1.71459e-15","3.05119","3.0438","5.03055","6.54596","0","0","0","0","0","0","0","0"
"5.41847","0.500044","0.529054","0.0409872","0.546115","0.570832","2.39539","1.71505e-15","3.06581","3.05259","5.02968","6.55408","0","0","0","0","0","0","0","0"
"5.42185","0.500044","0.529054","0.0409841","0.545674","0.570568","2.38553","1.71445e-15","3.06409","3.05058","5.05792","6.53925","0","0","0","0","0","0","0","0"
"5.42535","0.500044","0.529054","0.0409811","0.545844","0.570485","2.38512","1.714e-15","3.0598","3.04326","5.02181","6.52046","0","0","0","0","0","0","0","0"
"5.42868","0.500044","0.529052","0.0409799","0.545835","0.570296","2.38466","1.71426e-15","3.05744","3.04941","4.98295","6.53551","0","0","0","0","0","0","0","0"
"5.43207","0.500044","0.529052","0.0409789","0.546593","0.571199","2.38087","1.71372e-15","3.06075","3.0491","4.96924","6.52781","0","0","0","0","0","0","0","0"
"5.43545","0.500044","0.529052","0.0409777","0.546326","0.571626","2.36983","1.71496e-15","3.0553","3.0464","4.99906","6.54021","0","0","0","0","0","0","0","0"
"5.43883","0.500044","0.529052","0.0409767","0.54601","0.571159","2.36753","1.71414e-15","3.05268","3.04945","4.97537","6.52691","0","0","0","0","0","0","0","0"
"5.44233","0.500044","0.529052","0.0409756","0.546162","0.571336","2.35824","1.7147e-15","3.05178","3.0477","4.99329","6.53725","0","0","0","0","0","0","0","0"
"5.4456","0.500044","0.528918","0.0409747","0.546062","0.57105","2.34973","1.71358e-15","3.05169","3.04585","5.01265","6.51399","0","0","0","0","0","0","0","0"
"5.449","0.500044","0.528918","0.0409736","0.546205","0.570779","2.34834","1.71481e-15","3.05798","3.04503","4.97997","6.53303","0","0","0","0","0","0","0","0"
"5.45238","0.500044","0.528918","0.0409727","0.546418","0.57107","2.34401","1.71373e-15","3.05894","3.04478","4.97279","6.51816","0","0","0","0","0","0","0","0"
"5.45577","0.500044","0.528918","0.0409716","0.546291","0.57091","2.33092","1.71538e-15","3.05976","3.04618","5.0197","6.56328","0","0","0","0","0","0","0","0"
"5.45925","0.500044","0.528918","0.0409706","0.545728","0.570594","2.32514","1.71392e-15","3.0595","3.04553","5.02042","6.55056","0","0","0","0","0","0","0","0"
"5.46255","0.500044","0.528934","0.0409693","0.545471","0.570218","2.31183","1.71498e-15","3.06123","3.04455","5.07048","6.56713","0","0","0","0","0","0","0","0"
"5.46592","0.500044","0.528934","0.0409683","0.544915","0.569777","2.30637","1.7139e-15","3.05995","3.04407","5.06872","6.5626","0","0","0","0","0","0","0","0"
"5.46932","0.500044","0.528934","0.040967","0.544705","0.56936","2.30143","1.71511e-15","3.06131","3.04358","5.05947","6.58339","0","0","0","0","0","0","0","0"
"5.47268","0.500044","0.528934","0.0409659","0.544064","0.569007","2.29123","1.71415e-15","3.06245","3.04977","5.09361","6.57748","0","0","0","0","0","0","0","0"
"5.47618","0.500044","0.528934","0.0409628","0.543791","0.568785","2.28073","1.71422e-15","3.05873","3.04505","5.12325","6.57762","0","0","0","0","0","0","0","0"
"5.47947","0.500044","0.528938","0.0409589","0.543501","0.568369","2.2717","1.71336e-15","3.05726","3.04469","5.14892","6.57659","0","0","0","0","0","0","0","0"
"5.48285","0.500044","0.528938","0.0409544","0.54237","0.567487","2.25924","1.715e-15","3.06003","3.04631","5.19538","6.59305","0","0","0","0","0","0","0","0"
"5.4878","0.500044","0.528938","0.0409485","0.541586","0.566744","2.24546","1.71436e-15","3.05662","3.04303","5.23844","6.59402","0","0","0","0","0","0","0","0"
"5.49182","0.500044","0.528938","0.0409437","0.54215","0.567402","2.23788","1.71462e-15","3.04846","3.03806","5.24145","6.60949","0","0","0","0","0","0","0","0"
"5.49508","0.500044","0.528675","0.0409408","0.542426","0.567808","2.23337","1.71485e-15","3.05624","3.04535","5.23478","6.6242","0","0","0","0","0","0","0","0"
"5.49847","0.500044","0.528675","0.0409373","0.54189","0.567548","2.22525","1.71481e-15","3.05411","3.04099","5.2472","6.62992","0","0","0","0","0","0","0","0"
"5.50185","0.500044","0.528675","0.0409344","0.542253","0.568065","2.21919","1.71537e-15","3.04922","3.03372","5.25172","6.62859","0","0","0","0","0","0","0","0"
"5.50525","0.500044","0.528675","0.040931","0.542483","0.568184","2.20927","1.71408e-15","3.04577","3.02717","5.28023","6.61961","0","0","0","0","0","0","0","0"
"5.50873","0.500044","0.528675","0.04093","0.542157","0.567894","2.20918","1.71405e-15","3.04326","3.02242","5.24626","6.6137","0","0","0","0","0","0","0","0"
"5.51202","0.500044","0.528249","0.0409331","0.542827","0.568131","2.21414","1.71292e-15","3.05085","3.02545","5.1848","6.61877","0","0","0","0","0","0","0","0"
"5.51538","0.500044","0.528249","0.0409359","0.543004","0.568423","2.21124","1.71437e-15","3.05015","3.02654","5.17536","6.64503","0","0","0","0","0","0","0","0"
"5.51878","0.500044","0.528249","0.040939","0.542303","0.567764","2.20108","1.71364e-15","3.05032","3.02507","5.20548","6.63176","0","0","0","0","0","0","0","0"
"5.52217","0.500044","0.528249","0.0409417","0.54218","0.56739","2.19842","1.71506e-15","3.04648","3.02742","5.20788","6.64063","0","0","0","0","0","0","0","0"
"5.52565","0.500044","0.528249","0.0409442","0.541876","0.567016","2.3037","1.71343e-15","3.04507","3.02789","5.26258","6.63931","0","0","0","0","0","0","0","0"
"5.52893","0.500044","0.528134","0.0409456","0.541372","0.56665","2.39613","1.71494e-15","3.04787","3.02847","5.24445","6.65046","0","0","0","0","0","0","0","0"
"5.53233","0.500044","0.528134","0.0409472","0.541616","0.566913","2.44857","1.7141e-15","3.04053","3.0216","5.05111","6.65605","0","0","0","0","0","0","0","0"
"5.5357","0.500044","0.528134","0.0409486","0.542339","0.567632","2.47304","1.71462e-15","3.04346","3.02275","4.92448","6.65995","0","0","0","0","0","0","0","0"
"5.5391","0.500044","0.528134","0.0409502","0.541546","0.567101","2.46993","1.71434e-15","3.04617","3.02595","4.90295","6.68158","0","0","0","0","0","0","0","0"
"5.54258","0.500044","0.528134","0.040949","0.540979","0.566848","2.47036","1.71242e-15","3.04584","3.02527","4.87254","6.66","0","0","0","0","0","0","0","0"
"5.54588","0.500044","0.528124","0.0409446","0.540356","0.566194","2.46306","1.71311e-15","3.04792","3.02675","4.87461","6.67731","0","0","0","0","0","0","0","0"
"5.54925","0.500044","0.528124","0.0409408","0.540664","0.566445","2.45219","1.71259e-15","3.04456","3.02652","4.90742","6.66376","0","0","0","0","0","0","0","0"
"5.55263","0.500044","0.528124","0.0409364","0.540332","0.566354","2.44716","1.71522e-15","3.043","3.03193","4.89779","6.68119","0","0","0","0","0","0","0","0"
"5.55607","0.500044","0.528124","0.0409326","0.540033","0.56546","2.43982","1.71449e-15","3.04506","3.03668","4.90823","6.66829","0","0","0","0","0","0","0","0"
"5.55963","0.500044","0.528124","0.0409264","0.539974","0.565454","2.43606","1.71478e-15","3.03908","3.03165","4.89006","6.66504","0","0","0","0","0","0","0","0"
"5.56285","0.500044","0.527965","0.0409199","0.540957","0.566174","2.44194","1.71364e-15","3.03584","3.03089","4.83943","6.65632","0","0","0","0","0","0","0","0"
"5.56623","0.500044","0.527965","0.0409123","0.541183","0.56595","2.44333","1.71503e-15","3.03564","3.02713","4.80425","6.66917","0","0","0","0","0","0","0","0"
"5.57118","0.500044","0.527965","0.0409026","0.541215","0.566276","2.4479","1.71447e-15","3.04049","3.02673","4.74426","6.64609","0","0","0","0","0","0","0","0"
"5.57513","0.500044","0.527965","0.0408931","0.542097","0.56642","2.45317","1.71526e-15","3.03722","3.02401","4.68856","6.65022","0","0","0","0","0","0","0","0"
"5.57847","0.500044","0.527799","0.0408841","0.541326","0.56566","2.44678","1.7157e-15","3.03796","3.02256","4.6903","6.6709","0","0","0","0","0","0","0","0"
"5.58185","0.500044","0.527799","0.0408735","0.540842","0.565205","2.46049","1.71437e-15","3.0459","3.0261","4.60299","6.67203","0","0","0","0","0","0","0","0"
"5.58523","0.500044","0.527799","0.0408645","0.540312","0.564627","2.46828","1.71476e-15","3.04432","3.02632","4.55117","6.67384","0","0","0","0","0","0","0","0"
"5.58863","0.500044","0.527799","0.0408539","0.539788","0.56369","2.45893","1.71503e-15","3.04503","3.02785","4.56504","6.6748","0","0","0","0","0","0","0","0"
"5.5921","0.500044","0.527799","0.0408452","0.540105","0.563717","2.4542","1.71432e-15","3.04505","3.02872","4.56141","6.6521","0","0","0","0","0","0","0","0"
"5.59557","0.500044","0.527681","0.0408358","0.540911","0.564151","2.44843","1.71401e-15","3.04692","3.02761","4.55817","6.65236","0","0","0","0","0","0","0","0"
"5.59878","0.500044","0.527681","0.0408277","0.541337","0.564655","2.44391","1.71444e-15","3.04909","3.02698","4.55239","6.64389","0","0","0","0","0","0","0","0"
"5.60217","0.500044","0.527681","0.0408183","0.54173","0.565354","2.44487","1.71552e-15","3.05998","3.04354","4.51549","6.65667","0","0","0","0","0","0","0","0"
"5.60555","0.500044","0.527681","0.0408102","0.541729","0.565313","2.44036","1.71444e-15","3.05905","3.04375","4.50738","6.63951","0","0","0","0","0","0","0","0"
"5.60903","0.500044","0.527681","0.0408015","0.541234","0.564747","2.43062","1.71392e-15","3.06314","3.05022","4.5249","6.63741","0","0","0","0","0","0","0","0"
"5.61245","0.500044","0.52746","0.0407949","0.541087","0.564855","2.42932","1.71264e-15","3.06375","3.04859","4.50543","6.63437","0","0","0","0","0","0","0","0"
"5.61572","0.500044","0.52746","0.0407872","0.540684","0.564475","2.42749","1.71356e-15","3.06258","3.04722","4.48568","6.62905","0","0","0","0","0","0","0","0"
"5.6191","0.500044","0.52746","0.0407806","0.540158","0.564045","2.41743","1.71353e-15","3.06275","3.04756","4.51217","6.61819","0","0","0","0","0","0","0","0"
"5.62248","0.500044","0.52746","0.0407729","0.540121","0.56421","2.40751","1.71331e-15","3.06635","3.04342","4.5311","6.60316","0","0","0","0","0","0","0","0"
"5.62597","0.500044","0.52746","0.0407688","0.539804","0.563968","2.40199","1.71311e-15","3.06944","3.04645","4.52871","6.58886","0","0","0","0","0","0","0","0"
"5.62925","0.500044","0.527337","0.0407669","0.539244","0.563647","2.39783","1.7119e-15","3.06943","3.04672","4.51187","6.58029","0","0","0","0","0","0","0","0"
"5.63263","0.500044","0.527337","0.0407653","0.539322","0.563903","2.39963","1.71258e-15","3.06217","3.04162","4.47972","6.58524","0","0","0","0","0","0","0","0"
"5.63608","0.500044","0.527337","0.0407635","0.538957","0.563575","2.39442","1.7111e-15","3.07111","3.0517","4.47148","6.56834","0","0","0","0","0","0","0","0"
"5.63947","0.500044","0.527337","0.0407619","0.538847","0.563596","2.38391","1.71257e-15","3.07139","3.05081","4.50132","6.58351","0","0","0","0","0","0","0","0"
"5.64297","0.500044","0.527337","0.0407604","0.538556","0.563182","2.37698","1.71114e-15","3.06891","3.04668","4.50341","6.58415","0","0","0","0","0","0","0","0"
"5.64623","0.500044","0.527216","0.0407593","0.538992","0.563335","2.36887","1.71138e-15","3.07302","3.04866","4.519","6.58422","0","0","0","0","0","0","0","0"
"5.64962","0.500044","0.527216","0.0407581","0.539369","0.563236","2.36223","1.71112e-15","3.0709","3.04743","4.52063","6.58448","0","0","0","0","0","0","0","0"
"5.65457","0.500044","0.527216","0.0407565","0.539113","0.562995","2.35963","1.71099e-15","3.07442","3.0557","4.49511","6.57594","0","0","0","0","0","0","0","0"
"5.6585","0.500044","0.527216","0.0407577","0.539097","0.563147","2.3625","1.71043e-15","3.07611","3.06536","4.45168","6.58105","0","0","0","0","0","0","0","0"
"5.66187","0.500044","0.527002","0.0407647","0.539674","0.564153","2.36086","1.71078e-15","3.09833","3.08082","4.43527","6.58308","0","0","0","0","0","0","0","0"
"5.66525","0.500044","0.527002","0.0407728","0.539131","0.563534","2.35566","1.71052e-15","3.09807","3.07945","4.42855","6.58832","0","0","0","0","0","0","0","0"
"5.66863","0.500044","0.527002","0.0407798","0.539119","0.563956","2.3736","1.70993e-15","3.0933","3.08123","4.39791","6.57673","0","0","0","0","0","0","0","0"
"5.67202","0.500044","0.527002","0.040788","0.54159","0.566705","2.44705","1.70966e-15","3.11736","3.08945","4.67716","6.58655","0","0","0","0","0","0","0","0"
"5.6755","0.500044","0.527002","0.0407943","0.543153","0.567877","2.48779","1.70803e-15","3.12582","3.096","4.73425","6.56854","0","0","0","0","0","0","0","0"
"5.67878","0.500044","0.526919","0.0408004","0.543134","0.568333","2.49813","1.70909e-15","3.12401","3.09387","4.65807","6.56727","0","0","0","0","0","0","0","0"
"5.68217","0.500044","0.526919","0.0408056","0.543826","0.568512","2.51054","1.70802e-15","3.12379","3.0904","4.60906","6.5474","0","0","0","0","0","0","0","0"
"5.68557","0.500044","0.526919","0.0408117","0.544697","0.569164","2.52433","1.70874e-15","3.12807","3.08978","4.56496","6.56421","0","0","0","0","0","0","0","0"
"5.68895","0.500044","0.526919","0.0408169","0.544829","0.569171","2.51951","1.70738e-15","3.12809","3.08979","4.56362","6.56135","0","0","0","0","0","0","0","0"
"5.69243","0.500044","0.526919","0.0408207","0.544356","0.568619","2.51246","1.70683e-15","3.12554","3.08851","4.5693","6.54654","0","0","0","0","0","0","0","0"
"5.69572","0.500044","0.527127","0.0408214","0.543477","0.567615","2.50109","1.70678e-15","3.12765","3.09037","4.60175","6.55343","0","0","0","0","0","0","0","0"
"5.69912","0.500044","0.527127","0.0408222","0.543322","0.567578","2.48729","1.70686e-15","3.12795","3.09202","4.64398","6.55342","0","0","0","0","0","0","0","0"
"5.70248","0.500044","0.527127","0.0408229","0.543374","0.56722","2.47982","1.70742e-15","3.12735","3.09003","4.65308","6.56117","0","0","0","0","0","0","0","0"
"5.70587","0.500044","0.527127","0.0408237","0.542799","0.566969","2.47835","1.70656e-15","3.12514","3.08867","4.62437","6.55089","0","0","0","0","0","0","0","0"
"5.70937","0.500044","0.527127","0.0408226","0.542658","0.56689","2.48119","1.70675e-15","3.12159","3.08215","4.58647","6.54106","0","0","0","0","0","0","0","0"
"5.71267","0.500044","0.527516","0.0408192","0.542288","0.56675","2.48271","1.70595e-15","3.12058","3.07983","4.54496","6.5374","0","0","0","0","0","0","0","0"
"5.716","0.500044","0.527516","0.0408163","0.542546","0.566957","2.48391","1.70556e-15","3.11597","3.07547","4.51062","6.53731","0","0","0","0","0","0","0","0"
"5.71933","0.500044","0.527516","0.0408129","0.542186","0.566325","2.48139","1.70692e-15","3.11316","3.0774","4.48406","6.54073","0","0","0","0","0","0","0","0"
"5.72272","0.500044","0.527516","0.04081","0.542638","0.566784","2.4823","1.70526e-15","3.10785","3.07295","4.4546","6.52654","0","0","0","0","0","0","0","0"
"5.7262","0.500044","0.527516","0.0408019","0.542513","0.566836","2.48438","1.70494e-15","3.11094","3.06686","4.41677","6.52412","0","0","0","0","0","0","0","0"
"5.72948","0.500044","0.527311","0.0407919","0.543094","0.567527","2.482","1.70512e-15","3.11567","3.0887","4.40132","6.52716","0","0","0","0","0","0","0","0"
"5.73287","0.500044","0.527311","0.0407803","0.543082","0.567688","2.4812","1.70477e-15","3.11143","3.0898","4.37564","6.52106","0","0","0","0","0","0","0","0"
"5.73782","0.500044","0.527311","0.0407654","0.542452","0.567569","2.47206","1.7042e-15","3.11498","3.09182","4.37809","6.52372","0","0","0","0","0","0","0","0"
"5.7418","0.500044","0.527311","0.0407554","0.542431","0.567434","2.46699","1.7051e-15","3.11595","3.09132","4.36785","6.5259","0","0","0","0","0","0","0","0"
"5.74512","0.500044","0.527118","0.0407554","0.542548","0.56752","2.46794","1.70329e-15","3.11563","3.08765","4.3616","6.5111","0","0","0","0","0","0","0","0"
"5.74848","0.500044","0.527118","0.0407554","0.542866","0.567422","2.46396","1.70448e-15","3.10906","3.08385","4.34863","6.50762","0","0","0","0","0","0","0","0"
"5.75187","0.500044","0.527118","0.0407553","0.542674","0.567496","2.45928","1.70379e-15","3.10761","3.0818","4.34253","6.49551","0","0","0","0","0","0","0","0"
"5.75522","0.500044","0.527118","0.0407553","0.541991","0.567122","2.44918","1.70558e-15","3.111","3.08315","4.36155","6.52315","0","0","0","0","0","0","0","0"
"5.75878","0.500044","0.527118","0.0407549","0.541562","0.56709","2.44211","1.70353e-15","3.11192","3.0798","4.36934","6.50642","0","0","0","0","0","0","0","0"
"5.76207","0.500044","0.527238","0.0407537","0.5411","0.567169","2.4293","1.70474e-15","3.11192","3.0767","4.40523","6.52474","0","0","0","0","0","0","0","0"
"5.76545","0.500044","0.527238","0.0407526","0.540807","0.567006","2.42096","1.70422e-15","3.11101","3.07771","4.4206","6.50545","0","0","0","0","0","0","0","0"
"5.76883","0.500044","0.527238","0.0407514","0.540097","0.566176","2.46771","1.70557e-15","3.11272","3.07929","4.38131","6.51247","0","0","0","0","0","0","0","0"
"5.77222","0.500044","0.527238","0.0407504","0.540071","0.56629","2.50915","1.70421e-15","3.11","3.07438","4.32254","6.49973","0","0","0","0","0","0","0","0"
"5.77582","0.500044","0.527238","0.0407501","0.539447","0.565568","2.51397","1.70424e-15","3.11056","3.07445","4.27348","6.49898","0","0","0","0","0","0","0","0"
"5.77898","0.500044","0.527241","0.0407509","0.538886","0.564709","2.50529","1.70352e-15","3.10847","3.07698","4.28809","6.50381","0","0","0","0","0","0","0","0"
"5.78238","0.500044","0.527241","0.0407518","0.538468","0.564646","2.49782","1.7038e-15","3.10603","3.07184","4.29262","6.50754","0","0","0","0","0","0","0","0"
"5.78577","0.500044","0.527241","0.0407526","0.538075","0.56408","2.49209","1.70487e-15","3.10288","3.07282","4.29704","6.50398","0","0","0","0","0","0","0","0"
"5.78915","0.500044","0.527241","0.0407535","0.539014","0.565805","2.51558","1.70503e-15","3.09535","3.06767","4.26242","6.50212","0","0","0","0","0","0","0","0"
"5.79265","0.500044","0.527241","0.0407543","0.539164","0.56579","2.53208","1.70504e-15","3.09671","3.06553","4.19977","6.50223","0","0","0","0","0","0","0","0"
"5.79592","0.500044","0.52698","0.0407552","0.539152","0.566231","2.52886","1.70397e-15","3.09834","3.06579","4.19206","6.47632","0","0","0","0","0","0","0","0"
"5.7993","0.500044","0.52698","0.040756","0.538841","0.565871","2.52055","1.70502e-15","3.0974","3.063","4.20372","6.48613","0","0","0","0","0","0","0","0"
"5.80287","0.500044","0.52698","0.0407569","0.539414","0.566009","2.50755","1.70254e-15","3.1","3.06851","4.23686","6.47393","0","0","0","0","0","0","0","0"
"5.80602","0.500044","0.52698","0.0407577","0.539766","0.566022","2.50054","1.70488e-15","3.09437","3.0645","4.24258","6.49972","0","0","0","0","0","0","0","0"
"5.80957","0.500044","0.52698","0.0407586","0.540182","0.566224","2.49303","1.70355e-15","3.10744","3.07228","4.24913","6.4981","0","0","0","0","0","0","0","0"
"5.8128","0.500044","0.526641","0.0407593","0.540652","0.566755","2.48747","1.70426e-15","3.10727","3.06951","4.25007","6.50169","0","0","0","0","0","0","0","0"
"5.81623","0.500044","0.526641","0.0407602","0.540608","0.566875","2.47781","1.70479e-15","3.10264","3.06188","4.26596","6.50635","0","0","0","0","0","0","0","0"
"5.82118","0.500044","0.526641","0.0407614","0.539899","0.566567","2.50707","1.70381e-15","3.10299","3.05908","4.19783","6.50168","0","0","0","0","0","0","0","0"
"5.82513","0.500044","0.526641","0.0407632","0.540577","0.567213","2.51017","1.70343e-15","3.10224","3.05768","4.16741","6.50814","0","0","0","0","0","0","0","0"
"5.82848","0.500044","0.526707","0.0407664","0.54064","0.567001","2.50134","1.70361e-15","3.1023","3.06073","4.18389","6.50358","0","0","0","0","0","0","0","0"
"5.83182","0.500044","0.526707","0.0407701","0.540429","0.566469","2.49375","1.70422e-15","3.10264","3.06193","4.19066","6.51222","0","0","0","0","0","0","0","0"
"5.83542","0.500044","0.526707","0.0407732","0.539862","0.566114","2.48681","1.70264e-15","3.10489","3.06346","4.19711","6.49807","0","0","0","0","0","0","0","0"
"5.83873","0.500044","0.526707","0.040777","0.539113","0.565195","2.48205","1.70351e-15","3.10409","3.06371","4.18619","6.50267","0","0","0","0","0","0","0","0"
"5.84217","0.500044","0.526707","0.0407814","0.538437","0.564712","2.48395","1.70187e-15","3.10445","3.06191","4.15083","6.49431","0","0","0","0","0","0","0","0"
"5.84552","0.500044","0.526896","0.0407894","0.53758","0.563981","2.48077","1.70273e-15","3.10522","3.06243","4.14073","6.51126","0","0","0","0","0","0","0","0"
"5.849","0.500044","0.526896","0.0407975","0.537718","0.564476","2.47073","1.70208e-15","3.10427","3.06636","4.15833","6.51841","0","0","0","0","0","0","0","0"
"5.85238","0.500044","0.526896","0.0408044","0.537904","0.564489","2.46488","1.70262e-15","3.09924","3.05779","4.15947","6.51213","0","0","0","0","0","0","0","0"
"5.85577","0.500044","0.526896","0.0408125","0.537932","0.564344","2.45954","1.70478e-15","3.09893","3.05517","4.15661","6.54473","0","0","0","0","0","0","0","0"
"5.85927","0.500044","0.526896","0.0408178","0.537096","0.563582","2.44858","1.70266e-15","3.1011","3.05597","4.18533","6.53032","0","0","0","0","0","0","0","0"
"5.86253","0.500044","0.526815","0.0408222","0.537126","0.563669","2.43514","1.70539e-15","3.10158","3.06292","4.22351","6.55121","0","0","0","0","0","0","0","0"
"5.86595","0.500044","0.526815","0.040826","0.537713","0.564136","2.42854","1.70429e-15","3.10196","3.07139","4.2295","6.5568","0","0","0","0","0","0","0","0"
"5.8693","0.500044","0.526815","0.0408305","0.537711","0.564463","2.41904","1.70395e-15","3.09441","3.06533","4.24481","6.55019","0","0","0","0","0","0","0","0"
"5.8727","0.500044","0.526815","0.0408342","0.538155","0.565093","2.41247","1.70541e-15","3.09021","3.05816","4.25049","6.5655","0","0","0","0","0","0","0","0"
"5.87618","0.500044","0.526815","0.0408346","0.537627","0.56474","2.41188","1.70295e-15","3.09299","3.05463","4.22845","6.5565","0","0","0","0","0","0","0","0"
"5.87943","0.500044","0.526413","0.0408324","0.538038","0.565461","2.41124","1.70538e-15","3.08812","3.05186","4.20853","6.57207","0","0","0","0","0","0","0","0"
"5.88285","0.500044","0.526413","0.0408298","0.537779","0.565005","2.40814","1.70531e-15","3.08552","3.05287","4.1959","6.55778","0","0","0","0","0","0","0","0"
"5.88638","0.500044","0.526413","0.0408275","0.537186","0.564347","2.39883","1.70418e-15","3.08612","3.0523","4.21601","6.5523","0","0","0","0","0","0","0","0"
"5.88962","0.500044","0.526413","0.0408249","0.536647","0.563868","2.39181","1.70598e-15","3.08761","3.05137","4.22032","6.56793","0","0","0","0","0","0","0","0"
"5.8931","0.500044","0.526413","0.0408201","0.536508","0.56396","2.38215","1.70512e-15","3.08937","3.05359","4.24378","6.55432","0","0","0","0","0","0","0","0"
"5.89638","0.500044","0.526328","0.0408129","0.536805","0.563764","2.3692","1.7054e-15","3.08955","3.05043","4.28173","6.5585","0","0","0","0","0","0","0","0"
"5.89977","0.500044","0.526328","0.0408067","0.536172","0.563191","2.36032","1.70647e-15","3.09183","3.05056","4.30052","6.58049","0","0","0","0","0","0","0","0"
"5.90368","0.500044","0.526328","0.0407985","0.536932","0.564197","2.35534","1.70501e-15","3.08571","3.04241","4.29431","6.55921","0","0","0","0","0","0","0","0"
"5.90707","0.500044","0.526328","0.0407924","0.536886","0.564085","2.34605","1.70725e-15","3.081","3.04157","4.31703","6.57177","0","0","0","0","0","0","0","0"
"5.91055","0.500044","0.526328","0.0407878","0.537486","0.564487","2.35016","1.70538e-15","3.07843","3.04196","4.26721","6.5676","0","0","0","0","0","0","0","0"
"5.91385","0.500044","0.526315","0.0407842","0.538159","0.564529","2.35163","1.70553e-15","3.07799","3.03619","4.2422","6.56179","0","0","0","0","0","0","0","0"
"5.91722","0.500044","0.526315","0.0407801","0.538631","0.564894","2.34371","1.70644e-15","3.07873","3.04234","4.25255","6.58561","0","0","0","0","0","0","0","0"
"5.92288","0.500044","0.526315","0.0407765","0.538284","0.564443","2.33794","1.7047e-15","3.07821","3.04457","4.25531","6.5804","0","0","0","0","0","0","0","0"
"5.92582","0.500044","0.526315","0.0407712","0.537818","0.563833","2.33339","1.70582e-15","3.08167","3.04761","4.24198","6.58335","0","0","0","0","0","0","0","0"
"5.92843","0.500044","0.526147","0.040768","0.537503","0.563943","2.32902","1.70385e-15","3.08292","3.04787","4.23938","6.5752","0","0","0","0","0","0","0","0"
"5.93182","0.500044","0.526147","0.0407642","0.537368","0.563518","2.3192","1.70533e-15","3.07918","3.04822","4.26146","6.57751","0","0","0","0","0","0","0","0"
"5.9352","0.500044","0.526147","0.0407609","0.53719","0.563139","2.30833","1.70601e-15","3.07316","3.04426","4.29433","6.59264","0","0","0","0","0","0","0","0"
"5.93857","0.500044","0.526147","0.0407571","0.537747","0.56305","2.30447","1.70485e-15","3.07923","3.04359","4.28113","6.57785","0","0","0","0","0","0","0","0"
"5.94207","0.500044","0.526147","0.0407549","0.53783","0.56329","2.29843","1.70658e-15","3.08009","3.04265","4.28535","6.5813","0","0","0","0","0","0","0","0"
"5.94612","0.500044","0.52613","0.0407545","0.537916","0.563734","2.29811","1.70629e-15","3.08089","3.04814","4.26206","6.57999","0","0","0","0","0","0","0","0"
"5.94873","0.500044","0.52613","0.0407543","0.537776","0.563856","2.29038","1.70412e-15","3.07783","3.04753","4.27618","6.566","0","0","0","0","0","0","0","0"
"5.95212","0.500044","0.52613","0.0407539","0.537774","0.563645","2.28587","1.70631e-15","3.08084","3.05624","4.27037","6.57624","0","0","0","0","0","0","0","0"
"5.9555","0.500044","0.52613","0.0407536","0.537498","0.563538","2.27977","1.70556e-15","3.07664","3.05133","4.27792","6.56665","0","0","0","0","0","0","0","0"
"5.95898","0.500044","0.52613","0.0407542","0.536978","0.562764","2.26666","1.7042e-15","3.0757","3.04972","4.32116","6.55107","0","0","0","0","0","0","0","0"
"5.96227","0.500044","0.525962","0.0407558","0.53732","0.563244","2.26327","1.70576e-15","3.07252","3.04774","4.3146","6.57914","0","0","0","0","0","0","0","0"
"5.96567","0.500044","0.525962","0.0407576","0.537041","0.563471","2.28254","1.70389e-15","3.07384","3.04539","4.22187","6.57234","0","0","0","0","0","0","0","0"
"5.96903","0.500044","0.525962","0.0407591","0.537027","0.563469","2.27961","1.70579e-15","3.07233","3.04453","4.21199","6.59953","0","0","0","0","0","0","0","0"
"5.97242","0.500044","0.525962","0.0407609","0.537043","0.563607","2.27688","1.70417e-15","3.07738","3.04318","4.19976","6.57593","0","0","0","0","0","0","0","0"
"5.97592","0.500044","0.525962","0.0407617","0.536941","0.563716","2.27076","1.70315e-15","3.07773","3.04328","4.20606","6.56019","0","0","0","0","0","0","0","0"
"5.97945","0.500044","0.525846","0.0407619","0.536625","0.563384","2.26384","1.70469e-15","3.0737","3.04039","4.21321","6.57146","0","0","0","0","0","0","0","0"
"5.9826","0.500044","0.525846","0.0407621","0.536884","0.56347","2.27086","1.70289e-15","3.0687","3.03913","4.17533","6.55804","0","0","0","0","0","0","0","0"
"5.98702","0.500044","0.525846","0.0407623","0.536611","0.563162","2.26867","1.70521e-15","3.06396","3.03684","4.15468","6.5864","0","0","0","0","0","0","0","0"
"5.9904","0.500044","0.525846","0.0407625","0.537546","0.564453","2.26829","1.70428e-15","3.06197","3.0459","4.13853","6.57805","0","0","0","0","0","0","0","0"
"5.9939","0.500044","0.525846","0.0407673","0.537132","0.564101","2.27214","1.70302e-15","3.05991","3.04629","4.10218","6.55559","0","0","0","0","0","0","0","0"
"5.99717","0.500044","0.525758","0.0407721","0.537127","0.563752","2.27072","1.70515e-15","3.05787","3.0486","4.08235","6.58261","0","0","0","0","0","0","0","0"
"6.00055","0.500044","0.525758","0.0407777","0.536925","0.563445","2.26454","1.70354e-15","3.05782","3.04878","4.08614","6.56735","0","0","0","0","0","0","0","0"
"6.00393","0.500044","0.525758","0.0407825","0.536822","0.563594","2.25661","1.70467e-15","3.05594","3.04544","4.10221","6.57557","0","0","0","0","0","0","0","0"
"6.00847","0.500044","0.525758","0.040789","0.53618","0.562675","2.25253","1.70394e-15","3.06133","3.04961","4.08715","6.56203","0","0","0","0","0","0","0","0"
"6.01175","0.500044","0.525706","0.0407916","0.535626","0.562291","2.25432","1.70477e-15","3.06322","3.0524","4.05904","6.56178","0","0","0","0","0","0","0","0"
"6.01513","0.500044","0.525706","0.0407946","0.535943","0.562644","2.25043","1.70433e-15","3.06568","3.05565","4.05433","6.56491","0","0","0","0","0","0","0","0"
"6.01852","0.500044","0.525706","0.0407972","0.535288","0.562295","2.27813","1.70498e-15","3.06718","3.05792","4.01516","6.55058","0","0","0","0","0","0","0","0"
"6.0219","0.500044","0.525706","0.0408003","0.535893","0.562833","2.30493","1.70646e-15","3.0625","3.0496","3.91506","6.56503","0","0","0","0","0","0","0","0"
"6.0254","0.500044","0.525706","0.0408024","0.536988","0.564289","2.31567","1.70494e-15","3.07411","3.06648","3.88677","6.54525","0","0","0","0","0","0","0","0"
"6.02868","0.500044","0.525602","0.0408039","0.536629","0.563579","2.30705","1.70551e-15","3.07581","3.07396","3.89873","6.55149","0","0","0","0","0","0","0","0"
"6.03207","0.500044","0.525602","0.0408052","0.53667","0.563797","2.29976","1.70451e-15","3.07289","3.07213","3.90864","6.54391","0","0","0","0","0","0","0","0"
"6.03545","0.500044","0.525602","0.0408066","0.536425","0.563343","2.29002","1.70551e-15","3.07455","3.06863","3.92705","6.54496","0","0","0","0","0","0","0","0"
"6.03885","0.500044","0.525602","0.0408079","0.536677","0.563853","2.28866","1.70583e-15","3.07251","3.07035","3.91083","6.5471","0","0","0","0","0","0","0","0"
"6.04237","0.500044","0.525602","0.0408089","0.53688","0.563952","2.27796","1.70329e-15","3.06703","3.06484","3.9352","6.53321","0","0","0","0","0","0","0","0"
"6.0456","0.500044","0.525401","0.0408093","0.537115","0.564129","2.2758","1.70496e-15","3.07212","3.06451","3.92504","6.54462","0","0","0","0","0","0","0","0"
"6.04898","0.500044","0.525401","0.0408097","0.538574","0.565133","2.27463","1.70312e-15","3.0804","3.0597","3.91501","6.53048","0","0","0","0","0","0","0","0"
"6.0524","0.500044","0.525401","0.04081","0.538514","0.564956","2.27343","1.70403e-15","3.07495","3.05544","3.90078","6.53742","0","0","0","0","0","0","0","0"
"6.05575","0.500044","0.525401","0.0408104","0.538464","0.565076","2.27245","1.70375e-15","3.07634","3.05514","3.88241","6.54954","0","0","0","0","0","0","0","0"
"6.05925","0.500044","0.525401","0.0408093","0.538847","0.565348","2.27947","1.70237e-15","3.07482","3.05349","3.86176","6.52797","0","0","0","0","0","0","0","0"
"6.06253","0.500044","0.525494","0.0408064","0.539198","0.565613","2.28909","1.70353e-15","3.07514","3.05368","3.81167","6.54317","0","0","0","0","0","0","0","0"
"6.06593","0.500044","0.525494","0.0408039","0.538989","0.565505","2.28828","1.70227e-15","3.07639","3.05385","3.80563","6.52589","0","0","0","0","0","0","0","0"
"6.07033","0.500044","0.525494","0.0408002","0.538558","0.565266","2.27717","1.70388e-15","3.0757","3.0531","3.82159","6.53225","0","0","0","0","0","0","0","0"
"6.07373","0.500044","0.525494","0.0407977","0.538476","0.565481","2.27563","1.70216e-15","3.07265","3.05028","3.80997","6.51348","0","0","0","0","0","0","0","0"
"6.07722","0.500044","0.525494","0.0407957","0.538773","0.565708","2.26849","1.70275e-15","3.07291","3.04869","3.81521","6.51786","0","0","0","0","0","0","0","0"
"6.0805","0.500044","0.525647","0.0407941","0.538687","0.5657","2.25925","1.70285e-15","3.06907","3.04265","3.83654","6.51786","0","0","0","0","0","0","0","0"
"6.08388","0.500044","0.525647","0.0407923","0.538521","0.565282","2.2498","1.70268e-15","3.06502","3.04025","3.85442","6.50462","0","0","0","0","0","0","0","0"
"6.08727","0.500044","0.525647","0.0407907","0.538969","0.565767","2.24276","1.70404e-15","3.06477","3.04296","3.86684","6.52401","0","0","0","0","0","0","0","0"
"6.09178","0.500044","0.525647","0.0407879","0.53892","0.566023","2.23708","1.70152e-15","3.06114","3.05529","3.86072","6.50565","0","0","0","0","0","0","0","0"
"6.0951","0.500044","0.525687","0.0407853","0.538725","0.56565","2.23336","1.702e-15","3.06171","3.05753","3.85676","6.51412","0","0","0","0","0","0","0","0"
"6.09847","0.500044","0.525687","0.0407822","0.538888","0.565736","2.23716","1.70144e-15","3.0643","3.05087","3.82472","6.49705","0","0","0","0","0","0","0","0"
"6.10185","0.500044","0.525687","0.0407796","0.539425","0.565895","2.22905","1.70228e-15","3.05699","3.04623","3.84042","6.49863","0","0","0","0","0","0","0","0"
"6.10523","0.500044","0.525687","0.0407765","0.53946","0.565954","2.22062","1.70334e-15","3.05897","3.04926","3.85391","6.52037","0","0","0","0","0","0","0","0"
"6.10872","0.500044","0.525687","0.0407743","0.539793","0.566859","2.22213","1.70185e-15","3.05512","3.04654","3.83146","6.50034","0","0","0","0","0","0","0","0"
"6.112","0.500044","0.525713","0.040773","0.54026","0.567597","2.22904","1.70268e-15","3.05371","3.04498","3.80508","6.50939","0","0","0","0","0","0","0","0"
"6.11552","0.500044","0.525713","0.0407719","0.540335","0.567744","2.23543","1.70097e-15","3.05111","3.03997","3.7768","6.49385","0","0","0","0","0","0","0","0"
"6.11878","0.500044","0.525713","0.0407706","0.540557","0.568384","2.2282","1.70316e-15","3.05808","3.04317","3.78467","6.51827","0","0","0","0","0","0","0","0"
"6.12217","0.500044","0.525713","0.0407695","0.540729","0.568232","2.22392","1.70366e-15","3.05856","3.04288","3.78364","6.50786","0","0","0","0","0","0","0","0"
"6.12565","0.500044","0.525713","0.0407684","0.540169","0.568238","2.22927","1.70161e-15","3.05712","3.04287","3.75399","6.48593","0","0","0","0","0","0","0","0"
"6.12893","0.500044","0.525851","0.0407677","0.540029","0.567977","2.22944","1.70344e-15","3.05534","3.03741","3.73612","6.49876","0","0","0","0","0","0","0","0"
"6.13232","0.500044","0.525851","0.0407669","0.540311","0.567588","2.23685","1.70172e-15","3.0591","3.03759","3.70517","6.48385","0","0","0","0","0","0","0","0"
"6.1357","0.500044","0.525851","0.0407662","0.540219","0.567735","2.2305","1.70276e-15","3.05972","3.04646","3.71457","6.49593","0","0","0","0","0","0","0","0"
"6.13908","0.500044","0.525851","0.0407654","0.540493","0.568169","2.22817","1.70231e-15","3.05703","3.04973","3.70236","6.51281","0","0","0","0","0","0","0","0"
"6.14258","0.500044","0.525851","0.0407652","0.541088","0.568763","2.22572","1.70075e-15","3.05351","3.04615","3.69344","6.4947","0","0","0","0","0","0","0","0"
"6.14587","0.500044","0.526168","0.0407655","0.540854","0.568377","2.21604","1.7024e-15","3.05272","3.04429","3.71292","6.50264","0","0","0","0","0","0","0","0"
"6.14938","0.500044","0.526168","0.0407657","0.540632","0.568377","2.2215","1.7004e-15","3.04984","3.04197","3.68346","6.48699","0","0","0","0","0","0","0","0"
"6.15367","0.500044","0.526168","0.0407661","0.541383","0.569097","2.23416","1.70256e-15","3.04026","3.04395","3.65125","6.50088","0","0","0","0","0","0","0","0"
"6.15705","0.500044","0.526168","0.0407664","0.542315","0.569754","2.23483","1.70129e-15","3.0518","3.04507","3.63521","6.47951","0","0","0","0","0","0","0","0"
"6.16055","0.500044","0.526168","0.0407701","0.542533","0.570155","2.24373","1.70141e-15","3.05397","3.05117","3.62795","6.46671","0","0","0","0","0","0","0","0"
"6.16383","0.500044","0.526238","0.0407738","0.543229","0.570856","2.24273","1.70234e-15","3.04917","3.04858","3.61962","6.45584","0","0","0","0","0","0","0","0"
"6.16722","0.500044","0.526238","0.0407781","0.543134","0.570214","2.23719","1.70126e-15","3.04682","3.04971","3.61925","6.43905","0","0","0","0","0","0","0","0"
"6.1706","0.500044","0.526238","0.0407818","0.543555","0.570499","2.23195","1.7032e-15","3.04506","3.05042","3.62184","6.46255","0","0","0","0","0","0","0","0"
"6.17523","0.500044","0.526238","0.0407868","0.544292","0.571022","2.22945","1.70222e-15","3.0476","3.05644","3.60475","6.45135","0","0","0","0","0","0","0","0"
"6.17842","0.500044","0.526383","0.0407888","0.543779","0.570718","2.22655","1.70268e-15","3.04636","3.05352","3.59801","6.45541","0","0","0","0","0","0","0","0"
"6.1818","0.500044","0.526383","0.0407912","0.543553","0.570619","2.22282","1.70374e-15","3.04909","3.05231","3.59172","6.45552","0","0","0","0","0","0","0","0"
"6.18518","0.500044","0.526383","0.0407933","0.543591","0.570718","2.22257","1.70219e-15","3.04579","3.04976","3.57851","6.43532","0","0","0","0","0","0","0","0"
"6.18857","0.500044","0.526383","0.0407956","0.543002","0.569777","2.21817","1.70418e-15","3.04497","3.04803","3.57468","6.45046","0","0","0","0","0","0","0","0"
"6.1921","0.500044","0.526383","0.040798","0.54225","0.568972","2.21324","1.70413e-15","3.04545","3.04659","3.5781","6.44909","0","0","0","0","0","0","0","0"
"6.19533","0.500044","0.526776","0.0408018","0.542252","0.5688","2.21539","1.70347e-15","3.04008","3.04263","3.55044","6.44503","0","0","0","0","0","0","0","0"
"6.19872","0.500044","0.526776","0.040805","0.54166","0.568181","2.20661","1.70564e-15","3.04246","3.04583","3.56952","6.46686","0","0","0","0","0","0","0","0"
"6.20212","0.500044","0.526776","0.0408087","0.541521","0.568011","2.19572","1.70359e-15","3.03952","3.046","3.5952","6.45073","0","0","0","0","0","0","0","0"
"6.2055","0.500044","0.526776","0.0408119","0.541408","0.567708","2.18841","1.7046e-15","3.04038","3.0434","3.60674","6.46092","0","0","0","0","0","0","0","0"
"6.20898","0.500044","0.526776","0.0408146","0.541082","0.567238","2.18044","1.70404e-15","3.04179","3.04401","3.61778","6.46208","0","0","0","0","0","0","0","0"
"6.21227","0.500044","0.526819","0.0408157","0.541091","0.567349","2.17675","1.7041e-15","3.03713","3.0444","3.61612","6.44386","0","0","0","0","0","0","0","0"
"6.2157","0.500044","0.526819","0.0408171","0.540547","0.566672","2.16718","1.70554e-15","3.04289","3.04424","3.63554","6.46189","0","0","0","0","0","0","0","0"
"6.2191","0.500044","0.526819","0.0408182","0.540273","0.566377","2.16168","1.70401e-15","3.03993","3.04299","3.64116","6.45219","0","0","0","0","0","0","0","0"
"6.2225","0.500044","0.526819","0.0408196","0.539943","0.565597","2.15359","1.70604e-15","3.03935","3.04199","3.6533","6.45913","0","0","0","0","0","0","0","0"
"6.22597","0.500044","0.526819","0.0408207","0.539557","0.565379","2.14319","1.70563e-15","3.04251","3.03999","3.6835","6.45179","0","0","0","0","0","0","0","0"
"6.22925","0.500044","0.526474","0.0408219","0.539199","0.564775","2.14416","1.70573e-15","3.03971","3.03812","3.67427","6.44734","0","0","0","0","0","0","0","0"
"6.23265","0.500044","0.526474","0.0408229","0.538622","0.564357","2.13991","1.70607e-15","3.04016","3.03846","3.67265","6.45099","0","0","0","0","0","0","0","0"
"6.23707","0.500044","0.526474","0.0408245","0.538239","0.563838","2.13899","1.7065e-15","3.03574","3.03636","3.65427","6.4376","0","0","0","0","0","0","0","0"
"6.24045","0.500044","0.526474","0.0408256","0.53899","0.564597","2.14774","1.70799e-15","3.03393","3.0374","3.62452","6.43836","0","0","0","0","0","0","0","0"
"6.24393","0.500044","0.526474","0.0408247","0.539037","0.563996","2.14333","1.70684e-15","3.02681","3.03582","3.61978","6.43685","0","0","0","0","0","0","0","0"
"6.24722","0.500044","0.526129","0.0408238","0.539485","0.564647","2.13715","1.70782e-15","3.02537","3.02828","3.62685","6.44953","0","0","0","0","0","0","0","0"
"6.25073","0.500044","0.526129","0.0408226","0.5395","0.564794","2.12798","1.7068e-15","3.02375","3.03119","3.64568","6.435","0","0","0","0","0","0","0","0"
"6.25398","0.500044","0.526129","0.0408216","0.538841","0.564154","2.11877","1.70893e-15","3.02542","3.03393","3.66956","6.44922","0","0","0","0","0","0","0","0"
"6.25855","0.500044","0.526129","0.0408203","0.538302","0.563449","2.1116","1.70679e-15","3.02691","3.03711","3.67269","6.43974","0","0","0","0","0","0","0","0"
"6.26182","0.500044","0.525763","0.0408198","0.537822","0.563143","2.10536","1.70795e-15","3.03189","3.04095","3.68037","6.44027","0","0","0","0","0","0","0","0"
"6.26518","0.500044","0.525763","0.0408193","0.537954","0.563409","2.09637","1.70699e-15","3.03106","3.04299","3.70007","6.44027","0","0","0","0","0","0","0","0"
"6.26857","0.500044","0.525763","0.0408188","0.537819","0.563276","2.09395","1.70684e-15","3.02935","3.04394","3.69154","6.44127","0","0","0","0","0","0","0","0"
"6.27195","0.500044","0.525763","0.0408182","0.538682","0.564198","2.09419","1.70835e-15","3.0338","3.04588","3.67277","6.46886","0","0","0","0","0","0","0","0"
"6.27545","0.500044","0.525763","0.0408174","0.538444","0.563513","2.08983","1.70718e-15","3.03238","3.04527","3.67314","6.44812","0","0","0","0","0","0","0","0"
"6.27873","0.500044","0.525654","0.0408158","0.538613","0.563532","2.08342","1.70909e-15","3.03422","3.04454","3.67854","6.47578","0","0","0","0","0","0","0","0"
"6.2821","0.500044","0.525654","0.0408143","0.539187","0.56364","2.07778","1.70818e-15","3.03918","3.04104","3.68417","6.47599","0","0","0","0","0","0","0","0"
"6.2855","0.500044","0.525654","0.0408127","0.539277","0.563626","2.07471","1.70791e-15","3.03553","3.0382","3.67904","6.4661","0","0","0","0","0","0","0","0"
"6.28888","0.500044","0.525654","0.0408113","0.539022","0.563792","2.06708","1.70908e-15","3.03228","3.04104","3.69489","6.48667","0","0","0","0","0","0","0","0"
"6.29237","0.500044","0.525654","0.0408099","0.539138","0.563423","2.05857","1.70691e-15","3.03359","3.04165","3.71193","6.47678","0","0","0","0","0","0","0","0"
"6.29565","0.500044","0.525517","0.040809","0.539472","0.56402","2.05534","1.70826e-15","3.02599","3.03638","3.71144","6.48494","0","0","0","0","0","0","0","0"
"6.29903","0.500044","0.525517","0.040808","0.539887","0.564494","2.0623","1.70846e-15","3.04398","3.03922","3.67681","6.48312","0","0","0","0","0","0","0","0"
"6.30243","0.500044","0.525517","0.0408072","0.541745","0.566124","2.08574","1.7074e-15","3.0484","3.04551","3.66879","6.46662","0","0","0","0","0","0","0","0"
"6.3058","0.500044","0.525517","0.0408062","0.542277","0.566953","2.10028","1.70907e-15","3.04458","3.03912","3.66734","6.48469","0","0","0","0","0","0","0","0"
"6.3093","0.500044","0.525517","0.0408027","0.542023","0.566841","2.10024","1.70823e-15","3.04456","3.04013","3.64914","6.47268","0","0","0","0","0","0","0","0"
"6.313","0.500044","0.525565","0.0407955","0.54197","0.56683","2.09972","1.70976e-15","3.04653","3.0404","3.6301","6.4829","0","0","0","0","0","0","0","0"
"6.31597","0.500044","0.525565","0.0407893","0.541631","0.566639","2.09642","1.70902e-15","3.04657","3.03731","3.62381","6.48841","0","0","0","0","0","0","0","0"
"6.32038","0.500044","0.525565","0.0407801","0.541442","0.566387","2.09374","1.70943e-15","3.04351","3.03241","3.6088","6.48682","0","0","0","0","0","0","0","0"
"6.32378","0.500044","0.525565","0.0407739","0.541788","0.566661","2.09275","1.71069e-15","3.04155","3.02883","3.59553","6.50787","0","0","0","0","0","0","0","0"
"6.32727","0.500044","0.525565","0.0407691","0.541435","0.566796","2.08545","1.70904e-15","3.03993","3.02376","3.6061","6.48464","0","0","0","0","0","0","0","0"
"6.33055","0.500044","0.525856","0.0407653","0.542067","0.567279","2.08628","1.71071e-15","3.04431","3.03312","3.59364","6.49278","0","0","0","0","0","0","0","0"
"6.33393","0.500044","0.525856","0.0407608","0.542258","0.567486","2.08585","1.71011e-15","3.0411","3.03143","3.57853","6.50459","0","0","0","0","0","0","0","0"
"6.33782","0.500044","0.525856","0.040757","0.54165","0.566881","2.07984","1.71046e-15","3.04438","3.03626","3.58524","6.51032","0","0","0","0","0","0","0","0"
"6.34178","0.500044","0.525856","0.0407513","0.541658","0.566944","2.07523","1.71033e-15","3.05025","3.03367","3.57875","6.52128","0","0","0","0","0","0","0","0"
"6.34513","0.500044","0.526115","0.0407475","0.541788","0.567179","2.07526","1.7101e-15","3.05368","3.0332","3.56448","6.52683","0","0","0","0","0","0","0","0"
"6.34852","0.500044","0.526115","0.040743","0.541632","0.56661","2.0772","1.71131e-15","3.04919","3.03058","3.54354","6.55219","0","0","0","0","0","0","0","0"
"6.3519","0.500044","0.526115","0.0407392","0.542111","0.567067","2.08402","1.70974e-15","3.05251","3.03286","3.52133","6.5359","0","0","0","0","0","0","0","0"
"6.35528","0.500044","0.526115","0.0407347","0.542147","0.566994","2.09022","1.71117e-15","3.04865","3.03205","3.49665","6.53455","0","0","0","0","0","0","0","0"
"6.35877","0.500044","0.526115","0.0407317","0.542428","0.567285","2.09971","1.70988e-15","3.05188","3.03138","3.46899","6.52245","0","0","0","0","0","0","0","0"
"6.36205","0.500044","0.52615","0.04073","0.542367","0.56718","2.10212","1.71087e-15","3.04867","3.03094","3.45401","6.52063","0","0","0","0","0","0","0","0"
"6.36543","0.500044","0.52615","0.0407286","0.542051","0.567158","2.09977","1.70972e-15","3.05088","3.03117","3.44456","6.50322","0","0","0","0","0","0","0","0"
"6.36883","0.500044","0.52615","0.0407269","0.541579","0.566535","2.09152","1.71096e-15","3.04684","3.02909","3.45834","6.51538","0","0","0","0","0","0","0","0"
"6.37222","0.500044","0.52615","0.0407255","0.541655","0.566522","2.08909","1.71001e-15","3.04816","3.03156","3.45512","6.50958","0","0","0","0","0","0","0","0"
"6.37572","0.500044","0.52615","0.0407251","0.541569","0.566507","2.08349","1.70977e-15","3.04616","3.02755","3.46059","6.49818","0","0","0","0","0","0","0","0"
"6.37898","0.500044","0.526134","0.0407261","0.541046","0.566491","2.07968","1.70821e-15","3.04903","3.02775","3.45993","6.48334","0","0","0","0","0","0","0","0"
"6.38237","0.500044","0.526134","0.0407273","0.541083","0.566357","2.07287","1.70982e-15","3.04344","3.02208","3.46795","6.50152","0","0","0","0","0","0","0","0"
"6.38578","0.500044","0.526134","0.0407284","0.540853","0.565871","2.06903","1.70866e-15","3.04145","3.02357","3.46639","6.49563","0","0","0","0","0","0","0","0"
"6.38915","0.500044","0.526134","0.0407296","0.541083","0.566095","2.06663","1.70997e-15","3.0462","3.02269","3.45664","6.5111","0","0","0","0","0","0","0","0"
"6.39262","0.500044","0.526134","0.0407324","0.540728","0.565785","2.0585","1.70936e-15","3.04858","3.02353","3.47491","6.51808","0","0","0","0","0","0","0","0"
"6.3959","0.500044","0.526014","0.0407377","0.540811","0.566006","2.04811","1.71069e-15","3.04182","3.01652","3.50117","6.52091","0","0","0","0","0","0","0","0"
"6.39932","0.500044","0.526014","0.0407422","0.541121","0.565872","2.04497","1.71034e-15","3.04818","3.02088","3.50155","6.51461","0","0","0","0","0","0","0","0"
"6.40385","0.500044","0.526014","0.040749","0.542292","0.567118","2.05055","1.71231e-15","3.06143","3.03837","3.47277","6.50844","0","0","0","0","0","0","0","0"
"6.4071","0.500044","0.526014","0.0407535","0.542491","0.567146","2.04698","1.71116e-15","3.05654","3.03073","3.46991","6.5073","0","0","0","0","0","0","0","0"
"6.4106","0.500044","0.526014","0.0407598","0.542503","0.567214","2.04721","1.71145e-15","3.05352","3.02948","3.44733","6.52407","0","0","0","0","0","0","0","0"
"6.41388","0.500044","0.525828","0.0407654","0.541984","0.566562","2.04282","1.71054e-15","3.05691","3.02947","3.45206","6.51961","0","0","0","0","0","0","0","0"
"6.41727","0.500044","0.525828","0.0407719","0.54179","0.566183","2.04466","1.71246e-15","3.06075","3.04108","3.43407","6.51777","0","0","0","0","0","0","0","0"
"6.42065","0.500044","0.525828","0.0407775","0.541571","0.566027","2.03995","1.71164e-15","3.0589","3.04167","3.43614","6.51656","0","0","0","0","0","0","0","0"
"6.42513","0.500044","0.525828","0.0407847","0.541608","0.566221","2.03422","1.71192e-15","3.05481","3.04195","3.44206","6.51328","0","0","0","0","0","0","0","0"
"6.42847","0.500044","0.52588","0.0407867","0.541319","0.56607","2.02931","1.70973e-15","3.05592","3.04085","3.44866","6.50278","0","0","0","0","0","0","0","0"
"6.43185","0.500044","0.52588","0.040789","0.541186","0.565844","2.02852","1.71132e-15","3.05302","3.03745","3.43801","6.51968","0","0","0","0","0","0","0","0"
"6.4355","0.500044","0.52588","0.040791","0.540723","0.565248","2.02584","1.7101e-15","3.05512","3.03763","3.43493","6.5179","0","0","0","0","0","0","0","0"
"6.43858","0.500044","0.52588","0.0407933","0.541457","0.565903","2.06654","1.7103e-15","3.06192","3.03494","3.46058","6.51114","0","0","0","0","0","0","0","0"
"6.44233","0.500044","0.52588","0.0407952","0.541511","0.566145","2.07107","1.71003e-15","3.05704","3.03568","3.43447","6.50419","0","0","0","0","0","0","0","0"
"6.4461","0.500044","0.525857","0.0407966","0.541048","0.565695","2.06609","1.70978e-15","3.0564","3.03399","3.43435","6.4929","0","0","0","0","0","0","0","0"
"6.44958","0.500044","0.525857","0.040798","0.54125","0.56594","2.06179","1.71235e-15","3.05171","3.02692","3.43133","6.51218","0","0","0","0","0","0","0","0"
"6.45335","0.500044","0.525857","0.0407994","0.542143","0.56681","2.05979","1.71067e-15","3.05958","3.03899","3.42007","6.49944","0","0","0","0","0","0","0","0"
"6.45692","0.500044","0.525857","0.0408009","0.541978","0.566383","2.05865","1.7122e-15","3.0631","3.04205","3.40405","6.51692","0","0","0","0","0","0","0","0"
"6.46047","0.500044","0.525857","0.0408045","0.542162","0.566386","2.05872","1.71096e-15","3.05668","3.04446","3.38851","6.50138","0","0","0","0","0","0","0","0"
"6.46358","0.500044","0.525724","0.0408094","0.54185","0.565998","2.05033","1.71246e-15","3.05517","3.04464","3.40486","6.50678","0","0","0","0","0","0","0","0"
"6.46725","0.500044","0.525724","0.0408143","0.541988","0.565885","2.04384","1.71212e-15","3.04817","3.04302","3.41268","6.52149","0","0","0","0","0","0","0","0"
"6.47058","0.500044","0.525724","0.0408184","0.542203","0.566099","2.03822","1.71242e-15","3.0476","3.04247","3.41891","6.51111","0","0","0","0","0","0","0","0"
"6.47525","0.500044","0.525724","0.0408255","0.542874","0.566473","2.04017","1.71275e-15","3.04823","3.04632","3.39823","6.52191","0","0","0","0","0","0","0","0"
"6.47867","0.500044","0.52575","0.0408331","0.543754","0.567261","2.05861","1.71257e-15","3.04842","3.04684","3.40929","6.52128","0","0","0","0","0","0","0","0"
"6.48222","0.500044","0.52575","0.0408397","0.543446","0.566961","2.06438","1.71311e-15","3.05077","3.05036","3.40587","6.53298","0","0","0","0","0","0","0","0"
"6.48742","0.500044","0.52575","0.0408506","0.543389","0.566926","2.06006","1.71397e-15","3.04161","3.04254","3.40022","6.5372","0","0","0","0","0","0","0","0"
"6.49178","0.500044","0.52575","0.0408608","0.543728","0.567615","2.05964","1.71295e-15","3.04269","3.04018","3.38311","6.548","0","0","0","0","0","0","0","0"
"6.49497","0.500044","0.525782","0.0408683","0.544039","0.568088","2.06397","1.71298e-15","3.04222","3.04109","3.36822","6.54001","0","0","0","0","0","0","0","0"
"6.49835","0.500044","0.525782","0.0408759","0.543514","0.567467","2.05845","1.71313e-15","3.04293","3.04009","3.37317","6.54293","0","0","0","0","0","0","0","0"
"6.50175","0.500044","0.525782","0.0408847","0.543229","0.566968","2.05782","1.71303e-15","3.04134","3.03901","3.3652","6.5317","0","0","0","0","0","0","0","0"
"6.50513","0.500044","0.525782","0.0408923","0.543276","0.567111","2.06749","1.71432e-15","3.04161","3.0396","3.34536","6.54758","0","0","0","0","0","0","0","0"
"6.50862","0.500044","0.525782","0.0408999","0.542877","0.5667","2.05574","1.71234e-15","3.04702","3.04075","3.37841","6.52765","0","0","0","0","0","0","0","0"
"6.5119","0.500044","0.525963","0.0409037","0.5427","0.566467","2.04922","1.71333e-15","3.04349","3.03959","3.38845","6.52201","0","0","0","0","0","0","0","0"
"6.51532","0.500044","0.525963","0.0409081","0.542287","0.565918","2.0489","1.71209e-15","3.04525","3.03741","3.37069","6.50751","0","0","0","0","0","0","0","0"
"6.51867","0.500044","0.525963","0.040912","0.542251","0.56569","2.04291","1.71418e-15","3.05463","3.05595","3.37831","6.52086","0","0","0","0","0","0","0","0"
"6.52205","0.500044","0.525963","0.0409164","0.541642","0.565024","2.03893","1.71295e-15","3.05297","3.05407","3.37645","6.51423","0","0","0","0","0","0","0","0"
"6.52557","0.500044","0.525963","0.0409187","0.542405","0.565924","2.04348","1.71413e-15","3.05741","3.06574","3.35614","6.51286","0","0","0","0","0","0","0","0"
"6.52883","0.500044","0.525952","0.040918","0.541715","0.565433","2.03607","1.7123e-15","3.05678","3.06549","3.36651","6.49189","0","0","0","0","0","0","0","0"
"6.53222","0.500044","0.525952","0.0409174","0.541661","0.565272","2.03355","1.71407e-15","3.05512","3.06375","3.36498","6.49673","0","0","0","0","0","0","0","0"
"6.5356","0.500044","0.525952","0.0409167","0.541548","0.565127","2.03229","1.71372e-15","3.0604","3.06192","3.35364","6.49233","0","0","0","0","0","0","0","0"
"6.53898","0.500044","0.525952","0.0409161","0.541069","0.564716","2.02989","1.71475e-15","3.05947","3.06076","3.34952","6.49376","0","0","0","0","0","0","0","0"
"6.54248","0.500044","0.525952","0.0409142","0.541528","0.565176","2.02916","1.7141e-15","3.0535","3.06106","3.33709","6.49519","0","0","0","0","0","0","0","0"
"6.54575","0.500044","0.525698","0.0409113","0.54109","0.564607","2.02225","1.71511e-15","3.0547","3.06153","3.35003","6.49672","0","0","0","0","0","0","0","0"
"6.54915","0.500044","0.525698","0.040908","0.541136","0.564409","2.01417","1.71456e-15","3.05057","3.05614","3.36541","6.49388","0","0","0","0","0","0","0","0"
"6.55253","0.500044","0.525698","0.0409051","0.541557","0.564588","2.01197","1.71465e-15","3.05443","3.05494","3.35845","6.48371","0","0","0","0","0","0","0","0"
"6.55592","0.500044","0.525698","0.0409017","0.541696","0.56448","2.00748","1.71473e-15","3.05797","3.05929","3.3564","6.47084","0","0","0","0","0","0","0","0"
"6.55943","0.500044","0.525698","0.0408982","0.541161","0.564158","2.00653","1.71417e-15","3.0577","3.06111","3.34659","6.45468","0","0","0","0","0","0","0","0"
"6.56268","0.500044","0.525488","0.0408932","0.541563","0.564045","2.00955","1.71378e-15","3.06123","3.06244","3.32402","6.45538","0","0","0","0","0","0","0","0"
"6.56607","0.500044","0.525488","0.040889","0.540964","0.563647","2.00283","1.71333e-15","3.05911","3.05822","3.33643","6.44373","0","0","0","0","0","0","0","0"
"6.57075","0.500044","0.525488","0.0408826","0.540952","0.56326","1.99612","1.71422e-15","3.05777","3.05791","3.34018","6.46627","0","0","0","0","0","0","0","0"
"6.57513","0.500044","0.525488","0.0408777","0.541656","0.564114","2.00435","1.71445e-15","3.05856","3.05436","3.30218","6.46845","0","0","0","0","0","0","0","0"
"6.5783","0.500044","0.525401","0.0408777","0.541772","0.564368","2.00074","1.71277e-15","3.05395","3.04971","3.3013","6.46468","0","0","0","0","0","0","0","0"
"6.58173","0.500044","0.525401","0.0408777","0.541309","0.56386","1.99415","1.71374e-15","3.05412","3.05129","3.31151","6.47208","0","0","0","0","0","0","0","0"
"6.58512","0.500044","0.525401","0.0408777","0.541452","0.564262","1.98917","1.71296e-15","3.05161","3.04531","3.31493","6.48531","0","0","0","0","0","0","0","0"
"6.5885","0.500044","0.525401","0.0408777","0.541426","0.564319","1.98285","1.71419e-15","3.05049","3.04368","3.32474","6.48079","0","0","0","0","0","0","0","0"
"6.59198","0.500044","0.525401","0.0408778","0.54116","0.564046","1.97795","1.71302e-15","3.04528","3.03961","3.32639","6.47615","0","0","0","0","0","0","0","0"
"6.59527","0.500044","0.525277","0.0408781","0.540922","0.563823","1.97513","1.71278e-15","3.04407","3.03842","3.32291","6.47142","0","0","0","0","0","0","0","0"
"6.59867","0.500044","0.525277","0.0408785","0.541818","0.564479","1.97208","1.71332e-15","3.04056","3.03284","3.31893","6.48933","0","0","0","0","0","0","0","0"
"6.60203","0.500044","0.525277","0.0408789","0.541381","0.563701","1.96514","1.71233e-15","3.04114","3.03386","3.33179","6.48791","0","0","0","0","0","0","0","0"
"6.60543","0.500044","0.525277","0.0408793","0.541477","0.563332","1.95997","1.71278e-15","3.04051","3.0308","3.33399","6.49638","0","0","0","0","0","0","0","0"
"6.60893","0.500044","0.525277","0.0408791","0.541133","0.562926","1.95457","1.71166e-15","3.04245","3.03668","3.34012","6.47795","0","0","0","0","0","0","0","0"
"6.61222","0.500044","0.525271","0.0408776","0.541064","0.56252","1.94774","1.71186e-15","3.03883","3.03487","3.351","6.49139","0","0","0","0","0","0","0","0"
"6.61563","0.500044","0.525271","0.0408763","0.54146","0.562761","1.95022","1.71048e-15","3.037","3.03125","3.32665","6.47934","0","0","0","0","0","0","0","0"
"6.61897","0.500044","0.525271","0.0408747","0.541056","0.562488","1.9457","1.71092e-15","3.03754","3.02894","3.32607","6.49729","0","0","0","0","0","0","0","0"
"6.62238","0.500044","0.525271","0.0408734","0.540304","0.561642","1.94031","1.70935e-15","3.03782","3.02777","3.33257","6.47878","0","0","0","0","0","0","0","0"
"6.62585","0.500044","0.525271","0.0408725","0.540076","0.561683","1.93181","1.70967e-15","3.03716","3.02533","3.35067","6.47566","0","0","0","0","0","0","0","0"
"6.62968","0.500044","0.525242","0.0408725","0.539753","0.561359","1.92435","1.70836e-15","3.03602","3.02605","3.36843","6.46654","0","0","0","0","0","0","0","0"
"6.63278","0.500044","0.525242","0.0408724","0.539544","0.560753","1.91636","1.70938e-15","3.0343","3.02422","3.38486","6.48216","0","0","0","0","0","0","0","0"
"6.63635","0.500044","0.525242","0.0408724","0.539849","0.561265","1.91722","1.7087e-15","3.03963","3.0264","3.37495","6.46281","0","0","0","0","0","0","0","0"
"6.63972","0.500044","0.525242","0.0408723","0.539718","0.561411","1.92616","1.70995e-15","3.03757","3.0218","3.33717","6.48267","0","0","0","0","0","0","0","0"
"6.64343","0.500044","0.525242","0.0408694","0.540133","0.562123","1.91976","1.70869e-15","3.04334","3.02235","3.34524","6.46685","0","0","0","0","0","0","0","0"
"6.64675","0.500044","0.525024","0.0408658","0.540223","0.561975","1.91379","1.71131e-15","3.04581","3.03505","3.35411","6.49326","0","0","0","0","0","0","0","0"
"6.65018","0.500044","0.525024","0.0408617","0.540086","0.561733","1.90541","1.70983e-15","3.04658","3.03586","3.37293","6.48127","0","0","0","0","0","0","0","0"
"6.65417","0.500044","0.525024","0.0408575","0.539924","0.561873","1.90011","1.71056e-15","3.04305","3.03528","3.37572","6.48101","0","0","0","0","0","0","0","0"
"6.65843","0.500044","0.525024","0.0408532","0.540164","0.561553","1.90566","1.71063e-15","3.04138","3.03663","3.34388","6.47219","0","0","0","0","0","0","0","0"
"6.66185","0.500044","0.524819","0.0408526","0.539686","0.561254","1.8979","1.70924e-15","3.03873","3.03443","3.3636","6.46126","0","0","0","0","0","0","0","0"
"6.66567","0.500044","0.524819","0.040852","0.538731","0.560284","1.89416","1.71013e-15","3.0405","3.03538","3.35981","6.46524","0","0","0","0","0","0","0","0"
"6.66918","0.500044","0.524819","0.0408514","0.539598","0.561484","1.89423","1.70914e-15","3.03762","3.03238","3.34311","6.45688","0","0","0","0","0","0","0","0"
"6.67275","0.500044","0.524819","0.0408507","0.539473","0.561334","1.88688","1.70998e-15","3.03816","3.03274","3.35767","6.4667","0","0","0","0","0","0","0","0"
"6.67623","0.500044","0.524819","0.0408499","0.53857","0.560293","1.8782","1.70787e-15","3.03903","3.03394","3.37885","6.45371","0","0","0","0","0","0","0","0"
"6.67952","0.500044","0.524781","0.0408491","0.538454","0.560204","1.8747","1.70873e-15","3.03817","3.03266","3.377","6.47457","0","0","0","0","0","0","0","0"
"6.6829","0.500044","0.524781","0.0408482","0.538471","0.559871","1.8672","1.70772e-15","3.03658","3.03463","3.39057","6.45514","0","0","0","0","0","0","0","0"
"6.68628","0.500044","0.524781","0.0408474","0.539426","0.560827","1.87201","1.70937e-15","3.03851","3.03028","3.3659","6.49094","0","0","0","0","0","0","0","0"
"6.68968","0.500044","0.524781","0.0408465","0.539678","0.560738","1.86824","1.70805e-15","3.04709","3.03039","3.36604","6.4825","0","0","0","0","0","0","0","0"
"6.69317","0.500044","0.524781","0.0408471","0.540488","0.561578","1.86927","1.70773e-15","3.04565","3.03646","3.34901","6.47255","0","0","0","0","0","0","0","0"
"6.69638","0.500044","0.524567","0.0408487","0.54074","0.561616","1.87778","1.70583e-15","3.0474","3.03756","3.30687","6.46688","0","0","0","0","0","0","0","0"
"6.69975","0.500044","0.524567","0.0408501","0.540319","0.561245","1.87573","1.70731e-15","3.04493","3.03509","3.29884","6.48667","0","0","0","0","0","0","0","0"
"6.70313","0.500044","0.524567","0.0408514","0.541416","0.562793","1.87835","1.70571e-15","3.04365","3.03297","3.28316","6.48054","0","0","0","0","0","0","0","0"
"6.70667","0.500044","0.524567","0.040853","0.541384","0.562629","1.87757","1.70672e-15","3.03874","3.03445","3.26629","6.49774","0","0","0","0","0","0","0","0"
"6.71015","0.500044","0.524567","0.0408541","0.541565","0.562867","1.88488","1.70481e-15","3.03418","3.03596","3.24128","6.49232","0","0","0","0","0","0","0","0"
"6.71338","0.500044","0.524453","0.0408548","0.541382","0.562878","1.88769","1.70618e-15","3.03461","3.0379","3.22934","6.50538","0","0","0","0","0","0","0","0"
"6.71685","0.500044","0.524453","0.0408557","0.541301","0.562798","1.88454","1.70549e-15","3.03369","3.04168","3.22511","6.50908","0","0","0","0","0","0","0","0"
"6.72023","0.500044","0.524453","0.0408564","0.541116","0.562817","1.88018","1.70604e-15","3.03046","3.03904","3.22649","6.50696","0","0","0","0","0","0","0","0"
"6.72377","0.500044","0.524453","0.0408573","0.541257","0.562877","1.8758","1.7063e-15","3.02969","3.03665","3.2257","6.50498","0","0","0","0","0","0","0","0"
"6.72722","0.500044","0.524453","0.0408551","0.540745","0.562748","1.86856","1.70549e-15","3.02719","3.0293","3.23875","6.48387","0","0","0","0","0","0","0","0"
"6.73057","0.500044","0.524652","0.0408528","0.540951","0.562987","1.86223","1.70606e-15","3.02498","3.02639","3.25131","6.4766","0","0","0","0","0","0","0","0"
"6.7341","0.500044","0.524652","0.0408501","0.540342","0.562436","1.85397","1.70546e-15","3.02602","3.02919","3.27029","6.46663","0","0","0","0","0","0","0","0"
"6.73773","0.500044","0.524652","0.0408474","0.542813","0.564248","1.87465","1.70528e-15","3.05072","3.06426","3.26169","6.47197","0","0","0","0","0","0","0","0"
"6.74177","0.500044","0.524652","0.0408469","0.542793","0.564173","1.86998","1.70415e-15","3.04492","3.05745","3.26396","6.44624","0","0","0","0","0","0","0","0"
"6.74502","0.500044","0.524737","0.0408525","0.5422","0.563544","1.86363","1.70338e-15","3.04435","3.05446","3.2759","6.45392","0","0","0","0","0","0","0","0"
"6.74843","0.500044","0.524737","0.040859","0.543013","0.564352","1.86177","1.70322e-15","3.03523","3.04815","3.26968","6.44381","0","0","0","0","0","0","0","0"

