"Time","Demand 1","Control 1","Output Drive 1","Channel 1","Channel 2","Channel 3","Channel 4","Channel 1 Kurtosis","Channel 2 Kurtosis","Channel 3 Kurtosis","Channel 4 Kurtosis","Rear Input 1","Rear Input 2","Rear Input 3","Rear Input 4","Rear Input 5","Rear Input 6","Rear Input 7","Rear Input 8"
"0.00148333","0.125011","0.0808186","0","0.0707033","0.126456","0.109703","1.98984e-15","2.57088","3.14104","2.84803","9.19749","0","0","0","0","0","0","0","0"
"0.00148333","0.125011","0.0808186","0","0.0707033","0.126456","0.109703","1.98984e-15","2.57088","3.14104","2.84803","9.19749","0","0","0","0","0","0","0","0"
"0.00153333","0.125011","0.0808186","0","0.0707033","0.126456","0.109703","1.98984e-15","2.57088","3.14104","2.84803","9.19749","0","0","0","0","0","0","0","0"
"0.00608333","0.125011","0.0808186","0","0.0618304","0.102239","0.106837","1.52854e-15","3.14968","3.11858","2.74879","4.56213","0","0","0","0","0","0","0","0"
"0.00943333","0.125011","0.0808186","0","0.0862506","0.123334","0.109282","1.73721e-15","3.03044","2.8789","2.18308","5.78392","0","0","0","0","0","0","0","0"
"0.0129833","0.125011","0.0808186","1.19209e-05","0.0544442","0.102237","0.110479","1.7684e-15","2.75711","3.06423","2.13442","4.11484","0","0","0","0","0","0","0","0"
"0.0192","0.125011","0.076256","1.36093e-05","0.0605158","0.109558","0.116026","1.86515e-15","2.65081","2.85943","2.25863","10.882","0","0","0","0","0","0","0","0"
"0.0224","0.125011","0.076256","1.47026e-05","0.0657898","0.1174","0.108913","1.70128e-15","2.72205","2.38191","2.82049","6.53043","0","0","0","0","0","0","0","0"
"0.0258667","0.125011","0.076256","1.57093e-05","0.0653651","0.105082","0.110044","1.51391e-15","3.29782","2.45391","2.37025","5.04395","0","0","0","0","0","0","0","0"
"0.0296333","0.125011","0.076256","1.69712e-05","0.0697599","0.130585","0.112878","1.63647e-15","2.6789","2.92762","2.55963","4.57787","0","0","0","0","0","0","0","0"
"0.0329","0.125011","0.0590696","1.83345e-05","0.0627549","0.115254","0.108438","1.77664e-15","4.65195","2.12044","2.30368","7.53787","0","0","0","0","0","0","0","0"
"0.0362833","0.125011","0.0590696","1.95899e-05","0.0632546","0.136519","0.118613","1.55752e-15","3.35569","2.63715","2.73101","3.19048","0","0","0","0","0","0","0","0"
"0.0396833","0.125011","0.0590696","2.11636e-05","0.055565","0.134169","0.114715","2.03889e-15","3.32139","2.25919","2.63173","6.64112","0","0","0","0","0","0","0","0"
"0.04305","0.125011","0.0590696","2.26127e-05","0.0742083","0.152868","0.108721","1.70056e-15","2.80164","2.79052","3.1144","5.91081","0","0","0","0","0","0","0","0"
"0.04655","0.125011","0.0590696","2.44292e-05","0.0656143","0.163637","0.119817","1.52336e-15","2.49226","2.44119","2.62225","2.49274","0","0","0","0","0","0","0","0"
"0.0498333","0.125011","0.0586088","2.61019e-05","0.0660084","0.178706","0.111124","1.86973e-15","3.04208","2.4266","2.22166","9.03394","0","0","0","0","0","0","0","0"
"0.05335","0.125011","0.0586088","2.81987e-05","0.0539337","0.14749","0.117425","1.64278e-15","2.31031","2.24868","2.5419","4.39527","0","0","0","0","0","0","0","0"
"0.0566","0.125011","0.0586088","3.01295e-05","0.0703536","0.147559","0.108009","1.72736e-15","3.25109","2.63469","3.24579","6.2453","0","0","0","0","0","0","0","0"
"0.0599833","0.125011","0.0586088","3.25498e-05","0.0655532","0.127033","0.108428","1.78722e-15","2.77363","2.81062","2.88567","6.7648","0","0","0","0","0","0","0","0"
"0.0634667","0.125011","0.0586088","3.47785e-05","0.051614","0.101507","0.111149","1.44553e-15","4.18742","2.16942","2.19068","2.59829","0","0","0","0","0","0","0","0"
"0.0667667","0.125011","0.0780663","3.75723e-05","0.0725449","0.117058","0.110255","1.82716e-15","2.94999","2.54727","2.27374","10.4291","0","0","0","0","0","0","0","0"
"0.0701333","0.125011","0.0780663","4.0145e-05","0.0594227","0.138686","0.116789","1.57407e-15","2.42097","2.84881","1.93516","4.08714","0","0","0","0","0","0","0","0"
"0.0735167","0.125011","0.0780663","4.33699e-05","0.0617613","0.105068","0.0976813","1.75041e-15","2.92093","2.73699","2.54401","9.10043","0","0","0","0","0","0","0","0"
"0.0769","0.125011","0.0780663","4.63395e-05","0.0777266","0.136941","0.126119","1.8188e-15","2.75071","2.13825","2.36204","5.75869","0","0","0","0","0","0","0","0"
"0.0804","0.125011","0.0780663","5.00619e-05","0.0700044","0.122795","0.10636","1.54836e-15","2.95704","2.3641","2.65362","4.87785","0","0","0","0","0","0","0","0"
"0.0836833","0.125011","0.0799995","5.34898e-05","0.064897","0.127242","0.106964","1.84039e-15","2.56419","2.55764","2.02903","7.92568","0","0","0","0","0","0","0","0"
"0.0870667","0.125011","0.0799995","5.77866e-05","0.0592122","0.0910777","0.106609","1.71154e-15","3.33134","3.7906","2.61929","5.85661","0","0","0","0","0","0","0","0"
"0.09045","0.125011","0.0799995","6.17434e-05","0.0602348","0.118653","0.126094","1.54355e-15","2.67802","2.29515","2.21687","6.55094","0","0","0","0","0","0","0","0"
"0.09385","0.125011","0.0799995","6.67033e-05","0.076882","0.130833","0.111744","1.86702e-15","2.38366","2.45072","2.3098","9.0504","0","0","0","0","0","0","0","0"
"0.0973167","0.125011","0.0799995","7.12706e-05","0.0579547","0.103574","0.115495","1.9968e-15","2.72258","2.79503","2.38066","7.05654","0","0","0","0","0","0","0","0"
"0.102433","0.125011","0.0799975","7.95881e-05","0.0677035","0.119647","0.119723","1.68397e-15","2.86199","2.37019","2.29825","8.65201","0","0","0","0","0","0","0","0"
"0.105767","0.125011","0.0799975","8.59815e-05","0.0589407","0.143496","0.122932","1.90039e-15","2.46875","2.82198","2.405","8.15118","0","0","0","0","0","0","0","0"
"0.1092","0.125011","0.0799975","9.18688e-05","0.0804031","0.124977","0.11264","1.53595e-15","2.83071","2.23956","3.06932","4.3396","0","0","0","0","0","0","0","0"
"0.113133","0.125011","0.0799975","0.00010035","0.0771384","0.112105","0.0994514","1.55936e-15","2.45611","3.39761","3.04066","4.02199","0","0","0","0","0","0","0","0"
"0.116483","0.125011","0.0785233","0.000107221","0.0772105","0.145184","0.114431","1.77038e-15","2.60773","2.45854","2.81905","6.70958","0","0","0","0","0","0","0","0"
"0.119883","0.125011","0.0785233","0.000115835","0.0765412","0.122868","0.112514","1.42201e-15","3.11336","3.06837","2.7124","3.44558","0","0","0","0","0","0","0","0"
"0.123267","0.125011","0.0785233","0.000123766","0.0674935","0.12267","0.112955","1.898e-15","2.62397","3.24858","2.36541","5.58155","0","0","0","0","0","0","0","0"
"0.12665","0.125011","0.0785233","0.000133708","0.0727144","0.109225","0.112893","1.6103e-15","3.22654","2.55964","2.13538","5.57388","0","0","0","0","0","0","0","0"
"0.130133","0.125011","0.0785233","0.000142863","0.064873","0.107498","0.112097","1.48822e-15","3.07233","3.25374","2.81711","3.19769","0","0","0","0","0","0","0","0"
"0.133417","0.125011","0.0792743","0.00015434","0.0739046","0.108024","0.102098","1.90218e-15","3.2576","3.54891","2.57452","5.32874","0","0","0","0","0","0","0","0"
"0.1368","0.125011","0.0792743","0.000164908","0.0611909","0.112551","0.111583","1.46821e-15","2.67352","3.13914","2.48792","3.87303","0","0","0","0","0","0","0","0"
"0.140183","0.125011","0.0792743","0.000178155","0.0587281","0.101115","0.114182","1.89914e-15","3.19675","2.92078","2.30641","9.53842","0","0","0","0","0","0","0","0"
"0.143567","0.125011","0.0792743","0.000190353","0.084478","0.118568","0.113694","1.66948e-15","2.6661","3.23319","2.22771","6.39878","0","0","0","0","0","0","0","0"
"0.147067","0.125011","0.0792743","0.000205645","0.0722595","0.103058","0.108896","1.41541e-15","2.52748","2.92191","3.12222","2.95823","0","0","0","0","0","0","0","0"
"0.15035","0.125011","0.0806456","0.000219725","0.0667488","0.127336","0.116729","1.81963e-15","3.00403","2.32751","2.2742","8.21925","0","0","0","0","0","0","0","0"
"0.153733","0.125011","0.0806456","0.000237376","0.0813627","0.113858","0.110976","1.48851e-15","2.80812","2.75058","2.25653","5.68573","0","0","0","0","0","0","0","0"
"0.157117","0.125011","0.0806456","0.00025363","0.0872287","0.128441","0.105733","1.87891e-15","3.07283","2.93267","2.64022","5.83345","0","0","0","0","0","0","0","0"
"0.1605","0.125011","0.0806456","0.000274004","0.0648398","0.112864","0.110662","1.81296e-15","2.97219","2.76519","2.95761","7.50388","0","0","0","0","0","0","0","0"
"0.163983","0.125011","0.0806456","0.000292766","0.0773495","0.135248","0.114902","1.43355e-15","2.50511","2.71425","3.09792","2.58663","0","0","0","0","0","0","0","0"
"0.167267","0.125011","0.079993","0.000316284","0.062888","0.108806","0.114075","1.96247e-15","2.42241","2.26184","2.97913","7.44559","0","0","0","0","0","0","0","0"
"0.17065","0.125011","0.079993","0.00033794","0.0779402","0.123004","0.118688","1.61419e-15","2.774","2.46475","2.55196","5.14021","0","0","0","0","0","0","0","0"
"0.17405","0.125011","0.079993","0.000365087","0.0710287","0.101526","0.0995718","1.67518e-15","3.03796","3.19898","2.26274","9.3207","0","0","0","0","0","0","0","0"
"0.177417","0.125011","0.079993","0.000390085","0.0812456","0.113921","0.114602","1.89032e-15","2.42095","2.41573","2.23727","6.73187","0","0","0","0","0","0","0","0"
"0.180917","0.125011","0.079993","0.000421421","0.0639531","0.1454","0.103698","1.58448e-15","2.73499","2.47601","2.46014","3.94085","0","0","0","0","0","0","0","0"
"0.185767","0.125011","0.081204","0.000465437","0.0671103","0.150717","0.107771","1.88707e-15","2.92855","2.43318","2.82957","6.94527","0","0","0","0","0","0","0","0"
"0.18915","0.125011","0.081204","0.000502826","0.0566268","0.133396","0.113385","1.68123e-15","2.72362","2.7079","3.07545","4.29937","0","0","0","0","0","0","0","0"
"0.192533","0.125011","0.081204","0.000537255","0.0590339","0.121182","0.117752","1.48198e-15","3.26617","2.41609","2.09086","3.11377","0","0","0","0","0","0","0","0"
"0.196483","0.125011","0.081204","0.000586855","0.0798025","0.119806","0.121535","1.69697e-15","2.94931","2.4472","2.32009","4.5874","0","0","0","0","0","0","0","0"
"0.199817","0.125011","0.0819923","0.000627038","0.0808856","0.133187","0.110592","1.49759e-15","2.93194","2.48736","2.59692","3.85242","0","0","0","0","0","0","0","0"
"0.203217","0.125011","0.0819923","0.000677409","0.0766894","0.136948","0.112715","1.82283e-15","3.29941","2.909","2.69538","9.75226","0","0","0","0","0","0","0","0"
"0.2066","0.125011","0.0819923","0.000723792","0.0698351","0.119804","0.118123","1.66355e-15","2.78703","3.54487","2.30189","5.11287","0","0","0","0","0","0","0","0"
"0.209983","0.125011","0.0819923","0.000781935","0.0874398","0.135278","0.116739","1.56078e-15","3.19603","2.90982","2.47515","5.11064","0","0","0","0","0","0","0","0"
"0.21345","0.125011","0.0819923","0.000835475","0.0753648","0.117165","0.114762","1.52646e-15","2.36592","2.42303","2.40674","5.05345","0","0","0","0","0","0","0","0"
"0.21675","0.125011","0.0845196","0.000902589","0.0871842","0.147527","0.113648","1.71449e-15","2.60841","2.55866","2.34301","6.3954","0","0","0","0","0","0","0","0"
"0.220133","0.125011","0.0845196","0.000964391","0.0763194","0.14506","0.118772","1.59984e-15","2.63153","2.24607","2.55338","9.30728","0","0","0","0","0","0","0","0"
"0.223517","0.125011","0.0845196","0.00104186","0.103694","0.119401","0.118487","1.87895e-15","2.85364","3.09496","2.38461","7.73622","0","0","0","0","0","0","0","0"
"0.2269","0.125011","0.0845196","0.0011132","0.0759881","0.119128","0.11683","1.57465e-15","2.82908","2.94711","2.60291","4.19083","0","0","0","0","0","0","0","0"
"0.230383","0.125011","0.0845196","0.00120262","0.0811852","0.117388","0.110698","1.4383e-15","2.97489","2.64234","2.21851","4.42042","0","0","0","0","0","0","0","0"
"0.233667","0.125011","0.0877303","0.00128497","0.0901383","0.128584","0.119545","1.89294e-15","2.82366","2.33127","2.21602","8.17096","0","0","0","0","0","0","0","0"
"0.23705","0.125011","0.0877303","0.00138819","0.103081","0.148962","0.120223","1.47416e-15","3.34803","2.34773","2.10509","3.97062","0","0","0","0","0","0","0","0"
"0.24045","0.125011","0.0877303","0.00148324","0.0865451","0.149582","0.115474","1.82283e-15","2.61489","3.75562","2.81419","7.38599","0","0","0","0","0","0","0","0"
"0.243833","0.125011","0.0877303","0.00160239","0.0900144","0.132903","0.131508","1.88712e-15","2.9991","3.16148","2.85794","7.82403","0","0","0","0","0","0","0","0"
"0.247317","0.125011","0.0877303","0.00171211","0.10035","0.128055","0.134474","1.43887e-15","2.92876","2.70634","2.33826","3.71586","0","0","0","0","0","0","0","0"
"0.250567","0.125011","0.0917686","0.00184965","0.0717522","0.121562","0.115478","2.02483e-15","2.91817","3.44764","2.63724","6.59231","0","0","0","0","0","0","0","0"
"0.253917","0.125011","0.0917686","0.0019763","0.088668","0.124813","0.102277","1.72244e-15","3.63183","3.18671","2.53686","5.44122","0","0","0","0","0","0","0","0"
"0.257317","0.125011","0.0917686","0.00213505","0.0955499","0.148382","0.132494","1.8198e-15","2.72717","2.5576","2.52597","9.04425","0","0","0","0","0","0","0","0"
"0.260683","0.125011","0.0917686","0.00228124","0.109647","0.145619","0.141652","1.94811e-15","3.45201","3.17251","2.77531","7.35926","0","0","0","0","0","0","0","0"
"0.264233","0.125011","0.0917686","0.0024645","0.0795295","0.134563","0.116857","1.56069e-15","2.57595","2.5034","2.53081","5.39009","0","0","0","0","0","0","0","0"
"0.269083","0.125011","0.0969135","0.0027219","0.0927782","0.146929","0.125246","1.8486e-15","2.84868","2.63492","2.80351","8.79768","0","0","0","0","0","0","0","0"
"0.272467","0.125011","0.0969135","0.00294056","0.0950229","0.158878","0.139933","1.57257e-15","3.15709","2.71059","2.92138","4.82501","0","0","0","0","0","0","0","0"
"0.27585","0.125011","0.0969135","0.0031419","0.108389","0.157399","0.14064","1.91478e-15","2.59093","2.54628","3.21576","8.04127","0","0","0","0","0","0","0","0"
"0.279783","0.125011","0.0969135","0.00341986","0.112879","0.145513","0.120683","1.45337e-15","2.54147","2.75716","3.41675","2.63677","0","0","0","0","0","0","0","0"
"0.283133","0.125011","0.102701","0.00360836","0.111396","0.161989","0.153443","1.81149e-15","2.37806","3.01834","2.64417","9.44109","0","0","0","0","0","0","0","0"
"0.286533","0.125011","0.102701","0.00382827","0.0931436","0.148696","0.123705","1.77637e-15","2.56221","2.57607","2.67336","7.35427","0","0","0","0","0","0","0","0"
"0.290033","0.125011","0.102701","0.00401676","0.116153","0.164724","0.147168","1.46086e-15","3.00559","3.30266","2.34305","2.46986","0","0","0","0","0","0","0","0"
"0.2933","0.125011","0.102701","0.00423667","0.116131","0.167375","0.133034","1.8275e-15","2.95684","3.15112","2.67856","11.1697","0","0","0","0","0","0","0","0"
"0.2968","0.125011","0.102701","0.00440218","0.133062","0.146615","0.155181","1.5796e-15","2.33011","2.3323","2.18499","4.37831","0","0","0","0","0","0","0","0"
"0.300333","0.125011","0.111506","0.00454167","0.115541","0.158306","0.155603","1.6701e-15","3.25035","2.58773","2.48308","4.38421","0","0","0","0","0","0","0","0"
"0.303717","0.125011","0.111506","0.00468116","0.124292","0.198263","0.168921","1.93524e-15","2.39129","2.70456","3.46616","7.48307","0","0","0","0","0","0","0","0"
"0.3071","0.125011","0.111506","0.00480073","0.134862","0.156949","0.149263","1.53484e-15","2.75513","2.92506","2.50075","3.89427","0","0","0","0","0","0","0","0"
"0.310467","0.125011","0.111506","0.00494022","0.122482","0.148587","0.143735","1.83773e-15","2.97891","2.55325","2.84693","10.2062","0","0","0","0","0","0","0","0"
"0.313917","0.125011","0.111506","0.00503967","0.138753","0.213173","0.188584","1.70073e-15","2.32968","2.39795","2.94488","5.11274","0","0","0","0","0","0","0","0"
"0.317267","0.125011","0.121918","0.00505334","0.131757","0.197206","0.176711","1.69706e-15","2.707","2.57294","2.90379","5.42714","0","0","0","0","0","0","0","0"
"0.320633","0.125011","0.121918","0.00506903","0.132982","0.193286","0.180661","1.6921e-15","2.74442","2.60145","3.03076","6.52507","0","0","0","0","0","0","0","0"
"0.323983","0.125011","0.121918","0.00509706","0.127014","0.178903","0.175566","1.79463e-15","2.96205","2.93925","2.85141","7.5804","0","0","0","0","0","0","0","0"
"0.32755","0.125011","0.121918","0.00514802","0.134007","0.18319","0.182314","1.71083e-15","2.83101","2.91809","2.65496","7.0004","0","0","0","0","0","0","0","0"
"0.330983","0.125011","0.121918","0.0052498","0.134039","0.179887","0.173184","1.70122e-15","2.86089","2.86977","2.77031","7.23983","0","0","0","0","0","0","0","0"
"0.334417","0.125011","0.129439","0.00526462","0.133688","0.180117","0.176706","1.73478e-15","2.92561","2.86334","2.9947","7.10343","0","0","0","0","0","0","0","0"
"0.337783","0.125011","0.129439","0.00528186","0.131658","0.174662","0.181585","1.69243e-15","2.92071","3.00769","2.93454","6.60393","0","0","0","0","0","0","0","0"
"0.3412","0.125011","0.129439","0.00531365","0.137943","0.180366","0.18615","1.74513e-15","2.94974","2.925","2.87164","7.41086","0","0","0","0","0","0","0","0"
"0.344583","0.125011","0.129439","0.00537869","0.132878","0.177836","0.189178","1.77121e-15","3.05878","2.88062","3.04016","7.34149","0","0","0","0","0","0","0","0"
"0.348067","0.125011","0.129439","0.00546876","0.131985","0.177258","0.186302","1.70533e-15","3.00689","2.76811","2.98725","6.86824","0","0","0","0","0","0","0","0"
"0.3524","0.125011","0.133803","0.00548759","0.130014","0.173819","0.180794","1.76507e-15","2.93713","2.7812","2.90388","7.62414","0","0","0","0","0","0","0","0"
"0.355783","0.125011","0.133803","0.00551203","0.134346","0.176636","0.187856","1.7595e-15","2.96847","2.84314","2.7429","7.22106","0","0","0","0","0","0","0","0"
"0.359167","0.125011","0.133803","0.00554813","0.133147","0.176654","0.19119","1.73443e-15","3.02113","2.87819","2.99467","7.13089","0","0","0","0","0","0","0","0"
"0.363167","0.125011","0.133803","0.00568893","0.13377","0.177823","0.189729","1.74156e-15","3.13907","2.83726","2.96492","7.11746","0","0","0","0","0","0","0","0"
"0.3666","0.125011","0.136598","0.0057014","0.13243","0.176298","0.189167","1.75234e-15","3.11162","2.9374","3.0112","7.04127","0","0","0","0","0","0","0","0"
"0.36985","0.125011","0.136598","0.00572061","0.129199","0.172781","0.191398","1.72534e-15","3.12526","2.94373","2.97677","6.79128","0","0","0","0","0","0","0","0"
"0.373233","0.125011","0.136598","0.00574466","0.128531","0.171235","0.189677","1.73342e-15","3.09278","2.91603","2.93722","6.86998","0","0","0","0","0","0","0","0"
"0.376617","0.125011","0.136598","0.00579867","0.126165","0.169716","0.18809","1.76436e-15","3.07444","2.87475","3.07415","7.29557","0","0","0","0","0","0","0","0"
"0.3801","0.125011","0.136598","0.00592409","0.123143","0.169665","0.184698","1.76214e-15","3.12385","2.80742","2.98744","7.10652","0","0","0","0","0","0","0","0"
"0.383383","0.125011","0.138076","0.00593955","0.12429","0.171711","0.186946","1.72506e-15","3.08597","2.82581","3.07102","6.80578","0","0","0","0","0","0","0","0"
"0.386767","0.125011","0.138076","0.00595707","0.123766","0.17076","0.185047","1.73078e-15","3.06328","2.79403","3.03097","6.91022","0","0","0","0","0","0","0","0"
"0.39015","0.125011","0.138076","0.00598756","0.125592","0.174248","0.187092","1.7612e-15","3.00734","2.86341","3.08855","7.12109","0","0","0","0","0","0","0","0"
"0.39355","0.125011","0.138076","0.00603837","0.125271","0.175875","0.193624","1.74639e-15","2.96267","2.84743","3.11557","7.06052","0","0","0","0","0","0","0","0"
"0.397033","0.125011","0.138076","0.00617102","0.125175","0.175398","0.20122","1.70693e-15","2.94293","2.80779","3.26467","6.91407","0","0","0","0","0","0","0","0"
"0.400317","0.125011","0.138272","0.00618507","0.127998","0.175643","0.201545","1.73734e-15","2.99473","2.86162","3.23921","7.35326","0","0","0","0","0","0","0","0"
"0.4037","0.125011","0.138272","0.00620697","0.128278","0.175955","0.201972","1.76075e-15","3.03044","2.88509","3.0929","7.50396","0","0","0","0","0","0","0","0"
"0.407083","0.125011","0.138272","0.00623506","0.128726","0.175425","0.199805","1.74265e-15","3.00195","2.84431","3.09758","7.25964","0","0","0","0","0","0","0","0"
"0.410467","0.125011","0.138272","0.00630369","0.128832","0.175475","0.203392","1.73827e-15","2.92662","2.90766","3.26859","7.21921","0","0","0","0","0","0","0","0"
"0.4139","0.125011","0.138272","0.00642611","0.12919","0.175556","0.209001","1.75138e-15","2.90873","2.9165","3.42273","7.24309","0","0","0","0","0","0","0","0"
"0.417467","0.125011","0.137918","0.00644353","0.126716","0.17483","0.206958","1.75355e-15","2.95234","2.93018","3.34082","7.15341","0","0","0","0","0","0","0","0"
"0.420867","0.125011","0.137918","0.00646758","0.125766","0.173484","0.210761","1.7332e-15","2.93109","2.88134","3.22073","7.09352","0","0","0","0","0","0","0","0"
"0.424233","0.125011","0.137918","0.00649929","0.124083","0.17082","0.215278","1.7415e-15","2.93696","2.90959","3.10533","7.32067","0","0","0","0","0","0","0","0"
"0.427617","0.125011","0.137918","0.00658614","0.122429","0.169538","0.210811","1.76181e-15","2.96917","2.899","3.12876","7.37895","0","0","0","0","0","0","0","0"
"0.431117","0.125011","0.137918","0.00669405","0.121769","0.168875","0.210124","1.73555e-15","3.07072","2.90295","3.12664","7.11516","0","0","0","0","0","0","0","0"
"0.4357","0.125011","0.138452","0.00671949","0.121421","0.168414","0.214752","1.74565e-15","3.0049","2.88879","2.95144","7.28255","0","0","0","0","0","0","0","0"
"0.439083","0.125011","0.138452","0.00674941","0.119354","0.16581","0.213009","1.76839e-15","2.98521","2.90034","2.92923","7.39313","0","0","0","0","0","0","0","0"
"0.442467","0.125011","0.138452","0.00679362","0.119568","0.166629","0.211301","1.75253e-15","3.00621","2.87067","2.92328","7.11751","0","0","0","0","0","0","0","0"
"0.44645","0.125011","0.138452","0.00696378","0.117939","0.164629","0.20653","1.74434e-15","3.02486","2.86515","2.97776","6.96551","0","0","0","0","0","0","0","0"
"0.449767","0.125011","0.138178","0.0069813","0.118879","0.164753","0.226469","1.76171e-15","3.01335","2.9035","3.22788","7.06416","0","0","0","0","0","0","0","0"
"0.45315","0.125011","0.138178","0.00700482","0.11923","0.165343","0.238765","1.75928e-15","2.97094","2.90285","3.14919","7.13005","0","0","0","0","0","0","0","0"
"0.456533","0.125011","0.138178","0.00703427","0.11898","0.166167","0.246005","1.73072e-15","2.97444","2.87897","2.9979","7.06914","0","0","0","0","0","0","0","0"
"0.46005","0.125011","0.138178","0.00710041","0.119484","0.165365","0.246793","1.74946e-15","2.91017","2.87123","2.91735","7.30888","0","0","0","0","0","0","0","0"
"0.4634","0.125011","0.138178","0.00725397","0.118881","0.164409","0.248186","1.7581e-15","2.95244","2.93323","2.96764","7.30692","0","0","0","0","0","0","0","0"
"0.4667","0.125011","0.136781","0.00727291","0.117689","0.162448","0.240834","1.73425e-15","2.91219","2.9042","3.02411","7.04348","0","0","0","0","0","0","0","0"
"0.470067","0.125011","0.136781","0.00729437","0.117466","0.163644","0.245152","1.73242e-15","2.89819","2.95104","2.98604","7.14007","0","0","0","0","0","0","0","0"
"0.47345","0.125011","0.136781","0.00733169","0.119349","0.167434","0.242994","1.75696e-15","3.03091","2.96629","2.94649","7.22477","0","0","0","0","0","0","0","0"
"0.47685","0.125011","0.136781","0.00739391","0.120407","0.16748","0.239471","1.75677e-15","3.04278","2.99767","2.92449","7.00149","0","0","0","0","0","0","0","0"
"0.480333","0.125011","0.136781","0.00755634","0.12106","0.167794","0.233899","1.72903e-15","3.08425","3.01268","2.9712","6.74733","0","0","0","0","0","0","0","0"
"0.483617","0.125011","0.135697","0.00757354","0.12106","0.166789","0.227683","1.74802e-15","3.11317","2.96378","3.03414","6.78146","0","0","0","0","0","0","0","0"
"0.487","0.125011","0.135697","0.00760036","0.122621","0.168993","0.229791","1.76701e-15","3.10165","3.01158","2.92992","6.83066","0","0","0","0","0","0","0","0"
"0.490383","0.125011","0.135697","0.00763476","0.120751","0.168068","0.230081","1.74983e-15","3.13546","3.04241","2.96154","6.6368","0","0","0","0","0","0","0","0"
"0.493917","0.125011","0.135697","0.00771879","0.123743","0.170451","0.243885","1.74292e-15","3.14721","3.02487","2.92099","6.84548","0","0","0","0","0","0","0","0"
"0.497267","0.125011","0.135697","0.00786869","0.122103","0.167869","0.242164","1.74432e-15","3.14196","3.016","2.885","6.83602","0","0","0","0","0","0","0","0"
"0.500533","0.125011","0.135125","0.00789003","0.122626","0.168094","0.247111","1.75173e-15","3.22612","2.9943","2.76312","6.91643","0","0","0","0","0","0","0","0"
"0.503917","0.125011","0.135125","0.00791453","0.123932","0.168663","0.257919","1.74027e-15","3.20008","2.92701","2.8614","6.69285","0","0","0","0","0","0","0","0"
"0.507317","0.125011","0.135125","0.0079583","0.126355","0.170632","0.255532","1.75689e-15","3.24727","2.96947","2.83326","6.8688","0","0","0","0","0","0","0","0"
"0.5107","0.125011","0.135125","0.00803786","0.12668","0.172554","0.267964","1.77973e-15","3.20387","2.96817","2.78541","7.01667","0","0","0","0","0","0","0","0"
"0.514183","0.125011","0.135125","0.00819678","0.127847","0.171383","0.27229","1.75919e-15","3.18906","3.00013","2.73076","6.81516","0","0","0","0","0","0","0","0"
"0.519033","0.125011","0.135351","0.00822794","0.128339","0.17182","0.275571","1.76348e-15","3.13613","2.93757","2.86275","6.93898","0","0","0","0","0","0","0","0"
"0.522417","0.125011","0.135351","0.00826458","0.129298","0.17288","0.302826","1.78687e-15","3.23541","2.92993","2.82543","7.08846","0","0","0","0","0","0","0","0"
"0.5258","0.125011","0.135351","0.00831871","0.13016","0.175398","0.317553","1.77479e-15","3.21312","2.86607","2.81","6.96046","0","0","0","0","0","0","0","0"
"0.529767","0.125011","0.135351","0.00852707","0.131306","0.17625","0.311655","1.74914e-15","3.23429","2.87606","2.85781","6.79601","0","0","0","0","0","0","0","0"
"0.5331","0.125011","0.135677","0.00854852","0.132153","0.175987","0.302015","1.75615e-15","3.20985","2.83604","2.90613","6.92272","0","0","0","0","0","0","0","0"
"0.536483","0.125011","0.135677","0.00857732","0.132489","0.17501","0.32402","1.75778e-15","3.1477","2.86869","2.98057","6.99449","0","0","0","0","0","0","0","0"
"0.539867","0.125011","0.135677","0.00861338","0.132846","0.173966","0.317073","1.73441e-15","3.13761","2.85215","2.98314","6.79951","0","0","0","0","0","0","0","0"
"0.54325","0.125011","0.135677","0.00869437","0.132014","0.173329","0.329084","1.74856e-15","3.14198","2.8841","2.9445","7.04144","0","0","0","0","0","0","0","0"
"0.546733","0.125011","0.135677","0.00879257","0.135596","0.175654","0.355184","1.766e-15","3.20293","2.95681","3.40996","6.99678","0","0","0","0","0","0","0","0"
"0.550017","0.125011","0.136564","0.00879682","0.135635","0.177199","0.3491","1.75776e-15","3.23529","2.9098","3.406","6.89842","0","0","0","0","0","0","0","0"
"0.5534","0.125011","0.136564","0.00880047","0.136","0.176962","0.349104","1.7352e-15","3.25137","2.90365","3.32101","6.77005","0","0","0","0","0","0","0","0"
"0.556783","0.125011","0.136564","0.00880472","0.134622","0.17524","0.344573","1.75514e-15","3.1887","2.88297","3.23617","6.82455","0","0","0","0","0","0","0","0"
"0.560167","0.125011","0.136564","0.00880836","0.135451","0.175949","0.351488","1.77805e-15","3.13349","2.98453","3.03383","6.93917","0","0","0","0","0","0","0","0"
"0.563667","0.125011","0.136564","0.00880756","0.133546","0.175989","0.361464","1.7552e-15","3.1358","2.93398","2.86339","6.72542","0","0","0","0","0","0","0","0"
"0.56695","0.125011","0.137774","0.00880111","0.133458","0.176476","0.365942","1.73562e-15","3.19628","2.91738","2.7722","6.7295","0","0","0","0","0","0","0","0"
"0.570333","0.125011","0.137774","0.00879359","0.131826","0.173827","0.361506","1.7538e-15","3.16359","2.92731","2.74728","7.13617","0","0","0","0","0","0","0","0"
"0.573717","0.125011","0.137774","0.00878715","0.132268","0.175616","0.378134","1.7478e-15","3.09079","2.89072","2.64871","6.88561","0","0","0","0","0","0","0","0"
"0.5771","0.125011","0.137774","0.00877963","0.131545","0.174197","0.358385","1.74291e-15","3.13622","2.89407","2.8451","6.80858","0","0","0","0","0","0","0","0"
"0.58055","0.125011","0.137774","0.00877172","0.129887","0.173287","0.342825","1.73374e-15","3.12287","2.88119","3.00619","6.85284","0","0","0","0","0","0","0","0"
"0.58575","0.125011","0.139029","0.00875611","0.129937","0.172449","0.329099","1.73701e-15","3.01924","2.85389","3.05761","6.7155","0","0","0","0","0","0","0","0"
"0.58915","0.125011","0.139029","0.00874518","0.130339","0.173146","0.325167","1.70602e-15","3.00131","2.87097","3.01231","6.5647","0","0","0","0","0","0","0","0"
"0.592533","0.125011","0.139029","0.00873582","0.131408","0.172907","0.316774","1.71335e-15","2.94741","2.85543","3.05935","6.81258","0","0","0","0","0","0","0","0"
"0.59645","0.125011","0.139029","0.00872484","0.132073","0.17162","0.305377","1.73307e-15","2.86268","2.8815","3.12277","6.88459","0","0","0","0","0","0","0","0"
"0.602267","0.125011","0.139707","0.00871597","0.133119","0.174849","0.311533","1.7313e-15","2.83979","2.83096","3.09681","6.96837","0","0","0","0","0","0","0","0"
"0.605617","0.125011","0.139707","0.00871114","0.133632","0.174332","0.324196","1.71204e-15","2.86274","2.78025","2.97322","6.84408","0","0","0","0","0","0","0","0"
"0.609017","0.125011","0.139707","0.0087055","0.13323","0.176216","0.324937","1.72847e-15","2.89","2.75302","2.89631","7.15251","0","0","0","0","0","0","0","0"
"0.613117","0.125011","0.139707","0.00869911","0.132089","0.174085","0.330264","1.74964e-15","2.92501","2.75375","2.86325","7.11207","0","0","0","0","0","0","0","0"
"0.616317","0.125011","0.139857","0.00869444","0.130764","0.173508","0.334792","1.73531e-15","2.92296","2.77253","2.90809","6.94794","0","0","0","0","0","0","0","0"
"0.619667","0.125011","0.139857","0.00868977","0.130828","0.174862","0.331414","1.72858e-15","2.97121","2.80955","2.93878","6.93441","0","0","0","0","0","0","0","0"
"0.623033","0.125011","0.139857","0.00868432","0.130941","0.175168","0.323525","1.74281e-15","2.95906","2.79763","2.98815","7.03073","0","0","0","0","0","0","0","0"
"0.626383","0.125011","0.139857","0.00867965","0.131864","0.174632","0.325984","1.75451e-15","2.96263","2.7878","2.90802","7.16623","0","0","0","0","0","0","0","0"
"0.629867","0.125011","0.139857","0.0086757","0.130508","0.173541","0.324132","1.74229e-15","2.96729","2.80613","2.83772","7.00741","0","0","0","0","0","0","0","0"
"0.633133","0.125011","0.140378","0.00867551","0.130549","0.172831","0.314207","1.73712e-15","3.00412","2.81886","2.9505","6.9127","0","0","0","0","0","0","0","0"
"0.636517","0.125011","0.140378","0.00867529","0.130738","0.174141","0.313944","1.74698e-15","3.03214","2.94643","2.88793","7.04183","0","0","0","0","0","0","0","0"
"0.6399","0.125011","0.140378","0.0086751","0.131214","0.175222","0.315268","1.75612e-15","2.98373","2.93343","2.89566","7.06576","0","0","0","0","0","0","0","0"
"0.643283","0.125011","0.140378","0.00867487","0.131638","0.176864","0.31374","1.74171e-15","3.00112","2.9162","2.98443","6.86804","0","0","0","0","0","0","0","0"
"0.64685","0.125011","0.140378","0.00867371","0.131108","0.177547","0.328652","1.73067e-15","3.00455","2.91702","2.89259","6.76765","0","0","0","0","0","0","0","0"
"0.650067","0.125011","0.140588","0.00867009","0.133485","0.178417","0.34237","1.73798e-15","3.1064","2.92593","2.86605","6.92652","0","0","0","0","0","0","0","0"
"0.653433","0.125011","0.140588","0.00866698","0.134319","0.178702","0.356529","1.74378e-15","3.09998","2.90498","2.84973","6.96458","0","0","0","0","0","0","0","0"
"0.656833","0.125011","0.140588","0.00866335","0.134472","0.17924","0.35187","1.73205e-15","3.09032","2.91274","2.83674","6.76896","0","0","0","0","0","0","0","0"
"0.660167","0.125011","0.140588","0.00866024","0.135519","0.179627","0.349651","1.72685e-15","3.06667","2.87774","2.85675","6.69205","0","0","0","0","0","0","0","0"
"0.6637","0.125011","0.140588","0.00865691","0.135204","0.179902","0.353615","1.72693e-15","3.09374","2.88253","2.76166","6.79993","0","0","0","0","0","0","0","0"
"0.66895","0.250022","0.140778","0.0102999","0.13508","0.180313","0.345329","1.73196e-15","3.10422","2.90155","2.81828","6.77141","0","0","0","0","0","0","0","0"
"0.6725","0.250022","0.140778","0.0128095","0.135651","0.179917","0.337955","1.71599e-15","3.08666","2.92883","2.88259","6.65525","0","0","0","0","0","0","0","0"
"0.675883","0.250022","0.140778","0.0150495","0.139093","0.183088","0.340419","1.72113e-15","3.24522","2.93487","2.88982","6.83069","0","0","0","0","0","0","0","0"
"0.6798","0.250022","0.140778","0.0172883","0.15197","0.195707","0.355928","1.73028e-15","4.26276","3.67781","3.02245","6.99377","0","0","0","0","0","0","0","0"
"0.685617","0.250022","0.143196","0.0172819","0.1924","0.228066","0.410845","1.68321e-15","3.83375","3.41013","2.96172","6.48247","0","0","0","0","0","0","0","0"
"0.689183","0.250022","0.143196","0.0172778","0.208482","0.238934","0.553389","1.69758e-15","3.24879","3.21091","3.00478","6.78171","0","0","0","0","0","0","0","0"
"0.692567","0.250022","0.143196","0.0172743","0.214531","0.249559","0.527762","1.74854e-15","3.27524","3.1804","2.98494","7.09449","0","0","0","0","0","0","0","0"
"0.696467","0.250022","0.143196","0.0172665","0.216222","0.253733","0.509748","1.7412e-15","3.22128","3.02616","3.04281","6.81293","0","0","0","0","0","0","0","0"
"0.69985","0.250022","0.15044","0.0172535","0.221222","0.258223","0.515471","1.68975e-15","2.95998","2.95837","2.80459","6.71036","0","0","0","0","0","0","0","0"
"0.703233","0.250022","0.15044","0.0172383","0.234305","0.275352","0.589809","1.72391e-15","3.07764","3.03527","3.51287","7.14461","0","0","0","0","0","0","0","0"
"0.706567","0.250022","0.15044","0.0172253","0.251999","0.288706","0.601412","1.78031e-15","2.98393","2.97547","3.20868","7.50329","0","0","0","0","0","0","0","0"
"0.710083","0.250022","0.15044","0.0172102","0.250465","0.287581","0.608085","1.72816e-15","2.94145","2.89407","2.96467","6.93523","0","0","0","0","0","0","0","0"
"0.713583","0.250022","0.15044","0.0171916","0.245195","0.285621","0.638834","1.72669e-15","2.89269","2.75969","2.82139","6.74692","0","0","0","0","0","0","0","0"
"0.7168","0.250022","0.176004","0.0171571","0.24417","0.285343","0.695132","1.73748e-15","2.84613","2.72845","2.77098","7.03269","0","0","0","0","0","0","0","0"
"0.720417","0.250022","0.176004","0.0171227","0.248401","0.288959","0.655884","1.69951e-15","2.86708","2.73835","2.85768","6.5566","0","0","0","0","0","0","0","0"
"0.7238","0.250022","0.176004","0.0170931","0.244737","0.287841","0.632208","1.70979e-15","2.97852","2.82195","2.87859","6.98115","0","0","0","0","0","0","0","0"
"0.727183","0.250022","0.176004","0.0170586","0.245344","0.28531","0.665967","1.77557e-15","2.88188","2.77547","2.64809","7.57882","0","0","0","0","0","0","0","0"
"0.730667","0.250022","0.176004","0.017019","0.247513","0.284019","0.656793","1.76871e-15","2.86557","2.76757","2.78473","7.11715","0","0","0","0","0","0","0","0"
"0.734683","0.250022","0.20415","0.0169526","0.246282","0.28145","0.666669","1.71138e-15","2.91843","2.88377","2.65793","6.76237","0","0","0","0","0","0","0","0"
"0.73805","0.250022","0.20415","0.0168945","0.246454","0.280904","0.637691","1.74638e-15","2.86129","2.87097","2.64504","7.25584","0","0","0","0","0","0","0","0"
"0.741433","0.250022","0.20415","0.0168448","0.240034","0.275272","0.680943","1.77891e-15","2.91583","2.88903","2.54779","7.37602","0","0","0","0","0","0","0","0"
"0.744817","0.250022","0.20415","0.0167867","0.239143","0.279189","0.631685","1.72013e-15","2.8502","2.90515","2.6808","6.81139","0","0","0","0","0","0","0","0"
"0.7483","0.250022","0.20415","0.0167408","0.244193","0.280818","0.597536","1.68992e-15","2.98959","3.02076","2.84203","6.5314","0","0","0","0","0","0","0","0"
"0.751583","0.250022","0.220265","0.0166881","0.244642","0.286103","0.639071","1.72601e-15","3.13321","2.99197","2.78804","6.74006","0","0","0","0","0","0","0","0"
"0.754967","0.250022","0.220265","0.0166429","0.246603","0.288571","0.666311","1.72459e-15","3.05137","3.01075","2.97101","6.70331","0","0","0","0","0","0","0","0"
"0.758367","0.250022","0.220265","0.0165902","0.246587","0.290285","0.669587","1.71354e-15","3.05084","3.0127","2.8252","7.00833","0","0","0","0","0","0","0","0"
"0.761733","0.250022","0.220265","0.016545","0.241203","0.282636","0.668013","1.74983e-15","3.22511","3.10823","2.96357","7.30755","0","0","0","0","0","0","0","0"
"0.765233","0.250022","0.220265","0.0165205","0.239327","0.281954","0.669744","1.72853e-15","3.20006","3.02068","2.8929","6.91112","0","0","0","0","0","0","0","0"
"0.769033","0.250022","0.227919","0.0165007","0.234467","0.277428","0.629369","1.71811e-15","3.14763","3.04671","3.11293","6.70437","0","0","0","0","0","0","0","0"
"0.772383","0.250022","0.227919","0.0164809","0.237844","0.279273","0.657687","1.76041e-15","3.28507","3.09974","2.88829","7.08997","0","0","0","0","0","0","0","0"
"0.775917","0.250022","0.227919","0.0164639","0.243199","0.279911","0.783593","1.74957e-15","3.29135","3.05156","3.47941","6.99044","0","0","0","0","0","0","0","0"
"0.7798","0.250022","0.227919","0.016446","0.238164","0.277041","0.758019","1.7222e-15","3.24439","2.96609","3.44082","6.6531","0","0","0","0","0","0","0","0"
"0.783083","0.250022","0.232775","0.0164431","0.237194","0.277381","0.752227","1.73622e-15","3.2994","3.01532","3.37258","6.85659","0","0","0","0","0","0","0","0"
"0.786333","0.250022","0.232775","0.0164402","0.239231","0.276831","0.732088","1.72709e-15","3.27651","3.06834","3.41509","6.61005","0","0","0","0","0","0","0","0"
"0.789733","0.250022","0.232775","0.0164368","0.237486","0.2743","0.707079","1.72227e-15","3.21829","3.05575","3.42958","6.74707","0","0","0","0","0","0","0","0"
"0.7931","0.250022","0.232775","0.0164338","0.238141","0.275088","0.682124","1.74111e-15","3.18925","3.08379","3.51075","7.10292","0","0","0","0","0","0","0","0"
"0.7966","0.250022","0.232775","0.0164313","0.236038","0.276577","0.745623","1.71485e-15","3.16705","3.05966","3.34823","6.84523","0","0","0","0","0","0","0","0"
"0.799883","0.250022","0.235547","0.016431","0.23402","0.276626","0.713304","1.72732e-15","3.13993","3.07938","3.52904","7.15","0","0","0","0","0","0","0","0"
"0.803267","0.250022","0.235547","0.0164305","0.232248","0.274124","0.693099","1.7476e-15","3.19393","3.07344","3.56693","7.22447","0","0","0","0","0","0","0","0"
"0.80665","0.250022","0.235547","0.0164302","0.228553","0.270885","0.668534","1.72585e-15","3.17077","3.07371","3.70177","7.11626","0","0","0","0","0","0","0","0"
"0.810033","0.250022","0.235547","0.0164298","0.22997","0.270889","0.660959","1.74473e-15","3.10451","3.05099","3.57862","7.36425","0","0","0","0","0","0","0","0"
"0.81355","0.250022","0.235547","0.0164261","0.231759","0.274939","0.647495","1.7431e-15","3.06519","2.98675","3.5792","7.31845","0","0","0","0","0","0","0","0"
"0.816817","0.250022","0.237258","0.0164139","0.229945","0.272954","0.633138","1.72139e-15","3.05452","2.95464","3.52328","7.16175","0","0","0","0","0","0","0","0"
"0.820183","0.250022","0.237258","0.0164034","0.231731","0.274852","0.625367","1.73983e-15","3.23537","2.98144","3.49351","7.35829","0","0","0","0","0","0","0","0"
"0.823567","0.250022","0.237258","0.0163912","0.236611","0.280182","0.642653","1.73485e-15","3.18999","2.99147","3.2397","7.14699","0","0","0","0","0","0","0","0"
"0.826967","0.250022","0.237258","0.0163808","0.23291","0.277652","0.634019","1.73263e-15","3.20171","2.9568","3.18083","7.12197","0","0","0","0","0","0","0","0"
"0.83045","0.250022","0.237258","0.016374","0.231798","0.276842","0.603076","1.7409e-15","3.30066","2.96817","3.3969","7.14177","0","0","0","0","0","0","0","0"
"0.833733","0.250022","0.237919","0.0163745","0.231013","0.276196","0.59385","1.7218e-15","3.32285","2.928","3.33756","6.93546","0","0","0","0","0","0","0","0"
"0.837117","0.250022","0.237919","0.016375","0.227201","0.272615","0.582342","1.72723e-15","3.36597","2.95702","3.32284","7.20499","0","0","0","0","0","0","0","0"
"0.8405","0.250022","0.237919","0.0163755","0.226774","0.273341","0.594624","1.74564e-15","3.29884","2.98144","3.23433","7.247","0","0","0","0","0","0","0","0"
"0.8439","0.250022","0.237919","0.016376","0.229491","0.274326","0.594896","1.73234e-15","3.21594","2.93418","3.0487","7.07101","0","0","0","0","0","0","0","0"
"0.8474","0.250022","0.237919","0.0163731","0.22911","0.271824","0.592538","1.71881e-15","3.12413","2.93567","2.97925","6.99723","0","0","0","0","0","0","0","0"
"0.852483","0.250022","0.2393","0.0163629","0.234664","0.278487","0.642868","1.72198e-15","3.19862","3.02008","3.0471","6.84699","0","0","0","0","0","0","0","0"
"0.855867","0.250022","0.2393","0.0163557","0.242397","0.284357","0.624627","1.71062e-15","3.20828","3.0337","3.07738","6.89759","0","0","0","0","0","0","0","0"
"0.859383","0.250022","0.2393","0.0163496","0.242454","0.283904","0.621825","1.73702e-15","3.14927","3.03181","3.03314","7.19712","0","0","0","0","0","0","0","0"
"0.863133","0.250022","0.2393","0.0163425","0.236127","0.276307","0.608176","1.71552e-15","3.16861","3.09002","2.98513","6.92504","0","0","0","0","0","0","0","0"
"0.866283","0.250022","0.240208","0.0163397","0.234694","0.276608","0.613135","1.71933e-15","3.14119","3.05663","2.87644","7.26398","0","0","0","0","0","0","0","0"
"0.869667","0.250022","0.240208","0.0163368","0.235278","0.277535","0.603183","1.73937e-15","3.10726","3.03018","2.84846","7.36091","0","0","0","0","0","0","0","0"
"0.873067","0.250022","0.240208","0.0163335","0.237446","0.278886","0.598874","1.72698e-15","3.07659","2.99669","2.78774","7.1004","0","0","0","0","0","0","0","0"
"0.876567","0.250022","0.240208","0.0163307","0.232894","0.275206","0.581729","1.73365e-15","3.07774","3.01322","2.86599","7.00241","0","0","0","0","0","0","0","0"
"0.879933","0.250022","0.240208","0.0163321","0.233582","0.276576","0.579938","1.74658e-15","3.0201","2.95364","3.00576","6.98217","0","0","0","0","0","0","0","0"
"0.884767","0.250022","0.242123","0.0163488","0.23406","0.274491","0.566768","1.71796e-15","3.01803","2.90037","2.9796","6.8133","0","0","0","0","0","0","0","0"
"0.888167","0.250022","0.242123","0.0163618","0.242585","0.282301","0.575393","1.73908e-15","3.10794","2.95608","2.81832","7.12862","0","0","0","0","0","0","0","0"
"0.891533","0.250022","0.242123","0.016373","0.244926","0.284634","0.608336","1.73533e-15","3.09625","2.92138","2.93514","7.00465","0","0","0","0","0","0","0","0"
"0.894933","0.250022","0.242123","0.016386","0.244516","0.28468","0.606859","1.72227e-15","3.09263","2.94854","2.85455","7.10031","0","0","0","0","0","0","0","0"
"0.898367","0.250022","0.242123","0.0164014","0.2451","0.286296","0.604643","1.72638e-15","3.05692","2.93288","3.0866","7.14088","0","0","0","0","0","0","0","0"
"0.902067","0.250022","0.243173","0.0164202","0.244974","0.28522","0.625097","1.73025e-15","3.00927","2.92465","3.00934","7.0791","0","0","0","0","0","0","0","0"
"0.90535","0.250022","0.243173","0.0164391","0.244461","0.283713","0.62326","1.72606e-15","3.02761","2.92979","2.98012","6.97997","0","0","0","0","0","0","0","0"
"0.908717","0.250022","0.243173","0.0164553","0.243557","0.28172","0.618148","1.7436e-15","3.02191","2.95101","2.93388","7.19071","0","0","0","0","0","0","0","0"
"0.913117","0.250022","0.243173","0.0164759","0.244791","0.284603","0.607672","1.72875e-15","3.0257","2.8769","2.96474","6.98386","0","0","0","0","0","0","0","0"
"0.916267","0.250022","0.244552","0.0164807","0.245578","0.285558","0.602835","1.72404e-15","3.00177","2.92486","2.92928","6.96231","0","0","0","0","0","0","0","0"
"0.91965","0.250022","0.244552","0.0164856","0.2477","0.289281","0.600257","1.74019e-15","3.02958","2.88195","2.87235","7.07569","0","0","0","0","0","0","0","0"
"0.92305","0.250022","0.244552","0.0164913","0.247065","0.287937","0.611665","1.73656e-15","3.04105","2.88186","2.92128","6.96482","0","0","0","0","0","0","0","0"
"0.926417","0.250022","0.244552","0.0164962","0.248597","0.288139","0.615589","1.71971e-15","3.00686","2.8874","2.86783","6.85925","0","0","0","0","0","0","0","0"
"0.9299","0.250022","0.244552","0.0165008","0.248994","0.289977","0.619902","1.73166e-15","2.97842","2.88603","2.83741","6.85085","0","0","0","0","0","0","0","0"
"0.935917","0.250022","0.246453","0.0165039","0.245655","0.286332","0.617272","1.71342e-15","3.0117","2.93613","2.89112","6.66386","0","0","0","0","0","0","0","0"
"0.939183","0.250022","0.246453","0.0165059","0.250472","0.292404","0.635452","1.72876e-15","3.03398","2.98147","3.14152","6.79047","0","0","0","0","0","0","0","0"
"0.942567","0.250022","0.246453","0.0165076","0.248135","0.292189","0.630949","1.73324e-15","3.04302","3.0145","3.15716","6.77594","0","0","0","0","0","0","0","0"
"0.946467","0.250022","0.246453","0.0165102","0.247537","0.29212","0.637054","1.71716e-15","3.00486","3.02374","3.04486","6.55746","0","0","0","0","0","0","0","0"
"0.94985","0.250022","0.248019","0.0165126","0.244615","0.288414","0.623758","1.72681e-15","3.01274","3.02334","3.09812","6.59708","0","0","0","0","0","0","0","0"
"0.95325","0.250022","0.248019","0.0165155","0.245302","0.288094","0.619064","1.72693e-15","3.07686","3.07351","3.05763","6.63127","0","0","0","0","0","0","0","0"
"0.956633","0.250022","0.248019","0.016518","0.245791","0.288836","0.613529","1.72134e-15","3.06509","3.04815","3.06363","6.63001","0","0","0","0","0","0","0","0"
"0.960017","0.250022","0.248019","0.0165208","0.244783","0.288282","0.610272","1.73557e-15","3.10034","3.06993","3.03061","6.76178","0","0","0","0","0","0","0","0"
"0.963533","0.250022","0.248019","0.0165222","0.243082","0.285721","0.594088","1.72778e-15","3.10935","3.09118","3.13006","6.68572","0","0","0","0","0","0","0","0"
"0.966783","0.250022","0.24951","0.0165214","0.242249","0.285424","0.589403","1.71936e-15","3.09459","3.09559","3.10005","6.71631","0","0","0","0","0","0","0","0"
"0.970167","0.250022","0.24951","0.0165206","0.241641","0.285024","0.586145","1.72984e-15","3.06678","3.07324","3.07356","6.79251","0","0","0","0","0","0","0","0"
"0.97355","0.250022","0.24951","0.0165197","0.241791","0.285066","0.583905","1.72591e-15","3.00935","3.03146","3.03388","6.6216","0","0","0","0","0","0","0","0"
"0.976933","0.250022","0.24951","0.0165189","0.241629","0.285272","0.588416","1.72329e-15","3.02343","2.99951","2.95572","6.61504","0","0","0","0","0","0","0","0"
"0.980433","0.250022","0.24951","0.0165176","0.24281","0.286522","0.584063","1.73754e-15","3.09112","2.95711","2.93051","6.68917","0","0","0","0","0","0","0","0"
"0.983717","0.250022","0.250173","0.0165159","0.241681","0.286541","0.576779","1.7336e-15","3.07365","2.94216","2.94303","6.60512","0","0","0","0","0","0","0","0"
"0.9871","0.250022","0.250173","0.0165139","0.240808","0.284674","0.574341","1.72765e-15","3.04013","2.92637","2.891","6.65207","0","0","0","0","0","0","0","0"
"0.990483","0.250022","0.250173","0.0165122","0.238123","0.281609","0.57436","1.73981e-15","3.05772","2.92922","2.87834","6.77768","0","0","0","0","0","0","0","0"
"0.993867","0.250022","0.250173","0.0165102","0.239156","0.284283","0.589919","1.73567e-15","3.04953","3.00366","2.89034","6.72603","0","0","0","0","0","0","0","0"
"0.997383","0.250022","0.250173","0.0165092","0.23901","0.28327","0.5848","1.72616e-15","3.05416","2.99548","2.89162","6.64207","0","0","0","0","0","0","0","0"
"1.00063","0.250022","0.250232","0.016509","0.239196","0.282669","0.573093","1.73903e-15","3.03984","2.98507","2.94928","6.85199","0","0","0","0","0","0","0","0"
"1.00402","0.250022","0.250232","0.0165088","0.239424","0.281856","0.565416","1.74359e-15","3.01477","2.9787","2.97615","6.85014","0","0","0","0","0","0","0","0"
"1.00742","0.250022","0.250232","0.0165085","0.238639","0.279749","0.562396","1.73265e-15","3.00937","3.013","2.97068","6.79222","0","0","0","0","0","0","0","0"
"1.01078","0.250022","0.250232","0.0165083","0.238498","0.280047","0.576264","1.74355e-15","2.99651","2.98305","2.89744","6.93284","0","0","0","0","0","0","0","0"
"1.01428","0.250022","0.250232","0.0165087","0.237791","0.27959","0.600408","1.74327e-15","2.99733","2.98739","2.85859","6.87366","0","0","0","0","0","0","0","0"
"1.01912","0.250022","0.250281","0.0165097","0.236466","0.279139","0.592894","1.73946e-15","2.98531","2.99201","2.86225","6.95167","0","0","0","0","0","0","0","0"
"1.02252","0.250022","0.250281","0.0165106","0.236606","0.278913","0.598248","1.74969e-15","2.99388","2.98076","2.84606","6.97672","0","0","0","0","0","0","0","0"
"1.0259","0.250022","0.250281","0.0165113","0.237884","0.280481","0.594608","1.74406e-15","2.98189","2.98928","2.83172","6.89503","0","0","0","0","0","0","0","0"
"1.02978","0.250022","0.250281","0.0165124","0.240707","0.283027","0.595157","1.74829e-15","3.05463","3.06026","2.77728","6.86301","0","0","0","0","0","0","0","0"
"1.03318","0.250022","0.250003","0.0165136","0.24102","0.282859","0.601344","1.73966e-15","3.02675","3.05223","2.71777","6.82068","0","0","0","0","0","0","0","0"
"1.03658","0.250022","0.250003","0.0165149","0.241236","0.283363","0.602186","1.73381e-15","2.98978","3.01355","2.68132","6.81403","0","0","0","0","0","0","0","0"
"1.03995","0.250022","0.250003","0.0165161","0.241035","0.283662","0.609284","1.74504e-15","2.99665","2.98981","2.67231","7.00989","0","0","0","0","0","0","0","0"
"1.04335","0.250022","0.250003","0.0165175","0.239963","0.282285","0.601099","1.73808e-15","2.99618","2.97845","2.69195","6.97799","0","0","0","0","0","0","0","0"
"1.04687","0.250022","0.250003","0.0165189","0.239092","0.280855","0.608703","1.73437e-15","3.00375","2.96919","2.68211","6.85745","0","0","0","0","0","0","0","0"
"1.05142","0.500044","0.249873","0.0205963","0.240845","0.283612","0.618822","1.73748e-15","2.99623","3.00539","2.69626","6.83238","0","0","0","0","0","0","0","0"
"1.0548","0.500044","0.249873","0.0247505","0.243355","0.285219","0.62322","1.72977e-15","3.04109","3.03237","2.72046","6.76078","0","0","0","0","0","0","0","0"
"1.05818","0.500044","0.249873","0.0283113","0.252034","0.292492","0.632015","1.73737e-15","3.16411","3.16976","2.739","6.96223","0","0","0","0","0","0","0","0"
"1.06158","0.500044","0.249873","0.0324655","0.269843","0.309925","0.666601","1.73625e-15","3.6608","3.57768","3.23031","6.91134","0","0","0","0","0","0","0","0"
"1.065","0.500044","0.249873","0.0330611","0.308673","0.35422","0.875858","1.73536e-15","4.09473","4.22488","4.36893","7.09125","0","0","0","0","0","0","0","0"
"1.0686","0.500044","0.252549","0.0330642","0.39635","0.446292","1.02617","1.77583e-15","4.72822","4.60111","4.22723","7.36591","0","0","0","0","0","0","0","0"
"1.07202","0.500044","0.252549","0.0330672","0.438366","0.484221","1.21111","1.72102e-15","3.9233","3.87001","3.45806","6.8939","0","0","0","0","0","0","0","0"
"1.07538","0.500044","0.252549","0.0330699","0.46371","0.51033","1.22117","1.73679e-15","3.63231","3.58224","3.14642","7.0287","0","0","0","0","0","0","0","0"
"1.07978","0.500044","0.252549","0.0330692","0.454307","0.498641","1.16159","1.75797e-15","3.36908","3.38729","3.02298","7.00573","0","0","0","0","0","0","0","0"
"1.08312","0.500044","0.269348","0.0330582","0.462647","0.507013","1.12396","1.70515e-15","3.29835","3.19985","3.14765","6.83312","0","0","0","0","0","0","0","0"
"1.08648","0.500044","0.269348","0.0330453","0.472585","0.520492","1.14129","1.74286e-15","3.14695","3.00981","2.85607","7.18183","0","0","0","0","0","0","0","0"
"1.08982","0.500044","0.269348","0.0330343","0.46947","0.520898","1.18803","1.74622e-15","2.96014","2.99814","2.6817","7.36647","0","0","0","0","0","0","0","0"
"1.0932","0.500044","0.269348","0.0330232","0.482742","0.541221","1.24196","1.7029e-15","3.08681","3.08284","2.50778","7.03904","0","0","0","0","0","0","0","0"
"1.0967","0.500044","0.269348","0.0329981","0.485612","0.542693","1.20393","1.7171e-15","3.17735","3.00548","2.71118","7.13119","0","0","0","0","0","0","0","0"
"1.1025","0.500044","0.342127","0.0329105","0.479963","0.528498","1.28049","1.6953e-15","3.07234","2.93453","2.49398","6.48848","0","0","0","0","0","0","0","0"
"1.10585","0.500044","0.342127","0.0328548","0.490402","0.534787","1.29342","1.7448e-15","3.1202","2.92232","2.44543","7.22123","0","0","0","0","0","0","0","0"
"1.1092","0.500044","0.342127","0.032807","0.492609","0.537453","1.25156","1.72903e-15","3.18469","2.89019","2.57063","6.94866","0","0","0","0","0","0","0","0"
"1.11388","0.500044","0.342127","0.0327414","0.487686","0.543028","1.22009","1.71744e-15","3.12751","2.86189","2.54947","6.62995","0","0","0","0","0","0","0","0"
"1.1179","0.500044","0.402085","0.0326607","0.485928","0.541268","1.22168","1.70951e-15","3.03421","2.78027","2.58558","6.31238","0","0","0","0","0","0","0","0"
"1.12133","0.500044","0.402085","0.032598","0.477496","0.534626","1.17757","1.69313e-15","3.48048","3.50369","2.59985","6.15507","0","0","0","0","0","0","0","0"
"1.12467","0.500044","0.402085","0.0325443","0.470789","0.528535","1.13545","1.73137e-15","3.34486","3.40255","2.71534","6.17058","0","0","0","0","0","0","0","0"
"1.12802","0.500044","0.402085","0.0324905","0.461079","0.516037","1.05752","1.71355e-15","3.27736","3.32625","2.88681","6.10402","0","0","0","0","0","0","0","0"
"1.13147","0.500044","0.402085","0.0324455","0.485128","0.542389","1.0362","1.69474e-15","3.08999","3.16659","2.8377","6.1402","0","0","0","0","0","0","0","0"
"1.13475","0.500044","0.430219","0.032413","0.476301","0.528975","1.01853","1.73179e-15","3.05453","3.18861","2.78064","6.3967","0","0","0","0","0","0","0","0"
"1.13813","0.500044","0.430219","0.0323751","0.459824","0.516075","0.940373","1.69349e-15","3.02918","3.15206","3.03524","6.34313","0","0","0","0","0","0","0","0"
"1.14147","0.500044","0.430219","0.0323426","0.45153","0.509643","0.913154","1.7198e-15","3.06711","3.13004","3.12104","6.69734","0","0","0","0","0","0","0","0"
"1.14498","0.500044","0.430219","0.0323047","0.446167","0.506184","0.97905","1.74474e-15","3.03091","3.08888","2.88641","6.72175","0","0","0","0","0","0","0","0"
"1.1485","0.500044","0.430219","0.0322887","0.44096","0.504919","0.948661","1.70754e-15","3.09446","3.1335","2.92257","6.56115","0","0","0","0","0","0","0","0"
"1.15175","0.500044","0.444743","0.0322739","0.440853","0.502451","0.951537","1.72499e-15","3.01889","3.11446","2.82335","6.84324","0","0","0","0","0","0","0","0"
"1.15513","0.500044","0.444743","0.0322612","0.439064","0.501704","1.01053","1.71956e-15","3.05102","3.04998","3.15441","6.57024","0","0","0","0","0","0","0","0"
"1.15852","0.500044","0.444743","0.0322464","0.437994","0.499436","0.977926","1.72045e-15","3.04499","3.04762","3.2514","6.65406","0","0","0","0","0","0","0","0"
"1.16185","0.500044","0.444743","0.0322337","0.45146","0.510382","1.11448","1.75559e-15","3.00662","3.01477","3.20506","6.93452","0","0","0","0","0","0","0","0"
"1.16542","0.500044","0.444743","0.0322174","0.452455","0.512619","1.11673","1.72165e-15","2.95445","3.00907","3.01891","6.72892","0","0","0","0","0","0","0","0"
"1.16872","0.500044","0.450362","0.0322008","0.444576","0.509997","1.18445","1.7359e-15","3.03151","2.99354","2.78036","7.02512","0","0","0","0","0","0","0","0"
"1.1721","0.500044","0.450362","0.0321866","0.461699","0.522296","1.22793","1.73412e-15","2.9921","2.94992","2.79015","7.0442","0","0","0","0","0","0","0","0"
"1.17548","0.500044","0.450362","0.03217","0.459478","0.515421","1.24824","1.71977e-15","2.96685","2.97615","2.64207","6.93733","0","0","0","0","0","0","0","0"
"1.17978","0.500044","0.450362","0.0321546","0.454253","0.512904","1.18695","1.72885e-15","2.96852","3.06023","2.76285","6.84292","0","0","0","0","0","0","0","0"
"1.1848","0.500044","0.451561","0.0321491","0.4525","0.510735","1.16992","1.70662e-15","2.9007","3.11899","2.80392","6.62705","0","0","0","0","0","0","0","0"
"1.18815","0.500044","0.451561","0.0321449","0.460281","0.517398","1.15548","1.73513e-15","3.00191","3.07909","2.79733","6.87617","0","0","0","0","0","0","0","0"
"1.1915","0.500044","0.451561","0.0321412","0.46481","0.52033","1.13386","1.72168e-15","2.98743","3.05408","2.79754","6.79384","0","0","0","0","0","0","0","0"
"1.19507","0.500044","0.451561","0.032137","0.463536","0.513741","1.09452","1.72881e-15","2.98385","3.0733","2.90499","6.83278","0","0","0","0","0","0","0","0"
"1.19857","0.500044","0.451561","0.0321365","0.468561","0.522116","1.1375","1.72354e-15","3.03064","3.12345","2.77566","6.74593","0","0","0","0","0","0","0","0"
"1.20183","0.500044","0.455052","0.0321366","0.466779","0.520388","1.13135","1.70615e-15","3.02117","3.09563","2.7231","6.56985","0","0","0","0","0","0","0","0"
"1.20523","0.500044","0.455052","0.0321368","0.477197","0.525487","1.16067","1.71961e-15","3.00003","3.09011","2.60557","6.77299","0","0","0","0","0","0","0","0"
"1.20863","0.500044","0.455052","0.032137","0.470808","0.521947","1.17877","1.73985e-15","3.03984","3.06866","2.6729","6.87095","0","0","0","0","0","0","0","0"
"1.21312","0.500044","0.455052","0.032137","0.480909","0.53445","1.31549","1.7123e-15","3.09165","3.27052","3.01487","6.52112","0","0","0","0","0","0","0","0"
"1.21643","0.500044","0.459004","0.0321366","0.486942","0.539417","1.32898","1.72818e-15","3.01178","3.17129","2.91532","6.8693","0","0","0","0","0","0","0","0"
"1.21982","0.500044","0.459004","0.0321361","0.481732","0.53701","1.26861","1.73576e-15","3.03578","3.15044","3.06265","6.83245","0","0","0","0","0","0","0","0"
"1.2244","0.500044","0.459004","0.0321356","0.47534","0.533009","1.22687","1.72988e-15","3.04245","3.13106","3.13027","6.84674","0","0","0","0","0","0","0","0"
"1.22667","0.500044","0.459004","0.0321351","0.476698","0.532334","1.26505","1.75379e-15","2.96718","3.06532","2.92185","7.08636","0","0","0","0","0","0","0","0"
"1.23007","0.500044","0.459004","0.032133","0.470617","0.527401","1.22303","1.74421e-15","2.97591","3.06695","2.9963","7.0104","0","0","0","0","0","0","0","0"
"1.23498","0.500044","0.464593","0.0321239","0.473977","0.532533","1.29664","1.75069e-15","2.93307","3.12692","3.12473","7.14828","0","0","0","0","0","0","0","0"
"1.23847","0.500044","0.464593","0.0321184","0.482786","0.543662","1.29516","1.76529e-15","2.92522","3.08747","3.0107","7.20799","0","0","0","0","0","0","0","0"
"1.24187","0.500044","0.464593","0.032112","0.478669","0.536526","1.25608","1.74579e-15","2.88235","3.06171","3.05408","7.01131","0","0","0","0","0","0","0","0"
"1.24515","0.500044","0.464593","0.0321066","0.480795","0.539461","1.23409","1.76379e-15","2.8156","3.01542","3.09571","7.25686","0","0","0","0","0","0","0","0"
"1.24883","0.500044","0.464593","0.0320965","0.479771","0.540535","1.23024","1.74851e-15","2.87486","3.01522","3.08752","7.01597","0","0","0","0","0","0","0","0"
"1.25215","0.500044","0.469583","0.0320858","0.48372","0.539607","1.22863","1.73729e-15","2.86338","2.97384","3.01795","7.00425","0","0","0","0","0","0","0","0"
"1.25755","0.500044","0.469583","0.0320767","0.484411","0.53806","1.19018","1.75539e-15","2.87132","3.00089","3.10849","7.20495","0","0","0","0","0","0","0","0"
"1.25887","0.500044","0.469583","0.032066","0.490463","0.544787","1.17789","1.74634e-15","3.01649","2.99425","3.13215","7.08045","0","0","0","0","0","0","0","0"
"1.26312","0.500044","0.469583","0.0320551","0.485314","0.541179","1.17811","1.73587e-15","2.9735","2.96176","3.04646","6.96527","0","0","0","0","0","0","0","0"
"1.26825","0.500044","0.472842","0.0320468","0.491539","0.547138","1.21047","1.73096e-15","2.97447","2.97036","2.85985","7.03464","0","0","0","0","0","0","0","0"
"1.27163","0.500044","0.472842","0.0320419","0.48873","0.545136","1.17763","1.72496e-15","2.99695","3.01603","2.95345","7.06242","0","0","0","0","0","0","0","0"
"1.27502","0.500044","0.472842","0.0320361","0.492661","0.546914","1.14923","1.73889e-15","2.96447","3.03965","2.99784","7.35194","0","0","0","0","0","0","0","0"
"1.2784","0.500044","0.472842","0.0320311","0.494432","0.550676","1.15274","1.73451e-15","2.91554","3.03468","3.0033","7.22584","0","0","0","0","0","0","0","0"
"1.28188","0.500044","0.472842","0.032033","0.493953","0.551668","1.13125","1.72586e-15","2.90774","2.97646","3.04962","7.23411","0","0","0","0","0","0","0","0"
"1.28517","0.500044","0.476909","0.0320357","0.490245","0.545373","1.12884","1.74276e-15","2.90027","2.98406","3.01822","7.32303","0","0","0","0","0","0","0","0"
"1.28855","0.500044","0.476909","0.032039","0.487378","0.543256","1.12635","1.72728e-15","2.92702","3.00075","3.0643","7.14438","0","0","0","0","0","0","0","0"
"1.29197","0.500044","0.476909","0.0320417","0.483867","0.539847","1.12587","1.72954e-15","2.90746","2.98615","2.98429","7.1125","0","0","0","0","0","0","0","0"
"1.29645","0.500044","0.476909","0.0320473","0.485632","0.537619","1.11127","1.73694e-15","2.94567","2.97715","3.05059","7.07025","0","0","0","0","0","0","0","0"
"1.29975","0.500044","0.480589","0.0320545","0.489801","0.541592","1.11554","1.72365e-15","2.93333","3.00391","2.9976","7.00142","0","0","0","0","0","0","0","0"
"1.30313","0.500044","0.480589","0.0320629","0.483396","0.536424","1.11779","1.73794e-15","2.94699","2.99508","2.9324","7.23746","0","0","0","0","0","0","0","0"
"1.30653","0.500044","0.480589","0.0320701","0.484425","0.537201","1.13538","1.74431e-15","2.91336","2.99515","3.15954","7.25432","0","0","0","0","0","0","0","0"
"1.3099","0.500044","0.480589","0.0320786","0.477321","0.532904","1.12839","1.72791e-15","2.95416","2.99886","3.10131","7.14","0","0","0","0","0","0","0","0"
"1.31342","0.500044","0.480589","0.0320859","0.479982","0.536551","1.11708","1.73269e-15","2.99236","3.00529","3.09929","7.12406","0","0","0","0","0","0","0","0"
"1.31668","0.500044","0.482868","0.0320949","0.482619","0.540037","1.15001","1.74213e-15","2.97161","3.02241","3.13443","7.03978","0","0","0","0","0","0","0","0"
"1.32007","0.500044","0.482868","0.0321025","0.484372","0.540127","1.14262","1.73073e-15","2.95401","2.9951","3.10984","6.90307","0","0","0","0","0","0","0","0"
"1.32345","0.500044","0.482868","0.0321115","0.482854","0.539289","1.12539","1.73302e-15","2.95361","2.98946","3.12572","7.01682","0","0","0","0","0","0","0","0"
"1.32683","0.500044","0.482868","0.0321192","0.48087","0.539088","1.09981","1.7454e-15","2.96576","3.00892","3.20668","7.15131","0","0","0","0","0","0","0","0"
"1.33032","0.500044","0.482868","0.0321269","0.477796","0.534683","1.07651","1.72446e-15","2.9677","3.02652","3.25113","7.0588","0","0","0","0","0","0","0","0"
"1.33372","0.500044","0.483352","0.032132","0.477351","0.533914","1.07255","1.7276e-15","2.97041","3.01159","3.23148","7.20201","0","0","0","0","0","0","0","0"
"1.33698","0.500044","0.483352","0.032138","0.481561","0.537892","1.06088","1.73746e-15","2.96912","3.00483","3.24903","7.24701","0","0","0","0","0","0","0","0"
"1.34037","0.500044","0.483352","0.0321431","0.490431","0.546219","1.08173","1.72954e-15","2.96709","3.00325","3.22279","7.15065","0","0","0","0","0","0","0","0"
"1.34377","0.500044","0.483352","0.0321491","0.483374","0.539769","1.09372","1.73507e-15","2.99756","3.01832","3.14629","7.31145","0","0","0","0","0","0","0","0"
"1.34725","0.500044","0.483352","0.0321522","0.481289","0.538974","1.08653","1.73734e-15","2.97542","3.03007","3.14209","7.25149","0","0","0","0","0","0","0","0"
"1.35157","0.500044","0.484313","0.0321538","0.476607","0.534521","1.06805","1.72993e-15","2.98125","3.02543","3.15737","7.1839","0","0","0","0","0","0","0","0"
"1.35495","0.500044","0.484313","0.0321548","0.483395","0.540322","1.08868","1.73749e-15","2.98626","3.03682","3.09574","7.23963","0","0","0","0","0","0","0","0"
"1.35835","0.500044","0.484313","0.0321561","0.487486","0.544712","1.10997","1.7334e-15","2.99791","3.01249","3.02329","7.20289","0","0","0","0","0","0","0","0"
"1.36173","0.500044","0.484313","0.0321571","0.489314","0.546322","1.10254","1.73237e-15","3.04576","3.04191","2.99775","7.25018","0","0","0","0","0","0","0","0"
"1.36522","0.500044","0.484313","0.0321601","0.490038","0.546167","1.16284","1.73703e-15","3.03658","3.02933","3.05333","7.31956","0","0","0","0","0","0","0","0"
"1.3685","0.500044","0.485853","0.0321628","0.491454","0.547744","1.16025","1.73281e-15","3.02049","3.02739","3.03103","7.22875","0","0","0","0","0","0","0","0"
"1.37188","0.500044","0.485853","0.032166","0.494527","0.550201","1.19012","1.72991e-15","3.0042","3.00619","2.98267","7.26994","0","0","0","0","0","0","0","0"
"1.37542","0.500044","0.485853","0.0321688","0.496019","0.549778","1.17609","1.74247e-15","2.9752","3.02681","2.997","7.30468","0","0","0","0","0","0","0","0"
"1.37978","0.500044","0.485853","0.0321723","0.496828","0.553468","1.15979","1.73248e-15","3.03022","3.15954","3.03149","7.15233","0","0","0","0","0","0","0","0"
"1.38308","0.500044","0.487401","0.0321734","0.49459","0.550803","1.14001","1.73517e-15","3.02694","3.16034","3.08213","7.20261","0","0","0","0","0","0","0","0"
"1.38647","0.500044","0.487401","0.0321746","0.489971","0.546547","1.12553","1.75064e-15","3.0454","3.15314","3.08637","7.2908","0","0","0","0","0","0","0","0"
"1.38987","0.500044","0.487401","0.0321757","0.488133","0.544478","1.10777","1.74119e-15","3.03427","3.15383","3.13518","7.24683","0","0","0","0","0","0","0","0"
"1.39325","0.500044","0.487401","0.0321769","0.493392","0.549389","1.13213","1.73944e-15","3.11518","3.17501","3.14559","7.26597","0","0","0","0","0","0","0","0"
"1.39673","0.500044","0.487401","0.0321769","0.493067","0.549797","1.1435","1.7435e-15","3.09525","3.13242","3.06127","7.24623","0","0","0","0","0","0","0","0"
"1.40027","0.500044","0.489606","0.0321744","0.495176","0.550165","1.13931","1.73765e-15","3.06819","3.10505","3.05188","7.20094","0","0","0","0","0","0","0","0"
"1.4034","0.500044","0.489606","0.0321723","0.492617","0.547915","1.12296","1.73331e-15","3.07621","3.10083","3.09438","7.1261","0","0","0","0","0","0","0","0"
"1.40678","0.500044","0.489606","0.0321698","0.488658","0.542282","1.11194","1.74399e-15","3.07591","3.11501","3.08462","7.2111","0","0","0","0","0","0","0","0"
"1.41017","0.500044","0.489606","0.0321676","0.488919","0.542172","1.11738","1.74491e-15","3.05589","3.0996","3.02806","7.22959","0","0","0","0","0","0","0","0"
"1.41365","0.500044","0.489606","0.0321656","0.491428","0.543241","1.11333","1.73053e-15","3.04458","3.07955","2.99912","7.14786","0","0","0","0","0","0","0","0"
"1.41695","0.500044","0.490736","0.0321644","0.494517","0.546638","1.10856","1.73839e-15","3.04942","3.09283","2.97802","7.27627","0","0","0","0","0","0","0","0"
"1.42033","0.500044","0.490736","0.0321631","0.495543","0.54604","1.10539","1.74355e-15","3.03766","3.09424","2.94883","7.25027","0","0","0","0","0","0","0","0"
"1.42372","0.500044","0.490736","0.0321619","0.495785","0.546309","1.10165","1.73615e-15","3.05013","3.10169","2.95793","7.18524","0","0","0","0","0","0","0","0"
"1.4271","0.500044","0.490736","0.0321606","0.497005","0.548253","1.10647","1.74286e-15","3.01893","3.07695","2.92595","7.2445","0","0","0","0","0","0","0","0"
"1.43058","0.500044","0.490736","0.0321606","0.496719","0.548874","1.11673","1.74067e-15","3.00172","3.05599","2.85357","7.23693","0","0","0","0","0","0","0","0"
"1.43497","0.500044","0.491083","0.0321621","0.498913","0.549796","1.11374","1.73281e-15","2.99946","3.05065","2.81948","7.1368","0","0","0","0","0","0","0","0"
"1.43828","0.500044","0.491083","0.0321632","0.499105","0.551091","1.1024","1.73707e-15","3.00427","3.06507","2.83849","7.17496","0","0","0","0","0","0","0","0"
"1.44167","0.500044","0.491083","0.0321644","0.498367","0.551107","1.11624","1.74126e-15","2.99936","3.07186","2.79459","7.21648","0","0","0","0","0","0","0","0"
"1.44507","0.500044","0.491083","0.0321654","0.495678","0.549489","1.12013","1.73474e-15","2.99968","3.07185","2.7596","7.14246","0","0","0","0","0","0","0","0"
"1.44855","0.500044","0.491083","0.0321672","0.493759","0.547903","1.10412","1.73314e-15","3.00091","3.06601","2.7985","7.14685","0","0","0","0","0","0","0","0"
"1.45183","0.500044","0.49222","0.0321688","0.495991","0.549498","1.14588","1.74085e-15","2.99701","3.037","2.85816","7.1977","0","0","0","0","0","0","0","0"
"1.45522","0.500044","0.49222","0.0321707","0.496351","0.552357","1.1585","1.73587e-15","2.97758","3.01865","2.8304","7.11204","0","0","0","0","0","0","0","0"
"1.45863","0.500044","0.49222","0.0321723","0.493883","0.549264","1.15721","1.73574e-15","2.98367","3.02367","2.84073","7.17655","0","0","0","0","0","0","0","0"
"1.46312","0.500044","0.49222","0.0321748","0.491144","0.549155","1.16187","1.74297e-15","2.9891","3.01075","2.80174","7.16179","0","0","0","0","0","0","0","0"
"1.46642","0.500044","0.493861","0.0321767","0.491668","0.552157","1.18837","1.73258e-15","2.9945","2.99565","2.81152","7.11699","0","0","0","0","0","0","0","0"
"1.4698","0.500044","0.493861","0.032179","0.493541","0.552309","1.19887","1.73529e-15","2.99516","3.03545","2.76885","7.21857","0","0","0","0","0","0","0","0"
"1.4732","0.500044","0.493861","0.0321809","0.491965","0.550955","1.19654","1.74274e-15","2.99683","3.04242","2.77413","7.223","0","0","0","0","0","0","0","0"
"1.47657","0.500044","0.493861","0.0321832","0.493694","0.554176","1.21688","1.73501e-15","3.00946","3.09111","2.96965","7.14067","0","0","0","0","0","0","0","0"
"1.48005","0.500044","0.493861","0.0321845","0.492256","0.551513","1.20364","1.73066e-15","3.03212","3.09672","2.993","7.0753","0","0","0","0","0","0","0","0"
"1.48443","0.500044","0.494457","0.0321845","0.492686","0.551468","1.19283","1.7362e-15","3.03309","3.08735","3.00106","7.09486","0","0","0","0","0","0","0","0"
"1.48672","0.500044","0.494457","0.0321845","0.494587","0.553758","1.20179","1.73846e-15","3.04816","3.07851","2.9726","6.9868","0","0","0","0","0","0","0","0"
"1.4901","0.500044","0.494457","0.0321846","0.495889","0.553706","1.19906","1.73403e-15","3.05607","3.08106","2.99194","6.92601","0","0","0","0","0","0","0","0"
"1.49348","0.500044","0.494457","0.0321846","0.494408","0.553061","1.21403","1.73897e-15","3.07975","3.06412","2.96704","6.98667","0","0","0","0","0","0","0","0"
"1.49697","0.500044","0.494457","0.0321838","0.494328","0.551991","1.23089","1.74013e-15","3.06626","3.04694","2.97303","6.99199","0","0","0","0","0","0","0","0"
"1.50022","0.500044","0.495016","0.0321821","0.492124","0.550448","1.22292","1.7357e-15","3.06065","3.03603","2.99438","6.94347","0","0","0","0","0","0","0","0"
"1.50367","0.500044","0.495016","0.0321801","0.493228","0.549625","1.22205","1.73491e-15","3.049","3.02085","2.96403","6.88242","0","0","0","0","0","0","0","0"
"1.50707","0.500044","0.495016","0.0321785","0.491006","0.547583","1.22748","1.74213e-15","3.0532","3.0292","2.89653","6.91308","0","0","0","0","0","0","0","0"
"1.51043","0.500044","0.495016","0.0321765","0.493107","0.550355","1.23537","1.74312e-15","3.0395","3.02877","2.87441","6.87907","0","0","0","0","0","0","0","0"
"1.51392","0.500044","0.495016","0.0321755","0.492029","0.549134","1.22282","1.73367e-15","3.04073","3.02186","2.89636","6.82749","0","0","0","0","0","0","0","0"
"1.51825","0.500044","0.495782","0.0321751","0.496219","0.553466","1.22628","1.73622e-15","3.03125","3.04744","2.8696","6.88444","0","0","0","0","0","0","0","0"
"1.52163","0.500044","0.495782","0.0321748","0.496033","0.553384","1.22114","1.74284e-15","3.02609","3.06298","2.89963","6.91782","0","0","0","0","0","0","0","0"
"1.52502","0.500044","0.495782","0.0321745","0.495481","0.552094","1.23209","1.73772e-15","3.02411","3.07147","2.88262","6.88083","0","0","0","0","0","0","0","0"
"1.5284","0.500044","0.495782","0.0321742","0.493804","0.551458","1.23072","1.73486e-15","3.02193","3.07251","2.90941","6.81259","0","0","0","0","0","0","0","0"
"1.53188","0.500044","0.495782","0.0321751","0.493662","0.551592","1.22101","1.7336e-15","3.02499","3.07259","2.93164","6.81356","0","0","0","0","0","0","0","0"
"1.53517","0.500044","0.496043","0.032176","0.493288","0.55168","1.21323","1.7408e-15","3.02019","3.06336","2.94575","6.88859","0","0","0","0","0","0","0","0"
"1.53857","0.500044","0.496043","0.0321771","0.495252","0.552869","1.22658","1.74005e-15","3.00521","3.04324","3.05741","6.89109","0","0","0","0","0","0","0","0"
"1.54195","0.500044","0.496043","0.0321781","0.493849","0.552075","1.22475","1.73365e-15","3.0096","3.04523","3.02692","6.84052","0","0","0","0","0","0","0","0"
"1.54645","0.500044","0.496043","0.0321797","0.493981","0.551345","1.21425","1.73256e-15","2.98738","3.03002","3.03712","6.86728","0","0","0","0","0","0","0","0"
"1.54975","0.500044","0.496914","0.0321813","0.494742","0.552829","1.21103","1.73671e-15","2.9805","3.03435","3.02335","6.95474","0","0","0","0","0","0","0","0"
"1.55315","0.500044","0.496914","0.0321833","0.494028","0.551971","1.21149","1.7339e-15","2.98134","3.03856","3.01458","6.9208","0","0","0","0","0","0","0","0"
"1.55653","0.500044","0.496914","0.0321849","0.494225","0.552183","1.20477","1.73083e-15","2.97584","3.02361","3.01451","6.91725","0","0","0","0","0","0","0","0"
"1.55992","0.500044","0.496914","0.0321868","0.494147","0.552006","1.20256","1.73632e-15","2.9732","3.00944","3.01326","6.97859","0","0","0","0","0","0","0","0"
"1.5634","0.500044","0.496914","0.0321883","0.494436","0.552906","1.19995","1.73836e-15","2.96749","2.99654","3.02402","6.99065","0","0","0","0","0","0","0","0"
"1.56668","0.500044","0.497569","0.0321899","0.490967","0.549227","1.18647","1.73401e-15","2.9781","3.01229","3.06002","6.94362","0","0","0","0","0","0","0","0"
"1.5701","0.500044","0.497569","0.0321912","0.489226","0.54783","1.17427","1.73078e-15","2.98531","3.00522","3.092","6.92203","0","0","0","0","0","0","0","0"
"1.57345","0.500044","0.497569","0.0321927","0.491141","0.54928","1.17569","1.73534e-15","2.98548","3.0235","3.06054","6.97326","0","0","0","0","0","0","0","0"
"1.57683","0.500044","0.497569","0.032194","0.491618","0.550623","1.17132","1.73962e-15","2.97957","3.01379","3.05729","7.03061","0","0","0","0","0","0","0","0"
"1.58033","0.500044","0.497569","0.0321955","0.491483","0.550032","1.16514","1.73514e-15","2.98588","3.01284","3.06285","6.99061","0","0","0","0","0","0","0","0"
"1.58362","0.500044","0.498145","0.0321969","0.491583","0.549492","1.16003","1.73188e-15","2.97384","3.01147","3.0565","6.94304","0","0","0","0","0","0","0","0"
"1.587","0.500044","0.498145","0.0321984","0.493001","0.549585","1.17547","1.73267e-15","2.95799","3.00747","2.99745","7.00748","0","0","0","0","0","0","0","0"
"1.59038","0.500044","0.498145","0.0321997","0.499428","0.554991","1.17503","1.73831e-15","3.0035","3.03408","3.02886","7.08688","0","0","0","0","0","0","0","0"
"1.59377","0.500044","0.498145","0.0322013","0.498871","0.554988","1.17965","1.74012e-15","3.01902","3.02733","3.01146","7.07376","0","0","0","0","0","0","0","0"
"1.59725","0.500044","0.498145","0.0322025","0.500832","0.557407","1.19178","1.73387e-15","3.02195","3.02026","3.02146","7.01567","0","0","0","0","0","0","0","0"
"1.60158","0.500044","0.498316","0.0322042","0.499723","0.55614","1.18321","1.7346e-15","3.01247","3.02852","3.01989","7.01811","0","0","0","0","0","0","0","0"
"1.60497","0.500044","0.498316","0.0322053","0.497907","0.554051","1.17778","1.73958e-15","3.0113","3.04262","3.03336","7.11003","0","0","0","0","0","0","0","0"
"1.60835","0.500044","0.498316","0.0322066","0.496673","0.552864","1.16851","1.74648e-15","3.00503","3.05266","3.05294","7.13891","0","0","0","0","0","0","0","0"
"1.61173","0.500044","0.498316","0.0322077","0.496228","0.552909","1.16376","1.74918e-15","3.00142","3.04502","3.06535","7.14181","0","0","0","0","0","0","0","0"
"1.61523","0.500044","0.498316","0.03221","0.495755","0.55235","1.17006","1.74181e-15","2.99074","3.06632","3.05997","7.08929","0","0","0","0","0","0","0","0"
"1.6185","0.500044","0.499296","0.0322122","0.495994","0.553767","1.18328","1.74019e-15","2.98265","3.05393","3.0428","7.05323","0","0","0","0","0","0","0","0"
"1.62188","0.500044","0.499296","0.0322147","0.498164","0.555912","1.1848","1.74373e-15","2.96978","3.0493","3.01302","7.09038","0","0","0","0","0","0","0","0"
"1.6253","0.500044","0.499296","0.0322169","0.498304","0.556227","1.18253","1.74926e-15","2.96318","3.0525","3.0156","7.12996","0","0","0","0","0","0","0","0"
"1.62977","0.500044","0.499296","0.0322193","0.497692","0.556044","1.19122","1.74869e-15","2.95699","3.04345","2.98232","7.13028","0","0","0","0","0","0","0","0"
"1.63315","0.500044","0.500239","0.0322192","0.495824","0.55455","1.18799","1.74169e-15","2.9618","3.04495","2.96916","7.09495","0","0","0","0","0","0","0","0"
"1.63653","0.500044","0.500239","0.032219","0.495215","0.555174","1.19336","1.74026e-15","2.96733","3.04221","2.92432","7.09357","0","0","0","0","0","0","0","0"
"1.63993","0.500044","0.500239","0.0322189","0.495627","0.555753","1.19888","1.74489e-15","2.95558","3.03425","2.90764","7.11953","0","0","0","0","0","0","0","0"
"1.6433","0.500044","0.500239","0.0322187","0.493584","0.554314","1.18714","1.74997e-15","2.96058","3.03379","2.93548","7.12264","0","0","0","0","0","0","0","0"
"1.64678","0.500044","0.500239","0.0322179","0.493313","0.554161","1.18171","1.74569e-15","2.95491","3.02983","2.94337","7.09722","0","0","0","0","0","0","0","0"
"1.65008","0.500044","0.500652","0.0322156","0.495243","0.557322","1.18692","1.74273e-15","2.95322","3.01968","2.95875","7.1098","0","0","0","0","0","0","0","0"
"1.65345","0.500044","0.500652","0.0322135","0.495362","0.557414","1.17646","1.74607e-15","2.95694","3.03215","2.98976","7.14933","0","0","0","0","0","0","0","0"
"1.65683","0.500044","0.500652","0.0322112","0.49604","0.558658","1.17251","1.74985e-15","2.93924","3.02194","2.98688","7.17595","0","0","0","0","0","0","0","0"
"1.66023","0.500044","0.500652","0.0322091","0.498019","0.560354","1.16933","1.74349e-15","2.93063","3.0217","3.00146","7.13629","0","0","0","0","0","0","0","0"
"1.66372","0.500044","0.500652","0.0322062","0.497576","0.560184","1.16543","1.73974e-15","2.93183","3.01369","2.99337","7.09942","0","0","0","0","0","0","0","0"
"1.66702","0.500044","0.500973","0.0322029","0.497702","0.560214","1.15663","1.74231e-15","2.93644","3.01536","3.01808","7.12719","0","0","0","0","0","0","0","0"
"1.67038","0.500044","0.500973","0.0321991","0.498389","0.561426","1.15079","1.74721e-15","2.93145","3.00638","3.02706","7.15865","0","0","0","0","0","0","0","0"
"1.67377","0.500044","0.500973","0.0321958","0.501137","0.562163","1.1715","1.74365e-15","2.94464","3.00163","3.0878","7.11977","0","0","0","0","0","0","0","0"
"1.67715","0.500044","0.500973","0.032192","0.499339","0.561046","1.16815","1.73785e-15","2.95715","2.99822","3.08966","7.07096","0","0","0","0","0","0","0","0"
"1.68063","0.500044","0.500973","0.0321897","0.501111","0.562647","1.1825","1.73654e-15","2.94237","2.97926","3.07762","7.0335","0","0","0","0","0","0","0","0"
"1.68497","0.500044","0.501726","0.0321876","0.500714","0.563188","1.17752","1.74349e-15","2.92382","2.95939","3.06548","7.11221","0","0","0","0","0","0","0","0"
"1.68835","0.500044","0.501726","0.0321863","0.498945","0.561787","1.17538","1.74169e-15","2.92746","2.95991","3.04748","7.11658","0","0","0","0","0","0","0","0"
"1.69173","0.500044","0.501726","0.0321847","0.498758","0.562233","1.1701","1.73586e-15","2.95446","2.97906","3.0486","7.08223","0","0","0","0","0","0","0","0"
"1.69512","0.500044","0.501726","0.0321833","0.497141","0.559777","1.1591","1.73544e-15","2.95891","2.983","3.08844","7.07608","0","0","0","0","0","0","0","0"
"1.69862","0.500044","0.501726","0.0321829","0.495473","0.557672","1.1548","1.7349e-15","2.97965","2.99654","3.07784","7.0401","0","0","0","0","0","0","0","0"
"1.7019","0.500044","0.502864","0.0321828","0.495126","0.556972","1.15805","1.7385e-15","2.97058","3.0007","3.05292","7.01408","0","0","0","0","0","0","0","0"
"1.70528","0.500044","0.502864","0.0321826","0.495341","0.555961","1.16251","1.7407e-15","2.9618","2.99961","3.05664","7.02291","0","0","0","0","0","0","0","0"
"1.70868","0.500044","0.502864","0.0321825","0.494038","0.554368","1.15598","1.73579e-15","2.96806","3.00439","3.071","6.98945","0","0","0","0","0","0","0","0"
"1.7131","0.500044","0.502864","0.032182","0.492989","0.553212","1.15109","1.72903e-15","2.95905","3.00426","3.05951","6.96154","0","0","0","0","0","0","0","0"
"1.71648","0.500044","0.503227","0.032181","0.492875","0.552834","1.14473","1.73106e-15","2.94935","2.99973","3.06858","7.02729","0","0","0","0","0","0","0","0"
"1.71987","0.500044","0.503227","0.0321798","0.494008","0.553956","1.15605","1.73613e-15","2.94525","2.98671","3.05514","7.06817","0","0","0","0","0","0","0","0"
"1.72327","0.500044","0.503227","0.0321787","0.492151","0.551938","1.15343","1.7355e-15","2.95352","2.98919","3.05166","7.01924","0","0","0","0","0","0","0","0"
"1.72663","0.500044","0.503227","0.0321776","0.489732","0.549604","1.15006","1.73006e-15","2.96331","2.99265","3.04766","6.98949","0","0","0","0","0","0","0","0"
"1.73013","0.500044","0.503227","0.0321761","0.490505","0.550315","1.16779","1.72598e-15","2.95455","2.98995","3.07869","6.97075","0","0","0","0","0","0","0","0"
"1.7334","0.500044","0.502655","0.0321736","0.489678","0.549394","1.16452","1.7295e-15","2.95485","2.9899","3.08165","7.00958","0","0","0","0","0","0","0","0"
"1.7368","0.500044","0.502655","0.0321713","0.490779","0.550431","1.16214","1.73276e-15","2.94692","2.99295","3.07624","7.03565","0","0","0","0","0","0","0","0"
"1.74017","0.500044","0.502655","0.0321688","0.489868","0.549575","1.16085","1.73061e-15","2.93806","2.99155","3.05983","7.00658","0","0","0","0","0","0","0","0"
"1.74357","0.500044","0.502655","0.0321666","0.488437","0.548173","1.15618","1.7271e-15","2.94002","2.99703","3.05673","6.98648","0","0","0","0","0","0","0","0"
"1.74705","0.500044","0.502655","0.0321651","0.489162","0.549294","1.16709","1.72437e-15","2.95203","3.00331","3.0383","7.02757","0","0","0","0","0","0","0","0"
"1.75033","0.500044","0.50207","0.0321651","0.488318","0.548425","1.16889","1.7278e-15","2.94762","3.00095","3.01584","7.05248","0","0","0","0","0","0","0","0"
"1.75372","0.500044","0.50207","0.0321651","0.488014","0.548583","1.16408","1.72649e-15","2.94646","2.99209","3.01238","7.03374","0","0","0","0","0","0","0","0"
"1.7571","0.500044","0.50207","0.0321651","0.488238","0.549795","1.16453","1.7225e-15","2.94758","2.99849","3.00132","7.00863","0","0","0","0","0","0","0","0"
"1.76048","0.500044","0.50207","0.0321651","0.487963","0.549119","1.15864","1.72354e-15","2.94697","2.98756","3.00036","7.06218","0","0","0","0","0","0","0","0"
"1.76398","0.500044","0.50207","0.0321661","0.485667","0.54676","1.15238","1.72679e-15","2.95601","2.99444","3.00939","7.04333","0","0","0","0","0","0","0","0"
"1.7683","0.500044","0.501569","0.0321692","0.48603","0.546992","1.15883","1.72526e-15","2.96117","2.9979","2.97961","7.00244","0","0","0","0","0","0","0","0"
"1.77168","0.500044","0.501569","0.0321712","0.48555","0.546787","1.16748","1.72365e-15","2.95966","3.00457","2.95683","7.00114","0","0","0","0","0","0","0","0"
"1.77507","0.500044","0.501569","0.0321736","0.486147","0.548138","1.1886","1.72928e-15","2.98886","3.0411","3.11664","7.06713","0","0","0","0","0","0","0","0"
"1.77847","0.500044","0.501569","0.0321757","0.485207","0.546818","1.19161","1.73138e-15","2.98842","3.04592","3.0888","7.0706","0","0","0","0","0","0","0","0"
"1.78193","0.500044","0.501569","0.0321793","0.486083","0.547646","1.18849","1.72714e-15","2.98448","3.04801","3.07673","7.03949","0","0","0","0","0","0","0","0"
"1.78523","0.500044","0.501382","0.0321826","0.485894","0.54745","1.19865","1.72605e-15","2.97507","3.04427","3.0339","7.02002","0","0","0","0","0","0","0","0"
"1.7886","0.500044","0.501382","0.0321864","0.485484","0.547397","1.21217","1.72913e-15","2.98651","3.03362","3.01903","7.08369","0","0","0","0","0","0","0","0"
"1.79203","0.500044","0.501382","0.0321897","0.485523","0.547824","1.20793","1.73192e-15","2.98444","3.02304","3.02448","7.11104","0","0","0","0","0","0","0","0"
"1.79643","0.500044","0.501382","0.0321941","0.48394","0.545764","1.20514","1.73041e-15","2.99927","3.0351","3.00715","7.05412","0","0","0","0","0","0","0","0"
"1.79982","0.500044","0.501141","0.0321959","0.482604","0.544546","1.19649","1.72641e-15","3.0052","3.03727","3.03336","7.02724","0","0","0","0","0","0","0","0"
"1.80318","0.500044","0.501141","0.0321979","0.480748","0.542579","1.19171","1.73038e-15","3.01118","3.03868","3.03413","7.1057","0","0","0","0","0","0","0","0"
"1.8066","0.500044","0.501141","0.0321997","0.479389","0.541316","1.18527","1.73488e-15","3.01716","3.03998","3.05781","7.13604","0","0","0","0","0","0","0","0"
"1.80997","0.500044","0.501141","0.0322017","0.479281","0.540643","1.17836","1.73816e-15","3.02502","3.03809","3.07572","7.13335","0","0","0","0","0","0","0","0"
"1.81345","0.500044","0.501141","0.0322031","0.478391","0.539559","1.18114","1.73482e-15","3.04011","3.0463","3.09944","7.10236","0","0","0","0","0","0","0","0"
"1.81673","0.500044","0.500893","0.0322037","0.477074","0.538057","1.17742","1.73502e-15","3.04959","3.05168","3.10179","7.10468","0","0","0","0","0","0","0","0"
"1.82013","0.500044","0.500893","0.0322043","0.476423","0.537591","1.17286","1.73903e-15","3.04386","3.04538","3.10288","7.1729","0","0","0","0","0","0","0","0"
"1.8235","0.500044","0.500893","0.0322049","0.477483","0.539161","1.19499","1.74096e-15","3.03054","3.04161","3.15336","7.15959","0","0","0","0","0","0","0","0"
"1.82688","0.500044","0.500893","0.0322054","0.478426","0.540273","1.19661","1.73751e-15","3.02471","3.03966","3.1329","7.13042","0","0","0","0","0","0","0","0"
"1.83038","0.500044","0.500893","0.0322055","0.477764","0.539968","1.19202","1.7324e-15","3.03073","3.04648","3.15259","7.09229","0","0","0","0","0","0","0","0"
"1.83367","0.500044","0.499902","0.0322049","0.476603","0.539024","1.18972","1.73271e-15","3.03058","3.04946","3.14367","7.09043","0","0","0","0","0","0","0","0"
"1.83705","0.500044","0.499902","0.0322042","0.476947","0.538363","1.1863","1.73781e-15","3.02733","3.04518","3.13491","7.10248","0","0","0","0","0","0","0","0"
"1.84052","0.500044","0.499902","0.0322035","0.477851","0.538863","1.19811","1.74013e-15","3.01959","3.04893","3.13595","7.13006","0","0","0","0","0","0","0","0"
"1.8439","0.500044","0.499902","0.0322028","0.478559","0.538559","1.19522","1.73719e-15","3.02829","3.03873","3.1448","7.09429","0","0","0","0","0","0","0","0"
"1.8474","0.500044","0.499902","0.0322027","0.478093","0.537869","1.19708","1.7337e-15","3.02056","3.03826","3.12012","7.05684","0","0","0","0","0","0","0","0"
"1.8517","0.500044","0.499025","0.0322031","0.476028","0.535932","1.18754","1.73832e-15","3.03154","3.033","3.14206","7.11668","0","0","0","0","0","0","0","0"
"1.8551","0.500044","0.499025","0.0322035","0.477018","0.536845","1.1927","1.73998e-15","3.02944","3.02216","3.12473","7.10184","0","0","0","0","0","0","0","0"
"1.85848","0.500044","0.499025","0.0322038","0.476786","0.536282","1.188","1.73563e-15","3.01609","3.01343","3.12366","7.07281","0","0","0","0","0","0","0","0"
"1.86187","0.500044","0.499025","0.0322041","0.47604","0.534993","1.18615","1.73709e-15","3.01127","3.01455","3.10954","7.10333","0","0","0","0","0","0","0","0"
"1.86537","0.500044","0.499025","0.0322056","0.475585","0.53356","1.19482","1.73899e-15","3.01785","3.02361","3.05997","7.07465","0","0","0","0","0","0","0","0"
"1.86867","0.500044","0.498753","0.032207","0.476785","0.534837","1.20276","1.73706e-15","3.02016","3.03353","3.0616","7.03659","0","0","0","0","0","0","0","0"
"1.87205","0.500044","0.498753","0.0322087","0.477281","0.536219","1.20174","1.73749e-15","3.01341","3.02347","3.05299","7.01408","0","0","0","0","0","0","0","0"
"1.87543","0.500044","0.498753","0.0322101","0.476864","0.535846","1.20051","1.74095e-15","3.02113","3.02705","3.03774","7.0209","0","0","0","0","0","0","0","0"
"1.87977","0.500044","0.498753","0.0322121","0.477402","0.535805","1.19886","1.7386e-15","3.02746","3.01935","3.02426","6.95929","0","0","0","0","0","0","0","0"
"1.88298","0.500044","0.498231","0.0322132","0.477332","0.535217","1.2006","1.73711e-15","3.02793","3.02442","3.0036","6.95094","0","0","0","0","0","0","0","0"
"1.88637","0.500044","0.498231","0.0322143","0.478289","0.536048","1.20374","1.74024e-15","3.0463","3.0238","2.99652","6.97743","0","0","0","0","0","0","0","0"
"1.88975","0.500044","0.498231","0.0322156","0.478806","0.536435","1.20089","1.74265e-15","3.03344","3.01985","2.98756","7.00756","0","0","0","0","0","0","0","0"
"1.89323","0.500044","0.498231","0.0322169","0.478393","0.536693","1.20862","1.74059e-15","3.03938","3.01481","2.96466","6.95596","0","0","0","0","0","0","0","0"
"1.89673","0.500044","0.498231","0.0322179","0.478072","0.536226","1.20667","1.73849e-15","3.03287","3.01695","2.95307","6.92905","0","0","0","0","0","0","0","0"
"1.90002","0.500044","0.497967","0.0322189","0.477537","0.5356","1.19849","1.74089e-15","3.02912","3.02682","2.97614","6.96744","0","0","0","0","0","0","0","0"
"1.9034","0.500044","0.497967","0.0322197","0.476909","0.534763","1.19454","1.74262e-15","3.03047","3.03021","2.98359","6.98881","0","0","0","0","0","0","0","0"
"1.90678","0.500044","0.497967","0.0322207","0.478093","0.53537","1.19966","1.74007e-15","3.02374","3.03021","2.95965","6.95557","0","0","0","0","0","0","0","0"
"1.91017","0.500044","0.497967","0.0322216","0.478642","0.535715","1.19908","1.73932e-15","3.01882","3.03141","2.95409","6.95549","0","0","0","0","0","0","0","0"
"1.91365","0.500044","0.497967","0.0322228","0.477981","0.535846","1.19641","1.73907e-15","3.00938","3.02001","2.94414","6.96457","0","0","0","0","0","0","0","0"
"1.91693","0.500044","0.497988","0.0322242","0.477512","0.535206","1.19691","1.74159e-15","3.00284","3.01982","2.93416","6.98664","0","0","0","0","0","0","0","0"
"1.92032","0.500044","0.497988","0.0322258","0.477039","0.534995","1.1911","1.74094e-15","2.99902","3.01835","2.9439","6.96677","0","0","0","0","0","0","0","0"
"1.9237","0.500044","0.497988","0.0322271","0.476739","0.534995","1.18801","1.7401e-15","2.994","3.01543","2.94344","6.94317","0","0","0","0","0","0","0","0"
"1.9271","0.500044","0.497988","0.0322287","0.476651","0.534157","1.18894","1.74292e-15","2.99506","3.0141","2.91949","6.96361","0","0","0","0","0","0","0","0"
"1.93058","0.500044","0.497988","0.03223","0.476865","0.534703","1.18437","1.74222e-15","2.99421","3.01189","2.92642","6.98149","0","0","0","0","0","0","0","0"
"1.9349","0.500044","0.49779","0.0322318","0.476798","0.534298","1.18318","1.74318e-15","2.99912","3.01456","2.91395","6.98715","0","0","0","0","0","0","0","0"
"1.93828","0.500044","0.49779","0.032233","0.4762","0.53353","1.17856","1.74081e-15","2.996","3.01396","2.93251","6.95339","0","0","0","0","0","0","0","0"
"1.94168","0.500044","0.49779","0.0322344","0.475556","0.532823","1.17846","1.73762e-15","2.99269","3.00782","2.92064","6.91898","0","0","0","0","0","0","0","0"
"1.94508","0.500044","0.49779","0.0322356","0.475711","0.533034","1.17317","1.73673e-15","2.98977","3.01047","2.94111","6.90508","0","0","0","0","0","0","0","0"
"1.94855","0.500044","0.49779","0.0322378","0.475256","0.532908","1.16729","1.73636e-15","2.98663","3.00588","2.95394","6.90759","0","0","0","0","0","0","0","0"
"1.95183","0.500044","0.497517","0.0322399","0.474558","0.531891","1.16266","1.73958e-15","2.98636","3.00544","2.96015","6.94706","0","0","0","0","0","0","0","0"
"1.95522","0.500044","0.497517","0.0322423","0.474406","0.531879","1.16011","1.7391e-15","2.98349","3.00347","2.961","6.96263","0","0","0","0","0","0","0","0"
"1.95863","0.500044","0.497517","0.0322444","0.47477","0.532199","1.16073","1.73717e-15","2.98184","3.00176","2.94444","6.94346","0","0","0","0","0","0","0","0"
"1.9631","0.500044","0.497517","0.0322477","0.474864","0.53282","1.15745","1.73905e-15","2.98493","3.00161","2.93535","6.97763","0","0","0","0","0","0","0","0"
"1.96642","0.500044","0.497126","0.0322503","0.474938","0.533049","1.15146","1.73918e-15","2.99273","3.00123","2.95704","7.00306","0","0","0","0","0","0","0","0"
"1.9698","0.500044","0.497126","0.0322533","0.474738","0.532553","1.15301","1.73731e-15","2.99341","2.99976","2.95406","6.96423","0","0","0","0","0","0","0","0"
"1.9732","0.500044","0.497126","0.0322559","0.474556","0.532946","1.15008","1.73894e-15","2.99256","2.99812","2.95737","7.01091","0","0","0","0","0","0","0","0"
"1.97657","0.500044","0.497126","0.0322589","0.474043","0.532323","1.15055","1.74252e-15","2.9971","2.99871","2.95893","7.06054","0","0","0","0","0","0","0","0"
"1.98007","0.500044","0.497126","0.0322597","0.47414","0.532457","1.15001","1.74031e-15","2.99778","2.9952","2.944","7.04984","0","0","0","0","0","0","0","0"
"1.98335","0.500044","0.496782","0.0322569","0.473395","0.532093","1.15796","1.73787e-15","2.99731","2.99291","2.91911","7.02821","0","0","0","0","0","0","0","0"
"1.98673","0.500044","0.496782","0.0322544","0.474362","0.532627","1.15431","1.74043e-15","3.00679","2.99645","2.92216","7.04715","0","0","0","0","0","0","0","0"
"1.99012","0.500044","0.496782","0.0322516","0.475093","0.533263","1.15225","1.74388e-15","3.02121","3.00741","2.9154","7.0747","0","0","0","0","0","0","0","0"
"1.9935","0.500044","0.496782","0.0322491","0.475617","0.533369","1.15596","1.74127e-15","3.01531","2.99975","2.89462","7.0733","0","0","0","0","0","0","0","0"
"1.99698","0.500044","0.496782","0.0322437","0.476326","0.534522","1.16573","1.73718e-15","3.02811","3.02787","2.99034","7.04527","0","0","0","0","0","0","0","0"
"2.00057","0.500044","0.496672","0.0322361","0.475777","0.534059","1.16354","1.7388e-15","3.02389","3.02313","2.98617","7.0859","0","0","0","0","0","0","0","0"
"2.004","0.500044","0.496672","0.0322272","0.474964","0.533139","1.16173","1.74182e-15","3.01826","3.02215","2.98626","7.10483","0","0","0","0","0","0","0","0"
"2.00755","0.500044","0.496672","0.0322183","0.474811","0.532439","1.16355","1.74046e-15","3.03585","3.03531","2.98261","7.09216","0","0","0","0","0","0","0","0"
"2.0109","0.500044","0.496672","0.0322094","0.474705","0.532326","1.16544","1.73692e-15","3.03252","3.02919","2.96589","7.07211","0","0","0","0","0","0","0","0"
"2.01437","0.500044","0.496672","0.0322031","0.475178","0.532692","1.16211","1.73473e-15","3.03904","3.03727","2.96711","7.04337","0","0","0","0","0","0","0","0"
"2.01957","0.500044","0.496586","0.0321939","0.476189","0.533698","1.16246","1.74154e-15","3.03877","3.03884","2.9721","7.11284","0","0","0","0","0","0","0","0"
"2.0232","0.500044","0.496586","0.0321874","0.475356","0.532664","1.15582","1.74499e-15","3.03774","3.03826","2.9914","7.13638","0","0","0","0","0","0","0","0"
"2.02657","0.500044","0.496586","0.032181","0.476275","0.533782","1.1609","1.74149e-15","3.03877","3.03119","2.9823","7.1102","0","0","0","0","0","0","0","0"
"2.02998","0.500044","0.496586","0.0321773","0.476282","0.533578","1.15505","1.73894e-15","3.02996","3.02679","3.00083","7.08846","0","0","0","0","0","0","0","0"
"2.03355","0.500044","0.496508","0.0321773","0.47631","0.533597","1.15494","1.74e-15","3.0249","3.03018","2.99362","7.12594","0","0","0","0","0","0","0","0"
"2.03722","0.500044","0.496508","0.0321774","0.476422","0.533794","1.16027","1.74404e-15","3.02444","3.0288","2.97784","7.14608","0","0","0","0","0","0","0","0"
"2.04063","0.500044","0.496508","0.0321774","0.475744","0.533194","1.15814","1.74039e-15","3.02964","3.03224","2.96586","7.12259","0","0","0","0","0","0","0","0"
"2.044","0.500044","0.496508","0.0321774","0.475005","0.532421","1.15268","1.73749e-15","3.02902","3.0328","2.98328","7.10296","0","0","0","0","0","0","0","0"
"2.04843","0.500044","0.496508","0.0321787","0.476212","0.533596","1.16671","1.73705e-15","3.03485","3.03425","2.98805","7.08724","0","0","0","0","0","0","0","0"
"2.05195","0.500044","0.496416","0.0321813","0.476393","0.533702","1.16851","1.742e-15","3.02871","3.0367","2.97555","7.0935","0","0","0","0","0","0","0","0"
"2.0552","0.500044","0.496416","0.0321836","0.477336","0.535025","1.16666","1.7394e-15","3.02012","3.02594","2.97344","7.05619","0","0","0","0","0","0","0","0"
"2.05858","0.500044","0.496416","0.0321855","0.476662","0.534158","1.16157","1.73799e-15","3.02089","3.02566","2.98573","7.04559","0","0","0","0","0","0","0","0"
"2.06308","0.500044","0.496416","0.0321881","0.478737","0.536428","1.16484","1.7414e-15","3.02317","3.02658","2.97199","7.04847","0","0","0","0","0","0","0","0"
"2.0664","0.500044","0.496379","0.0321891","0.478683","0.536615","1.16363","1.73965e-15","3.03204","3.02676","2.96798","7.03637","0","0","0","0","0","0","0","0"
"2.0698","0.500044","0.496379","0.0321904","0.478522","0.536241","1.15969","1.73782e-15","3.03621","3.03835","2.97005","7.03108","0","0","0","0","0","0","0","0"
"2.07317","0.500044","0.496379","0.0321914","0.479001","0.536421","1.15501","1.73872e-15","3.03224","3.03421","2.98072","7.02273","0","0","0","0","0","0","0","0"
"2.07655","0.500044","0.496379","0.0321927","0.478723","0.536172","1.15664","1.74341e-15","3.02404","3.02713","2.98079","7.06204","0","0","0","0","0","0","0","0"
"2.08005","0.500044","0.496379","0.0321936","0.478361","0.535767","1.1546","1.74141e-15","3.02611","3.02763","2.97845","7.0429","0","0","0","0","0","0","0","0"
"2.08333","0.500044","0.496506","0.0321942","0.477966","0.535831","1.15736","1.73995e-15","3.0293","3.02023","2.96059","7.03282","0","0","0","0","0","0","0","0"
"2.0867","0.500044","0.496506","0.0321948","0.478134","0.53612","1.1645","1.74216e-15","3.02684","3.02781","2.94983","7.04618","0","0","0","0","0","0","0","0"
"2.0901","0.500044","0.496506","0.0321954","0.476764","0.53493","1.15856","1.74385e-15","3.03126","3.02639","2.96699","7.05981","0","0","0","0","0","0","0","0"
"2.09348","0.500044","0.496506","0.032196","0.476845","0.535202","1.15816","1.74101e-15","3.02423","3.02352","2.95976","7.05727","0","0","0","0","0","0","0","0"
"2.09697","0.500044","0.496506","0.0321963","0.477918","0.536172","1.15669","1.73926e-15","3.02973","3.02827","2.96095","7.04041","0","0","0","0","0","0","0","0"
"2.10247","0.500044","0.49683","0.0321961","0.478519","0.536511","1.1576","1.74411e-15","3.02335","3.02296","2.9388","7.05674","0","0","0","0","0","0","0","0"
"2.10572","0.500044","0.49683","0.0321959","0.477793","0.53567","1.1549","1.74229e-15","3.02396","3.02436","2.93358","7.03268","0","0","0","0","0","0","0","0"
"2.10912","0.500044","0.49683","0.0321958","0.47818","0.535757","1.15256","1.74179e-15","3.03442","3.0263","2.93267","7.03543","0","0","0","0","0","0","0","0"
"2.1131","0.500044","0.49683","0.0321952","0.477643","0.535193","1.15209","1.74451e-15","3.03445","3.02582","2.92917","7.02766","0","0","0","0","0","0","0","0"
"2.1164","0.500044","0.496708","0.0321939","0.477385","0.534504","1.14719","1.74296e-15","3.03277","3.02703","2.94099","7.0072","0","0","0","0","0","0","0","0"
"2.11997","0.500044","0.496708","0.0321924","0.477249","0.534334","1.14771","1.74025e-15","3.04239","3.03322","2.93095","6.99489","0","0","0","0","0","0","0","0"
"2.12335","0.500044","0.496708","0.0321912","0.477781","0.53478","1.1496","1.742e-15","3.04192","3.03019","2.93535","7.01957","0","0","0","0","0","0","0","0"
"2.12673","0.500044","0.496708","0.0321897","0.477285","0.534063","1.14791","1.74448e-15","3.0423","3.03461","2.92492","7.04919","0","0","0","0","0","0","0","0"
"2.13025","0.500044","0.496708","0.0321874","0.478035","0.534475","1.15987","1.74267e-15","3.05498","3.05049","2.97946","7.03852","0","0","0","0","0","0","0","0"
"2.13352","0.500044","0.49664","0.0321823","0.477638","0.533978","1.16054","1.73902e-15","3.04777","3.04542","2.9716","7.02727","0","0","0","0","0","0","0","0"
"2.13688","0.500044","0.49664","0.032178","0.478106","0.534289","1.16663","1.73911e-15","3.04683","3.04346","2.97083","7.041","0","0","0","0","0","0","0","0"
"2.14028","0.500044","0.49664","0.032173","0.478267","0.534553","1.16417","1.74235e-15","3.0359","3.0414","2.96974","7.0596","0","0","0","0","0","0","0","0"
"2.14365","0.500044","0.49664","0.0321686","0.478003","0.534686","1.16149","1.74375e-15","3.03714","3.03459","2.97882","7.06939","0","0","0","0","0","0","0","0"
"2.14715","0.500044","0.49664","0.0321633","0.477849","0.534352","1.16373","1.74118e-15","3.03148","3.03162","2.95662","7.03937","0","0","0","0","0","0","0","0"
"2.15043","0.500044","0.496453","0.0321586","0.477659","0.534045","1.16668","1.74112e-15","3.02366","3.02319","2.95803","7.03302","0","0","0","0","0","0","0","0"
"2.15382","0.500044","0.496453","0.0321531","0.47805","0.534884","1.17378","1.74253e-15","3.01632","3.02555","2.95357","7.06522","0","0","0","0","0","0","0","0"
"2.1572","0.500044","0.496453","0.0321484","0.478124","0.534539","1.17074","1.74612e-15","3.01113","3.02063","2.95451","7.08692","0","0","0","0","0","0","0","0"
"2.16058","0.500044","0.496453","0.0321428","0.477947","0.533583","1.16794","1.74573e-15","3.00629","3.02431","2.96135","7.06395","0","0","0","0","0","0","0","0"
"2.1641","0.500044","0.496453","0.0321393","0.47772","0.533521","1.16816","1.74217e-15","3.01931","3.02803","2.9484","7.03973","0","0","0","0","0","0","0","0"
"2.16737","0.500044","0.496312","0.0321365","0.478302","0.534105","1.17928","1.74239e-15","3.01883","3.02405","2.97587","7.0441","0","0","0","0","0","0","0","0"
"2.17075","0.500044","0.496312","0.032134","0.479274","0.534589","1.1788","1.74544e-15","3.01163","3.01659","2.96346","7.05066","0","0","0","0","0","0","0","0"
"2.17413","0.500044","0.496312","0.0321312","0.47971","0.534992","1.17591","1.74492e-15","3.00227","3.00945","2.96832","7.05562","0","0","0","0","0","0","0","0"
"2.17752","0.500044","0.496312","0.0321288","0.479546","0.534771","1.17492","1.74285e-15","3.00914","3.02159","2.9636","7.04577","0","0","0","0","0","0","0","0"
"2.181","0.500044","0.496312","0.0321265","0.478297","0.53392","1.16801","1.74361e-15","3.01528","3.03234","2.9881","7.05548","0","0","0","0","0","0","0","0"
"2.18585","0.500044","0.496217","0.0321242","0.477798","0.53404","1.17196","1.74558e-15","3.01019","3.02584","2.98","7.06694","0","0","0","0","0","0","0","0"
"2.18923","0.500044","0.496217","0.0321223","0.477618","0.533807","1.17251","1.74158e-15","3.00926","3.02759","2.96125","7.05459","0","0","0","0","0","0","0","0"
"2.19262","0.500044","0.496217","0.0321207","0.47738","0.533351","1.1763","1.74159e-15","3.00324","3.02733","2.95071","7.08926","0","0","0","0","0","0","0","0"
"2.19642","0.500044","0.496217","0.0321189","0.477481","0.533294","1.1727","1.74406e-15","3.00328","3.02484","2.9494","7.09949","0","0","0","0","0","0","0","0"
"2.19965","0.500044","0.496205","0.0321181","0.477262","0.533573","1.16734","1.74246e-15","2.9986","3.017","2.96805","7.067","0","0","0","0","0","0","0","0"
"2.20303","0.500044","0.496205","0.0321172","0.478451","0.535059","1.17077","1.7421e-15","2.99767","3.02539","2.96709","7.08873","0","0","0","0","0","0","0","0"
"2.20645","0.500044","0.496205","0.0321162","0.478704","0.535242","1.1763","1.74509e-15","2.99612","3.02262","2.96309","7.11152","0","0","0","0","0","0","0","0"
"2.2098","0.500044","0.496205","0.0321154","0.478669","0.535375","1.17541","1.74264e-15","2.99129","3.01864","2.95363","7.10447","0","0","0","0","0","0","0","0"
"2.2133","0.500044","0.496205","0.0321145","0.477792","0.534594","1.17635","1.73984e-15","2.99273","3.01893","2.93794","7.09164","0","0","0","0","0","0","0","0"
"2.21658","0.500044","0.496079","0.032114","0.477686","0.534336","1.17634","1.74128e-15","2.99173","3.01798","2.93232","7.1077","0","0","0","0","0","0","0","0"
"2.21997","0.500044","0.496079","0.0321134","0.478083","0.534515","1.17797","1.7409e-15","2.99573","3.02825","2.93183","7.10544","0","0","0","0","0","0","0","0"
"2.22335","0.500044","0.496079","0.0321129","0.478751","0.53618","1.18586","1.73926e-15","2.99321","3.02403","2.95372","7.07991","0","0","0","0","0","0","0","0"
"2.22673","0.500044","0.496079","0.0321122","0.478104","0.535624","1.18476","1.74065e-15","2.99337","3.02243","2.94507","7.09034","0","0","0","0","0","0","0","0"
"2.23025","0.500044","0.496079","0.0321123","0.479009","0.536837","1.19636","1.74228e-15","2.99527","3.01822","2.9554","7.10322","0","0","0","0","0","0","0","0"
"2.2335","0.500044","0.49603","0.0321138","0.479452","0.537746","1.19552","1.74086e-15","2.9951","3.01554","2.9469","7.10064","0","0","0","0","0","0","0","0"
"2.23692","0.500044","0.49603","0.0321151","0.479312","0.537715","1.19844","1.73831e-15","2.98852","3.00983","2.92463","7.08246","0","0","0","0","0","0","0","0"
"2.24032","0.500044","0.49603","0.0321166","0.479469","0.538055","1.19445","1.73695e-15","2.99211","3.01637","2.93635","7.07559","0","0","0","0","0","0","0","0"
"2.24387","0.500044","0.49603","0.0321181","0.479751","0.538941","1.19449","1.73782e-15","2.9932","3.02563","2.93347","7.08062","0","0","0","0","0","0","0","0"
"2.24732","0.500044","0.49603","0.0321198","0.479618","0.53888","1.19535","1.73824e-15","2.9948","3.02363","2.93217","7.05483","0","0","0","0","0","0","0","0"
"2.25085","0.500044","0.496123","0.0321223","0.48006","0.539082","1.19769","1.73832e-15","2.98686","3.02072","2.92433","7.03019","0","0","0","0","0","0","0","0"
"2.25468","0.500044","0.496123","0.0321249","0.480232","0.539633","1.19588","1.73615e-15","2.98089","3.01509","2.91696","7.00531","0","0","0","0","0","0","0","0"
"2.25818","0.500044","0.496123","0.0321274","0.480303","0.539355","1.19433","1.73638e-15","2.97258","3.01134","2.91365","7.01187","0","0","0","0","0","0","0","0"
"2.26185","0.500044","0.496123","0.03213","0.480699","0.539708","1.18947","1.73895e-15","2.97376","3.00353","2.926","7.04717","0","0","0","0","0","0","0","0"
"2.26828","0.500044","0.496123","0.0321322","0.480573","0.5394","1.18475","1.73441e-15","2.97253","3.00208","2.92606","7.02269","0","0","0","0","0","0","0","0"
"2.27203","0.500044","0.496424","0.0321332","0.481217","0.54017","1.18466","1.73584e-15","2.97321","3.00239","2.92043","7.07462","0","0","0","0","0","0","0","0"
"2.27553","0.500044","0.496424","0.0321342","0.481005","0.540321","1.18634","1.73774e-15","2.97574","3.00029","2.93128","7.07289","0","0","0","0","0","0","0","0"
"2.28067","0.500044","0.496424","0.0321347","0.481165","0.540078","1.18316","1.73549e-15","2.97857","2.99852","2.93462","7.03985","0","0","0","0","0","0","0","0"
"2.28397","0.500044","0.496707","0.0321314","0.480127","0.539093","1.18812","1.73628e-15","2.98088","3.0023","2.9023","7.06036","0","0","0","0","0","0","0","0"
"2.28752","0.500044","0.496707","0.0321288","0.479706","0.538393","1.18827","1.73686e-15","2.98505","3.00458","2.89073","7.07773","0","0","0","0","0","0","0","0"
"2.29118","0.500044","0.496707","0.0321262","0.479594","0.538337","1.18961","1.73433e-15","2.98134","3.00236","2.88478","7.05576","0","0","0","0","0","0","0","0"
"2.29452","0.500044","0.496707","0.032124","0.479155","0.538038","1.1861","1.73391e-15","2.97893","3.00115","2.89184","7.08158","0","0","0","0","0","0","0","0"
"2.29828","0.500044","0.496707","0.0321237","0.479797","0.538965","1.19187","1.73412e-15","2.97587","3.00281","2.87518","7.09919","0","0","0","0","0","0","0","0"
"2.30185","0.500044","0.496876","0.0321243","0.480024","0.53927","1.18999","1.73534e-15","2.97925","3.00587","2.87683","7.07193","0","0","0","0","0","0","0","0"
"2.30565","0.500044","0.496876","0.032125","0.480727","0.539518","1.18632","1.73334e-15","2.9773","3.00782","2.88416","7.0498","0","0","0","0","0","0","0","0"
"2.30918","0.500044","0.496876","0.0321256","0.48152","0.540201","1.18611","1.73492e-15","2.97458","3.00654","2.87546","7.07741","0","0","0","0","0","0","0","0"
"2.31385","0.500044","0.496876","0.0321265","0.48149","0.539877","1.18625","1.73634e-15","2.97111","3.005","2.86809","7.08376","0","0","0","0","0","0","0","0"
"2.31752","0.500044","0.496686","0.032128","0.480293","0.538756","1.17981","1.73426e-15","2.97523","3.00812","2.88634","7.054","0","0","0","0","0","0","0","0"
"2.32118","0.500044","0.496686","0.0321293","0.479774","0.538066","1.17606","1.73412e-15","2.9783","3.00973","2.89121","7.06552","0","0","0","0","0","0","0","0"
"2.32485","0.500044","0.496686","0.0321305","0.480283","0.538667","1.17293","1.73671e-15","2.97332","3.00509","2.89587","7.06945","0","0","0","0","0","0","0","0"
"2.32825","0.500044","0.496686","0.0321318","0.479921","0.538124","1.16881","1.73605e-15","2.97035","3.00224","2.90332","7.05616","0","0","0","0","0","0","0","0"
"2.33177","0.500044","0.496686","0.0321338","0.47973","0.53783","1.16719","1.73336e-15","2.96696","3.00642","2.89998","7.04887","0","0","0","0","0","0","0","0"
"2.33502","0.500044","0.496718","0.0321364","0.479278","0.537024","1.16405","1.73388e-15","2.97032","3.009","2.90321","7.05887","0","0","0","0","0","0","0","0"
"2.3384","0.500044","0.496718","0.0321386","0.479273","0.537093","1.1631","1.73597e-15","2.97536","3.00569","2.8995","7.06595","0","0","0","0","0","0","0","0"
"2.34178","0.500044","0.496718","0.0321411","0.479347","0.537616","1.16855","1.73324e-15","2.97285","3.0022","2.89703","7.05306","0","0","0","0","0","0","0","0"
"2.34517","0.500044","0.496718","0.0321433","0.479659","0.538035","1.16852","1.73351e-15","2.96877","3.00163","2.88645","7.06929","0","0","0","0","0","0","0","0"
"2.34867","0.500044","0.496718","0.0321445","0.480209","0.538786","1.16812","1.73381e-15","2.97294","3.00199","2.89123","7.08506","0","0","0","0","0","0","0","0"
"2.35195","0.500044","0.496637","0.0321453","0.480374","0.538814","1.16981","1.73257e-15","2.96992","2.99763","2.90438","7.0637","0","0","0","0","0","0","0","0"
"2.35533","0.500044","0.496637","0.0321462","0.480086","0.538535","1.17177","1.73163e-15","2.96838","2.99942","2.9013","7.06855","0","0","0","0","0","0","0","0"
"2.35872","0.500044","0.496637","0.032147","0.480606","0.539271","1.17416","1.73449e-15","2.9711","3.00177","2.90428","7.08166","0","0","0","0","0","0","0","0"
"2.3631","0.500044","0.496637","0.0321481","0.480566","0.53946","1.18233","1.73265e-15","2.96922","3.02172","2.88669","7.06163","0","0","0","0","0","0","0","0"
"2.36642","0.500044","0.496464","0.0321487","0.479989","0.538805","1.17969","1.73174e-15","2.96855","3.02246","2.88901","7.05944","0","0","0","0","0","0","0","0"
"2.36993","0.500044","0.496464","0.0321494","0.478607","0.537572","1.17601","1.73476e-15","2.97485","3.02943","2.89355","7.09095","0","0","0","0","0","0","0","0"
"2.37362","0.500044","0.496464","0.03215","0.478859","0.537923","1.17546","1.73471e-15","2.97467","3.02741","2.88648","7.08962","0","0","0","0","0","0","0","0"
"2.37728","0.500044","0.496464","0.0321507","0.47946","0.538885","1.17957","1.73285e-15","2.97428","3.0317","2.87485","7.07155","0","0","0","0","0","0","0","0"
"2.38105","0.500044","0.496464","0.0321507","0.479048","0.53857","1.17948","1.73205e-15","2.98006","3.03462","2.86758","7.0588","0","0","0","0","0","0","0","0"
"2.38462","0.500044","0.49659","0.0321503","0.478909","0.538794","1.17952","1.73583e-15","2.98196","3.0399","2.86094","7.0743","0","0","0","0","0","0","0","0"
"2.38827","0.500044","0.49659","0.0321499","0.479799","0.539723","1.18267","1.73522e-15","2.97836","3.03003","2.86678","7.04386","0","0","0","0","0","0","0","0"
"2.39162","0.500044","0.49659","0.0321494","0.479191","0.539096","1.17932","1.73415e-15","2.97783","3.03137","2.87242","7.03102","0","0","0","0","0","0","0","0"
"2.39643","0.500044","0.49659","0.032149","0.478374","0.538495","1.17356","1.73415e-15","2.97433","3.03181","2.88507","7.06621","0","0","0","0","0","0","0","0"
"2.39995","0.500044","0.496498","0.032149","0.478895","0.539776","1.17369","1.73446e-15","2.97463","3.0427","2.88257","7.07502","0","0","0","0","0","0","0","0"
"2.40358","0.500044","0.496498","0.032149","0.480312","0.541164","1.17863","1.73272e-15","2.99784","3.04373","2.89152","7.05063","0","0","0","0","0","0","0","0"
"2.40692","0.500044","0.496498","0.0321491","0.479674","0.540729","1.17676","1.73181e-15","2.99832","3.04418","2.89041","7.04805","0","0","0","0","0","0","0","0"
"2.4104","0.500044","0.496498","0.0321491","0.480265","0.541753","1.19006","1.73394e-15","3.0199","3.0495","3.00779","7.1014","0","0","0","0","0","0","0","0"
"2.4146","0.500044","0.496498","0.0321475","0.480514","0.542232","1.19168","1.73494e-15","3.01836","3.04298","2.99334","7.09307","0","0","0","0","0","0","0","0"
"2.4181","0.500044","0.496474","0.0321431","0.480541","0.542638","1.1893","1.73394e-15","3.01906","3.04017","2.99099","7.06416","0","0","0","0","0","0","0","0"
"2.4216","0.500044","0.496474","0.0321392","0.480164","0.542624","1.19313","1.73214e-15","3.01657","3.03651","2.97838","7.04437","0","0","0","0","0","0","0","0"
"2.4253","0.500044","0.496474","0.0321353","0.480003","0.542758","1.20195","1.73258e-15","3.01362","3.03664","2.97119","7.05108","0","0","0","0","0","0","0","0"
"2.43052","0.500044","0.496474","0.0321295","0.480928","0.543741","1.20091","1.73512e-15","3.01637","3.02868","2.9614","7.08634","0","0","0","0","0","0","0","0"
"2.43543","0.500044","0.496629","0.0321183","0.480757","0.544134","1.19881","1.73561e-15","3.00787","3.02546","2.96605","7.04332","0","0","0","0","0","0","0","0"
"2.4391","0.500044","0.496629","0.0321113","0.480297","0.543648","1.1958","1.73334e-15","3.00539","3.02526","2.9686","7.01593","0","0","0","0","0","0","0","0"
"2.44277","0.500044","0.496629","0.0321042","0.480491","0.544009","1.19517","1.7337e-15","3.00273","3.03011","2.95847","7.04358","0","0","0","0","0","0","0","0"
"2.44648","0.500044","0.496629","0.0320983","0.480504","0.543767","1.19773","1.73567e-15","2.99776","3.02443","2.94862","7.04432","0","0","0","0","0","0","0","0"
"2.45007","0.500044","0.496862","0.0320957","0.480486","0.54358","1.19841","1.73539e-15","3.00896","3.02628","2.94302","7.03086","0","0","0","0","0","0","0","0"
"2.4535","0.500044","0.496862","0.0320934","0.480363","0.543248","1.1942","1.73337e-15","3.00955","3.02539","2.95458","7.01181","0","0","0","0","0","0","0","0"
"2.4571","0.500044","0.496862","0.0320907","0.480513","0.542904","1.19106","1.73265e-15","3.00708","3.02596","2.9611","7.01526","0","0","0","0","0","0","0","0"
"2.46077","0.500044","0.496862","0.032088","0.480543","0.542801","1.19097","1.73426e-15","3.00673","3.02561","2.9484","7.05018","0","0","0","0","0","0","0","0"
"2.46457","0.500044","0.496862","0.0320865","0.480065","0.542502","1.18981","1.73473e-15","3.00323","3.02258","2.94641","7.03785","0","0","0","0","0","0","0","0"
"2.46778","0.500044","0.497036","0.0320858","0.479847","0.54194","1.18607","1.73382e-15","3.00256","3.01803","2.95197","7.01624","0","0","0","0","0","0","0","0"
"2.47132","0.500044","0.497036","0.0320852","0.479647","0.541372","1.18637","1.73199e-15","2.996","3.01521","2.94024","7.00936","0","0","0","0","0","0","0","0"
"2.47498","0.500044","0.497036","0.0320845","0.479821","0.541524","1.18667","1.73352e-15","2.9919","3.01377","2.92839","7.04714","0","0","0","0","0","0","0","0"
"2.48065","0.500044","0.497036","0.0320841","0.481079","0.542805","1.18779","1.73556e-15","2.98609","3.01367","2.92692","7.05122","0","0","0","0","0","0","0","0"
"2.48432","0.500044","0.496982","0.0320851","0.481211","0.542762","1.18829","1.73243e-15","2.98701","3.0125","2.92792","7.03067","0","0","0","0","0","0","0","0"
"2.48802","0.500044","0.496982","0.0320862","0.481019","0.542504","1.19095","1.73163e-15","2.98563","3.00802","2.94524","7.02937","0","0","0","0","0","0","0","0"
"2.49165","0.500044","0.496982","0.0320871","0.480655","0.541925","1.18885","1.73446e-15","2.98698","3.00935","2.94707","7.05552","0","0","0","0","0","0","0","0"
"2.49642","0.500044","0.496982","0.0320884","0.479479","0.540983","1.18652","1.73456e-15","2.98889","3.00897","2.96318","7.0523","0","0","0","0","0","0","0","0"
"2.49977","0.500044","0.496863","0.0320899","0.479441","0.541006","1.18444","1.73278e-15","2.98738","3.00391","2.96678","7.0348","0","0","0","0","0","0","0","0"
"2.50313","0.500044","0.496863","0.0320915","0.479894","0.541389","1.18212","1.73283e-15","2.98243","2.99732","2.96803","7.04032","0","0","0","0","0","0","0","0"
"2.5068","0.500044","0.496863","0.0320932","0.481159","0.542385","1.18138","1.73438e-15","2.98826","2.9955","2.96844","7.06944","0","0","0","0","0","0","0","0"
"2.51027","0.500044","0.496863","0.0320946","0.480929","0.542288","1.18007","1.73632e-15","2.98887","2.9938","2.96645","7.08913","0","0","0","0","0","0","0","0"
"2.51392","0.500044","0.496863","0.0320965","0.480512","0.541817","1.17729","1.73646e-15","2.98872","2.99272","2.97823","7.08737","0","0","0","0","0","0","0","0"
"2.5185","0.500044","0.496902","0.0320994","0.480921","0.542119","1.17969","1.73458e-15","2.98847","2.99348","2.99464","7.0649","0","0","0","0","0","0","0","0"
"2.52188","0.500044","0.496902","0.0321016","0.481764","0.542983","1.18092","1.73373e-15","2.9923","2.99196","2.9896","7.06065","0","0","0","0","0","0","0","0"
"2.52527","0.500044","0.496902","0.0321036","0.482022","0.543309","1.18079","1.73499e-15","2.99186","2.99772","2.97961","7.08991","0","0","0","0","0","0","0","0"
"2.52975","0.500044","0.496902","0.0321062","0.481312","0.542641","1.17708","1.7366e-15","2.99654","3.00433","2.98314","7.10099","0","0","0","0","0","0","0","0"
"2.5331","0.500044","0.496843","0.0321075","0.480932","0.542289","1.17693","1.73502e-15","2.99744","3.00314","2.97609","7.08602","0","0","0","0","0","0","0","0"
"2.53648","0.500044","0.496843","0.0321089","0.481054","0.542557","1.18223","1.7338e-15","2.99932","3.00556","2.9713","7.07092","0","0","0","0","0","0","0","0"
"2.53987","0.500044","0.496843","0.0321101","0.480374","0.542153","1.17971","1.73549e-15","3.00308","3.00413","2.97741","7.10807","0","0","0","0","0","0","0","0"
"2.54327","0.500044","0.496843","0.0321116","0.480694","0.542486","1.18234","1.73749e-15","3.00613","3.00237","2.97512","7.12086","0","0","0","0","0","0","0","0"
"2.54675","0.500044","0.496843","0.0321134","0.480402","0.542083","1.17993","1.73692e-15","3.00282","2.99986","2.97815","7.11263","0","0","0","0","0","0","0","0"
"2.55003","0.500044","0.497038","0.0321169","0.481021","0.543124","1.18042","1.73502e-15","3.00465","3.00774","2.97039","7.09994","0","0","0","0","0","0","0","0"
"2.55342","0.500044","0.497038","0.0321199","0.480827","0.542981","1.17857","1.73523e-15","3.00137","3.00789","2.96715","7.11996","0","0","0","0","0","0","0","0"
"2.5568","0.500044","0.497038","0.0321234","0.480501","0.542515","1.17476","1.73722e-15","2.99977","3.00527","2.9741","7.14904","0","0","0","0","0","0","0","0"
"2.56018","0.500044","0.497038","0.0321264","0.480745","0.543146","1.1781","1.73747e-15","3.00183","3.00952","2.96718","7.14196","0","0","0","0","0","0","0","0"
"2.56367","0.500044","0.497038","0.0321298","0.481029","0.543174","1.18079","1.73507e-15","2.9966","3.00201","2.95865","7.12022","0","0","0","0","0","0","0","0"
"2.56695","0.500044","0.497037","0.0321327","0.481298","0.543435","1.17936","1.73511e-15","2.99696","3.00147","2.95587","7.12541","0","0","0","0","0","0","0","0"
"2.57028","0.500044","0.497037","0.0321361","0.480993","0.542872","1.17558","1.73712e-15","2.99604","3.00013","2.96221","7.13185","0","0","0","0","0","0","0","0"
"2.57365","0.500044","0.497037","0.032139","0.480853","0.542715","1.17175","1.73874e-15","2.99721","3.00051","2.97251","7.1368","0","0","0","0","0","0","0","0"
"2.57702","0.500044","0.497037","0.0321424","0.481879","0.543454","1.17032","1.73733e-15","2.99365","2.99584","2.97654","7.122","0","0","0","0","0","0","0","0"
"2.58072","0.500044","0.497037","0.0321449","0.48153","0.542953","1.16648","1.73476e-15","2.992","2.99546","2.98702","7.10948","0","0","0","0","0","0","0","0"
"2.58398","0.500044","0.497075","0.0321472","0.481768","0.542948","1.16864","1.73594e-15","2.98995","2.99471","2.98023","7.13907","0","0","0","0","0","0","0","0"
"2.58735","0.500044","0.497075","0.0321492","0.482523","0.543793","1.17493","1.73646e-15","2.99493","2.99746","2.97002","7.13882","0","0","0","0","0","0","0","0"
"2.59075","0.500044","0.497075","0.0321516","0.482674","0.543711","1.17198","1.73436e-15","2.99666","2.99296","2.97549","7.11878","0","0","0","0","0","0","0","0"
"2.59413","0.500044","0.497075","0.0321536","0.482412","0.543634","1.1721","1.73401e-15","3.00217","2.98828","2.97913","7.1175","0","0","0","0","0","0","0","0"
"2.59762","0.500044","0.497075","0.0321547","0.482949","0.54357","1.17785","1.73414e-15","3.00642","2.98546","2.97909","7.12388","0","0","0","0","0","0","0","0"
"2.60193","0.500044","0.497213","0.0321549","0.48332","0.543609","1.17811","1.73601e-15","3.00704","2.98409","2.96881","7.12254","0","0","0","0","0","0","0","0"
"2.60533","0.500044","0.497213","0.0321551","0.484224","0.544017","1.18146","1.73407e-15","3.00865","2.98859","2.95175","7.10488","0","0","0","0","0","0","0","0"
"2.60872","0.500044","0.497213","0.0321552","0.484155","0.54374","1.18148","1.73358e-15","3.01403","2.99154","2.94916","7.08575","0","0","0","0","0","0","0","0"
"2.61308","0.500044","0.497213","0.0321565","0.483856","0.543425","1.17894","1.7341e-15","3.01242","2.99685","2.95257","7.10348","0","0","0","0","0","0","0","0"
"2.61627","0.500044","0.497399","0.0321598","0.483786","0.543486","1.17916","1.73358e-15","3.01058","2.99433","2.95539","7.11429","0","0","0","0","0","0","0","0"
"2.61965","0.500044","0.497399","0.0321631","0.484017","0.543421","1.18229","1.73177e-15","3.01178","2.99261","2.94181","7.10132","0","0","0","0","0","0","0","0"
"2.62303","0.500044","0.497399","0.0321669","0.483857","0.543229","1.19238","1.73265e-15","3.01198","2.98864","2.9381","7.11697","0","0","0","0","0","0","0","0"
"2.62642","0.500044","0.497399","0.0321702","0.483794","0.542663","1.19756","1.73395e-15","3.01427","2.98894","2.94302","7.13718","0","0","0","0","0","0","0","0"
"2.62992","0.500044","0.497399","0.0321734","0.483434","0.54203","1.19542","1.73444e-15","3.01425","2.98951","2.9411","7.12285","0","0","0","0","0","0","0","0"
"2.63318","0.500044","0.497559","0.0321745","0.483027","0.541616","1.19167","1.73304e-15","3.01447","2.98784","2.95059","7.09667","0","0","0","0","0","0","0","0"
"2.63658","0.500044","0.497559","0.0321758","0.483556","0.541956","1.19356","1.73208e-15","3.02038","2.98828","2.9529","7.08459","0","0","0","0","0","0","0","0"
"2.63997","0.500044","0.497559","0.032177","0.483893","0.542216","1.19215","1.73274e-15","3.01961","2.9871","2.95233","7.10297","0","0","0","0","0","0","0","0"
"2.64335","0.500044","0.497559","0.0321783","0.483614","0.541857","1.18928","1.73498e-15","3.01827","2.98947","2.95369","7.13639","0","0","0","0","0","0","0","0"
"2.64687","0.500044","0.497559","0.0321795","0.482945","0.541027","1.18791","1.73529e-15","3.01891","2.99126","2.95344","7.13894","0","0","0","0","0","0","0","0"
"2.65012","0.500044","0.497463","0.032181","0.48316","0.541018","1.18737","1.73307e-15","3.01678","2.98961","2.94564","7.11537","0","0","0","0","0","0","0","0"
"2.6535","0.500044","0.497463","0.0321823","0.482963","0.540952","1.18887","1.73241e-15","3.01208","2.98873","2.94172","7.10755","0","0","0","0","0","0","0","0"
"2.65688","0.500044","0.497463","0.0321838","0.482819","0.540755","1.18875","1.73417e-15","3.01074","2.98934","2.93242","7.12842","0","0","0","0","0","0","0","0"
"2.66027","0.500044","0.497463","0.032185","0.483348","0.540949","1.18475","1.73588e-15","3.00781","2.98587","2.94428","7.14832","0","0","0","0","0","0","0","0"
"2.66377","0.500044","0.497463","0.0321861","0.484455","0.541614","1.18486","1.73808e-15","3.00566","2.98154","2.94247","7.14667","0","0","0","0","0","0","0","0"
"2.66705","0.500044","0.49726","0.0321864","0.484737","0.541814","1.18509","1.73861e-15","3.0026","2.98086","2.93949","7.13078","0","0","0","0","0","0","0","0"
"2.67043","0.500044","0.49726","0.0321868","0.485239","0.5421","1.18085","1.73735e-15","2.99949","2.9766","2.94897","7.10625","0","0","0","0","0","0","0","0"
"2.67382","0.500044","0.49726","0.0321872","0.485134","0.541842","1.17745","1.73542e-15","2.99595","2.97427","2.95648","7.08598","0","0","0","0","0","0","0","0"
"2.6772","0.500044","0.49726","0.0321876","0.484989","0.541507","1.1799","1.73423e-15","2.99211","2.97148","2.94362","7.07779","0","0","0","0","0","0","0","0"
"2.6807","0.500044","0.49726","0.0321892","0.485104","0.54129","1.17984","1.7339e-15","2.98775","2.96996","2.95435","7.07578","0","0","0","0","0","0","0","0"
"2.68527","0.500044","0.497213","0.0321933","0.485025","0.541401","1.17899","1.73622e-15","2.98232","2.9691","2.95658","7.0935","0","0","0","0","0","0","0","0"
"2.68865","0.500044","0.497213","0.0321966","0.48447","0.54078","1.17561","1.73664e-15","2.98449","2.97175","2.96425","7.08991","0","0","0","0","0","0","0","0"
"2.69205","0.500044","0.497213","0.0321993","0.484652","0.540793","1.17414","1.73524e-15","2.9767","2.96553","2.96512","7.06618","0","0","0","0","0","0","0","0"
"2.69643","0.500044","0.497213","0.0322031","0.483857","0.540287","1.17393","1.73368e-15","2.97962","2.96528","2.95474","7.03541","0","0","0","0","0","0","0","0"
"2.6996","0.500044","0.497452","0.032205","0.48367","0.540251","1.17469","1.73349e-15","2.97472","2.96254","2.95851","7.04353","0","0","0","0","0","0","0","0"
"2.70298","0.500044","0.497452","0.0322069","0.48319","0.539786","1.17371","1.73621e-15","2.97371","2.96219","2.95293","7.07112","0","0","0","0","0","0","0","0"
"2.70637","0.500044","0.497452","0.0322091","0.483055","0.539467","1.17271","1.73915e-15","2.97031","2.96004","2.94852","7.10249","0","0","0","0","0","0","0","0"
"2.70975","0.500044","0.497452","0.0322109","0.482495","0.53896","1.17291","1.73934e-15","2.97204","2.95874","2.9421","7.09773","0","0","0","0","0","0","0","0"
"2.71323","0.500044","0.497452","0.0322131","0.482902","0.539185","1.17227","1.73688e-15","2.97941","2.96767","2.94444","7.07799","0","0","0","0","0","0","0","0"
"2.71652","0.500044","0.497459","0.032215","0.482856","0.539095","1.1706","1.73563e-15","2.98439","2.97709","2.94462","7.05504","0","0","0","0","0","0","0","0"
"2.7199","0.500044","0.497459","0.0322172","0.481738","0.537761","1.16745","1.73542e-15","2.99035","2.98335","2.94863","7.07438","0","0","0","0","0","0","0","0"
"2.72325","0.500044","0.497459","0.032219","0.481395","0.537406","1.1691","1.73631e-15","2.98707","2.98292","2.93552","7.08343","0","0","0","0","0","0","0","0"
"2.72667","0.500044","0.497459","0.0322213","0.481634","0.537718","1.16788","1.73939e-15","2.98323","2.97907","2.93061","7.11228","0","0","0","0","0","0","0","0"
"2.73017","0.500044","0.497459","0.0322233","0.481328","0.537217","1.16747","1.74095e-15","2.98511","2.98121","2.92425","7.11417","0","0","0","0","0","0","0","0"
"2.73357","0.500044","0.497229","0.0322262","0.481303","0.5372","1.16743","1.74004e-15","2.9809","2.98082","2.92344","7.09803","0","0","0","0","0","0","0","0"
"2.73675","0.500044","0.497229","0.0322287","0.480604","0.536458","1.16589","1.73898e-15","2.98214","2.98193","2.923","7.07315","0","0","0","0","0","0","0","0"
"2.7401","0.500044","0.497229","0.0322316","0.48035","0.536091","1.16558","1.73718e-15","2.98148","2.98463","2.91624","7.06791","0","0","0","0","0","0","0","0"
"2.74348","0.500044","0.497229","0.0322341","0.480217","0.53595","1.16421","1.73827e-15","2.98456","2.9846","2.91452","7.08968","0","0","0","0","0","0","0","0"
"2.74697","0.500044","0.497229","0.0322372","0.480638","0.535962","1.16837","1.73927e-15","2.98396","2.98422","2.91271","7.09473","0","0","0","0","0","0","0","0"
"2.75038","0.500044","0.496907","0.03224","0.48068","0.536055","1.16458","1.7409e-15","2.98216","2.98558","2.92388","7.10094","0","0","0","0","0","0","0","0"
"2.75377","0.500044","0.496907","0.0322434","0.48074","0.53618","1.16688","1.74016e-15","2.98707","3.00325","2.93334","7.07562","0","0","0","0","0","0","0","0"
"2.75717","0.500044","0.496907","0.0322462","0.480594","0.53607","1.16879","1.73859e-15","2.98605","2.9997","2.93852","7.05218","0","0","0","0","0","0","0","0"
"2.76055","0.500044","0.496907","0.0322495","0.481265","0.53677","1.16789","1.73813e-15","2.98047","2.99203","2.93697","7.04976","0","0","0","0","0","0","0","0"
"2.76405","0.500044","0.496907","0.0322528","0.480855","0.53623","1.1641","1.73762e-15","2.98012","2.99636","2.94863","7.04378","0","0","0","0","0","0","0","0"
"2.76862","0.500044","0.496593","0.0322581","0.481404","0.536394","1.16901","1.74002e-15","2.9739","2.98857","2.93896","7.06089","0","0","0","0","0","0","0","0"
"2.772","0.500044","0.496593","0.0322623","0.480948","0.535929","1.16633","1.74098e-15","2.97139","2.99207","2.93925","7.06468","0","0","0","0","0","0","0","0"
"2.77538","0.500044","0.496593","0.0322659","0.481708","0.536634","1.16935","1.73961e-15","2.97154","2.99736","2.93636","7.04236","0","0","0","0","0","0","0","0"
"2.77973","0.500044","0.496593","0.0322712","0.481413","0.536303","1.17685","1.73848e-15","2.97309","2.99692","2.91754","7.03577","0","0","0","0","0","0","0","0"
"2.78295","0.500044","0.496516","0.0322748","0.481063","0.536061","1.1755","1.73945e-15","2.97126","2.99467","2.92218","7.05458","0","0","0","0","0","0","0","0"
"2.78842","0.500044","0.496516","0.0322784","0.481149","0.536394","1.18154","1.74038e-15","2.96897","2.99894","2.91449","7.05899","0","0","0","0","0","0","0","0"
"2.79017","0.500044","0.496516","0.0322827","0.480828","0.535878","1.18094","1.73878e-15","2.9642","2.99882","2.90968","7.031","0","0","0","0","0","0","0","0"
"2.7931","0.500044","0.496516","0.0322863","0.48096","0.535852","1.17957","1.73849e-15","2.96174","2.9921","2.90645","7.02093","0","0","0","0","0","0","0","0"
"2.79658","0.500044","0.496516","0.0322903","0.480559","0.535191","1.17535","1.74032e-15","2.96075","2.99272","2.91747","7.03005","0","0","0","0","0","0","0","0"
"2.79987","0.500044","0.496589","0.0322933","0.480462","0.534969","1.17391","1.74066e-15","2.95468","2.98921","2.91885","7.03656","0","0","0","0","0","0","0","0"
"2.80325","0.500044","0.496589","0.0322968","0.479965","0.534306","1.16951","1.7392e-15","2.95166","2.9922","2.92969","7.00959","0","0","0","0","0","0","0","0"
"2.80677","0.500044","0.496589","0.0323003","0.47921","0.533367","1.16695","1.73767e-15","2.95086","2.9947","2.92869","6.9897","0","0","0","0","0","0","0","0"
"2.81013","0.500044","0.496589","0.0323034","0.478967","0.532847","1.16613","1.73872e-15","2.946","2.99609","2.92428","7.00938","0","0","0","0","0","0","0","0"
"2.81362","0.500044","0.496589","0.0323067","0.478996","0.532845","1.163","1.73838e-15","2.94604","2.98988","2.93081","7.00998","0","0","0","0","0","0","0","0"
"2.8169","0.500044","0.49646","0.0323093","0.479133","0.533044","1.1664","1.73736e-15","2.95309","2.99657","2.92533","6.98386","0","0","0","0","0","0","0","0"
"2.8203","0.500044","0.49646","0.0323123","0.480141","0.533892","1.17222","1.73649e-15","2.94978","2.99796","2.95705","6.9741","0","0","0","0","0","0","0","0"
"2.82367","0.500044","0.49646","0.0323149","0.479997","0.533523","1.16903","1.73719e-15","2.94616","2.99716","2.96384","6.98134","0","0","0","0","0","0","0","0"
"2.82712","0.500044","0.49646","0.032318","0.479755","0.533078","1.16511","1.73867e-15","2.94069","2.99406","2.97145","7.00083","0","0","0","0","0","0","0","0"
"2.83055","0.500044","0.49646","0.0323212","0.480176","0.533465","1.16316","1.73691e-15","2.9422","2.98983","2.97638","6.98146","0","0","0","0","0","0","0","0"
"2.83383","0.500044","0.496094","0.0323258","0.48038","0.533415","1.16338","1.73785e-15","2.94135","2.98734","2.97072","6.99114","0","0","0","0","0","0","0","0"
"2.83722","0.500044","0.496094","0.0323297","0.480563","0.533579","1.16146","1.73993e-15","2.93406","2.98361","2.97562","7.01358","0","0","0","0","0","0","0","0"
"2.8406","0.500044","0.496094","0.0323342","0.480588","0.533552","1.15857","1.74099e-15","2.93453","2.97797","2.98118","7.0249","0","0","0","0","0","0","0","0"
"2.84398","0.500044","0.496094","0.0323381","0.480805","0.533873","1.15616","1.7386e-15","2.93272","2.97806","2.98856","7.01505","0","0","0","0","0","0","0","0"
"2.84748","0.500044","0.496094","0.032343","0.481191","0.534514","1.16018","1.73729e-15","2.92981","2.9773","2.98255","7.01296","0","0","0","0","0","0","0","0"
"2.8518","0.500044","0.495922","0.0323488","0.482246","0.5356","1.16281","1.73862e-15","2.93866","2.97922","2.96361","7.02114","0","0","0","0","0","0","0","0"
"2.85518","0.500044","0.495922","0.0323539","0.482829","0.535782","1.15948","1.73754e-15","2.9386","2.97743","2.97116","7.00102","0","0","0","0","0","0","0","0"
"2.85867","0.500044","0.495922","0.0323583","0.482606","0.535553","1.15704","1.73645e-15","2.93641","2.97464","2.97844","6.9938","0","0","0","0","0","0","0","0"
"2.86308","0.500044","0.495922","0.032365","0.482221","0.535263","1.15866","1.73745e-15","2.93906","2.97885","2.96597","7.00792","0","0","0","0","0","0","0","0"
"2.86638","0.500044","0.496063","0.0323699","0.482162","0.534958","1.15691","1.7373e-15","2.94411","2.98887","2.96391","7.00438","0","0","0","0","0","0","0","0"
"2.86977","0.500044","0.496063","0.0323756","0.482114","0.534668","1.15457","1.73565e-15","2.95287","2.99276","2.96521","6.98053","0","0","0","0","0","0","0","0"
"2.87315","0.500044","0.496063","0.0323805","0.481769","0.534055","1.15485","1.73643e-15","2.95612","2.99698","2.95977","6.98916","0","0","0","0","0","0","0","0"
"2.87655","0.500044","0.496063","0.0323862","0.482283","0.534386","1.16011","1.73873e-15","2.94794","2.99284","2.95832","7.01967","0","0","0","0","0","0","0","0"
"2.88017","0.500044","0.496063","0.0323911","0.482253","0.534582","1.15945","1.73695e-15","2.94372","2.9861","2.95326","7.00177","0","0","0","0","0","0","0","0"
"2.88342","0.500044","0.496398","0.0323966","0.482151","0.534254","1.15883","1.7365e-15","2.94492","2.9844","2.94996","7.00511","0","0","0","0","0","0","0","0"
"2.8868","0.500044","0.496398","0.0324013","0.48259","0.534801","1.1614","1.73807e-15","2.9523","2.98962","2.94633","7.01696","0","0","0","0","0","0","0","0"
"2.89018","0.500044","0.496398","0.0324069","0.482862","0.535037","1.16471","1.74012e-15","2.95497","2.9891","2.93717","7.02001","0","0","0","0","0","0","0","0"
"2.89357","0.500044","0.496398","0.0324116","0.482773","0.534891","1.16323","1.73956e-15","2.95643","2.98959","2.93684","7.00707","0","0","0","0","0","0","0","0"
"2.89705","0.500044","0.496398","0.0324162","0.482218","0.534163","1.16354","1.73656e-15","2.96195","2.991","2.93271","6.9882","0","0","0","0","0","0","0","0"
"2.9004","0.500044","0.496395","0.0324191","0.482394","0.534168","1.16182","1.73699e-15","2.96042","2.98969","2.93019","7.01047","0","0","0","0","0","0","0","0"
"2.9038","0.500044","0.496395","0.0324225","0.481994","0.533871","1.16167","1.73924e-15","2.9659","2.99114","2.93601","7.02072","0","0","0","0","0","0","0","0"
"2.90717","0.500044","0.496395","0.0324255","0.482791","0.534945","1.16028","1.74156e-15","2.97982","3.00658","2.94555","7.03633","0","0","0","0","0","0","0","0"
"2.91055","0.500044","0.496395","0.0324289","0.481951","0.534507","1.15716","1.74168e-15","2.98314","3.00636","2.94755","7.01567","0","0","0","0","0","0","0","0"
"2.91407","0.500044","0.496395","0.0324316","0.481665","0.534335","1.15767","1.7397e-15","2.97953","3.00342","2.94827","6.99322","0","0","0","0","0","0","0","0"
"2.91733","0.500044","0.496373","0.0324346","0.48088","0.533451","1.15509","1.74049e-15","2.9803","3.00716","2.95006","7.02643","0","0","0","0","0","0","0","0"
"2.92072","0.500044","0.496373","0.0324371","0.481241","0.533747","1.1536","1.74242e-15","2.97641","3.00861","2.95208","7.04973","0","0","0","0","0","0","0","0"
"2.9241","0.500044","0.496373","0.0324401","0.480577","0.533116","1.15106","1.74393e-15","2.97675","3.00779","2.95588","7.05499","0","0","0","0","0","0","0","0"
"2.92748","0.500044","0.496373","0.0324427","0.480454","0.533014","1.15843","1.7427e-15","2.97343","3.00253","2.94876","7.04322","0","0","0","0","0","0","0","0"
"2.93097","0.500044","0.496373","0.0324453","0.480871","0.533504","1.15557","1.74051e-15","2.97854","3.01522","2.95634","7.02361","0","0","0","0","0","0","0","0"
"2.93607","0.500044","0.496335","0.0324479","0.481549","0.534119","1.15877","1.74207e-15","2.98263","3.01871","2.95288","7.05148","0","0","0","0","0","0","0","0"
"2.93868","0.500044","0.496335","0.0324503","0.482083","0.534346","1.16662","1.744e-15","2.98076","3.0169","2.99353","7.07173","0","0","0","0","0","0","0","0"
"2.94207","0.500044","0.496335","0.0324523","0.481803","0.534139","1.16587","1.74304e-15","2.98273","3.01769","2.98853","7.05987","0","0","0","0","0","0","0","0"
"2.9464","0.500044","0.496335","0.0324555","0.482314","0.534181","1.17163","1.74162e-15","2.99697","3.0213","2.97797","7.04152","0","0","0","0","0","0","0","0"
"2.94962","0.500044","0.49615","0.0324582","0.483462","0.534957","1.17807","1.74258e-15","3.00334","3.02982","2.97673","7.06612","0","0","0","0","0","0","0","0"
"2.953","0.500044","0.49615","0.032461","0.482996","0.53464","1.17726","1.74344e-15","3.00318","3.03087","2.96931","7.07038","0","0","0","0","0","0","0","0"
"2.95638","0.500044","0.49615","0.0324641","0.48367","0.535725","1.18227","1.74141e-15","2.99839","3.02848","2.97084","7.05439","0","0","0","0","0","0","0","0"
"2.95977","0.500044","0.49615","0.0324668","0.483413","0.535509","1.17799","1.74117e-15","2.99896","3.02791","2.98467","7.0672","0","0","0","0","0","0","0","0"
"2.96325","0.500044","0.49615","0.0324702","0.483491","0.535287","1.17895","1.74261e-15","2.99777","3.02413","2.98236","7.07683","0","0","0","0","0","0","0","0"
"2.96655","0.500044","0.496141","0.0324737","0.483869","0.535947","1.18086","1.74248e-15","2.99911","3.02575","2.97122","7.07088","0","0","0","0","0","0","0","0"
"2.96993","0.500044","0.496141","0.0324777","0.483802","0.535698","1.18125","1.74076e-15","2.99883","3.0233","2.95972","7.05169","0","0","0","0","0","0","0","0"
"2.97332","0.500044","0.496141","0.0324811","0.48344","0.535183","1.18001","1.74109e-15","2.9975","3.02507","2.96094","7.06253","0","0","0","0","0","0","0","0"
"2.9767","0.500044","0.496141","0.0324851","0.484021","0.535715","1.1785","1.74351e-15","2.99385","3.0288","2.96819","7.07603","0","0","0","0","0","0","0","0"
"2.98023","0.500044","0.496141","0.0324884","0.483427","0.534988","1.17374","1.74158e-15","2.99507","3.03033","2.98524","7.06038","0","0","0","0","0","0","0","0"
"2.98347","0.500044","0.496346","0.032492","0.48298","0.534307","1.1708","1.73924e-15","2.9944","3.0277","2.98974","7.04019","0","0","0","0","0","0","0","0"
"2.98695","0.500044","0.496346","0.0324956","0.482608","0.533657","1.16558","1.74049e-15","2.99322","3.02749","3.00679","7.03031","0","0","0","0","0","0","0","0"
"2.99033","0.500044","0.496346","0.0324987","0.483223","0.533708","1.16318","1.74214e-15","2.99085","3.02392","3.01024","7.04866","0","0","0","0","0","0","0","0"
"2.99375","0.500044","0.496346","0.0325023","0.482866","0.53337","1.16711","1.74096e-15","2.99494","3.02507","3.00967","7.03826","0","0","0","0","0","0","0","0"
"2.99723","0.500044","0.496346","0.0325049","0.48308","0.533886","1.17119","1.7393e-15","2.98924","3.0175","3.00104","7.01306","0","0","0","0","0","0","0","0"
"3.00057","0.500044","0.496452","0.0325075","0.482276","0.53282","1.16899","1.74063e-15","2.99207","3.02064","3.00018","7.04093","0","0","0","0","0","0","0","0"
"3.0039","0.500044","0.496452","0.0325097","0.481655","0.53229","1.16525","1.74224e-15","2.9915","3.02048","3.01019","7.0651","0","0","0","0","0","0","0","0"
"3.00728","0.500044","0.496452","0.0325123","0.480992","0.531755","1.16696","1.74132e-15","2.99372","3.01834","2.99703","7.05385","0","0","0","0","0","0","0","0"
"3.01067","0.500044","0.496452","0.0325145","0.481375","0.531899","1.16715","1.74138e-15","2.9915","3.01815","2.99155","7.04881","0","0","0","0","0","0","0","0"
"3.0142","0.500044","0.496452","0.0325166","0.481747","0.532291","1.16791","1.74206e-15","2.99266","3.01891","2.99339","7.06479","0","0","0","0","0","0","0","0"
"3.01848","0.500044","0.496262","0.0325185","0.481286","0.531744","1.17305","1.74093e-15","2.99366","3.01586","2.98013","7.06723","0","0","0","0","0","0","0","0"
"3.02192","0.500044","0.496262","0.0325202","0.482137","0.532445","1.17317","1.73952e-15","2.9944","3.01367","2.97013","7.06125","0","0","0","0","0","0","0","0"
"3.02525","0.500044","0.496262","0.0325217","0.481819","0.532162","1.17098","1.74099e-15","2.99282","3.00929","2.97111","7.08524","0","0","0","0","0","0","0","0"
"3.02973","0.500044","0.496262","0.0325238","0.480958","0.531713","1.17146","1.74255e-15","2.99765","3.01831","2.9701","7.09489","0","0","0","0","0","0","0","0"
"3.03307","0.500044","0.49596","0.0325251","0.481847","0.532376","1.17194","1.7402e-15","2.9968","3.02186","2.96378","7.0848","0","0","0","0","0","0","0","0"
"3.03645","0.500044","0.49596","0.0325267","0.480765","0.531328","1.16764","1.74092e-15","2.99904","3.02255","2.97478","7.09447","0","0","0","0","0","0","0","0"
"3.03983","0.500044","0.49596","0.032528","0.480209","0.530859","1.16418","1.74173e-15","2.99978","3.02224","2.98342","7.10227","0","0","0","0","0","0","0","0"
"3.04322","0.500044","0.49596","0.0325295","0.48041","0.530879","1.16176","1.73954e-15","2.9974","3.02168","2.98436","7.08786","0","0","0","0","0","0","0","0"
"3.0467","0.500044","0.49596","0.0325307","0.480627","0.530966","1.16292","1.73832e-15","2.99156","3.01782","2.96978","7.07777","0","0","0","0","0","0","0","0"
"3.04998","0.500044","0.49583","0.032532","0.480161","0.530699","1.16263","1.73919e-15","2.99234","3.01663","2.96946","7.09947","0","0","0","0","0","0","0","0"
"3.05338","0.500044","0.49583","0.0325331","0.480657","0.531275","1.16403","1.7408e-15","2.99302","3.0222","2.96077","7.10963","0","0","0","0","0","0","0","0"
"3.0574","0.500044","0.49583","0.0325344","0.480705","0.531006","1.16134","1.7387e-15","2.99313","3.02344","2.96677","7.08812","0","0","0","0","0","0","0","0"
"3.06015","0.500044","0.49583","0.0325355","0.480601","0.530984","1.16547","1.73937e-15","2.98994","3.02046","2.95202","7.09564","0","0","0","0","0","0","0","0"
"3.06363","0.500044","0.49583","0.0325373","0.481265","0.531324","1.16464","1.74008e-15","3.00955","3.02437","2.94456","7.10354","0","0","0","0","0","0","0","0"
"3.06692","0.500044","0.495684","0.0325394","0.482002","0.532145","1.1637","1.74012e-15","3.00542","3.01764","2.94073","7.09844","0","0","0","0","0","0","0","0"
"3.0703","0.500044","0.495684","0.0325419","0.482277","0.53216","1.16138","1.73847e-15","3.00528","3.019","2.94082","7.08778","0","0","0","0","0","0","0","0"
"3.07368","0.500044","0.495684","0.032544","0.482841","0.532618","1.16382","1.73994e-15","3.01589","3.02096","2.93986","7.10492","0","0","0","0","0","0","0","0"
"3.07708","0.500044","0.495684","0.0325465","0.483458","0.532946","1.16597","1.74053e-15","3.01342","3.03153","2.94039","7.12407","0","0","0","0","0","0","0","0"
"3.08055","0.500044","0.495684","0.0325492","0.484146","0.533442","1.1664","1.73853e-15","3.01203","3.02671","2.93545","7.10348","0","0","0","0","0","0","0","0"
"3.08385","0.500044","0.495613","0.0325529","0.484495","0.53395","1.17352","1.73988e-15","3.01519","3.03213","2.94218","7.11571","0","0","0","0","0","0","0","0"
"3.08723","0.500044","0.495613","0.0325562","0.484652","0.534306","1.17134","1.74065e-15","3.01882","3.02996","2.94216","7.11819","0","0","0","0","0","0","0","0"
"3.09062","0.500044","0.495613","0.03256","0.484468","0.534075","1.17536","1.73829e-15","3.01734","3.02842","2.9488","7.09841","0","0","0","0","0","0","0","0"
"3.094","0.500044","0.495613","0.0325632","0.48457","0.533991","1.17391","1.73936e-15","3.01831","3.02636","2.95048","7.11146","0","0","0","0","0","0","0","0"
"3.09748","0.500044","0.495613","0.0325674","0.484296","0.533379","1.17421","1.73972e-15","3.01645","3.02895","2.94181","7.0997","0","0","0","0","0","0","0","0"
"3.10182","0.500044","0.495928","0.0325726","0.484234","0.533458","1.17","1.73775e-15","3.01368","3.02439","2.94963","7.08188","0","0","0","0","0","0","0","0"
"3.1052","0.500044","0.495928","0.0325771","0.48404","0.533022","1.17214","1.73863e-15","3.00877","3.02352","2.94024","7.10323","0","0","0","0","0","0","0","0"
"3.1087","0.500044","0.495928","0.0325809","0.483658","0.532454","1.17017","1.73808e-15","3.00849","3.02609","2.94399","7.10617","0","0","0","0","0","0","0","0"
"3.11308","0.500044","0.495928","0.0325864","0.483871","0.532717","1.17712","1.73649e-15","3.00533","3.02529","2.94878","7.08984","0","0","0","0","0","0","0","0"
"3.11627","0.500044","0.49627","0.0325892","0.483345","0.532237","1.17699","1.73747e-15","3.00304","3.02296","2.93821","7.11192","0","0","0","0","0","0","0","0"
"3.11963","0.500044","0.49627","0.032592","0.483077","0.531801","1.17679","1.7385e-15","3.00047","3.02193","2.93399","7.10861","0","0","0","0","0","0","0","0"
"3.12303","0.500044","0.49627","0.0325953","0.483381","0.53227","1.1774","1.73674e-15","2.99313","3.01473","2.92541","7.09364","0","0","0","0","0","0","0","0"
"3.12642","0.500044","0.49627","0.0325981","0.483016","0.531963","1.17585","1.73791e-15","2.99084","3.01594","2.92849","7.12259","0","0","0","0","0","0","0","0"
"3.1299","0.500044","0.49627","0.0326011","0.48389","0.532456","1.17263","1.73843e-15","3.00154","3.01297","2.93992","7.12804","0","0","0","0","0","0","0","0"
"3.13318","0.500044","0.496167","0.0326031","0.483323","0.532063","1.17078","1.73639e-15","3.00272","3.01419","2.94051","7.11359","0","0","0","0","0","0","0","0"
"3.13657","0.500044","0.496167","0.0326053","0.48383","0.532403","1.1698","1.73758e-15","3.00163","3.0104","2.94557","7.12034","0","0","0","0","0","0","0","0"
"3.13997","0.500044","0.496167","0.0326073","0.484203","0.532624","1.17608","1.73971e-15","3.01584","3.0251","2.95068","7.14228","0","0","0","0","0","0","0","0"
"3.14335","0.500044","0.496167","0.0326096","0.484472","0.533092","1.17831","1.73806e-15","3.01261","3.02548","2.95143","7.11821","0","0","0","0","0","0","0","0"
"3.14685","0.500044","0.496167","0.0326117","0.484124","0.532593","1.17495","1.73798e-15","3.01292","3.02692","2.95854","7.13221","0","0","0","0","0","0","0","0"
"3.15183","0.500044","0.495959","0.0326145","0.484095","0.532543","1.17377","1.73756e-15","3.01408","3.03294","2.95528","7.12279","0","0","0","0","0","0","0","0"
"3.15352","0.500044","0.495959","0.0326169","0.483374","0.531678","1.17129","1.73686e-15","3.01792","3.03376","2.9553","7.09821","0","0","0","0","0","0","0","0"
"3.15688","0.500044","0.495959","0.0326196","0.483831","0.532002","1.17079","1.73829e-15","3.01935","3.03473","2.94499","7.08142","0","0","0","0","0","0","0","0"
"3.16027","0.500044","0.495959","0.032622","0.483838","0.531805","1.16921","1.73905e-15","3.01431","3.03166","2.94097","7.07925","0","0","0","0","0","0","0","0"
"3.16375","0.500044","0.495959","0.0326254","0.483873","0.531872","1.17109","1.73759e-15","3.01918","3.03425","2.97528","7.05381","0","0","0","0","0","0","0","0"
"3.16703","0.500044","0.496013","0.0326289","0.483757","0.531828","1.16958","1.73988e-15","3.02411","3.03582","2.98043","7.0828","0","0","0","0","0","0","0","0"
"3.17037","0.500044","0.496013","0.032633","0.483449","0.531512","1.16771","1.73891e-15","3.02213","3.03475","2.98459","7.06364","0","0","0","0","0","0","0","0"
"3.17375","0.500044","0.496013","0.0326366","0.483527","0.531689","1.17262","1.73841e-15","3.01827","3.02819","2.98856","7.06232","0","0","0","0","0","0","0","0"
"3.17713","0.500044","0.496013","0.0326407","0.483922","0.532106","1.17359","1.7394e-15","3.01321","3.0254","2.98223","7.04931","0","0","0","0","0","0","0","0"
"3.18062","0.500044","0.496013","0.0326441","0.483641","0.53203","1.1706","1.73664e-15","3.01667","3.02332","2.98662","7.03457","0","0","0","0","0","0","0","0"
"3.18522","0.500044","0.495992","0.0326491","0.482901","0.531429","1.16977","1.73856e-15","3.01322","3.02303","2.98964","7.06028","0","0","0","0","0","0","0","0"
"3.1886","0.500044","0.495992","0.032653","0.483155","0.531528","1.16943","1.73739e-15","3.01155","3.01938","2.97829","7.06401","0","0","0","0","0","0","0","0"
"3.19198","0.500044","0.495992","0.0326564","0.483808","0.532033","1.16894","1.73738e-15","3.00993","3.01621","2.97904","7.07666","0","0","0","0","0","0","0","0"
"3.1964","0.500044","0.495992","0.0326606","0.483717","0.531836","1.16949","1.73764e-15","3.01015","3.01388","2.97813","7.09912","0","0","0","0","0","0","0","0"
"3.1998","0.500044","0.495912","0.0326615","0.483267","0.531319","1.16849","1.73592e-15","3.00803","3.01099","2.97152","7.08749","0","0","0","0","0","0","0","0"
"3.20318","0.500044","0.495912","0.0326625","0.483093","0.531068","1.16948","1.73763e-15","3.00415","3.0084","2.96382","7.08857","0","0","0","0","0","0","0","0"
"3.20657","0.500044","0.495912","0.0326635","0.483438","0.531445","1.17895","1.73848e-15","3.0036","3.01255","2.98131","7.09451","0","0","0","0","0","0","0","0"
"3.20995","0.500044","0.495912","0.0326645","0.483837","0.531754","1.18641","1.73771e-15","3.0063","3.0174","3.01107","7.09894","0","0","0","0","0","0","0","0"
"3.21343","0.500044","0.495912","0.0326658","0.483964","0.531664","1.18943","1.73873e-15","3.0149","3.01816","3.01577","7.10618","0","0","0","0","0","0","0","0"
"3.21672","0.500044","0.495854","0.0326682","0.484288","0.531983","1.19109","1.73732e-15","3.01177","3.01419","3.00465","7.09077","0","0","0","0","0","0","0","0"
"3.2201","0.500044","0.495854","0.0326702","0.484393","0.531959","1.18791","1.73715e-15","3.0085","3.01056","3.01038","7.07804","0","0","0","0","0","0","0","0"
"3.2235","0.500044","0.495854","0.0326726","0.484136","0.531494","1.18365","1.73914e-15","3.00885","3.0097","3.02328","7.10683","0","0","0","0","0","0","0","0"
"3.22688","0.500044","0.495854","0.0326747","0.484456","0.532166","1.18139","1.73828e-15","3.01334","3.00993","3.02333","7.09668","0","0","0","0","0","0","0","0"
"3.23037","0.500044","0.495854","0.0326775","0.484438","0.532472","1.18535","1.73703e-15","3.01303","3.00999","3.02485","7.06695","0","0","0","0","0","0","0","0"
"3.23365","0.500044","0.495817","0.0326806","0.485025","0.532914","1.19831","1.73904e-15","3.01064","3.0112","3.088","7.08361","0","0","0","0","0","0","0","0"
"3.23703","0.500044","0.495817","0.0326841","0.485292","0.532979","1.1974","1.74139e-15","3.00215","3.00413","3.09239","7.08863","0","0","0","0","0","0","0","0"
"3.24042","0.500044","0.495817","0.0326871","0.485556","0.533422","1.19772","1.74051e-15","3.00181","2.99971","3.08294","7.07153","0","0","0","0","0","0","0","0"
"3.2438","0.500044","0.495817","0.0326906","0.485797","0.533729","1.19854","1.73922e-15","2.99836","2.99762","3.08506","7.06366","0","0","0","0","0","0","0","0"
"3.2473","0.500044","0.495817","0.0326934","0.48619","0.534042","1.19959","1.7397e-15","2.99077","2.9941","3.07906","7.05719","0","0","0","0","0","0","0","0"
"3.25058","0.500044","0.495881","0.0326966","0.485962","0.533687","1.20037","1.74154e-15","2.98999","2.99779","3.06724","7.07347","0","0","0","0","0","0","0","0"
"3.25397","0.500044","0.495881","0.0326993","0.486907","0.534558","1.19907","1.74061e-15","2.98574","2.99244","3.06285","7.05056","0","0","0","0","0","0","0","0"
"3.25735","0.500044","0.495881","0.0327024","0.487055","0.534424","1.19895","1.7387e-15","2.98317","2.99059","3.05008","7.0475","0","0","0","0","0","0","0","0"
"3.26073","0.500044","0.495881","0.0327051","0.487779","0.53493","1.2048","1.74083e-15","2.98046","2.98605","3.04458","7.07438","0","0","0","0","0","0","0","0"
"3.26422","0.500044","0.495881","0.032708","0.487276","0.53464","1.20219","1.73979e-15","2.98122","2.98291","3.05315","7.0661","0","0","0","0","0","0","0","0"
"3.26855","0.500044","0.496117","0.0327111","0.486931","0.534227","1.20179","1.7385e-15","2.97867","2.98254","3.04471","7.07088","0","0","0","0","0","0","0","0"
"3.27193","0.500044","0.496117","0.0327138","0.486867","0.534001","1.20456","1.74044e-15","2.97261","2.97899","3.04346","7.10259","0","0","0","0","0","0","0","0"
"3.27532","0.500044","0.496117","0.0327161","0.487597","0.534575","1.21751","1.73999e-15","2.96936","2.98446","3.05332","7.09136","0","0","0","0","0","0","0","0"
"3.27975","0.500044","0.496117","0.0327197","0.48791","0.535171","1.21613","1.73826e-15","2.97716","2.99378","3.04643","7.06959","0","0","0","0","0","0","0","0"
"3.28313","0.500044","0.496448","0.0327224","0.487786","0.535083","1.21414","1.73953e-15","2.97262","2.98974","3.04863","7.0814","0","0","0","0","0","0","0","0"
"3.28652","0.500044","0.496448","0.0327255","0.48835","0.53564","1.21508","1.738e-15","2.97646","2.99557","3.03478","7.07889","0","0","0","0","0","0","0","0"
"3.2899","0.500044","0.496448","0.0327282","0.487819","0.535274","1.21592","1.73769e-15","2.97584","2.9943","3.02156","7.08554","0","0","0","0","0","0","0","0"
"3.29328","0.500044","0.496448","0.0327313","0.48757","0.534943","1.21221","1.73915e-15","2.9768","2.99588","3.0291","7.10037","0","0","0","0","0","0","0","0"
"3.29677","0.500044","0.496448","0.0327335","0.48761","0.534817","1.21209","1.73802e-15","2.97624","2.99766","3.0265","7.09181","0","0","0","0","0","0","0","0"
"3.30005","0.500044","0.496564","0.032735","0.487389","0.534459","1.21104","1.73719e-15","2.97427","2.99525","3.02181","7.1037","0","0","0","0","0","0","0","0"
"3.30343","0.500044","0.496564","0.0327364","0.487813","0.534714","1.21128","1.73918e-15","2.97132","2.99447","3.01328","7.14355","0","0","0","0","0","0","0","0"
"3.30685","0.500044","0.496564","0.0327379","0.487339","0.533884","1.20803","1.7378e-15","2.97571","2.99478","3.01831","7.12774","0","0","0","0","0","0","0","0"
"3.31022","0.500044","0.496564","0.0327392","0.488008","0.534726","1.21294","1.73733e-15","2.97582","2.99271","3.02386","7.12409","0","0","0","0","0","0","0","0"
"3.31372","0.500044","0.496564","0.0327404","0.487529","0.534073","1.21202","1.73818e-15","2.97495","2.99642","3.01653","7.12679","0","0","0","0","0","0","0","0"
"3.31698","0.500044","0.496639","0.0327409","0.488239","0.534899","1.21156","1.73752e-15","2.98082","3.00447","3.00873","7.11569","0","0","0","0","0","0","0","0"
"3.32038","0.500044","0.496639","0.0327415","0.488418","0.535257","1.20899","1.73719e-15","2.98563","3.0101","3.00946","7.12824","0","0","0","0","0","0","0","0"
"3.32377","0.500044","0.496639","0.032742","0.487895","0.53461","1.20442","1.73885e-15","2.9856","3.01265","3.02392","7.13975","0","0","0","0","0","0","0","0"
"3.32715","0.500044","0.496639","0.0327426","0.488222","0.534857","1.20298","1.73722e-15","2.9838","3.00924","3.02275","7.13283","0","0","0","0","0","0","0","0"
"3.33068","0.500044","0.496639","0.0327432","0.487911","0.534378","1.20043","1.73565e-15","2.97856","3.00968","3.02511","7.13302","0","0","0","0","0","0","0","0"
"3.33393","0.500044","0.496614","0.032744","0.488342","0.534723","1.20547","1.73653e-15","2.97478","3.00735","3.00414","7.14823","0","0","0","0","0","0","0","0"
"3.3373","0.500044","0.496614","0.0327447","0.488155","0.534683","1.20984","1.7344e-15","2.97558","3.00505","3.01192","7.13621","0","0","0","0","0","0","0","0"
"3.34068","0.500044","0.496614","0.0327455","0.487861","0.534361","1.20672","1.73542e-15","2.97268","3.00487","3.01408","7.14614","0","0","0","0","0","0","0","0"
"3.34422","0.500044","0.496614","0.0327462","0.487532","0.534249","1.20687","1.73695e-15","2.97041","3.00105","3.00091","7.16981","0","0","0","0","0","0","0","0"
"3.34758","0.500044","0.496614","0.0327476","0.487839","0.534345","1.20692","1.73442e-15","2.96763","2.99858","2.99464","7.14685","0","0","0","0","0","0","0","0"
"3.35188","0.500044","0.496708","0.0327498","0.487992","0.534573","1.20548","1.73637e-15","2.96557","2.99652","2.99344","7.1575","0","0","0","0","0","0","0","0"
"3.35527","0.500044","0.496708","0.0327518","0.487602","0.534344","1.20773","1.73512e-15","2.96743","2.99283","2.99755","7.13709","0","0","0","0","0","0","0","0"
"3.35865","0.500044","0.496708","0.0327534","0.487327","0.534029","1.20714","1.73688e-15","2.96546","2.99231","2.9916","7.15594","0","0","0","0","0","0","0","0"
"3.36308","0.500044","0.496708","0.0327556","0.486802","0.533543","1.20192","1.73617e-15","2.96528","2.98924","3.00386","7.13366","0","0","0","0","0","0","0","0"
"3.36647","0.500044","0.496697","0.0327563","0.486604","0.533378","1.19885","1.73674e-15","2.97126","2.99324","3.01117","7.13614","0","0","0","0","0","0","0","0"
"3.36985","0.500044","0.496697","0.0327571","0.48629","0.533156","1.19595","1.73694e-15","2.97075","2.99234","3.01201","7.11538","0","0","0","0","0","0","0","0"
"3.37323","0.500044","0.496697","0.0327577","0.4866","0.533421","1.19644","1.73597e-15","2.97702","3.00249","3.01364","7.11452","0","0","0","0","0","0","0","0"
"3.37663","0.500044","0.496697","0.0327585","0.487075","0.53371","1.19698","1.73786e-15","2.97057","2.99765","3.00184","7.1279","0","0","0","0","0","0","0","0"
"3.38013","0.500044","0.496697","0.0327591","0.487167","0.533757","1.19437","1.73592e-15","2.96597","2.99606","3.00925","7.11097","0","0","0","0","0","0","0","0"
"3.3834","0.500044","0.496614","0.0327597","0.486488","0.533174","1.19426","1.73598e-15","2.9662","2.99392","3.00243","7.12235","0","0","0","0","0","0","0","0"
"3.38678","0.500044","0.496614","0.0327602","0.486314","0.532932","1.19433","1.73594e-15","2.96513","2.99684","3.00147","7.10266","0","0","0","0","0","0","0","0"
"3.39017","0.500044","0.496614","0.0327608","0.486984","0.533098","1.19093","1.73621e-15","2.96953","2.99702","3.00578","7.10868","0","0","0","0","0","0","0","0"
"3.39355","0.500044","0.496614","0.0327613","0.486663","0.532643","1.19034","1.73828e-15","2.9688","2.99706","3.00834","7.11368","0","0","0","0","0","0","0","0"
"3.397","0.500044","0.496614","0.0327623","0.486841","0.532839","1.19196","1.73607e-15","2.9755","2.99703","2.99363","7.08704","0","0","0","0","0","0","0","0"
"3.40057","0.500044","0.496503","0.032764","0.487487","0.533428","1.19572","1.73816e-15","2.97442","2.99866","2.97543","7.1012","0","0","0","0","0","0","0","0"
"3.40423","0.500044","0.496503","0.0327657","0.488441","0.534195","1.19583","1.73702e-15","2.98356","3.00657","2.96858","7.0785","0","0","0","0","0","0","0","0"
"3.40783","0.500044","0.496503","0.0327672","0.488523","0.534077","1.19393","1.73816e-15","2.97945","3.00119","2.97019","7.10439","0","0","0","0","0","0","0","0"
"3.41138","0.500044","0.496503","0.0327688","0.487748","0.533165","1.19231","1.73858e-15","2.98175","3.00242","2.96799","7.11149","0","0","0","0","0","0","0","0"
"3.41592","0.500044","0.496503","0.0327706","0.488108","0.53402","1.19502","1.73728e-15","2.97498","3.00116","2.96363","7.09887","0","0","0","0","0","0","0","0"
"3.41957","0.500044","0.496515","0.0327728","0.488594","0.534584","1.19387","1.73908e-15","2.96898","2.99678","2.96115","7.10898","0","0","0","0","0","0","0","0"
"3.42323","0.500044","0.496515","0.0327746","0.489429","0.53538","1.19401","1.73718e-15","2.96508","2.99179","2.95728","7.10204","0","0","0","0","0","0","0","0"
"3.42658","0.500044","0.496515","0.0327763","0.489644","0.535711","1.19115","1.73909e-15","2.96425","2.98988","2.9619","7.13353","0","0","0","0","0","0","0","0"
"3.43033","0.500044","0.496515","0.0327771","0.490073","0.536168","1.18662","1.73822e-15","2.96365","2.99054","2.97441","7.12905","0","0","0","0","0","0","0","0"
"3.4361","0.500044","0.496698","0.0327764","0.48971","0.535867","1.1856","1.73811e-15","2.95906","2.98428","2.96198","7.13197","0","0","0","0","0","0","0","0"
"3.4396","0.500044","0.496698","0.0327759","0.490587","0.536518","1.18561","1.73924e-15","2.97117","2.9861","2.96206","7.14289","0","0","0","0","0","0","0","0"
"3.44308","0.500044","0.496698","0.0327755","0.490395","0.536539","1.18705","1.73728e-15","2.97161","2.98757","2.95022","7.1269","0","0","0","0","0","0","0","0"
"3.44662","0.500044","0.496698","0.0327754","0.492059","0.53811","1.18812","1.73757e-15","2.97216","2.98551","2.94891","7.15223","0","0","0","0","0","0","0","0"
"3.44987","0.500044","0.49707","0.032776","0.491816","0.537919","1.18501","1.73729e-15","2.97392","2.98475","2.95423","7.16131","0","0","0","0","0","0","0","0"
"3.45325","0.500044","0.49707","0.0327767","0.491489","0.537587","1.18112","1.73503e-15","2.96903","2.97822","2.96309","7.14574","0","0","0","0","0","0","0","0"
"3.45663","0.500044","0.49707","0.0327772","0.491842","0.537474","1.1801","1.73699e-15","2.97381","2.97943","2.96219","7.15806","0","0","0","0","0","0","0","0"
"3.46002","0.500044","0.49707","0.0327779","0.491593","0.536987","1.18232","1.73782e-15","2.97114","2.98023","2.94497","7.1594","0","0","0","0","0","0","0","0"
"3.46353","0.500044","0.49707","0.0327787","0.49133","0.536559","1.17897","1.73576e-15","2.96746","2.98185","2.95195","7.1405","0","0","0","0","0","0","0","0"
"3.46678","0.500044","0.49754","0.0327802","0.491237","0.536617","1.17798","1.73616e-15","2.97052","2.9823","2.95685","7.16332","0","0","0","0","0","0","0","0"
"3.47017","0.500044","0.49754","0.0327815","0.490882","0.536577","1.17849","1.73724e-15","2.96892","2.97816","2.94519","7.15578","0","0","0","0","0","0","0","0"
"3.47357","0.500044","0.49754","0.032783","0.490674","0.536304","1.17614","1.7356e-15","2.97096","2.98292","2.94758","7.14583","0","0","0","0","0","0","0","0"
"3.47695","0.500044","0.49754","0.0327843","0.489967","0.535407","1.17499","1.73711e-15","2.97261","2.98516","2.94712","7.16065","0","0","0","0","0","0","0","0"
"3.48045","0.500044","0.49754","0.0327856","0.489552","0.535062","1.1735","1.73696e-15","2.97594","2.98634","2.94488","7.16624","0","0","0","0","0","0","0","0"
"3.48372","0.500044","0.497853","0.0327864","0.48994","0.535636","1.17481","1.73617e-15","2.97866","2.98941","2.93389","7.17536","0","0","0","0","0","0","0","0"
"3.4871","0.500044","0.497853","0.0327874","0.489641","0.534975","1.17253","1.73766e-15","2.97723","2.99126","2.93216","7.1883","0","0","0","0","0","0","0","0"
"3.4907","0.500044","0.497853","0.0327884","0.489902","0.535303","1.17331","1.73631e-15","2.97556","2.98746","2.91888","7.16718","0","0","0","0","0","0","0","0"
"3.49437","0.500044","0.497853","0.0327893","0.489249","0.534602","1.17011","1.73678e-15","2.97499","2.98596","2.92339","7.16622","0","0","0","0","0","0","0","0"
"3.49795","0.500044","0.497853","0.0327906","0.489043","0.534356","1.17173","1.73645e-15","2.97186","2.98505","2.91674","7.14899","0","0","0","0","0","0","0","0"
"3.50137","0.500044","0.497708","0.0327924","0.488649","0.534132","1.17255","1.73542e-15","2.9741","2.98309","2.91517","7.12956","0","0","0","0","0","0","0","0"
"3.50503","0.500044","0.497708","0.0327941","0.488008","0.53355","1.169","1.73698e-15","2.97404","2.98374","2.9212","7.13496","0","0","0","0","0","0","0","0"
"3.50872","0.500044","0.497708","0.0327959","0.488554","0.53406","1.17234","1.73679e-15","2.96987","2.98854","2.91726","7.12658","0","0","0","0","0","0","0","0"
"3.51313","0.500044","0.497708","0.0327985","0.488511","0.534235","1.1706","1.73566e-15","2.95994","2.97974","2.91972","7.13222","0","0","0","0","0","0","0","0"
"3.51855","0.500044","0.497496","0.0328034","0.488338","0.533984","1.16629","1.73655e-15","2.95275","2.97663","2.92509","7.12856","0","0","0","0","0","0","0","0"
"3.52192","0.500044","0.497496","0.0328067","0.488922","0.534655","1.17024","1.73467e-15","2.95588","2.97513","2.92379","7.11282","0","0","0","0","0","0","0","0"
"3.52527","0.500044","0.497496","0.0328096","0.488703","0.53424","1.16652","1.73527e-15","2.95479","2.97526","2.93553","7.12786","0","0","0","0","0","0","0","0"
"3.52973","0.500044","0.497496","0.0328136","0.487555","0.533279","1.16229","1.7357e-15","2.95794","2.97657","2.94333","7.11437","0","0","0","0","0","0","0","0"
"3.533","0.500044","0.497306","0.0328157","0.487653","0.533481","1.16262","1.73368e-15","2.95536","2.97192","2.93899","7.10216","0","0","0","0","0","0","0","0"
"3.53633","0.500044","0.497306","0.0328178","0.487845","0.533738","1.16056","1.73513e-15","2.95446","2.96946","2.94256","7.10416","0","0","0","0","0","0","0","0"
"3.53993","0.500044","0.497306","0.0328202","0.487538","0.533681","1.16159","1.73548e-15","2.95615","2.97157","2.93289","7.08955","0","0","0","0","0","0","0","0"
"3.54332","0.500044","0.497306","0.0328226","0.4875","0.533882","1.1588","1.73499e-15","2.95396","2.97023","2.93544","7.10305","0","0","0","0","0","0","0","0"
"3.54683","0.500044","0.497306","0.0328243","0.487133","0.533495","1.15847","1.73561e-15","2.95461","2.97463","2.92742","7.10106","0","0","0","0","0","0","0","0"
"3.5501","0.500044","0.497304","0.0328254","0.487702","0.534139","1.16212","1.73336e-15","2.94704","2.97677","2.93583","7.08359","0","0","0","0","0","0","0","0"
"3.55345","0.500044","0.497304","0.0328264","0.487708","0.533909","1.16001","1.73258e-15","2.94209","2.97494","2.93529","7.0844","0","0","0","0","0","0","0","0"
"3.5568","0.500044","0.497304","0.0328275","0.487408","0.533588","1.15842","1.73506e-15","2.94259","2.97766","2.93372","7.08813","0","0","0","0","0","0","0","0"
"3.56037","0.500044","0.497304","0.0328286","0.486979","0.53342","1.15555","1.73237e-15","2.94145","2.97927","2.93861","7.06651","0","0","0","0","0","0","0","0"
"3.56387","0.500044","0.497304","0.0328289","0.486834","0.53321","1.15675","1.73215e-15","2.93982","2.97696","2.92423","7.05606","0","0","0","0","0","0","0","0"
"3.56715","0.500044","0.497219","0.0328285","0.486992","0.533309","1.1548","1.73342e-15","2.94182","2.98053","2.92123","7.05732","0","0","0","0","0","0","0","0"
"3.57068","0.500044","0.497219","0.0328282","0.486147","0.532691","1.15398","1.73241e-15","2.94689","2.98582","2.91549","7.04636","0","0","0","0","0","0","0","0"
"3.57392","0.500044","0.497219","0.0328278","0.485902","0.532327","1.15291","1.73486e-15","2.95089","2.98724","2.91595","7.07951","0","0","0","0","0","0","0","0"
"3.5773","0.500044","0.497219","0.0328275","0.485137","0.53159","1.15041","1.73499e-15","2.95336","2.99048","2.91828","7.05907","0","0","0","0","0","0","0","0"
"3.58078","0.500044","0.497219","0.0328271","0.48543","0.531857","1.14694","1.73378e-15","2.94901","2.98761","2.92769","7.06499","0","0","0","0","0","0","0","0"
"3.58407","0.500044","0.497188","0.0328269","0.486055","0.53254","1.15209","1.73627e-15","2.95034","2.98597","2.92875","7.0748","0","0","0","0","0","0","0","0"
"3.58753","0.500044","0.497188","0.0328266","0.486713","0.533196","1.15168","1.73424e-15","2.95435","2.99597","2.93032","7.06102","0","0","0","0","0","0","0","0"
"3.59093","0.500044","0.497188","0.0328264","0.487131","0.533797","1.15134","1.73502e-15","2.94944","2.99278","2.93149","7.07663","0","0","0","0","0","0","0","0"
"3.5944","0.500044","0.497188","0.0328262","0.487304","0.533923","1.15052","1.73521e-15","2.9512","2.99416","2.92937","7.0892","0","0","0","0","0","0","0","0"
"3.59795","0.500044","0.497188","0.0328267","0.487601","0.534003","1.14969","1.7336e-15","2.9521","2.99651","2.92416","7.06807","0","0","0","0","0","0","0","0"
"3.6028","0.500044","0.49699","0.0328279","0.489312","0.535638","1.15439","1.73467e-15","2.95454","2.99699","2.92243","7.08339","0","0","0","0","0","0","0","0"
"3.60525","0.500044","0.49699","0.032829","0.488348","0.53481","1.16151","1.73352e-15","2.95767","2.9967","2.93395","7.09051","0","0","0","0","0","0","0","0"
"3.60877","0.500044","0.49699","0.0328299","0.487745","0.534429","1.15988","1.73566e-15","2.95925","2.99632","2.9313","7.11332","0","0","0","0","0","0","0","0"
"3.61307","0.500044","0.49699","0.0328313","0.487785","0.534346","1.16284","1.73362e-15","2.95958","2.99024","2.93477","7.09231","0","0","0","0","0","0","0","0"
"3.61645","0.500044","0.497114","0.0328325","0.487512","0.534289","1.16156","1.73474e-15","2.96245","2.99027","2.93029","7.10887","0","0","0","0","0","0","0","0"
"3.61983","0.500044","0.497114","0.0328338","0.487391","0.53407","1.15931","1.73405e-15","2.95726","2.98773","2.93206","7.10148","0","0","0","0","0","0","0","0"
"3.62322","0.500044","0.497114","0.032835","0.486856","0.533723","1.15688","1.73383e-15","2.95631","2.99008","2.93705","7.10432","0","0","0","0","0","0","0","0"
"3.62662","0.500044","0.497114","0.0328363","0.486265","0.532813","1.15336","1.73588e-15","2.95593","2.99033","2.94323","7.12118","0","0","0","0","0","0","0","0"
"3.6301","0.500044","0.497114","0.0328373","0.486628","0.532969","1.15736","1.73367e-15","2.95788","2.99051","2.94508","7.10508","0","0","0","0","0","0","0","0"
"3.63337","0.500044","0.497469","0.0328378","0.487084","0.533605","1.16003","1.73395e-15","2.95666","2.99244","2.94038","7.11332","0","0","0","0","0","0","0","0"
"3.63677","0.500044","0.497469","0.0328382","0.487166","0.533635","1.16028","1.7346e-15","2.95503","2.98792","2.93812","7.11407","0","0","0","0","0","0","0","0"
"3.64015","0.500044","0.497469","0.0328387","0.488046","0.534667","1.16077","1.73328e-15","2.96023","2.9928","2.94808","7.11254","0","0","0","0","0","0","0","0"
"3.64353","0.500044","0.497469","0.0328392","0.487616","0.534162","1.15866","1.73501e-15","2.96237","2.99366","2.94638","7.12301","0","0","0","0","0","0","0","0"
"3.6582","0.500044","0.497469","0.032839","0.487529","0.533376","1.16555","1.73527e-15","2.96697","2.99276","2.92488","7.13877","0","0","0","0","0","0","0","0"
"3.66045","0.500044","0.497307","0.0328388","0.488142","0.533972","1.16953","1.73742e-15","2.96814","2.99111","2.91818","7.16665","0","0","0","0","0","0","0","0"
"3.66388","0.500044","0.497307","0.0328394","0.488689","0.534084","1.1726","1.73707e-15","2.96921","2.99217","2.91748","7.16101","0","0","0","0","0","0","0","0"
"3.66725","0.500044","0.497286","0.0328411","0.489819","0.535395","1.17612","1.73712e-15","2.9694","2.9937","2.91383","7.16602","0","0","0","0","0","0","0","0"
"3.6706","0.500044","0.497286","0.0328426","0.490941","0.536443","1.18227","1.7374e-15","2.96421","2.98889","2.92917","7.1588","0","0","0","0","0","0","0","0"
"3.67395","0.500044","0.497286","0.0328443","0.49057","0.53611","1.18196","1.73586e-15","2.95977","2.98456","2.91869","7.14734","0","0","0","0","0","0","0","0"
"3.67728","0.500044","0.497286","0.0328457","0.491388","0.536639","1.18059","1.73759e-15","2.96346","2.9824","2.91858","7.16151","0","0","0","0","0","0","0","0"
"3.68093","0.500044","0.497286","0.032848","0.490756","0.53598","1.17895","1.73644e-15","2.96679","2.98323","2.91961","7.1426","0","0","0","0","0","0","0","0"
"3.68525","0.500044","0.497367","0.0328513","0.490243","0.535532","1.17809","1.73757e-15","2.97231","2.99086","2.91556","7.15272","0","0","0","0","0","0","0","0"
"3.68863","0.500044","0.497367","0.0328541","0.489717","0.534988","1.17699","1.73789e-15","2.97085","2.98904","2.91243","7.15047","0","0","0","0","0","0","0","0"
"3.69203","0.500044","0.497367","0.0328565","0.490163","0.535471","1.17506","1.73673e-15","2.96787","2.98455","2.91524","7.14348","0","0","0","0","0","0","0","0"
"3.6964","0.500044","0.497367","0.0328597","0.489497","0.534661","1.17393","1.73846e-15","2.9682","2.98297","2.91239","7.14756","0","0","0","0","0","0","0","0"
"3.69958","0.500044","0.497783","0.0328605","0.489553","0.534578","1.17659","1.73738e-15","2.96414","2.97576","2.89586","7.1329","0","0","0","0","0","0","0","0"
"3.70297","0.500044","0.497783","0.0328614","0.489605","0.534341","1.17556","1.73998e-15","2.9654","2.97431","2.89135","7.15664","0","0","0","0","0","0","0","0"
"3.70635","0.500044","0.497783","0.0328624","0.489311","0.533985","1.17171","1.73891e-15","2.9702","2.97307","2.90026","7.141","0","0","0","0","0","0","0","0"
"3.70973","0.500044","0.497783","0.0328632","0.490218","0.534897","1.17493","1.73844e-15","2.96759","2.97006","2.92995","7.14605","0","0","0","0","0","0","0","0"
"3.71322","0.500044","0.497783","0.0328638","0.49063","0.535645","1.18014","1.73968e-15","2.95891","2.96386","2.92759","7.15154","0","0","0","0","0","0","0","0"
"3.7165","0.500044","0.497849","0.0328631","0.491671","0.536433","1.1892","1.73893e-15","2.96012","2.96975","2.92971","7.13816","0","0","0","0","0","0","0","0"
"3.71988","0.500044","0.497849","0.0328624","0.492161","0.536959","1.18854","1.74169e-15","2.96339","2.9749","2.93327","7.16656","0","0","0","0","0","0","0","0"
"3.72338","0.500044","0.497849","0.0328618","0.491974","0.536923","1.18461","1.74134e-15","2.96378","2.97769","2.94382","7.14723","0","0","0","0","0","0","0","0"
"3.72668","0.500044","0.497849","0.0328611","0.491507","0.536448","1.18694","1.74213e-15","2.96244","2.97844","2.92442","7.16676","0","0","0","0","0","0","0","0"
"3.73018","0.500044","0.497849","0.0328605","0.491169","0.536141","1.18448","1.74374e-15","2.96293","2.98215","2.92735","7.1686","0","0","0","0","0","0","0","0"
"3.73343","0.500044","0.497782","0.0328601","0.491236","0.536284","1.18347","1.74181e-15","2.95921","2.97925","2.92544","7.15726","0","0","0","0","0","0","0","0"
"3.73682","0.500044","0.497782","0.0328596","0.490683","0.535574","1.18307","1.74311e-15","2.96195","2.97969","2.9224","7.14627","0","0","0","0","0","0","0","0"
"3.74022","0.500044","0.497782","0.0328591","0.491083","0.53577","1.17868","1.74207e-15","2.95672","2.97808","2.93374","7.12184","0","0","0","0","0","0","0","0"
"3.74358","0.500044","0.497782","0.0328587","0.49103","0.535478","1.17699","1.74317e-15","2.96487","2.97941","2.93516","7.14418","0","0","0","0","0","0","0","0"
"3.74707","0.500044","0.497782","0.0328583","0.490825","0.535376","1.17358","1.74274e-15","2.97068","2.98382","2.95168","7.15423","0","0","0","0","0","0","0","0"
"3.75035","0.500044","0.498093","0.0328581","0.490372","0.534884","1.17204","1.74326e-15","2.9721","2.98605","2.94946","7.16019","0","0","0","0","0","0","0","0"
"3.75375","0.500044","0.498093","0.0328579","0.490648","0.535527","1.17163","1.74298e-15","2.97659","2.99061","2.94783","7.15643","0","0","0","0","0","0","0","0"
"3.75713","0.500044","0.498093","0.0328577","0.491075","0.535712","1.17145","1.74231e-15","2.9818","2.99618","2.95383","7.15162","0","0","0","0","0","0","0","0"
"3.76052","0.500044","0.498093","0.0328575","0.491629","0.536253","1.17056","1.74363e-15","2.97706","2.99141","2.95165","7.16509","0","0","0","0","0","0","0","0"
"3.76403","0.500044","0.498093","0.0328573","0.492075","0.536923","1.16739","1.74137e-15","2.97294","2.98647","2.95963","7.14483","0","0","0","0","0","0","0","0"
"3.76858","0.500044","0.498084","0.0328571","0.492821","0.537631","1.16839","1.74234e-15","2.97474","2.98178","2.95363","7.15446","0","0","0","0","0","0","0","0"
"3.77197","0.500044","0.498084","0.0328569","0.492736","0.537618","1.16738","1.74147e-15","2.97566","2.98","2.95058","7.14242","0","0","0","0","0","0","0","0"
"3.77535","0.500044","0.498084","0.0328568","0.493557","0.538781","1.16809","1.74263e-15","2.96732","2.97545","2.96452","7.157","0","0","0","0","0","0","0","0"
"3.77972","0.500044","0.498084","0.0328567","0.493792","0.538748","1.16264","1.74081e-15","2.96555","2.97979","2.98017","7.13014","0","0","0","0","0","0","0","0"
"3.78292","0.500044","0.498156","0.0328568","0.493524","0.538297","1.16436","1.74143e-15","2.9661","2.97972","2.99159","7.14402","0","0","0","0","0","0","0","0"
"3.7863","0.500044","0.498156","0.0328569","0.493047","0.538182","1.16264","1.74085e-15","2.96739","2.98188","2.99086","7.11892","0","0","0","0","0","0","0","0"
"3.78968","0.500044","0.498156","0.032857","0.492597","0.538051","1.16521","1.74179e-15","2.96677","2.98265","2.97923","7.14639","0","0","0","0","0","0","0","0"
"3.79307","0.500044","0.498156","0.0328571","0.492539","0.537961","1.16876","1.74256e-15","2.96801","2.98291","2.9787","7.15","0","0","0","0","0","0","0","0"
"3.79655","0.500044","0.498156","0.0328571","0.49193","0.537437","1.16433","1.7412e-15","2.97818","2.98307","2.9908","7.12768","0","0","0","0","0","0","0","0"
"3.79983","0.500044","0.498651","0.0328567","0.491263","0.536778","1.16128","1.74256e-15","2.98128","2.98588","2.9966","7.12843","0","0","0","0","0","0","0","0"
"3.80322","0.500044","0.498651","0.0328563","0.490537","0.536091","1.16198","1.74136e-15","2.98285","2.99105","2.98701","7.11587","0","0","0","0","0","0","0","0"
"3.8066","0.500044","0.498651","0.0328559","0.490499","0.53565","1.16105","1.74323e-15","2.98855","3.0005","2.98133","7.13784","0","0","0","0","0","0","0","0"
"3.81","0.500044","0.498651","0.0328555","0.491934","0.537053","1.17536","1.74249e-15","2.99582","3.01163","3.07318","7.1129","0","0","0","0","0","0","0","0"
"3.81352","0.500044","0.498651","0.0328548","0.491603","0.536886","1.17307","1.74272e-15","2.99438","3.01245","3.07367","7.10804","0","0","0","0","0","0","0","0"
"3.81677","0.500044","0.498814","0.0328532","0.490901","0.536546","1.17257","1.74119e-15","2.99488","3.01068","3.07239","7.0875","0","0","0","0","0","0","0","0"
"3.82015","0.500044","0.498814","0.0328518","0.491383","0.537026","1.17917","1.74062e-15","2.99871","3.00683","3.07962","7.09575","0","0","0","0","0","0","0","0"
"3.82355","0.500044","0.498814","0.0328501","0.491846","0.537638","1.17886","1.74267e-15","2.99434","3.00093","3.06978","7.10377","0","0","0","0","0","0","0","0"
"3.82692","0.500044","0.498814","0.0328487","0.49167","0.537493","1.17914","1.74145e-15","2.99431","2.9983","3.06983","7.07906","0","0","0","0","0","0","0","0"
"3.83042","0.500044","0.498814","0.0328478","0.491053","0.536997","1.18067","1.74036e-15","2.994","2.99663","3.05578","7.07731","0","0","0","0","0","0","0","0"
"3.83368","0.500044","0.498533","0.0328477","0.490614","0.536522","1.1792","1.74169e-15","2.99282","2.99483","3.05215","7.10066","0","0","0","0","0","0","0","0"
"3.83708","0.500044","0.498533","0.0328476","0.490684","0.536691","1.18078","1.74147e-15","2.99324","3.00443","3.02996","7.09685","0","0","0","0","0","0","0","0"
"3.84047","0.500044","0.498533","0.0328475","0.491136","0.537339","1.18426","1.74279e-15","2.99398","3.00657","3.02421","7.11528","0","0","0","0","0","0","0","0"
"3.84385","0.500044","0.498533","0.0328474","0.491918","0.537956","1.19579","1.74158e-15","3.00415","3.00814","3.03465","7.09857","0","0","0","0","0","0","0","0"
"3.84735","0.500044","0.498533","0.032848","0.491968","0.538121","1.19875","1.7414e-15","3.00721","3.00552","3.03825","7.0935","0","0","0","0","0","0","0","0"
"3.85192","0.500044","0.498495","0.03285","0.491411","0.537538","1.19519","1.74057e-15","3.00318","3.00301","3.03988","7.06737","0","0","0","0","0","0","0","0"
"3.8553","0.500044","0.498495","0.0328515","0.49052","0.536723","1.19074","1.74109e-15","3.00405","3.00384","3.05285","7.08228","0","0","0","0","0","0","0","0"
"3.85868","0.500044","0.498495","0.0328528","0.490372","0.536804","1.19161","1.74235e-15","3.00045","2.99869","3.03854","7.09052","0","0","0","0","0","0","0","0"
"3.86305","0.500044","0.498495","0.0328542","0.490206","0.536364","1.18846","1.74026e-15","3.00334","2.99623","3.04355","7.07279","0","0","0","0","0","0","0","0"
"3.86628","0.500044","0.498506","0.032854","0.489998","0.536234","1.18651","1.7413e-15","3.00038","2.99856","3.04342","7.08558","0","0","0","0","0","0","0","0"
"3.86962","0.500044","0.498506","0.0328537","0.490414","0.537001","1.18423","1.73978e-15","2.99944","2.9966","3.04373","7.07018","0","0","0","0","0","0","0","0"
"3.87302","0.500044","0.498506","0.0328534","0.491003","0.537473","1.18085","1.74128e-15","2.99392","2.993","3.05053","7.0868","0","0","0","0","0","0","0","0"
"3.8764","0.500044","0.498506","0.0328531","0.49006","0.536627","1.17915","1.74231e-15","2.99756","2.99592","3.05073","7.0798","0","0","0","0","0","0","0","0"
"3.87988","0.500044","0.498506","0.0328527","0.489621","0.535979","1.17484","1.74179e-15","2.99681","2.99555","3.0622","7.0667","0","0","0","0","0","0","0","0"
"3.88317","0.500044","0.498451","0.0328521","0.489144","0.535524","1.17595","1.74364e-15","2.99924","2.9983","3.05473","7.09059","0","0","0","0","0","0","0","0"
"3.88655","0.500044","0.498451","0.0328514","0.489132","0.535475","1.17186","1.74272e-15","3.00327","2.99573","3.06805","7.07935","0","0","0","0","0","0","0","0"
"3.88993","0.500044","0.498451","0.0328508","0.489191","0.535578","1.16967","1.74424e-15","3.00172","2.99643","3.07202","7.1083","0","0","0","0","0","0","0","0"
"3.89335","0.500044","0.498451","0.03285","0.488759","0.535322","1.17248","1.74307e-15","3.00199","3.00343","3.04707","7.08889","0","0","0","0","0","0","0","0"
"3.89683","0.500044","0.498451","0.0328497","0.48946","0.535929","1.17223","1.74333e-15","2.99964","3.00291","3.0448","7.10359","0","0","0","0","0","0","0","0"
"3.9001","0.500044","0.498349","0.0328501","0.488878","0.535403","1.17099","1.7414e-15","2.99851","3.00254","3.03759","7.08551","0","0","0","0","0","0","0","0"
"3.90348","0.500044","0.498349","0.0328503","0.489397","0.535913","1.16764","1.74134e-15","2.99533","2.9985","3.04675","7.09664","0","0","0","0","0","0","0","0"
"3.90687","0.500044","0.498349","0.0328507","0.48968","0.536321","1.16685","1.74209e-15","2.99183","2.99769","3.04203","7.10047","0","0","0","0","0","0","0","0"
"3.91025","0.500044","0.498349","0.032851","0.48961","0.536071","1.17212","1.7422e-15","2.99293","3.00065","3.03629","7.07745","0","0","0","0","0","0","0","0"
"3.91375","0.500044","0.498349","0.0328516","0.489395","0.536074","1.17023","1.7426e-15","2.99633","3.00884","3.03467","7.05988","0","0","0","0","0","0","0","0"
"3.91702","0.500044","0.498222","0.0328526","0.489525","0.536137","1.17047","1.74157e-15","2.99461","3.00421","3.02677","7.03782","0","0","0","0","0","0","0","0"
"3.92042","0.500044","0.498222","0.0328537","0.489057","0.535746","1.17445","1.74255e-15","2.9941","3.00544","3.00428","7.04453","0","0","0","0","0","0","0","0"
"3.92378","0.500044","0.498222","0.0328547","0.488979","0.535894","1.17873","1.74175e-15","2.98832","3.0023","2.9822","7.03683","0","0","0","0","0","0","0","0"
"3.92718","0.500044","0.498222","0.0328558","0.488912","0.536056","1.18059","1.7443e-15","2.98918","3.00528","2.97836","7.0589","0","0","0","0","0","0","0","0"
"3.9307","0.500044","0.498222","0.0328566","0.489044","0.53624","1.17924","1.74225e-15","2.98924","3.00552","2.97806","7.04843","0","0","0","0","0","0","0","0"
"3.93525","0.500044","0.498286","0.0328573","0.488313","0.535669","1.17701","1.74242e-15","2.99087","3.01064","2.98799","7.0618","0","0","0","0","0","0","0","0"
"3.93863","0.500044","0.498286","0.0328579","0.487758","0.534901","1.17681","1.74097e-15","2.99223","3.01061","2.98028","7.05864","0","0","0","0","0","0","0","0"
"3.94212","0.500044","0.498286","0.0328584","0.488196","0.535867","1.17575","1.74245e-15","2.98922","3.01367","2.98203","7.08147","0","0","0","0","0","0","0","0"
"3.94638","0.500044","0.498286","0.0328595","0.48842","0.535952","1.17832","1.74034e-15","2.99006","3.01206","2.9637","7.06013","0","0","0","0","0","0","0","0"
"3.94957","0.500044","0.498286","0.0328609","0.488196","0.535516","1.17442","1.74082e-15","2.99187","3.01205","2.97413","7.0662","0","0","0","0","0","0","0","0"
"3.95295","0.500044","0.498286","0.0328624","0.488605","0.536009","1.17475","1.73943e-15","2.99226","3.01344","2.97037","7.05642","0","0","0","0","0","0","0","0"
"3.95633","0.500044","0.498286","0.0328641","0.48825","0.535749","1.17231","1.74116e-15","2.98971","3.01365","2.97259","7.08854","0","0","0","0","0","0","0","0"
"3.95972","0.500044","0.498286","0.0328655","0.48825","0.535686","1.17072","1.74064e-15","2.99342","3.0124","2.97435","7.07397","0","0","0","0","0","0","0","0"
"3.9632","0.500044","0.498286","0.0328668","0.488324","0.536092","1.1678","1.74077e-15","2.999","3.01632","2.97812","7.06845","0","0","0","0","0","0","0","0"
"3.9665","0.500044","0.498176","0.0328669","0.488389","0.536299","1.16538","1.74082e-15","2.99584","3.01457","2.98152","7.06521","0","0","0","0","0","0","0","0"
"3.96988","0.500044","0.498176","0.0328671","0.488063","0.536176","1.16451","1.74051e-15","2.99637","3.01773","2.97644","7.06997","0","0","0","0","0","0","0","0"
"3.97327","0.500044","0.498176","0.0328672","0.488143","0.536352","1.16708","1.74219e-15","2.99555","3.01664","2.98482","7.07981","0","0","0","0","0","0","0","0"
"3.97667","0.500044","0.498176","0.0328673","0.48808","0.536564","1.16885","1.74111e-15","2.99093","3.00692","2.96773","7.08148","0","0","0","0","0","0","0","0"
"3.98017","0.500044","0.498176","0.0328673","0.489128","0.537448","1.17043","1.74215e-15","2.99412","3.01116","2.96549","7.0692","0","0","0","0","0","0","0","0"
"3.98343","0.500044","0.49818","0.0328669","0.488412","0.537099","1.17135","1.74e-15","3.00019","3.01321","2.96677","7.06247","0","0","0","0","0","0","0","0"
"3.98682","0.500044","0.49818","0.0328665","0.489258","0.538032","1.16987","1.74062e-15","2.9964","3.00971","2.96513","7.07833","0","0","0","0","0","0","0","0"
"3.9902","0.500044","0.49818","0.0328661","0.490184","0.538604","1.1693","1.73967e-15","2.99386","3.00252","2.97182","7.06901","0","0","0","0","0","0","0","0"
"3.99358","0.500044","0.49818","0.0328657","0.490501","0.539195","1.16782","1.74072e-15","2.99285","3.00565","2.96984","7.0688","0","0","0","0","0","0","0","0"
"3.99707","0.500044","0.49818","0.0328653","0.490604","0.539214","1.17057","1.74039e-15","2.98775","3.00186","2.95045","7.06364","0","0","0","0","0","0","0","0"
"4.00035","0.500044","0.498285","0.032865","0.49087","0.539437","1.17165","1.73963e-15","2.99071","3.00276","2.93963","7.05738","0","0","0","0","0","0","0","0"
"4.00373","0.500044","0.498285","0.0328646","0.491128","0.53966","1.16896","1.74059e-15","2.98985","2.9953","2.9446","7.06155","0","0","0","0","0","0","0","0"
"4.00712","0.500044","0.498285","0.0328643","0.490658","0.539185","1.16778","1.74076e-15","2.9919","2.9995","2.94154","7.05416","0","0","0","0","0","0","0","0"
"4.0105","0.500044","0.498285","0.0328639","0.490534","0.539115","1.1708","1.74256e-15","2.98816","2.9978","2.9303","7.07586","0","0","0","0","0","0","0","0"
"4.01402","0.500044","0.498285","0.0328637","0.490695","0.539255","1.17047","1.74075e-15","2.98452","3.0016","2.9322","7.05868","0","0","0","0","0","0","0","0"
"4.01865","0.500044","0.498637","0.0328634","0.489924","0.538411","1.16803","1.74212e-15","2.98535","3.0035","2.92987","7.08064","0","0","0","0","0","0","0","0"
"4.02197","0.500044","0.498637","0.0328631","0.48997","0.538185","1.16834","1.74163e-15","2.98746","3.0013","2.92928","7.06711","0","0","0","0","0","0","0","0"
"4.02535","0.500044","0.498637","0.032863","0.489317","0.537478","1.16881","1.74289e-15","2.99136","3.0024","2.91613","7.0841","0","0","0","0","0","0","0","0"
"4.02973","0.500044","0.498637","0.0328627","0.488742","0.536935","1.16924","1.74054e-15","2.99461","3.00698","2.91543","7.07374","0","0","0","0","0","0","0","0"
"4.03293","0.500044","0.498912","0.0328626","0.488869","0.537098","1.16755","1.74004e-15","2.98835","3.00131","2.91621","7.07755","0","0","0","0","0","0","0","0"
"4.03628","0.500044","0.498912","0.0328624","0.489314","0.537203","1.17099","1.73914e-15","2.99609","3.00069","2.90911","7.07802","0","0","0","0","0","0","0","0"
"4.03967","0.500044","0.498912","0.0328622","0.489015","0.537298","1.17466","1.74071e-15","2.99322","2.998","2.90335","7.09912","0","0","0","0","0","0","0","0"
"4.04305","0.500044","0.498912","0.0328621","0.489047","0.536986","1.17901","1.74025e-15","2.99146","2.99895","2.90228","7.097","0","0","0","0","0","0","0","0"
"4.04653","0.500044","0.498912","0.0328625","0.488916","0.536685","1.18126","1.74168e-15","2.99174","2.99853","2.89975","7.09477","0","0","0","0","0","0","0","0"
"4.04983","0.500044","0.498718","0.0328639","0.48866","0.536482","1.18051","1.74082e-15","2.99223","2.99843","2.89446","7.08508","0","0","0","0","0","0","0","0"
"4.05322","0.500044","0.498718","0.0328656","0.488955","0.536721","1.18649","1.7429e-15","2.99477","3.00115","2.90599","7.09801","0","0","0","0","0","0","0","0"
"4.0566","0.500044","0.498718","0.032867","0.489536","0.536951","1.19423","1.74196e-15","2.99213","2.9951","2.92891","7.08408","0","0","0","0","0","0","0","0"
"4.06002","0.500044","0.498718","0.0328687","0.489862","0.53811","1.20411","1.74409e-15","3.00005","3.00314","2.95672","7.12294","0","0","0","0","0","0","0","0"
"4.0635","0.500044","0.498718","0.03287","0.489626","0.537697","1.20739","1.74241e-15","3.00111","3.00553","2.93607","7.1006","0","0","0","0","0","0","0","0"
"4.06675","0.500044","0.498502","0.0328713","0.489408","0.537452","1.20618","1.74313e-15","2.99607","3.0037","2.93051","7.12075","0","0","0","0","0","0","0","0"
"4.07013","0.500044","0.498502","0.0328725","0.489076","0.537108","1.20571","1.74134e-15","2.99965","3.00913","2.92455","7.11215","0","0","0","0","0","0","0","0"
"4.07353","0.500044","0.498502","0.0328738","0.488498","0.536673","1.20221","1.74221e-15","3.0021","3.00926","2.93017","7.12204","0","0","0","0","0","0","0","0"
"4.07692","0.500044","0.498502","0.0328749","0.487991","0.536055","1.19848","1.74206e-15","2.99996","3.00885","2.93925","7.12592","0","0","0","0","0","0","0","0"
"4.0804","0.500044","0.498502","0.032876","0.488035","0.536535","1.20562","1.74042e-15","2.99767","3.01292","2.9285","7.11432","0","0","0","0","0","0","0","0"
"4.08368","0.500044","0.49849","0.0328767","0.487816","0.536091","1.20613","1.74069e-15","2.99656","3.0147","2.91757","7.11797","0","0","0","0","0","0","0","0"
"4.08707","0.500044","0.49849","0.0328776","0.487918","0.535935","1.20182","1.74012e-15","3.00147","3.01447","2.92968","7.10808","0","0","0","0","0","0","0","0"
"4.09045","0.500044","0.49849","0.0328783","0.488099","0.535995","1.2005","1.74249e-15","3.00491","3.01934","2.92533","7.12596","0","0","0","0","0","0","0","0"
"4.09383","0.500044","0.49849","0.0328792","0.488297","0.53601","1.20383","1.74113e-15","3.0044","3.01792","2.93159","7.10815","0","0","0","0","0","0","0","0"
"4.09735","0.500044","0.49849","0.0328796","0.48791","0.535732","1.20237","1.74059e-15","3.00285","3.01773","2.93828","7.10774","0","0","0","0","0","0","0","0"
"4.10192","0.500044","0.498382","0.0328797","0.487076","0.534977","1.19698","1.73942e-15","3.00596","3.01853","2.95396","7.08721","0","0","0","0","0","0","0","0"
"4.1053","0.500044","0.498382","0.0328797","0.487611","0.535333","1.19701","1.74143e-15","3.00277","3.01548","2.94822","7.106","0","0","0","0","0","0","0","0"
"4.10868","0.500044","0.498382","0.0328798","0.487718","0.535468","1.19788","1.7402e-15","3.00053","3.0158","2.95115","7.0806","0","0","0","0","0","0","0","0"
"4.11305","0.500044","0.498382","0.0328797","0.487136","0.534964","1.20098","1.74203e-15","2.99907","3.01339","2.92965","7.08498","0","0","0","0","0","0","0","0"
"4.11623","0.500044","0.498137","0.0328791","0.487367","0.535445","1.19819","1.74002e-15","2.99335","3.01265","2.938","7.07431","0","0","0","0","0","0","0","0"
"4.11962","0.500044","0.498137","0.0328786","0.487637","0.535759","1.19636","1.7411e-15","2.98555","3.01372","2.93756","7.08742","0","0","0","0","0","0","0","0"
"4.123","0.500044","0.498137","0.0328779","0.487608","0.535832","1.19386","1.74088e-15","2.98374","3.01086","2.93635","7.08222","0","0","0","0","0","0","0","0"
"4.1264","0.500044","0.498137","0.0328774","0.487582","0.536077","1.19348","1.7409e-15","2.98209","3.00735","2.93218","7.08976","0","0","0","0","0","0","0","0"
"4.12988","0.500044","0.498137","0.0328771","0.486811","0.535353","1.1904","1.74153e-15","2.98745","3.00963","2.93977","7.0979","0","0","0","0","0","0","0","0"
"4.13315","0.500044","0.497989","0.0328777","0.486822","0.535479","1.18981","1.74118e-15","2.98828","3.01259","2.93843","7.09351","0","0","0","0","0","0","0","0"
"4.13648","0.500044","0.497989","0.0328785","0.486506","0.535572","1.19057","1.74223e-15","2.98742","3.01323","2.92887","7.09396","0","0","0","0","0","0","0","0"
"4.13983","0.500044","0.497989","0.0328791","0.486884","0.535735","1.18859","1.74103e-15","2.98402","3.01491","2.92973","7.09371","0","0","0","0","0","0","0","0"
"4.1432","0.500044","0.497989","0.0328798","0.487457","0.536581","1.19046","1.74284e-15","3.00236","3.02478","2.92127","7.10155","0","0","0","0","0","0","0","0"
"4.14667","0.500044","0.497989","0.0328805","0.488942","0.537539","1.19034","1.74102e-15","3.01241","3.02757","2.91822","7.08353","0","0","0","0","0","0","0","0"
"4.15","0.500044","0.497974","0.0328814","0.489199","0.537698","1.19175","1.74217e-15","3.01464","3.03113","2.91636","7.0973","0","0","0","0","0","0","0","0"
"4.15337","0.500044","0.497974","0.0328822","0.489158","0.537673","1.18852","1.74146e-15","3.01166","3.03267","2.92404","7.07623","0","0","0","0","0","0","0","0"
"4.15673","0.500044","0.497974","0.0328832","0.488539","0.537299","1.18671","1.74237e-15","3.00848","3.03078","2.92507","7.08845","0","0","0","0","0","0","0","0"
"4.16008","0.500044","0.497974","0.032884","0.488237","0.537111","1.18302","1.74212e-15","3.01011","3.02866","2.9356","7.07301","0","0","0","0","0","0","0","0"
"4.16373","0.500044","0.497974","0.0328847","0.487597","0.536603","1.17899","1.73988e-15","3.01519","3.03159","2.94445","7.07027","0","0","0","0","0","0","0","0"
"4.167","0.500044","0.498042","0.032885","0.487084","0.536332","1.17511","1.74119e-15","3.01799","3.03151","2.95485","7.06936","0","0","0","0","0","0","0","0"
"4.17038","0.500044","0.498042","0.0328854","0.487","0.536378","1.17479","1.74067e-15","3.01608","3.03121","2.9462","7.06869","0","0","0","0","0","0","0","0"
"4.17378","0.500044","0.498042","0.0328858","0.486762","0.536033","1.17409","1.74247e-15","3.01196","3.03105","2.94427","7.09298","0","0","0","0","0","0","0","0"
"4.17717","0.500044","0.498042","0.0328862","0.486773","0.536062","1.17771","1.74086e-15","3.00802","3.02557","2.93906","7.0722","0","0","0","0","0","0","0","0"
"4.18068","0.500044","0.498042","0.0328864","0.486329","0.535727","1.17532","1.74034e-15","3.00487","3.02368","2.94253","7.06268","0","0","0","0","0","0","0","0"
"4.18518","0.500044","0.498278","0.0328865","0.486538","0.536146","1.17433","1.73964e-15","3.00049","3.02011","2.93469","7.04903","0","0","0","0","0","0","0","0"
"4.18853","0.500044","0.498278","0.0328866","0.486724","0.536174","1.17188","1.74088e-15","2.99696","3.02024","2.93415","7.0721","0","0","0","0","0","0","0","0"
"4.19188","0.500044","0.498278","0.0328867","0.486574","0.536034","1.17241","1.74078e-15","2.99649","3.01749","2.93742","7.07036","0","0","0","0","0","0","0","0"
"4.19638","0.500044","0.498278","0.0328869","0.487946","0.537498","1.17738","1.73933e-15","2.99652","3.01835","2.92969","7.08065","0","0","0","0","0","0","0","0"
"4.19973","0.500044","0.498058","0.0328875","0.488203","0.537766","1.18086","1.73721e-15","2.99386","3.01537","2.92243","7.0673","0","0","0","0","0","0","0","0"
"4.20328","0.500044","0.498058","0.0328882","0.487786","0.537461","1.17942","1.73843e-15","2.99062","3.01087","2.91779","7.07014","0","0","0","0","0","0","0","0"
"4.20668","0.500044","0.498058","0.0328889","0.487165","0.536737","1.17597","1.7377e-15","2.99232","3.01297","2.92389","7.0529","0","0","0","0","0","0","0","0"
"4.21005","0.500044","0.498058","0.0328895","0.486789","0.536382","1.17859","1.73755e-15","2.993","3.01204","2.9106","7.06916","0","0","0","0","0","0","0","0"
"4.21355","0.500044","0.498058","0.0328903","0.487438","0.537415","1.1859","1.73839e-15","2.99382","3.0102","2.94864","7.05443","0","0","0","0","0","0","0","0"
"4.21682","0.500044","0.498025","0.0328911","0.487539","0.537753","1.18309","1.73748e-15","2.99558","3.00537","2.95245","7.03865","0","0","0","0","0","0","0","0"
"4.22118","0.500044","0.498025","0.0328919","0.487536","0.537546","1.18469","1.73934e-15","2.99863","3.00246","2.93853","7.04873","0","0","0","0","0","0","0","0"
"4.22353","0.500044","0.498025","0.0328928","0.487613","0.537823","1.19077","1.73754e-15","3.00171","3.00559","2.95818","7.0281","0","0","0","0","0","0","0","0"
"4.22692","0.500044","0.498025","0.0328936","0.487992","0.538502","1.19059","1.73788e-15","3.01067","3.00559","2.95467","7.04555","0","0","0","0","0","0","0","0"
"4.2304","0.500044","0.498025","0.0328942","0.48761","0.537956","1.1852","1.73772e-15","3.0059","3.00395","2.97275","7.05489","0","0","0","0","0","0","0","0"
"4.2337","0.500044","0.498132","0.0328943","0.487543","0.538104","1.18712","1.73711e-15","3.00817","3.00811","2.9666","7.04599","0","0","0","0","0","0","0","0"
"4.23725","0.500044","0.498132","0.0328945","0.487364","0.537784","1.18249","1.73907e-15","3.00636","3.00237","2.98302","7.07387","0","0","0","0","0","0","0","0"
"4.24063","0.500044","0.498132","0.0328946","0.487593","0.538039","1.18657","1.73767e-15","3.00486","3.00317","2.97","7.06174","0","0","0","0","0","0","0","0"
"4.24402","0.500044","0.498132","0.0328947","0.487712","0.53813","1.18713","1.73976e-15","3.00546","3.00354","2.97315","7.08919","0","0","0","0","0","0","0","0"
"4.2475","0.500044","0.498132","0.0328949","0.488093","0.538409","1.19496","1.73883e-15","3.00469","3.00627","2.97102","7.07072","0","0","0","0","0","0","0","0"
"4.25078","0.500044","0.498174","0.032895","0.488348","0.538851","1.19758","1.73999e-15","3.00043","3.00316","2.95664","7.08177","0","0","0","0","0","0","0","0"
"4.25417","0.500044","0.498174","0.0328951","0.488502","0.539323","1.20096","1.74146e-15","3.00075","3.00261","2.94908","7.07618","0","0","0","0","0","0","0","0"
"4.25755","0.500044","0.498174","0.0328953","0.488284","0.539224","1.20153","1.74093e-15","2.99834","2.99962","2.93562","7.06871","0","0","0","0","0","0","0","0"
"4.26095","0.500044","0.498174","0.0328954","0.48905","0.539827","1.2058","1.74331e-15","2.99244","2.99895","2.92202","7.06864","0","0","0","0","0","0","0","0"
"4.26443","0.500044","0.498174","0.0328955","0.48891","0.539696","1.20474","1.74158e-15","2.98719","2.99503","2.91701","7.05327","0","0","0","0","0","0","0","0"
"4.2685","0.500044","0.498232","0.0328956","0.487963","0.538597","1.20368","1.74387e-15","2.98947","2.99863","2.90924","7.08717","0","0","0","0","0","0","0","0"
"4.27188","0.500044","0.498232","0.0328957","0.488821","0.539203","1.1994","1.74259e-15","2.99104","3.00099","2.92043","7.07254","0","0","0","0","0","0","0","0"
"4.27527","0.500044","0.498232","0.0328958","0.488636","0.538649","1.19586","1.74383e-15","2.98703","2.99758","2.92913","7.09407","0","0","0","0","0","0","0","0"
"4.27975","0.500044","0.498232","0.032896","0.488256","0.538339","1.19232","1.74273e-15","2.98952","3.00119","2.94057","7.06841","0","0","0","0","0","0","0","0"
"4.28308","0.500044","0.498339","0.0328963","0.488034","0.538041","1.18853","1.74356e-15","2.98822","2.99749","2.95066","7.09756","0","0","0","0","0","0","0","0"
"4.28647","0.500044","0.498339","0.0328967","0.487372","0.537403","1.18989","1.74385e-15","2.98728","2.99951","2.94219","7.08725","0","0","0","0","0","0","0","0"
"4.28985","0.500044","0.498339","0.032897","0.487483","0.537488","1.18891","1.74406e-15","2.98374","3.00037","2.9432","7.10398","0","0","0","0","0","0","0","0"
"4.29325","0.500044","0.498339","0.0328974","0.487705","0.537764","1.18741","1.74403e-15","2.98107","3.00054","2.94486","7.10925","0","0","0","0","0","0","0","0"
"4.29673","0.500044","0.498339","0.0328979","0.488091","0.538056","1.1913","1.74271e-15","2.98472","2.99787","2.95234","7.10703","0","0","0","0","0","0","0","0"
"4.3","0.500044","0.49837","0.0328985","0.487825","0.537784","1.19457","1.74314e-15","2.9877","3.00426","2.96479","7.09359","0","0","0","0","0","0","0","0"
"4.30338","0.500044","0.49837","0.032899","0.48848","0.538686","1.1953","1.74168e-15","2.99189","3.00772","2.95225","7.07463","0","0","0","0","0","0","0","0"
"4.30678","0.500044","0.49837","0.0328997","0.489019","0.539328","1.1964","1.74321e-15","2.98933","3.00596","2.94519","7.09709","0","0","0","0","0","0","0","0"
"4.31017","0.500044","0.49837","0.0329002","0.489028","0.539257","1.19366","1.7435e-15","2.98984","3.00539","2.95","7.09782","0","0","0","0","0","0","0","0"
"4.31365","0.500044","0.49837","0.0329006","0.488778","0.539061","1.19002","1.74133e-15","2.99034","3.00508","2.95705","7.08172","0","0","0","0","0","0","0","0"
"4.32967","0.500044","0.498248","0.0329013","0.488574","0.538686","1.19761","1.74114e-15","2.99509","3.00883","2.95409","7.09087","0","0","0","0","0","0","0","0"
"4.33057","0.500044","0.498248","0.0329018","0.488453","0.538484","1.19634","1.74116e-15","3.00377","3.01139","2.95134","7.0921","0","0","0","0","0","0","0","0"
"4.3338","0.500044","0.498381","0.0329029","0.488987","0.538708","1.19464","1.74022e-15","3.00798","3.00947","2.95127","7.07749","0","0","0","0","0","0","0","0"
"4.33733","0.500044","0.498381","0.0329037","0.489","0.538751","1.19438","1.74126e-15","3.00853","3.00778","2.94639","7.08137","0","0","0","0","0","0","0","0"
"4.34077","0.500044","0.498381","0.0329048","0.488546","0.538471","1.19871","1.74043e-15","3.01224","3.02173","2.95685","7.06725","0","0","0","0","0","0","0","0"
"4.34407","0.500044","0.498381","0.0329056","0.489697","0.53956","1.19549","1.74186e-15","3.01452","3.02736","2.96379","7.08333","0","0","0","0","0","0","0","0"
"4.3475","0.500044","0.498381","0.0329061","0.489842","0.539521","1.19573","1.74067e-15","3.01403","3.02434","2.95449","7.07219","0","0","0","0","0","0","0","0"
"4.35195","0.500044","0.498469","0.032906","0.489715","0.539143","1.19599","1.74183e-15","3.01645","3.02304","2.95175","7.06318","0","0","0","0","0","0","0","0"
"4.35533","0.500044","0.498469","0.032906","0.49045","0.539705","1.19537","1.74146e-15","3.01705","3.02459","2.95203","7.07438","0","0","0","0","0","0","0","0"
"4.35872","0.500044","0.498469","0.032906","0.489891","0.53919","1.1929","1.74238e-15","3.01748","3.02577","2.95271","7.09569","0","0","0","0","0","0","0","0"
"4.36392","0.500044","0.498469","0.0329061","0.490012","0.539426","1.19076","1.74091e-15","3.01539","3.02259","2.95234","7.08263","0","0","0","0","0","0","0","0"
"4.3673","0.500044","0.498495","0.0329064","0.489571","0.539114","1.18743","1.74005e-15","3.01405","3.02252","2.95519","7.0809","0","0","0","0","0","0","0","0"
"4.37068","0.500044","0.498495","0.0329067","0.49048","0.539841","1.20384","1.74076e-15","3.01785","3.03061","3.00616","7.08811","0","0","0","0","0","0","0","0"
"4.37408","0.500044","0.498495","0.032907","0.490255","0.539581","1.20164","1.74077e-15","3.01872","3.03241","3.01375","7.08412","0","0","0","0","0","0","0","0"
"4.37747","0.500044","0.498495","0.0329073","0.4902","0.539715","1.2008","1.7408e-15","3.01558","3.02955","3.00913","7.09722","0","0","0","0","0","0","0","0"
"4.38095","0.500044","0.498495","0.032907","0.489991","0.539496","1.19754","1.74007e-15","3.00969","3.02299","3.01292","7.09419","0","0","0","0","0","0","0","0"
"4.38423","0.500044","0.498646","0.0329064","0.490521","0.540209","1.19673","1.74115e-15","3.00605","3.02176","3.00913","7.10436","0","0","0","0","0","0","0","0"
"4.38762","0.500044","0.498646","0.0329057","0.48996","0.53955","1.19321","1.74105e-15","3.00831","3.02407","3.01675","7.11234","0","0","0","0","0","0","0","0"
"4.391","0.500044","0.498646","0.0329051","0.489361","0.538918","1.19136","1.74182e-15","3.00883","3.02483","3.02199","7.12671","0","0","0","0","0","0","0","0"
"4.3944","0.500044","0.498646","0.0329045","0.488676","0.538168","1.1873","1.7424e-15","3.00709","3.02232","3.03559","7.12966","0","0","0","0","0","0","0","0"
"4.3979","0.500044","0.498646","0.0329039","0.488423","0.537921","1.1849","1.74139e-15","3.01111","3.02975","3.03772","7.12513","0","0","0","0","0","0","0","0"
"4.40117","0.500044","0.498667","0.0329034","0.488809","0.53793","1.18333","1.7408e-15","3.0086","3.02686","3.03662","7.1105","0","0","0","0","0","0","0","0"
"4.40455","0.500044","0.498667","0.0329029","0.489256","0.538455","1.18593","1.74229e-15","3.01044","3.02627","3.03266","7.13679","0","0","0","0","0","0","0","0"
"4.40793","0.500044","0.498667","0.0329023","0.49082","0.540065","1.19026","1.74222e-15","3.01732","3.03173","3.01435","7.14066","0","0","0","0","0","0","0","0"
"4.41132","0.500044","0.498667","0.0329019","0.490886","0.540329","1.18914","1.74262e-15","3.01491","3.0314","3.01499","7.14594","0","0","0","0","0","0","0","0"
"4.41482","0.500044","0.498667","0.0329019","0.490667","0.540032","1.18695","1.74228e-15","3.01281","3.0314","3.01388","7.14031","0","0","0","0","0","0","0","0"
"4.4181","0.500044","0.498576","0.0329021","0.491534","0.540482","1.18948","1.74129e-15","3.00496","3.02892","3.00031","7.13199","0","0","0","0","0","0","0","0"
"4.42148","0.500044","0.498576","0.0329024","0.490916","0.539884","1.18922","1.74186e-15","3.00111","3.02835","2.99329","7.14021","0","0","0","0","0","0","0","0"
"4.42487","0.500044","0.498576","0.0329026","0.49089","0.539738","1.18608","1.7409e-15","3.00219","3.028","3.00128","7.1333","0","0","0","0","0","0","0","0"
"4.42825","0.500044","0.498576","0.0329029","0.490858","0.539981","1.18573","1.74251e-15","3.00032","3.02608","2.9921","7.14854","0","0","0","0","0","0","0","0"
"4.43177","0.500044","0.498576","0.0329029","0.49127","0.540239","1.18399","1.74074e-15","2.99899","3.02117","2.99005","7.13103","0","0","0","0","0","0","0","0"
"4.43527","0.500044","0.498603","0.0329028","0.491322","0.540622","1.18668","1.74116e-15","2.99963","3.01617","2.9891","7.12691","0","0","0","0","0","0","0","0"
"4.43865","0.500044","0.498603","0.0329027","0.492843","0.542382","1.1929","1.741e-15","3.01559","3.02643","2.97588","7.12905","0","0","0","0","0","0","0","0"
"4.44205","0.500044","0.498603","0.0329026","0.492431","0.54186","1.19119","1.74096e-15","3.01375","3.02947","2.97499","7.14364","0","0","0","0","0","0","0","0"
"4.44638","0.500044","0.498603","0.0329024","0.49167","0.540786","1.18866","1.74071e-15","3.01296","3.03016","2.97358","7.14049","0","0","0","0","0","0","0","0"
"4.4496","0.500044","0.498852","0.0329023","0.491843","0.540946","1.18616","1.7407e-15","3.00694","3.02705","2.97661","7.14703","0","0","0","0","0","0","0","0"
"4.45298","0.500044","0.498852","0.0329021","0.491213","0.54025","1.18604","1.74128e-15","3.00719","3.02691","2.96901","7.14702","0","0","0","0","0","0","0","0"
"4.45637","0.500044","0.498852","0.032902","0.491611","0.540784","1.19247","1.7415e-15","3.00087","3.02466","2.96152","7.15574","0","0","0","0","0","0","0","0"
"4.45975","0.500044","0.498852","0.0329018","0.491227","0.540292","1.19058","1.74198e-15","3.00093","3.02288","2.95902","7.15299","0","0","0","0","0","0","0","0"
"4.46325","0.500044","0.498852","0.0329018","0.490289","0.539369","1.19041","1.7416e-15","3.00506","3.02464","2.95247","7.16019","0","0","0","0","0","0","0","0"
"4.46653","0.500044","0.499054","0.032902","0.490808","0.540091","1.18829","1.74215e-15","2.9991","3.01849","2.95774","7.15235","0","0","0","0","0","0","0","0"
"4.46992","0.500044","0.499054","0.0329022","0.491064","0.540051","1.18492","1.7423e-15","2.99952","3.0143","2.9626","7.15795","0","0","0","0","0","0","0","0"
"4.4733","0.500044","0.499054","0.0329024","0.491873","0.540798","1.18623","1.74213e-15","3.00163","3.01718","2.96383","7.14023","0","0","0","0","0","0","0","0"
"4.4767","0.500044","0.499054","0.0329026","0.491868","0.540643","1.186","1.74311e-15","2.99796","3.01408","2.96108","7.16146","0","0","0","0","0","0","0","0"
"4.4802","0.500044","0.499054","0.0329027","0.491632","0.540203","1.1878","1.74261e-15","2.99894","3.01467","2.94654","7.139","0","0","0","0","0","0","0","0"
"4.48345","0.500044","0.499017","0.0329025","0.491549","0.540082","1.18546","1.74349e-15","2.99564","3.01287","2.95025","7.18588","0","0","0","0","0","0","0","0"
"4.48683","0.500044","0.499017","0.0329023","0.490837","0.539635","1.18123","1.74311e-15","2.99574","3.01067","2.96243","7.18672","0","0","0","0","0","0","0","0"
"4.49023","0.500044","0.499017","0.0329021","0.490096","0.539016","1.17779","1.74315e-15","2.99546","3.00989","2.97187","7.18288","0","0","0","0","0","0","0","0"
"4.49362","0.500044","0.499017","0.0329019","0.489852","0.538872","1.17997","1.74288e-15","2.99177","3.00638","2.96038","7.1668","0","0","0","0","0","0","0","0"
"4.49712","0.500044","0.499017","0.0329019","0.490588","0.539702","1.18481","1.74092e-15","2.99404","3.00895","2.97223","7.15816","0","0","0","0","0","0","0","0"
"4.50038","0.500044","0.498982","0.0329021","0.490647","0.539615","1.18306","1.74137e-15","2.99057","3.00419","2.97104","7.15538","0","0","0","0","0","0","0","0"
"4.50378","0.500044","0.498982","0.0329023","0.490008","0.538891","1.18019","1.74189e-15","2.99108","3.0049","2.9743","7.16658","0","0","0","0","0","0","0","0"
"4.50715","0.500044","0.498982","0.0329025","0.489641","0.538409","1.17697","1.74281e-15","2.98661","3.00283","2.98043","7.18401","0","0","0","0","0","0","0","0"
"4.51072","0.500044","0.498982","0.0329027","0.488903","0.537858","1.1739","1.74118e-15","2.98555","3.00219","2.98869","7.17055","0","0","0","0","0","0","0","0"
"4.51405","0.500044","0.498982","0.032903","0.488976","0.538057","1.17294","1.74123e-15","2.98479","2.99929","2.9812","7.16306","0","0","0","0","0","0","0","0"
"4.51862","0.500044","0.498931","0.0329035","0.48925","0.538119","1.17135","1.74077e-15","2.97572","2.9937","2.98405","7.1399","0","0","0","0","0","0","0","0"
"4.522","0.500044","0.498931","0.032904","0.488716","0.537949","1.16964","1.74033e-15","2.9749","2.99414","2.98522","7.15237","0","0","0","0","0","0","0","0"
"4.52538","0.500044","0.498931","0.0329043","0.48929","0.53824","1.17033","1.74195e-15","2.99306","2.99905","2.97474","7.17028","0","0","0","0","0","0","0","0"
"4.52972","0.500044","0.498931","0.032905","0.489627","0.538917","1.17228","1.73961e-15","2.99567","3.00519","2.99741","7.13853","0","0","0","0","0","0","0","0"
"4.53295","0.500044","0.498728","0.0329059","0.489967","0.539058","1.17366","1.74117e-15","2.99566","3.00292","2.99061","7.16124","0","0","0","0","0","0","0","0"
"4.53632","0.500044","0.498728","0.0329068","0.489718","0.538986","1.17058","1.74073e-15","2.99597","2.99992","2.9963","7.13482","0","0","0","0","0","0","0","0"
"4.5397","0.500044","0.498728","0.0329078","0.490285","0.53965","1.16839","1.74072e-15","2.99145","3.00076","2.99522","7.16063","0","0","0","0","0","0","0","0"
"4.54308","0.500044","0.498728","0.0329087","0.489491","0.539127","1.16853","1.74264e-15","2.99511","3.0016","2.9916","7.16718","0","0","0","0","0","0","0","0"
"4.54658","0.500044","0.498728","0.0329098","0.489261","0.538675","1.16409","1.74129e-15","2.99244","2.99884","3.00362","7.14338","0","0","0","0","0","0","0","0"
"4.54987","0.500044","0.498632","0.0329111","0.49003","0.53925","1.16256","1.74237e-15","2.99918","3.00088","3.00395","7.16552","0","0","0","0","0","0","0","0"
"4.55325","0.500044","0.498632","0.0329126","0.490419","0.539941","1.15882","1.74165e-15","2.99975","3.00794","3.0111","7.14529","0","0","0","0","0","0","0","0"
"4.55663","0.500044","0.498632","0.0329139","0.490314","0.539634","1.15792","1.74373e-15","2.99664","3.00326","3.00787","7.15606","0","0","0","0","0","0","0","0"
"4.56002","0.500044","0.498632","0.0329154","0.490523","0.539619","1.15384","1.74291e-15","2.99767","3.00134","3.01939","7.14616","0","0","0","0","0","0","0","0"
"4.56352","0.500044","0.498632","0.0329164","0.490633","0.53984","1.1552","1.74248e-15","2.99564","3.00276","3.02099","7.13011","0","0","0","0","0","0","0","0"
"4.56678","0.500044","0.498782","0.0329167","0.490789","0.540179","1.15384","1.74271e-15","2.9896","2.99223","3.01779","7.12842","0","0","0","0","0","0","0","0"
"4.57017","0.500044","0.498782","0.032917","0.490736","0.540169","1.14974","1.74189e-15","2.98766","2.9892","3.03094","7.1069","0","0","0","0","0","0","0","0"
"4.57357","0.500044","0.498782","0.0329173","0.491453","0.540576","1.14982","1.7426e-15","2.98315","2.98385","3.02054","7.12712","0","0","0","0","0","0","0","0"
"4.57693","0.500044","0.498782","0.0329176","0.490975","0.540348","1.14783","1.74384e-15","2.98054","2.98096","3.02176","7.13753","0","0","0","0","0","0","0","0"
"4.58043","0.500044","0.498782","0.0329175","0.491493","0.541054","1.15342","1.7418e-15","2.98177","2.97706","3.01204","7.10843","0","0","0","0","0","0","0","0"
"4.5837","0.500044","0.498945","0.0329168","0.49079","0.540754","1.15087","1.74294e-15","2.98144","2.97505","3.01375","7.13138","0","0","0","0","0","0","0","0"
"4.5871","0.500044","0.498945","0.032916","0.490907","0.540763","1.15714","1.74217e-15","2.98015","2.98209","2.99967","7.11535","0","0","0","0","0","0","0","0"
"4.59048","0.500044","0.498945","0.0329154","0.490674","0.540635","1.15362","1.7431e-15","2.97891","2.97876","3.00879","7.13851","0","0","0","0","0","0","0","0"
"4.59387","0.500044","0.498945","0.0329146","0.49086","0.541054","1.15412","1.74326e-15","2.98299","2.97585","3.00637","7.14889","0","0","0","0","0","0","0","0"
"4.59738","0.500044","0.498945","0.0329146","0.491611","0.541741","1.15498","1.74149e-15","2.99613","2.97922","3.00805","7.13694","0","0","0","0","0","0","0","0"
"4.60193","0.500044","0.499175","0.0329158","0.49124","0.541452","1.1504","1.7423e-15","2.99918","2.9811","3.0192","7.1333","0","0","0","0","0","0","0","0"
"4.60532","0.500044","0.499175","0.0329168","0.491165","0.541396","1.148","1.74113e-15","2.99619","2.979","3.0202","7.12142","0","0","0","0","0","0","0","0"
"4.60872","0.500044","0.499175","0.0329176","0.490759","0.541058","1.14861","1.74342e-15","2.99429","2.97572","3.0077","7.15533","0","0","0","0","0","0","0","0"
"4.61305","0.500044","0.499175","0.0329189","0.48994","0.540478","1.14706","1.74237e-15","2.99918","2.97564","2.99713","7.11935","0","0","0","0","0","0","0","0"
"4.61625","0.500044","0.499267","0.03292","0.49032","0.540928","1.14756","1.7437e-15","2.99949","2.97576","2.99661","7.1435","0","0","0","0","0","0","0","0"
"4.61965","0.500044","0.499267","0.0329212","0.490646","0.540963","1.14853","1.74491e-15","2.99998","2.97626","2.98851","7.14299","0","0","0","0","0","0","0","0"
"4.62303","0.500044","0.499267","0.0329225","0.490763","0.540714","1.14801","1.74405e-15","2.99268","2.97696","2.98193","7.14184","0","0","0","0","0","0","0","0"
"4.62642","0.500044","0.499267","0.0329236","0.491294","0.541128","1.14975","1.74575e-15","2.98838","2.97683","2.98098","7.1537","0","0","0","0","0","0","0","0"
"4.6299","0.500044","0.499267","0.032925","0.49084","0.540816","1.14851","1.7442e-15","2.98636","2.97728","2.97827","7.14241","0","0","0","0","0","0","0","0"
"4.63318","0.500044","0.499294","0.0329265","0.490423","0.540339","1.14788","1.74419e-15","2.98962","2.97736","2.97308","7.14386","0","0","0","0","0","0","0","0"
"4.63657","0.500044","0.499294","0.0329283","0.490529","0.540479","1.14655","1.74517e-15","2.98794","2.97242","2.9696","7.1441","0","0","0","0","0","0","0","0"
"4.63997","0.500044","0.499294","0.0329298","0.490983","0.540756","1.14587","1.74364e-15","2.98986","2.97083","2.97121","7.13604","0","0","0","0","0","0","0","0"
"4.64335","0.500044","0.499294","0.0329315","0.491083","0.541159","1.14931","1.74522e-15","2.9887","2.9785","2.95607","7.15649","0","0","0","0","0","0","0","0"
"4.64685","0.500044","0.499294","0.0329325","0.49019","0.540236","1.14503","1.74463e-15","2.9921","2.98249","2.97022","7.14757","0","0","0","0","0","0","0","0"
"4.65012","0.500044","0.499278","0.0329328","0.489829","0.540044","1.14858","1.74364e-15","2.99152","2.98984","2.94819","7.15303","0","0","0","0","0","0","0","0"
"4.6535","0.500044","0.499278","0.032933","0.490458","0.54071","1.14539","1.745e-15","3.00078","2.99648","2.95611","7.16189","0","0","0","0","0","0","0","0"
"4.6569","0.500044","0.499278","0.0329332","0.489703","0.539871","1.14438","1.74343e-15","3.00001","2.99744","2.9511","7.14909","0","0","0","0","0","0","0","0"
"4.66027","0.500044","0.499278","0.0329334","0.489671","0.539788","1.14278","1.74543e-15","2.99914","2.99582","2.95062","7.17585","0","0","0","0","0","0","0","0"
"4.66378","0.500044","0.499278","0.0329337","0.488988","0.539074","1.14073","1.74533e-15","3.00226","2.99837","2.94718","7.15252","0","0","0","0","0","0","0","0"
"4.66705","0.500044","0.499291","0.0329341","0.488863","0.538871","1.1446","1.74545e-15","3.00227","2.99731","2.95795","7.1369","0","0","0","0","0","0","0","0"
"4.67043","0.500044","0.499291","0.0329345","0.488782","0.538626","1.14393","1.7463e-15","3.00077","2.9986","2.95031","7.11811","0","0","0","0","0","0","0","0"
"4.67382","0.500044","0.499291","0.0329349","0.489592","0.539403","1.14335","1.74527e-15","2.99997","2.99746","2.95095","7.09155","0","0","0","0","0","0","0","0"
"4.6772","0.500044","0.499291","0.0329353","0.489459","0.539117","1.14029","1.74687e-15","2.99517","2.99615","2.95668","7.12524","0","0","0","0","0","0","0","0"
"4.6807","0.500044","0.499291","0.0329364","0.489761","0.539194","1.1413","1.74615e-15","2.9978","2.99302","2.96251","7.11489","0","0","0","0","0","0","0","0"
"4.68527","0.500044","0.499143","0.0329392","0.490023","0.539204","1.14756","1.74669e-15","3.00405","2.99218","2.97018","7.1339","0","0","0","0","0","0","0","0"
"4.68865","0.500044","0.499143","0.0329414","0.490377","0.539819","1.1562","1.74515e-15","2.99941","2.991","2.98734","7.11765","0","0","0","0","0","0","0","0"
"4.69205","0.500044","0.499143","0.0329433","0.48985","0.539239","1.1606","1.74658e-15","2.99862","2.99196","2.97054","7.13491","0","0","0","0","0","0","0","0"
"4.69638","0.500044","0.499143","0.0329464","0.490171","0.539894","1.16561","1.74626e-15","2.99465","2.99402","2.94653","7.13433","0","0","0","0","0","0","0","0"
"4.69962","0.500044","0.498899","0.0329491","0.490026","0.540033","1.16376","1.7464e-15","2.99391","2.99375","2.94972","7.14703","0","0","0","0","0","0","0","0"
"4.70298","0.500044","0.498899","0.0329517","0.489633","0.539581","1.1615","1.74815e-15","2.98967","2.99138","2.95373","7.14657","0","0","0","0","0","0","0","0"
"4.70637","0.500044","0.498899","0.0329548","0.48997","0.539974","1.1693","1.7471e-15","2.99103","2.99345","2.959","7.14187","0","0","0","0","0","0","0","0"
"4.70975","0.500044","0.498899","0.0329575","0.489882","0.539796","1.17051","1.74949e-15","2.98696","2.99337","2.95046","7.16551","0","0","0","0","0","0","0","0"
"4.71323","0.500044","0.498899","0.0329598","0.490289","0.540013","1.17198","1.74757e-15","2.98536","2.99164","2.94524","7.15037","0","0","0","0","0","0","0","0"
"4.71652","0.500044","0.498904","0.0329603","0.48932","0.539174","1.17151","1.7475e-15","2.98771","2.99368","2.9414","7.16306","0","0","0","0","0","0","0","0"
"4.7199","0.500044","0.498904","0.0329608","0.489345","0.539075","1.1686","1.74939e-15","2.98748","2.99777","2.95061","7.16715","0","0","0","0","0","0","0","0"
"4.72328","0.500044","0.498904","0.0329612","0.48971","0.539183","1.17889","1.74803e-15","2.98387","2.99713","2.99889","7.15668","0","0","0","0","0","0","0","0"
"4.7267","0.500044","0.498904","0.0329617","0.489311","0.539196","1.18046","1.75041e-15","2.98448","2.99378","2.98593","7.18581","0","0","0","0","0","0","0","0"
"4.73025","0.500044","0.498904","0.032962","0.489731","0.539561","1.18062","1.75075e-15","2.97833","2.99114","2.98215","7.16503","0","0","0","0","0","0","0","0"
"4.73345","0.500044","0.498816","0.0329618","0.489221","0.538842","1.1762","1.74945e-15","2.98038","2.99068","2.99477","7.17151","0","0","0","0","0","0","0","0"
"4.73683","0.500044","0.498816","0.0329617","0.489588","0.539401","1.17435","1.75138e-15","2.98752","3.00515","2.99422","7.18695","0","0","0","0","0","0","0","0"
"4.74023","0.500044","0.498816","0.0329616","0.48978","0.5398","1.17389","1.7507e-15","2.9858","2.99876","2.98948","7.17756","0","0","0","0","0","0","0","0"
"4.7436","0.500044","0.498816","0.0329615","0.48988","0.540014","1.17594","1.75011e-15","2.98216","2.99264","2.97998","7.1804","0","0","0","0","0","0","0","0"
"4.74718","0.500044","0.498816","0.0329608","0.490646","0.54049","1.1755","1.75078e-15","2.98859","2.9938","2.97846","7.18987","0","0","0","0","0","0","0","0"
"4.75037","0.500044","0.498665","0.0329596","0.490182","0.540129","1.1737","1.74852e-15","2.99212","2.99727","2.97526","7.18459","0","0","0","0","0","0","0","0"
"4.75377","0.500044","0.498665","0.0329583","0.49092","0.540837","1.18287","1.7494e-15","2.99076","2.99546","2.97491","7.18716","0","0","0","0","0","0","0","0"
"4.75713","0.500044","0.498665","0.0329571","0.489934","0.540041","1.17893","1.75133e-15","2.99586","2.9989","2.98534","7.19717","0","0","0","0","0","0","0","0"
"4.76052","0.500044","0.498665","0.0329557","0.490377","0.54033","1.18157","1.75075e-15","2.99008","2.9961","2.98579","7.18254","0","0","0","0","0","0","0","0"
"4.76403","0.500044","0.498665","0.0329543","0.489893","0.539821","1.18798","1.75142e-15","2.98942","2.99561","2.9694","7.1846","0","0","0","0","0","0","0","0"
"4.7686","0.500044","0.498712","0.032952","0.490906","0.540872","1.19136","1.74909e-15","2.98557","2.9938","2.9602","7.17201","0","0","0","0","0","0","0","0"
"4.77198","0.500044","0.498712","0.0329502","0.491437","0.541511","1.1899","1.75093e-15","2.9845","3.004","2.95897","7.19726","0","0","0","0","0","0","0","0"
"4.77537","0.500044","0.498712","0.0329487","0.492006","0.54221","1.20703","1.74937e-15","2.98649","3.00776","3.01093","7.19151","0","0","0","0","0","0","0","0"
"4.7797","0.500044","0.498712","0.0329464","0.491845","0.542499","1.20546","1.7505e-15","2.98574","3.01064","3.01359","7.19953","0","0","0","0","0","0","0","0"
"4.78293","0.500044","0.498845","0.032945","0.49175","0.54227","1.20159","1.74889e-15","2.98092","3.00808","3.02421","7.18187","0","0","0","0","0","0","0","0"
"4.78632","0.500044","0.498845","0.0329437","0.493026","0.543207","1.2055","1.75071e-15","2.97786","3.01741","3.01829","7.20117","0","0","0","0","0","0","0","0"
"4.78968","0.500044","0.498845","0.0329421","0.493208","0.543922","1.20941","1.75098e-15","2.98029","3.02745","3.01929","7.19892","0","0","0","0","0","0","0","0"
"4.79308","0.500044","0.498845","0.0329408","0.493716","0.544236","1.20803","1.74913e-15","2.98689","3.02948","3.01989","7.19974","0","0","0","0","0","0","0","0"
"4.79657","0.500044","0.498845","0.0329395","0.493737","0.544196","1.2073","1.75017e-15","2.98319","3.0256","3.01761","7.20877","0","0","0","0","0","0","0","0"
"4.79985","0.500044","0.498985","0.0329389","0.493806","0.544244","1.20494","1.74929e-15","2.98677","3.02492","3.01838","7.19773","0","0","0","0","0","0","0","0"
"4.80323","0.500044","0.498985","0.0329383","0.494055","0.544457","1.20533","1.74866e-15","2.98692","3.02757","3.01018","7.20053","0","0","0","0","0","0","0","0"
"4.80662","0.500044","0.498985","0.0329377","0.494032","0.54454","1.20753","1.75141e-15","2.98695","3.02374","3.00183","7.23589","0","0","0","0","0","0","0","0"
"4.81002","0.500044","0.498985","0.032937","0.494157","0.544688","1.20454","1.75054e-15","2.98102","3.01784","3.00509","7.22722","0","0","0","0","0","0","0","0"
"4.81352","0.500044","0.498985","0.0329367","0.493622","0.544403","1.20724","1.74829e-15","2.98434","3.01691","2.98879","7.21218","0","0","0","0","0","0","0","0"
"4.81678","0.500044","0.499374","0.0329368","0.493205","0.544233","1.21681","1.74843e-15","2.98467","3.01468","2.98441","7.2259","0","0","0","0","0","0","0","0"
"4.82017","0.500044","0.499374","0.032937","0.493151","0.543896","1.21274","1.74919e-15","2.98809","3.01781","2.99587","7.2122","0","0","0","0","0","0","0","0"
"4.8237","0.500044","0.499374","0.0329371","0.492666","0.543409","1.20911","1.74803e-15","2.98569","3.01768","3.00324","7.19119","0","0","0","0","0","0","0","0"
"4.82693","0.500044","0.499374","0.0329372","0.492233","0.542869","1.20538","1.74889e-15","2.98408","3.01825","3.01259","7.20322","0","0","0","0","0","0","0","0"
"4.83043","0.500044","0.499374","0.0329377","0.492446","0.543083","1.20169","1.74912e-15","2.98005","3.01284","3.01904","7.21397","0","0","0","0","0","0","0","0"
"4.8337","0.500044","0.499662","0.0329386","0.492715","0.543218","1.20124","1.74775e-15","2.97892","3.01303","3.00918","7.20613","0","0","0","0","0","0","0","0"
"4.8371","0.500044","0.499662","0.0329396","0.491866","0.542183","1.19673","1.74837e-15","2.98309","3.01499","3.02098","7.22986","0","0","0","0","0","0","0","0"
"4.8406","0.500044","0.499662","0.0329404","0.491434","0.54153","1.19414","1.74855e-15","2.98396","3.01454","3.02252","7.20398","0","0","0","0","0","0","0","0"
"4.84385","0.500044","0.499662","0.0329414","0.491378","0.541537","1.19077","1.74761e-15","2.9869","3.01901","3.03066","7.18568","0","0","0","0","0","0","0","0"
"4.84738","0.500044","0.499662","0.0329422","0.491831","0.542094","1.1933","1.74806e-15","2.98351","3.02737","3.01318","7.17677","0","0","0","0","0","0","0","0"
"4.85193","0.500044","0.499522","0.0329432","0.491588","0.54162","1.18957","1.74617e-15","2.97887","3.02128","3.0201","7.15015","0","0","0","0","0","0","0","0"
"4.85532","0.500044","0.499522","0.0329439","0.49133","0.541371","1.19274","1.74767e-15","2.9831","3.02235","3.00349","7.18511","0","0","0","0","0","0","0","0"
"4.8587","0.500044","0.499522","0.0329446","0.490547","0.540623","1.18958","1.74651e-15","2.98525","3.02262","3.01102","7.17163","0","0","0","0","0","0","0","0"
"4.86305","0.500044","0.499522","0.0329455","0.489977","0.540267","1.18631","1.74693e-15","2.98874","3.02105","3.01431","7.1663","0","0","0","0","0","0","0","0"
"4.86642","0.500044","0.499282","0.032946","0.490283","0.540552","1.18415","1.74515e-15","2.98532","3.01841","3.01631","7.1482","0","0","0","0","0","0","0","0"
"4.86963","0.500044","0.499282","0.0329465","0.491088","0.541417","1.19609","1.74554e-15","2.98718","3.03698","3.06252","7.15335","0","0","0","0","0","0","0","0"
"4.87302","0.500044","0.499282","0.0329471","0.492162","0.542146","1.19716","1.74584e-15","2.98666","3.03274","3.04685","7.14793","0","0","0","0","0","0","0","0"
"4.87642","0.500044","0.499282","0.0329476","0.492389","0.542071","1.1943","1.74555e-15","2.98536","3.04052","3.05475","7.14447","0","0","0","0","0","0","0","0"
"4.8799","0.500044","0.499282","0.0329484","0.493153","0.543","1.19284","1.74726e-15","2.98561","3.04257","3.05022","7.1492","0","0","0","0","0","0","0","0"
"4.88318","0.500044","0.499103","0.0329494","0.492829","0.542515","1.19065","1.74533e-15","2.98614","3.04465","3.04958","7.1356","0","0","0","0","0","0","0","0"
"4.88657","0.500044","0.499103","0.0329507","0.493449","0.543418","1.18841","1.74689e-15","2.98287","3.04325","3.05073","7.15384","0","0","0","0","0","0","0","0"
"4.88995","0.500044","0.499103","0.0329517","0.493189","0.543111","1.18554","1.74603e-15","2.9801","3.04422","3.05503","7.14324","0","0","0","0","0","0","0","0"
"4.89337","0.500044","0.499103","0.0329529","0.493022","0.542811","1.1844","1.7453e-15","2.97939","3.04453","3.05281","7.16598","0","0","0","0","0","0","0","0"
"4.89685","0.500044","0.499103","0.0329538","0.492714","0.542436","1.18952","1.74631e-15","2.9785","3.04392","3.03438","7.15646","0","0","0","0","0","0","0","0"
"4.9001","0.500044","0.499198","0.0329546","0.4931","0.542722","1.19645","1.7438e-15","2.98306","3.05153","3.04333","7.15835","0","0","0","0","0","0","0","0"
"4.9035","0.500044","0.499198","0.0329552","0.492853","0.542159","1.19626","1.74567e-15","2.97961","3.04956","3.03183","7.17325","0","0","0","0","0","0","0","0"
"4.9069","0.500044","0.499198","0.032956","0.493047","0.542482","1.19314","1.7448e-15","2.98392","3.05122","3.03411","7.15333","0","0","0","0","0","0","0","0"
"4.91027","0.500044","0.499198","0.0329566","0.492757","0.542149","1.19436","1.74618e-15","2.98665","3.04906","3.02187","7.16817","0","0","0","0","0","0","0","0"
"4.91375","0.500044","0.499198","0.0329568","0.493443","0.542317","1.19469","1.74568e-15","2.98878","3.04737","3.01525","7.16658","0","0","0","0","0","0","0","0"
"4.91703","0.500044","0.499529","0.0329562","0.493453","0.542154","1.19203","1.74628e-15","2.9882","3.04781","3.01807","7.17938","0","0","0","0","0","0","0","0"
"4.92045","0.500044","0.499529","0.0329556","0.493323","0.542149","1.18925","1.74603e-15","2.98941","3.05044","3.02005","7.1667","0","0","0","0","0","0","0","0"
"4.9238","0.500044","0.499529","0.032955","0.493594","0.542894","1.18934","1.74578e-15","2.98449","3.04568","3.02644","7.17906","0","0","0","0","0","0","0","0"
"4.92718","0.500044","0.499529","0.0329543","0.493302","0.542352","1.1887","1.74764e-15","2.98016","3.04342","3.03124","7.17038","0","0","0","0","0","0","0","0"
"4.9307","0.500044","0.499529","0.0329536","0.493273","0.542752","1.19103","1.74545e-15","2.97756","3.03502","3.02508","7.14898","0","0","0","0","0","0","0","0"
"4.93527","0.500044","0.499493","0.0329524","0.492871","0.541962","1.18903","1.7478e-15","2.97713","3.03492","3.02181","7.17186","0","0","0","0","0","0","0","0"
"4.93865","0.500044","0.499493","0.0329515","0.493329","0.542208","1.19494","1.74763e-15","2.9778","3.03132","3.00511","7.16725","0","0","0","0","0","0","0","0"
"4.94203","0.500044","0.499493","0.0329506","0.493793","0.542803","1.2028","1.7492e-15","2.97814","3.03359","2.99927","7.17175","0","0","0","0","0","0","0","0"
"4.94637","0.500044","0.499493","0.0329499","0.493895","0.542663","1.20892","1.74736e-15","2.97449","3.03422","3.01215","7.15094","0","0","0","0","0","0","0","0"
"4.94958","0.500044","0.499552","0.0329506","0.493782","0.542785","1.20816","1.74736e-15","2.97814","3.03671","3.0171","7.17117","0","0","0","0","0","0","0","0"
"4.95297","0.500044","0.499552","0.0329514","0.493231","0.542263","1.2033","1.74546e-15","2.97705","3.0347","3.03466","7.15795","0","0","0","0","0","0","0","0"
"4.95635","0.500044","0.499552","0.0329522","0.493766","0.542776","1.20704","1.74637e-15","2.98474","3.04411","3.02167","7.1711","0","0","0","0","0","0","0","0"
"4.95975","0.500044","0.499552","0.0329529","0.49391","0.543019","1.2058","1.74699e-15","2.98362","3.04224","3.01732","7.1646","0","0","0","0","0","0","0","0"
"4.96323","0.500044","0.499552","0.0329538","0.493298","0.542169","1.20422","1.7452e-15","2.98203","3.04485","3.01456","7.14169","0","0","0","0","0","0","0","0"
"4.96652","0.500044","0.499576","0.0329546","0.493479","0.542482","1.20726","1.74653e-15","2.97699","3.04477","3.00582","7.14527","0","0","0","0","0","0","0","0"
"4.9699","0.500044","0.499576","0.0329555","0.493518","0.542489","1.20508","1.74635e-15","2.97672","3.04453","3.00889","7.15121","0","0","0","0","0","0","0","0"
"4.97328","0.500044","0.499576","0.0329564","0.493846","0.542533","1.20802","1.74637e-15","2.97522","3.04065","3.00453","7.15013","0","0","0","0","0","0","0","0"
"4.97683","0.500044","0.499576","0.0329573","0.493349","0.541953","1.20534","1.74871e-15","2.97314","3.04067","3.00409","7.15135","0","0","0","0","0","0","0","0"
"4.98018","0.500044","0.499576","0.0329582","0.493597","0.541732","1.21273","1.74739e-15","2.97896","3.0386","3.02923","7.13882","0","0","0","0","0","0","0","0"
"4.98343","0.500044","0.499587","0.0329593","0.494008","0.542117","1.21765","1.74643e-15","2.97424","3.03278","3.03391","7.1375","0","0","0","0","0","0","0","0"
"4.98682","0.500044","0.499587","0.0329603","0.493766","0.542192","1.21662","1.74859e-15","2.97463","3.03654","3.02744","7.14484","0","0","0","0","0","0","0","0"
"4.99022","0.500044","0.499587","0.0329614","0.492595","0.541023","1.21112","1.74816e-15","2.97664","3.03994","3.0458","7.14404","0","0","0","0","0","0","0","0"
"4.99358","0.500044","0.499587","0.0329624","0.492101","0.540702","1.20766","1.74703e-15","2.97354","3.03604","3.0553","7.14362","0","0","0","0","0","0","0","0"
"4.99708","0.500044","0.499587","0.0329639","0.491343","0.539667","1.20791","1.74731e-15","2.97356","3.03563","3.04975","7.14744","0","0","0","0","0","0","0","0"
"5.00037","0.500044","0.499555","0.0329657","0.491659","0.539785","1.2134","1.7478e-15","2.97057","3.03448","3.0519","7.13998","0","0","0","0","0","0","0","0"
"5.00375","0.500044","0.499555","0.0329677","0.491312","0.539662","1.21068","1.74698e-15","2.97093","3.0313","3.05754","7.13675","0","0","0","0","0","0","0","0"
"5.00713","0.500044","0.499555","0.0329695","0.491881","0.540275","1.20901","1.7487e-15","2.97305","3.02561","3.06044","7.14687","0","0","0","0","0","0","0","0"
"5.01052","0.500044","0.499555","0.0329716","0.491539","0.540264","1.20986","1.74937e-15","2.97626","3.02457","3.04649","7.14147","0","0","0","0","0","0","0","0"
"5.01402","0.500044","0.499555","0.0329734","0.491951","0.540522","1.21113","1.74697e-15","2.98264","3.02787","3.03349","7.12263","0","0","0","0","0","0","0","0"
"5.01858","0.500044","0.499325","0.0329763","0.493529","0.541889","1.20897","1.74746e-15","2.98917","3.0245","3.03318","7.1163","0","0","0","0","0","0","0","0"
"5.02198","0.500044","0.499325","0.0329785","0.493532","0.541917","1.20752","1.74943e-15","2.99205","3.02234","3.02657","7.12828","0","0","0","0","0","0","0","0"
"5.02537","0.500044","0.499325","0.0329805","0.493303","0.54178","1.2068","1.74801e-15","2.99429","3.02523","3.01704","7.10655","0","0","0","0","0","0","0","0"
"5.0297","0.500044","0.499325","0.0329835","0.492194","0.540528","1.20335","1.74725e-15","2.99518","3.02567","3.01874","7.11142","0","0","0","0","0","0","0","0"
"5.03295","0.500044","0.499029","0.0329859","0.492019","0.540434","1.20379","1.74764e-15","2.99576","3.02468","3.00751","7.12473","0","0","0","0","0","0","0","0"
"5.0363","0.500044","0.499029","0.0329882","0.492884","0.541687","1.20553","1.74613e-15","2.9979","3.03398","3.00017","7.10857","0","0","0","0","0","0","0","0"
"5.03968","0.500044","0.499029","0.032991","0.492768","0.54153","1.20636","1.74605e-15","2.99551","3.03025","2.98932","7.10016","0","0","0","0","0","0","0","0"
"5.04307","0.500044","0.499029","0.0329933","0.491932","0.540698","1.20198","1.74841e-15","2.99913","3.0327","3.00256","7.10141","0","0","0","0","0","0","0","0"
"5.0465","0.500044","0.499029","0.0329959","0.49322","0.541769","1.20441","1.74729e-15","3.00586","3.04313","2.99014","7.08279","0","0","0","0","0","0","0","0"
"5.05007","0.500044","0.499258","0.0329981","0.493292","0.541752","1.20467","1.74789e-15","2.9981","3.03757","2.98885","7.10969","0","0","0","0","0","0","0","0"
"5.0534","0.500044","0.499258","0.0329999","0.492835","0.541236","1.20698","1.74955e-15","2.99769","3.03557","2.97292","7.11749","0","0","0","0","0","0","0","0"
"5.05697","0.500044","0.499258","0.0330021","0.493002","0.541253","1.20951","1.74832e-15","2.99274","3.03458","2.96101","7.10102","0","0","0","0","0","0","0","0"
"5.0603","0.500044","0.499258","0.0330043","0.492917","0.541402","1.20612","1.74834e-15","2.99418","3.03773","2.9668","7.12208","0","0","0","0","0","0","0","0"
"5.06392","0.500044","0.499258","0.0330059","0.492976","0.541169","1.20433","1.74826e-15","2.99153","3.03827","2.96449","7.1095","0","0","0","0","0","0","0","0"
"5.06717","0.500044","0.499309","0.0330075","0.49292","0.541187","1.20107","1.74643e-15","2.98893","3.03611","2.96805","7.08897","0","0","0","0","0","0","0","0"
"5.07052","0.500044","0.499309","0.0330089","0.492935","0.541107","1.19972","1.74691e-15","2.98478","3.03718","2.96626","7.09833","0","0","0","0","0","0","0","0"
"5.07387","0.500044","0.499309","0.0330105","0.49332","0.541143","1.20922","1.74881e-15","2.98286","3.03615","2.95614","7.11036","0","0","0","0","0","0","0","0"
"5.07732","0.500044","0.499309","0.0330119","0.493187","0.541349","1.20974","1.7478e-15","2.98341","3.03417","2.9434","7.1001","0","0","0","0","0","0","0","0"
"5.08082","0.500044","0.499309","0.0330134","0.492536","0.540707","1.20748","1.74632e-15","2.98067","3.03226","2.94173","7.09087","0","0","0","0","0","0","0","0"
"5.08403","0.500044","0.499345","0.0330147","0.491846","0.53991","1.20906","1.74909e-15","2.9853","3.03394","2.93354","7.10292","0","0","0","0","0","0","0","0"
"5.08753","0.500044","0.499345","0.0330163","0.492324","0.5404","1.21014","1.74802e-15","2.99457","3.0314","2.93257","7.08463","0","0","0","0","0","0","0","0"
"5.09092","0.500044","0.499345","0.0330176","0.492564","0.540834","1.21323","1.7494e-15","2.99366","3.03034","2.93122","7.10543","0","0","0","0","0","0","0","0"
"5.0943","0.500044","0.499345","0.0330192","0.492444","0.540711","1.20884","1.74908e-15","2.9911","3.0282","2.9417","7.11604","0","0","0","0","0","0","0","0"
"5.09782","0.500044","0.499345","0.0330194","0.492489","0.540856","1.2176","1.74782e-15","2.9922","3.02958","2.95759","7.11999","0","0","0","0","0","0","0","0"
"5.10185","0.500044","0.499305","0.033019","0.492607","0.540823","1.22415","1.7488e-15","2.99635","3.03193","2.99455","7.11999","0","0","0","0","0","0","0","0"
"5.10523","0.500044","0.499305","0.0330187","0.492541","0.540689","1.22279","1.74745e-15","2.99679","3.02853","2.99044","7.1066","0","0","0","0","0","0","0","0"
"5.10863","0.500044","0.499305","0.0330184","0.49285","0.540897","1.22584","1.74961e-15","3.00276","3.03087","2.97379","7.14355","0","0","0","0","0","0","0","0"
"5.11307","0.500044","0.499305","0.0330178","0.493676","0.541596","1.22627","1.74775e-15","3.00548","3.02944","2.97114","7.12442","0","0","0","0","0","0","0","0"
"5.11643","0.500044","0.499158","0.0330171","0.493298","0.541048","1.22559","1.74873e-15","3.00559","3.03092","2.96447","7.15334","0","0","0","0","0","0","0","0"
"5.11982","0.500044","0.499158","0.0330162","0.493674","0.541355","1.22353","1.74889e-15","3.00151","3.02662","2.96586","7.15875","0","0","0","0","0","0","0","0"
"5.1232","0.500044","0.499158","0.0330155","0.493919","0.541593","1.22346","1.74849e-15","2.99423","3.0215","2.96092","7.16738","0","0","0","0","0","0","0","0"
"5.12662","0.500044","0.499158","0.0330147","0.493649","0.541305","1.22616","1.74898e-15","2.99187","3.01974","2.94495","7.1658","0","0","0","0","0","0","0","0"
"5.13012","0.500044","0.499158","0.0330144","0.493618","0.541059","1.22394","1.7474e-15","2.99306","3.01701","2.9518","7.14256","0","0","0","0","0","0","0","0"
"5.13337","0.500044","0.499135","0.0330152","0.494119","0.541485","1.22447","1.74747e-15","2.98659","3.01155","2.94385","7.15796","0","0","0","0","0","0","0","0"
"5.13672","0.500044","0.499135","0.0330159","0.494253","0.541887","1.22659","1.7486e-15","2.9889","3.01751","2.94059","7.17494","0","0","0","0","0","0","0","0"
"5.1402","0.500044","0.499135","0.0330166","0.493681","0.541295","1.22484","1.74707e-15","2.98929","3.01745","2.94283","7.1567","0","0","0","0","0","0","0","0"
"5.14357","0.500044","0.499135","0.0330173","0.493399","0.540991","1.22551","1.74721e-15","2.98793","3.01344","2.93876","7.17414","0","0","0","0","0","0","0","0"
"5.14705","0.500044","0.499135","0.0330181","0.493221","0.540916","1.22303","1.74667e-15","2.98715","3.00969","2.94347","7.16736","0","0","0","0","0","0","0","0"
"5.15033","0.500044","0.499279","0.0330188","0.493609","0.541197","1.22619","1.74597e-15","2.98977","3.01083","2.93633","7.16488","0","0","0","0","0","0","0","0"
"5.15372","0.500044","0.499279","0.0330196","0.494246","0.541643","1.22369","1.74762e-15","2.98894","3.00928","2.9377","7.17558","0","0","0","0","0","0","0","0"
"5.1571","0.500044","0.499279","0.0330203","0.494643","0.541941","1.22142","1.74668e-15","2.99452","3.00876","2.94111","7.15857","0","0","0","0","0","0","0","0"
"5.16048","0.500044","0.499279","0.0330212","0.493622","0.541135","1.21636","1.74759e-15","2.99765","3.00858","2.95632","7.1703","0","0","0","0","0","0","0","0"
"5.164","0.500044","0.499279","0.0330221","0.493842","0.541659","1.2184","1.74702e-15","2.99266","3.00052","2.95257","7.16343","0","0","0","0","0","0","0","0"
"5.16722","0.500044","0.499318","0.0330234","0.493475","0.541449","1.21371","1.74544e-15","2.99303","2.99923","2.96578","7.15585","0","0","0","0","0","0","0","0"
"5.17077","0.500044","0.499318","0.0330248","0.493935","0.541888","1.21982","1.74737e-15","2.99391","2.99593","2.95574","7.18634","0","0","0","0","0","0","0","0"
"5.17415","0.500044","0.499318","0.0330259","0.494102","0.542082","1.22026","1.74609e-15","2.99244","2.9956","2.95848","7.16875","0","0","0","0","0","0","0","0"
"5.17753","0.500044","0.499318","0.0330273","0.494004","0.541837","1.21753","1.74686e-15","2.98713","2.99204","2.96195","7.18729","0","0","0","0","0","0","0","0"
"5.18103","0.500044","0.499318","0.0330283","0.493875","0.541948","1.21441","1.7468e-15","2.98784","2.99357","2.96645","7.17017","0","0","0","0","0","0","0","0"
"5.1853","0.500044","0.49937","0.0330299","0.493234","0.541662","1.21226","1.74606e-15","2.98596","2.98962","2.9629","7.15046","0","0","0","0","0","0","0","0"
"5.18868","0.500044","0.49937","0.033031","0.493227","0.541774","1.20818","1.74764e-15","2.98481","2.98964","2.98004","7.16532","0","0","0","0","0","0","0","0"
"5.19207","0.500044","0.49937","0.0330322","0.493194","0.541708","1.20581","1.74613e-15","2.98441","2.98795","2.98498","7.14594","0","0","0","0","0","0","0","0"
"5.19635","0.500044","0.49937","0.0330336","0.493284","0.542095","1.20764","1.7464e-15","2.98334","2.98556","2.97116","7.12826","0","0","0","0","0","0","0","0"
"5.19983","0.500044","0.499424","0.0330344","0.493086","0.541967","1.20538","1.74483e-15","2.98118","2.98299","2.97169","7.11307","0","0","0","0","0","0","0","0"
"5.20323","0.500044","0.499424","0.0330354","0.49327","0.541854","1.2039","1.74593e-15","2.97654","2.97617","2.96623","7.13094","0","0","0","0","0","0","0","0"
"5.20662","0.500044","0.499424","0.0330362","0.493556","0.54205","1.20004","1.74662e-15","2.96934","2.96712","2.97724","7.12953","0","0","0","0","0","0","0","0"
"5.21","0.500044","0.499424","0.0330372","0.493351","0.54202","1.19727","1.7454e-15","2.96883","2.96511","2.97962","7.11763","0","0","0","0","0","0","0","0"
"5.2135","0.500044","0.499424","0.033038","0.493257","0.541941","1.20182","1.74664e-15","2.96649","2.95884","2.95767","7.10963","0","0","0","0","0","0","0","0"
"5.21677","0.500044","0.499381","0.0330385","0.493143","0.541823","1.20066","1.74474e-15","2.96616","2.95965","2.95688","7.08672","0","0","0","0","0","0","0","0"
"5.22015","0.500044","0.499381","0.033039","0.493834","0.542688","1.20419","1.74546e-15","2.96024","2.95555","2.94932","7.10252","0","0","0","0","0","0","0","0"
"5.22355","0.500044","0.499381","0.0330395","0.494551","0.54323","1.20742","1.74636e-15","2.96569","2.95972","2.94866","7.10882","0","0","0","0","0","0","0","0"
"5.22692","0.500044","0.499381","0.03304","0.494186","0.543068","1.20684","1.74543e-15","2.96476","2.96102","2.94501","7.09813","0","0","0","0","0","0","0","0"
"5.23098","0.500044","0.499381","0.0330403","0.494786","0.543494","1.20599","1.74505e-15","2.95994","2.95675","2.94045","7.08205","0","0","0","0","0","0","0","0"
"5.23428","0.500044","0.499389","0.0330402","0.495371","0.543752","1.21109","1.74414e-15","2.9609","2.95853","2.92038","7.06312","0","0","0","0","0","0","0","0"
"5.23708","0.500044","0.499389","0.0330402","0.496125","0.544447","1.21894","1.74492e-15","2.96921","2.96239","2.92979","7.07312","0","0","0","0","0","0","0","0"
"5.24053","0.500044","0.499389","0.0330401","0.49614","0.544482","1.21788","1.74638e-15","2.96701","2.96198","2.9302","7.07981","0","0","0","0","0","0","0","0"
"5.2438","0.500044","0.499389","0.0330401","0.495852","0.544432","1.218","1.74493e-15","2.96689","2.96115","2.92092","7.07528","0","0","0","0","0","0","0","0"
"5.24733","0.500044","0.499389","0.0330402","0.495836","0.544383","1.21752","1.74569e-15","2.96257","2.95698","2.91533","7.0785","0","0","0","0","0","0","0","0"
"5.2506","0.500044","0.499532","0.0330405","0.49579","0.544276","1.22275","1.74418e-15","2.96887","2.96278","2.94575","7.05749","0","0","0","0","0","0","0","0"
"5.25405","0.500044","0.499532","0.0330408","0.495915","0.544267","1.21988","1.74452e-15","2.96919","2.96178","2.95018","7.08201","0","0","0","0","0","0","0","0"
"5.25738","0.500044","0.499532","0.0330412","0.495774","0.544168","1.21489","1.74671e-15","2.97259","2.96644","2.96702","7.09448","0","0","0","0","0","0","0","0"
"5.26077","0.500044","0.499532","0.0330414","0.495363","0.543871","1.21552","1.74499e-15","2.97004","2.96591","2.96344","7.08066","0","0","0","0","0","0","0","0"
"5.26423","0.500044","0.499532","0.0330422","0.495995","0.544489","1.21945","1.74476e-15","2.96627","2.96745","2.95225","7.07586","0","0","0","0","0","0","0","0"
"5.26857","0.500044","0.499815","0.0330433","0.496004","0.544463","1.22284","1.74546e-15","2.9649","2.96787","2.95031","7.09589","0","0","0","0","0","0","0","0"
"5.27193","0.500044","0.499815","0.0330443","0.49636","0.54483","1.2218","1.74438e-15","2.96175","2.96672","2.94627","7.09803","0","0","0","0","0","0","0","0"
"5.27532","0.500044","0.499815","0.0330452","0.496275","0.544857","1.2202","1.74632e-15","2.96406","2.96335","2.94756","7.1219","0","0","0","0","0","0","0","0"
"5.2797","0.500044","0.499815","0.0330465","0.496521","0.545118","1.22395","1.74462e-15","2.95915","2.96781","2.9478","7.09619","0","0","0","0","0","0","0","0"
"5.28288","0.500044","0.499863","0.0330472","0.496939","0.54574","1.22088","1.74529e-15","2.97115","2.98548","2.95421","7.11255","0","0","0","0","0","0","0","0"
"5.28627","0.500044","0.499863","0.0330479","0.497902","0.546752","1.22792","1.74624e-15","2.96911","2.9828","2.97923","7.11855","0","0","0","0","0","0","0","0"
"5.2897","0.500044","0.499863","0.0330487","0.49769","0.546639","1.23077","1.74555e-15","2.97104","2.98113","2.98442","7.11377","0","0","0","0","0","0","0","0"
"5.29312","0.500044","0.499863","0.0330494","0.497242","0.546112","1.23092","1.74701e-15","2.97243","2.98496","2.98154","7.14383","0","0","0","0","0","0","0","0"
"5.29658","0.500044","0.499863","0.03305","0.496759","0.54575","1.23074","1.74467e-15","2.9712","2.98363","2.98758","7.12647","0","0","0","0","0","0","0","0"
"5.29988","0.500044","0.499987","0.0330503","0.496945","0.545931","1.23727","1.74413e-15","2.97274","2.98533","2.98421","7.13558","0","0","0","0","0","0","0","0"
"5.30325","0.500044","0.499987","0.0330505","0.49648","0.545591","1.23872","1.7439e-15","2.97175","2.98372","2.97346","7.14108","0","0","0","0","0","0","0","0"
"5.30665","0.500044","0.499987","0.0330507","0.497205","0.546217","1.24227","1.74345e-15","2.96461","2.98237","2.96688","7.13628","0","0","0","0","0","0","0","0"
"5.31002","0.500044","0.499987","0.033051","0.497141","0.546009","1.23774","1.74525e-15","2.96446","2.98043","2.97803","7.15673","0","0","0","0","0","0","0","0"
"5.31352","0.500044","0.499987","0.0330511","0.497142","0.545885","1.23737","1.74402e-15","2.96358","2.97829","2.97275","7.14903","0","0","0","0","0","0","0","0"
"5.31678","0.500044","0.500227","0.0330509","0.49787","0.546471","1.24707","1.7427e-15","2.96619","2.97714","3.01097","7.14961","0","0","0","0","0","0","0","0"
"5.32022","0.500044","0.500227","0.0330507","0.498729","0.547896","1.24832","1.74337e-15","2.9742","2.98959","3.00746","7.16242","0","0","0","0","0","0","0","0"
"5.32357","0.500044","0.500227","0.0330506","0.499212","0.548127","1.24933","1.7423e-15","2.97507","2.98631","3.01161","7.16927","0","0","0","0","0","0","0","0"
"5.32708","0.500044","0.500227","0.0330504","0.499721","0.548542","1.25323","1.74357e-15","2.9727","2.98986","3.00554","7.20502","0","0","0","0","0","0","0","0"
"5.33043","0.500044","0.500227","0.0330495","0.499101","0.548121","1.24944","1.74075e-15","2.97553","2.9934","3.01249","7.18675","0","0","0","0","0","0","0","0"
"5.33385","0.500044","0.50023","0.0330477","0.498542","0.547723","1.24464","1.74194e-15","2.97316","2.99195","3.02417","7.20229","0","0","0","0","0","0","0","0"
"5.33722","0.500044","0.50023","0.0330462","0.499388","0.548971","1.24927","1.74166e-15","2.98483","3.00332","3.01263","7.19878","0","0","0","0","0","0","0","0"
"5.3406","0.500044","0.50023","0.0330444","0.499881","0.549416","1.24489","1.74098e-15","2.98252","3.00349","3.02199","7.20595","0","0","0","0","0","0","0","0"
"5.34398","0.500044","0.50023","0.0330428","0.499885","0.549547","1.24183","1.74216e-15","2.98153","3.00213","3.02747","7.20614","0","0","0","0","0","0","0","0"
"5.34842","0.500044","0.50023","0.0330418","0.499794","0.54939","1.241","1.73927e-15","2.98051","2.99984","3.03498","7.19173","0","0","0","0","0","0","0","0"
"5.3518","0.500044","0.500539","0.0330413","0.499636","0.549186","1.23899","1.74067e-15","2.97324","2.99586","3.03072","7.20841","0","0","0","0","0","0","0","0"
"5.35518","0.500044","0.500539","0.0330408","0.499592","0.549489","1.2391","1.74056e-15","2.9702","2.99267","3.01699","7.20413","0","0","0","0","0","0","0","0"
"5.35858","0.500044","0.500539","0.0330404","0.498917","0.548689","1.23527","1.74053e-15","2.974","2.99667","3.02847","7.20479","0","0","0","0","0","0","0","0"
"5.36303","0.500044","0.500539","0.0330397","0.498808","0.5484","1.23369","1.74173e-15","2.97944","3.00144","3.01878","7.21638","0","0","0","0","0","0","0","0"
"5.36638","0.500044","0.5009","0.033039","0.498835","0.548374","1.23553","1.73942e-15","2.98083","3.00403","3.00549","7.21117","0","0","0","0","0","0","0","0"
"5.36977","0.500044","0.5009","0.0330381","0.499805","0.549129","1.23836","1.74127e-15","2.98447","3.01306","3.00669","7.22069","0","0","0","0","0","0","0","0"
"5.37317","0.500044","0.5009","0.0330374","0.499329","0.548675","1.23665","1.74062e-15","2.98609","3.01505","3.01002","7.20953","0","0","0","0","0","0","0","0"
"5.37655","0.500044","0.5009","0.0330366","0.499266","0.548303","1.23493","1.74045e-15","2.98454","3.0131","3.0063","7.21313","0","0","0","0","0","0","0","0"
"5.38003","0.500044","0.5009","0.0330357","0.499306","0.548057","1.2314","1.74182e-15","2.98874","3.01657","3.01354","7.21299","0","0","0","0","0","0","0","0"
"5.38332","0.500044","0.501059","0.0330346","0.498939","0.54754","1.22637","1.7405e-15","2.98863","3.01689","3.02914","7.18969","0","0","0","0","0","0","0","0"
"5.3867","0.500044","0.501059","0.0330335","0.498601","0.547271","1.22504","1.741e-15","2.99365","3.01944","3.02432","7.2162","0","0","0","0","0","0","0","0"
"5.39008","0.500044","0.501059","0.0330324","0.500604","0.548733","1.2353","1.74241e-15","3.00729","3.01745","3.01381","7.22294","0","0","0","0","0","0","0","0"
"5.39347","0.500044","0.501059","0.0330313","0.500184","0.54861","1.23247","1.74099e-15","3.00789","3.01742","3.01662","7.21382","0","0","0","0","0","0","0","0"
"5.39697","0.500044","0.501059","0.0330303","0.499543","0.548266","1.2285","1.741e-15","3.00573","3.01647","3.02441","7.21445","0","0","0","0","0","0","0","0"
"5.40025","0.500044","0.501081","0.0330296","0.498974","0.547634","1.22508","1.74116e-15","3.00651","3.01333","3.032","7.19554","0","0","0","0","0","0","0","0"
"5.40363","0.500044","0.501081","0.0330288","0.498495","0.546724","1.22387","1.74006e-15","3.00825","3.01789","3.03522","7.18865","0","0","0","0","0","0","0","0"
"5.40702","0.500044","0.501081","0.0330281","0.499521","0.547308","1.22916","1.74213e-15","3.00803","3.0193","3.02138","7.21072","0","0","0","0","0","0","0","0"
"5.4104","0.500044","0.501081","0.0330272","0.499862","0.547477","1.22952","1.74086e-15","3.00805","3.0201","3.01403","7.2071","0","0","0","0","0","0","0","0"
"5.41413","0.500044","0.501081","0.0330269","0.499919","0.547624","1.23254","1.73908e-15","3.01354","3.02335","3.00226","7.1973","0","0","0","0","0","0","0","0"
"5.41718","0.500044","0.501147","0.0330271","0.500071","0.547908","1.23651","1.74029e-15","3.0121","3.0288","2.99023","7.2007","0","0","0","0","0","0","0","0"
"5.42055","0.500044","0.501147","0.0330272","0.499584","0.547401","1.23315","1.73951e-15","3.01247","3.02797","2.99608","7.18303","0","0","0","0","0","0","0","0"
"5.42393","0.500044","0.501147","0.0330273","0.500513","0.547947","1.24392","1.74188e-15","3.00705","3.02169","3.06377","7.18019","0","0","0","0","0","0","0","0"
"5.42732","0.500044","0.501147","0.0330274","0.499873","0.547316","1.24013","1.74162e-15","3.01409","3.02476","3.07319","7.18438","0","0","0","0","0","0","0","0"
"5.43082","0.500044","0.501147","0.0330276","0.499273","0.546549","1.23644","1.74008e-15","3.01829","3.02686","3.07957","7.18232","0","0","0","0","0","0","0","0"
"5.43513","0.500044","0.501163","0.0330279","0.499689","0.547158","1.23462","1.74183e-15","3.01564","3.0268","3.07929","7.20899","0","0","0","0","0","0","0","0"
"5.43852","0.500044","0.501163","0.0330282","0.499667","0.54704","1.23271","1.74047e-15","3.01145","3.02941","3.07575","7.19519","0","0","0","0","0","0","0","0"
"5.4419","0.500044","0.501163","0.0330284","0.499487","0.546868","1.23716","1.74279e-15","3.01403","3.03492","3.06431","7.22718","0","0","0","0","0","0","0","0"
"5.44637","0.500044","0.501163","0.0330288","0.4999","0.547169","1.23433","1.74161e-15","3.01276","3.0326","3.0624","7.20231","0","0","0","0","0","0","0","0"
"5.44972","0.500044","0.501178","0.0330291","0.499644","0.546952","1.23277","1.74193e-15","3.01167","3.02965","3.05722","7.22116","0","0","0","0","0","0","0","0"
"5.4531","0.500044","0.501178","0.0330295","0.499693","0.546862","1.22798","1.74275e-15","3.01964","3.03814","3.07102","7.23591","0","0","0","0","0","0","0","0"
"5.45648","0.500044","0.501178","0.0330298","0.499463","0.546658","1.23045","1.74144e-15","3.0245","3.04222","3.05645","7.23773","0","0","0","0","0","0","0","0"
"5.4599","0.500044","0.501178","0.0330302","0.499548","0.546909","1.22885","1.74421e-15","3.02589","3.04566","3.05402","7.27111","0","0","0","0","0","0","0","0"
"5.46338","0.500044","0.501178","0.0330301","0.498935","0.546515","1.22791","1.74243e-15","3.02904","3.04882","3.04691","7.25802","0","0","0","0","0","0","0","0"
"5.46667","0.500044","0.501141","0.0330292","0.498584","0.546088","1.22359","1.74328e-15","3.02642","3.047","3.05937","7.28517","0","0","0","0","0","0","0","0"
"5.47005","0.500044","0.501141","0.0330283","0.498285","0.546044","1.22261","1.74449e-15","3.02215","3.04446","3.05182","7.26785","0","0","0","0","0","0","0","0"
"5.47347","0.500044","0.501141","0.0330274","0.498133","0.54586","1.2218","1.74488e-15","3.01569","3.04162","3.04791","7.28063","0","0","0","0","0","0","0","0"
"5.47683","0.500044","0.501141","0.0330266","0.497305","0.544825","1.21818","1.74574e-15","3.01999","3.04524","3.05768","7.28","0","0","0","0","0","0","0","0"
"5.48032","0.500044","0.501141","0.0330256","0.497853","0.545047","1.2167","1.74337e-15","3.01837","3.04532","3.05726","7.25849","0","0","0","0","0","0","0","0"
"5.4836","0.500044","0.501179","0.0330246","0.498147","0.54507","1.21841","1.74492e-15","3.0119","3.03968","3.04161","7.2589","0","0","0","0","0","0","0","0"
"5.48702","0.500044","0.501179","0.0330235","0.499307","0.545886","1.22399","1.74333e-15","3.01573","3.03461","3.03935","7.24597","0","0","0","0","0","0","0","0"
"5.49037","0.500044","0.501179","0.0330225","0.499176","0.545748","1.21964","1.74397e-15","3.01352","3.03294","3.05509","7.24901","0","0","0","0","0","0","0","0"
"5.49375","0.500044","0.501179","0.0330214","0.499781","0.545963","1.21976","1.74497e-15","3.01466","3.02687","3.04636","7.22834","0","0","0","0","0","0","0","0"
"5.49723","0.500044","0.501179","0.0330209","0.499541","0.545845","1.21777","1.74326e-15","3.01217","3.02433","3.04732","7.20623","0","0","0","0","0","0","0","0"
"5.50053","0.500044","0.501024","0.0330207","0.499171","0.545775","1.21631","1.74559e-15","3.01571","3.02259","3.0417","7.21687","0","0","0","0","0","0","0","0"
"5.5039","0.500044","0.501024","0.0330206","0.498409","0.545122","1.21409","1.7442e-15","3.01612","3.02358","3.04133","7.19932","0","0","0","0","0","0","0","0"
"5.50728","0.500044","0.501024","0.0330204","0.498438","0.545197","1.21463","1.74599e-15","3.01703","3.02095","3.02892","7.22121","0","0","0","0","0","0","0","0"
"5.51068","0.500044","0.501024","0.0330203","0.498656","0.545925","1.21539","1.74516e-15","3.01854","3.02441","3.0304","7.21228","0","0","0","0","0","0","0","0"
"5.5142","0.500044","0.501024","0.0330198","0.49891","0.545992","1.21293","1.7436e-15","3.01212","3.01957","3.03056","7.20954","0","0","0","0","0","0","0","0"
"5.51848","0.500044","0.501059","0.0330189","0.498768","0.545639","1.21455","1.74299e-15","3.01409","3.02354","3.01582","7.19842","0","0","0","0","0","0","0","0"
"5.52187","0.500044","0.501059","0.0330181","0.499114","0.545691","1.22386","1.74456e-15","3.02056","3.02858","3.03574","7.21273","0","0","0","0","0","0","0","0"
"5.52527","0.500044","0.501059","0.0330175","0.499842","0.547117","1.23636","1.74544e-15","3.03103","3.04126","3.07537","7.20545","0","0","0","0","0","0","0","0"
"5.5297","0.500044","0.501059","0.0330166","0.499379","0.546755","1.2326","1.74505e-15","3.02649","3.03638","3.0791","7.18501","0","0","0","0","0","0","0","0"
"5.5329","0.500044","0.501176","0.033016","0.498828","0.545859","1.22978","1.74462e-15","3.02748","3.03849","3.08235","7.17424","0","0","0","0","0","0","0","0"
"5.53635","0.500044","0.501176","0.0330154","0.498858","0.545941","1.22848","1.74426e-15","3.02624","3.03779","3.08195","7.18076","0","0","0","0","0","0","0","0"
"5.53963","0.500044","0.501176","0.0330147","0.499079","0.546009","1.22885","1.74593e-15","3.02427","3.0339","3.07545","7.18867","0","0","0","0","0","0","0","0"
"5.54302","0.500044","0.501176","0.0330141","0.49875","0.545612","1.22461","1.74442e-15","3.02143","3.03454","3.08725","7.17873","0","0","0","0","0","0","0","0"
"5.54653","0.500044","0.501176","0.0330128","0.499025","0.545799","1.22279","1.74502e-15","3.02116","3.03437","3.08599","7.17957","0","0","0","0","0","0","0","0"
"5.54978","0.500044","0.501287","0.0330103","0.498757","0.545558","1.22329","1.74349e-15","3.01809","3.03341","3.07299","7.159","0","0","0","0","0","0","0","0"
"5.55318","0.500044","0.501287","0.0330074","0.498162","0.54503","1.22289","1.74473e-15","3.01967","3.03411","3.06288","7.16535","0","0","0","0","0","0","0","0"
"5.55657","0.500044","0.501287","0.033005","0.497971","0.544822","1.23118","1.74584e-15","3.02881","3.03618","3.06667","7.15238","0","0","0","0","0","0","0","0"
"5.55997","0.500044","0.501287","0.0330021","0.498283","0.545405","1.23826","1.74533e-15","3.0288","3.03447","3.0701","7.16459","0","0","0","0","0","0","0","0"
"5.56347","0.500044","0.501287","0.0330001","0.498569","0.545405","1.24371","1.74603e-15","3.02198","3.03255","3.04698","7.16042","0","0","0","0","0","0","0","0"
"5.56672","0.500044","0.501323","0.0329989","0.498884","0.545999","1.24846","1.74338e-15","3.0198","3.03691","3.02867","7.14364","0","0","0","0","0","0","0","0"
"5.57023","0.500044","0.501323","0.0329979","0.49859","0.545877","1.24772","1.7444e-15","3.01769","3.03704","3.02292","7.15513","0","0","0","0","0","0","0","0"
"5.57352","0.500044","0.501323","0.0329968","0.498112","0.545442","1.24876","1.74589e-15","3.02026","3.03298","3.0085","7.15837","0","0","0","0","0","0","0","0"
"5.57687","0.500044","0.501323","0.0329957","0.498198","0.545377","1.24998","1.74389e-15","3.01486","3.03065","2.99787","7.14099","0","0","0","0","0","0","0","0"
"5.58037","0.500044","0.501323","0.0329951","0.498777","0.546231","1.25284","1.7432e-15","3.00959","3.03027","2.99545","7.13981","0","0","0","0","0","0","0","0"
"5.58365","0.500044","0.50122","0.032995","0.498868","0.546075","1.25137","1.74511e-15","3.0119","3.03104","2.99763","7.15288","0","0","0","0","0","0","0","0"
"5.58705","0.500044","0.50122","0.0329949","0.498466","0.545688","1.25655","1.74337e-15","3.01389","3.02735","2.97419","7.13289","0","0","0","0","0","0","0","0"
"5.59042","0.500044","0.50122","0.0329949","0.497721","0.545163","1.25503","1.74496e-15","3.01303","3.02498","2.97139","7.15319","0","0","0","0","0","0","0","0"
"5.5938","0.500044","0.50122","0.0329948","0.496835","0.544736","1.25274","1.74611e-15","3.01378","3.02343","2.96737","7.1478","0","0","0","0","0","0","0","0"
"5.59733","0.500044","0.50122","0.0329949","0.497269","0.5455","1.25493","1.74348e-15","3.01313","3.0224","2.95958","7.12852","0","0","0","0","0","0","0","0"
"5.60187","0.500044","0.501169","0.0329951","0.497159","0.545291","1.25472","1.74387e-15","3.0139","3.02173","2.94959","7.12746","0","0","0","0","0","0","0","0"
"5.60528","0.500044","0.501169","0.0329953","0.496362","0.544452","1.25085","1.74475e-15","3.01613","3.02522","2.95508","7.11783","0","0","0","0","0","0","0","0"
"5.60877","0.500044","0.501169","0.0329954","0.495609","0.543852","1.2487","1.74308e-15","3.01866","3.02504","2.95451","7.10298","0","0","0","0","0","0","0","0"
"5.61303","0.500044","0.501169","0.0329958","0.495761","0.544115","1.2541","1.74367e-15","3.01415","3.01429","2.94376","7.12413","0","0","0","0","0","0","0","0"
"5.6162","0.500044","0.501089","0.0329965","0.496251","0.544719","1.25769","1.74423e-15","3.01102","3.01363","2.93313","7.13129","0","0","0","0","0","0","0","0"
"5.61958","0.500044","0.501089","0.0329972","0.497346","0.546205","1.26152","1.74245e-15","3.01265","3.03998","2.96851","7.1293","0","0","0","0","0","0","0","0"
"5.62297","0.500044","0.501089","0.032998","0.496807","0.545371","1.25752","1.74425e-15","3.01435","3.04107","2.97564","7.15829","0","0","0","0","0","0","0","0"
"5.62635","0.500044","0.501089","0.0329987","0.496428","0.544863","1.25527","1.74504e-15","3.01515","3.0398","2.97671","7.14596","0","0","0","0","0","0","0","0"
"5.62983","0.500044","0.501089","0.0329998","0.496497","0.545063","1.25499","1.74346e-15","3.00963","3.03899","2.97639","7.12684","0","0","0","0","0","0","0","0"
"5.63312","0.500044","0.500894","0.0330011","0.496387","0.545322","1.25769","1.74475e-15","3.0085","3.04082","2.97745","7.13328","0","0","0","0","0","0","0","0"
"5.6365","0.500044","0.500894","0.0330027","0.496055","0.54494","1.25511","1.74421e-15","3.00963","3.03806","2.98","7.12127","0","0","0","0","0","0","0","0"
"5.63988","0.500044","0.500894","0.0330041","0.495732","0.544723","1.25319","1.74437e-15","3.01057","3.03796","2.98146","7.13403","0","0","0","0","0","0","0","0"
"5.64328","0.500044","0.500894","0.0330057","0.495102","0.543929","1.25224","1.74665e-15","3.00894","3.03818","2.97202","7.15893","0","0","0","0","0","0","0","0"
"5.6468","0.500044","0.500894","0.0330071","0.495345","0.543966","1.25006","1.74504e-15","3.01576","3.03956","2.97757","7.14055","0","0","0","0","0","0","0","0"
"5.65005","0.500044","0.500916","0.033009","0.495067","0.543783","1.24881","1.74484e-15","3.01186","3.03703","2.97036","7.16259","0","0","0","0","0","0","0","0"
"5.65343","0.500044","0.500916","0.0330107","0.49436","0.543028","1.24719","1.74641e-15","3.01261","3.03633","2.97078","7.17812","0","0","0","0","0","0","0","0"
"5.65682","0.500044","0.500916","0.0330126","0.494688","0.543091","1.24317","1.74471e-15","3.00871","3.03509","2.97937","7.16295","0","0","0","0","0","0","0","0"
"5.6602","0.500044","0.500916","0.0330142","0.49432","0.542923","1.24131","1.74505e-15","3.00853","3.03298","2.98189","7.16855","0","0","0","0","0","0","0","0"
"5.6637","0.500044","0.500916","0.0330163","0.494828","0.543121","1.24","1.74519e-15","3.00846","3.03084","2.97774","7.17998","0","0","0","0","0","0","0","0"
"5.66697","0.500044","0.50082","0.0330183","0.49485","0.543242","1.23738","1.74541e-15","3.00644","3.0264","2.98176","7.17517","0","0","0","0","0","0","0","0"
"5.67037","0.500044","0.50082","0.0330207","0.495073","0.54382","1.24625","1.74437e-15","3.00131","3.0249","2.99811","7.15825","0","0","0","0","0","0","0","0"
"5.67375","0.500044","0.50082","0.0330227","0.494463","0.543269","1.24338","1.74532e-15","3.00578","3.0277","3.00081","7.17972","0","0","0","0","0","0","0","0"
"5.67713","0.500044","0.50082","0.033025","0.494072","0.542554","1.24276","1.74724e-15","3.00617","3.03159","2.99395","7.19681","0","0","0","0","0","0","0","0"
"5.68065","0.500044","0.50082","0.0330265","0.494259","0.54274","1.24483","1.74472e-15","3.01209","3.03228","2.99144","7.18948","0","0","0","0","0","0","0","0"
"5.6852","0.500044","0.500623","0.0330281","0.494367","0.5425","1.24194","1.74576e-15","3.01081","3.02886","2.99086","7.20711","0","0","0","0","0","0","0","0"
"5.68858","0.500044","0.500623","0.0330293","0.493988","0.541889","1.23632","1.74589e-15","3.00691","3.02746","3.00917","7.20141","0","0","0","0","0","0","0","0"
"5.69197","0.500044","0.500623","0.0330303","0.493674","0.54173","1.23441","1.74349e-15","3.00449","3.0269","3.0077","7.19548","0","0","0","0","0","0","0","0"
"5.69635","0.500044","0.500623","0.033032","0.493952","0.541571","1.23647","1.7455e-15","3.00294","3.02362","3.01026","7.22802","0","0","0","0","0","0","0","0"
"5.69955","0.500044","0.500561","0.0330335","0.494274","0.54202","1.2346","1.74427e-15","3.00043","3.01994","3.01258","7.20874","0","0","0","0","0","0","0","0"
"5.70292","0.500044","0.500561","0.033035","0.493685","0.541299","1.23075","1.74346e-15","3.00219","3.02175","3.02117","7.20316","0","0","0","0","0","0","0","0"
"5.7063","0.500044","0.500561","0.0330368","0.493645","0.541282","1.23254","1.74492e-15","2.99923","3.01882","3.00595","7.21374","0","0","0","0","0","0","0","0"
"5.70968","0.500044","0.500561","0.0330382","0.494006","0.541638","1.2324","1.74387e-15","2.99749","3.01241","3.00002","7.19391","0","0","0","0","0","0","0","0"
"5.71373","0.500044","0.500561","0.0330396","0.49417","0.541414","1.23171","1.74305e-15","2.99747","3.0099","2.99415","7.18818","0","0","0","0","0","0","0","0"
"5.7165","0.500044","0.500383","0.0330399","0.493823","0.540943","1.22814","1.74475e-15","3.00005","3.00811","3.0025","7.21017","0","0","0","0","0","0","0","0"
"5.71983","0.500044","0.500383","0.0330402","0.493114","0.539889","1.22511","1.74515e-15","3.00196","3.01088","3.00262","7.20327","0","0","0","0","0","0","0","0"
"5.72323","0.500044","0.500383","0.0330405","0.493816","0.540696","1.23684","1.74397e-15","3.00668","3.00927","3.01663","7.18746","0","0","0","0","0","0","0","0"
"5.72663","0.500044","0.500383","0.0330409","0.493797","0.540772","1.23283","1.7457e-15","3.00425","3.00715","3.02539","7.22763","0","0","0","0","0","0","0","0"
"5.73012","0.500044","0.500383","0.0330409","0.493933","0.54067","1.23115","1.74566e-15","3.00196","3.00192","3.02426","7.22017","0","0","0","0","0","0","0","0"
"5.73338","0.500044","0.500305","0.0330403","0.493596","0.540498","1.2271","1.74334e-15","2.99648","2.99653","3.03219","7.21662","0","0","0","0","0","0","0","0"
"5.73805","0.500044","0.500305","0.0330397","0.493928","0.540868","1.22808","1.74461e-15","2.99126","2.99387","3.01918","7.2307","0","0","0","0","0","0","0","0"
"5.7402","0.500044","0.500305","0.0330391","0.49431","0.541195","1.22637","1.7461e-15","2.9925","2.99327","3.01468","7.23626","0","0","0","0","0","0","0","0"
"5.74353","0.500044","0.500305","0.0330386","0.494559","0.541444","1.22418","1.74385e-15","2.98773","2.99373","3.01383","7.23074","0","0","0","0","0","0","0","0"
"5.74703","0.500044","0.500305","0.0330379","0.494431","0.541281","1.22082","1.74343e-15","2.98928","2.99459","3.0201","7.21031","0","0","0","0","0","0","0","0"
"5.75032","0.500044","0.500181","0.0330373","0.494334","0.541297","1.22277","1.74515e-15","2.99105","2.99258","3.01721","7.22581","0","0","0","0","0","0","0","0"
"5.75372","0.500044","0.500181","0.0330366","0.494125","0.541196","1.22294","1.7437e-15","2.98991","2.98894","3.01158","7.21115","0","0","0","0","0","0","0","0"
"5.75708","0.500044","0.500181","0.033036","0.493996","0.540984","1.2239","1.74469e-15","2.99438","2.9872","3.00653","7.23083","0","0","0","0","0","0","0","0"
"5.76045","0.500044","0.500181","0.0330353","0.494024","0.540978","1.23202","1.7451e-15","2.98973","2.98647","3.0046","7.23313","0","0","0","0","0","0","0","0"
"5.76397","0.500044","0.500181","0.0330348","0.493448","0.540501","1.23225","1.74282e-15","2.99105","2.99209","2.99423","7.2132","0","0","0","0","0","0","0","0"
"5.76853","0.500044","0.500261","0.0330342","0.492549","0.539615","1.22782","1.74483e-15","2.99115","2.99001","3.00883","7.23148","0","0","0","0","0","0","0","0"
"5.77192","0.500044","0.500261","0.0330337","0.492456","0.539576","1.22696","1.74379e-15","2.99143","2.99071","3.01078","7.20358","0","0","0","0","0","0","0","0"
"5.7753","0.500044","0.500261","0.0330332","0.49233","0.539646","1.23151","1.7437e-15","2.9889","2.98936","3.02149","7.19678","0","0","0","0","0","0","0","0"
"5.77967","0.500044","0.500261","0.0330327","0.492583","0.539947","1.22841","1.74531e-15","2.98663","2.98897","3.02165","7.17426","0","0","0","0","0","0","0","0"
"5.78285","0.500044","0.500285","0.0330326","0.492109","0.539678","1.22532","1.7438e-15","2.98517","2.98879","3.02776","7.15766","0","0","0","0","0","0","0","0"
"5.78623","0.500044","0.500285","0.0330325","0.493492","0.541222","1.22576","1.74489e-15","2.98676","2.99381","3.02135","7.17321","0","0","0","0","0","0","0","0"
"5.78963","0.500044","0.500285","0.0330323","0.494395","0.541875","1.22736","1.74539e-15","2.98673","2.99457","3.01712","7.17729","0","0","0","0","0","0","0","0"
"5.79302","0.500044","0.500285","0.0330322","0.494785","0.542798","1.23538","1.74371e-15","2.98651","3.00494","3.01552","7.17458","0","0","0","0","0","0","0","0"
"5.7965","0.500044","0.500285","0.0330319","0.49428","0.542327","1.23252","1.74404e-15","2.98753","3.00363","3.02892","7.16788","0","0","0","0","0","0","0","0"
"5.79978","0.500044","0.500016","0.0330314","0.49487","0.542785","1.23555","1.74412e-15","2.99336","3.00595","3.01575","7.15948","0","0","0","0","0","0","0","0"
"5.80317","0.500044","0.500016","0.0330308","0.495069","0.542843","1.23765","1.74256e-15","3.0038","3.01141","3.01678","7.14108","0","0","0","0","0","0","0","0"
"5.80655","0.500044","0.500016","0.0330303","0.495213","0.542893","1.23855","1.74357e-15","3.00397","3.01019","3.00407","7.15899","0","0","0","0","0","0","0","0"
"5.80995","0.500044","0.500016","0.0330296","0.496082","0.543964","1.24238","1.74557e-15","2.99834","3.00467","2.99768","7.16216","0","0","0","0","0","0","0","0"
"5.81345","0.500044","0.500016","0.0330292","0.496444","0.544152","1.24115","1.74382e-15","2.99819","3.00344","2.99396","7.13731","0","0","0","0","0","0","0","0"
"5.81672","0.500044","0.500207","0.0330291","0.496664","0.544407","1.24166","1.74406e-15","2.99758","3.00002","2.99066","7.15179","0","0","0","0","0","0","0","0"
"5.8201","0.500044","0.500207","0.0330289","0.497893","0.545846","1.24685","1.74509e-15","2.99669","2.99958","2.97569","7.14679","0","0","0","0","0","0","0","0"
"5.8235","0.500044","0.500207","0.0330287","0.498696","0.546708","1.24948","1.74415e-15","3.00383","3.00994","2.99049","7.12351","0","0","0","0","0","0","0","0"
"5.82687","0.500044","0.500207","0.0330286","0.499024","0.546948","1.24667","1.74457e-15","3.00218","3.01775","2.99574","7.12573","0","0","0","0","0","0","0","0"
"5.83037","0.500044","0.500207","0.033028","0.498985","0.546969","1.2496","1.74455e-15","3.01641","3.0196","2.97697","7.114","0","0","0","0","0","0","0","0"
"5.83363","0.500044","0.500598","0.0330271","0.499054","0.546674","1.24575","1.74337e-15","3.01531","3.01943","2.98746","7.08909","0","0","0","0","0","0","0","0"
"5.83703","0.500044","0.500598","0.0330261","0.499491","0.546881","1.24995","1.74425e-15","3.01254","3.01404","2.97166","7.1098","0","0","0","0","0","0","0","0"
"5.84042","0.500044","0.500598","0.0330252","0.499937","0.547126","1.24746","1.74588e-15","3.01431","3.02223","2.97714","7.11877","0","0","0","0","0","0","0","0"
"5.8438","0.500044","0.500598","0.0330241","0.499401","0.546802","1.24303","1.7443e-15","3.01327","3.01945","2.9873","7.09942","0","0","0","0","0","0","0","0"
"5.8473","0.500044","0.500598","0.0330236","0.499318","0.546746","1.24365","1.74362e-15","3.01349","3.01746","2.9826","7.09132","0","0","0","0","0","0","0","0"
"5.85187","0.500044","0.501153","0.0330233","0.498877","0.546535","1.24031","1.74444e-15","3.0127","3.01472","2.98763","7.07834","0","0","0","0","0","0","0","0"
"5.85525","0.500044","0.501153","0.0330231","0.498726","0.546572","1.23913","1.74217e-15","3.01399","3.01682","2.98768","7.06697","0","0","0","0","0","0","0","0"
"5.85863","0.500044","0.501153","0.033023","0.499433","0.547063","1.24397","1.74372e-15","3.01024","3.01544","2.98097","7.09326","0","0","0","0","0","0","0","0"
"5.86302","0.500044","0.501153","0.0330228","0.500066","0.547965","1.24386","1.74355e-15","3.00909","3.02711","2.97131","7.08905","0","0","0","0","0","0","0","0"
"5.86622","0.500044","0.501526","0.0330231","0.499267","0.546952","1.23944","1.74135e-15","3.01055","3.02939","2.98472","7.0826","0","0","0","0","0","0","0","0"
"5.86957","0.500044","0.501526","0.0330233","0.499388","0.547336","1.25104","1.74262e-15","3.00939","3.02691","3.01459","7.09939","0","0","0","0","0","0","0","0"
"5.87297","0.500044","0.501526","0.0330236","0.500111","0.547818","1.25041","1.74395e-15","3.0071","3.02364","3.00397","7.10536","0","0","0","0","0","0","0","0"
"5.87635","0.500044","0.501526","0.0330238","0.500671","0.548487","1.25479","1.74262e-15","3.00584","3.02197","3.00304","7.09592","0","0","0","0","0","0","0","0"
"5.87983","0.500044","0.501526","0.0330245","0.500771","0.548765","1.26139","1.74268e-15","3.00635","3.02252","2.9892","7.10149","0","0","0","0","0","0","0","0"
"5.88312","0.500044","0.501565","0.0330257","0.502052","0.55012","1.2628","1.74311e-15","3.00862","3.02939","2.98289","7.10129","0","0","0","0","0","0","0","0"
"5.8865","0.500044","0.501565","0.0330272","0.502784","0.55055","1.26755","1.74208e-15","3.0018","3.03075","2.96817","7.08233","0","0","0","0","0","0","0","0"
"5.88988","0.500044","0.501565","0.0330284","0.502598","0.550329","1.26484","1.74332e-15","3.00653","3.03611","2.9701","7.10344","0","0","0","0","0","0","0","0"
"5.90598","0.500044","0.501565","0.0330341","0.501691","0.5496","1.25033","1.745e-15","3.01861","3.03585","3.01142","7.12381","0","0","0","0","0","0","0","0"
"5.90683","0.500044","0.501565","0.0330356","0.501255","0.549383","1.25151","1.74301e-15","3.01871","3.03631","2.99907","7.11412","0","0","0","0","0","0","0","0"
"5.9102","0.500044","0.501756","0.0330369","0.501059","0.549058","1.2472","1.74413e-15","3.01517","3.03392","3.01097","7.13691","0","0","0","0","0","0","0","0"
"5.91372","0.500044","0.501756","0.0330379","0.501231","0.549193","1.24367","1.7444e-15","3.01493","3.03696","3.01954","7.1266","0","0","0","0","0","0","0","0"
"5.91705","0.500044","0.502187","0.033038","0.501214","0.54908","1.24621","1.7426e-15","3.01375","3.0352","3.01045","7.11117","0","0","0","0","0","0","0","0"
"5.92038","0.500044","0.502187","0.0330382","0.500985","0.548865","1.24533","1.74344e-15","3.01137","3.03542","3.00193","7.13885","0","0","0","0","0","0","0","0"
"5.92377","0.500044","0.502187","0.0330383","0.502339","0.550363","1.25102","1.74469e-15","3.02391","3.04485","3.0028","7.14879","0","0","0","0","0","0","0","0"
"5.92715","0.500044","0.502187","0.0330385","0.502512","0.550781","1.24731","1.74302e-15","3.02576","3.04948","3.01367","7.13025","0","0","0","0","0","0","0","0"
"5.93067","0.500044","0.502187","0.0330382","0.502557","0.550684","1.2503","1.7424e-15","3.02237","3.04669","3.01069","7.11522","0","0","0","0","0","0","0","0"
"5.93523","0.500044","0.502297","0.0330369","0.50171","0.549777","1.24412","1.74189e-15","3.01962","3.04387","3.02879","7.11083","0","0","0","0","0","0","0","0"
"5.94085","0.500044","0.502297","0.0330359","0.501672","0.549807","1.24549","1.74179e-15","3.0213","3.04185","3.01692","7.11648","0","0","0","0","0","0","0","0"
"5.94308","0.500044","0.502297","0.033035","0.50227","0.550401","1.24801","1.74422e-15","3.02757","3.03759","3.00128","7.1334","0","0","0","0","0","0","0","0"
"5.94635","0.500044","0.502297","0.0330338","0.502379","0.550748","1.24726","1.74226e-15","3.02629","3.03405","2.99355","7.10123","0","0","0","0","0","0","0","0"
"5.94957","0.500044","0.502432","0.0330332","0.502376","0.550842","1.24703","1.74271e-15","3.02547","3.0271","2.98731","7.10349","0","0","0","0","0","0","0","0"
"5.95293","0.500044","0.502432","0.0330325","0.502688","0.550741","1.24444","1.74303e-15","3.02483","3.02418","2.99016","7.09752","0","0","0","0","0","0","0","0"
"5.95628","0.500044","0.502432","0.0330318","0.502739","0.550478","1.24204","1.74207e-15","3.02431","3.02457","2.9919","7.0979","0","0","0","0","0","0","0","0"
"5.95975","0.500044","0.502432","0.0330312","0.502305","0.550085","1.2416","1.7433e-15","3.02432","3.02231","2.98037","7.11074","0","0","0","0","0","0","0","0"
"5.96318","0.500044","0.502432","0.0330309","0.503248","0.550817","1.24663","1.74192e-15","3.01721","3.0181","2.96897","7.0947","0","0","0","0","0","0","0","0"
"5.96647","0.500044","0.502643","0.0330314","0.503244","0.55113","1.24813","1.74174e-15","3.01988","3.02321","2.96533","7.09594","0","0","0","0","0","0","0","0"
"5.96985","0.500044","0.502643","0.033032","0.503194","0.551176","1.25365","1.74334e-15","3.01644","3.0227","2.95957","7.06442","0","0","0","0","0","0","0","0"
"5.97323","0.500044","0.502643","0.0330326","0.502488","0.5508","1.25488","1.7416e-15","3.01849","3.02232","2.94977","7.05421","0","0","0","0","0","0","0","0"
"5.97663","0.500044","0.502643","0.0330332","0.501849","0.550105","1.25197","1.74294e-15","3.01742","3.02142","2.94946","7.08398","0","0","0","0","0","0","0","0"
"5.98013","0.500044","0.502643","0.0330336","0.501535","0.549707","1.2486","1.74155e-15","3.01764","3.01885","2.95732","7.07368","0","0","0","0","0","0","0","0"
"5.9834","0.500044","0.50283","0.0330337","0.500865","0.549138","1.24478","1.74227e-15","3.01942","3.01898","2.96355","7.09357","0","0","0","0","0","0","0","0"
"5.98678","0.500044","0.50283","0.0330338","0.500423","0.548868","1.24294","1.74437e-15","3.02329","3.02221","2.96822","7.10642","0","0","0","0","0","0","0","0"
"5.99017","0.500044","0.50283","0.0330338","0.500128","0.548983","1.24375","1.7427e-15","3.02193","3.01789","2.96201","7.08233","0","0","0","0","0","0","0","0"
"5.9935","0.500044","0.50283","0.0330339","0.500567","0.549264","1.24337","1.74387e-15","3.01933","3.01561","2.95324","7.10415","0","0","0","0","0","0","0","0"
"5.99697","0.500044","0.50283","0.0330343","0.500518","0.549266","1.24154","1.74292e-15","3.0134","3.01211","2.9501","7.10183","0","0","0","0","0","0","0","0"
"6.00025","0.500044","0.502876","0.0330349","0.500522","0.549297","1.2393","1.74315e-15","3.01613","3.01624","2.95634","7.10488","0","0","0","0","0","0","0","0"
"6.00363","0.500044","0.502876","0.0330357","0.499372","0.547798","1.23397","1.74422e-15","3.02169","3.0251","2.97284","7.11831","0","0","0","0","0","0","0","0"
"6.00702","0.500044","0.502876","0.0330364","0.499516","0.547895","1.23352","1.74334e-15","3.01705","3.01866","2.96461","7.10354","0","0","0","0","0","0","0","0"
"6.01035","0.500044","0.502876","0.0330372","0.499013","0.547617","1.23413","1.7452e-15","3.01649","3.01984","2.97475","7.12519","0","0","0","0","0","0","0","0"
"6.0138","0.500044","0.502876","0.0330374","0.499109","0.548031","1.23419","1.74332e-15","3.01274","3.01654","2.97201","7.11514","0","0","0","0","0","0","0","0"
"6.01842","0.500044","0.502643","0.033037","0.498942","0.547699","1.23178","1.74381e-15","3.00616","3.01122","2.96926","7.13816","0","0","0","0","0","0","0","0"
"6.02175","0.500044","0.502643","0.0330367","0.499357","0.547976","1.2307","1.74348e-15","3.00642","3.00984","2.96065","7.12122","0","0","0","0","0","0","0","0"
"6.02528","0.500044","0.502643","0.0330365","0.499325","0.547724","1.23044","1.74458e-15","3.00347","3.01275","2.95351","7.13551","0","0","0","0","0","0","0","0"
"6.02968","0.500044","0.502643","0.0330362","0.500174","0.548598","1.23179","1.7458e-15","3.00148","3.00957","2.94609","7.13713","0","0","0","0","0","0","0","0"
"6.03298","0.500044","0.50251","0.0330364","0.499612","0.548199","1.22881","1.74421e-15","3.00437","3.00835","2.95159","7.14455","0","0","0","0","0","0","0","0"
"6.0364","0.500044","0.50251","0.0330367","0.499765","0.548209","1.22837","1.74632e-15","3.00643","3.00748","2.95499","7.16032","0","0","0","0","0","0","0","0"
"6.03973","0.500044","0.50251","0.0330369","0.5003","0.548988","1.23349","1.74598e-15","3.00367","3.00865","2.9563","7.14435","0","0","0","0","0","0","0","0"
"6.04313","0.500044","0.50251","0.0330372","0.501058","0.549753","1.2344","1.74703e-15","3.0033","3.01258","2.95567","7.16139","0","0","0","0","0","0","0","0"
"6.04662","0.500044","0.50251","0.033038","0.50139","0.550004","1.23628","1.74801e-15","2.99609","3.01005","2.94336","7.15406","0","0","0","0","0","0","0","0"
"6.0499","0.500044","0.502463","0.0330406","0.500801","0.54926","1.23871","1.74605e-15","2.9987","3.01325","2.92518","7.13742","0","0","0","0","0","0","0","0"
"6.05342","0.500044","0.502463","0.0330428","0.502596","0.551274","1.24279","1.74703e-15","2.99521","3.02266","2.91513","7.14459","0","0","0","0","0","0","0","0"
"6.05667","0.500044","0.502463","0.0330454","0.502198","0.550995","1.23859","1.74662e-15","2.99125","3.02197","2.92479","7.14589","0","0","0","0","0","0","0","0"
"6.06007","0.500044","0.502463","0.0330476","0.501803","0.550771","1.23852","1.74616e-15","2.9915","3.02132","2.92201","7.14139","0","0","0","0","0","0","0","0"
"6.06353","0.500044","0.502463","0.0330495","0.501574","0.550667","1.23526","1.74688e-15","2.99823","3.02444","2.92892","7.14787","0","0","0","0","0","0","0","0"
"6.06682","0.500044","0.502741","0.0330503","0.501127","0.550226","1.23307","1.74561e-15","2.9991","3.02181","2.92821","7.13569","0","0","0","0","0","0","0","0"
"6.07018","0.500044","0.502741","0.0330513","0.500518","0.549425","1.22879","1.74577e-15","3.00215","3.024","2.94549","7.14448","0","0","0","0","0","0","0","0"
"6.0737","0.500044","0.502741","0.0330521","0.500634","0.54979","1.23329","1.74677e-15","3.00322","3.02157","2.93181","7.13664","0","0","0","0","0","0","0","0"
"6.07708","0.500044","0.502741","0.0330531","0.500435","0.54942","1.22992","1.74457e-15","3.00517","3.02012","2.93906","7.12073","0","0","0","0","0","0","0","0"
"6.0806","0.500044","0.502741","0.0330537","0.499775","0.548564","1.23029","1.74347e-15","3.00521","3.02147","2.92591","7.11969","0","0","0","0","0","0","0","0"
"6.08387","0.500044","0.503123","0.0330542","0.499403","0.548553","1.23575","1.74352e-15","3.00209","3.0193","2.91342","7.11278","0","0","0","0","0","0","0","0"
"6.08725","0.500044","0.503123","0.0330547","0.49907","0.548357","1.23161","1.74253e-15","3.00436","3.01826","2.92415","7.09649","0","0","0","0","0","0","0","0"
"6.09063","0.500044","0.503123","0.0330552","0.499109","0.548364","1.22728","1.74414e-15","3.00633","3.01649","2.93449","7.14143","0","0","0","0","0","0","0","0"
"6.09402","0.500044","0.503123","0.0330556","0.498184","0.547697","1.22403","1.74375e-15","3.00885","3.01828","2.94394","7.13503","0","0","0","0","0","0","0","0"
"6.10098","0.500044","0.503123","0.0330564","0.498304","0.547581","1.21779","1.74348e-15","3.00724","3.01014","2.95776","7.1525","0","0","0","0","0","0","0","0"
"6.1055","0.500044","0.503056","0.033057","0.498298","0.547739","1.2172","1.7418e-15","3.00372","3.00516","2.949","7.14084","0","0","0","0","0","0","0","0"
"6.10885","0.500044","0.503056","0.0330574","0.498229","0.547591","1.21562","1.74204e-15","3.00575","3.00483","2.94413","7.16698","0","0","0","0","0","0","0","0"
"6.11303","0.500044","0.503056","0.0330579","0.499264","0.548586","1.22461","1.74249e-15","3.01074","3.00262","2.92783","7.15679","0","0","0","0","0","0","0","0"
"6.11642","0.500044","0.502769","0.0330585","0.499481","0.548694","1.22891","1.7407e-15","3.0124","3.00746","2.91365","7.14995","0","0","0","0","0","0","0","0"
"6.11985","0.500044","0.502769","0.0330593","0.499458","0.548561","1.22857","1.74311e-15","3.01385","3.01278","2.90403","7.17638","0","0","0","0","0","0","0","0"
"6.12323","0.500044","0.502769","0.0330599","0.499152","0.54837","1.22646","1.74244e-15","3.01065","3.00999","2.90436","7.16534","0","0","0","0","0","0","0","0"
"6.12657","0.500044","0.502769","0.0330606","0.498928","0.54853","1.2292","1.74198e-15","3.01569","3.01491","2.90562","7.16102","0","0","0","0","0","0","0","0"
"6.13008","0.500044","0.502769","0.0330613","0.499547","0.549052","1.22881","1.74306e-15","3.01625","3.01354","2.89848","7.16366","0","0","0","0","0","0","0","0"
"6.13338","0.500044","0.502727","0.0330624","0.499595","0.549317","1.22849","1.74176e-15","3.01212","3.00822","2.89975","7.1439","0","0","0","0","0","0","0","0"
"6.1367","0.500044","0.502727","0.0330634","0.50041","0.549778","1.23845","1.74337e-15","3.01601","3.00518","2.89801","7.15125","0","0","0","0","0","0","0","0"
"6.1401","0.500044","0.502727","0.0330645","0.500249","0.54979","1.23924","1.74281e-15","3.0155","3.00763","2.88553","7.13974","0","0","0","0","0","0","0","0"
"6.14348","0.500044","0.502727","0.0330654","0.500303","0.549828","1.24609","1.74146e-15","3.01858","3.0071","2.88075","7.15298","0","0","0","0","0","0","0","0"
"6.14697","0.500044","0.502727","0.0330667","0.498986","0.548622","1.2434","1.74227e-15","3.02551","3.01279","2.88078","7.1802","0","0","0","0","0","0","0","0"
"6.15025","0.500044","0.50286","0.0330679","0.499966","0.549471","1.24253","1.74149e-15","3.02052","3.01365","2.88218","7.16666","0","0","0","0","0","0","0","0"
"6.15363","0.500044","0.50286","0.0330693","0.499831","0.549373","1.24294","1.74331e-15","3.02027","3.01223","2.87493","7.17629","0","0","0","0","0","0","0","0"
"6.15702","0.500044","0.50286","0.0330705","0.499851","0.549198","1.24195","1.74499e-15","3.02247","3.01782","2.87304","7.18042","0","0","0","0","0","0","0","0"
"6.16042","0.500044","0.50286","0.0330719","0.499763","0.548852","1.23988","1.74284e-15","3.02404","3.0194","2.87113","7.15874","0","0","0","0","0","0","0","0"
"6.16388","0.500044","0.50286","0.0330728","0.499589","0.548774","1.23669","1.74153e-15","3.02069","3.01993","2.87701","7.14322","0","0","0","0","0","0","0","0"
"6.16718","0.500044","0.502949","0.0330735","0.499306","0.548299","1.23324","1.74309e-15","3.02262","3.02071","2.88489","7.16858","0","0","0","0","0","0","0","0"
"6.17057","0.500044","0.502949","0.0330741","0.499123","0.547888","1.23363","1.74175e-15","3.0233","3.02094","2.87958","7.15261","0","0","0","0","0","0","0","0"
"6.17395","0.500044","0.502949","0.0330748","0.499169","0.547788","1.23785","1.74268e-15","3.01834","3.01483","2.85754","7.17059","0","0","0","0","0","0","0","0"
"6.17733","0.500044","0.502949","0.0330754","0.499495","0.548156","1.23544","1.7428e-15","3.01102","3.00858","2.85858","7.16654","0","0","0","0","0","0","0","0"
"6.18082","0.500044","0.502949","0.0330759","0.499705","0.548816","1.23472","1.74105e-15","3.00981","3.00287","2.8514","7.14981","0","0","0","0","0","0","0","0"
"6.18515","0.500044","0.50292","0.0330764","0.49951","0.548278","1.23302","1.744e-15","3.01063","3.00443","2.84967","7.18048","0","0","0","0","0","0","0","0"
"6.18853","0.500044","0.50292","0.0330768","0.499133","0.548122","1.231","1.74333e-15","3.00942","3.003","2.8525","7.16724","0","0","0","0","0","0","0","0"
"6.19192","0.500044","0.50292","0.0330771","0.499269","0.548155","1.22811","1.74379e-15","3.00836","3.00155","2.85737","7.19177","0","0","0","0","0","0","0","0"
"6.19635","0.500044","0.50292","0.0330776","0.499809","0.54883","1.22755","1.74452e-15","3.00712","3.00819","2.87206","7.18074","0","0","0","0","0","0","0","0"
"6.19973","0.500044","0.50286","0.0330781","0.499721","0.549088","1.22566","1.74217e-15","3.00874","3.01304","2.87273","7.18074","0","0","0","0","0","0","0","0"
"6.20312","0.500044","0.50286","0.0330787","0.499301","0.548761","1.22381","1.74368e-15","3.00377","3.00936","2.87335","7.19727","0","0","0","0","0","0","0","0"
"6.2065","0.500044","0.50286","0.0330792","0.499043","0.548819","1.22075","1.74331e-15","3.00535","3.01317","2.8799","7.20842","0","0","0","0","0","0","0","0"
"6.2099","0.500044","0.50286","0.0330797","0.499225","0.548871","1.22273","1.74243e-15","2.99981","3.01052","2.86727","7.20045","0","0","0","0","0","0","0","0"
"6.21337","0.500044","0.50286","0.0330804","0.499868","0.549098","1.22529","1.74344e-15","2.99665","3.00449","2.86685","7.19386","0","0","0","0","0","0","0","0"
"6.21665","0.500044","0.502942","0.0330817","0.500979","0.550177","1.23719","1.74193e-15","2.99196","3.00322","2.8696","7.17009","0","0","0","0","0","0","0","0"
"6.22003","0.500044","0.502942","0.0330829","0.500732","0.549805","1.2368","1.741e-15","2.98734","3.00084","2.87153","7.16567","0","0","0","0","0","0","0","0"
"6.22355","0.500044","0.502942","0.0330842","0.500416","0.549674","1.23607","1.74256e-15","2.98568","2.99849","2.86455","7.18596","0","0","0","0","0","0","0","0"
"6.22682","0.500044","0.502942","0.0330853","0.501093","0.550439","1.24006","1.74086e-15","2.99267","3.00266","2.86047","7.17592","0","0","0","0","0","0","0","0"
"6.2303","0.500044","0.502942","0.0330868","0.500744","0.550041","1.24089","1.7401e-15","2.99192","2.99887","2.8745","7.15298","0","0","0","0","0","0","0","0"
"6.23358","0.500044","0.503103","0.0330882","0.500917","0.550056","1.24013","1.74243e-15","2.99066","2.99712","2.8708","7.16746","0","0","0","0","0","0","0","0"
"6.23697","0.500044","0.503103","0.0330898","0.500738","0.549969","1.23551","1.74166e-15","2.98628","2.99321","2.88348","7.14565","0","0","0","0","0","0","0","0"
"6.24035","0.500044","0.503103","0.0330913","0.500498","0.549692","1.23258","1.74203e-15","2.98715","2.99337","2.88997","7.16556","0","0","0","0","0","0","0","0"
"6.24405","0.500044","0.503103","0.0330929","0.500797","0.550268","1.23582","1.74381e-15","2.98871","2.99373","2.88554","7.18818","0","0","0","0","0","0","0","0"
"6.24723","0.500044","0.503103","0.0330939","0.500792","0.549934","1.23481","1.74206e-15","2.99015","2.99187","2.8841","7.17441","0","0","0","0","0","0","0","0"
"6.25052","0.500044","0.503279","0.0330946","0.500376","0.549414","1.23296","1.74215e-15","2.98873","2.99327","2.88083","7.1763","0","0","0","0","0","0","0","0"
"6.2539","0.500044","0.503279","0.0330952","0.499339","0.548464","1.22941","1.7436e-15","2.99169","2.99456","2.88759","7.18335","0","0","0","0","0","0","0","0"
"6.25733","0.500044","0.503279","0.0330959","0.498068","0.547261","1.22627","1.74244e-15","2.99735","3.0003","2.89525","7.15896","0","0","0","0","0","0","0","0"
"6.26065","0.500044","0.503279","0.0330965","0.497789","0.547029","1.22566","1.74335e-15","3.00024","2.99987","2.8919","7.17422","0","0","0","0","0","0","0","0"
"6.26413","0.500044","0.503279","0.0330976","0.497446","0.546991","1.22678","1.74366e-15","3.00637","3.00821","2.87929","7.16831","0","0","0","0","0","0","0","0"
"6.26857","0.500044","0.503365","0.0330992","0.497278","0.546631","1.2237","1.74332e-15","3.00912","3.00804","2.88359","7.17219","0","0","0","0","0","0","0","0"
"6.27185","0.500044","0.503365","0.0331006","0.496742","0.54611","1.21978","1.74532e-15","3.00629","3.0057","2.89463","7.18803","0","0","0","0","0","0","0","0"
"6.27525","0.500044","0.503365","0.0331017","0.495917","0.545229","1.21649","1.74418e-15","3.00893","3.00711","2.9025","7.17323","0","0","0","0","0","0","0","0"
"6.27967","0.500044","0.503365","0.0331035","0.496413","0.545875","1.22733","1.74437e-15","3.00578","3.01175","2.94703","7.17035","0","0","0","0","0","0","0","0"
"6.28305","0.500044","0.503064","0.0331046","0.496011","0.545518","1.22831","1.7431e-15","3.00563","3.00942","2.94039","7.1595","0","0","0","0","0","0","0","0"
"6.28645","0.500044","0.503064","0.0331059","0.49597","0.545306","1.22341","1.74201e-15","3.0006","3.00949","2.95445","7.15619","0","0","0","0","0","0","0","0"
"6.28983","0.500044","0.503064","0.033107","0.496124","0.545827","1.21998","1.74454e-15","3.00184","3.00476","2.962","7.18436","0","0","0","0","0","0","0","0"
"6.29322","0.500044","0.503064","0.0331083","0.495789","0.545345","1.21548","1.74441e-15","3.0034","3.00292","2.97214","7.16816","0","0","0","0","0","0","0","0"
"6.2967","0.500044","0.503064","0.0331092","0.495381","0.544759","1.21101","1.74295e-15","3.00016","3.00162","2.98613","7.1488","0","0","0","0","0","0","0","0"
"6.29998","0.500044","0.502587","0.0331097","0.495379","0.544931","1.20906","1.74377e-15","2.99608","2.99634","2.98867","7.15223","0","0","0","0","0","0","0","0"
"6.30337","0.500044","0.502587","0.0331102","0.494727","0.544468","1.2054","1.74225e-15","3.00162","3.00046","2.99825","7.13396","0","0","0","0","0","0","0","0"
"6.30677","0.500044","0.502587","0.0331107","0.49437","0.544004","1.20564","1.74381e-15","3.00483","3.002","2.9887","7.15367","0","0","0","0","0","0","0","0"
"6.31013","0.500044","0.502587","0.0331112","0.493895","0.543787","1.20653","1.7453e-15","3.00739","3.00228","2.98778","7.15941","0","0","0","0","0","0","0","0"
"6.31363","0.500044","0.502587","0.0331122","0.493659","0.543512","1.20267","1.7427e-15","3.00275","3.00373","3.00412","7.14817","0","0","0","0","0","0","0","0"
"6.31692","0.500044","0.50237","0.0331136","0.493405","0.543026","1.19932","1.744e-15","3.00206","3.00453","3.01113","7.18003","0","0","0","0","0","0","0","0"
"6.32058","0.500044","0.50237","0.0331152","0.493274","0.543292","1.1981","1.74471e-15","3.00061","3.00128","3.016","7.19654","0","0","0","0","0","0","0","0"
"6.32423","0.500044","0.50237","0.0331168","0.493588","0.543434","1.1949","1.74344e-15","2.9987","3.00219","3.01881","7.19191","0","0","0","0","0","0","0","0"
"6.32767","0.500044","0.50237","0.0331184","0.49383","0.543805","1.20576","1.7461e-15","2.99441","3.00128","3.00729","7.22353","0","0","0","0","0","0","0","0"
"6.33137","0.500044","0.50237","0.0331196","0.493309","0.543543","1.2064","1.74344e-15","3.00221","3.00749","2.99355","7.2087","0","0","0","0","0","0","0","0"
"6.33457","0.500044","0.50217","0.0331205","0.493256","0.543217","1.20937","1.74487e-15","3.00109","3.00909","2.99415","7.2166","0","0","0","0","0","0","0","0"
"6.33825","0.500044","0.50217","0.0331215","0.492213","0.542289","1.21061","1.74544e-15","3.00721","3.01247","2.9759","7.20982","0","0","0","0","0","0","0","0"
"6.3419","0.500044","0.50217","0.0331226","0.492659","0.542981","1.21244","1.74596e-15","3.00343","3.02089","2.97688","7.22047","0","0","0","0","0","0","0","0"
"6.34725","0.500044","0.50217","0.0331237","0.49159","0.542154","1.20773","1.74637e-15","3.0089","3.02333","2.98444","7.23017","0","0","0","0","0","0","0","0"
"6.3529","0.500044","0.501925","0.033124","0.493962","0.544183","1.22778","1.74627e-15","3.01606","3.03389","3.04641","7.22409","0","0","0","0","0","0","0","0"
"6.35655","0.500044","0.501925","0.0331241","0.493538","0.543647","1.22653","1.74426e-15","3.01906","3.03494","3.04309","7.20823","0","0","0","0","0","0","0","0"
"6.36003","0.500044","0.501925","0.0331243","0.492959","0.543071","1.22279","1.74529e-15","3.02049","3.03378","3.04977","7.21763","0","0","0","0","0","0","0","0"
"6.36353","0.500044","0.501925","0.0331244","0.493033","0.543515","1.2215","1.74526e-15","3.0338","3.04624","3.04229","7.21911","0","0","0","0","0","0","0","0"
"6.36682","0.500044","0.501719","0.0331245","0.493173","0.543426","1.2177","1.74465e-15","3.03546","3.04339","3.05222","7.22148","0","0","0","0","0","0","0","0"
"6.37018","0.500044","0.501719","0.0331246","0.494174","0.543959","1.22055","1.74635e-15","3.0365","3.04464","3.03862","7.24815","0","0","0","0","0","0","0","0"
"6.37358","0.500044","0.501719","0.0331247","0.494484","0.544335","1.22617","1.74446e-15","3.03284","3.04243","3.02233","7.23938","0","0","0","0","0","0","0","0"
"6.37697","0.500044","0.501719","0.0331249","0.494999","0.545018","1.23147","1.7455e-15","3.02582","3.04718","3.02837","7.25766","0","0","0","0","0","0","0","0"
"6.38045","0.500044","0.501719","0.0331253","0.495271","0.545039","1.2316","1.74377e-15","3.02575","3.04789","3.02661","7.23481","0","0","0","0","0","0","0","0"
"6.38375","0.500044","0.501637","0.0331262","0.495963","0.545817","1.23147","1.7463e-15","3.0224","3.05358","3.02212","7.25005","0","0","0","0","0","0","0","0"
"6.38712","0.500044","0.501637","0.0331269","0.495416","0.545251","1.23139","1.74582e-15","3.02605","3.05474","3.01258","7.23747","0","0","0","0","0","0","0","0"
"6.3905","0.500044","0.501637","0.0331278","0.49505","0.544846","1.22946","1.74494e-15","3.02146","3.05257","3.00932","7.22347","0","0","0","0","0","0","0","0"
"6.39388","0.500044","0.501637","0.0331285","0.494852","0.544631","1.22884","1.74649e-15","3.02109","3.05146","3.0068","7.23083","0","0","0","0","0","0","0","0"
"6.39737","0.500044","0.501637","0.0331278","0.493908","0.543592","1.22583","1.74404e-15","3.02371","3.05366","3.01562","7.21708","0","0","0","0","0","0","0","0"
"6.40067","0.500044","0.501777","0.0331262","0.493571","0.543502","1.22523","1.74614e-15","3.02344","3.05757","3.00966","7.23537","0","0","0","0","0","0","0","0"
"6.40405","0.500044","0.501777","0.0331244","0.493719","0.543708","1.22195","1.7469e-15","3.02404","3.05793","3.01335","7.23574","0","0","0","0","0","0","0","0"
"6.40743","0.500044","0.501777","0.0331228","0.49348","0.543663","1.21952","1.74582e-15","3.02109","3.05389","3.0171","7.22647","0","0","0","0","0","0","0","0"
"6.41083","0.500044","0.501777","0.0331209","0.493335","0.543217","1.21683","1.74789e-15","3.02048","3.05579","3.01932","7.23071","0","0","0","0","0","0","0","0"
"6.4143","0.500044","0.501777","0.033119","0.494036","0.543735","1.21388","1.74598e-15","3.02007","3.05425","3.02423","7.21259","0","0","0","0","0","0","0","0"
"6.41758","0.500044","0.501904","0.0331165","0.494508","0.544172","1.21378","1.7468e-15","3.01815","3.04719","3.02046","7.22546","0","0","0","0","0","0","0","0"
"6.42097","0.500044","0.501904","0.0331144","0.494927","0.545114","1.22237","1.74719e-15","3.01319","3.04927","3.02609","7.21667","0","0","0","0","0","0","0","0"
"6.42437","0.500044","0.501904","0.033112","0.49548","0.545685","1.22788","1.74656e-15","3.01312","3.0572","3.01146","7.21157","0","0","0","0","0","0","0","0"
"6.42775","0.500044","0.501904","0.0331098","0.495847","0.545888","1.22721","1.74813e-15","3.00923","3.04954","3.01374","7.20217","0","0","0","0","0","0","0","0"
"6.43125","0.500044","0.501904","0.0331082","0.496089","0.545732","1.22731","1.74652e-15","3.008","3.04915","3.0045","7.18563","0","0","0","0","0","0","0","0"
"6.43517","0.500044","0.501704","0.0331068","0.496401","0.546054","1.22669","1.74825e-15","3.01342","3.0527","2.99722","7.1912","0","0","0","0","0","0","0","0"
"6.43842","0.500044","0.501704","0.0331054","0.496275","0.546102","1.22846","1.74725e-15","3.01953","3.06194","2.98796","7.17866","0","0","0","0","0","0","0","0"
"6.44182","0.500044","0.501704","0.0331042","0.496276","0.545981","1.22754","1.7476e-15","3.02004","3.0604","2.98264","7.18303","0","0","0","0","0","0","0","0"
"6.44633","0.500044","0.501704","0.0331027","0.495261","0.545021","1.22244","1.74776e-15","3.02776","3.06256","2.99284","7.16822","0","0","0","0","0","0","0","0"
"6.44962","0.500044","0.50193","0.0331023","0.495038","0.544815","1.21832","1.74657e-15","3.0218","3.06292","3.00389","7.17973","0","0","0","0","0","0","0","0"
"6.453","0.500044","0.50193","0.0331019","0.494574","0.54424","1.21506","1.74759e-15","3.02411","3.06604","3.00901","7.18841","0","0","0","0","0","0","0","0"
"6.4564","0.500044","0.50193","0.0331015","0.494462","0.543666","1.21671","1.74675e-15","3.02058","3.06881","2.99034","7.16563","0","0","0","0","0","0","0","0"
"6.45978","0.500044","0.50193","0.0331011","0.494106","0.543589","1.21692","1.74699e-15","3.02434","3.06894","2.98628","7.17244","0","0","0","0","0","0","0","0"
"6.46327","0.500044","0.50193","0.0331002","0.494144","0.54349","1.21827","1.74804e-15","3.02466","3.07177","2.97304","7.164","0","0","0","0","0","0","0","0"
"6.46655","0.500044","0.502155","0.0330981","0.493424","0.542789","1.22202","1.7467e-15","3.02485","3.07342","2.95278","7.1447","0","0","0","0","0","0","0","0"
"6.46997","0.500044","0.502155","0.0330962","0.493747","0.543302","1.22238","1.74638e-15","3.02332","3.07326","2.94698","7.14824","0","0","0","0","0","0","0","0"
"6.47335","0.500044","0.502155","0.0330941","0.492987","0.542417","1.2174","1.74878e-15","3.02341","3.07319","2.96102","7.16394","0","0","0","0","0","0","0","0"
"6.47673","0.500044","0.502155","0.0330923","0.492329","0.54162","1.21597","1.74723e-15","3.02799","3.07738","2.95605","7.14652","0","0","0","0","0","0","0","0"
"6.48023","0.500044","0.502155","0.0330903","0.492788","0.541847","1.22294","1.74593e-15","3.02317","3.0726","2.95719","7.13423","0","0","0","0","0","0","0","0"
"6.49503","0.500044","0.501882","0.0330836","0.492516","0.541387","1.21993","1.74928e-15","3.02661","3.06925","2.98251","7.14453","0","0","0","0","0","0","0","0"
"6.49713","0.500044","0.501882","0.0330826","0.492322","0.541092","1.216","1.74685e-15","3.0294","3.07564","2.99565","7.13236","0","0","0","0","0","0","0","0"
"6.50045","0.500044","0.501505","0.0330821","0.492066","0.540957","1.21623","1.74903e-15","3.031","3.08568","2.98674","7.15911","0","0","0","0","0","0","0","0"
"6.50382","0.500044","0.501505","0.0330816","0.491947","0.54091","1.21323","1.74931e-15","3.0274","3.08336","2.99039","7.14277","0","0","0","0","0","0","0","0"
"6.50722","0.500044","0.501505","0.0330811","0.492812","0.541498","1.2133","1.74768e-15","3.02272","3.07448","2.98894","7.13077","0","0","0","0","0","0","0","0"
"6.51058","0.500044","0.501505","0.0330806","0.49214","0.540833","1.21088","1.74932e-15","3.02465","3.07638","2.98913","7.15478","0","0","0","0","0","0","0","0"
"6.51413","0.500044","0.501505","0.0330801","0.492323","0.540783","1.21408","1.74909e-15","3.02139","3.07191","3.00635","7.14447","0","0","0","0","0","0","0","0"
"6.5184","0.500044","0.501264","0.0330796","0.492354","0.541151","1.21213","1.74788e-15","3.02091","3.0658","3.00541","7.14507","0","0","0","0","0","0","0","0"
"6.52178","0.500044","0.501264","0.0330791","0.491802","0.540514","1.20875","1.75005e-15","3.02557","3.0688","3.01076","7.13401","0","0","0","0","0","0","0","0"
"6.52517","0.500044","0.501264","0.0330788","0.491927","0.540419","1.20753","1.74857e-15","3.0297","3.07446","3.01025","7.11374","0","0","0","0","0","0","0","0"
"6.52968","0.500044","0.501264","0.0330783","0.492687","0.541206","1.20808","1.74612e-15","3.02534","3.06392","3.00494","7.08894","0","0","0","0","0","0","0","0"
"6.53298","0.500044","0.501068","0.0330783","0.492899","0.541596","1.20873","1.7465e-15","3.02875","3.05833","2.9962","7.07832","0","0","0","0","0","0","0","0"
"6.53637","0.500044","0.501068","0.0330784","0.492947","0.541684","1.21141","1.74518e-15","3.02732","3.05675","2.99975","7.05405","0","0","0","0","0","0","0","0"
"6.53975","0.500044","0.501068","0.0330784","0.492805","0.541786","1.21091","1.74515e-15","3.02332","3.05417","2.99331","7.0673","0","0","0","0","0","0","0","0"
"6.54315","0.500044","0.501068","0.0330784","0.493467","0.542469","1.21571","1.74739e-15","3.02778","3.05336","2.98494","7.08525","0","0","0","0","0","0","0","0"
"6.54662","0.500044","0.501068","0.0330782","0.493741","0.542733","1.2201","1.74657e-15","3.02343","3.05345","2.97023","7.07478","0","0","0","0","0","0","0","0"
"6.54992","0.500044","0.501026","0.0330775","0.493683","0.542741","1.22254","1.74609e-15","3.02445","3.05279","2.95428","7.08403","0","0","0","0","0","0","0","0"
"6.5533","0.500044","0.501026","0.0330768","0.49371","0.542512","1.21991","1.74822e-15","3.02458","3.05109","2.96087","7.1038","0","0","0","0","0","0","0","0"
"6.55787","0.500044","0.501026","0.0330761","0.493554","0.542233","1.21693","1.74654e-15","3.02674","3.05475","2.96814","7.09044","0","0","0","0","0","0","0","0"
"6.56007","0.500044","0.501026","0.0330754","0.493638","0.542589","1.2133","1.74668e-15","3.02382","3.05369","2.9765","7.1047","0","0","0","0","0","0","0","0"
"6.56355","0.500044","0.501026","0.0330749","0.493743","0.543221","1.21811","1.74783e-15","3.01943","3.05267","2.98373","7.10382","0","0","0","0","0","0","0","0"
"6.56683","0.500044","0.501161","0.0330748","0.494018","0.54326","1.21496","1.74696e-15","3.00921","3.04683","2.9888","7.08349","0","0","0","0","0","0","0","0"
"6.57022","0.500044","0.501161","0.0330747","0.493892","0.543142","1.2146","1.7477e-15","3.00666","3.04384","2.97816","7.09785","0","0","0","0","0","0","0","0"
"6.5736","0.500044","0.501161","0.0330746","0.493874","0.542848","1.21462","1.74938e-15","3.00221","3.04338","2.97468","7.11789","0","0","0","0","0","0","0","0"
"6.57695","0.500044","0.501161","0.0330744","0.493534","0.542391","1.21409","1.74839e-15","3.00278","3.04172","2.96738","7.09588","0","0","0","0","0","0","0","0"
"6.58042","0.500044","0.501161","0.033074","0.492824","0.541784","1.21126","1.74722e-15","3.00272","3.04389","2.97065","7.09676","0","0","0","0","0","0","0","0"
"6.58372","0.500044","0.501274","0.0330732","0.493411","0.542537","1.20919","1.74869e-15","3.01207","3.05414","2.97234","7.09258","0","0","0","0","0","0","0","0"
"6.58708","0.500044","0.501274","0.0330726","0.49299","0.541975","1.20812","1.74731e-15","3.01411","3.05292","2.97735","7.07096","0","0","0","0","0","0","0","0"
"6.59048","0.500044","0.501274","0.0330718","0.492661","0.541441","1.20875","1.74604e-15","3.01292","3.05771","2.97499","7.05825","0","0","0","0","0","0","0","0"
"6.59385","0.500044","0.501274","0.0330711","0.493397","0.5418","1.20663","1.74646e-15","3.01728","3.05911","2.97848","7.06501","0","0","0","0","0","0","0","0"
"6.59735","0.500044","0.501274","0.0330696","0.493626","0.54181","1.20639","1.7466e-15","3.01461","3.05408","2.97134","7.06347","0","0","0","0","0","0","0","0"
"6.60167","0.500044","0.501304","0.0330673","0.493554","0.541914","1.20508","1.74388e-15","3.0105","3.05071","2.97466","7.04429","0","0","0","0","0","0","0","0"
"6.60507","0.500044","0.501304","0.0330653","0.493186","0.541532","1.20288","1.74442e-15","3.01854","3.05177","2.97394","7.05553","0","0","0","0","0","0","0","0"
"6.60843","0.500044","0.501304","0.0330635","0.492545","0.541016","1.19924","1.7455e-15","3.01849","3.05207","2.98165","7.05346","0","0","0","0","0","0","0","0"
"6.613","0.500044","0.501304","0.0330608","0.492999","0.541028","1.1991","1.74288e-15","3.01737","3.05942","3.00079","7.02648","0","0","0","0","0","0","0","0"
"6.61648","0.500044","0.501177","0.0330588","0.492396","0.540677","1.19751","1.7425e-15","3.01735","3.05659","2.99692","7.0342","0","0","0","0","0","0","0","0"
"6.61982","0.500044","0.501177","0.0330565","0.492153","0.540282","1.19683","1.74403e-15","3.02235","3.05795","2.99477","7.06569","0","0","0","0","0","0","0","0"
"6.62317","0.500044","0.501177","0.0330545","0.49201","0.539978","1.19358","1.74391e-15","3.02376","3.05631","3.00059","7.0558","0","0","0","0","0","0","0","0"
"6.62682","0.500044","0.501177","0.0330521","0.491191","0.539121","1.19017","1.74237e-15","3.02641","3.05718","3.00808","7.03702","0","0","0","0","0","0","0","0"
"6.63148","0.500044","0.501177","0.03305","0.491806","0.539792","1.18599","1.74138e-15","3.02121","3.05495","3.01829","7.04539","0","0","0","0","0","0","0","0"
"6.63517","0.500044","0.501081","0.0330479","0.49105","0.539267","1.18263","1.74179e-15","3.02054","3.05334","3.02452","7.03237","0","0","0","0","0","0","0","0"
"6.63848","0.500044","0.501081","0.0330463","0.490516","0.538896","1.18486","1.74116e-15","3.02318","3.06175","3.00788","7.02332","0","0","0","0","0","0","0","0"
"6.6422","0.500044","0.501081","0.0330447","0.493005","0.541387","1.18298","1.74291e-15","3.03218","3.08195","3.00969","7.07446","0","0","0","0","0","0","0","0"
"6.64722","0.500044","0.501081","0.0330427","0.492787","0.541399","1.18261","1.74188e-15","3.03016","3.07882","3.00202","7.05805","0","0","0","0","0","0","0","0"
"6.6509","0.500044","0.500774","0.0330399","0.49247","0.541055","1.18308","1.74172e-15","3.03215","3.0753","2.98837","7.06563","0","0","0","0","0","0","0","0"
"6.65422","0.500044","0.500774","0.0330381","0.493196","0.541673","1.19468","1.74282e-15","3.03873","3.07478","3.10061","7.08428","0","0","0","0","0","0","0","0"
"6.65802","0.500044","0.500774","0.033036","0.493181","0.541783","1.19501","1.74121e-15","3.03586","3.07435","3.11311","7.06452","0","0","0","0","0","0","0","0"
"6.66122","0.500044","0.500774","0.0330341","0.492714","0.541117","1.1948","1.7421e-15","3.03471","3.07572","3.10522","7.07896","0","0","0","0","0","0","0","0"
"6.66588","0.500044","0.500774","0.0330327","0.492852","0.54144","1.19504","1.74222e-15","3.03438","3.07613","3.1059","7.06749","0","0","0","0","0","0","0","0"
"6.66955","0.500044","0.500693","0.0330311","0.493376","0.542109","1.19306","1.74039e-15","3.03157","3.07284","3.10588","7.04368","0","0","0","0","0","0","0","0"
"6.67292","0.500044","0.500693","0.0330299","0.494439","0.543026","1.19467","1.74158e-15","3.03587","3.07071","3.10143","7.05572","0","0","0","0","0","0","0","0"
"6.67622","0.500044","0.500693","0.0330288","0.495299","0.543956","1.20126","1.7424e-15","3.04095","3.07249","3.10063","7.06455","0","0","0","0","0","0","0","0"
"6.67983","0.500044","0.500693","0.0330278","0.49625","0.544581","1.20067","1.74077e-15","3.03805","3.06794","3.08965","7.03468","0","0","0","0","0","0","0","0"
"6.68573","0.500044","0.500924","0.033027","0.496754","0.544883","1.19928","1.74273e-15","3.03023","3.0646","3.09505","7.06321","0","0","0","0","0","0","0","0"
"6.6894","0.500044","0.500924","0.0330264","0.496182","0.544335","1.19387","1.74283e-15","3.02855","3.06589","3.11342","7.05193","0","0","0","0","0","0","0","0"
"6.69273","0.500044","0.500924","0.0330259","0.49653","0.544753","1.19191","1.7414e-15","3.01867","3.05881","3.11312","7.05661","0","0","0","0","0","0","0","0"
"6.69648","0.500044","0.500924","0.0330255","0.497361","0.545884","1.19087","1.74239e-15","3.01025","3.05429","3.11402","7.06904","0","0","0","0","0","0","0","0"
"6.70008","0.500044","0.50123","0.0330254","0.496915","0.545865","1.18848","1.74145e-15","3.01902","3.07175","3.11883","7.04897","0","0","0","0","0","0","0","0"
"6.70345","0.500044","0.50123","0.0330253","0.496791","0.545926","1.18663","1.74106e-15","3.01642","3.06922","3.12063","7.02878","0","0","0","0","0","0","0","0"
"6.70707","0.500044","0.50123","0.0330252","0.495951","0.545258","1.18524","1.74264e-15","3.0211","3.07113","3.12009","7.03068","0","0","0","0","0","0","0","0"
"6.71105","0.500044","0.50123","0.0330251","0.49605","0.545378","1.18329","1.74185e-15","3.02161","3.06446","3.12027","7.01125","0","0","0","0","0","0","0","0"
"6.71482","0.500044","0.50123","0.033025","0.496066","0.54527","1.18241","1.73983e-15","3.02517","3.06537","3.10979","7.00709","0","0","0","0","0","0","0","0"
"6.7184","0.500044","0.501724","0.0330247","0.495945","0.545061","1.18553","1.7415e-15","3.02531","3.06405","3.0897","7.01438","0","0","0","0","0","0","0","0"
"6.72197","0.500044","0.501724","0.0330245","0.49562","0.544571","1.18535","1.73976e-15","3.02249","3.06139","3.08002","6.9989","0","0","0","0","0","0","0","0"
"6.72552","0.500044","0.501724","0.0330243","0.495644","0.54445","1.18992","1.74032e-15","3.01906","3.06386","3.06586","7.03394","0","0","0","0","0","0","0","0"
"6.72968","0.500044","0.501724","0.0330239","0.495693","0.544553","1.19038","1.74235e-15","3.01579","3.05818","3.06154","7.03345","0","0","0","0","0","0","0","0"
"6.73335","0.500044","0.501881","0.0330231","0.496073","0.545251","1.19023","1.7407e-15","3.01726","3.05488","3.06493","7.02002","0","0","0","0","0","0","0","0"
"6.73703","0.500044","0.501881","0.0330223","0.495885","0.544898","1.19141","1.74076e-15","3.01661","3.05214","3.0652","7.02976","0","0","0","0","0","0","0","0"
"6.74067","0.500044","0.501881","0.0330215","0.495845","0.544912","1.19325","1.74228e-15","3.01436","3.04935","3.0599","7.03953","0","0","0","0","0","0","0","0"
"6.74417","0.500044","0.501881","0.0330207","0.496213","0.54527","1.19331","1.74067e-15","3.01086","3.05009","3.06055","7.01918","0","0","0","0","0","0","0","0"
"6.74793","0.500044","0.501881","0.0330205","0.495993","0.544892","1.1912","1.73975e-15","3.00861","3.05143","3.05912","7.03045","0","0","0","0","0","0","0","0"
"6.75117","0.500044","0.50175","0.0330205","0.49637","0.544853","1.189","1.74167e-15","3.00727","3.05523","3.06262","7.03933","0","0","0","0","0","0","0","0"
"6.75483","0.500044","0.50175","0.0330206","0.497105","0.545534","1.19306","1.74048e-15","3.00546","3.06684","3.04043","7.02025","0","0","0","0","0","0","0","0"
"6.7585","0.500044","0.50175","0.0330206","0.496359","0.544765","1.19289","1.73915e-15","3.00624","3.0688","3.0306","7.02709","0","0","0","0","0","0","0","0"
"6.763","0.500044","0.50175","0.033021","0.495328","0.543904","1.18819","1.74139e-15","3.00865","3.06884","3.03819","7.03809","0","0","0","0","0","0","0","0"
"6.76843","0.500044","0.501737","0.0330227","0.49516","0.544065","1.18827","1.73962e-15","3.00632","3.06346","3.02755","7.01223","0","0","0","0","0","0","0","0"
"6.77208","0.500044","0.501737","0.0330239","0.496139","0.545021","1.19604","1.74098e-15","3.01088","3.07233","3.0826","7.03333","0","0","0","0","0","0","0","0"
"6.77545","0.500044","0.501737","0.0330252","0.49677","0.545395","1.20319","1.74224e-15","3.0173","3.0816","3.06777","7.04958","0","0","0","0","0","0","0","0"
"6.77965","0.500044","0.501737","0.0330265","0.496626","0.544896","1.20261","1.73965e-15","3.01512","3.07858","3.05661","7.02419","0","0","0","0","0","0","0","0"
"6.783","0.500044","0.501748","0.0330274","0.496824","0.54487","1.20008","1.73915e-15","3.01198","3.07426","3.05949","7.03782","0","0","0","0","0","0","0","0"
"6.78638","0.500044","0.501748","0.0330285","0.49667","0.544779","1.19859","1.74127e-15","3.01206","3.07182","3.05789","7.05804","0","0","0","0","0","0","0","0"
"6.78977","0.500044","0.501748","0.0330295","0.49685","0.544837","1.19849","1.73992e-15","3.01094","3.06993","3.05446","7.04708","0","0","0","0","0","0","0","0"
"6.79312","0.500044","0.501748","0.0330306","0.496312","0.544486","1.19562","1.73881e-15","3.00985","3.06887","3.05809","7.04198","0","0","0","0","0","0","0","0"
"6.79668","0.500044","0.501748","0.033031","0.496314","0.544601","1.19329","1.73923e-15","3.00722","3.06578","3.06056","7.0438","0","0","0","0","0","0","0","0"
"6.79997","0.500044","0.501663","0.0330305","0.496305","0.544429","1.19243","1.74105e-15","3.00341","3.06889","3.05073","7.04495","0","0","0","0","0","0","0","0"
"6.80335","0.500044","0.501663","0.03303","0.496137","0.544035","1.1912","1.73969e-15","3.00446","3.06722","3.05185","7.03335","0","0","0","0","0","0","0","0"
"6.8067","0.500044","0.501663","0.0330294","0.496146","0.544271","1.19023","1.73928e-15","3.01892","3.07475","3.05067","7.03193","0","0","0","0","0","0","0","0"
"6.81005","0.500044","0.501663","0.0330289","0.495784","0.543748","1.19061","1.74127e-15","3.02111","3.07135","3.04025","7.04666","0","0","0","0","0","0","0","0"
"6.81362","0.500044","0.501663","0.0330286","0.496212","0.544001","1.19653","1.7409e-15","3.01925","3.06905","3.02495","7.05218","0","0","0","0","0","0","0","0"
"6.8169","0.500044","0.501662","0.0330286","0.496465","0.54427","1.19785","1.73966e-15","3.01234","3.06744","3.01656","7.03446","0","0","0","0","0","0","0","0"
"6.82035","0.500044","0.501662","0.0330287","0.496191","0.543905","1.20294","1.74001e-15","3.00999","3.06344","2.99372","7.04236","0","0","0","0","0","0","0","0"
"6.8238","0.500044","0.501662","0.0330287","0.495171","0.543111","1.20163","1.74272e-15","3.01384","3.06414","2.9952","7.05917","0","0","0","0","0","0","0","0"
"6.82715","0.500044","0.501662","0.0330287","0.494974","0.543105","1.20544","1.74277e-15","3.01416","3.06364","2.99261","7.04885","0","0","0","0","0","0","0","0"
"6.83065","0.500044","0.501662","0.0330291","0.495147","0.543654","1.20926","1.74045e-15","3.00871","3.06759","2.98353","7.0343","0","0","0","0","0","0","0","0"
"6.83392","0.500044","0.501597","0.0330298","0.494921","0.543666","1.2046","1.7398e-15","3.013","3.0635","2.99892","7.03821","0","0","0","0","0","0","0","0"
"6.83728","0.500044","0.501597","0.0330304","0.495117","0.544008","1.20263","1.74194e-15","3.00892","3.06126","2.99882","7.07021","0","0","0","0","0","0","0","0"
"6.84068","0.500044","0.501597","0.0330312","0.495372","0.544096","1.20219","1.74156e-15","3.00718","3.05546","2.99648","7.05543","0","0","0","0","0","0","0","0"
"6.84407","0.500044","0.501597","0.0330318","0.495029","0.543556","1.19951","1.74051e-15","3.00603","3.05647","2.99752","7.04847","0","0","0","0","0","0","0","0"
"6.84757","0.500044","0.501597","0.0330323","0.494877","0.543486","1.19745","1.74049e-15","3.00595","3.05634","2.99311","7.06006","0","0","0","0","0","0","0","0"
"6.85217","0.500044","0.501466","0.0330328","0.494903","0.54341","1.19842","1.74251e-15","3.016","3.06305","2.99122","7.08498","0","0","0","0","0","0","0","0"
"6.8555","0.500044","0.501466","0.0330332","0.494907","0.5439","1.20173","1.74085e-15","3.00933","3.05604","2.97188","7.06412","0","0","0","0","0","0","0","0"
"6.85917","0.500044","0.501466","0.0330336","0.495013","0.543778","1.20571","1.74192e-15","3.00597","3.05058","2.97021","7.06909","0","0","0","0","0","0","0","0"
"6.863","0.500044","0.501466","0.0330339","0.494324","0.543001","1.20074","1.74334e-15","3.00588","3.05318","2.98419","7.06585","0","0","0","0","0","0","0","0"
"6.86667","0.500044","0.501391","0.0330339","0.494211","0.543003","1.20395","1.74112e-15","3.00729","3.0541","2.96421","7.05221","0","0","0","0","0","0","0","0"
"6.87","0.500044","0.501391","0.0330339","0.494099","0.542778","1.20259","1.74137e-15","3.00479","3.05286","2.96034","7.05276","0","0","0","0","0","0","0","0"
"6.87367","0.500044","0.501391","0.0330339","0.49345","0.542132","1.19813","1.74314e-15","3.00355","3.0538","2.97425","7.06828","0","0","0","0","0","0","0","0"
"6.87733","0.500044","0.501391","0.0330339","0.49323","0.542105","1.19594","1.7438e-15","3.00263","3.05312","2.97318","7.05367","0","0","0","0","0","0","0","0"
"6.88085","0.500044","0.501391","0.0330341","0.493157","0.541871","1.19934","1.74138e-15","3.00019","3.05209","2.95286","7.03914","0","0","0","0","0","0","0","0"
"6.88432","0.500044","0.501348","0.0330345","0.492602","0.541387","1.19754","1.74246e-15","3.00269","3.05075","2.94917","7.05046","0","0","0","0","0","0","0","0"
"6.88765","0.500044","0.501348","0.0330349","0.492352","0.541253","1.19482","1.74467e-15","3.00253","3.04755","2.95742","7.05553","0","0","0","0","0","0","0","0"
"6.89105","0.500044","0.501348","0.0330353","0.49282","0.541804","1.19575","1.74444e-15","3.00458","3.04097","2.95413","7.05127","0","0","0","0","0","0","0","0"
"6.89443","0.500044","0.501348","0.0330357","0.492224","0.541129","1.1926","1.74253e-15","3.01041","3.0442","2.95956","7.04187","0","0","0","0","0","0","0","0"
"6.89793","0.500044","0.501348","0.0330363","0.492924","0.54156","1.19013","1.74187e-15","3.00787","3.04355","2.96144","7.03892","0","0","0","0","0","0","0","0"
"6.9012","0.500044","0.501102","0.0330368","0.492343","0.541205","1.18753","1.74339e-15","3.0091","3.0405","2.96656","7.03712","0","0","0","0","0","0","0","0"
"6.90458","0.500044","0.501102","0.0330375","0.491979","0.540888","1.18932","1.74224e-15","3.00685","3.03802","2.9582","7.018","0","0","0","0","0","0","0","0"
"6.90817","0.500044","0.501102","0.033038","0.491637","0.540766","1.18802","1.74102e-15","3.0033","3.0331","2.95553","7.0122","0","0","0","0","0","0","0","0"
"6.91135","0.500044","0.501102","0.0330387","0.49154","0.540494","1.18692","1.74199e-15","3.00191","3.03611","2.95004","7.02659","0","0","0","0","0","0","0","0"
"6.91485","0.500044","0.501102","0.0330391","0.491588","0.540488","1.1857","1.74173e-15","3.01119","3.03384","2.94907","7.02734","0","0","0","0","0","0","0","0"
"6.91813","0.500044","0.500863","0.0330396","0.491808","0.540759","1.18357","1.74223e-15","3.01161","3.02955","2.95744","7.02262","0","0","0","0","0","0","0","0"
"6.92152","0.500044","0.500863","0.03304","0.49174","0.54065","1.1814","1.74063e-15","3.0096","3.02814","2.95715","7.01092","0","0","0","0","0","0","0","0"
"6.9249","0.500044","0.500863","0.0330406","0.492165","0.540742","1.1799","1.74069e-15","3.01164","3.03272","2.95329","7.0314","0","0","0","0","0","0","0","0"
"6.92828","0.500044","0.500863","0.033041","0.492388","0.54106","1.18083","1.74324e-15","3.00907","3.03177","2.94709","7.0702","0","0","0","0","0","0","0","0"
"6.93177","0.500044","0.500863","0.0330419","0.491827","0.540407","1.17753","1.74234e-15","3.00627","3.02912","2.95246","7.05006","0","0","0","0","0","0","0","0"
"6.93557","0.500044","0.500719","0.0330429","0.49149","0.540953","1.18323","1.74178e-15","3.00733","3.02901","2.96822","7.03815","0","0","0","0","0","0","0","0"
"6.93897","0.500044","0.500719","0.033044","0.490882","0.540217","1.17938","1.7433e-15","3.0071","3.03118","2.9767","7.06117","0","0","0","0","0","0","0","0"
"6.94235","0.500044","0.500719","0.0330448","0.490523","0.539776","1.17891","1.74405e-15","3.0043","3.02924","2.97119","7.07455","0","0","0","0","0","0","0","0"
"6.94633","0.500044","0.500719","0.0330464","0.490201","0.539444","1.17968","1.74105e-15","3.01509","3.03169","2.97107","7.06285","0","0","0","0","0","0","0","0"
"6.94963","0.500044","0.500669","0.0330486","0.489908","0.539323","1.17822","1.74169e-15","3.01255","3.03009","2.96638","7.08033","0","0","0","0","0","0","0","0"
"6.95303","0.500044","0.500669","0.0330511","0.490102","0.539159","1.17706","1.7433e-15","3.00549","3.02545","2.98005","7.09735","0","0","0","0","0","0","0","0"
"6.95642","0.500044","0.500669","0.0330532","0.489918","0.539","1.17755","1.74179e-15","3.00296","3.02302","2.97849","7.0827","0","0","0","0","0","0","0","0"
"6.9598","0.500044","0.500669","0.0330557","0.489786","0.538845","1.17679","1.74142e-15","2.99964","3.02179","2.97221","7.097","0","0","0","0","0","0","0","0"
"6.96328","0.500044","0.500669","0.0330582","0.489431","0.538536","1.17247","1.74241e-15","3.00288","3.02778","2.98618","7.08965","0","0","0","0","0","0","0","0"
"6.96657","0.500044","0.500512","0.0330617","0.489383","0.53861","1.16969","1.74035e-15","2.99975","3.02632","2.98982","7.08427","0","0","0","0","0","0","0","0"
"6.96995","0.500044","0.500512","0.0330647","0.489449","0.538796","1.17209","1.74032e-15","3.00423","3.02307","2.98831","7.08386","0","0","0","0","0","0","0","0"
"6.97333","0.500044","0.500512","0.0330682","0.489141","0.538441","1.16963","1.74369e-15","3.00213","3.02157","2.98776","7.11159","0","0","0","0","0","0","0","0"
"6.97672","0.500044","0.500512","0.0330712","0.489073","0.538445","1.16789","1.74206e-15","3.00261","3.02175","2.98921","7.09752","0","0","0","0","0","0","0","0"
"6.98022","0.500044","0.500512","0.0330744","0.488782","0.538201","1.16592","1.7404e-15","3.00269","3.01861","2.99164","7.08721","0","0","0","0","0","0","0","0"
"6.9835","0.500044","0.500172","0.0330768","0.489204","0.538806","1.16783","1.74255e-15","3.00681","3.01925","2.99695","7.10975","0","0","0","0","0","0","0","0"
"6.98688","0.500044","0.500172","0.0330796","0.488632","0.538156","1.16839","1.74233e-15","3.00602","3.02055","2.99269","7.09377","0","0","0","0","0","0","0","0"
"6.99042","0.500044","0.500172","0.0330819","0.489238","0.538699","1.16516","1.74144e-15","3.02069","3.03207","3.00324","7.07823","0","0","0","0","0","0","0","0"
"6.99378","0.500044","0.500172","0.0330847","0.489932","0.539939","1.1671","1.74229e-15","3.02715","3.03921","3.03586","7.09792","0","0","0","0","0","0","0","0"
"6.9973","0.500044","0.500172","0.0330871","0.490333","0.540371","1.1661","1.74339e-15","3.02504","3.03665","3.03295","7.0983","0","0","0","0","0","0","0","0"
"7.00055","0.500044","0.499994","0.0330898","0.491021","0.540502","1.16998","1.74306e-15","3.02298","3.03358","3.05372","7.08075","0","0","0","0","0","0","0","0"
"7.00395","0.500044","0.499994","0.0330922","0.491162","0.540734","1.16668","1.74146e-15","3.02497","3.03627","3.06062","7.06667","0","0","0","0","0","0","0","0"
"7.00732","0.500044","0.499994","0.033095","0.490903","0.540291","1.1677","1.74214e-15","3.02709","3.03865","3.05038","7.07137","0","0","0","0","0","0","0","0"
"7.01072","0.500044","0.499994","0.0330973","0.492828","0.541964","1.18215","1.74401e-15","3.0363","3.04265","3.09927","7.1049","0","0","0","0","0","0","0","0"
"7.0142","0.500044","0.499994","0.0330992","0.493517","0.542156","1.18646","1.74437e-15","3.03288","3.04258","3.08583","7.09949","0","0","0","0","0","0","0","0"
"7.01878","0.500044","0.500022","0.0331008","0.49371","0.54241","1.19036","1.74168e-15","3.04383","3.06417","3.08165","7.07038","0","0","0","0","0","0","0","0"
"7.02217","0.500044","0.500022","0.0331018","0.49383","0.542538","1.18909","1.74163e-15","3.03987","3.06432","3.08301","7.0837","0","0","0","0","0","0","0","0"
"7.02555","0.500044","0.500022","0.0331031","0.494198","0.543198","1.19138","1.74379e-15","3.04505","3.06753","3.07072","7.10831","0","0","0","0","0","0","0","0"
"7.02967","0.500044","0.500022","0.0331044","0.493625","0.542823","1.19115","1.74395e-15","3.04354","3.06543","3.05911","7.11125","0","0","0","0","0","0","0","0"
"7.03285","0.500044","0.500343","0.0331051","0.493459","0.543206","1.19687","1.74202e-15","3.04035","3.06793","3.04751","7.09337","0","0","0","0","0","0","0","0"
"7.03623","0.500044","0.500343","0.0331059","0.493894","0.543398","1.20108","1.7416e-15","3.04097","3.077","3.04465","7.07871","0","0","0","0","0","0","0","0"
"7.03962","0.500044","0.500343","0.0331068","0.494813","0.544346","1.20907","1.74301e-15","3.04141","3.07817","3.05829","7.10412","0","0","0","0","0","0","0","0"
"7.04308","0.500044","0.500343","0.0331075","0.495133","0.544746","1.2088","1.74506e-15","3.03725","3.07855","3.04843","7.12664","0","0","0","0","0","0","0","0"
"7.0465","0.500044","0.500343","0.0331081","0.494382","0.54407","1.21048","1.74455e-15","3.03788","3.07806","3.03117","7.12009","0","0","0","0","0","0","0","0"
"7.04978","0.500044","0.500661","0.0331078","0.494584","0.544287","1.2088","1.74299e-15","3.03948","3.07285","3.03343","7.1018","0","0","0","0","0","0","0","0"
"7.05317","0.500044","0.500661","0.0331076","0.49491","0.544962","1.21504","1.74372e-15","3.03516","3.0659","3.02839","7.12784","0","0","0","0","0","0","0","0"
"7.06858","0.500044","0.500661","0.033107","0.493007","0.54315","1.21886","1.74299e-15","3.03455","3.07023","3.00098","7.11841","0","0","0","0","0","0","0","0"
"7.07005","0.500044","0.500814","0.0331069","0.492761","0.542789","1.21817","1.74333e-15","3.03108","3.07166","3.00329","7.1226","0","0","0","0","0","0","0","0"
"7.0734","0.500044","0.500814","0.0331069","0.492347","0.542356","1.21822","1.7461e-15","3.03354","3.07018","3.00018","7.13259","0","0","0","0","0","0","0","0"
"7.0768","0.500044","0.500814","0.0331069","0.491823","0.542019","1.21788","1.74796e-15","3.03277","3.07203","2.99193","7.13625","0","0","0","0","0","0","0","0"
"7.08028","0.500044","0.500814","0.0331063","0.49129","0.541577","1.21681","1.74615e-15","3.03255","3.06983","2.98647","7.11897","0","0","0","0","0","0","0","0"
"7.0835","0.500044","0.500818","0.0331051","0.491172","0.541373","1.21666","1.74392e-15","3.03687","3.07335","2.97767","7.10812","0","0","0","0","0","0","0","0"
"7.08687","0.500044","0.500818","0.0331037","0.490547","0.540864","1.2151","1.74455e-15","3.03588","3.07138","2.97756","7.12404","0","0","0","0","0","0","0","0"
"7.09022","0.500044","0.500818","0.0331026","0.491147","0.541492","1.21692","1.7462e-15","3.03268","3.06789","2.97867","7.11891","0","0","0","0","0","0","0","0"
"7.09378","0.500044","0.500818","0.0331012","0.491575","0.541817","1.22142","1.74759e-15","3.03394","3.07239","2.96705","7.10973","0","0","0","0","0","0","0","0"
"7.09728","0.500044","0.500818","0.0331003","0.490634","0.541003","1.21713","1.74646e-15","3.04053","3.07594","2.98119","7.08751","0","0","0","0","0","0","0","0"
"7.10212","0.500044","0.500415","0.0330992","0.490934","0.541388","1.21444","1.74375e-15","3.03674","3.07402","2.97934","7.05427","0","0","0","0","0","0","0","0"
"7.1055","0.500044","0.500415","0.0330985","0.491317","0.541696","1.2125","1.74215e-15","3.03244","3.07292","2.98139","7.03862","0","0","0","0","0","0","0","0"
"7.10888","0.500044","0.500415","0.0330977","0.492058","0.542308","1.21377","1.74065e-15","3.03741","3.07282","2.96409","7.03162","0","0","0","0","0","0","0","0"
"7.11297","0.500044","0.500415","0.0330972","0.492243","0.542633","1.21378","1.74058e-15","3.04178","3.07502","2.97102","7.03574","0","0","0","0","0","0","0","0"
"7.11618","0.500044","0.50002","0.0330976","0.492023","0.542605","1.21293","1.74121e-15","3.03821","3.07294","2.96843","7.0594","0","0","0","0","0","0","0","0"
"7.11957","0.500044","0.50002","0.033098","0.491509","0.542226","1.20983","1.74255e-15","3.04368","3.08538","2.97366","7.07595","0","0","0","0","0","0","0","0"
"7.12295","0.500044","0.50002","0.0330985","0.491202","0.541949","1.20918","1.74303e-15","3.04421","3.08098","2.96735","7.08161","0","0","0","0","0","0","0","0"
"7.12633","0.500044","0.50002","0.033099","0.491794","0.542445","1.21798","1.74228e-15","3.0493","3.0811","2.97337","7.06287","0","0","0","0","0","0","0","0"
"7.12982","0.500044","0.50002","0.0330999","0.492352","0.542938","1.21536","1.73926e-15","3.04076","3.07689","2.97917","7.04551","0","0","0","0","0","0","0","0"
"7.13312","0.500044","0.500056","0.0331018","0.491833","0.54252","1.21139","1.73801e-15","3.04056","3.07916","2.98962","7.03679","0","0","0","0","0","0","0","0"
"7.13648","0.500044","0.500056","0.033104","0.491713","0.542474","1.21341","1.73836e-15","3.0384","3.07794","2.97361","7.05831","0","0","0","0","0","0","0","0"
"7.13987","0.500044","0.500056","0.0331059","0.491578","0.542674","1.21518","1.74057e-15","3.04013","3.07482","2.97762","7.06269","0","0","0","0","0","0","0","0"
"7.14325","0.500044","0.500056","0.0331081","0.491728","0.542946","1.21898","1.74338e-15","3.03819","3.07135","2.97744","7.09646","0","0","0","0","0","0","0","0"
"7.14677","0.500044","0.500056","0.0331099","0.491722","0.543183","1.21706","1.74432e-15","3.03748","3.06809","2.98318","7.08423","0","0","0","0","0","0","0","0"
"7.15003","0.500044","0.500172","0.0331115","0.491511","0.542975","1.21931","1.74209e-15","3.03602","3.07063","2.97733","7.07023","0","0","0","0","0","0","0","0"
"7.15342","0.500044","0.500172","0.0331129","0.492558","0.54381","1.23298","1.74021e-15","3.04459","3.07037","3.04437","7.05477","0","0","0","0","0","0","0","0"
"7.1568","0.500044","0.500172","0.0331145","0.492271","0.543579","1.23135","1.74014e-15","3.0411","3.06976","3.03762","7.05856","0","0","0","0","0","0","0","0"
"7.1602","0.500044","0.500172","0.0331158","0.491591","0.543004","1.22669","1.7423e-15","3.04544","3.08112","3.05275","7.07361","0","0","0","0","0","0","0","0"
"7.16368","0.500044","0.500172","0.033117","0.491364","0.542745","1.22343","1.74258e-15","3.04825","3.08541","3.05985","7.07321","0","0","0","0","0","0","0","0"
"7.16697","0.500044","0.500147","0.0331174","0.491012","0.542328","1.21916","1.74095e-15","3.0494","3.08517","3.07217","7.06599","0","0","0","0","0","0","0","0"
"7.17035","0.500044","0.500147","0.0331179","0.491188","0.542668","1.21799","1.73904e-15","3.04448","3.08618","3.06937","7.05144","0","0","0","0","0","0","0","0"
"7.17375","0.500044","0.500147","0.0331184","0.491392","0.542763","1.21602","1.73948e-15","3.03988","3.07988","3.06754","7.06488","0","0","0","0","0","0","0","0"
"7.17712","0.500044","0.500147","0.0331189","0.491005","0.542242","1.213","1.74141e-15","3.03549","3.07542","3.07296","7.08862","0","0","0","0","0","0","0","0"
"7.18062","0.500044","0.500147","0.0331194","0.490855","0.54206","1.21431","1.74105e-15","3.03508","3.07126","3.06701","7.08181","0","0","0","0","0","0","0","0"
"7.18545","0.500044","0.500118","0.0331206","0.490522","0.541606","1.21123","1.74158e-15","3.0403","3.07325","3.06611","7.08586","0","0","0","0","0","0","0","0"
"7.18883","0.500044","0.500118","0.0331213","0.489985","0.540947","1.20656","1.74068e-15","3.03858","3.07641","3.08176","7.06717","0","0","0","0","0","0","0","0"
"7.19222","0.500044","0.500118","0.0331221","0.490196","0.541018","1.20511","1.73839e-15","3.04255","3.08608","3.08567","7.04839","0","0","0","0","0","0","0","0"
"7.19632","0.500044","0.500118","0.0331228","0.490149","0.541266","1.20461","1.7369e-15","3.04414","3.08449","3.07902","7.02947","0","0","0","0","0","0","0","0"
"7.19952","0.500044","0.499959","0.0331227","0.490559","0.541533","1.20361","1.73767e-15","3.04308","3.08306","3.07174","7.04532","0","0","0","0","0","0","0","0"
"7.2029","0.500044","0.499959","0.0331226","0.490316","0.541437","1.20121","1.74047e-15","3.04079","3.07883","3.07357","7.07417","0","0","0","0","0","0","0","0"
"7.20628","0.500044","0.499959","0.0331225","0.490739","0.541383","1.20575","1.74081e-15","3.03965","3.07513","3.05002","7.06574","0","0","0","0","0","0","0","0"
"7.2098","0.500044","0.499959","0.0331224","0.490729","0.541422","1.2063","1.73968e-15","3.0432","3.08039","3.05487","7.0497","0","0","0","0","0","0","0","0"
"7.21315","0.500044","0.499959","0.0331221","0.490212","0.540777","1.20239","1.73788e-15","3.0494","3.08288","3.06393","7.03012","0","0","0","0","0","0","0","0"
"7.21645","0.500044","0.49974","0.0331215","0.490572","0.540961","1.20637","1.73832e-15","3.0468","3.08022","3.04847","7.04308","0","0","0","0","0","0","0","0"
"7.21982","0.500044","0.49974","0.0331208","0.49073","0.541425","1.20617","1.74084e-15","3.04392","3.07877","3.04519","7.05789","0","0","0","0","0","0","0","0"
"7.2232","0.500044","0.49974","0.0331202","0.491129","0.541728","1.21483","1.74202e-15","3.04252","3.07916","3.04772","7.07375","0","0","0","0","0","0","0","0"
"7.22658","0.500044","0.49974","0.0331195","0.491349","0.541937","1.21804","1.74041e-15","3.04306","3.08559","3.04496","7.06129","0","0","0","0","0","0","0","0"
"7.2301","0.500044","0.49974","0.0331192","0.491811","0.542403","1.22054","1.73863e-15","3.04292","3.08584","3.04003","7.03765","0","0","0","0","0","0","0","0"
"7.23337","0.500044","0.499698","0.0331195","0.492039","0.542492","1.21794","1.73789e-15","3.04264","3.08112","3.04392","7.04849","0","0","0","0","0","0","0","0"
"7.23675","0.500044","0.499698","0.0331199","0.492103","0.542257","1.21539","1.73997e-15","3.03961","3.07859","3.04582","7.06398","0","0","0","0","0","0","0","0"
"7.24013","0.500044","0.499698","0.0331202","0.492144","0.542353","1.2204","1.74189e-15","3.03813","3.07969","3.03481","7.06459","0","0","0","0","0","0","0","0"
"7.24353","0.500044","0.499698","0.0331205","0.491422","0.541481","1.21541","1.7423e-15","3.04006","3.08014","3.05284","7.04772","0","0","0","0","0","0","0","0"
"7.247","0.500044","0.499698","0.0331212","0.491559","0.541512","1.21298","1.74011e-15","3.03904","3.08062","3.05542","7.02051","0","0","0","0","0","0","0","0"
"7.25028","0.500044","0.499703","0.0331223","0.491028","0.541058","1.21148","1.73922e-15","3.04143","3.07758","3.05127","6.99936","0","0","0","0","0","0","0","0"
"7.25367","0.500044","0.499703","0.0331235","0.490116","0.540256","1.21142","1.73852e-15","3.04236","3.07947","3.06037","6.99432","0","0","0","0","0","0","0","0"
"7.2571","0.500044","0.499703","0.0331245","0.489964","0.540067","1.21193","1.73954e-15","3.04227","3.08024","3.04562","7.01272","0","0","0","0","0","0","0","0"
"7.26045","0.500044","0.499703","0.0331257","0.490239","0.540306","1.20726","1.74141e-15","3.04356","3.08214","3.05866","7.02811","0","0","0","0","0","0","0","0"
"7.26395","0.500044","0.499703","0.0331265","0.491049","0.540796","1.20818","1.74128e-15","3.04458","3.087","3.0536","7.01752","0","0","0","0","0","0","0","0"
"7.26878","0.500044","0.499759","0.0331274","0.49101","0.540869","1.20773","1.74422e-15","3.04408","3.10145","3.04738","7.02905","0","0","0","0","0","0","0","0"
"7.27217","0.500044","0.499759","0.033128","0.490765","0.540793","1.20457","1.74472e-15","3.04173","3.09639","3.05195","7.0273","0","0","0","0","0","0","0","0"
"7.27555","0.500044","0.499759","0.0331286","0.491273","0.541671","1.20977","1.74339e-15","3.04628","3.10993","3.03698","7.00784","0","0","0","0","0","0","0","0"
"7.27965","0.500044","0.499759","0.0331289","0.49122","0.541598","1.20673","1.74078e-15","3.03976","3.10276","3.04309","6.98295","0","0","0","0","0","0","0","0"
"7.28285","0.500044","0.499512","0.0331281","0.49093","0.541378","1.20213","1.73851e-15","3.03838","3.09743","3.05875","6.97058","0","0","0","0","0","0","0","0"
"7.28623","0.500044","0.499512","0.0331273","0.49078","0.541028","1.20679","1.73796e-15","3.03869","3.09817","3.04067","6.95599","0","0","0","0","0","0","0","0"
"7.28962","0.500044","0.499512","0.0331264","0.490576","0.540921","1.2153","1.73876e-15","3.03445","3.09304","3.03751","6.9753","0","0","0","0","0","0","0","0"
"7.293","0.500044","0.499512","0.0331256","0.490525","0.540805","1.21633","1.74136e-15","3.03819","3.09187","3.03542","7.00081","0","0","0","0","0","0","0","0"
"7.29648","0.500044","0.499512","0.0331252","0.491387","0.541821","1.22006","1.74105e-15","3.03777","3.09339","3.021","6.98876","0","0","0","0","0","0","0","0"
"7.29977","0.500044","0.499496","0.0331258","0.49138","0.541561","1.21821","1.73908e-15","3.03464","3.09184","3.01802","6.97683","0","0","0","0","0","0","0","0"
"7.30315","0.500044","0.499496","0.0331265","0.491333","0.541597","1.21754","1.73837e-15","3.02819","3.08668","3.01046","6.96298","0","0","0","0","0","0","0","0"
"7.30653","0.500044","0.499496","0.0331272","0.491732","0.542123","1.21791","1.74001e-15","3.0283","3.08451","3.00722","6.97737","0","0","0","0","0","0","0","0"
"7.30992","0.500044","0.499496","0.0331279","0.492099","0.542557","1.21298","1.74269e-15","3.02598","3.08027","3.02177","6.99238","0","0","0","0","0","0","0","0"
"7.31343","0.500044","0.499496","0.0331288","0.491433","0.541832","1.20781","1.74278e-15","3.02704","3.08234","3.04128","6.98907","0","0","0","0","0","0","0","0"
"7.3167","0.500044","0.499469","0.0331306","0.491549","0.541819","1.20366","1.74093e-15","3.0213","3.08088","3.05133","6.96996","0","0","0","0","0","0","0","0"
"7.32008","0.500044","0.499469","0.0331322","0.491166","0.541421","1.20192","1.73912e-15","3.02706","3.08088","3.05625","6.96056","0","0","0","0","0","0","0","0"
"7.32347","0.500044","0.499469","0.033134","0.491215","0.541348","1.20299","1.73821e-15","3.02077","3.07675","3.04345","6.96305","0","0","0","0","0","0","0","0"
"7.32685","0.500044","0.499469","0.0331355","0.491229","0.541541","1.2062","1.73921e-15","3.02175","3.08296","3.03748","6.97725","0","0","0","0","0","0","0","0"
"7.33033","0.500044","0.499469","0.0331378","0.491843","0.542477","1.21453","1.73931e-15","3.0173","3.08318","3.03359","6.98337","0","0","0","0","0","0","0","0"
"7.33362","0.500044","0.499513","0.0331404","0.491829","0.542511","1.21549","1.74162e-15","3.01559","3.07999","3.0229","7.00633","0","0","0","0","0","0","0","0"
"7.337","0.500044","0.499513","0.0331434","0.492265","0.543067","1.21357","1.74247e-15","3.01222","3.08483","3.03049","7.01624","0","0","0","0","0","0","0","0"
"7.3404","0.500044","0.499513","0.033146","0.492185","0.543098","1.21287","1.74309e-15","3.01412","3.08666","3.02446","7.00628","0","0","0","0","0","0","0","0"
"7.34377","0.500044","0.499513","0.0331491","0.492243","0.543654","1.21419","1.74082e-15","3.01483","3.09356","3.02854","6.98674","0","0","0","0","0","0","0","0"
"7.3473","0.500044","0.499513","0.0331514","0.491825","0.543377","1.21425","1.7387e-15","3.01798","3.09324","3.02301","6.97316","0","0","0","0","0","0","0","0"
"7.35212","0.500044","0.499531","0.0331546","0.492613","0.543883","1.21605","1.73953e-15","3.02447","3.09805","3.0188","6.99665","0","0","0","0","0","0","0","0"
"7.3555","0.500044","0.499531","0.0331566","0.492709","0.543835","1.21866","1.74217e-15","3.02118","3.09455","3.02365","7.00554","0","0","0","0","0","0","0","0"
"7.35888","0.500044","0.499531","0.0331589","0.492401","0.543527","1.21607","1.74275e-15","3.01962","3.09358","3.02332","7.0222","0","0","0","0","0","0","0","0"
"7.36298","0.500044","0.499531","0.033161","0.492451","0.543595","1.21721","1.74055e-15","3.01698","3.08991","3.00364","6.99297","0","0","0","0","0","0","0","0"
"7.36617","0.500044","0.499685","0.0331613","0.49194","0.543086","1.21376","1.74075e-15","3.01712","3.08854","3.00962","6.99942","0","0","0","0","0","0","0","0"
"7.36957","0.500044","0.499685","0.0331617","0.492036","0.54347","1.21891","1.74253e-15","3.01632","3.08671","3.00509","7.00343","0","0","0","0","0","0","0","0"
"7.37293","0.500044","0.499685","0.0331621","0.49184","0.54316","1.2175","1.74365e-15","3.01333","3.08329","2.99962","7.02434","0","0","0","0","0","0","0","0"
"7.37633","0.500044","0.499685","0.0331625","0.490782","0.542248","1.21735","1.74314e-15","3.01795","3.08521","2.99283","7.00395","0","0","0","0","0","0","0","0"
"7.37982","0.500044","0.499685","0.0331628","0.490973","0.542243","1.22714","1.74069e-15","3.02073","3.08409","2.99326","6.983","0","0","0","0","0","0","0","0"
"7.3831","0.500044","0.499776","0.0331628","0.49188","0.542942","1.22648","1.73896e-15","3.02263","3.08623","2.98783","6.96995","0","0","0","0","0","0","0","0"
"7.38648","0.500044","0.499776","0.0331628","0.491834","0.543113","1.22495","1.73873e-15","3.01922","3.08176","2.98621","6.96571","0","0","0","0","0","0","0","0"
"7.38987","0.500044","0.499776","0.0331628","0.491604","0.542928","1.22203","1.7391e-15","3.01975","3.08197","2.99022","6.98814","0","0","0","0","0","0","0","0"
"7.39325","0.500044","0.499776","0.0331628","0.491437","0.542431","1.21827","1.74179e-15","3.01919","3.08256","2.99592","7.02309","0","0","0","0","0","0","0","0"
"7.39687","0.500044","0.499776","0.0331625","0.491618","0.542791","1.21669","1.74216e-15","3.01927","3.0798","2.99232","7.02919","0","0","0","0","0","0","0","0"
"7.40015","0.500044","0.499571","0.033162","0.491054","0.542508","1.22011","1.74235e-15","3.01865","3.07818","2.98087","7.03279","0","0","0","0","0","0","0","0"
"7.40353","0.500044","0.499571","0.0331613","0.490595","0.542411","1.22015","1.74012e-15","3.01637","3.07223","2.9796","7.01259","0","0","0","0","0","0","0","0"
"7.40693","0.500044","0.499571","0.0331608","0.490512","0.542481","1.22155","1.73909e-15","3.01145","3.07045","2.97211","6.9864","0","0","0","0","0","0","0","0"
"7.41032","0.500044","0.499571","0.0331601","0.491186","0.5431","1.22145","1.7371e-15","3.01552","3.07224","2.97097","6.98076","0","0","0","0","0","0","0","0"
"7.4138","0.500044","0.499571","0.0331598","0.490969","0.543012","1.22074","1.73568e-15","3.0152","3.07162","2.96653","6.96693","0","0","0","0","0","0","0","0"
"7.41708","0.500044","0.499396","0.0331595","0.490932","0.542762","1.2164","1.73645e-15","3.0163","3.06741","2.97822","7.00323","0","0","0","0","0","0","0","0"
"7.42045","0.500044","0.499396","0.0331593","0.491359","0.543027","1.21788","1.73826e-15","3.01591","3.07231","2.97951","7.01786","0","0","0","0","0","0","0","0"
"7.42387","0.500044","0.499396","0.0331591","0.491319","0.543374","1.22203","1.74005e-15","3.01367","3.06661","2.96908","7.03459","0","0","0","0","0","0","0","0"
"7.42723","0.500044","0.499396","0.0331589","0.491361","0.543202","1.21979","1.74228e-15","3.01116","3.06493","2.97395","7.04538","0","0","0","0","0","0","0","0"
"7.43072","0.500044","0.499396","0.0331591","0.491061","0.542807","1.21946","1.74129e-15","3.01031","3.06304","2.96586","7.0291","0","0","0","0","0","0","0","0"
"7.43557","0.500044","0.499317","0.0331597","0.491871","0.543442","1.21791","1.73854e-15","3.00483","3.06235","2.97323","7.01167","0","0","0","0","0","0","0","0"
"7.43895","0.500044","0.499317","0.0331603","0.49235","0.543815","1.21787","1.73607e-15","3.00349","3.05604","2.97115","7.00322","0","0","0","0","0","0","0","0"
"7.44233","0.500044","0.499317","0.0331607","0.492123","0.543536","1.2156","1.73445e-15","3.00373","3.05713","2.97143","6.99291","0","0","0","0","0","0","0","0"
"7.44628","0.500044","0.499317","0.0331611","0.492808","0.544075","1.21129","1.73296e-15","3.00654","3.05674","2.98499","6.97945","0","0","0","0","0","0","0","0"
"7.44968","0.500044","0.499356","0.0331611","0.492306","0.543542","1.20925","1.73217e-15","3.00695","3.05745","2.98618","6.98924","0","0","0","0","0","0","0","0"
"7.45303","0.500044","0.499356","0.033161","0.493004","0.543782","1.21091","1.7335e-15","3.02184","3.06139","2.9956","7.01483","0","0","0","0","0","0","0","0"
"7.45635","0.500044","0.499356","0.033161","0.492964","0.543916","1.21023","1.73475e-15","3.01778","3.05573","2.98907","7.01112","0","0","0","0","0","0","0","0"
"7.4597","0.500044","0.499356","0.0331609","0.493262","0.544451","1.20899","1.73706e-15","3.01839","3.05948","2.98769","7.01296","0","0","0","0","0","0","0","0"
"7.46317","0.500044","0.499356","0.0331607","0.493045","0.544263","1.21064","1.73702e-15","3.01826","3.05779","2.98543","7.00381","0","0","0","0","0","0","0","0"
"7.4668","0.500044","0.499524","0.03316","0.493322","0.544611","1.21193","1.73628e-15","3.02126","3.06759","2.98322","6.98955","0","0","0","0","0","0","0","0"
"7.47","0.500044","0.499524","0.0331594","0.494148","0.545244","1.22157","1.73447e-15","3.02092","3.06743","3.00621","6.97161","0","0","0","0","0","0","0","0"
"7.4734","0.500044","0.499524","0.0331587","0.494176","0.545184","1.21987","1.73256e-15","3.02159","3.06824","3.01094","6.95645","0","0","0","0","0","0","0","0"
"7.47678","0.500044","0.499524","0.0331581","0.493869","0.544597","1.219","1.73214e-15","3.0203","3.06696","3.00423","6.95506","0","0","0","0","0","0","0","0"
"7.48027","0.500044","0.499524","0.033157","0.493498","0.544406","1.21618","1.73165e-15","3.01789","3.06323","3.00648","6.95093","0","0","0","0","0","0","0","0"
"7.48362","0.500044","0.49974","0.0331555","0.493196","0.543967","1.21374","1.73431e-15","3.01568","3.06433","3.00792","6.96941","0","0","0","0","0","0","0","0"
"7.48693","0.500044","0.49974","0.0331539","0.49363","0.544478","1.21563","1.73419e-15","3.021","3.06924","3.00771","6.95655","0","0","0","0","0","0","0","0"
"7.49033","0.500044","0.49974","0.0331524","0.494482","0.545345","1.21687","1.73232e-15","3.02608","3.07645","3.00322","6.94134","0","0","0","0","0","0","0","0"
"7.4937","0.500044","0.49974","0.0331508","0.494983","0.545696","1.21353","1.7306e-15","3.02185","3.0783","3.00711","6.92664","0","0","0","0","0","0","0","0"
"7.4972","0.500044","0.49974","0.0331498","0.495031","0.545891","1.2185","1.72926e-15","3.0198","3.07763","2.99236","6.91786","0","0","0","0","0","0","0","0"
"7.5006","0.500044","0.499882","0.0331491","0.494593","0.545122","1.2157","1.73009e-15","3.01807","3.07891","3.0002","6.93651","0","0","0","0","0","0","0","0"
"7.5039","0.500044","0.499882","0.0331485","0.495185","0.545403","1.21917","1.73209e-15","3.01392","3.08148","2.99387","6.96537","0","0","0","0","0","0","0","0"
"7.50725","0.500044","0.499882","0.0331478","0.494594","0.544957","1.21553","1.735e-15","3.01719","3.07609","3.00065","6.98063","0","0","0","0","0","0","0","0"
"7.51063","0.500044","0.499882","0.0331472","0.49456","0.544953","1.2134","1.73713e-15","3.0139","3.07174","2.99741","7.0048","0","0","0","0","0","0","0","0"
"7.51412","0.500044","0.499882","0.0331466","0.494044","0.544644","1.21012","1.73681e-15","3.01355","3.06847","3.00119","7.0123","0","0","0","0","0","0","0","0"
"7.5187","0.500044","0.499991","0.0331462","0.493562","0.544198","1.20675","1.73566e-15","3.01212","3.06993","3.00465","6.99684","0","0","0","0","0","0","0","0"
"7.5221","0.500044","0.499991","0.0331459","0.493248","0.543953","1.20536","1.73375e-15","3.01276","3.06967","3.00393","6.97538","0","0","0","0","0","0","0","0"
"7.52548","0.500044","0.499991","0.0331455","0.493048","0.543514","1.20211","1.73303e-15","3.0143","3.07245","3.00905","6.9557","0","0","0","0","0","0","0","0"
"7.52965","0.500044","0.499991","0.0331449","0.493541","0.543887","1.19907","1.73357e-15","3.0086","3.06906","3.01296","6.97335","0","0","0","0","0","0","0","0"
"7.53305","0.500044","0.500122","0.0331442","0.493731","0.544072","1.19813","1.73471e-15","3.00362","3.06662","3.00812","6.98592","0","0","0","0","0","0","0","0"
"7.53642","0.500044","0.500122","0.0331434","0.49376","0.544223","1.1954","1.73587e-15","2.99961","3.06508","3.00775","7.00352","0","0","0","0","0","0","0","0"
"7.5398","0.500044","0.500122","0.0331428","0.493175","0.543597","1.1957","1.73523e-15","2.99897","3.06229","2.99745","6.99369","0","0","0","0","0","0","0","0"
"7.54318","0.500044","0.500122","0.033142","0.493371","0.543643","1.19132","1.73331e-15","2.99963","3.06088","3.0089","6.97098","0","0","0","0","0","0","0","0"
"7.54667","0.500044","0.500122","0.0331413","0.493217","0.543464","1.18827","1.73228e-15","3.00573","3.06949","3.01432","6.94994","0","0","0","0","0","0","0","0"
"7.54995","0.500044","0.499967","0.0331407","0.494128","0.544402","1.18807","1.7323e-15","3.00435","3.06636","3.01874","6.97863","0","0","0","0","0","0","0","0"
"7.55335","0.500044","0.499967","0.0331401","0.494142","0.54428","1.18526","1.7344e-15","3.00454","3.06547","3.02233","7.00481","0","0","0","0","0","0","0","0"
"7.55673","0.500044","0.499967","0.0331395","0.494114","0.544505","1.18831","1.73714e-15","3.00865","3.06782","3.01659","7.04276","0","0","0","0","0","0","0","0"
"7.5602","0.500044","0.499967","0.0331389","0.493718","0.544426","1.18969","1.73666e-15","3.00835","3.07501","3.0183","7.02265","0","0","0","0","0","0","0","0"
"7.56355","0.500044","0.499967","0.0331388","0.493831","0.544573","1.18827","1.7345e-15","3.00502","3.06901","3.01614","6.99869","0","0","0","0","0","0","0","0"
"7.56715","0.500044","0.499986","0.0331393","0.493877","0.544509","1.18623","1.73368e-15","3.0074","3.06737","3.02307","7.00736","0","0","0","0","0","0","0","0"
"7.57057","0.500044","0.499986","0.0331398","0.494331","0.54484","1.18488","1.73516e-15","3.00432","3.07072","3.0204","7.0351","0","0","0","0","0","0","0","0"
"7.57393","0.500044","0.499986","0.0331403","0.494485","0.544773","1.184","1.73744e-15","3.00464","3.06578","3.01069","7.06555","0","0","0","0","0","0","0","0"
"7.57743","0.500044","0.499986","0.0331408","0.49437","0.54519","1.19089","1.73773e-15","3.00943","3.07156","3.00119","7.05831","0","0","0","0","0","0","0","0"
"7.5808","0.500044","0.499986","0.033141","0.494004","0.544723","1.18793","1.73557e-15","3.00901","3.07272","3.00314","7.03485","0","0","0","0","0","0","0","0"
"7.58412","0.500044","0.500181","0.033141","0.493469","0.544275","1.18716","1.73488e-15","3.00898","3.06986","2.99626","7.03902","0","0","0","0","0","0","0","0"
"7.58747","0.500044","0.500181","0.0331411","0.493214","0.544115","1.18413","1.73726e-15","3.01189","3.06862","3.00101","7.06449","0","0","0","0","0","0","0","0"
"7.59085","0.500044","0.500181","0.0331411","0.492771","0.54324","1.18122","1.7387e-15","3.01078","3.07205","3.00772","7.08748","0","0","0","0","0","0","0","0"
"7.59423","0.500044","0.500181","0.0331411","0.492627","0.542996","1.17744","1.73764e-15","3.01448","3.06906","3.01868","7.05646","0","0","0","0","0","0","0","0"
"7.59775","0.500044","0.500181","0.0331402","0.49279","0.543058","1.18196","1.73601e-15","3.01699","3.06911","2.99676","7.05032","0","0","0","0","0","0","0","0"
"7.60225","0.500044","0.500308","0.0331382","0.493582","0.543987","1.18169","1.73817e-15","3.01531","3.07017","2.98647","7.06952","0","0","0","0","0","0","0","0"
"7.60563","0.500044","0.500308","0.0331366","0.494041","0.544398","1.17924","1.74024e-15","3.01196","3.06597","2.98758","7.07446","0","0","0","0","0","0","0","0"
"7.60902","0.500044","0.500308","0.0331352","0.49478","0.545273","1.18596","1.74006e-15","3.01351","3.07489","2.99467","7.05278","0","0","0","0","0","0","0","0"
"7.613","0.500044","0.500308","0.0331338","0.494818","0.545293","1.1857","1.73642e-15","3.01084","3.07474","2.98104","7.03509","0","0","0","0","0","0","0","0"
"7.61627","0.500044","0.500184","0.0331339","0.494348","0.544918","1.18326","1.73617e-15","3.00769","3.07368","2.98417","7.0488","0","0","0","0","0","0","0","0"
"7.61967","0.500044","0.500184","0.0331339","0.49391","0.544386","1.18604","1.73811e-15","3.01081","3.0729","2.97563","7.07108","0","0","0","0","0","0","0","0"
"7.62307","0.500044","0.500184","0.0331339","0.494133","0.544943","1.19076","1.73996e-15","3.00799","3.07491","2.97525","7.07917","0","0","0","0","0","0","0","0"
"7.62645","0.500044","0.500184","0.0331339","0.493506","0.543976","1.18727","1.73738e-15","3.01337","3.07664","2.98352","7.06072","0","0","0","0","0","0","0","0"
"7.62995","0.500044","0.500184","0.0331347","0.494247","0.544456","1.18878","1.73743e-15","3.01533","3.07497","2.98471","7.05366","0","0","0","0","0","0","0","0"
"7.63323","0.500044","0.500207","0.0331372","0.494115","0.544127","1.18508","1.73855e-15","3.01126","3.07412","2.9908","7.05843","0","0","0","0","0","0","0","0"
"7.63662","0.500044","0.500207","0.0331394","0.493749","0.543795","1.18281","1.74015e-15","3.00916","3.07201","2.99214","7.04856","0","0","0","0","0","0","0","0"
"7.63998","0.500044","0.500207","0.0331419","0.493425","0.543387","1.18192","1.73834e-15","3.00794","3.07312","2.99906","7.01873","0","0","0","0","0","0","0","0"
"7.64402","0.500044","0.500207","0.0331441","0.492921","0.543127","1.17919","1.73719e-15","3.01112","3.0789","3.00438","7.02119","0","0","0","0","0","0","0","0"
"7.64745","0.500044","0.500207","0.0331468","0.492734","0.542945","1.17687","1.73692e-15","3.01296","3.08224","3.00546","7.02469","0","0","0","0","0","0","0","0"
"7.65017","0.500044","0.500331","0.0331494","0.492295","0.542605","1.17315","1.73863e-15","3.01122","3.07931","3.01552","7.04937","0","0","0","0","0","0","0","0"
"7.6536","0.500044","0.500331","0.0331524","0.49248","0.542677","1.17298","1.73664e-15","3.01535","3.08234","3.01519","7.03608","0","0","0","0","0","0","0","0"
"7.65698","0.500044","0.500331","0.0331549","0.492658","0.543304","1.17648","1.73601e-15","3.01484","3.07889","3.01561","7.02318","0","0","0","0","0","0","0","0"
"7.66032","0.500044","0.500331","0.0331579","0.492492","0.542952","1.17353","1.73732e-15","3.01193","3.07629","3.02158","7.0487","0","0","0","0","0","0","0","0"
"7.6638","0.500044","0.500331","0.0331592","0.492272","0.542942","1.17335","1.73813e-15","3.00714","3.07792","3.01414","7.05152","0","0","0","0","0","0","0","0"
"7.66708","0.500044","0.50019","0.0331594","0.492464","0.54305","1.1719","1.73763e-15","3.00899","3.07734","3.0093","7.04106","0","0","0","0","0","0","0","0"
"7.67047","0.500044","0.50019","0.0331595","0.493214","0.54377","1.16936","1.73572e-15","3.0103","3.07898","3.01491","7.02843","0","0","0","0","0","0","0","0"
"7.67387","0.500044","0.50019","0.0331597","0.492796","0.543661","1.16807","1.73786e-15","3.01379","3.08302","3.01234","7.05818","0","0","0","0","0","0","0","0"
"7.67723","0.500044","0.50019","0.0331598","0.492789","0.543602","1.17041","1.74003e-15","3.01541","3.08116","3.0098","7.0813","0","0","0","0","0","0","0","0"
"7.68072","0.500044","0.50019","0.0331588","0.492828","0.543811","1.1686","1.73859e-15","3.01172","3.07477","3.0074","7.07043","0","0","0","0","0","0","0","0"
"7.68557","0.500044","0.500043","0.0331562","0.493157","0.543922","1.1694","1.73797e-15","3.00836","3.08043","3.00866","7.074","0","0","0","0","0","0","0","0"
"7.68895","0.500044","0.500043","0.0331542","0.493546","0.544504","1.16981","1.73964e-15","3.01403","3.09065","2.99843","7.08934","0","0","0","0","0","0","0","0"
"7.69233","0.500044","0.500043","0.0331525","0.49328","0.544414","1.16788","1.73905e-15","3.01551","3.09134","2.99919","7.07795","0","0","0","0","0","0","0","0"
"7.69632","0.500044","0.500043","0.0331501","0.493742","0.545003","1.17275","1.73613e-15","3.02246","3.10388","3.00863","7.05701","0","0","0","0","0","0","0","0"
"7.69963","0.500044","0.500116","0.033148","0.493802","0.545463","1.17351","1.73737e-15","3.01794","3.09782","3.00874","7.06871","0","0","0","0","0","0","0","0"
"7.70302","0.500044","0.500116","0.0331456","0.493476","0.545045","1.16982","1.74007e-15","3.01915","3.10081","3.01683","7.09107","0","0","0","0","0","0","0","0"
"7.7064","0.500044","0.500116","0.0331435","0.493681","0.54516","1.1738","1.73953e-15","3.0198","3.10182","3.00136","7.07921","0","0","0","0","0","0","0","0"
"7.70985","0.500044","0.500116","0.033141","0.494336","0.545592","1.17769","1.73773e-15","3.02091","3.10459","2.99755","7.06598","0","0","0","0","0","0","0","0"
"7.71337","0.500044","0.500116","0.0331388","0.493913","0.545243","1.17704","1.73773e-15","3.02341","3.1088","2.99735","7.0695","0","0","0","0","0","0","0","0"
"7.71663","0.500044","0.500274","0.0331359","0.493906","0.544894","1.17455","1.73787e-15","3.0276","3.10341","3.00172","7.07601","0","0","0","0","0","0","0","0"
"7.72002","0.500044","0.500274","0.0331334","0.493794","0.544569","1.17186","1.7373e-15","3.02419","3.10266","3.00547","7.07153","0","0","0","0","0","0","0","0"
"7.7234","0.500044","0.500274","0.0331305","0.493747","0.544346","1.17417","1.73612e-15","3.02134","3.10064","2.99597","7.05615","0","0","0","0","0","0","0","0"
"7.72678","0.500044","0.500274","0.033128","0.493146","0.543946","1.17089","1.73656e-15","3.02499","3.09915","3.00198","7.0858","0","0","0","0","0","0","0","0"
"7.73027","0.500044","0.500274","0.0331262","0.493042","0.543585","1.16959","1.73734e-15","3.02129","3.10188","3.00104","7.07511","0","0","0","0","0","0","0","0"
"7.73357","0.500044","0.500429","0.0331258","0.493035","0.543606","1.18271","1.7361e-15","3.02472","3.09949","3.02308","7.05969","0","0","0","0","0","0","0","0"
"7.73693","0.500044","0.500429","0.0331254","0.492707","0.543736","1.18355","1.73447e-15","3.0213","3.09138","3.02535","7.06147","0","0","0","0","0","0","0","0"
"7.74033","0.500044","0.500429","0.0331251","0.492031","0.543229","1.18097","1.7367e-15","3.02456","3.09273","3.03016","7.07571","0","0","0","0","0","0","0","0"
"7.74373","0.500044","0.500429","0.0331246","0.492115","0.543432","1.17811","1.73753e-15","3.0287","3.09302","3.03303","7.07426","0","0","0","0","0","0","0","0"
"7.74728","0.500044","0.500429","0.0331239","0.491481","0.54282","1.17936","1.73516e-15","3.03336","3.09271","3.03472","7.05791","0","0","0","0","0","0","0","0"
"7.75082","0.500044","0.500365","0.0331226","0.490675","0.542256","1.17767","1.73499e-15","3.03395","3.09134","3.03152","7.04941","0","0","0","0","0","0","0","0"
"7.75387","0.500044","0.500365","0.0331215","0.490759","0.542469","1.18038","1.73631e-15","3.03691","3.08612","3.02444","7.07796","0","0","0","0","0","0","0","0"
"7.75728","0.500044","0.500365","0.0331202","0.490967","0.542691","1.17891","1.73764e-15","3.04226","3.08322","3.02721","7.09648","0","0","0","0","0","0","0","0"
"7.76063","0.500044","0.500365","0.0331191","0.490604","0.542428","1.17519","1.73677e-15","3.04231","3.08519","3.03762","7.0839","0","0","0","0","0","0","0","0"
"7.76415","0.500044","0.500365","0.0331186","0.48976","0.541788","1.17191","1.73493e-15","3.04316","3.08314","3.04533","7.05561","0","0","0","0","0","0","0","0"
"7.76897","0.500044","0.500092","0.0331187","0.489928","0.541677","1.1695","1.73568e-15","3.04485","3.08417","3.04638","7.06712","0","0","0","0","0","0","0","0"
"7.77235","0.500044","0.500092","0.0331188","0.489449","0.541573","1.1687","1.73713e-15","3.04428","3.08507","3.05296","7.09029","0","0","0","0","0","0","0","0"
"7.77573","0.500044","0.500092","0.0331189","0.490157","0.542003","1.174","1.73994e-15","3.04164","3.08298","3.04658","7.09765","0","0","0","0","0","0","0","0"
"7.77965","0.500044","0.500092","0.0331192","0.490199","0.542154","1.17733","1.74047e-15","3.04117","3.08042","3.02587","7.08601","0","0","0","0","0","0","0","0"
"7.78303","0.500044","0.499805","0.03312","0.490302","0.542177","1.17451","1.73885e-15","3.0374","3.07797","3.03001","7.07308","0","0","0","0","0","0","0","0"
"7.78643","0.500044","0.499805","0.0331209","0.490079","0.542434","1.17749","1.73653e-15","3.03851","3.07865","3.02146","7.05734","0","0","0","0","0","0","0","0"
"7.78995","0.500044","0.499805","0.0331216","0.490209","0.542265","1.17798","1.73656e-15","3.03653","3.07489","3.01958","7.05928","0","0","0","0","0","0","0","0"
"7.79318","0.500044","0.499805","0.0331225","0.49075","0.543039","1.18102","1.73754e-15","3.0401","3.08618","3.02137","7.08311","0","0","0","0","0","0","0","0"
"7.79667","0.500044","0.499805","0.0331233","0.491269","0.543499","1.17916","1.73816e-15","3.03327","3.091","3.0218","7.09122","0","0","0","0","0","0","0","0"
"7.79997","0.500044","0.499641","0.0331244","0.491158","0.543604","1.17761","1.73959e-15","3.03248","3.08791","3.01976","7.12679","0","0","0","0","0","0","0","0"
"7.80335","0.500044","0.499641","0.0331253","0.490904","0.543477","1.17682","1.74241e-15","3.03124","3.08721","3.02089","7.1367","0","0","0","0","0","0","0","0"
"7.80687","0.500044","0.499641","0.0331263","0.490059","0.542826","1.17364","1.74212e-15","3.03072","3.08433","3.02389","7.12941","0","0","0","0","0","0","0","0"
"7.81012","0.500044","0.499641","0.0331272","0.489949","0.542736","1.17159","1.7402e-15","3.04508","3.09555","3.02842","7.11041","0","0","0","0","0","0","0","0"
"7.8136","0.500044","0.499641","0.0331286","0.489391","0.542328","1.16917","1.73856e-15","3.04279","3.09409","3.0294","7.09655","0","0","0","0","0","0","0","0"
"7.81688","0.500044","0.499714","0.0331301","0.48911","0.542158","1.1702","1.73948e-15","3.0382","3.09698","3.0206","7.11449","0","0","0","0","0","0","0","0"
"7.82027","0.500044","0.499714","0.0331318","0.488644","0.541836","1.16919","1.74229e-15","3.041","3.09167","3.01523","7.12839","0","0","0","0","0","0","0","0"
"7.82378","0.500044","0.499714","0.0331333","0.488776","0.541878","1.16955","1.74287e-15","3.04617","3.08717","3.00846","7.12182","0","0","0","0","0","0","0","0"
"7.82705","0.500044","0.499714","0.033135","0.487615","0.54094","1.16591","1.74046e-15","3.04851","3.08948","3.0172","7.1007","0","0","0","0","0","0","0","0"
"7.83057","0.500044","0.499714","0.0331361","0.488165","0.54156","1.1726","1.73909e-15","3.04862","3.09332","3.03493","7.0747","0","0","0","0","0","0","0","0"
"7.8345","0.500044","0.499764","0.0331368","0.48879","0.542026","1.17372","1.74021e-15","3.05035","3.0923","3.01981","7.08098","0","0","0","0","0","0","0","0"
"7.83718","0.500044","0.499764","0.0331375","0.488684","0.541879","1.17417","1.74218e-15","3.04813","3.09153","3.01169","7.08098","0","0","0","0","0","0","0","0"
"7.84058","0.500044","0.499764","0.0331382","0.488594","0.54185","1.1714","1.74255e-15","3.0429","3.08356","3.01309","7.08898","0","0","0","0","0","0","0","0"
"7.84397","0.500044","0.499764","0.0331389","0.4888","0.541745","1.16876","1.7413e-15","3.04414","3.08104","3.01934","7.06314","0","0","0","0","0","0","0","0"
"7.84745","0.500044","0.499764","0.0331388","0.488532","0.541577","1.17306","1.73944e-15","3.04357","3.0823","3.00475","7.04897","0","0","0","0","0","0","0","0"
"7.85225","0.500044","0.499479","0.0331378","0.488273","0.54109","1.17476","1.7409e-15","3.03734","3.08055","3.00243","7.10086","0","0","0","0","0","0","0","0"
"7.8556","0.500044","0.499479","0.033137","0.487952","0.540431","1.17067","1.74367e-15","3.03178","3.08089","3.0121","7.12014","0","0","0","0","0","0","0","0"
"7.85895","0.500044","0.499479","0.0331364","0.487628","0.540245","1.16805","1.74351e-15","3.02962","3.08204","3.01605","7.12276","0","0","0","0","0","0","0","0"
"7.863","0.500044","0.499479","0.0331352","0.487573","0.540443","1.16973","1.74109e-15","3.03007","3.09118","3.00163","7.0998","0","0","0","0","0","0","0","0"
"7.86623","0.500044","0.499364","0.0331337","0.48744","0.540591","1.16693","1.7388e-15","3.0263","3.08997","3.00923","7.09541","0","0","0","0","0","0","0","0"
"7.86963","0.500044","0.499364","0.0331319","0.488177","0.541115","1.17457","1.73935e-15","3.03598","3.09484","3.03101","7.10472","0","0","0","0","0","0","0","0"
"7.87297","0.500044","0.499364","0.0331304","0.488276","0.540867","1.17546","1.74074e-15","3.03403","3.09408","3.02322","7.12681","0","0","0","0","0","0","0","0"
"7.8763","0.500044","0.499364","0.0331289","0.48824","0.540772","1.17715","1.74256e-15","3.04243","3.10092","3.01422","7.122","0","0","0","0","0","0","0","0"
"7.87983","0.500044","0.499364","0.0331271","0.488389","0.540941","1.17903","1.74059e-15","3.03907","3.09917","3.00569","7.10312","0","0","0","0","0","0","0","0"
"7.88312","0.500044","0.499199","0.0331256","0.488551","0.540976","1.17962","1.73967e-15","3.0358","3.09761","2.99458","7.09122","0","0","0","0","0","0","0","0"
"7.88647","0.500044","0.499199","0.0331237","0.487719","0.540096","1.1775","1.74018e-15","3.03731","3.10197","2.99391","7.12659","0","0","0","0","0","0","0","0"
"7.88993","0.500044","0.499199","0.0331219","0.488303","0.540848","1.17812","1.74194e-15","3.03265","3.09453","2.97986","7.14317","0","0","0","0","0","0","0","0"
"7.89332","0.500044","0.499199","0.0331204","0.488625","0.541112","1.17772","1.74045e-15","3.03092","3.09208","2.9773","7.12765","0","0","0","0","0","0","0","0"
"7.89682","0.500044","0.499199","0.0331191","0.488937","0.541655","1.18261","1.73825e-15","3.02925","3.08933","2.96747","7.10521","0","0","0","0","0","0","0","0"
"7.90008","0.500044","0.499116","0.0331188","0.488355","0.541043","1.18285","1.73881e-15","3.02895","3.08765","2.96434","7.10916","0","0","0","0","0","0","0","0"
"7.90348","0.500044","0.499116","0.0331183","0.488359","0.541167","1.18399","1.74005e-15","3.02513","3.08619","2.95084","7.11354","0","0","0","0","0","0","0","0"
"7.90685","0.500044","0.499116","0.0331179","0.488081","0.540765","1.18303","1.73861e-15","3.02288","3.0886","2.94714","7.09528","0","0","0","0","0","0","0","0"
"7.91025","0.500044","0.499116","0.0331175","0.488584","0.541428","1.18122","1.73801e-15","3.01879","3.08368","2.9491","7.10193","0","0","0","0","0","0","0","0"
"7.91373","0.500044","0.499116","0.0331175","0.488512","0.540922","1.17835","1.7371e-15","3.02077","3.08307","2.95242","7.09136","0","0","0","0","0","0","0","0"
"7.91702","0.500044","0.499123","0.0331179","0.488147","0.540647","1.18026","1.73761e-15","3.02097","3.07879","2.94116","7.08096","0","0","0","0","0","0","0","0"
"7.9204","0.500044","0.499123","0.0331183","0.487912","0.540346","1.18461","1.73526e-15","3.01834","3.07878","2.93982","7.06505","0","0","0","0","0","0","0","0"
"7.92378","0.500044","0.499123","0.0331188","0.488149","0.540582","1.18402","1.73479e-15","3.02388","3.08436","2.9306","7.06586","0","0","0","0","0","0","0","0"
"7.92717","0.500044","0.499123","0.0331192","0.487723","0.539998","1.1817","1.73611e-15","3.02327","3.08193","2.93339","7.07969","0","0","0","0","0","0","0","0"
"7.93062","0.500044","0.499123","0.0331195","0.487891","0.540187","1.18264","1.73662e-15","3.0226","3.08626","2.92526","7.07054","0","0","0","0","0","0","0","0"
"7.93583","0.500044","0.499104","0.03312","0.487364","0.539873","1.18046","1.7326e-15","3.02","3.08189","2.92577","7.05559","0","0","0","0","0","0","0","0"
"7.93922","0.500044","0.499104","0.0331202","0.487819","0.540078","1.18075","1.73254e-15","3.0133","3.08362","2.92095","7.06608","0","0","0","0","0","0","0","0"
"7.9426","0.500044","0.499104","0.0331205","0.488565","0.540764","1.18933","1.73525e-15","3.0082","3.08053","2.94711","7.0998","0","0","0","0","0","0","0","0"
"7.9463","0.500044","0.499104","0.0331209","0.488182","0.540225","1.18848","1.73684e-15","3.0084","3.08006","2.94868","7.09856","0","0","0","0","0","0","0","0"
"7.94963","0.500044","0.498952","0.0331214","0.488152","0.540105","1.18709","1.73607e-15","3.00833","3.07673","2.94548","7.09415","0","0","0","0","0","0","0","0"
"7.95302","0.500044","0.498952","0.033122","0.488762","0.54059","1.18681","1.73445e-15","3.00115","3.06895","2.94124","7.0726","0","0","0","0","0","0","0","0"
"7.95862","0.500044","0.498952","0.0331225","0.488484","0.540445","1.1836","1.73304e-15","2.99609","3.0672","2.94793","7.05398","0","0","0","0","0","0","0","0"
"7.96022","0.500044","0.498952","0.033123","0.488305","0.54037","1.18481","1.73343e-15","2.99817","3.06687","2.93203","7.07216","0","0","0","0","0","0","0","0"
"7.96327","0.500044","0.498952","0.0331236","0.488525","0.540412","1.18755","1.73481e-15","2.99722","3.05944","2.91973","7.08053","0","0","0","0","0","0","0","0"
"7.96655","0.500044","0.498849","0.0331244","0.487738","0.539813","1.18351","1.736e-15","2.99997","3.06073","2.93015","7.10072","0","0","0","0","0","0","0","0"
"7.96995","0.500044","0.498849","0.0331251","0.487674","0.539697","1.18187","1.7365e-15","3.00154","3.06145","2.92936","7.09312","0","0","0","0","0","0","0","0"
"7.97342","0.500044","0.498849","0.0331259","0.487373","0.539425","1.17768","1.73546e-15","2.99903","3.0589","2.93973","7.07","0","0","0","0","0","0","0","0"
"7.97685","0.500044","0.498849","0.0331266","0.487622","0.539693","1.17596","1.73436e-15","3.00399","3.05911","2.95024","7.06798","0","0","0","0","0","0","0","0"
"7.98035","0.500044","0.498849","0.0331281","0.488158","0.540632","1.17928","1.73272e-15","3.01415","3.0654","2.96053","7.06335","0","0","0","0","0","0","0","0"
"7.98358","0.500044","0.498846","0.0331301","0.488777","0.541209","1.18154","1.73432e-15","3.01213","3.06224","2.95268","7.08032","0","0","0","0","0","0","0","0"
"7.9871","0.500044","0.498846","0.0331324","0.489218","0.541654","1.18282","1.73642e-15","3.00599","3.05605","2.95406","7.09778","0","0","0","0","0","0","0","0"
"7.99035","0.500044","0.498846","0.0331344","0.489473","0.541717","1.18087","1.736e-15","3.0063","3.05377","2.95652","7.09485","0","0","0","0","0","0","0","0"
"7.99377","0.500044","0.498846","0.0331368","0.489441","0.541626","1.17938","1.73355e-15","3.00869","3.05213","2.95247","7.07581","0","0","0","0","0","0","0","0"
"7.99725","0.500044","0.498846","0.0331383","0.488628","0.540797","1.17496","1.73144e-15","3.01301","3.05301","2.9671","7.05995","0","0","0","0","0","0","0","0"
"8.00052","0.500044","0.498745","0.0331394","0.488722","0.540944","1.17387","1.73143e-15","3.01702","3.05492","2.96702","7.04431","0","0","0","0","0","0","0","0"
"8.0039","0.500044","0.498745","0.0331404","0.487908","0.540223","1.16964","1.73264e-15","3.02265","3.05978","2.98238","7.05532","0","0","0","0","0","0","0","0"
"8.00728","0.500044","0.498745","0.0331415","0.489229","0.541586","1.17079","1.73523e-15","3.05272","3.07819","2.97982","7.09247","0","0","0","0","0","0","0","0"
"8.01067","0.500044","0.498745","0.0331425","0.488566","0.540821","1.17032","1.73716e-15","3.05382","3.08078","2.98336","7.09955","0","0","0","0","0","0","0","0"
"8.01422","0.500044","0.498745","0.0331429","0.489069","0.54112","1.17298","1.73606e-15","3.04766","3.07482","2.96773","7.07139","0","0","0","0","0","0","0","0"
"8.019","0.500044","0.498926","0.0331427","0.489481","0.541698","1.17537","1.73391e-15","3.03847","3.07049","2.95394","7.05051","0","0","0","0","0","0","0","0"
"8.0224","0.500044","0.498926","0.0331426","0.489329","0.541073","1.18175","1.73286e-15","3.03637","3.06909","2.93934","7.02818","0","0","0","0","0","0","0","0"
"8.02577","0.500044","0.498926","0.0331424","0.489157","0.5407","1.18255","1.73392e-15","3.0372","3.06733","2.92994","7.04175","0","0","0","0","0","0","0","0"
"8.02965","0.500044","0.498926","0.0331419","0.489565","0.54157","1.18906","1.73488e-15","3.03185","3.05702","2.97304","7.0458","0","0","0","0","0","0","0","0"
"8.0328","0.500044","0.498933","0.0331408","0.48891","0.540584","1.19119","1.73574e-15","3.03308","3.0604","2.96025","7.05182","0","0","0","0","0","0","0","0"
"8.03618","0.500044","0.498933","0.0331397","0.488666","0.540473","1.19156","1.73696e-15","3.03209","3.06298","2.9579","7.04759","0","0","0","0","0","0","0","0"
"8.0396","0.500044","0.498933","0.0331384","0.48813","0.539791","1.19455","1.73683e-15","3.03506","3.06337","2.94634","7.02781","0","0","0","0","0","0","0","0"
"8.04297","0.500044","0.498933","0.0331373","0.48822","0.540015","1.19679","1.73532e-15","3.03296","3.05973","2.92911","7.01047","0","0","0","0","0","0","0","0"
"8.04645","0.500044","0.498933","0.0331363","0.487585","0.539386","1.19345","1.73414e-15","3.0324","3.05902","2.93509","6.99014","0","0","0","0","0","0","0","0"
"8.04973","0.500044","0.49887","0.0331362","0.487424","0.539427","1.19165","1.73473e-15","3.03781","3.06447","2.93745","7.01467","0","0","0","0","0","0","0","0"
"8.05312","0.500044","0.49887","0.033136","0.487724","0.539504","1.19237","1.73738e-15","3.03019","3.05976","2.92986","7.05175","0","0","0","0","0","0","0","0"
"8.0565","0.500044","0.49887","0.0331358","0.487039","0.538653","1.18986","1.73938e-15","3.03003","3.06071","2.93227","7.07971","0","0","0","0","0","0","0","0"
"8.05988","0.500044","0.49887","0.0331356","0.486413","0.53837","1.18732","1.73866e-15","3.0344","3.05918","2.93581","7.06427","0","0","0","0","0","0","0","0"
"8.0634","0.500044","0.49887","0.0331353","0.486112","0.538346","1.18513","1.73626e-15","3.0333","3.06013","2.94028","7.04539","0","0","0","0","0","0","0","0"
"8.06667","0.500044","0.498559","0.0331346","0.485818","0.537833","1.18132","1.73507e-15","3.0344","3.0618","2.94866","7.05013","0","0","0","0","0","0","0","0"
"8.07005","0.500044","0.498559","0.033134","0.48629","0.538341","1.18379","1.73615e-15","3.03936","3.06363","2.96777","7.06972","0","0","0","0","0","0","0","0"
"8.07343","0.500044","0.498559","0.0331333","0.487145","0.539499","1.18917","1.73817e-15","3.03823","3.07394","2.95747","7.09241","0","0","0","0","0","0","0","0"
"8.07682","0.500044","0.498559","0.0331327","0.487637","0.540025","1.19114","1.73969e-15","3.03204","3.06331","2.95073","7.10184","0","0","0","0","0","0","0","0"
"8.0803","0.500044","0.498559","0.0331323","0.488199","0.540527","1.19323","1.73781e-15","3.04782","3.07301","2.95359","7.08221","0","0","0","0","0","0","0","0"
"8.08358","0.500044","0.498175","0.0331324","0.488355","0.540538","1.18993","1.73685e-15","3.04639","3.06978","2.96249","7.08922","0","0","0","0","0","0","0","0"
"8.08697","0.500044","0.498175","0.0331326","0.488477","0.540704","1.18898","1.73855e-15","3.04511","3.07312","2.95575","7.10444","0","0","0","0","0","0","0","0"
"8.09035","0.500044","0.498175","0.0331327","0.488405","0.540791","1.1917","1.74062e-15","3.0491","3.07418","2.95619","7.1282","0","0","0","0","0","0","0","0"
"8.09375","0.500044","0.498175","0.0331329","0.488869","0.541062","1.19206","1.73997e-15","3.05565","3.07365","2.95356","7.11017","0","0","0","0","0","0","0","0"
"8.09725","0.500044","0.498175","0.0331337","0.489528","0.541264","1.19626","1.73789e-15","3.05","3.07017","2.93544","7.09194","0","0","0","0","0","0","0","0"
"8.10233","0.500044","0.498118","0.0331363","0.488641","0.540161","1.19112","1.73851e-15","3.05443","3.07191","2.94397","7.10487","0","0","0","0","0","0","0","0"
"8.10572","0.500044","0.498118","0.0331381","0.488247","0.539893","1.19015","1.74114e-15","3.05258","3.07102","2.93876","7.12077","0","0","0","0","0","0","0","0"
"8.1091","0.500044","0.498118","0.0331396","0.488087","0.539767","1.18734","1.74148e-15","3.05001","3.06835","2.94234","7.1251","0","0","0","0","0","0","0","0"
"8.11298","0.500044","0.498118","0.0331411","0.488608","0.5402","1.19114","1.73924e-15","3.05171","3.06725","2.9319","7.09558","0","0","0","0","0","0","0","0"
"8.11613","0.500044","0.498405","0.033141","0.488257","0.539863","1.18812","1.73933e-15","3.04985","3.0668","2.9378","7.11747","0","0","0","0","0","0","0","0"
"8.11952","0.500044","0.498405","0.0331408","0.487988","0.539574","1.18574","1.74208e-15","3.05115","3.06734","2.93851","7.15547","0","0","0","0","0","0","0","0"
"8.12292","0.500044","0.498405","0.0331407","0.487802","0.539362","1.1838","1.74349e-15","3.05208","3.06472","2.94027","7.16391","0","0","0","0","0","0","0","0"
"8.12628","0.500044","0.498405","0.0331405","0.487115","0.538722","1.18026","1.74167e-15","3.05452","3.06978","2.94944","7.15293","0","0","0","0","0","0","0","0"
"8.12978","0.500044","0.498405","0.0331399","0.486638","0.53849","1.17928","1.74007e-15","3.05236","3.06466","2.94642","7.13903","0","0","0","0","0","0","0","0"
"8.13305","0.500044","0.498327","0.0331384","0.487255","0.539267","1.18186","1.74082e-15","3.04862","3.06024","2.93446","7.15755","0","0","0","0","0","0","0","0"
"8.13647","0.500044","0.498327","0.0331367","0.488104","0.540343","1.18096","1.74283e-15","3.05053","3.06131","2.93697","7.16773","0","0","0","0","0","0","0","0"
"8.13983","0.500044","0.498327","0.0331352","0.487891","0.540205","1.18159","1.7412e-15","3.04727","3.05859","2.93431","7.1517","0","0","0","0","0","0","0","0"
"8.14322","0.500044","0.498327","0.0331334","0.487925","0.540453","1.18089","1.73948e-15","3.042","3.05715","2.9316","7.1393","0","0","0","0","0","0","0","0"
"8.14672","0.500044","0.498327","0.0331323","0.487827","0.540573","1.18352","1.73992e-15","3.03885","3.05436","2.92061","7.14664","0","0","0","0","0","0","0","0"
"8.15","0.500044","0.498106","0.0331316","0.488137","0.541148","1.18695","1.74042e-15","3.03168","3.05447","2.91418","7.16637","0","0","0","0","0","0","0","0"
"8.15337","0.500044","0.498106","0.0331311","0.488211","0.541427","1.1836","1.73918e-15","3.02843","3.05014","2.92106","7.14489","0","0","0","0","0","0","0","0"
"8.15675","0.500044","0.498106","0.0331304","0.488786","0.541866","1.18419","1.73849e-15","3.02174","3.05001","2.91143","7.14942","0","0","0","0","0","0","0","0"
"8.16015","0.500044","0.498106","0.0331298","0.488925","0.541806","1.18845","1.74055e-15","3.01821","3.05003","2.92641","7.17072","0","0","0","0","0","0","0","0"
"8.16363","0.500044","0.498106","0.0331298","0.488559","0.541387","1.18942","1.74125e-15","3.01806","3.05023","2.92077","7.17322","0","0","0","0","0","0","0","0"
"8.16692","0.500044","0.498117","0.0331304","0.488639","0.541418","1.18783","1.7395e-15","3.02214","3.05041","2.9237","7.15956","0","0","0","0","0","0","0","0"
"8.1703","0.500044","0.498117","0.0331311","0.488102","0.540812","1.18428","1.73859e-15","3.02008","3.0504","2.93273","7.16175","0","0","0","0","0","0","0","0"
"8.17368","0.500044","0.498117","0.0331318","0.487843","0.540568","1.1854","1.74036e-15","3.021","3.04912","2.9266","7.19942","0","0","0","0","0","0","0","0"
"8.1771","0.500044","0.498117","0.0331325","0.488165","0.540518","1.18194","1.74195e-15","3.0201","3.04816","2.93414","7.20879","0","0","0","0","0","0","0","0"
"8.18058","0.500044","0.498117","0.0331329","0.488143","0.540507","1.18257","1.74045e-15","3.02214","3.04305","2.92527","7.20028","0","0","0","0","0","0","0","0"
"8.18567","0.500044","0.498318","0.0331334","0.488137","0.54077","1.18054","1.73854e-15","3.0213","3.04831","2.93413","7.17297","0","0","0","0","0","0","0","0"
"8.18915","0.500044","0.498318","0.0331337","0.488119","0.541209","1.18649","1.74002e-15","3.02624","3.05331","2.97697","7.20623","0","0","0","0","0","0","0","0"
"8.1925","0.500044","0.498318","0.033134","0.488148","0.541224","1.18656","1.74156e-15","3.02211","3.0539","2.98013","7.20357","0","0","0","0","0","0","0","0"
"8.19907","0.500044","0.498318","0.0331342","0.488261","0.54123","1.18213","1.74176e-15","3.01372","3.0516","2.98961","7.18161","0","0","0","0","0","0","0","0"
"8.19947","0.500044","0.498271","0.0331342","0.487818","0.540594","1.17779","1.73913e-15","3.01075","3.05025","3.00335","7.17376","0","0","0","0","0","0","0","0"
"8.20285","0.500044","0.498271","0.0331343","0.487669","0.540071","1.17834","1.73814e-15","3.00795","3.05095","2.99244","7.1688","0","0","0","0","0","0","0","0"
"8.20623","0.500044","0.498271","0.0331343","0.487681","0.539865","1.18079","1.7393e-15","3.00758","3.04916","2.97864","7.19282","0","0","0","0","0","0","0","0"
"8.20957","0.500044","0.498271","0.0331343","0.48831","0.540559","1.18473","1.74108e-15","3.00855","3.04312","2.9852","7.20459","0","0","0","0","0","0","0","0"
"8.2131","0.500044","0.498271","0.0331341","0.488643","0.540768","1.19221","1.74131e-15","3.0136","3.04389","2.99029","7.17998","0","0","0","0","0","0","0","0"
"8.21638","0.500044","0.498223","0.0331337","0.489488","0.541606","1.19259","1.73927e-15","3.01208","3.04367","2.98966","7.15699","0","0","0","0","0","0","0","0"
"8.21977","0.500044","0.498223","0.0331331","0.48965","0.541538","1.19035","1.73816e-15","3.01188","3.03953","2.99022","7.15326","0","0","0","0","0","0","0","0"
"8.22315","0.500044","0.498223","0.0331326","0.489838","0.54202","1.18864","1.74003e-15","3.01449","3.03803","2.99","7.1991","0","0","0","0","0","0","0","0"
"8.22653","0.500044","0.498223","0.0331321","0.490138","0.542259","1.18594","1.74264e-15","3.01663","3.0357","2.99441","7.22732","0","0","0","0","0","0","0","0"
"8.23005","0.500044","0.498223","0.0331317","0.490391","0.542261","1.18827","1.74378e-15","3.0159","3.03598","2.99191","7.22011","0","0","0","0","0","0","0","0"
"8.23332","0.500044","0.498158","0.0331317","0.490208","0.542496","1.19074","1.74141e-15","3.01647","3.03357","2.97525","7.20565","0","0","0","0","0","0","0","0"
"8.2367","0.500044","0.498158","0.0331317","0.490016","0.54257","1.1926","1.74022e-15","3.01943","3.03913","2.97555","7.19763","0","0","0","0","0","0","0","0"
"8.24008","0.500044","0.498158","0.0331316","0.491093","0.543633","1.20131","1.74151e-15","3.01325","3.03689","2.9601","7.2156","0","0","0","0","0","0","0","0"
"8.24345","0.500044","0.498158","0.0331316","0.491022","0.543491","1.20398","1.74312e-15","3.01025","3.03758","2.94599","7.22585","0","0","0","0","0","0","0","0"
"8.2469","0.500044","0.498158","0.0331318","0.492175","0.544543","1.20567","1.74256e-15","3.01995","3.03657","2.94403","7.21124","0","0","0","0","0","0","0","0"
"8.25023","0.500044","0.498357","0.0331322","0.491782","0.544081","1.20234","1.74131e-15","3.01988","3.03769","2.95207","7.19097","0","0","0","0","0","0","0","0"
"8.25365","0.500044","0.498357","0.0331327","0.492322","0.544219","1.20066","1.74166e-15","3.01911","3.04054","2.94841","7.20716","0","0","0","0","0","0","0","0"
"8.25702","0.500044","0.498357","0.0331331","0.492241","0.544186","1.20346","1.74412e-15","3.02007","3.0483","2.94283","7.2215","0","0","0","0","0","0","0","0"
"8.2604","0.500044","0.498357","0.0331336","0.492013","0.543993","1.19985","1.74349e-15","3.01338","3.04616","2.94788","7.21516","0","0","0","0","0","0","0","0"
"8.26392","0.500044","0.498357","0.0331342","0.491912","0.543926","1.20366","1.74185e-15","3.00915","3.04584","2.94424","7.19314","0","0","0","0","0","0","0","0"
"8.269","0.500044","0.498597","0.0331353","0.49045","0.542545","1.19957","1.74363e-15","3.0199","3.05361","2.94901","7.21094","0","0","0","0","0","0","0","0"
"8.27238","0.500044","0.498597","0.0331361","0.489467","0.541486","1.19597","1.74532e-15","3.02242","3.05492","2.95697","7.21079","0","0","0","0","0","0","0","0"
"8.27577","0.500044","0.498597","0.0331368","0.490223","0.542636","1.20638","1.74304e-15","3.01965","3.06333","2.95061","7.2057","0","0","0","0","0","0","0","0"
"8.27963","0.500044","0.498597","0.0331378","0.489896","0.54241","1.20646","1.74224e-15","3.01616","3.06352","2.9512","7.19462","0","0","0","0","0","0","0","0"
"8.28297","0.500044","0.498784","0.033139","0.489959","0.542299","1.20378","1.74327e-15","3.01319","3.06003","2.95386","7.2127","0","0","0","0","0","0","0","0"
"8.28635","0.500044","0.498784","0.0331403","0.490164","0.542664","1.20623","1.74518e-15","3.00432","3.05078","2.94041","7.21322","0","0","0","0","0","0","0","0"
"8.2897","0.500044","0.498784","0.0331414","0.490668","0.5433","1.2063","1.74367e-15","3.0029","3.05071","2.93473","7.19508","0","0","0","0","0","0","0","0"
"8.29307","0.500044","0.498784","0.0331427","0.491075","0.543493","1.20432","1.74389e-15","2.99794","3.04491","2.93526","7.2071","0","0","0","0","0","0","0","0"
"8.29652","0.500044","0.498784","0.0331438","0.491138","0.543738","1.21114","1.7451e-15","2.99838","3.04521","2.9451","7.19749","0","0","0","0","0","0","0","0"
"8.29987","0.500044","0.498487","0.0331451","0.491431","0.544345","1.20797","1.74607e-15","3.00094","3.03857","2.94763","7.20836","0","0","0","0","0","0","0","0"
"8.30325","0.500044","0.498487","0.0331461","0.491118","0.543982","1.20527","1.74535e-15","2.99985","3.03559","2.95249","7.18746","0","0","0","0","0","0","0","0"
"8.30662","0.500044","0.498487","0.0331474","0.490816","0.543412","1.20158","1.74381e-15","3.0007","3.03532","2.95949","7.17315","0","0","0","0","0","0","0","0"
"8.31","0.500044","0.498487","0.0331484","0.491862","0.544026","1.21022","1.7442e-15","2.993","3.03402","2.97621","7.17428","0","0","0","0","0","0","0","0"
"8.3135","0.500044","0.498487","0.0331501","0.49286","0.54498","1.21238","1.74522e-15","2.99028","3.03687","2.96263","7.18021","0","0","0","0","0","0","0","0"
"8.31678","0.500044","0.498431","0.0331521","0.493015","0.545258","1.21241","1.74573e-15","2.98779","3.03079","2.95275","7.17613","0","0","0","0","0","0","0","0"
"8.32017","0.500044","0.498431","0.0331544","0.493404","0.545406","1.21219","1.74364e-15","2.98268","3.02712","2.94202","7.16291","0","0","0","0","0","0","0","0"
"8.32355","0.500044","0.498431","0.0331564","0.493941","0.545649","1.21602","1.74391e-15","2.99421","3.03353","2.95248","7.17816","0","0","0","0","0","0","0","0"
"8.32693","0.500044","0.498431","0.0331586","0.493822","0.545467","1.21659","1.74662e-15","2.99194","3.02898","2.95889","7.18912","0","0","0","0","0","0","0","0"
"8.33042","0.500044","0.498431","0.033161","0.494394","0.54573","1.21503","1.74608e-15","2.99242","3.0248","2.95974","7.17045","0","0","0","0","0","0","0","0"
"8.3337","0.500044","0.498683","0.0331643","0.49398","0.545089","1.21629","1.7449e-15","2.9905","3.03027","2.94668","7.1502","0","0","0","0","0","0","0","0"
"8.3371","0.500044","0.498683","0.0331672","0.494474","0.545575","1.2185","1.7459e-15","2.99746","3.0316","2.95299","7.17037","0","0","0","0","0","0","0","0"
"8.34048","0.500044","0.498683","0.0331705","0.494778","0.5458","1.22448","1.74736e-15","2.9955","3.02968","2.95688","7.1879","0","0","0","0","0","0","0","0"
"8.34388","0.500044","0.498683","0.0331733","0.495944","0.547034","1.22948","1.74685e-15","3.00883","3.0383","2.95172","7.17087","0","0","0","0","0","0","0","0"
"8.34735","0.500044","0.498683","0.0331759","0.495452","0.546481","1.22624","1.74423e-15","3.01053","3.03699","2.9552","7.15327","0","0","0","0","0","0","0","0"
"8.35245","0.500044","0.499005","0.033179","0.495224","0.545963","1.22248","1.74651e-15","3.0105","3.03757","2.95734","7.17303","0","0","0","0","0","0","0","0"
"8.35583","0.500044","0.499005","0.0331809","0.495461","0.546305","1.21949","1.74789e-15","3.01448","3.03976","2.96175","7.18246","0","0","0","0","0","0","0","0"
"8.35923","0.500044","0.499005","0.0331831","0.495498","0.54658","1.2183","1.7461e-15","3.01075","3.04318","2.96212","7.17347","0","0","0","0","0","0","0","0"
"8.36297","0.500044","0.499005","0.0331844","0.495877","0.54689","1.21672","1.74491e-15","3.00578","3.04725","2.9614","7.15994","0","0","0","0","0","0","0","0"
"8.36632","0.500044","0.499212","0.033184","0.49534","0.546446","1.21828","1.74541e-15","3.00661","3.04512","2.95007","7.17501","0","0","0","0","0","0","0","0"
"8.3697","0.500044","0.499212","0.0331834","0.495669","0.546985","1.21577","1.74699e-15","3.00165","3.03509","2.95524","7.19261","0","0","0","0","0","0","0","0"
"8.3731","0.500044","0.499212","0.0331829","0.495563","0.546805","1.21487","1.74668e-15","2.99642","3.03425","2.94955","7.18863","0","0","0","0","0","0","0","0"
"8.37647","0.500044","0.499212","0.0331824","0.495852","0.547436","1.21746","1.74484e-15","2.99273","3.03111","2.93563","7.17171","0","0","0","0","0","0","0","0"
"8.37995","0.500044","0.499212","0.0331814","0.495359","0.546914","1.21796","1.74414e-15","2.99135","3.03248","2.92978","7.17478","0","0","0","0","0","0","0","0"
"8.38323","0.500044","0.499367","0.0331793","0.495601","0.546616","1.21846","1.74522e-15","2.99286","3.02967","2.91709","7.17358","0","0","0","0","0","0","0","0"
"8.38663","0.500044","0.499367","0.0331774","0.495293","0.546331","1.21663","1.74579e-15","2.99199","3.02747","2.91499","7.15763","0","0","0","0","0","0","0","0"
"8.39002","0.500044","0.499367","0.0331753","0.495687","0.546631","1.21719","1.74513e-15","2.99744","3.02848","2.91292","7.1258","0","0","0","0","0","0","0","0"
"8.3934","0.500044","0.499367","0.0331734","0.496139","0.546971","1.21942","1.74336e-15","2.99729","3.02859","2.91141","7.11018","0","0","0","0","0","0","0","0"
"8.39688","0.500044","0.499367","0.0331715","0.495947","0.54675","1.21945","1.74351e-15","2.9957","3.02548","2.90367","7.10857","0","0","0","0","0","0","0","0"
"8.40018","0.500044","0.499541","0.03317","0.495869","0.546609","1.22446","1.74561e-15","2.9948","3.02846","2.89765","7.12871","0","0","0","0","0","0","0","0"
"8.40355","0.500044","0.499541","0.0331684","0.495688","0.546443","1.22407","1.74507e-15","3.00471","3.03866","2.89465","7.12154","0","0","0","0","0","0","0","0"
"8.40693","0.500044","0.499541","0.0331669","0.495789","0.546563","1.22576","1.74303e-15","3.00632","3.04131","2.89139","7.11418","0","0","0","0","0","0","0","0"
"8.41032","0.500044","0.499541","0.0331653","0.494996","0.545646","1.22268","1.74339e-15","3.00786","3.0424","2.89615","7.12553","0","0","0","0","0","0","0","0"
"8.4138","0.500044","0.499541","0.033164","0.495276","0.546223","1.22638","1.74385e-15","3.00982","3.04896","2.92097","7.12772","0","0","0","0","0","0","0","0"
"8.4171","0.500044","0.499573","0.0331628","0.494785","0.545688","1.22268","1.74299e-15","3.01117","3.04902","2.92759","7.11299","0","0","0","0","0","0","0","0"
"8.42048","0.500044","0.499573","0.0331618","0.494456","0.54549","1.22037","1.74186e-15","3.00943","3.04778","2.92896","7.11655","0","0","0","0","0","0","0","0"
"8.42387","0.500044","0.499573","0.0331606","0.494547","0.545549","1.22217","1.74369e-15","3.01178","3.04796","2.92992","7.15313","0","0","0","0","0","0","0","0"
"8.42725","0.500044","0.499573","0.0331596","0.494516","0.545181","1.22041","1.74507e-15","3.01241","3.04573","2.93332","7.1505","0","0","0","0","0","0","0","0"
"8.43073","0.500044","0.499573","0.0331593","0.493488","0.544441","1.22073","1.74327e-15","3.01657","3.04747","2.9233","7.13617","0","0","0","0","0","0","0","0"
"8.43585","0.500044","0.499515","0.0331598","0.492491","0.543349","1.21867","1.74471e-15","3.01761","3.05133","2.91798","7.16929","0","0","0","0","0","0","0","0"
"8.43923","0.500044","0.499515","0.0331601","0.493231","0.543815","1.21728","1.7464e-15","3.02306","3.0506","2.9143","7.1785","0","0","0","0","0","0","0","0"
"8.44268","0.500044","0.499515","0.0331604","0.493807","0.544372","1.2187","1.74617e-15","3.02463","3.05311","2.91582","7.19089","0","0","0","0","0","0","0","0"
"8.44628","0.500044","0.499515","0.0331611","0.493588","0.544409","1.21586","1.74401e-15","3.02595","3.05279","2.91855","7.1649","0","0","0","0","0","0","0","0"
"8.44965","0.500044","0.499302","0.0331622","0.493442","0.544082","1.21439","1.74443e-15","3.02581","3.05442","2.92041","7.18516","0","0","0","0","0","0","0","0"
"8.45303","0.500044","0.499302","0.0331635","0.493375","0.544412","1.21976","1.74684e-15","3.03357","3.06428","2.91959","7.1904","0","0","0","0","0","0","0","0"
"8.45643","0.500044","0.499302","0.0331647","0.493608","0.545049","1.21789","1.74738e-15","3.02726","3.0597","2.9245","7.19827","0","0","0","0","0","0","0","0"
"8.4598","0.500044","0.499302","0.033166","0.493024","0.544423","1.2136","1.745e-15","3.03097","3.06697","2.93502","7.17678","0","0","0","0","0","0","0","0"
"8.4633","0.500044","0.499302","0.0331673","0.492813","0.543963","1.21134","1.74494e-15","3.0244","3.06728","2.93639","7.17811","0","0","0","0","0","0","0","0"
"8.46658","0.500044","0.499063","0.0331689","0.492758","0.543856","1.20953","1.7465e-15","3.01862","3.06368","2.94191","7.19843","0","0","0","0","0","0","0","0"
"8.46997","0.500044","0.499063","0.0331704","0.492716","0.544114","1.21129","1.74631e-15","3.02089","3.06773","2.93517","7.18132","0","0","0","0","0","0","0","0"
"8.47335","0.500044","0.499063","0.0331721","0.492979","0.544482","1.21192","1.74528e-15","3.01537","3.06234","2.92833","7.17291","0","0","0","0","0","0","0","0"
"8.47673","0.500044","0.499063","0.0331735","0.493232","0.544631","1.21564","1.74644e-15","3.01496","3.06429","2.92112","7.17664","0","0","0","0","0","0","0","0"
"8.48022","0.500044","0.499063","0.0331753","0.493338","0.544714","1.21422","1.74692e-15","3.01655","3.06508","2.91943","7.18647","0","0","0","0","0","0","0","0"
"8.4835","0.500044","0.499065","0.033177","0.493251","0.544726","1.21501","1.74547e-15","3.01459","3.05983","2.91551","7.16537","0","0","0","0","0","0","0","0"
"8.48688","0.500044","0.499065","0.033179","0.493585","0.545457","1.21648","1.74476e-15","3.01965","3.06262","2.91497","7.17518","0","0","0","0","0","0","0","0"
"8.49027","0.500044","0.499065","0.0331807","0.493353","0.545252","1.21506","1.74598e-15","3.01867","3.06055","2.92","7.18304","0","0","0","0","0","0","0","0"
"8.49367","0.500044","0.499065","0.0331827","0.493093","0.544839","1.21289","1.74549e-15","3.01453","3.05735","2.92155","7.18195","0","0","0","0","0","0","0","0"
"8.49715","0.500044","0.499065","0.0331843","0.493581","0.544855","1.21671","1.74353e-15","3.01316","3.054","2.91472","7.16209","0","0","0","0","0","0","0","0"
"8.50043","0.500044","0.499067","0.0331862","0.493486","0.544488","1.21554","1.74427e-15","3.00958","3.05017","2.90694","7.18319","0","0","0","0","0","0","0","0"
"8.50382","0.500044","0.499067","0.0331877","0.49357","0.544399","1.2139","1.74603e-15","3.01064","3.04687","2.90366","7.19369","0","0","0","0","0","0","0","0"
"8.5072","0.500044","0.499067","0.0331895","0.494084","0.544702","1.21769","1.74488e-15","3.01557","3.05036","2.90547","7.18056","0","0","0","0","0","0","0","0"
"8.51062","0.500044","0.499067","0.0331911","0.494318","0.544822","1.21498","1.74426e-15","3.0132","3.04896","2.90715","7.16954","0","0","0","0","0","0","0","0"
"8.51408","0.500044","0.499067","0.0331924","0.49394","0.54433","1.21443","1.74422e-15","3.01025","3.04684","2.9044","7.1655","0","0","0","0","0","0","0","0"
"8.51918","0.500044","0.499174","0.0331936","0.493468","0.543957","1.21518","1.74474e-15","3.00793","3.04758","2.90009","7.15762","0","0","0","0","0","0","0","0"
"8.52257","0.500044","0.499174","0.0331944","0.492983","0.543414","1.21478","1.74325e-15","3.00815","3.04793","2.89975","7.15211","0","0","0","0","0","0","0","0"
"8.52595","0.500044","0.499174","0.0331953","0.493079","0.543364","1.21035","1.745e-15","3.00503","3.04516","2.91026","7.16626","0","0","0","0","0","0","0","0"
"8.52963","0.500044","0.499174","0.0331962","0.492644","0.543091","1.20836","1.74625e-15","3.00479","3.0493","2.91036","7.17791","0","0","0","0","0","0","0","0"
"8.53298","0.500044","0.49918","0.0331972","0.492328","0.542926","1.21333","1.74442e-15","3.00222","3.04822","2.90599","7.16133","0","0","0","0","0","0","0","0"
"8.53637","0.500044","0.49918","0.0331983","0.492277","0.543077","1.21281","1.74443e-15","3.00091","3.04759","2.9096","7.15206","0","0","0","0","0","0","0","0"
"8.53977","0.500044","0.49918","0.0331993","0.492388","0.543138","1.21094","1.7473e-15","2.99644","3.04115","2.91143","7.17193","0","0","0","0","0","0","0","0"
"8.54313","0.500044","0.49918","0.0332005","0.492846","0.543669","1.2107","1.74659e-15","2.99773","3.04149","2.90398","7.16157","0","0","0","0","0","0","0","0"
"8.54663","0.500044","0.49918","0.0332015","0.49254","0.54347","1.20888","1.74471e-15","3.00121","3.04572","2.9151","7.13772","0","0","0","0","0","0","0","0"
"8.5499","0.500044","0.49904","0.0332028","0.493308","0.54396","1.22358","1.74554e-15","2.99835","3.04124","2.92972","7.153","0","0","0","0","0","0","0","0"
"8.55328","0.500044","0.49904","0.033204","0.493606","0.544378","1.22615","1.74735e-15","2.99383","3.03752","2.93037","7.16348","0","0","0","0","0","0","0","0"
"8.55668","0.500044","0.49904","0.0332053","0.493064","0.543816","1.22202","1.74585e-15","2.99742","3.03728","2.94377","7.14447","0","0","0","0","0","0","0","0"
"8.56007","0.500044","0.49904","0.0332064","0.493109","0.543529","1.21955","1.74497e-15","2.99489","3.03761","2.94433","7.12681","0","0","0","0","0","0","0","0"
"8.56357","0.500044","0.49904","0.0332074","0.492973","0.54315","1.21666","1.74495e-15","2.99174","3.03362","2.94622","7.11714","0","0","0","0","0","0","0","0"
"8.56683","0.500044","0.498881","0.033208","0.493201","0.543589","1.21812","1.74446e-15","2.9873","3.02486","2.93842","7.10923","0","0","0","0","0","0","0","0"
"8.57022","0.500044","0.498881","0.0332086","0.493717","0.543914","1.21751","1.74209e-15","2.98644","3.02521","2.93374","7.08886","0","0","0","0","0","0","0","0"
"8.5736","0.500044","0.498881","0.0332092","0.493433","0.543578","1.22009","1.74329e-15","2.98801","3.02591","2.92605","7.09361","0","0","0","0","0","0","0","0"
"8.577","0.500044","0.498881","0.0332098","0.493332","0.543515","1.21892","1.74548e-15","2.98621","3.0228","2.92537","7.13255","0","0","0","0","0","0","0","0"
"8.58048","0.500044","0.498881","0.0332102","0.493778","0.543837","1.22606","1.74308e-15","2.98349","3.0151","2.91042","7.12381","0","0","0","0","0","0","0","0"
"8.58377","0.500044","0.49894","0.0332104","0.493699","0.543998","1.22288","1.74281e-15","2.97947","3.01631","2.91461","7.13757","0","0","0","0","0","0","0","0"
"8.58715","0.500044","0.49894","0.0332107","0.49319","0.543702","1.22317","1.74451e-15","2.97747","3.01703","2.90804","7.16401","0","0","0","0","0","0","0","0"
"8.59053","0.500044","0.49894","0.0332109","0.493213","0.543485","1.22561","1.74336e-15","2.97705","3.0187","2.91618","7.15712","0","0","0","0","0","0","0","0"
"8.59392","0.500044","0.49894","0.0332111","0.493673","0.543983","1.22962","1.74252e-15","2.9829","3.02043","2.90681","7.14367","0","0","0","0","0","0","0","0"
"8.5974","0.500044","0.49894","0.0332112","0.494295","0.544694","1.22668","1.74225e-15","2.97519","3.0154","2.91036","7.14945","0","0","0","0","0","0","0","0"
"8.6025","0.500044","0.49896","0.0332112","0.494754","0.544875","1.23268","1.74289e-15","2.98354","3.01469","2.89181","7.13409","0","0","0","0","0","0","0","0"
"8.60588","0.500044","0.49896","0.0332112","0.494392","0.544654","1.22979","1.74212e-15","2.9852","3.01397","2.90056","7.12563","0","0","0","0","0","0","0","0"
"8.60928","0.500044","0.49896","0.0332112","0.493411","0.543672","1.22762","1.74423e-15","2.98852","3.02181","2.90033","7.15606","0","0","0","0","0","0","0","0"
"8.61293","0.500044","0.49896","0.0332112","0.493409","0.543566","1.22595","1.74357e-15","2.99089","3.02031","2.8978","7.14744","0","0","0","0","0","0","0","0"
"8.61632","0.500044","0.498989","0.033211","0.492944","0.543031","1.22382","1.74232e-15","2.99189","3.01975","2.8996","7.15893","0","0","0","0","0","0","0","0"
"8.6197","0.500044","0.498989","0.0332107","0.492956","0.543013","1.22624","1.74461e-15","2.99311","3.01811","2.90641","7.16784","0","0","0","0","0","0","0","0"
"8.6231","0.500044","0.498989","0.0332105","0.493209","0.543108","1.22534","1.74592e-15","2.99531","3.01788","2.90253","7.17149","0","0","0","0","0","0","0","0"
"8.62647","0.500044","0.498989","0.0332103","0.493079","0.542965","1.22864","1.74417e-15","2.99743","3.01475","2.90327","7.15062","0","0","0","0","0","0","0","0"
"8.62995","0.500044","0.498989","0.0332103","0.49329","0.543476","1.2298","1.74256e-15","2.99363","3.00995","2.8945","7.13586","0","0","0","0","0","0","0","0"
"8.63323","0.500044","0.499059","0.0332108","0.493687","0.543849","1.22765","1.74494e-15","2.9945","3.00953","2.89286","7.17227","0","0","0","0","0","0","0","0"
"8.63662","0.500044","0.499059","0.0332112","0.493302","0.543585","1.22661","1.74567e-15","2.99614","3.00615","2.89664","7.17339","0","0","0","0","0","0","0","0"
"8.64002","0.500044","0.499059","0.0332117","0.493724","0.543673","1.2282","1.74378e-15","2.99427","3.00385","2.89908","7.15268","0","0","0","0","0","0","0","0"
"8.6434","0.500044","0.499059","0.0332122","0.494092","0.544362","1.22612","1.74336e-15","2.99415","3.00067","2.90544","7.15063","0","0","0","0","0","0","0","0"
"8.64688","0.500044","0.499059","0.0332123","0.494766","0.544949","1.22568","1.74316e-15","3.00464","3.00336","2.89791","7.16238","0","0","0","0","0","0","0","0"
"8.65017","0.500044","0.498864","0.033212","0.494342","0.544398","1.22165","1.74429e-15","3.00567","3.0014","2.90906","7.17471","0","0","0","0","0","0","0","0"
"8.65355","0.500044","0.498864","0.0332116","0.494678","0.544961","1.22053","1.74256e-15","3.01934","3.01085","2.91463","7.15526","0","0","0","0","0","0","0","0"
"8.65693","0.500044","0.498864","0.0332112","0.494266","0.544802","1.21807","1.7417e-15","3.02187","3.0108","2.91601","7.14823","0","0","0","0","0","0","0","0"
"8.66032","0.500044","0.498864","0.0332108","0.494262","0.5448","1.22136","1.74376e-15","3.01647","3.00614","2.90815","7.15078","0","0","0","0","0","0","0","0"
"8.6638","0.500044","0.498864","0.0332108","0.494173","0.545005","1.21928","1.74279e-15","3.01598","3.00657","2.90743","7.12871","0","0","0","0","0","0","0","0"
"8.66708","0.500044","0.498951","0.0332111","0.494037","0.544854","1.21824","1.74236e-15","3.02034","3.01129","2.90443","7.12115","0","0","0","0","0","0","0","0"
"8.67047","0.500044","0.498951","0.0332114","0.493667","0.544417","1.2162","1.74479e-15","3.01678","3.00939","2.90667","7.1385","0","0","0","0","0","0","0","0"
"8.67387","0.500044","0.498951","0.0332118","0.492965","0.544026","1.21304","1.7454e-15","3.01782","3.00897","2.91129","7.13424","0","0","0","0","0","0","0","0"
"8.67727","0.500044","0.498951","0.0332121","0.493168","0.544085","1.21942","1.74442e-15","3.02112","3.01031","2.90524","7.12106","0","0","0","0","0","0","0","0"
"8.68075","0.500044","0.498951","0.0332127","0.492814","0.544246","1.22239","1.7445e-15","3.02531","3.0098","2.89831","7.13508","0","0","0","0","0","0","0","0"
"8.68583","0.500044","0.499145","0.0332139","0.492544","0.544194","1.22607","1.74248e-15","3.02384","3.01639","2.9074","7.11338","0","0","0","0","0","0","0","0"
"8.68922","0.500044","0.499145","0.0332147","0.492158","0.543637","1.22515","1.74374e-15","3.02643","3.01788","2.91099","7.12697","0","0","0","0","0","0","0","0"
"8.69262","0.500044","0.499145","0.0332155","0.492077","0.543589","1.22346","1.7451e-15","3.02046","3.01288","2.90794","7.14904","0","0","0","0","0","0","0","0"
"8.6963","0.500044","0.499145","0.0332163","0.491363","0.542871","1.22208","1.74306e-15","3.02285","3.01607","2.90443","7.11833","0","0","0","0","0","0","0","0"
"8.69965","0.500044","0.499074","0.0332169","0.490901","0.542328","1.21832","1.74379e-15","3.02533","3.0166","2.91306","7.13676","0","0","0","0","0","0","0","0"
"8.70302","0.500044","0.499074","0.0332176","0.491418","0.542967","1.21982","1.74513e-15","3.01969","3.0169","2.89816","7.15392","0","0","0","0","0","0","0","0"
"8.70642","0.500044","0.499074","0.0332182","0.491748","0.54328","1.22139","1.74376e-15","3.01965","3.01534","2.89197","7.13399","0","0","0","0","0","0","0","0"
"8.7098","0.500044","0.499074","0.0332189","0.491911","0.543327","1.22253","1.74504e-15","3.01387","3.01423","2.88987","7.16746","0","0","0","0","0","0","0","0"
"8.71328","0.500044","0.499074","0.0332195","0.492235","0.543429","1.22142","1.74595e-15","3.01617","3.01641","2.88776","7.16569","0","0","0","0","0","0","0","0"
"8.71657","0.500044","0.498834","0.0332203","0.492086","0.543163","1.22043","1.74374e-15","3.01786","3.01518","2.88321","7.14707","0","0","0","0","0","0","0","0"
"8.71995","0.500044","0.498834","0.0332211","0.49212","0.543088","1.21775","1.7436e-15","3.01455","3.01165","2.88759","7.14733","0","0","0","0","0","0","0","0"
"8.72333","0.500044","0.498834","0.0332219","0.4916","0.542717","1.21906","1.74547e-15","3.01541","3.01261","2.87236","7.15429","0","0","0","0","0","0","0","0"
"8.72673","0.500044","0.498834","0.0332227","0.491651","0.542968","1.21586","1.74359e-15","3.01183","3.01259","2.87835","7.14306","0","0","0","0","0","0","0","0"
"8.73022","0.500044","0.498834","0.0332234","0.491448","0.542815","1.21325","1.74286e-15","3.00402","3.00849","2.87974","7.15424","0","0","0","0","0","0","0","0"
"8.7335","0.500044","0.498648","0.0332239","0.491684","0.542797","1.21993","1.74334e-15","2.99977","3.01299","2.87155","7.15361","0","0","0","0","0","0","0","0"
"8.73688","0.500044","0.498648","0.0332245","0.491083","0.542368","1.21637","1.74229e-15","3.00444","3.01851","2.88142","7.14826","0","0","0","0","0","0","0","0"
"8.74027","0.500044","0.498648","0.033225","0.490435","0.541747","1.21504","1.74341e-15","3.00924","3.02149","2.8813","7.14535","0","0","0","0","0","0","0","0"
"8.74365","0.500044","0.498648","0.0332255","0.489572","0.541111","1.21046","1.74179e-15","3.01314","3.02224","2.89405","7.13837","0","0","0","0","0","0","0","0"
"8.74715","0.500044","0.498648","0.0332257","0.489841","0.541598","1.20965","1.74005e-15","3.00906","3.01646","2.89464","7.14082","0","0","0","0","0","0","0","0"
"8.75042","0.500044","0.498613","0.0332256","0.489836","0.541887","1.20726","1.74243e-15","3.00783","3.01906","2.90151","7.17519","0","0","0","0","0","0","0","0"
"8.7538","0.500044","0.498613","0.0332255","0.489975","0.542294","1.20777","1.7408e-15","3.00387","3.0122","2.897","7.16087","0","0","0","0","0","0","0","0"
"8.75718","0.500044","0.498613","0.0332253","0.49052","0.542687","1.21119","1.74168e-15","3.00202","3.01402","2.90129","7.17397","0","0","0","0","0","0","0","0"
"8.76058","0.500044","0.498613","0.0332252","0.490087","0.542498","1.2118","1.74289e-15","3.00704","3.02279","2.90528","7.16158","0","0","0","0","0","0","0","0"
"8.76407","0.500044","0.498613","0.033225","0.490517","0.542926","1.21091","1.74077e-15","3.00102","3.02038","2.89885","7.14022","0","0","0","0","0","0","0","0"
"8.76917","0.500044","0.49839","0.0332247","0.490266","0.54228","1.20737","1.74319e-15","2.99907","3.01817","2.90474","7.17545","0","0","0","0","0","0","0","0"
"8.77255","0.500044","0.49839","0.0332245","0.489647","0.541398","1.20535","1.74195e-15","3.00216","3.0233","2.90686","7.16561","0","0","0","0","0","0","0","0"
"8.77593","0.500044","0.49839","0.0332243","0.489651","0.541386","1.20141","1.74202e-15","3.00002","3.02012","2.9153","7.16519","0","0","0","0","0","0","0","0"
"8.77962","0.500044","0.49839","0.0332238","0.489253","0.541075","1.19818","1.74221e-15","3.00092","3.0206","2.92112","7.16834","0","0","0","0","0","0","0","0"
"8.78297","0.500044","0.498298","0.0332228","0.489585","0.541638","1.20242","1.74133e-15","2.99815","3.02545","2.91661","7.15171","0","0","0","0","0","0","0","0"
"8.78637","0.500044","0.498298","0.0332216","0.489878","0.542118","1.20214","1.74287e-15","2.99406","3.02132","2.92047","7.16046","0","0","0","0","0","0","0","0"
"8.78975","0.500044","0.498298","0.0332206","0.489633","0.541793","1.20268","1.74179e-15","3.00071","3.02206","2.91316","7.15176","0","0","0","0","0","0","0","0"
"8.79313","0.500044","0.498298","0.0332194","0.489669","0.541808","1.19932","1.74175e-15","3.00966","3.02264","2.9208","7.1589","0","0","0","0","0","0","0","0"
"8.79662","0.500044","0.498298","0.0332183","0.489651","0.541761","1.19684","1.74249e-15","3.01132","3.02459","2.92721","7.15652","0","0","0","0","0","0","0","0"
"8.7999","0.500044","0.498283","0.0332169","0.490255","0.542114","1.19457","1.74053e-15","3.00957","3.01449","2.92792","7.13759","0","0","0","0","0","0","0","0"
"8.8033","0.500044","0.498283","0.0332158","0.489964","0.541954","1.20243","1.74218e-15","3.00649","3.01223","2.9147","7.14482","0","0","0","0","0","0","0","0"
"8.80667","0.500044","0.498283","0.0332144","0.490693","0.542636","1.20297","1.7428e-15","3.01766","3.02604","2.93357","7.1308","0","0","0","0","0","0","0","0"
"8.81005","0.500044","0.498283","0.0332132","0.491235","0.543428","1.20804","1.74157e-15","3.01356","3.02983","2.92072","7.11939","0","0","0","0","0","0","0","0"
"8.81355","0.500044","0.498283","0.0332121","0.491176","0.543274","1.20467","1.7418e-15","3.0177","3.03387","2.93761","7.11624","0","0","0","0","0","0","0","0"
"8.81682","0.500044","0.498219","0.0332113","0.491154","0.54287","1.20605","1.7424e-15","3.01974","3.03762","2.93383","7.11993","0","0","0","0","0","0","0","0"
"8.82022","0.500044","0.498219","0.0332104","0.492173","0.543907","1.21131","1.74104e-15","3.01089","3.03087","2.92195","7.10973","0","0","0","0","0","0","0","0"
"8.8236","0.500044","0.498219","0.0332097","0.49147","0.543274","1.20658","1.74284e-15","3.01173","3.03227","2.9377","7.12891","0","0","0","0","0","0","0","0"
"8.82698","0.500044","0.498219","0.0332088","0.491579","0.543472","1.22022","1.74187e-15","3.01853","3.03403","2.99527","7.10954","0","0","0","0","0","0","0","0"
"8.83047","0.500044","0.498219","0.0332088","0.491541","0.543366","1.22517","1.74073e-15","3.02085","3.0382","3.01836","7.0985","0","0","0","0","0","0","0","0"
"8.83375","0.500044","0.498388","0.0332096","0.491132","0.543076","1.22218","1.74358e-15","3.02484","3.04061","3.02196","7.11899","0","0","0","0","0","0","0","0"
"8.83713","0.500044","0.498388","0.0332102","0.490579","0.542586","1.21993","1.74223e-15","3.02914","3.04203","3.02353","7.11393","0","0","0","0","0","0","0","0"
"8.84052","0.500044","0.498388","0.033211","0.490221","0.542146","1.21613","1.74088e-15","3.03184","3.04565","3.03132","7.11543","0","0","0","0","0","0","0","0"
"8.84392","0.500044","0.498388","0.0332117","0.48975","0.541681","1.21804","1.74288e-15","3.03163","3.04802","3.02392","7.12002","0","0","0","0","0","0","0","0"
"8.8474","0.500044","0.498388","0.0332112","0.489681","0.541513","1.21545","1.74051e-15","3.03264","3.04736","3.02268","7.11796","0","0","0","0","0","0","0","0"
"8.8525","0.500044","0.498517","0.0332093","0.489759","0.54142","1.21628","1.74332e-15","3.02877","3.04827","3.00607","7.1488","0","0","0","0","0","0","0","0"
"8.85588","0.500044","0.498517","0.0332081","0.489344","0.541103","1.21511","1.74251e-15","3.02635","3.04964","3.00161","7.141","0","0","0","0","0","0","0","0"
"8.85928","0.500044","0.498517","0.0332068","0.489675","0.541411","1.22296","1.74298e-15","3.03716","3.05889","2.99341","7.15771","0","0","0","0","0","0","0","0"
"8.86295","0.500044","0.498517","0.0332049","0.489521","0.541388","1.22439","1.74361e-15","3.03761","3.05785","2.98384","7.15121","0","0","0","0","0","0","0","0"
"8.86643","0.500044","0.498227","0.033202","0.489413","0.541561","1.22381","1.74244e-15","3.03904","3.05736","2.98449","7.13382","0","0","0","0","0","0","0","0"
"8.86968","0.500044","0.498227","0.0331987","0.488773","0.540947","1.22614","1.74272e-15","3.03791","3.05583","2.96411","7.13739","0","0","0","0","0","0","0","0"
"8.87308","0.500044","0.498227","0.0331959","0.488613","0.540724","1.2247","1.74398e-15","3.03227","3.05388","2.96292","7.14603","0","0","0","0","0","0","0","0"
"8.87647","0.500044","0.498227","0.0331925","0.487642","0.539481","1.22126","1.74254e-15","3.03625","3.05769","2.96924","7.13409","0","0","0","0","0","0","0","0"
"8.87995","0.500044","0.498227","0.0331897","0.487117","0.539049","1.21875","1.74287e-15","3.03593","3.05703","2.97029","7.13769","0","0","0","0","0","0","0","0"
"8.88323","0.500044","0.497902","0.0331865","0.487557","0.539482","1.21729","1.74382e-15","3.03873","3.05683","2.96589","7.14355","0","0","0","0","0","0","0","0"
"8.88662","0.500044","0.497902","0.0331838","0.487447","0.539589","1.21715","1.74227e-15","3.0359","3.05864","2.96539","7.12715","0","0","0","0","0","0","0","0"
"8.89","0.500044","0.497902","0.0331806","0.486505","0.538682","1.21522","1.74358e-15","3.04436","3.06306","2.96838","7.149","0","0","0","0","0","0","0","0"
"8.8935","0.500044","0.497902","0.0331779","0.486201","0.538434","1.21628","1.74417e-15","3.03987","3.05834","2.9574","7.14763","0","0","0","0","0","0","0","0"
"8.89698","0.500044","0.497902","0.033175","0.486782","0.539242","1.21618","1.7421e-15","3.04352","3.05374","2.96091","7.1326","0","0","0","0","0","0","0","0"
"8.90027","0.500044","0.497586","0.0331727","0.486625","0.53904","1.21347","1.74403e-15","3.04711","3.05375","2.96875","7.15696","0","0","0","0","0","0","0","0"
"8.90365","0.500044","0.497586","0.0331702","0.487148","0.539933","1.22661","1.74502e-15","3.04648","3.05751","2.98491","7.14782","0","0","0","0","0","0","0","0"
"8.90703","0.500044","0.497586","0.033168","0.486976","0.540107","1.22563","1.74435e-15","3.04405","3.05234","2.97953","7.14033","0","0","0","0","0","0","0","0"
"8.91045","0.500044","0.497586","0.0331654","0.486269","0.539387","1.22022","1.74626e-15","3.04228","3.05078","2.99709","7.16562","0","0","0","0","0","0","0","0"
"8.91393","0.500044","0.497586","0.0331645","0.486358","0.539233","1.21723","1.7458e-15","3.03804","3.04544","3.00265","7.15158","0","0","0","0","0","0","0","0"
"8.9172","0.500044","0.497226","0.033165","0.486638","0.53935","1.21362","1.7438e-15","3.03707","3.04337","3.01028","7.14315","0","0","0","0","0","0","0","0"
"8.92058","0.500044","0.497226","0.0331654","0.487137","0.540349","1.21115","1.74502e-15","3.03937","3.05236","3.01324","7.16115","0","0","0","0","0","0","0","0"
"8.924","0.500044","0.497226","0.0331658","0.486856","0.539765","1.21032","1.74665e-15","3.0395","3.05233","3.00945","7.17465","0","0","0","0","0","0","0","0"
"8.92735","0.500044","0.497226","0.0331663","0.487042","0.539702","1.20743","1.74523e-15","3.04244","3.05046","3.01486","7.1655","0","0","0","0","0","0","0","0"
"8.93085","0.500044","0.497226","0.0331682","0.4881","0.540679","1.21666","1.74383e-15","3.03575","3.04786","3.04535","7.14614","0","0","0","0","0","0","0","0"
"8.93568","0.500044","0.497151","0.0331721","0.487699","0.54032","1.2146","1.74597e-15","3.03478","3.04792","3.04184","7.14209","0","0","0","0","0","0","0","0"
"8.93907","0.500044","0.497151","0.0331751","0.487759","0.540048","1.21602","1.74469e-15","3.03258","3.0523","3.0285","7.12396","0","0","0","0","0","0","0","0"
"8.94245","0.500044","0.497151","0.0331777","0.488036","0.540321","1.21673","1.7442e-15","3.03004","3.05225","3.01954","7.11598","0","0","0","0","0","0","0","0"
"8.94628","0.500044","0.497151","0.0331805","0.488974","0.541214","1.22129","1.74604e-15","3.03265","3.0593","3.01106","7.12165","0","0","0","0","0","0","0","0"
"8.94948","0.500044","0.497236","0.0331813","0.489297","0.541318","1.22725","1.74552e-15","3.03552","3.05684","2.98813","7.11454","0","0","0","0","0","0","0","0"
"8.95287","0.500044","0.497236","0.0331821","0.488713","0.541152","1.22585","1.74359e-15","3.03615","3.05886","2.98783","7.0914","0","0","0","0","0","0","0","0"
"8.95627","0.500044","0.497236","0.033183","0.488848","0.541403","1.22044","1.74368e-15","3.03566","3.05791","3.00571","7.10326","0","0","0","0","0","0","0","0"
"8.95965","0.500044","0.497236","0.0331838","0.488821","0.541301","1.2163","1.74583e-15","3.03319","3.06225","3.01772","7.14316","0","0","0","0","0","0","0","0"
"8.96313","0.500044","0.497236","0.033184","0.488164","0.540462","1.21359","1.74469e-15","3.03218","3.06068","3.0168","7.13319","0","0","0","0","0","0","0","0"
"8.96642","0.500044","0.497358","0.0331829","0.487722","0.539944","1.21228","1.74356e-15","3.03033","3.05907","3.01605","7.12798","0","0","0","0","0","0","0","0"
"8.9698","0.500044","0.497358","0.0331815","0.488074","0.540095","1.22161","1.74531e-15","3.03341","3.0538","3.02236","7.15834","0","0","0","0","0","0","0","0"
"8.97318","0.500044","0.497358","0.0331803","0.488843","0.541382","1.22714","1.74637e-15","3.03111","3.05986","3.00926","7.166","0","0","0","0","0","0","0","0"
"8.97657","0.500044","0.497358","0.033179","0.488512","0.540893","1.22843","1.74503e-15","3.03249","3.06085","3.00538","7.14868","0","0","0","0","0","0","0","0"
"8.98008","0.500044","0.497358","0.0331777","0.488772","0.541355","1.23044","1.74438e-15","3.03879","3.06361","2.99413","7.14401","0","0","0","0","0","0","0","0"
"8.98335","0.500044","0.497424","0.0331759","0.488777","0.541719","1.22749","1.74544e-15","3.04106","3.06273","3.00413","7.15562","0","0","0","0","0","0","0","0"
"8.98672","0.500044","0.497424","0.0331743","0.488733","0.541858","1.22268","1.74571e-15","3.0411","3.06279","3.02012","7.16044","0","0","0","0","0","0","0","0"
"8.99012","0.500044","0.497424","0.0331725","0.488543","0.541407","1.22178","1.74446e-15","3.03785","3.06027","3.01261","7.14009","0","0","0","0","0","0","0","0"
"8.9935","0.500044","0.497424","0.033171","0.488113","0.540883","1.21714","1.74478e-15","3.04212","3.06435","3.02813","7.14013","0","0","0","0","0","0","0","0"
"8.997","0.500044","0.497424","0.0331696","0.487647","0.540455","1.21302","1.74654e-15","3.04085","3.06019","3.03653","7.16849","0","0","0","0","0","0","0","0"
"9.00027","0.500044","0.497357","0.0331687","0.488311","0.540926","1.2198","1.74755e-15","3.03671","3.05513","3.02448","7.1654","0","0","0","0","0","0","0","0"
"9.00365","0.500044","0.497357","0.0331677","0.487472","0.539839","1.2178","1.74602e-15","3.04113","3.0594","3.02196","7.14508","0","0","0","0","0","0","0","0"
"9.00703","0.500044","0.497357","0.0331669","0.487821","0.540133","1.21768","1.74419e-15","3.03742","3.05472","3.01586","7.13622","0","0","0","0","0","0","0","0"
"9.01045","0.500044","0.497357","0.0331659","0.487548","0.540347","1.22484","1.74545e-15","3.03926","3.05715","3.0112","7.15768","0","0","0","0","0","0","0","0"
"9.01393","0.500044","0.497357","0.0331656","0.486597","0.539361","1.22105","1.74581e-15","3.04274","3.06464","3.01972","7.13908","0","0","0","0","0","0","0","0"
"9.01902","0.500044","0.497404","0.0331659","0.486744","0.539673","1.21972","1.7444e-15","3.04074","3.06379","3.00798","7.11267","0","0","0","0","0","0","0","0"
"9.0224","0.500044","0.497404","0.0331662","0.486852","0.539875","1.22383","1.74346e-15","3.04518","3.06445","2.99122","7.11383","0","0","0","0","0","0","0","0"
"9.02578","0.500044","0.497404","0.0331664","0.487158","0.539965","1.22268","1.74471e-15","3.0439","3.05764","2.985","7.14602","0","0","0","0","0","0","0","0"
"9.02963","0.500044","0.497404","0.0331665","0.48732","0.539968","1.22667","1.74637e-15","3.04511","3.05445","2.97549","7.14057","0","0","0","0","0","0","0","0"
"9.03282","0.500044","0.497188","0.0331662","0.487948","0.540577","1.22511","1.74447e-15","3.05196","3.0536","2.9728","7.12884","0","0","0","0","0","0","0","0"
"9.0362","0.500044","0.497188","0.0331659","0.487179","0.539456","1.22395","1.74568e-15","3.05597","3.05764","2.96843","7.13396","0","0","0","0","0","0","0","0"
"9.03958","0.500044","0.497188","0.0331655","0.487236","0.539902","1.22324","1.74804e-15","3.05957","3.06807","2.9714","7.13607","0","0","0","0","0","0","0","0"
"9.04298","0.500044","0.497188","0.0331652","0.487225","0.539835","1.22097","1.74668e-15","3.05647","3.06428","2.97305","7.12481","0","0","0","0","0","0","0","0"
"9.04647","0.500044","0.497188","0.0331647","0.487333","0.53979","1.2189","1.74467e-15","3.06236","3.0628","2.97583","7.10932","0","0","0","0","0","0","0","0"
"9.04975","0.500044","0.496973","0.0331641","0.487687","0.539973","1.22065","1.74595e-15","3.06541","3.06449","2.96995","7.13091","0","0","0","0","0","0","0","0"
"9.05313","0.500044","0.496973","0.0331633","0.48848","0.540392","1.22343","1.74815e-15","3.06939","3.06677","2.98642","7.13679","0","0","0","0","0","0","0","0"
"9.05652","0.500044","0.496973","0.0331626","0.487837","0.540135","1.22076","1.74628e-15","3.06891","3.06393","2.99124","7.1224","0","0","0","0","0","0","0","0"
"9.0599","0.500044","0.496973","0.0331618","0.488275","0.54024","1.21778","1.74609e-15","3.06506","3.05793","2.99347","7.12827","0","0","0","0","0","0","0","0"
"9.06342","0.500044","0.496973","0.0331616","0.489369","0.541861","1.23379","1.74724e-15","3.08571","3.0706","3.10076","7.14562","0","0","0","0","0","0","0","0"
"9.06668","0.500044","0.496955","0.0331622","0.489412","0.541968","1.23984","1.74534e-15","3.08382","3.07237","3.08217","7.12485","0","0","0","0","0","0","0","0"
"9.07005","0.500044","0.496955","0.0331628","0.489228","0.541604","1.23849","1.74635e-15","3.08098","3.0763","3.07743","7.12977","0","0","0","0","0","0","0","0"
"9.07345","0.500044","0.496955","0.0331634","0.489519","0.54187","1.23403","1.74861e-15","3.09203","3.085","3.09081","7.15946","0","0","0","0","0","0","0","0"
"9.07683","0.500044","0.496955","0.033164","0.490677","0.543162","1.24415","1.7474e-15","3.08794","3.08351","3.11757","7.14507","0","0","0","0","0","0","0","0"
"9.08032","0.500044","0.496955","0.0331652","0.489511","0.542126","1.23963","1.7453e-15","3.09279","3.08561","3.12857","7.13378","0","0","0","0","0","0","0","0"
"9.0836","0.500044","0.497007","0.0331668","0.490261","0.542999","1.24126","1.74721e-15","3.09324","3.08724","3.12077","7.1627","0","0","0","0","0","0","0","0"
"9.08698","0.500044","0.497007","0.0331686","0.490775","0.543586","1.23988","1.74661e-15","3.09092","3.07888","3.11915","7.14806","0","0","0","0","0","0","0","0"
"9.09037","0.500044","0.497007","0.0331703","0.490501","0.543182","1.24175","1.74558e-15","3.08947","3.07684","3.10531","7.14341","0","0","0","0","0","0","0","0"
"9.09377","0.500044","0.497007","0.0331721","0.491737","0.544069","1.24677","1.74764e-15","3.08915","3.08138","3.09369","7.1692","0","0","0","0","0","0","0","0"
"9.09727","0.500044","0.497007","0.0331728","0.491061","0.543511","1.24703","1.74628e-15","3.0928","3.08113","3.10268","7.1612","0","0","0","0","0","0","0","0"
"9.10235","0.500044","0.497243","0.0331723","0.490622","0.543231","1.24551","1.74554e-15","3.09302","3.07476","3.09064","7.15812","0","0","0","0","0","0","0","0"
"9.10573","0.500044","0.497243","0.0331719","0.490107","0.542824","1.24426","1.74724e-15","3.09087","3.07525","3.08541","7.17953","0","0","0","0","0","0","0","0"
"9.10912","0.500044","0.497243","0.0331716","0.489923","0.542826","1.24672","1.74615e-15","3.08569","3.07498","3.07766","7.16365","0","0","0","0","0","0","0","0"
"9.11295","0.500044","0.497243","0.0331709","0.490293","0.542982","1.24197","1.74445e-15","3.08739","3.07678","3.08888","7.15302","0","0","0","0","0","0","0","0"
"9.11615","0.500044","0.497489","0.0331697","0.490071","0.54304","1.24322","1.74481e-15","3.08713","3.08873","3.09126","7.1597","0","0","0","0","0","0","0","0"
"9.11953","0.500044","0.497489","0.0331685","0.491398","0.544185","1.24679","1.74419e-15","3.08665","3.08606","3.08276","7.14507","0","0","0","0","0","0","0","0"
"9.12293","0.500044","0.497489","0.0331671","0.491294","0.543954","1.24353","1.74303e-15","3.08167","3.08404","3.08702","7.14866","0","0","0","0","0","0","0","0"
"9.1263","0.500044","0.497489","0.0331659","0.491573","0.54392","1.24015","1.7451e-15","3.07847","3.08081","3.09331","7.1577","0","0","0","0","0","0","0","0"
"9.1298","0.500044","0.497489","0.0331648","0.491344","0.543657","1.23997","1.74453e-15","3.08308","3.08494","3.08924","7.15288","0","0","0","0","0","0","0","0"
"9.13307","0.500044","0.497472","0.0331646","0.491108","0.5435","1.23709","1.74385e-15","3.07799","3.0821","3.09517","7.15456","0","0","0","0","0","0","0","0"
"9.13647","0.500044","0.497472","0.0331644","0.491869","0.544046","1.23578","1.74566e-15","3.07603","3.07475","3.08863","7.17012","0","0","0","0","0","0","0","0"
"9.13985","0.500044","0.497472","0.0331641","0.49221","0.54406","1.24287","1.74488e-15","3.07049","3.07276","3.07215","7.16409","0","0","0","0","0","0","0","0"
"9.14323","0.500044","0.497472","0.0331639","0.490996","0.542873","1.23864","1.74458e-15","3.0748","3.07745","3.08083","7.16072","0","0","0","0","0","0","0","0"
"9.14675","0.500044","0.497472","0.033164","0.490712","0.542451","1.23382","1.74551e-15","3.07094","3.07697","3.09757","7.1405","0","0","0","0","0","0","0","0"
"9.15","0.500044","0.497551","0.033165","0.490443","0.541994","1.2288","1.74334e-15","3.07272","3.07616","3.11435","7.11541","0","0","0","0","0","0","0","0"
"9.15338","0.500044","0.497551","0.0331658","0.490539","0.541937","1.22995","1.74356e-15","3.0699","3.07031","3.10457","7.11131","0","0","0","0","0","0","0","0"
"9.15677","0.500044","0.497551","0.0331667","0.490521","0.541797","1.2271","1.74514e-15","3.06683","3.06921","3.10421","7.12927","0","0","0","0","0","0","0","0"
"9.16017","0.500044","0.497551","0.0331676","0.490047","0.541276","1.22422","1.74367e-15","3.06732","3.06918","3.10933","7.1104","0","0","0","0","0","0","0","0"
"9.16365","0.500044","0.497551","0.0331687","0.489986","0.541216","1.2287","1.743e-15","3.06033","3.06339","3.11078","7.11428","0","0","0","0","0","0","0","0"
"9.16693","0.500044","0.497617","0.0331699","0.489671","0.540835","1.22478","1.74467e-15","3.05929","3.06643","3.12018","7.11404","0","0","0","0","0","0","0","0"
"9.17032","0.500044","0.497617","0.0331714","0.489606","0.540739","1.21982","1.74248e-15","3.05265","3.06526","3.13457","7.10111","0","0","0","0","0","0","0","0"
"9.1737","0.500044","0.497617","0.0331726","0.489334","0.540762","1.21608","1.7439e-15","3.05159","3.06225","3.14368","7.11743","0","0","0","0","0","0","0","0"
"9.17712","0.500044","0.497617","0.033174","0.490636","0.541903","1.22568","1.74481e-15","3.04772","3.06491","3.15742","7.12465","0","0","0","0","0","0","0","0"
"9.1806","0.500044","0.497617","0.0331752","0.490104","0.541476","1.22711","1.7428e-15","3.0515","3.06837","3.15151","7.10493","0","0","0","0","0","0","0","0"
"9.18568","0.500044","0.497347","0.0331771","0.490721","0.542389","1.23519","1.74469e-15","3.04829","3.06617","3.1278","7.12882","0","0","0","0","0","0","0","0"
"9.18907","0.500044","0.497347","0.0331785","0.491364","0.543247","1.23312","1.74381e-15","3.05117","3.06117","3.12334","7.10838","0","0","0","0","0","0","0","0"
"9.19245","0.500044","0.497347","0.0331796","0.491127","0.543062","1.23051","1.74453e-15","3.04889","3.06231","3.12506","7.1203","0","0","0","0","0","0","0","0"
"9.19628","0.500044","0.497347","0.0331807","0.490343","0.542354","1.22636","1.74627e-15","3.05083","3.06612","3.13288","7.10916","0","0","0","0","0","0","0","0"
"9.19948","0.500044","0.497216","0.0331803","0.490202","0.542279","1.22379","1.74459e-15","3.0591","3.07127","3.13755","7.091","0","0","0","0","0","0","0","0"
"9.20287","0.500044","0.497216","0.03318","0.490168","0.541843","1.22269","1.74487e-15","3.05874","3.07475","3.1333","7.11209","0","0","0","0","0","0","0","0"
"9.20627","0.500044","0.497216","0.0331797","0.489978","0.541298","1.21914","1.74716e-15","3.05947","3.07361","3.13685","7.13777","0","0","0","0","0","0","0","0"
"9.20963","0.500044","0.497216","0.0331794","0.48966","0.54086","1.22328","1.746e-15","3.06538","3.07287","3.11871","7.11933","0","0","0","0","0","0","0","0"
"9.21312","0.500044","0.497216","0.0331787","0.490306","0.541868","1.23161","1.74497e-15","3.07257","3.08244","3.12135","7.12057","0","0","0","0","0","0","0","0"
"9.2164","0.500044","0.497396","0.0331776","0.490711","0.542078","1.2324","1.74553e-15","3.08106","3.07674","3.10513","7.12743","0","0","0","0","0","0","0","0"
"9.2198","0.500044","0.497396","0.0331762","0.491488","0.542327","1.24037","1.74483e-15","3.08538","3.07501","3.08468","7.11817","0","0","0","0","0","0","0","0"
"9.22318","0.500044","0.497396","0.0331751","0.491307","0.542034","1.23931","1.74415e-15","3.08651","3.07808","3.08602","7.11591","0","0","0","0","0","0","0","0"
"9.22657","0.500044","0.497396","0.0331737","0.491967","0.543131","1.24278","1.74645e-15","3.08975","3.09259","3.06456","7.12069","0","0","0","0","0","0","0","0"
"9.23007","0.500044","0.497396","0.0331733","0.491354","0.542634","1.24029","1.74547e-15","3.0908","3.09247","3.06398","7.10433","0","0","0","0","0","0","0","0"
"9.23333","0.500044","0.497376","0.0331745","0.490476","0.542066","1.24051","1.74347e-15","3.09004","3.09306","3.05503","7.08194","0","0","0","0","0","0","0","0"
"9.23672","0.500044","0.497376","0.0331755","0.490195","0.541579","1.23755","1.74395e-15","3.08892","3.09302","3.05878","7.08685","0","0","0","0","0","0","0","0"
"9.2401","0.500044","0.497376","0.0331767","0.490189","0.54158","1.24166","1.74649e-15","3.08437","3.08851","3.0343","7.10833","0","0","0","0","0","0","0","0"
"9.24348","0.500044","0.497376","0.0331778","0.491244","0.542439","1.2479","1.74535e-15","3.08846","3.09828","3.01586","7.09449","0","0","0","0","0","0","0","0"
"9.24698","0.500044","0.497376","0.0331787","0.491444","0.54239","1.24404","1.74347e-15","3.08533","3.10033","3.02295","7.09314","0","0","0","0","0","0","0","0"
"9.25027","0.500044","0.497449","0.0331794","0.492158","0.543272","1.24193","1.74589e-15","3.07907","3.09277","3.02388","7.11986","0","0","0","0","0","0","0","0"
"9.2536","0.500044","0.497449","0.0331801","0.492563","0.543369","1.24067","1.7455e-15","3.076","3.09021","3.02295","7.10912","0","0","0","0","0","0","0","0"
"9.25713","0.500044","0.497449","0.0331809","0.492762","0.543677","1.23886","1.74586e-15","3.06824","3.08276","3.02151","7.14799","0","0","0","0","0","0","0","0"
"9.26052","0.500044","0.497449","0.0331815","0.492116","0.54303","1.23523","1.74719e-15","3.06792","3.08103","3.02914","7.14492","0","0","0","0","0","0","0","0"
"9.264","0.500044","0.497449","0.0331824","0.493714","0.544507","1.23964","1.74432e-15","3.09259","3.08727","3.03694","7.13287","0","0","0","0","0","0","0","0"
"9.26912","0.500044","0.49741","0.0331838","0.494138","0.544944","1.23871","1.74709e-15","3.08407","3.07805","3.02717","7.15549","0","0","0","0","0","0","0","0"
"9.2725","0.500044","0.49741","0.0331846","0.494412","0.545281","1.24712","1.74595e-15","3.08096","3.07519","3.01296","7.13899","0","0","0","0","0","0","0","0"
"9.27587","0.500044","0.49741","0.0331856","0.495454","0.546344","1.24722","1.74658e-15","3.08145","3.07341","3.0103","7.149","0","0","0","0","0","0","0","0"
"9.2796","0.500044","0.49741","0.0331861","0.495484","0.546189","1.24624","1.74783e-15","3.08019","3.07337","3.00232","7.14388","0","0","0","0","0","0","0","0"
"9.2829","0.500044","0.497649","0.0331855","0.495938","0.546351","1.25005","1.74585e-15","3.07676","3.06872","2.99637","7.13718","0","0","0","0","0","0","0","0"
"9.28628","0.500044","0.497649","0.0331848","0.496293","0.54686","1.25296","1.74677e-15","3.06951","3.06289","2.98032","7.14691","0","0","0","0","0","0","0","0"
"9.2898","0.500044","0.497649","0.0331841","0.49583","0.546376","1.24981","1.74693e-15","3.06538","3.064","2.98532","7.14064","0","0","0","0","0","0","0","0"
"9.29305","0.500044","0.497649","0.0331834","0.495018","0.545556","1.24895","1.74558e-15","3.06712","3.06611","2.97685","7.1308","0","0","0","0","0","0","0","0"
"9.29653","0.500044","0.497649","0.0331825","0.494503","0.544911","1.24521","1.74679e-15","3.06551","3.06498","2.98586","7.13429","0","0","0","0","0","0","0","0"
"9.29982","0.500044","0.498119","0.0331806","0.494","0.544486","1.24503","1.74576e-15","3.0653","3.06744","2.97787","7.12453","0","0","0","0","0","0","0","0"
"9.30322","0.500044","0.498119","0.0331791","0.494072","0.544208","1.24339","1.74596e-15","3.06269","3.07259","2.97768","7.13044","0","0","0","0","0","0","0","0"
"9.30658","0.500044","0.498119","0.0331772","0.494454","0.544705","1.24637","1.74908e-15","3.06027","3.06979","2.9973","7.14788","0","0","0","0","0","0","0","0"
"9.30997","0.500044","0.498119","0.0331756","0.494142","0.544748","1.24733","1.74731e-15","3.05817","3.06788","2.9894","7.14056","0","0","0","0","0","0","0","0"
"9.31347","0.500044","0.498119","0.0331745","0.494051","0.54487","1.24978","1.7468e-15","3.05382","3.05874","2.98296","7.13407","0","0","0","0","0","0","0","0"
"9.31675","0.500044","0.498342","0.0331745","0.495261","0.54615","1.25617","1.74808e-15","3.05346","3.05562","2.9855","7.13805","0","0","0","0","0","0","0","0"
"9.32013","0.500044","0.498342","0.0331745","0.494336","0.545744","1.25599","1.74687e-15","3.05855","3.05376","2.97612","7.10922","0","0","0","0","0","0","0","0"
"9.32365","0.500044","0.498342","0.0331745","0.493872","0.545423","1.25165","1.74721e-15","3.0588","3.05208","2.9877","7.09083","0","0","0","0","0","0","0","0"
"9.3269","0.500044","0.498342","0.0331744","0.493734","0.545309","1.25052","1.74786e-15","3.05263","3.04922","2.98603","7.09246","0","0","0","0","0","0","0","0"
"9.3304","0.500044","0.498342","0.0331747","0.492906","0.544419","1.25126","1.74586e-15","3.05504","3.05082","2.9871","7.0743","0","0","0","0","0","0","0","0"
"9.33368","0.500044","0.498122","0.0331754","0.493902","0.546333","1.2524","1.74719e-15","3.05741","3.05441","2.97759","7.09426","0","0","0","0","0","0","0","0"
"9.33705","0.500044","0.498122","0.033176","0.494989","0.547702","1.25065","1.74792e-15","3.0613","3.07591","2.98532","7.08997","0","0","0","0","0","0","0","0"
"9.34045","0.500044","0.498122","0.0331766","0.496107","0.549707","1.24802","1.74699e-15","3.07856","3.09305","2.98683","7.07643","0","0","0","0","0","0","0","0"
"9.34385","0.500044","0.498122","0.0331772","0.496776","0.550187","1.25015","1.74945e-15","3.07273","3.08593","2.97816","7.08804","0","0","0","0","0","0","0","0"
"9.34732","0.500044","0.498122","0.0331769","0.496552","0.550258","1.25457","1.74828e-15","3.07165","3.08406","2.96276","7.08481","0","0","0","0","0","0","0","0"
"9.35242","0.500044","0.498106","0.0331754","0.496942","0.551215","1.25126","1.74921e-15","3.07062","3.07812","2.96291","7.08847","0","0","0","0","0","0","0","0"
"9.3558","0.500044","0.498106","0.0331744","0.500474","0.555828","1.25074","1.75026e-15","3.14238","3.18725","2.95888","7.09615","0","0","0","0","0","0","0","0"
"9.35918","0.500044","0.498106","0.0331733","0.500151","0.555505","1.24737","1.74908e-15","3.13755","3.18175","2.96395","7.08661","0","0","0","0","0","0","0","0"
"9.36293","0.500044","0.498106","0.0331719","0.500652","0.555956","1.24558","1.74978e-15","3.12513","3.17847","2.96226","7.10299","0","0","0","0","0","0","0","0"
"9.36622","0.500044","0.498129","0.0331698","0.500222","0.555188","1.24458","1.74818e-15","3.12554","3.17842","2.95865","7.09909","0","0","0","0","0","0","0","0"
"9.3696","0.500044","0.498129","0.0331674","0.501292","0.556084","1.24171","1.74787e-15","3.12694","3.17344","2.95992","7.10547","0","0","0","0","0","0","0","0"
"9.373","0.500044","0.498129","0.0331654","0.502651","0.558132","1.24248","1.74956e-15","3.12818","3.17793","2.95069","7.10504","0","0","0","0","0","0","0","0"
"9.37638","0.500044","0.498129","0.033163","0.50277","0.558166","1.24214","1.74898e-15","3.14697","3.18939","2.9555","7.10248","0","0","0","0","0","0","0","0"
"9.37988","0.500044","0.498129","0.0331614","0.503828","0.56005","1.24367","1.74716e-15","3.14916","3.19764","2.94811","7.08309","0","0","0","0","0","0","0","0"
"9.38328","0.500044","0.498376","0.0331604","0.506276","0.563817","1.25331","1.74905e-15","3.15235","3.23062","2.95884","7.10563","0","0","0","0","0","0","0","0"
"9.38653","0.500044","0.498376","0.0331596","0.508111","0.565686","1.2558","1.74764e-15","3.16555","3.23283","2.95038","7.08624","0","0","0","0","0","0","0","0"
"9.38992","0.500044","0.498376","0.0331586","0.51066","0.567455","1.25321","1.74851e-15","3.21625","3.24005","2.95122","7.12553","0","0","0","0","0","0","0","0"
"9.3933","0.500044","0.498376","0.0331578","0.509945","0.566689","1.2508","1.74967e-15","3.21681","3.24808","2.95171","7.13076","0","0","0","0","0","0","0","0"
"9.3968","0.500044","0.498376","0.0331569","0.509716","0.566635","1.25035","1.74762e-15","3.21512","3.24283","2.96263","7.11333","0","0","0","0","0","0","0","0"
"9.40008","0.500044","0.498718","0.0331561","0.510496","0.567347","1.25132","1.74834e-15","3.21208","3.23482","2.95485","7.13478","0","0","0","0","0","0","0","0"
"9.40347","0.500044","0.498718","0.0331551","0.509618","0.566721","1.24871","1.7505e-15","3.21234","3.23502","2.95405","7.15104","0","0","0","0","0","0","0","0"
"9.40685","0.500044","0.498718","0.0331543","0.509625","0.566582","1.24419","1.74875e-15","3.20588","3.22873","2.9683","7.13388","0","0","0","0","0","0","0","0"
"9.41023","0.500044","0.498718","0.0331534","0.50968","0.566711","1.24114","1.74984e-15","3.20958","3.23087","2.97436","7.15397","0","0","0","0","0","0","0","0"
"9.41368","0.500044","0.498718","0.033153","0.509643","0.566796","1.23863","1.74957e-15","3.20253","3.22016","2.98012","7.12914","0","0","0","0","0","0","0","0"
"9.41703","0.500044","0.49935","0.0331531","0.509582","0.566493","1.23917","1.74885e-15","3.1974","3.21646","2.96777","7.11519","0","0","0","0","0","0","0","0"
"9.42038","0.500044","0.49935","0.0331532","0.509502","0.56634","1.23933","1.75064e-15","3.19188","3.21573","2.95981","7.14369","0","0","0","0","0","0","0","0"
"9.42392","0.500044","0.49935","0.0331533","0.50979","0.566698","1.23721","1.75083e-15","3.18846","3.21244","2.95801","7.14807","0","0","0","0","0","0","0","0"
"9.42723","0.500044","0.49935","0.0331534","0.509859","0.566795","1.2362","1.75018e-15","3.18027","3.20934","2.95758","7.15454","0","0","0","0","0","0","0","0"
"9.4307","0.500044","0.49935","0.0331474","0.510022","0.566927","1.23758","1.75054e-15","3.17368","3.20588","2.95678","7.14188","0","0","0","0","0","0","0","0"
"9.43567","0.500044","0.499668","0.0331339","0.509938","0.567178","1.23787","1.74853e-15","3.17268","3.20875","2.98016","7.12697","0","0","0","0","0","0","0","0"
"9.43903","0.500044","0.499668","0.0331233","0.509764","0.5667","1.23831","1.74967e-15","3.1656","3.20275","2.97121","7.14853","0","0","0","0","0","0","0","0"
"9.44238","0.500044","0.499668","0.0331143","0.510425","0.567827","1.24095","1.75018e-15","3.16158","3.20042","2.96118","7.14146","0","0","0","0","0","0","0","0"
"9.44628","0.500044","0.499668","0.0330989","0.509227","0.566586","1.23869","1.74765e-15","3.16266","3.20125","2.96233","7.12655","0","0","0","0","0","0","0","0"
"9.44963","0.500044","0.499931","0.0330797","0.508175","0.565753","1.23423","1.74891e-15","3.16918","3.20569","2.97745","7.15446","0","0","0","0","0","0","0","0"
"9.45303","0.500044","0.499931","0.0330574","0.508068","0.565541","1.23071","1.74802e-15","3.16954","3.20195","2.98128","7.144","0","0","0","0","0","0","0","0"
"9.45642","0.500044","0.499931","0.0330382","0.507535","0.565318","1.23292","1.74734e-15","3.16706","3.19747","2.96928","7.15387","0","0","0","0","0","0","0","0"
"9.4598","0.500044","0.499931","0.0330158","0.507617","0.565622","1.23109","1.74903e-15","3.16892","3.19428","2.97089","7.17508","0","0","0","0","0","0","0","0"
"9.46328","0.500044","0.499931","0.0329989","0.50727","0.565113","1.22866","1.74729e-15","3.17068","3.1949","2.97059","7.15354","0","0","0","0","0","0","0","0"
"9.46652","0.500044","0.500277","0.0329842","0.507522","0.565288","1.22925","1.7474e-15","3.16364","3.19762","2.97045","7.15963","0","0","0","0","0","0","0","0"
"9.47003","0.500044","0.500277","0.0329717","0.50767","0.565403","1.2273","1.74831e-15","3.16079","3.19796","2.97181","7.167","0","0","0","0","0","0","0","0"
"9.47342","0.500044","0.500277","0.032957","0.507415","0.56492","1.22841","1.74741e-15","3.15732","3.19258","2.97104","7.16249","0","0","0","0","0","0","0","0"
"9.4768","0.500044","0.500277","0.0329444","0.506885","0.564534","1.22527","1.74846e-15","3.15627","3.18943","2.97561","7.17002","0","0","0","0","0","0","0","0"
"9.48028","0.500044","0.500277","0.0329318","0.506159","0.56377","1.22465","1.74774e-15","3.15651","3.192","2.96633","7.1462","0","0","0","0","0","0","0","0"
"9.48357","0.500044","0.500247","0.0329233","0.506889","0.564304","1.22675","1.74882e-15","3.1541","3.19208","2.95358","7.16256","0","0","0","0","0","0","0","0"
"9.48695","0.500044","0.500247","0.0329134","0.507237","0.564521","1.23113","1.74989e-15","3.14609","3.19323","2.9417","7.15398","0","0","0","0","0","0","0","0"
"9.49035","0.500044","0.500247","0.0329049","0.506633","0.563718","1.23223","1.74859e-15","3.1478","3.19367","2.93469","7.1399","0","0","0","0","0","0","0","0"
"9.49373","0.500044","0.500247","0.032895","0.506382","0.56319","1.22739","1.75023e-15","3.14952","3.19588","2.9486","7.14331","0","0","0","0","0","0","0","0"
"9.49727","0.500044","0.500247","0.0328859","0.505836","0.562569","1.22454","1.74911e-15","3.15349","3.19829","2.95153","7.13085","0","0","0","0","0","0","0","0"
"9.5005","0.500044","0.500291","0.0328743","0.506216","0.563061","1.23027","1.7481e-15","3.15151","3.19608","2.95154","7.11315","0","0","0","0","0","0","0","0"
"9.50388","0.500044","0.500291","0.0328644","0.505825","0.562513","1.22941","1.75015e-15","3.14957","3.19561","2.94694","7.12226","0","0","0","0","0","0","0","0"
"9.50728","0.500044","0.500291","0.0328529","0.506019","0.562688","1.23389","1.74872e-15","3.14322","3.18591","2.93851","7.10573","0","0","0","0","0","0","0","0"
"9.51065","0.500044","0.500291","0.032843","0.508105","0.564199","1.24754","1.74888e-15","3.15059","3.1891","2.99138","7.10803","0","0","0","0","0","0","0","0"
"9.51415","0.500044","0.500291","0.0328295","0.507738","0.564079","1.24896","1.74994e-15","3.14964","3.18442","2.97894","7.1142","0","0","0","0","0","0","0","0"
"9.51898","0.500044","0.500339","0.0328102","0.507398","0.56377","1.24734","1.74806e-15","3.14965","3.17912","2.97861","7.08843","0","0","0","0","0","0","0","0"
"9.52237","0.500044","0.500339","0.0327952","0.507881","0.564174","1.25152","1.74835e-15","3.14993","3.17258","2.97358","7.10754","0","0","0","0","0","0","0","0"
"9.52575","0.500044","0.500339","0.0327824","0.507701","0.564216","1.25272","1.74993e-15","3.14511","3.16749","2.96951","7.11516","0","0","0","0","0","0","0","0"
"9.52962","0.500044","0.500339","0.0327635","0.508215","0.56463","1.26039","1.74699e-15","3.14918","3.16277","2.9632","7.09048","0","0","0","0","0","0","0","0"
"9.53278","0.500044","0.500473","0.0327453","0.508002","0.56444","1.25767","1.7477e-15","3.14434","3.16056","2.96357","7.13185","0","0","0","0","0","0","0","0"
"9.53618","0.500044","0.500473","0.0327272","0.507504","0.564455","1.25556","1.74872e-15","3.14097","3.15574","2.96294","7.13679","0","0","0","0","0","0","0","0"
"9.53957","0.500044","0.500473","0.032706","0.507815","0.564556","1.25956","1.74666e-15","3.13478","3.14823","2.96462","7.1316","0","0","0","0","0","0","0","0"
"9.54295","0.500044","0.500473","0.0326878","0.508298","0.56485","1.25787","1.74755e-15","3.14035","3.14186","2.96337","7.15567","0","0","0","0","0","0","0","0"
"9.54643","0.500044","0.500473","0.0326683","0.507448","0.564045","1.25618","1.74783e-15","3.1402","3.14275","2.96429","7.14837","0","0","0","0","0","0","0","0"
"9.5498","0.500044","0.500837","0.0326529","0.507085","0.563729","1.2521","1.74559e-15","3.1444","3.14258","2.97258","7.15307","0","0","0","0","0","0","0","0"
"9.55318","0.500044","0.500837","0.0326397","0.506865","0.563242","1.24797","1.74691e-15","3.14476","3.14095","2.98362","7.152","0","0","0","0","0","0","0","0"
"9.55657","0.500044","0.500837","0.0326243","0.506566","0.562887","1.2449","1.74623e-15","3.13815","3.13662","2.99004","7.13611","0","0","0","0","0","0","0","0"
"9.55995","0.500044","0.500837","0.0326111","0.5068","0.56285","1.24599","1.74637e-15","3.1388","3.14001","2.98634","7.14529","0","0","0","0","0","0","0","0"
"9.56343","0.500044","0.500837","0.0326013","0.506422","0.562781","1.24401","1.74652e-15","3.13649","3.14335","2.98612","7.12886","0","0","0","0","0","0","0","0"
"9.56673","0.500044","0.501096","0.0325992","0.506692","0.563046","1.24921","1.74495e-15","3.14147","3.14049","2.99923","7.1194","0","0","0","0","0","0","0","0"
"9.57012","0.500044","0.501096","0.0325969","0.506245","0.562472","1.24764","1.74592e-15","3.13607","3.13705","2.99588","7.1313","0","0","0","0","0","0","0","0"
"9.5735","0.500044","0.501096","0.0325949","0.50664","0.562579","1.24853","1.74575e-15","3.13142","3.13408","2.99616","7.12108","0","0","0","0","0","0","0","0"
"9.57688","0.500044","0.501096","0.0325925","0.505699","0.561737","1.24283","1.74353e-15","3.13693","3.13989","3.01505","7.11941","0","0","0","0","0","0","0","0"
"9.58038","0.500044","0.501096","0.0325913","0.505264","0.561225","1.24013","1.74224e-15","3.13686","3.14044","3.019","7.10643","0","0","0","0","0","0","0","0"
"9.58365","0.500044","0.501142","0.0325908","0.505651","0.561343","1.23975","1.7416e-15","3.12988","3.13195","3.01354","7.10258","0","0","0","0","0","0","0","0"
"9.58717","0.500044","0.501142","0.0325903","0.505438","0.560887","1.23606","1.74013e-15","3.12825","3.12897","3.02314","7.0901","0","0","0","0","0","0","0","0"
"9.59042","0.500044","0.501142","0.0325898","0.505437","0.560859","1.23242","1.74159e-15","3.12907","3.12838","3.02912","7.09372","0","0","0","0","0","0","0","0"
"9.59382","0.500044","0.501142","0.0325893","0.505395","0.560785","1.23243","1.74215e-15","3.12504","3.1242","3.02327","7.08663","0","0","0","0","0","0","0","0"
"9.5973","0.500044","0.501142","0.0325854","0.505006","0.560331","1.22812","1.7398e-15","3.12579","3.12503","3.03317","7.0664","0","0","0","0","0","0","0","0"
"9.6024","0.500044","0.501178","0.032576","0.50451","0.559918","1.22409","1.74084e-15","3.12041","3.12534","3.03937","7.08073","0","0","0","0","0","0","0","0"
"9.60578","0.500044","0.501178","0.0325703","0.504371","0.55967","1.22293","1.73978e-15","3.12327","3.12609","3.03399","7.06574","0","0","0","0","0","0","0","0"
"9.60917","0.500044","0.501178","0.0325638","0.503854","0.559113","1.22234","1.74001e-15","3.12047","3.12673","3.02508","7.10495","0","0","0","0","0","0","0","0"
"9.61295","0.500044","0.501178","0.0325537","0.504343","0.559533","1.22379","1.73992e-15","3.11807","3.12318","3.01887","7.10528","0","0","0","0","0","0","0","0"
"9.6162","0.500044","0.501154","0.0325377","0.504896","0.560229","1.22137","1.73808e-15","3.1153","3.11715","3.02299","7.09211","0","0","0","0","0","0","0","0"
"9.61958","0.500044","0.501154","0.0325189","0.50559","0.560719","1.2297","1.73969e-15","3.12579","3.1152","3.02539","7.11252","0","0","0","0","0","0","0","0"
"9.62298","0.500044","0.501154","0.0325029","0.504885","0.559763","1.23159","1.73839e-15","3.12706","3.11628","3.01336","7.09691","0","0","0","0","0","0","0","0"
"9.62637","0.500044","0.501154","0.0324841","0.504985","0.560077","1.23417","1.73802e-15","3.12121","3.11955","3.00466","7.10567","0","0","0","0","0","0","0","0"
"9.62985","0.500044","0.501154","0.0324692","0.504296","0.55969","1.2309","1.73784e-15","3.1241","3.11975","3.01183","7.10515","0","0","0","0","0","0","0","0"
"9.63313","0.500044","0.501173","0.0324543","0.503867","0.559193","1.22815","1.73533e-15","3.12217","3.1165","3.01401","7.10584","0","0","0","0","0","0","0","0"
"9.63652","0.500044","0.501173","0.0324416","0.503006","0.558222","1.22394","1.73636e-15","3.12371","3.11808","3.02566","7.09602","0","0","0","0","0","0","0","0"
"9.6399","0.500044","0.501173","0.0324267","0.503465","0.558574","1.22753","1.73586e-15","3.11965","3.10989","3.0216","7.08135","0","0","0","0","0","0","0","0"
"9.64328","0.500044","0.501173","0.032414","0.503491","0.558854","1.22581","1.73552e-15","3.11978","3.10732","3.02274","7.0868","0","0","0","0","0","0","0","0"
"9.64677","0.500044","0.501173","0.032404","0.503008","0.558635","1.22824","1.73577e-15","3.11831","3.103","3.01166","7.08352","0","0","0","0","0","0","0","0"
"9.65007","0.500044","0.501313","0.0324011","0.50269","0.558597","1.23014","1.73524e-15","3.11753","3.1016","3.00018","7.06143","0","0","0","0","0","0","0","0"
"9.65343","0.500044","0.501313","0.0323978","0.502922","0.558805","1.22904","1.73461e-15","3.11485","3.10097","2.99539","7.05906","0","0","0","0","0","0","0","0"
"9.65682","0.500044","0.501313","0.0323949","0.502626","0.558419","1.22602","1.73634e-15","3.11262","3.09968","3.0013","7.07526","0","0","0","0","0","0","0","0"
"9.6602","0.500044","0.501313","0.0323915","0.502793","0.558573","1.22867","1.73497e-15","3.11422","3.09622","3.00496","7.05617","0","0","0","0","0","0","0","0"
"9.66365","0.500044","0.501313","0.0323938","0.50281","0.558865","1.24093","1.73331e-15","3.10993","3.09592","3.03672","7.04109","0","0","0","0","0","0","0","0"
"9.66702","0.500044","0.501232","0.0324026","0.502526","0.558607","1.23975","1.73452e-15","3.10458","3.0944","3.03102","7.05084","0","0","0","0","0","0","0","0"
"9.67035","0.500044","0.501232","0.0324101","0.502029","0.558287","1.2372","1.73281e-15","3.10673","3.09326","3.03469","7.03055","0","0","0","0","0","0","0","0"
"9.67378","0.500044","0.501232","0.032419","0.502177","0.558298","1.23856","1.73391e-15","3.09988","3.09601","3.02585","7.05785","0","0","0","0","0","0","0","0"
"9.67718","0.500044","0.501232","0.0324265","0.501901","0.558337","1.2381","1.73534e-15","3.09809","3.09485","3.01953","7.07555","0","0","0","0","0","0","0","0"
"9.68067","0.500044","0.501232","0.0324357","0.501191","0.557682","1.23491","1.73336e-15","3.09701","3.09168","3.02518","7.05885","0","0","0","0","0","0","0","0"
"9.68577","0.500044","0.501236","0.0324492","0.500577","0.557247","1.22962","1.73569e-15","3.09186","3.08665","3.03691","7.07954","0","0","0","0","0","0","0","0"
"9.68915","0.500044","0.501236","0.0324574","0.500032","0.556752","1.22664","1.73517e-15","3.08907","3.08512","3.04093","7.05944","0","0","0","0","0","0","0","0"
"9.69253","0.500044","0.501236","0.0324669","0.500417","0.557012","1.22733","1.73661e-15","3.08566","3.08294","3.03011","7.06341","0","0","0","0","0","0","0","0"
"9.69625","0.500044","0.501236","0.0324753","0.501042","0.558166","1.22399","1.73634e-15","3.08569","3.07942","3.03579","7.05831","0","0","0","0","0","0","0","0"
"9.69957","0.500044","0.501268","0.0324804","0.501843","0.559102","1.22207","1.73548e-15","3.08259","3.0749","3.03965","7.07467","0","0","0","0","0","0","0","0"
"9.70295","0.500044","0.501268","0.0324863","0.502187","0.559871","1.22548","1.73771e-15","3.08207","3.06946","3.03382","7.0739","0","0","0","0","0","0","0","0"
"9.71042","0.500044","0.501268","0.0324973","0.502404","0.561122","1.23304","1.73756e-15","3.07981","3.06607","3.07102","7.08623","0","0","0","0","0","0","0","0"
"9.71377","0.500044","0.501268","0.0325013","0.502455","0.56143","1.23397","1.7366e-15","3.07794","3.06393","3.06722","7.07874","0","0","0","0","0","0","0","0"
"9.71652","0.500044","0.50124","0.0325034","0.50166","0.560956","1.22943","1.73571e-15","3.08173","3.06627","3.0773","7.0705","0","0","0","0","0","0","0","0"
"9.7199","0.500044","0.50124","0.0325053","0.501201","0.560758","1.22712","1.73801e-15","3.0803","3.06653","3.07891","7.09092","0","0","0","0","0","0","0","0"
"9.72332","0.500044","0.50124","0.0325074","0.501331","0.561094","1.23023","1.73757e-15","3.07856","3.06201","3.06441","7.07505","0","0","0","0","0","0","0","0"
"9.72672","0.500044","0.50124","0.0325092","0.501365","0.5615","1.23031","1.73887e-15","3.07771","3.05829","3.06351","7.09963","0","0","0","0","0","0","0","0"
"9.7305","0.500044","0.50124","0.032511","0.502293","0.562378","1.23651","1.73815e-15","3.0695","3.05683","3.0516","7.08891","0","0","0","0","0","0","0","0"
"9.73345","0.500044","0.501758","0.032512","0.501624","0.561889","1.23681","1.73802e-15","3.06848","3.05349","3.04179","7.09163","0","0","0","0","0","0","0","0"
"9.73683","0.500044","0.501758","0.0325131","0.501391","0.562054","1.23916","1.74011e-15","3.0676","3.05036","3.02081","7.09368","0","0","0","0","0","0","0","0"
"9.74022","0.500044","0.501758","0.0325141","0.501175","0.561859","1.23856","1.73865e-15","3.06409","3.05118","3.01369","7.07856","0","0","0","0","0","0","0","0"
"9.74355","0.500044","0.501758","0.0325153","0.501019","0.561613","1.23766","1.73996e-15","3.05806","3.048","3.01115","7.09377","0","0","0","0","0","0","0","0"
"9.74723","0.500044","0.501758","0.0325134","0.501006","0.561736","1.23715","1.73931e-15","3.05241","3.04162","3.00668","7.08954","0","0","0","0","0","0","0","0"
"9.7505","0.500044","0.502129","0.032508","0.501094","0.561968","1.23608","1.7382e-15","3.05106","3.04036","2.99921","7.08635","0","0","0","0","0","0","0","0"
"9.75388","0.500044","0.502129","0.0325033","0.501858","0.562767","1.23893","1.7406e-15","3.04923","3.04422","2.99146","7.11377","0","0","0","0","0","0","0","0"
"9.75723","0.500044","0.502129","0.0324979","0.501328","0.562234","1.24001","1.73907e-15","3.04743","3.04823","2.97863","7.09429","0","0","0","0","0","0","0","0"
"9.7608","0.500044","0.502129","0.0324924","0.502124","0.563058","1.24265","1.74042e-15","3.04571","3.04557","2.96799","7.11394","0","0","0","0","0","0","0","0"
"9.76428","0.500044","0.502129","0.0324934","0.501997","0.562999","1.24092","1.73984e-15","3.04337","3.04581","2.9738","7.10018","0","0","0","0","0","0","0","0"
"9.76912","0.500044","0.502308","0.0324998","0.501624","0.563122","1.23569","1.73927e-15","3.04724","3.0408","2.98582","7.07284","0","0","0","0","0","0","0","0"
"9.7725","0.500044","0.502308","0.0325036","0.501743","0.563238","1.23505","1.7422e-15","3.04613","3.03446","2.98724","7.09778","0","0","0","0","0","0","0","0"
"9.77588","0.500044","0.502308","0.0325081","0.50163","0.563379","1.23053","1.74357e-15","3.04917","3.03304","2.99848","7.10632","0","0","0","0","0","0","0","0"
"9.7796","0.500044","0.502308","0.032513","0.501473","0.562977","1.22717","1.74194e-15","3.04566","3.02849","3.00287","7.0905","0","0","0","0","0","0","0","0"
"9.78292","0.500044","0.502533","0.0325184","0.501614","0.563532","1.22421","1.74296e-15","3.05058","3.03601","3.01256","7.1008","0","0","0","0","0","0","0","0"
"9.78627","0.500044","0.502533","0.0325247","0.502712","0.564417","1.22562","1.74347e-15","3.04806","3.03183","3.00567","7.10867","0","0","0","0","0","0","0","0"
"9.78968","0.500044","0.502533","0.03253","0.502941","0.564806","1.22705","1.74342e-15","3.0457","3.03141","3.00421","7.10661","0","0","0","0","0","0","0","0"
"9.79303","0.500044","0.502533","0.0325363","0.502785","0.564833","1.22617","1.74548e-15","3.0455","3.02867","3.00445","7.11646","0","0","0","0","0","0","0","0"
"9.79653","0.500044","0.502533","0.0325415","0.502793","0.565205","1.23115","1.7443e-15","3.04127","3.028","3.00024","7.10293","0","0","0","0","0","0","0","0"
"9.79982","0.500044","0.502819","0.0325473","0.50345","0.565887","1.23449","1.74373e-15","3.03769","3.02473","2.99972","7.10776","0","0","0","0","0","0","0","0"
"9.8032","0.500044","0.502819","0.0325522","0.5033","0.566054","1.23047","1.74617e-15","3.03516","3.01966","3.01043","7.11702","0","0","0","0","0","0","0","0"
"9.80658","0.500044","0.502819","0.0325579","0.502738","0.565598","1.22446","1.74498e-15","3.03378","3.01987","3.03213","7.10599","0","0","0","0","0","0","0","0"
"9.80997","0.500044","0.502819","0.0325628","0.501783","0.564715","1.22304","1.74419e-15","3.03746","3.02349","3.02952","7.10823","0","0","0","0","0","0","0","0"
"9.81347","0.500044","0.502819","0.032568","0.501385","0.564683","1.22151","1.74433e-15","3.03383","3.02329","3.02617","7.12006","0","0","0","0","0","0","0","0"
"9.81675","0.500044","0.503238","0.0325718","0.501224","0.564562","1.22233","1.74254e-15","3.0363","3.02645","3.01474","7.1096","0","0","0","0","0","0","0","0"
"9.82013","0.500044","0.503238","0.0325763","0.501069","0.564641","1.22272","1.74409e-15","3.0312","3.02348","3.00911","7.11535","0","0","0","0","0","0","0","0"
"9.82352","0.500044","0.503238","0.0325801","0.500724","0.564585","1.22077","1.74486e-15","3.02709","3.02014","3.00792","7.11855","0","0","0","0","0","0","0","0"
"9.8269","0.500044","0.503238","0.0325845","0.500223","0.56412","1.21834","1.74379e-15","3.02299","3.01919","3.01084","7.1","0","0","0","0","0","0","0","0"
"9.83038","0.500044","0.503238","0.0325874","0.499799","0.563738","1.21687","1.74358e-15","3.02294","3.01773","3.01174","7.09822","0","0","0","0","0","0","0","0"
"9.83367","0.500044","0.503568","0.0325896","0.499429","0.563479","1.21574","1.7437e-15","3.02687","3.01794","3.01018","7.10614","0","0","0","0","0","0","0","0"
"9.83705","0.500044","0.503568","0.0325915","0.499907","0.563762","1.21453","1.74262e-15","3.01982","3.01651","3.00843","7.10016","0","0","0","0","0","0","0","0"
"9.84043","0.500044","0.503568","0.0325938","0.500087","0.563994","1.21276","1.74491e-15","3.01531","3.01631","3.01012","7.11185","0","0","0","0","0","0","0","0"
"9.84383","0.500044","0.503568","0.0325957","0.501292","0.565662","1.21642","1.7434e-15","3.02325","3.03128","3.01061","7.10979","0","0","0","0","0","0","0","0"
"9.84732","0.500044","0.503568","0.0325982","0.501949","0.566557","1.21745","1.74246e-15","3.0395","3.04781","3.00847","7.10238","0","0","0","0","0","0","0","0"
"9.85238","0.500044","0.50347","0.0326023","0.501256","0.566149","1.21477","1.74431e-15","3.04343","3.04716","3.00781","7.1135","0","0","0","0","0","0","0","0"
"9.85575","0.500044","0.50347","0.0326047","0.501041","0.565874","1.21761","1.74277e-15","3.04546","3.04677","2.98847","7.09599","0","0","0","0","0","0","0","0"
"9.85908","0.500044","0.50347","0.0326071","0.501167","0.565841","1.21834","1.74328e-15","3.04178","3.04508","2.97719","7.09615","0","0","0","0","0","0","0","0"
"9.86295","0.500044","0.50347","0.0326104","0.501457","0.566312","1.2155","1.74479e-15","3.04278","3.04199","2.97765","7.08746","0","0","0","0","0","0","0","0"
"9.86632","0.500044","0.503572","0.0326128","0.501086","0.566495","1.21472","1.74425e-15","3.04489","3.04311","2.97361","7.08157","0","0","0","0","0","0","0","0"
"9.86967","0.500044","0.503572","0.0326157","0.501174","0.566961","1.21268","1.74326e-15","3.0458","3.0489","2.97511","7.05158","0","0","0","0","0","0","0","0"
"9.8762","0.500044","0.503572","0.0326182","0.501428","0.567151","1.21162","1.74425e-15","3.04548","3.04581","2.97099","7.0632","0","0","0","0","0","0","0","0"
"9.87742","0.500044","0.503572","0.0326211","0.500789","0.566767","1.20638","1.74605e-15","3.05233","3.04814","2.98732","7.06825","0","0","0","0","0","0","0","0"
"9.87993","0.500044","0.503572","0.0326233","0.501165","0.566959","1.2053","1.74471e-15","3.05306","3.04294","2.98258","7.05639","0","0","0","0","0","0","0","0"
"9.88318","0.500044","0.504045","0.0326253","0.500802","0.566883","1.20557","1.74363e-15","3.05071","3.04126","2.9813","7.04521","0","0","0","0","0","0","0","0"
"9.88658","0.500044","0.504045","0.0326269","0.500667","0.566769","1.20501","1.74561e-15","3.05395","3.03858","2.98098","7.04736","0","0","0","0","0","0","0","0"
"9.89005","0.500044","0.504045","0.0326289","0.500655","0.566995","1.20509","1.7475e-15","3.04936","3.03447","2.97479","7.06839","0","0","0","0","0","0","0","0"
"9.89342","0.500044","0.504045","0.0326306","0.499914","0.566366","1.20193","1.74677e-15","3.05642","3.03849","2.98348","7.04944","0","0","0","0","0","0","0","0"
"9.89688","0.500044","0.504045","0.0326298","0.499263","0.565862","1.20321","1.74484e-15","3.05791","3.04097","2.98242","7.03063","0","0","0","0","0","0","0","0"
"9.90018","0.500044","0.504326","0.032626","0.499205","0.566064","1.20097","1.74687e-15","3.06209","3.04809","2.98672","7.04987","0","0","0","0","0","0","0","0"
"9.90358","0.500044","0.504326","0.0326215","0.498791","0.565699","1.20245","1.74837e-15","3.06481","3.0471","2.97254","7.05029","0","0","0","0","0","0","0","0"
"9.90695","0.500044","0.504326","0.0326176","0.49843","0.565823","1.19829","1.747e-15","3.06435","3.0459","2.98431","7.03861","0","0","0","0","0","0","0","0"
"9.91033","0.500044","0.504326","0.0326131","0.498139","0.565822","1.19954","1.74663e-15","3.0634","3.04233","2.97073","7.0348","0","0","0","0","0","0","0","0"
"9.91382","0.500044","0.504326","0.0326089","0.497895","0.566231","1.20038","1.74598e-15","3.06515","3.04091","2.96532","7.03282","0","0","0","0","0","0","0","0"
"9.9171","0.500044","0.504433","0.0326036","0.497306","0.566204","1.19607","1.74704e-15","3.06384","3.03854","2.97697","7.04617","0","0","0","0","0","0","0","0"
"9.92048","0.500044","0.504433","0.032599","0.497132","0.566043","1.19917","1.74541e-15","3.07076","3.04391","2.97595","7.02946","0","0","0","0","0","0","0","0"
"9.92387","0.500044","0.504433","0.0325937","0.497484","0.566294","1.20119","1.74577e-15","3.08041","3.04573","2.97165","7.04112","0","0","0","0","0","0","0","0"
"9.92725","0.500044","0.504433","0.0325891","0.496897","0.565975","1.19955","1.74793e-15","3.08051","3.04477","2.97004","7.0631","0","0","0","0","0","0","0","0"
"9.93075","0.500044","0.504433","0.0325854","0.498039","0.567413","1.20711","1.74756e-15","3.08196","3.05435","2.9856","7.04511","0","0","0","0","0","0","0","0"
"9.93585","0.500044","0.504302","0.032582","0.499176","0.568212","1.2206","1.74552e-15","3.08706","3.0578","3.02719","7.02455","0","0","0","0","0","0","0","0"
"9.93923","0.500044","0.504302","0.03258","0.498285","0.567775","1.22288","1.74673e-15","3.08873","3.05832","3.0237","7.03967","0","0","0","0","0","0","0","0"
"9.94262","0.500044","0.504302","0.0325776","0.498063","0.567957","1.22605","1.74816e-15","3.08731","3.05464","3.00479","7.05375","0","0","0","0","0","0","0","0"
"9.94628","0.500044","0.504302","0.0325768","0.497603","0.568157","1.22292","1.74601e-15","3.082","3.05138","3.00707","7.03664","0","0","0","0","0","0","0","0"
"9.94965","0.500044","0.504355","0.0325793","0.497037","0.567728","1.2192","1.74465e-15","3.07943","3.04945","3.01511","7.03487","0","0","0","0","0","0","0","0"
"9.95303","0.500044","0.504355","0.0325823","0.497449","0.568422","1.21879","1.74596e-15","3.08022","3.06266","3.00658","7.0484","0","0","0","0","0","0","0","0"
"9.95643","0.500044","0.504355","0.0325848","0.497126","0.568122","1.21495","1.747e-15","3.07867","3.06075","3.01704","7.06021","0","0","0","0","0","0","0","0"
"9.9598","0.500044","0.504355","0.0325878","0.496513","0.567943","1.21261","1.74502e-15","3.07887","3.05837","3.01736","7.0473","0","0","0","0","0","0","0","0"
"9.9633","0.500044","0.504355","0.0325896","0.497403","0.568497","1.21173","1.74367e-15","3.08403","3.05918","3.01668","7.02847","0","0","0","0","0","0","0","0"
"9.96658","0.500044","0.504607","0.0325899","0.497453","0.569428","1.21506","1.74395e-15","3.07677","3.05854","3.00204","7.05384","0","0","0","0","0","0","0","0"
"9.96997","0.500044","0.504607","0.0325901","0.497261","0.569298","1.21255","1.74617e-15","3.07487","3.05634","3.00647","7.0595","0","0","0","0","0","0","0","0"
"9.97335","0.500044","0.504607","0.0325904","0.497154","0.569489","1.21755","1.74537e-15","3.06972","3.04905","3.00836","7.04461","0","0","0","0","0","0","0","0"
"9.97673","0.500044","0.504607","0.0325907","0.497204","0.569759","1.21588","1.74386e-15","3.06683","3.05205","3.00668","7.03605","0","0","0","0","0","0","0","0"
"9.98022","0.500044","0.504607","0.0325891","0.498272","0.57105","1.21616","1.74393e-15","3.06679","3.05772","3.00292","7.06008","0","0","0","0","0","0","0","0"
"9.9835","0.500044","0.504773","0.0325855","0.498562","0.571451","1.21495","1.74709e-15","3.06212","3.06599","2.9988","7.09296","0","0","0","0","0","0","0","0"
"9.98688","0.500044","0.504773","0.0325813","0.498251","0.57136","1.21058","1.74762e-15","3.05789","3.06147","3.00916","7.0775","0","0","0","0","0","0","0","0"
"9.99027","0.500044","0.504773","0.0325777","0.497663","0.571058","1.20868","1.74588e-15","3.05575","3.0562","3.00713","7.05857","0","0","0","0","0","0","0","0"
"9.99365","0.500044","0.504773","0.0325734","0.498596","0.571909","1.20914","1.74421e-15","3.07316","3.06575","2.99483","7.06105","0","0","0","0","0","0","0","0"
"9.99715","0.500044","0.504773","0.0325684","0.498503","0.572","1.20837","1.74461e-15","3.06934","3.06583","2.99329","7.06738","0","0","0","0","0","0","0","0"
"10.0004","0.500044","0.505114","0.0325609","0.49841","0.572303","1.21191","1.74683e-15","3.07725","3.07565","2.98052","7.10068","0","0","0","0","0","0","0","0"
"10.0038","0.500044","0.505114","0.0325545","0.499036","0.573159","1.21034","1.7472e-15","3.06964","3.06653","2.98059","7.08892","0","0","0","0","0","0","0","0"
"10.0072","0.500044","0.505114","0.0325469","0.498785","0.572998","1.21312","1.74509e-15","3.07907","3.06755","2.99225","7.06699","0","0","0","0","0","0","0","0"
"10.0107","0.500044","0.505114","0.0325405","0.498119","0.572756","1.20984","1.74406e-15","3.07769","3.06891","2.99943","7.05509","0","0","0","0","0","0","0","0"
"10.0141","0.500044","0.505114","0.0325318","0.498151","0.572881","1.21092","1.74382e-15","3.07624","3.07287","2.99362","7.05551","0","0","0","0","0","0","0","0"
"10.0192","0.500044","0.505598","0.0325181","0.498015","0.573042","1.2207","1.74546e-15","3.08203","3.07499","2.99541","7.05774","0","0","0","0","0","0","0","0"
"10.0226","0.500044","0.505598","0.0325099","0.497683","0.5732","1.21931","1.74392e-15","3.08084","3.07761","2.99329","7.03792","0","0","0","0","0","0","0","0"
"10.026","0.500044","0.505598","0.0325003","0.496887","0.572563","1.21463","1.74301e-15","3.08191","3.07626","3.00599","7.03836","0","0","0","0","0","0","0","0"
"10.0296","0.500044","0.505598","0.0324902","0.496403","0.572084","1.21231","1.74437e-15","3.07745","3.0717","3.00545","7.036","0","0","0","0","0","0","0","0"
"10.033","0.500044","0.505982","0.0324802","0.496432","0.572304","1.20757","1.74405e-15","3.07233","3.06806","3.02219","7.02688","0","0","0","0","0","0","0","0"
"10.0364","0.500044","0.505982","0.0324686","0.496388","0.572358","1.21147","1.74275e-15","3.07212","3.06303","3.01152","7.01088","0","0","0","0","0","0","0","0"
"10.0398","0.500044","0.505982","0.0324587","0.495412","0.571565","1.20872","1.74321e-15","3.07528","3.06386","3.01992","7.02091","0","0","0","0","0","0","0","0"
"10.0431","0.500044","0.505982","0.0324471","0.495645","0.572075","1.20912","1.74447e-15","3.07692","3.06571","3.02479","7.03655","0","0","0","0","0","0","0","0"
"10.0466","0.500044","0.505982","0.0324384","0.495616","0.571999","1.20588","1.7439e-15","3.09507","3.07595","3.03242","7.01879","0","0","0","0","0","0","0","0"
"10.0499","0.500044","0.506098","0.0324312","0.496169","0.57277","1.2073","1.74236e-15","3.09461","3.08087","3.01775","7.01527","0","0","0","0","0","0","0","0"
"10.0533","0.500044","0.506098","0.0324251","0.49606","0.572826","1.20811","1.74396e-15","3.09126","3.08044","3.00466","7.04063","0","0","0","0","0","0","0","0"
"10.0567","0.500044","0.506098","0.032418","0.496669","0.573224","1.20836","1.74493e-15","3.09152","3.07977","2.998","7.04439","0","0","0","0","0","0","0","0"
"10.0601","0.500044","0.506098","0.0324119","0.496514","0.573444","1.20924","1.74419e-15","3.08723","3.07386","2.98921","7.0226","0","0","0","0","0","0","0","0"
"10.0635","0.500044","0.506098","0.0324063","0.496454","0.573059","1.21068","1.74245e-15","3.08385","3.07388","2.98668","7.00477","0","0","0","0","0","0","0","0"
"10.0669","0.500044","0.506067","0.0324032","0.496134","0.573177","1.21144","1.74375e-15","3.08574","3.07109","2.98049","7.04457","0","0","0","0","0","0","0","0"
"10.0702","0.500044","0.506067","0.0323996","0.495003","0.572247","1.2098","1.74582e-15","3.09268","3.07268","2.97596","7.05544","0","0","0","0","0","0","0","0"
"10.0736","0.500044","0.506067","0.0323966","0.495368","0.572504","1.20957","1.7441e-15","3.09405","3.07316","2.97463","7.03939","0","0","0","0","0","0","0","0"
"10.077","0.500044","0.506067","0.032393","0.495084","0.572356","1.20897","1.74371e-15","3.08949","3.06894","2.97037","7.02265","0","0","0","0","0","0","0","0"
"10.0805","0.500044","0.506067","0.0323895","0.495266","0.572483","1.21301","1.74329e-15","3.09103","3.06426","2.95685","7.02939","0","0","0","0","0","0","0","0"
"10.0838","0.500044","0.50628","0.032385","0.495152","0.572245","1.20913","1.74366e-15","3.09413","3.0664","2.96432","7.0458","0","0","0","0","0","0","0","0"
"10.0871","0.500044","0.50628","0.0323811","0.495434","0.573125","1.20884","1.74145e-15","3.09235","3.07188","2.95572","7.03161","0","0","0","0","0","0","0","0"
"10.0905","0.500044","0.50628","0.0323765","0.495333","0.573298","1.20753","1.74172e-15","3.08888","3.06806","2.95374","7.03924","0","0","0","0","0","0","0","0"
"10.0939","0.500044","0.50628","0.0323726","0.495215","0.573359","1.20625","1.74402e-15","3.0842","3.06134","2.95017","7.05378","0","0","0","0","0","0","0","0"
"10.0974","0.500044","0.50628","0.0323683","0.494826","0.573352","1.20579","1.74279e-15","3.08402","3.0595","2.93929","7.03807","0","0","0","0","0","0","0","0"
"10.1025","0.500044","0.506429","0.0323624","0.494624","0.572839","1.20589","1.74065e-15","3.08686","3.05654","2.92427","7.03675","0","0","0","0","0","0","0","0"
"10.1059","0.500044","0.506429","0.0323588","0.494153","0.57282","1.20704","1.7433e-15","3.08467","3.05228","2.9125","7.06504","0","0","0","0","0","0","0","0"
"10.1093","0.500044","0.506429","0.0323546","0.49404","0.573069","1.20563","1.74459e-15","3.08605","3.04749","2.91427","7.07253","0","0","0","0","0","0","0","0"
"10.1129","0.500044","0.506429","0.0323513","0.493826","0.57293","1.20505","1.74286e-15","3.08614","3.04569","2.90736","7.0489","0","0","0","0","0","0","0","0"
"10.1163","0.500044","0.506545","0.0323501","0.493572","0.572759","1.20106","1.74215e-15","3.08447","3.04566","2.92064","7.04753","0","0","0","0","0","0","0","0"
"10.1197","0.500044","0.506545","0.0323488","0.493306","0.572447","1.19619","1.74467e-15","3.08249","3.04299","2.93554","7.08168","0","0","0","0","0","0","0","0"
"10.1231","0.500044","0.506545","0.0323476","0.492487","0.571923","1.19249","1.74608e-15","3.08586","3.04187","2.94473","7.09514","0","0","0","0","0","0","0","0"
"10.1265","0.500044","0.506545","0.0323463","0.492851","0.572355","1.19143","1.74429e-15","3.08106","3.03555","2.93921","7.07977","0","0","0","0","0","0","0","0"
"10.13","0.500044","0.506545","0.0323445","0.49234","0.572272","1.19033","1.74334e-15","3.07985","3.035","2.93652","7.06065","0","0","0","0","0","0","0","0"
"10.1332","0.500044","0.506651","0.0323411","0.492051","0.571679","1.18877","1.74451e-15","3.08102","3.0353","2.93777","7.07819","0","0","0","0","0","0","0","0"
"10.1366","0.500044","0.506651","0.0323382","0.492246","0.572258","1.18654","1.74489e-15","3.07733","3.03525","2.93892","7.06707","0","0","0","0","0","0","0","0"
"10.14","0.500044","0.506651","0.0323348","0.492812","0.572926","1.18932","1.74258e-15","3.06898","3.03151","2.93753","7.05344","0","0","0","0","0","0","0","0"
"10.1434","0.500044","0.506651","0.0323319","0.49295","0.573122","1.19002","1.74275e-15","3.06375","3.02691","2.93039","7.06809","0","0","0","0","0","0","0","0"
"10.1469","0.500044","0.506651","0.0323279","0.492451","0.572819","1.19204","1.74373e-15","3.06299","3.02292","2.92078","7.0597","0","0","0","0","0","0","0","0"
"10.1502","0.500044","0.506609","0.0323237","0.493003","0.573565","1.19243","1.74278e-15","3.05923","3.02284","2.91602","7.05348","0","0","0","0","0","0","0","0"
"10.1536","0.500044","0.506609","0.0323189","0.49254","0.573676","1.19296","1.74225e-15","3.05904","3.02055","2.90053","7.05448","0","0","0","0","0","0","0","0"
"10.1569","0.500044","0.506609","0.0323148","0.493231","0.574279","1.1929","1.74395e-15","3.05536","3.01171","2.9041","7.0699","0","0","0","0","0","0","0","0"
"10.1603","0.500044","0.506609","0.03231","0.493168","0.574242","1.1924","1.74348e-15","3.05163","3.00888","2.90088","7.06216","0","0","0","0","0","0","0","0"
"10.1638","0.500044","0.506609","0.0323053","0.492781","0.574056","1.19429","1.74136e-15","3.0505","3.00654","2.88811","7.04296","0","0","0","0","0","0","0","0"
"10.1671","0.500044","0.50672","0.0322991","0.493504","0.575129","1.19663","1.74318e-15","3.05145","3.01574","2.87475","7.07173","0","0","0","0","0","0","0","0"
"10.1705","0.500044","0.50672","0.0322939","0.493293","0.57522","1.19466","1.74438e-15","3.0508","3.0118","2.87527","7.0732","0","0","0","0","0","0","0","0"
"10.1739","0.500044","0.50672","0.0322878","0.493272","0.575296","1.20127","1.74222e-15","3.05183","3.00694","2.86128","7.05837","0","0","0","0","0","0","0","0"
"10.1772","0.500044","0.50672","0.0322825","0.493394","0.575075","1.201","1.7421e-15","3.05138","3.00987","2.85372","7.06976","0","0","0","0","0","0","0","0"
"10.1807","0.500044","0.50672","0.0322794","0.493131","0.575112","1.20102","1.74281e-15","3.04975","3.01101","2.86165","7.08431","0","0","0","0","0","0","0","0"
"10.1858","0.500044","0.507076","0.0322783","0.492677","0.574752","1.19643","1.74104e-15","3.04838","3.01443","2.86792","7.07202","0","0","0","0","0","0","0","0"
"10.1892","0.500044","0.507076","0.0322777","0.492605","0.574797","1.19486","1.74007e-15","3.04308","3.00768","2.86822","7.06696","0","0","0","0","0","0","0","0"
"10.1926","0.500044","0.507076","0.0322769","0.492931","0.575087","1.19224","1.742e-15","3.04136","3.00797","2.86822","7.08618","0","0","0","0","0","0","0","0"
"10.1962","0.500044","0.507076","0.0322771","0.492935","0.574779","1.19133","1.74239e-15","3.05065","3.00986","2.86864","7.08483","0","0","0","0","0","0","0","0"
"10.1996","0.500044","0.507396","0.0322794","0.493018","0.574832","1.18885","1.74057e-15","3.04885","3.00657","2.87098","7.06472","0","0","0","0","0","0","0","0"
"10.203","0.500044","0.507396","0.0322821","0.492314","0.57426","1.18507","1.74085e-15","3.04775","3.00475","2.87903","7.06748","0","0","0","0","0","0","0","0"
"10.2064","0.500044","0.507396","0.0322844","0.492177","0.574202","1.18361","1.7432e-15","3.04718","3.00587","2.87981","7.08318","0","0","0","0","0","0","0","0"
"10.2098","0.500044","0.507396","0.0322871","0.491901","0.574034","1.18373","1.74457e-15","3.04916","3.00246","2.86948","7.1065","0","0","0","0","0","0","0","0"
"10.2133","0.500044","0.507396","0.0322903","0.491221","0.573053","1.18885","1.74356e-15","3.04895","3.00382","2.8558","7.07975","0","0","0","0","0","0","0","0"
"10.2166","0.500044","0.507547","0.0322961","0.491418","0.573243","1.18807","1.74271e-15","3.04412","2.99981","2.85736","7.09319","0","0","0","0","0","0","0","0"
"10.22","0.500044","0.507547","0.032301","0.491673","0.573494","1.18762","1.74503e-15","3.0441","3.00683","2.86583","7.1179","0","0","0","0","0","0","0","0"
"10.2233","0.500044","0.507547","0.0323068","0.490956","0.572572","1.18542","1.74613e-15","3.04476","3.00805","2.86417","7.12436","0","0","0","0","0","0","0","0"
"10.2267","0.500044","0.507547","0.0323117","0.490874","0.572345","1.18745","1.744e-15","3.04769","3.00746","2.85714","7.11319","0","0","0","0","0","0","0","0"
"10.2302","0.500044","0.507547","0.0323174","0.491767","0.573232","1.19342","1.74364e-15","3.0443","3.01128","2.86806","7.11703","0","0","0","0","0","0","0","0"
"10.2335","0.500044","0.507551","0.0323223","0.491932","0.573523","1.19093","1.74549e-15","3.04716","3.01092","2.8737","7.13029","0","0","0","0","0","0","0","0"
"10.2369","0.500044","0.507551","0.032328","0.491454","0.573265","1.18723","1.7439e-15","3.04577","3.0083","2.88191","7.1078","0","0","0","0","0","0","0","0"
"10.2403","0.500044","0.507551","0.0323329","0.4911","0.573159","1.18568","1.74411e-15","3.04351","3.00702","2.88165","7.13632","0","0","0","0","0","0","0","0"
"10.2437","0.500044","0.507551","0.0323386","0.490601","0.573068","1.18613","1.74644e-15","3.04413","3.01434","2.89187","7.14298","0","0","0","0","0","0","0","0"
"10.2472","0.500044","0.507551","0.0323445","0.490119","0.572592","1.18235","1.74444e-15","3.04321","3.01457","2.9051","7.12009","0","0","0","0","0","0","0","0"
"10.2504","0.500044","0.507401","0.0323525","0.490369","0.572691","1.18269","1.74449e-15","3.04286","3.01274","2.89392","7.10571","0","0","0","0","0","0","0","0"
"10.2538","0.500044","0.507401","0.0323593","0.490271","0.572518","1.18359","1.74571e-15","3.04286","3.01372","2.88991","7.09695","0","0","0","0","0","0","0","0"
"10.2572","0.500044","0.507401","0.0323673","0.48993","0.572129","1.18235","1.74408e-15","3.04085","3.01589","2.88565","7.07419","0","0","0","0","0","0","0","0"
"10.2606","0.500044","0.507401","0.0323742","0.490437","0.572552","1.18007","1.74478e-15","3.03855","3.01644","2.88994","7.08578","0","0","0","0","0","0","0","0"
"10.2641","0.500044","0.507401","0.0323816","0.490192","0.572767","1.1773","1.7451e-15","3.03647","3.01987","2.89298","7.07099","0","0","0","0","0","0","0","0"
"10.2692","0.500044","0.507442","0.0323915","0.490688","0.573097","1.17441","1.74441e-15","3.03268","3.01283","2.89455","7.06829","0","0","0","0","0","0","0","0"
"10.2725","0.500044","0.507442","0.0323974","0.491281","0.573318","1.17445","1.74655e-15","3.02708","3.00913","2.89755","7.07704","0","0","0","0","0","0","0","0"
"10.2759","0.500044","0.507442","0.0324043","0.490918","0.572774","1.17166","1.7466e-15","3.02528","3.007","2.9015","7.09345","0","0","0","0","0","0","0","0"
"10.2796","0.500044","0.507442","0.0324108","0.490526","0.572641","1.17498","1.74505e-15","3.02841","3.0066","2.89086","7.07223","0","0","0","0","0","0","0","0"
"10.283","0.500044","0.507451","0.0324157","0.490722","0.572666","1.17572","1.74614e-15","3.02589","3.00598","2.89064","7.0863","0","0","0","0","0","0","0","0"
"10.2864","0.500044","0.507451","0.0324214","0.492301","0.574203","1.17641","1.74766e-15","3.03522","3.01487","2.88687","7.11761","0","0","0","0","0","0","0","0"
"10.2899","0.500044","0.507451","0.0324263","0.492102","0.573412","1.17389","1.74617e-15","3.03263","3.01734","2.89285","7.09623","0","0","0","0","0","0","0","0"
"10.2931","0.500044","0.507451","0.032432","0.491945","0.573039","1.17219","1.7445e-15","3.02835","3.01973","2.89194","7.09045","0","0","0","0","0","0","0","0"
"10.2966","0.500044","0.507451","0.0324333","0.492628","0.573589","1.18056","1.7453e-15","3.02176","3.01865","2.92681","7.1005","0","0","0","0","0","0","0","0"
"10.2999","0.500044","0.507672","0.0324265","0.492397","0.573213","1.17834","1.74714e-15","3.02129","3.01953","2.92756","7.12205","0","0","0","0","0","0","0","0"
"10.3033","0.500044","0.507672","0.0324207","0.491665","0.572733","1.17455","1.74689e-15","3.02606","3.01713","2.93764","7.11326","0","0","0","0","0","0","0","0"
"10.3069","0.500044","0.507672","0.032414","0.491021","0.572035","1.16908","1.74499e-15","3.02777","3.01855","2.95688","7.10387","0","0","0","0","0","0","0","0"
"10.3101","0.500044","0.507672","0.0324082","0.491065","0.572203","1.16611","1.74596e-15","3.02185","3.01406","2.96396","7.11716","0","0","0","0","0","0","0","0"
"10.3136","0.500044","0.507672","0.0323991","0.491244","0.572584","1.16619","1.74645e-15","3.02523","3.01202","2.9546","7.10936","0","0","0","0","0","0","0","0"
"10.3168","0.500044","0.507923","0.0323887","0.491502","0.572369","1.16313","1.74618e-15","3.03216","3.01196","2.96376","7.09137","0","0","0","0","0","0","0","0"
"10.3202","0.500044","0.507923","0.0323766","0.491571","0.572247","1.16276","1.74436e-15","3.02862","3.00883","2.95908","7.07559","0","0","0","0","0","0","0","0"
"10.3236","0.500044","0.507923","0.0323661","0.491928","0.572398","1.16105","1.7458e-15","3.03001","3.0115","2.95831","7.09051","0","0","0","0","0","0","0","0"
"10.3278","0.500044","0.507923","0.032354","0.491631","0.571982","1.16443","1.74718e-15","3.02848","3.01036","2.94564","7.09269","0","0","0","0","0","0","0","0"
"10.3305","0.500044","0.507923","0.0323473","0.491794","0.572166","1.16131","1.74481e-15","3.03069","3.01327","2.9513","7.08423","0","0","0","0","0","0","0","0"
"10.3338","0.500044","0.507975","0.0323439","0.491644","0.571835","1.16256","1.74577e-15","3.03355","3.01208","2.93918","7.11081","0","0","0","0","0","0","0","0"
"10.3371","0.500044","0.507975","0.032341","0.491066","0.571207","1.15884","1.74693e-15","3.0338","3.01304","2.94966","7.11338","0","0","0","0","0","0","0","0"
"10.3406","0.500044","0.507975","0.0323376","0.490761","0.570929","1.15983","1.7446e-15","3.03114","3.0146","2.94146","7.10354","0","0","0","0","0","0","0","0"
"10.3439","0.500044","0.507975","0.0323347","0.491162","0.571492","1.16114","1.74571e-15","3.03083","3.01526","2.95213","7.13425","0","0","0","0","0","0","0","0"
"10.3474","0.500044","0.507975","0.0323357","0.491082","0.571454","1.16055","1.74554e-15","3.02695","3.01201","2.95837","7.13335","0","0","0","0","0","0","0","0"
"10.3525","0.500044","0.508022","0.0323418","0.490659","0.571514","1.16348","1.74487e-15","3.02602","3.00809","2.94043","7.13441","0","0","0","0","0","0","0","0"
"10.3559","0.500044","0.508022","0.0323454","0.490814","0.571606","1.16216","1.74586e-15","3.02356","3.00118","2.93788","7.14901","0","0","0","0","0","0","0","0"
"10.3593","0.500044","0.508022","0.0323497","0.490371","0.57159","1.16466","1.7446e-15","3.02395","2.99993","2.93367","7.1384","0","0","0","0","0","0","0","0"
"10.3629","0.500044","0.508022","0.0323546","0.490018","0.571293","1.16201","1.7455e-15","3.02098","2.99954","2.9399","7.14638","0","0","0","0","0","0","0","0"
"10.3663","0.500044","0.508038","0.0323601","0.489511","0.570631","1.16107","1.74441e-15","3.02027","3.00419","2.93596","7.14418","0","0","0","0","0","0","0","0"
"10.3697","0.500044","0.508038","0.0323664","0.489369","0.570805","1.16054","1.74385e-15","3.02364","3.00113","2.93962","7.13507","0","0","0","0","0","0","0","0"
"10.3731","0.500044","0.508038","0.0323719","0.489483","0.571136","1.16507","1.74578e-15","3.01965","2.99724","2.93927","7.17044","0","0","0","0","0","0","0","0"
"10.3764","0.500044","0.508038","0.0323783","0.488717","0.57061","1.16118","1.74525e-15","3.02403","2.99668","2.94726","7.16628","0","0","0","0","0","0","0","0"
"10.3799","0.500044","0.508038","0.0323838","0.488588","0.570313","1.15823","1.74446e-15","3.02073","2.99283","2.95774","7.15146","0","0","0","0","0","0","0","0"
"10.3834","0.500044","0.508052","0.0323903","0.489209","0.570751","1.16057","1.7453e-15","3.01704","2.99248","2.94853","7.16655","0","0","0","0","0","0","0","0"
"10.3868","0.500044","0.508052","0.0323959","0.489148","0.570729","1.15815","1.74512e-15","3.01366","2.99047","2.95293","7.15387","0","0","0","0","0","0","0","0"
"10.3901","0.500044","0.508052","0.0324024","0.488925","0.570348","1.15359","1.74379e-15","3.01138","2.99235","2.96887","7.16547","0","0","0","0","0","0","0","0"
"10.3935","0.500044","0.508052","0.032408","0.489419","0.570875","1.15194","1.74572e-15","3.009","2.99436","2.96593","7.19813","0","0","0","0","0","0","0","0"
"10.3972","0.500044","0.508052","0.0324138","0.489284","0.570377","1.15058","1.74359e-15","3.01133","2.99308","2.96747","7.18949","0","0","0","0","0","0","0","0"
"10.4004","0.500044","0.507957","0.0324186","0.488611","0.569532","1.14875","1.74407e-15","3.01214","2.99245","2.96861","7.19599","0","0","0","0","0","0","0","0"
"10.4038","0.500044","0.507957","0.0324227","0.488685","0.56983","1.15295","1.74477e-15","3.01584","2.99432","2.94866","7.20045","0","0","0","0","0","0","0","0"
"10.4072","0.500044","0.507957","0.0324276","0.488287","0.569638","1.14862","1.7428e-15","3.01403","2.99299","2.96016","7.18935","0","0","0","0","0","0","0","0"
"10.4106","0.500044","0.507957","0.0324317","0.488394","0.569721","1.14675","1.74456e-15","3.01256","2.99434","2.95945","7.21388","0","0","0","0","0","0","0","0"
"10.4141","0.500044","0.507957","0.0324374","0.487773","0.568762","1.1458","1.74463e-15","3.01074","2.99538","2.95243","7.21966","0","0","0","0","0","0","0","0"
"10.4174","0.500044","0.507955","0.0324429","0.487854","0.569028","1.14331","1.74407e-15","3.00671","2.99655","2.95584","7.20529","0","0","0","0","0","0","0","0"
"10.4207","0.500044","0.507955","0.0324493","0.486959","0.568098","1.14105","1.74589e-15","3.01076","2.99701","2.9583","7.20971","0","0","0","0","0","0","0","0"
"10.4241","0.500044","0.507955","0.0324549","0.486085","0.567592","1.13814","1.74475e-15","3.01218","2.99392","2.96425","7.19234","0","0","0","0","0","0","0","0"
"10.4275","0.500044","0.507955","0.0324613","0.485674","0.567261","1.13867","1.74425e-15","3.01121","2.9934","2.96895","7.17761","0","0","0","0","0","0","0","0"
"10.431","0.500044","0.507955","0.0324626","0.48608","0.567398","1.13558","1.74425e-15","3.0089","2.99952","2.9754","7.16356","0","0","0","0","0","0","0","0"
"10.4359","0.500044","0.507909","0.0324612","0.484778","0.566389","1.12986","1.74355e-15","3.01586","3.00539","2.99045","7.16104","0","0","0","0","0","0","0","0"
"10.4393","0.500044","0.507909","0.0324604","0.4855","0.567122","1.1305","1.74573e-15","3.01426","3.00371","2.98649","7.1804","0","0","0","0","0","0","0","0"
"10.4427","0.500044","0.507909","0.0324594","0.485352","0.567083","1.13438","1.74407e-15","3.02026","3.00786","2.97933","7.17253","0","0","0","0","0","0","0","0"
"10.4462","0.500044","0.507909","0.0324574","0.48585","0.5676","1.13366","1.74455e-15","3.01935","3.01111","2.97021","7.185","0","0","0","0","0","0","0","0"
"10.4494","0.500044","0.507611","0.0324532","0.48689","0.568879","1.13571","1.74373e-15","3.01852","3.01274","2.97557","7.181","0","0","0","0","0","0","0","0"
"10.4529","0.500044","0.507611","0.0324491","0.4865","0.568552","1.13445","1.74262e-15","3.01759","3.02006","2.97602","7.16603","0","0","0","0","0","0","0","0"

