"Time","Demand 1","Control 1","Output Drive 1","Channel 1","Channel 2","Channel 3","Channel 4","Channel 1 Kurtosis","Channel 2 Kurtosis","Channel 3 Kurtosis","Channel 4 Kurtosis","Rear Input 1","Rear Input 2","Rear Input 3","Rear Input 4","Rear Input 5","Rear Input 6","Rear Input 7","Rear Input 8"
"0.000733333","0.125011","0.211821","0","0.162945","0.285714","0.199154","1.61293e-15","3.12458","2.28048","3.20697","5.37334","0","0","0","0","0","0","0","0"
"0.000733333","0.125011","0.211821","0","0.162945","0.285714","0.199154","1.61293e-15","3.12458","2.28048","3.20697","5.37334","0","0","0","0","0","0","0","0"
"0.0058","0.125011","0.211821","1.27372e-05","0.160658","0.275738","0.210007","1.49736e-15","2.38697","2.32609","2.14785","5.13956","0","0","0","0","0","0","0","0"
"0.00908333","0.125011","0.210886","1.36093e-05","0.127466","0.267475","0.167797","1.94512e-15","2.50264","1.9875","2.55846","9.01434","0","0","0","0","0","0","0","0"
"0.0124833","0.125011","0.210886","1.47026e-05","0.155392","0.281573","0.163855","1.66474e-15","2.44283","2.09309","2.24373","4.61567","0","0","0","0","0","0","0","0"
"0.0158667","0.125011","0.210886","1.57093e-05","0.14767","0.283363","0.182373","1.53228e-15","2.44816","2.05488","2.09758","6.39201","0","0","0","0","0","0","0","0"
"0.0195167","0.125011","0.210886","1.69712e-05","0.155363","0.291084","0.200594","1.67206e-15","2.42871","2.18487","2.32468","4.89741","0","0","0","0","0","0","0","0"
"0.0230333","0.125011","0.157834","1.83345e-05","0.149516","0.290957","0.187865","1.78225e-15","2.74393","2.15872","3.32318","8.5392","0","0","0","0","0","0","0","0"
"0.0264333","0.125011","0.157834","1.98073e-05","0.148687","0.277694","0.203535","1.78495e-15","2.82391","2.42251","3.04972","6.98789","0","0","0","0","0","0","0","0"
"0.0298","0.125011","0.157834","2.11636e-05","0.152592","0.287432","0.164522","1.66774e-15","2.23436","2.09542","2.31913","8.04012","0","0","0","0","0","0","0","0"
"0.0332","0.125011","0.157834","2.28637e-05","0.125676","0.263745","0.177166","1.92396e-15","2.55476","2.15589","2.49975","11.0558","0","0","0","0","0","0","0","0"
"0.0366833","0.125011","0.157834","2.44292e-05","0.138118","0.27558","0.186303","1.35416e-15","2.59801","2.00232","3.37516","4.03702","0","0","0","0","0","0","0","0"
"0.0399667","0.125011","0.156173","2.63916e-05","0.14473","0.308577","0.205437","1.96746e-15","2.5603","2.37031","3.13967","7.36305","0","0","0","0","0","0","0","0"
"0.04335","0.125011","0.156173","2.81987e-05","0.13872","0.25774","0.193745","1.57501e-15","2.53169","2.653","1.85514","4.38174","0","0","0","0","0","0","0","0"
"0.04675","0.125011","0.156173","3.04639e-05","0.128443","0.238446","0.191519","1.71315e-15","3.01016","2.06722","2.15655","9.59084","0","0","0","0","0","0","0","0"
"0.0501167","0.125011","0.156173","3.25498e-05","0.146763","0.272017","0.187746","1.77832e-15","2.11685","2.09903","3.71947","6.00555","0","0","0","0","0","0","0","0"
"0.0536167","0.125011","0.156173","3.51646e-05","0.161113","0.285391","0.17583","1.85166e-15","2.98976","2.06785","3.53552","8.36801","0","0","0","0","0","0","0","0"
"0.0568833","0.125011","0.207644","3.75723e-05","0.13041","0.237677","0.197351","1.93257e-15","2.58718","2.33679","1.78989","9.28926","0","0","0","0","0","0","0","0"
"0.0602833","0.125011","0.207644","4.05906e-05","0.136451","0.257491","0.186795","1.63543e-15","2.60959","2.35774","2.04119","4.47459","0","0","0","0","0","0","0","0"
"0.0636667","0.125011","0.207644","4.33699e-05","0.153953","0.280707","0.176325","1.94627e-15","2.42088","1.95718","2.94849","7.85046","0","0","0","0","0","0","0","0"
"0.0678333","0.125011","0.207644","4.73738e-05","0.146857","0.253992","0.182094","1.60854e-15","2.62366","2.05424","2.13361","5.73712","0","0","0","0","0","0","0","0"
"0.0713167","0.125011","0.207644","5.11794e-05","0.145557","0.234341","0.207119","1.88191e-15","2.64968","2.36969","1.97255","7.42018","0","0","0","0","0","0","0","0"
"0.0746","0.125011","0.209883","5.46837e-05","0.151645","0.262599","0.150777","1.62642e-15","2.22317","2.02145","3.01288","4.05194","0","0","0","0","0","0","0","0"
"0.078","0.125011","0.209883","5.90765e-05","0.137435","0.240057","0.161595","1.66394e-15","2.83718","2.77228","2.55688","7.11779","0","0","0","0","0","0","0","0"
"0.0813667","0.125011","0.209883","6.31216e-05","0.16181","0.267169","0.188097","1.68493e-15","2.94264","2.1466","2.2434","4.22601","0","0","0","0","0","0","0","0"
"0.08475","0.125011","0.209883","6.81922e-05","0.147271","0.254081","0.202492","1.63521e-15","2.27049","2.30721","2.22046","7.15477","0","0","0","0","0","0","0","0"
"0.08825","0.125011","0.209883","7.28614e-05","0.143583","0.26606","0.157469","1.71947e-15","2.4998","2.02992","2.51438","9.26099","0","0","0","0","0","0","0","0"
"0.0915333","0.125011","0.209812","7.87145e-05","0.151232","0.274411","0.166917","1.62713e-15","2.66684","2.19632","2.33199","10.4281","0","0","0","0","0","0","0","0"
"0.0949167","0.125011","0.209812","8.41042e-05","0.157693","0.285905","0.18986","1.89821e-15","2.3846","2.44749","2.43853","8.44363","0","0","0","0","0","0","0","0"
"0.0983","0.125011","0.209812","9.08603e-05","0.148286","0.285406","0.189728","1.59722e-15","2.56113","2.27036","2.5869","4.33734","0","0","0","0","0","0","0","0"
"0.101683","0.125011","0.209812","9.70817e-05","0.141352","0.280222","0.186937","1.9478e-15","2.82644","2.02695","2.32245","9.3051","0","0","0","0","0","0","0","0"
"0.105167","0.125011","0.209812","0.00010488","0.15254","0.275281","0.164997","1.49249e-15","2.48328","2.24568","2.71651","5.70262","0","0","0","0","0","0","0","0"
"0.10845","0.125011","0.209738","0.000112062","0.167791","0.304996","0.19818","1.89441e-15","2.44817","2.41464","2.77667","9.06534","0","0","0","0","0","0","0","0"
"0.11185","0.125011","0.209738","0.000121064","0.150603","0.281399","0.173983","1.59396e-15","2.45868","2.12946","2.64845","5.42093","0","0","0","0","0","0","0","0"
"0.115233","0.125011","0.209738","0.000129353","0.15216","0.298328","0.198367","1.79582e-15","2.4553","1.78991","2.28055","10.0729","0","0","0","0","0","0","0","0"
"0.119683","0.125011","0.209738","0.000142863","0.151407","0.254517","0.180811","1.44965e-15","3.10082","2.29611","2.32558","2.67845","0","0","0","0","0","0","0","0"
"0.12305","0.125011","0.208025","0.000152646","0.142126","0.285135","0.183065","1.83753e-15","2.72451","1.93368","2.72294","7.58839","0","0","0","0","0","0","0","0"
"0.126433","0.125011","0.208025","0.000164908","0.153788","0.298186","0.169439","1.71825e-15","2.60515","1.99722","2.68295","7.21256","0","0","0","0","0","0","0","0"
"0.129817","0.125011","0.208025","0.000176199","0.127354","0.275876","0.188212","1.65527e-15","2.77876","2.20534","2.73076","7.07238","0","0","0","0","0","0","0","0"
"0.133217","0.125011","0.208025","0.000190353","0.148568","0.270953","0.175333","1.83828e-15","2.3798","2.24808","2.49286","7.09659","0","0","0","0","0","0","0","0"
"0.136683","0.125011","0.208025","0.000203387","0.130683","0.260881","0.176021","1.46064e-15","2.68161","2.3002","2.33717","3.00996","0","0","0","0","0","0","0","0"
"0.139983","0.125011","0.207358","0.000219725","0.137813","0.29796","0.181417","1.93082e-15","2.37195","2.02664","2.55787","7.93478","0","0","0","0","0","0","0","0"
"0.143367","0.125011","0.207358","0.00023477","0.138761","0.272036","0.184911","1.51135e-15","2.29103","2.24929","2.92673","4.29405","0","0","0","0","0","0","0","0"
"0.14675","0.125011","0.207358","0.00025363","0.144363","0.265542","0.182128","1.85286e-15","2.22378","2.03141","2.36445","8.69687","0","0","0","0","0","0","0","0"
"0.151167","0.125011","0.207358","0.000277045","0.152841","0.291354","0.178725","1.67612e-15","2.3981","2.21184","2.00201","6.24715","0","0","0","0","0","0","0","0"
"0.154667","0.125011","0.207358","0.000299301","0.124006","0.269494","0.187645","1.90137e-15","2.45552","1.91522","2.31731","7.94292","0","0","0","0","0","0","0","0"
"0.15795","0.125011","0.208303","0.000319794","0.16188","0.275857","0.172586","1.57477e-15","2.80164","2.14716","2.57978","4.67807","0","0","0","0","0","0","0","0"
"0.16135","0.125011","0.208303","0.000345483","0.144596","0.268015","0.169613","1.83399e-15","2.56657","2.01703","2.48133","12.6428","0","0","0","0","0","0","0","0"
"0.164717","0.125011","0.208303","0.000369139","0.141228","0.267744","0.191406","1.91682e-15","2.27395","2.20145","2.3734","7.65754","0","0","0","0","0","0","0","0"
"0.1681","0.125011","0.208303","0.000398792","0.133056","0.248372","0.198631","1.78219e-15","2.15908","2.38845","2.70347","8.10459","0","0","0","0","0","0","0","0"
"0.171583","0.125011","0.208303","0.000426098","0.147867","0.25393","0.194491","1.9211e-15","2.2643","2.15861","3.19437","8.24701","0","0","0","0","0","0","0","0"
"0.174883","0.125011","0.210256","0.000460327","0.167763","0.259953","0.167729","1.58902e-15","2.54696","2.41389","2.80827","5.04698","0","0","0","0","0","0","0","0"
"0.17825","0.125011","0.210256","0.000491847","0.149198","0.269457","0.165219","1.89589e-15","2.94232","2.43987","2.5262","8.68788","0","0","0","0","0","0","0","0"
"0.18165","0.125011","0.210256","0.000531357","0.148494","0.287865","0.167151","1.40674e-15","2.5958","2.30733","2.59723","4.86823","0","0","0","0","0","0","0","0"
"0.185033","0.125011","0.210256","0.00056774","0.146194","0.264367","0.184974","1.8331e-15","2.47964","2.46425","2.59874","9.88264","0","0","0","0","0","0","0","0"
"0.188517","0.125011","0.210256","0.000613347","0.160205","0.297378","0.201215","1.58283e-15","2.17577","2.3585","2.65094","4.40351","0","0","0","0","0","0","0","0"
"0.1918","0.125011","0.212371","0.000655344","0.126958","0.273999","0.18637","1.66308e-15","2.88381","1.86644","2.21987","9.48125","0","0","0","0","0","0","0","0"
"0.195183","0.125011","0.212371","0.000707988","0.138692","0.267877","0.174417","1.77694e-15","2.74161","2.08533","2.36533","6.04521","0","0","0","0","0","0","0","0"
"0.198567","0.125011","0.212371","0.000756465","0.153368","0.279654","0.182407","1.66167e-15","2.69514","2.25732","3.2251","6.6865","0","0","0","0","0","0","0","0"
"0.203","0.125011","0.212371","0.000835475","0.148224","0.28499","0.181996","1.55118e-15","2.22093","2.04976","2.73116","3.10642","0","0","0","0","0","0","0","0"
"0.206383","0.125011","0.214358","0.000892681","0.149229","0.305447","0.191657","1.61764e-15","2.32828","2.24192","3.13726","7.48","0","0","0","0","0","0","0","0"
"0.209767","0.125011","0.214358","0.000964391","0.152348","0.310068","0.220604","1.74508e-15","2.07191","2.27567","2.32975","6.65374","0","0","0","0","0","0","0","0"
"0.21315","0.125011","0.214358","0.00103042","0.134913","0.267944","0.158277","1.76936e-15","2.50873","1.97806","2.74083","8.22978","0","0","0","0","0","0","0","0"
"0.21655","0.125011","0.214358","0.0011132","0.156972","0.28141","0.164106","1.81975e-15","2.95644","2.04698","2.84022","9.08837","0","0","0","0","0","0","0","0"
"0.220017","0.125011","0.214358","0.00118942","0.166523","0.292067","0.179672","1.39445e-15","2.75089","2.21608","2.57667","2.87871","0","0","0","0","0","0","0","0"
"0.2233","0.125011","0.214227","0.00128497","0.150122","0.301671","0.199782","1.85368e-15","2.97294","2.21328","2.50152","9.13906","0","0","0","0","0","0","0","0"
"0.2267","0.125011","0.214227","0.00137295","0.15017","0.27321","0.171719","1.51773e-15","2.64806","2.48539","2.82571","6.94429","0","0","0","0","0","0","0","0"
"0.230083","0.125011","0.214227","0.00148324","0.150311","0.249398","0.152895","1.97301e-15","2.7871","2.37565","3.71916","9.89159","0","0","0","0","0","0","0","0"
"0.2345","0.125011","0.214227","0.00162018","0.144107","0.262149","0.157812","1.50678e-15","3.0232","2.20282","2.59659","4.5874","0","0","0","0","0","0","0","0"
"0.238","0.125011","0.214227","0.00175033","0.166067","0.311679","0.175629","1.93506e-15","2.3559","2.19377","2.54176","8.64433","0","0","0","0","0","0","0","0"
"0.241283","0.125011","0.214318","0.00187018","0.166357","0.284132","0.20503","1.57686e-15","2.53161","2.04901","2.11144","4.54981","0","0","0","0","0","0","0","0"
"0.244683","0.125011","0.214318","0.00202041","0.146738","0.285597","0.17562","1.79165e-15","2.73361","2.35693","3.42801","9.96867","0","0","0","0","0","0","0","0"
"0.248067","0.125011","0.214318","0.00215875","0.158459","0.276273","0.23133","1.80748e-15","2.12073","2.53491","2.84264","7.65596","0","0","0","0","0","0","0","0"
"0.25145","0.125011","0.214318","0.00233216","0.17963","0.303342","0.184139","1.70461e-15","2.50813","1.91678","2.56586","5.86751","0","0","0","0","0","0","0","0"
"0.254933","0.125011","0.214318","0.00247049","0.157395","0.293566","0.209223","1.89682e-15","2.46478","2.58341","2.60819","6.45682","0","0","0","0","0","0","0","0"
"0.258217","0.125011","0.218278","0.0026279","0.153923","0.267046","0.256503","1.53805e-15","2.71875","2.53606","2.23423","5.92797","0","0","0","0","0","0","0","0"
"0.2616","0.125011","0.218278","0.00276283","0.187678","0.308443","0.157121","1.88302e-15","2.76046","1.90279","2.83391","10.2391","0","0","0","0","0","0","0","0"
"0.264983","0.125011","0.218278","0.00292025","0.180182","0.284556","0.204755","1.59323e-15","2.75215","2.08354","2.82269","5.33849","0","0","0","0","0","0","0","0"
"0.268367","0.125011","0.218278","0.00305517","0.166881","0.302907","0.193497","1.98274e-15","2.53686","2.9807","2.91901","15.8533","0","0","0","0","0","0","0","0"
"0.271867","0.125011","0.218278","0.0031707","0.165471","0.305678","0.196896","1.56085e-15","3.32871","2.55157","3.13587","5.4403","0","0","0","0","0","0","0","0"
"0.276183","0.125011","0.227633","0.00329474","0.209267","0.303221","0.174137","1.78366e-15","2.03022","2.09118","2.37404","6.70447","0","0","0","0","0","0","0","0"
"0.279567","0.125011","0.227633","0.00340328","0.180143","0.309853","0.157511","1.61595e-15","2.56717","2.48967","3.52551","5.18319","0","0","0","0","0","0","0","0"
"0.28295","0.125011","0.227633","0.00349632","0.182293","0.303227","0.18781","1.90378e-15","2.24089","1.76324","2.54021","8.65698","0","0","0","0","0","0","0","0"
"0.286433","0.125011","0.227633","0.00360163","0.172542","0.311021","0.194455","1.40647e-15","3.24976","3.09329","2.55292","2.75678","0","0","0","0","0","0","0","0"
"0.289717","0.125011","0.229029","0.00368497","0.181887","0.305387","0.217752","1.56115e-15","3.13883","2.8095","3.35376","7.20872","0","0","0","0","0","0","0","0"
"0.293117","0.125011","0.229029","0.0037822","0.188535","0.302613","0.222945","1.63785e-15","3.22658","2.77888","2.98592","7.03287","0","0","0","0","0","0","0","0"
"0.2965","0.125011","0.229029","0.00386554","0.183934","0.301954","0.219414","1.67707e-15","3.22022","2.84598","2.94199","7.51685","0","0","0","0","0","0","0","0"
"0.2999","0.125011","0.229029","0.00396277","0.191272","0.305399","0.251134","1.72791e-15","2.98089","2.6462","3.26461","6.92774","0","0","0","0","0","0","0","0"
"0.303367","0.125011","0.229029","0.00403669","0.199574","0.311451","0.246977","1.65874e-15","3.09554","2.93495","3.60864","6.49085","0","0","0","0","0","0","0","0"
"0.30665","0.125011","0.231807","0.00410096","0.193724","0.301182","0.238223","1.69452e-15","2.95926","2.84174","3.79263","7.73513","0","0","0","0","0","0","0","0"
"0.310033","0.125011","0.231807","0.00415604","0.190256","0.297224","0.230628","1.66805e-15","2.97404","2.7913","3.61542","7.36274","0","0","0","0","0","0","0","0"
"0.313433","0.125011","0.231807","0.00422031","0.189477","0.294665","0.238618","1.74975e-15","3.26958","2.9676","3.80263","7.9107","0","0","0","0","0","0","0","0"
"0.31785","0.125011","0.231807","0.00429375","0.196554","0.299812","0.24338","1.71737e-15","3.48709","3.03345","3.63374","7.13245","0","0","0","0","0","0","0","0"
"0.321333","0.125011","0.231807","0.00434791","0.198388","0.301284","0.245721","1.71442e-15","3.56655","2.83142","3.25731","7.19983","0","0","0","0","0","0","0","0"
"0.324617","0.125011","0.235071","0.00439087","0.196576","0.297559","0.242569","1.7378e-15","3.43645","2.79402","3.28045","7.14338","0","0","0","0","0","0","0","0"
"0.328017","0.125011","0.235071","0.00444099","0.196577","0.295378","0.243641","1.73964e-15","3.35464","2.81053","3.17309","7.86608","0","0","0","0","0","0","0","0"
"0.3314","0.125011","0.235071","0.00448394","0.197069","0.297857","0.250885","1.76814e-15","3.29353","2.74724","3.26065","8.08507","0","0","0","0","0","0","0","0"
"0.334783","0.125011","0.235071","0.00453406","0.193885","0.294376","0.246157","1.7523e-15","3.29942","2.83261","3.26012","7.86492","0","0","0","0","0","0","0","0"
"0.338267","0.125011","0.235071","0.00457133","0.196009","0.296851","0.252239","1.74911e-15","3.35218","2.8157","3.07826","7.57375","0","0","0","0","0","0","0","0"
"0.341583","0.125011","0.236565","0.00461349","0.193252","0.29723","0.247625","1.72022e-15","3.26341","2.76116","3.00905","7.4819","0","0","0","0","0","0","0","0"
"0.344933","0.125011","0.236565","0.00464963","0.1902","0.295018","0.246381","1.75052e-15","3.20876","2.72952","2.93275","8.09092","0","0","0","0","0","0","0","0"
"0.348317","0.125011","0.236565","0.00469179","0.188214","0.294146","0.236738","1.72685e-15","3.15864","2.70511","3.0338","7.73994","0","0","0","0","0","0","0","0"
"0.3517","0.125011","0.236565","0.00472792","0.184666","0.291438","0.237293","1.74471e-15","3.1321","2.63771","2.957","7.82575","0","0","0","0","0","0","0","0"
"0.3552","0.125011","0.236565","0.00477921","0.184147","0.291491","0.237784","1.7151e-15","3.03099","2.58106","2.88735","7.63405","0","0","0","0","0","0","0","0"
"0.358617","0.125011","0.236982","0.00482447","0.181114","0.289162","0.234557","1.74097e-15","3.06208","2.60538","2.93285","7.7559","0","0","0","0","0","0","0","0"
"0.361867","0.125011","0.236982","0.00487727","0.187064","0.293586","0.240649","1.7361e-15","3.02601","2.56733","2.87135","7.42541","0","0","0","0","0","0","0","0"
"0.36525","0.125011","0.236982","0.00492253","0.189034","0.293145","0.244287","1.7512e-15","3.15693","2.64229","2.89594","7.69532","0","0","0","0","0","0","0","0"
"0.369683","0.125011","0.236982","0.0049785","0.189834","0.291483","0.246351","1.73409e-15","3.19152","2.64427","2.97424","7.55599","0","0","0","0","0","0","0","0"
"0.373067","0.125011","0.236861","0.00498941","0.187429","0.291251","0.245742","1.72912e-15","3.14057","2.59941","2.98666","7.59142","0","0","0","0","0","0","0","0"
"0.376433","0.125011","0.236861","0.00500622","0.187053","0.289796","0.24844","1.73016e-15","3.08374","2.5689","2.93177","7.538","0","0","0","0","0","0","0","0"
"0.379833","0.125011","0.236861","0.00502727","0.185661","0.289468","0.244975","1.74585e-15","3.06205","2.60695","2.95395","7.63645","0","0","0","0","0","0","0","0"
"0.383233","0.125011","0.236861","0.00507454","0.188985","0.290602","0.24836","1.74253e-15","3.04816","2.60382","2.92172","7.62924","0","0","0","0","0","0","0","0"
"0.3867","0.125011","0.236861","0.00518429","0.190548","0.294171","0.255294","1.74658e-15","3.01566","2.6091","2.91508","7.26375","0","0","0","0","0","0","0","0"
"0.389983","0.125011","0.236544","0.00519782","0.190198","0.295245","0.251515","1.73516e-15","2.96215","2.60665","2.96618","7.37151","0","0","0","0","0","0","0","0"
"0.393367","0.125011","0.236544","0.00521316","0.191257","0.296606","0.257909","1.73577e-15","3.2795","2.65164","3.08709","7.25579","0","0","0","0","0","0","0","0"
"0.396767","0.125011","0.236544","0.00523984","0.193103","0.29619","0.262844","1.74692e-15","3.23627","2.60863","3.03341","7.19255","0","0","0","0","0","0","0","0"
"0.401183","0.125011","0.236544","0.00531517","0.192357","0.29442","0.258437","1.74513e-15","3.16857","2.59527","3.05586","7.21002","0","0","0","0","0","0","0","0"
"0.404667","0.125011","0.236544","0.00540418","0.193556","0.294696","0.2606","1.7339e-15","3.17057","2.57213","3.04017","7.21889","0","0","0","0","0","0","0","0"
"0.40795","0.125011","0.236525","0.00541749","0.19263","0.294828","0.256777","1.72546e-15","3.11442","2.56388","3.00504","7.08211","0","0","0","0","0","0","0","0"
"0.41135","0.125011","0.236525","0.00543886","0.190777","0.293184","0.256782","1.74404e-15","3.08282","2.54429","2.95848","7.33747","0","0","0","0","0","0","0","0"
"0.414717","0.125011","0.236525","0.00546796","0.190694","0.292939","0.256564","1.73607e-15","3.08874","2.5642","2.93948","7.30549","0","0","0","0","0","0","0","0"
"0.418117","0.125011","0.236525","0.00556255","0.189003","0.293582","0.260169","1.75564e-15","3.04681","2.56937","3.0104","7.54691","0","0","0","0","0","0","0","0"
"0.4216","0.125011","0.236525","0.00562757","0.188285","0.290885","0.258309","1.73193e-15","3.01142","2.58407","2.98034","7.54544","0","0","0","0","0","0","0","0"
"0.424883","0.125011","0.23711","0.00564412","0.190986","0.292773","0.263134","1.7509e-15","3.22732","2.56897","2.98548","7.67453","0","0","0","0","0","0","0","0"
"0.428267","0.125011","0.23711","0.00566369","0.193382","0.293478","0.266026","1.741e-15","3.40903","2.59317","3.15943","7.52949","0","0","0","0","0","0","0","0"
"0.43165","0.125011","0.23711","0.0057011","0.194261","0.294649","0.270729","1.75525e-15","3.42669","2.59558","2.9986","7.71436","0","0","0","0","0","0","0","0"
"0.435033","0.125011","0.23711","0.00577893","0.192878","0.292932","0.266872","1.74519e-15","3.39678","2.62601","3.0544","7.63659","0","0","0","0","0","0","0","0"
"0.438517","0.125011","0.23711","0.00580797","0.196458","0.295969","0.271228","1.73413e-15","3.39565","2.66712","2.98487","7.45224","0","0","0","0","0","0","0","0"
"0.4418","0.125011","0.237166","0.00582289","0.195311","0.294121","0.270266","1.72965e-15","3.31195","2.66386","2.9939","7.40266","0","0","0","0","0","0","0","0"
"0.4452","0.125011","0.237166","0.00584725","0.195316","0.295218","0.269827","1.73584e-15","3.29756","2.68892","3.00346","7.08386","0","0","0","0","0","0","0","0"
"0.448583","0.125011","0.237166","0.00587333","0.196809","0.294664","0.269352","1.72943e-15","3.2772","2.72468","3.02575","7.13475","0","0","0","0","0","0","0","0"
"0.453017","0.125011","0.237166","0.00590751","0.197479","0.295115","0.271946","1.73686e-15","3.22618","2.69732","2.96771","7.23619","0","0","0","0","0","0","0","0"
"0.456383","0.125011","0.237423","0.00592046","0.195594","0.293181","0.27263","1.74771e-15","3.19676","2.6752","3.03684","7.36463","0","0","0","0","0","0","0","0"
"0.459783","0.125011","0.237423","0.0059404","0.19429","0.293249","0.271633","1.7441e-15","3.15889","2.6565","2.99084","7.20557","0","0","0","0","0","0","0","0"
"0.463167","0.125011","0.237423","0.00596538","0.194617","0.293296","0.270707","1.75126e-15","3.1729","2.65026","2.93977","7.19536","0","0","0","0","0","0","0","0"
"0.46655","0.125011","0.237423","0.00600117","0.197505","0.295224","0.274765","1.72457e-15","3.22508","2.64697","3.05717","6.99188","0","0","0","0","0","0","0","0"
"0.470067","0.125011","0.237423","0.00602545","0.199144","0.295374","0.275774","1.74386e-15","3.16382","2.60038","3.07943","7.03834","0","0","0","0","0","0","0","0"
"0.473317","0.125011","0.238015","0.00604117","0.201067","0.295956","0.275189","1.72659e-15","3.33606","2.67526","3.18761","6.98898","0","0","0","0","0","0","0","0"
"0.4767","0.125011","0.238015","0.0060582","0.198336","0.294961","0.276438","1.75876e-15","3.30855","2.6302","3.10792","7.20579","0","0","0","0","0","0","0","0"
"0.4801","0.125011","0.238015","0.00607866","0.19761","0.294234","0.279921","1.74251e-15","3.24741","2.63239","3.03134","6.93892","0","0","0","0","0","0","0","0"
"0.484517","0.125011","0.238015","0.00610206","0.198947","0.295824","0.279943","1.76979e-15","3.1864","2.61719","3.04857","7.29172","0","0","0","0","0","0","0","0"
"0.488","0.125011","0.238015","0.00611293","0.200545","0.296091","0.283761","1.74665e-15","3.11167","2.56527","3.09918","7.13223","0","0","0","0","0","0","0","0"
"0.491283","0.125011","0.238241","0.00611895","0.201415","0.296563","0.284833","1.75419e-15","3.04793","2.56008","3.03424","7.3728","0","0","0","0","0","0","0","0"
"0.4947","0.125011","0.238241","0.00612598","0.198112","0.29419","0.281062","1.76339e-15","3.03777","2.54189","3.01764","7.343","0","0","0","0","0","0","0","0"
"0.498067","0.125011","0.238241","0.00613201","0.198631","0.295061","0.286694","1.7502e-15","3.02623","2.57653","3.00195","7.36267","0","0","0","0","0","0","0","0"
"0.50145","0.125011","0.238241","0.00613904","0.199986","0.297649","0.293148","1.7574e-15","3.00359","2.54861","3.09975","7.51149","0","0","0","0","0","0","0","0"
"0.504933","0.125011","0.238241","0.00614803","0.198137","0.296078","0.287071","1.74215e-15","3.01402","2.54374","3.09562","7.42074","0","0","0","0","0","0","0","0"
"0.508233","0.125011","0.238636","0.00615922","0.197657","0.297164","0.282849","1.74881e-15","3.04237","2.52246","3.0984","7.40894","0","0","0","0","0","0","0","0"
"0.5116","0.125011","0.238636","0.0061688","0.197803","0.297478","0.281307","1.73786e-15","3.04065","2.48979","3.09125","7.43002","0","0","0","0","0","0","0","0"
"0.514983","0.125011","0.238636","0.00617999","0.195073","0.295556","0.288408","1.74956e-15","3.04072","2.44651","3.14498","7.46568","0","0","0","0","0","0","0","0"
"0.518367","0.125011","0.238636","0.00618958","0.195233","0.295728","0.289439","1.74068e-15","3.02355","2.46163","3.07511","7.53214","0","0","0","0","0","0","0","0"
"0.52185","0.125011","0.238636","0.00619473","0.197045","0.297518","0.287523","1.72274e-15","2.94126","2.44619","3.1334","7.33279","0","0","0","0","0","0","0","0"
"0.525133","0.125011","0.23882","0.00619829","0.193998","0.294829","0.279134","1.73551e-15","2.95161","2.4575","3.2183","7.50135","0","0","0","0","0","0","0","0"
"0.528517","0.125011","0.23882","0.00620245","0.195921","0.295079","0.283025","1.74227e-15","3.05539","2.55698","3.11529","7.47032","0","0","0","0","0","0","0","0"
"0.531917","0.125011","0.23882","0.00620601","0.197556","0.295888","0.286057","1.7449e-15","3.07495","2.59341","3.12396","7.49255","0","0","0","0","0","0","0","0"
"0.536483","0.125011","0.23882","0.00620973","0.196743","0.296328","0.288785","1.73779e-15","3.12256","2.62318","3.00051","7.29186","0","0","0","0","0","0","0","0"
"0.539717","0.125011","0.239302","0.00620842","0.197162","0.297977","0.290396","1.74617e-15","3.16592","2.69637","3.02423","7.3725","0","0","0","0","0","0","0","0"
"0.543117","0.125011","0.239302","0.0062069","0.198374","0.29848","0.291685","1.73697e-15","3.164","2.69106","3.06674","7.63089","0","0","0","0","0","0","0","0"
"0.5465","0.125011","0.239302","0.0062056","0.197029","0.298657","0.292283","1.75116e-15","3.17275","2.64609","2.94175","7.80703","0","0","0","0","0","0","0","0"
"0.549883","0.125011","0.239302","0.00620408","0.195764","0.300164","0.29217","1.74082e-15","3.13341","2.66396","2.8569","7.7036","0","0","0","0","0","0","0","0"
"0.553383","0.125011","0.239302","0.00620715","0.195899","0.29989","0.294198","1.74072e-15","3.08708","2.66889","2.92659","7.6402","0","0","0","0","0","0","0","0"
"0.55665","0.125011","0.239727","0.00622335","0.196364","0.300744","0.295379","1.74535e-15","3.07094","2.65544","2.87708","7.72885","0","0","0","0","0","0","0","0"
"0.560033","0.125011","0.239727","0.00624171","0.194704","0.300909","0.293139","1.73472e-15","3.08229","2.6116","2.87691","7.5547","0","0","0","0","0","0","0","0"
"0.563433","0.125011","0.239727","0.00627337","0.193935","0.301794","0.293296","1.75133e-15","3.05181","2.61594","2.92862","7.72948","0","0","0","0","0","0","0","0"
"0.56785","0.125011","0.239727","0.00631673","0.196921","0.301228","0.295467","1.74289e-15","3.07606","2.61161","2.81852","7.7441","0","0","0","0","0","0","0","0"
"0.571333","0.125011","0.239727","0.00633814","0.198624","0.30163","0.296624","1.73517e-15","3.00857","2.6084","2.78115","7.52532","0","0","0","0","0","0","0","0"
"0.574617","0.125011","0.240224","0.00635376","0.198312","0.302335","0.302968","1.74619e-15","2.96388","2.63572","2.75802","7.74087","0","0","0","0","0","0","0","0"
"0.578017","0.125011","0.240224","0.00637882","0.196968","0.300071","0.307581","1.73307e-15","2.94731","2.63904","2.76553","7.63207","0","0","0","0","0","0","0","0"
"0.581383","0.125011","0.240224","0.00640784","0.195995","0.299406","0.304984","1.75434e-15","2.97892","2.61335","2.71969","7.70202","0","0","0","0","0","0","0","0"
"0.584783","0.125011","0.240224","0.0064421","0.194813","0.299059","0.303954","1.7395e-15","2.97227","2.56391","2.75168","7.509","0","0","0","0","0","0","0","0"
"0.588283","0.125011","0.240224","0.00644738","0.192962","0.296999","0.303143","1.73513e-15","2.95044","2.57259","2.76636","7.73011","0","0","0","0","0","0","0","0"
"0.59155","0.125011","0.240946","0.00644792","0.190741","0.297266","0.297941","1.72644e-15","2.9959","2.6102","2.74802","7.57385","0","0","0","0","0","0","0","0"
"0.594933","0.125011","0.240946","0.00644839","0.1892","0.295798","0.300789","1.74001e-15","2.98289","2.6252","2.70666","7.51168","0","0","0","0","0","0","0","0"
"0.598317","0.125011","0.240946","0.00644893","0.192625","0.296615","0.298325","1.73236e-15","2.94183","2.59047","2.75763","7.59033","0","0","0","0","0","0","0","0"
"0.6017","0.125011","0.240946","0.0064494","0.189051","0.294017","0.295338","1.74358e-15","2.95268","2.58282","2.75466","7.65756","0","0","0","0","0","0","0","0"
"0.6052","0.125011","0.240946","0.00646175","0.187389","0.293523","0.294333","1.73501e-15","2.94473","2.5883","2.73693","7.54194","0","0","0","0","0","0","0","0"
"0.608467","0.125011","0.241306","0.00647407","0.188751","0.294352","0.297443","1.7446e-15","2.9033","2.55915","2.69497","7.80659","0","0","0","0","0","0","0","0"
"0.611867","0.125011","0.241306","0.00648843","0.1874","0.291782","0.297921","1.73909e-15","2.89914","2.5419","2.71406","7.80327","0","0","0","0","0","0","0","0"
"0.61525","0.125011","0.241306","0.00650075","0.185107","0.290744","0.295028","1.74327e-15","2.90819","2.53996","2.70159","7.68115","0","0","0","0","0","0","0","0"
"0.619683","0.125011","0.241306","0.00651925","0.186449","0.291122","0.28997","1.72642e-15","2.8615","2.49768","2.72326","7.61191","0","0","0","0","0","0","0","0"
"0.62305","0.125011","0.240687","0.00653355","0.187343","0.292881","0.295388","1.71218e-15","2.86852","2.58398","2.6682","7.46862","0","0","0","0","0","0","0","0"
"0.62645","0.125011","0.240687","0.00655556","0.186766","0.294095","0.288805","1.72762e-15","2.89185","2.5983","2.69469","7.68277","0","0","0","0","0","0","0","0"
"0.629883","0.125011","0.240687","0.00658074","0.185746","0.292291","0.284404","1.72169e-15","2.87652","2.57303","2.7708","7.46757","0","0","0","0","0","0","0","0"
"0.633283","0.125011","0.240687","0.00661088","0.184259","0.292062","0.279771","1.74922e-15","2.87299","2.55578","2.82065","7.48677","0","0","0","0","0","0","0","0"
"0.636783","0.125011","0.240687","0.00663161","0.184617","0.29296","0.279642","1.73167e-15","2.83563","2.55513","2.79158","7.22347","0","0","0","0","0","0","0","0"
"0.64005","0.125011","0.239813","0.00664384","0.183341","0.29073","0.272154","1.7331e-15","2.84809","2.55226","2.83077","7.42853","0","0","0","0","0","0","0","0"
"0.643433","0.125011","0.239813","0.00665433","0.183968","0.291133","0.274169","1.7229e-15","2.84398","2.55747","2.81055","7.40018","0","0","0","0","0","0","0","0"
"0.646833","0.125011","0.239813","0.00666657","0.186148","0.2896","0.27751","1.73815e-15","3.03888","2.55471","2.81458","7.56299","0","0","0","0","0","0","0","0"
"0.65125","0.125011","0.239813","0.00668055","0.185945","0.288487","0.272359","1.73162e-15","3.04922","2.54961","2.83892","7.36096","0","0","0","0","0","0","0","0"
"0.65475","0.125011","0.239813","0.00668409","0.186409","0.288118","0.273349","1.73827e-15","3.01656","2.57134","2.76496","7.33533","0","0","0","0","0","0","0","0"
"0.658017","0.125011","0.239223","0.00668414","0.186932","0.288558","0.284799","1.72655e-15","2.98867","2.59068","2.84896","7.09252","0","0","0","0","0","0","0","0"
"0.661417","0.125011","0.239223","0.0066842","0.185806","0.288702","0.292337","1.74797e-15","3.02424","2.63103","2.85621","7.2731","0","0","0","0","0","0","0","0"
"0.664917","0.125011","0.239223","0.00668425","0.185684","0.289773","0.287326","1.72742e-15","3.04994","2.58163","2.86048","7.05863","0","0","0","0","0","0","0","0"
"0.668167","0.125011","0.239223","0.0066843","0.183652","0.28789","0.293718","1.75335e-15","2.99542","2.53378","2.96482","7.52357","0","0","0","0","0","0","0","0"
"0.671683","0.125011","0.239223","0.0066878","0.181847","0.289847","0.293239","1.72903e-15","3.02923","2.60266","2.90693","7.34825","0","0","0","0","0","0","0","0"
"0.674967","0.125011","0.238487","0.00669269","0.18273","0.291267","0.294354","1.73976e-15","3.00486","2.62795","2.93091","7.53123","0","0","0","0","0","0","0","0"
"0.678333","0.125011","0.238487","0.00669688","0.183512","0.291862","0.292168","1.72767e-15","2.97737","2.64066","2.91683","7.37346","0","0","0","0","0","0","0","0"
"0.681717","0.125011","0.238487","0.00670177","0.187253","0.294586","0.30359","1.74648e-15","3.08283","2.65464","3.14704","7.53899","0","0","0","0","0","0","0","0"
"0.6851","0.125011","0.238487","0.00670596","0.190618","0.294336","0.303431","1.73562e-15","3.09242","2.65449","3.03788","7.40321","0","0","0","0","0","0","0","0"
"0.688583","0.125011","0.238487","0.00669979","0.190077","0.29233","0.298687","1.7308e-15","3.04512","2.63366","3.16326","7.35324","0","0","0","0","0","0","0","0"
"0.691867","0.125011","0.237864","0.00669292","0.191282","0.290058","0.302786","1.72921e-15","3.05345","2.63502","3.07517","7.18343","0","0","0","0","0","0","0","0"
"0.69525","0.125011","0.237864","0.0066849","0.194757","0.294104","0.320459","1.74826e-15","3.07199","2.66659","3.27589","7.42933","0","0","0","0","0","0","0","0"
"0.69865","0.125011","0.237864","0.00667803","0.195624","0.296163","0.315126","1.73995e-15","3.09083","2.68066","3.22559","7.48152","0","0","0","0","0","0","0","0"
"0.703","0.125011","0.237864","0.00667164","0.197667","0.303651","0.317234","1.74853e-15","3.05569","2.61324","3.15801","7.53377","0","0","0","0","0","0","0","0"
"0.7062","0.125011","0.237856","0.00667654","0.198321","0.303728","0.311913","1.75041e-15","3.09704","2.63929","3.16302","7.65547","0","0","0","0","0","0","0","0"
"0.709583","0.125011","0.237856","0.00668143","0.196279","0.301519","0.307359","1.75728e-15","3.10227","2.63195","3.19146","7.54602","0","0","0","0","0","0","0","0"
"0.712967","0.125011","0.237856","0.00668715","0.194","0.301314","0.303905","1.76379e-15","3.04595","2.60923","3.14386","7.68569","0","0","0","0","0","0","0","0"
"0.71635","0.125011","0.237856","0.00669204","0.191905","0.300057","0.301135","1.7578e-15","3.04902","2.60983","3.08169","7.58334","0","0","0","0","0","0","0","0"
"0.719833","0.125011","0.237856","0.00669384","0.191228","0.299473","0.297558","1.76699e-15","3.00686","2.65548","3.06899","7.59858","0","0","0","0","0","0","0","0"
"0.723117","0.125011","0.238865","0.00668698","0.190057","0.297357","0.300299","1.75163e-15","3.0328","2.66978","3.00735","7.49939","0","0","0","0","0","0","0","0"
"0.7265","0.125011","0.238865","0.00667899","0.190202","0.297947","0.30474","1.77609e-15","3.00508","2.70588","2.9739","7.80057","0","0","0","0","0","0","0","0"
"0.7299","0.125011","0.238865","0.00667213","0.189106","0.295737","0.305631","1.75849e-15","2.98178","2.67935","2.88474","7.669","0","0","0","0","0","0","0","0"
"0.734583","0.125011","0.238865","0.00666185","0.190122","0.297253","0.303979","1.75717e-15","2.93628","2.64941","2.89366","7.55734","0","0","0","0","0","0","0","0"
"0.738067","0.125011","0.238865","0.00663099","0.191398","0.298226","0.308312","1.74958e-15","2.87103","2.6307","2.92365","7.56058","0","0","0","0","0","0","0","0"
"0.74135","0.125011","0.240402","0.00659669","0.190098","0.29731","0.302885","1.73811e-15","2.89286","2.58411","2.94316","7.42278","0","0","0","0","0","0","0","0"
"0.74475","0.125011","0.240402","0.00655668","0.190385","0.298535","0.303643","1.75545e-15","2.85114","2.62591","2.91277","7.72459","0","0","0","0","0","0","0","0"
"0.748117","0.125011","0.240402","0.00652238","0.190428","0.297439","0.302141","1.74509e-15","2.81321","2.62994","2.98418","7.69016","0","0","0","0","0","0","0","0"
"0.7515","0.125011","0.240402","0.00648237","0.191406","0.29618","0.302159","1.76012e-15","2.81008","2.5966","2.97685","7.91937","0","0","0","0","0","0","0","0"
"0.755017","0.125011","0.240402","0.00646801","0.19349","0.29605","0.301215","1.74747e-15","2.86532","2.60419","2.97035","7.64722","0","0","0","0","0","0","0","0"
"0.758283","0.125011","0.240401","0.00645592","0.19507","0.29529","0.298099","1.75491e-15","3.11951","2.6725","2.9752","7.87287","0","0","0","0","0","0","0","0"
"0.761667","0.125011","0.240401","0.00644556","0.194523","0.294364","0.294271","1.73583e-15","3.12868","2.65401","2.96467","7.72757","0","0","0","0","0","0","0","0"
"0.76505","0.125011","0.240401","0.00643347","0.193747","0.291216","0.287751","1.75793e-15","3.17215","2.70579","2.9575","7.75779","0","0","0","0","0","0","0","0"
"0.768433","0.125011","0.240401","0.0064231","0.194659","0.292043","0.298257","1.74856e-15","3.24987","2.71217","3.02601","7.60723","0","0","0","0","0","0","0","0"
"0.771917","0.125011","0.240401","0.00643449","0.197144","0.292641","0.299546","1.75239e-15","3.18646","2.70663","2.96708","7.58389","0","0","0","0","0","0","0","0"
"0.7752","0.125011","0.240506","0.00645103","0.193641","0.289948","0.291413","1.75097e-15","3.22163","2.70005","3.02001","7.62592","0","0","0","0","0","0","0","0"
"0.778583","0.125011","0.240506","0.00647516","0.194816","0.292279","0.288336","1.75936e-15","3.26489","2.69189","2.96103","7.59178","0","0","0","0","0","0","0","0"
"0.781967","0.125011","0.240506","0.00649618","0.196132","0.293912","0.288293","1.75831e-15","3.17332","2.63807","2.90241","7.72927","0","0","0","0","0","0","0","0"
"0.786333","0.125011","0.240506","0.00652484","0.195399","0.290845","0.292372","1.75612e-15","3.14888","2.601","3.05668","7.48418","0","0","0","0","0","0","0","0"
"0.789533","0.125011","0.240185","0.00653914","0.19367","0.289338","0.295226","1.76549e-15","3.11328","2.564","3.11157","7.7718","0","0","0","0","0","0","0","0"
"0.792917","0.125011","0.240185","0.00655753","0.196573","0.291871","0.296272","1.75117e-15","3.09135","2.55186","3.06478","7.6497","0","0","0","0","0","0","0","0"
"0.7963","0.125011","0.240185","0.00658272","0.194119","0.290687","0.296071","1.76906e-15","3.06885","2.53341","3.12757","7.82688","0","0","0","0","0","0","0","0"
"0.799683","0.125011","0.240185","0.00660432","0.195244","0.289895","0.296026","1.76478e-15","3.00885","2.50697","3.1108","7.71276","0","0","0","0","0","0","0","0"
"0.803167","0.125011","0.240185","0.00662077","0.194599","0.291056","0.292626","1.76272e-15","2.94842","2.53565","3.07397","7.56136","0","0","0","0","0","0","0","0"
"0.80645","0.125011","0.239618","0.00661615","0.192147","0.289759","0.299213","1.75136e-15","2.99742","2.51116","3.0281","7.38001","0","0","0","0","0","0","0","0"
"0.809833","0.125011","0.239618","0.00661076","0.189182","0.289625","0.300226","1.76003e-15","3.01314","2.50524","3.04186","7.63863","0","0","0","0","0","0","0","0"
"0.813217","0.125011","0.239618","0.00660614","0.19079","0.291124","0.300858","1.74829e-15","3.00581","2.48077","2.99368","7.47928","0","0","0","0","0","0","0","0"
"0.817917","0.125011","0.239618","0.0065992","0.189297","0.289873","0.304613","1.75873e-15","2.9954","2.51417","2.93294","7.58363","0","0","0","0","0","0","0","0"
"0.8214","0.125011","0.239618","0.00660869","0.189314","0.289657","0.300106","1.73997e-15","2.99163","2.50915","2.87958","7.46708","0","0","0","0","0","0","0","0"
"0.824683","0.125011","0.239141","0.00662497","0.187545","0.289151","0.293971","1.75408e-15","3.01845","2.47784","2.92942","7.45086","0","0","0","0","0","0","0","0"
"0.828083","0.125011","0.239141","0.00664599","0.187802","0.290606","0.302508","1.74132e-15","2.98136","2.5267","2.94237","7.37965","0","0","0","0","0","0","0","0"
"0.83145","0.125011","0.239141","0.00666401","0.187169","0.290141","0.299885","1.74768e-15","2.98627","2.52932","2.93107","7.18774","0","0","0","0","0","0","0","0"
"0.83485","0.125011","0.239141","0.00668503","0.184276","0.288526","0.297485","1.74682e-15","2.97268","2.53783","2.90477","7.23432","0","0","0","0","0","0","0","0"
"0.83835","0.125011","0.239141","0.00667864","0.185255","0.289237","0.297647","1.73931e-15","3.01273","2.50738","2.94978","6.97474","0","0","0","0","0","0","0","0"
"0.841633","0.125011","0.238559","0.00666547","0.185501","0.288816","0.297967","1.75578e-15","2.98281","2.53393","2.94836","7.26108","0","0","0","0","0","0","0","0"
"0.845","0.125011","0.238559","0.00665419","0.18686","0.290814","0.296508","1.75054e-15","2.94111","2.51122","2.91785","7.12851","0","0","0","0","0","0","0","0"
"0.848383","0.125011","0.238559","0.00664102","0.18863","0.291085","0.293658","1.76912e-15","2.90846","2.49023","2.94464","7.36672","0","0","0","0","0","0","0","0"
"0.851767","0.125011","0.238559","0.00662974","0.190267","0.291158","0.290939","1.75235e-15","2.83824","2.529","2.94289","7.26118","0","0","0","0","0","0","0","0"
"0.855267","0.125011","0.238559","0.00661437","0.18989","0.290189","0.290335","1.74507e-15","2.86775","2.54866","2.88034","7.22882","0","0","0","0","0","0","0","0"
"0.858533","0.125011","0.237951","0.00660088","0.192001","0.29137","0.302914","1.7329e-15","2.91631","2.62863","2.89886","7.06534","0","0","0","0","0","0","0","0"
"0.861917","0.125011","0.237951","0.00658515","0.194116","0.292188","0.300398","1.75868e-15","2.91078","2.68674","2.89142","7.25641","0","0","0","0","0","0","0","0"
"0.8653","0.125011","0.237951","0.00657166","0.192082","0.290759","0.297161","1.737e-15","3.02693","2.7017","2.89294","7.16399","0","0","0","0","0","0","0","0"
"0.86965","0.125011","0.237951","0.00655815","0.192203","0.291682","0.298042","1.73474e-15","3.09449","2.78192","3.18556","7.17012","0","0","0","0","0","0","0","0"
"0.872867","0.125011","0.237662","0.00656482","0.193848","0.292633","0.322424","1.7353e-15","3.1504","2.78562","3.32226","7.40586","0","0","0","0","0","0","0","0"
"0.87625","0.125011","0.237662","0.0065715","0.193082","0.290962","0.320929","1.73946e-15","3.10956","2.76171","3.44523","7.31379","0","0","0","0","0","0","0","0"
"0.879633","0.125011","0.237662","0.00657929","0.19447","0.291695","0.312946","1.74499e-15","3.12443","2.70617","3.55856","7.38335","0","0","0","0","0","0","0","0"
"0.883017","0.125011","0.237662","0.00658597","0.192318","0.290348","0.309605","1.74173e-15","3.07753","2.70873","3.50808","7.38909","0","0","0","0","0","0","0","0"
"0.8865","0.125011","0.237662","0.00659573","0.192161","0.291314","0.311931","1.73453e-15","3.04373","2.68821","3.33217","7.57055","0","0","0","0","0","0","0","0"
"0.889783","0.125011","0.237632","0.00661019","0.193165","0.293508","0.309161","1.71705e-15","2.98377","2.65937","3.28308","7.40298","0","0","0","0","0","0","0","0"
"0.893167","0.125011","0.237632","0.00662947","0.190188","0.290112","0.29979","1.72865e-15","2.98003","2.63213","3.3339","7.61362","0","0","0","0","0","0","0","0"
"0.89655","0.125011","0.237632","0.00664601","0.187685","0.287965","0.305219","1.72789e-15","2.96371","2.61003","3.23544","7.29715","0","0","0","0","0","0","0","0"
"0.901233","0.125011","0.237632","0.00667081","0.190707","0.28851","0.309572","1.74965e-15","2.97341","2.62036","3.08155","7.63145","0","0","0","0","0","0","0","0"
"0.904733","0.125011","0.237632","0.00668128","0.188518","0.289294","0.300581","1.73795e-15","2.94956","2.58254","3.10055","7.4857","0","0","0","0","0","0","0","0"
"0.908017","0.125011","0.237592","0.00668724","0.184993","0.286994","0.292872","1.74473e-15","3.01658","2.59513","3.1667","7.44221","0","0","0","0","0","0","0","0"
"0.9114","0.125011","0.237592","0.00669419","0.185155","0.288167","0.297054","1.74818e-15","3.02444","2.57228","3.12009","7.55034","0","0","0","0","0","0","0","0"
"0.914783","0.125011","0.237592","0.00670015","0.183366","0.285246","0.288691","1.74581e-15","3.02173","2.57968","3.17836","7.42568","0","0","0","0","0","0","0","0"
"0.918167","0.125011","0.237592","0.0067071","0.181497","0.284019","0.288882","1.73272e-15","2.98619","2.57606","3.25636","7.49291","0","0","0","0","0","0","0","0"
"0.921683","0.125011","0.237592","0.00670459","0.18183","0.283899","0.293152","1.7274e-15","2.9463","2.53193","3.15802","7.31126","0","0","0","0","0","0","0","0"
"0.92495","0.125011","0.237155","0.00669968","0.181387","0.283955","0.293917","1.71626e-15","2.89954","2.51697","3.18801","7.12705","0","0","0","0","0","0","0","0"
"0.928317","0.125011","0.237155","0.00669547","0.180029","0.282324","0.288778","1.72589e-15","2.94635","2.51803","3.16858","7.26161","0","0","0","0","0","0","0","0"
"0.931717","0.125011","0.237155","0.00669056","0.181154","0.282225","0.287425","1.71898e-15","2.91632","2.52845","3.1156","7.29562","0","0","0","0","0","0","0","0"
"0.9351","0.125011","0.237155","0.00668635","0.179454","0.281216","0.281824","1.73578e-15","2.88964","2.51175","3.12589","7.41019","0","0","0","0","0","0","0","0"
"0.938583","0.125011","0.237155","0.0066892","0.18089","0.280912","0.280333","1.71622e-15","2.85502","2.51192","3.11873","7.47377","0","0","0","0","0","0","0","0"
"0.942","0.125011","0.236032","0.00669276","0.179272","0.281007","0.277545","1.73951e-15","2.89222","2.5361","3.0783","7.74411","0","0","0","0","0","0","0","0"
"0.945367","0.125011","0.236032","0.0066969","0.178625","0.280545","0.279446","1.73843e-15","2.90562","2.57515","2.98566","7.75558","0","0","0","0","0","0","0","0"
"0.948767","0.125011","0.236032","0.00670105","0.179874","0.282034","0.278639","1.76163e-15","2.9158","2.57115","2.95094","7.6989","0","0","0","0","0","0","0","0"
"0.953","0.125011","0.236032","0.00670668","0.180394","0.282854","0.286424","1.74017e-15","2.89189","2.5309","3.06854","7.53139","0","0","0","0","0","0","0","0"
"0.9563","0.125011","0.234406","0.00671294","0.17852","0.281747","0.285076","1.75378e-15","2.87449","2.54745","3.10426","7.57705","0","0","0","0","0","0","0","0"
"0.959683","0.125011","0.234406","0.00672024","0.180386","0.283273","0.287239","1.72821e-15","2.83317","2.55493","3.07219","7.60638","0","0","0","0","0","0","0","0"
"0.963067","0.125011","0.234406","0.0067265","0.181434","0.284865","0.284506","1.75513e-15","2.91697","2.61612","3.22488","7.85081","0","0","0","0","0","0","0","0"
"0.966467","0.125011","0.234406","0.0067338","0.182809","0.284924","0.278028","1.73974e-15","2.8946","2.57611","3.25102","7.70606","0","0","0","0","0","0","0","0"
"0.96995","0.125011","0.234406","0.00674225","0.182116","0.283865","0.27663","1.75422e-15","2.93245","2.57833","3.1988","7.68929","0","0","0","0","0","0","0","0"
"0.973233","0.125011","0.233186","0.00675985","0.184462","0.284558","0.276979","1.73514e-15","3.03514","2.62765","3.17786","7.43773","0","0","0","0","0","0","0","0"
"0.976617","0.125011","0.233186","0.0067798","0.184153","0.284999","0.277193","1.74029e-15","2.9934","2.57019","3.13941","7.44961","0","0","0","0","0","0","0","0"
"0.98","0.125011","0.233186","0.00681348","0.185151","0.286077","0.277122","1.73758e-15","2.98403","2.55302","3.15876","7.36955","0","0","0","0","0","0","0","0"
"0.984433","0.125011","0.233186","0.00685686","0.184043","0.284219","0.272957","1.76314e-15","3.00606","2.50918","3.10764","7.60463","0","0","0","0","0","0","0","0"
"0.987917","0.125011","0.233186","0.00687919","0.185983","0.287057","0.281908","1.74102e-15","2.92228","2.49418","3.04781","7.46609","0","0","0","0","0","0","0","0"
"0.9912","0.125011","0.232921","0.00689614","0.184545","0.28579","0.284179","1.75121e-15","2.90294","2.50224","3.01565","7.51611","0","0","0","0","0","0","0","0"
"0.9946","0.125011","0.232921","0.00692334","0.185829","0.287566","0.289384","1.74374e-15","2.85704","2.53656","3.0618","7.50623","0","0","0","0","0","0","0","0"
"0.997967","0.125011","0.232921","0.00696037","0.186954","0.28965","0.29041","1.74434e-15","2.81524","2.59666","2.98285","7.50747","0","0","0","0","0","0","0","0"
"1.00135","0.125011","0.232921","0.0070412","0.187103","0.28734","0.292069","1.76775e-15","2.81667","2.58544","2.91201","7.56874","0","0","0","0","0","0","0","0"
"1.00485","0.125011","0.232921","0.0070655","0.187704","0.288686","0.290918","1.74317e-15","2.81642","2.56158","2.88401","7.45068","0","0","0","0","0","0","0","0"
"1.00813","0.125011","0.23309","0.0070824","0.189693","0.288788","0.294786","1.7586e-15","2.85734","2.55626","2.85264","7.5533","0","0","0","0","0","0","0","0"
"1.01152","0.125011","0.23309","0.00709688","0.190965","0.288868","0.298248","1.75448e-15","2.92976","2.5768","2.91502","7.23663","0","0","0","0","0","0","0","0"
"1.0149","0.125011","0.23309","0.00711378","0.191447","0.288766","0.302121","1.74808e-15","2.93449","2.62298","2.97364","7.37057","0","0","0","0","0","0","0","0"
"1.01828","0.125011","0.23309","0.00712826","0.193681","0.288741","0.308474","1.77074e-15","2.95967","2.6814","2.90315","7.64235","0","0","0","0","0","0","0","0"
"1.02177","0.125011","0.23309","0.00712116","0.191746","0.287715","0.313387","1.74237e-15","2.99635","2.64015","2.84897","7.52522","0","0","0","0","0","0","0","0"
"1.0251","0.125011","0.233533","0.00711164","0.193052","0.289571","0.313415","1.76165e-15","2.95966","2.65616","2.77341","7.65472","0","0","0","0","0","0","0","0"
"1.02848","0.125011","0.233533","0.00710054","0.193826","0.289141","0.310703","1.75207e-15","2.98359","2.69141","2.79575","7.59832","0","0","0","0","0","0","0","0"
"1.03188","0.125011","0.233533","0.00709102","0.195229","0.289061","0.312525","1.76133e-15","3.04079","2.71676","2.86532","7.65572","0","0","0","0","0","0","0","0"
"1.03633","0.125011","0.233533","0.00706824","0.195868","0.288881","0.308046","1.75417e-15","3.09201","2.77762","3.01849","7.49731","0","0","0","0","0","0","0","0"
"1.03968","0.125011","0.2343","0.00703321","0.195731","0.28675","0.307006","1.76003e-15","3.05003","2.79582","3.2102","7.62653","0","0","0","0","0","0","0","0"
"1.0432","0.125011","0.2343","0.00699235","0.197879","0.287726","0.315106","1.75553e-15","3.03458","2.8231","3.09553","7.48305","0","0","0","0","0","0","0","0"
"1.04645","0.125011","0.2343","0.00695732","0.197128","0.287321","0.312673","1.7666e-15","3.05413","2.79514","3.15317","7.72533","0","0","0","0","0","0","0","0"
"1.04987","0.125011","0.2343","0.00691645","0.198673","0.28728","0.321041","1.74844e-15","3.07449","2.78072","3.03373","7.637","0","0","0","0","0","0","0","0"
"1.05333","0.125011","0.2343","0.00687951","0.202629","0.291483","0.32624","1.74252e-15","3.20533","2.95031","3.71217","7.62418","0","0","0","0","0","0","0","0"
"1.05662","0.125011","0.234874","0.00683195","0.200171","0.290145","0.326351","1.73754e-15","3.21261","2.91531","3.5102","7.47311","0","0","0","0","0","0","0","0"
"1.06013","0.125011","0.234874","0.00679117","0.198662","0.28811","0.320943","1.74193e-15","3.14719","2.87062","3.44518","7.64199","0","0","0","0","0","0","0","0"
"1.06347","0.125011","0.234874","0.00674361","0.196213","0.287275","0.312797","1.76207e-15","3.12359","2.92026","3.44694","7.57375","0","0","0","0","0","0","0","0"
"1.06787","0.125011","0.234874","0.00668925","0.196521","0.289739","0.306978","1.754e-15","3.03241","2.85932","3.3811","7.62236","0","0","0","0","0","0","0","0"
"1.07135","0.125011","0.234874","0.00666378","0.195683","0.288698","0.307494","1.74816e-15","3.03767","2.79985","3.33412","7.43994","0","0","0","0","0","0","0","0"
"1.07463","0.125011","0.235148","0.00664954","0.197286","0.290393","0.307134","1.74699e-15","3.08811","3.00052","3.26788","7.43662","0","0","0","0","0","0","0","0"
"1.07803","0.125011","0.235148","0.00663291","0.196116","0.291588","0.309144","1.76192e-15","3.27409","2.97181","3.28235","7.61445","0","0","0","0","0","0","0","0"
"1.0814","0.125011","0.235148","0.00661867","0.194464","0.289813","0.30617","1.75088e-15","3.22616","2.95779","3.2427","7.43073","0","0","0","0","0","0","0","0"
"1.08478","0.125011","0.235148","0.00660204","0.194307","0.291088","0.305029","1.7668e-15","3.25983","2.89109","3.21051","7.54873","0","0","0","0","0","0","0","0"
"1.0883","0.125011","0.235148","0.00659831","0.193379","0.290069","0.298959","1.73999e-15","3.22646","2.84853","3.20978","7.39926","0","0","0","0","0","0","0","0"
"1.09157","0.125011","0.235634","0.00659641","0.194894","0.291275","0.294478","1.75121e-15","3.21563","2.89305","3.15801","7.65352","0","0","0","0","0","0","0","0"
"1.09495","0.125011","0.235634","0.00659478","0.192922","0.289274","0.294078","1.73472e-15","3.21494","2.88391","3.12311","7.70644","0","0","0","0","0","0","0","0"
"1.09833","0.125011","0.235634","0.00659288","0.191553","0.287793","0.293222","1.75246e-15","3.12766","2.82945","3.19601","7.87637","0","0","0","0","0","0","0","0"
"1.10172","0.125011","0.235634","0.00659125","0.19332","0.29007","0.297459","1.75239e-15","3.05313","2.78234","3.0469","7.67894","0","0","0","0","0","0","0","0"
"1.10522","0.125011","0.235634","0.00660444","0.189567","0.287038","0.286087","1.74207e-15","3.04828","2.77396","3.1774","7.57893","0","0","0","0","0","0","0","0"
"1.10848","0.125011","0.235851","0.00662055","0.191711","0.286979","0.284527","1.75403e-15","3.05258","2.72599","3.25601","7.55232","0","0","0","0","0","0","0","0"
"1.11187","0.125011","0.235851","0.00663968","0.189665","0.28645","0.294726","1.74178e-15","3.01621","2.68826","3.11553","7.54879","0","0","0","0","0","0","0","0"
"1.11525","0.125011","0.235851","0.00665607","0.188408","0.286865","0.295071","1.76612e-15","2.98442","2.67227","3.11249","7.7511","0","0","0","0","0","0","0","0"
"1.11965","0.125011","0.235851","0.00667843","0.190026","0.287759","0.293703","1.73894e-15","2.89963","2.7453","3.02634","7.52543","0","0","0","0","0","0","0","0"
"1.12282","0.125011","0.235484","0.00668815","0.190692","0.287305","0.295394","1.73516e-15","2.96664","2.71205","3.02373","7.72512","0","0","0","0","0","0","0","0"
"1.1262","0.125011","0.235484","0.00669787","0.192892","0.288513","0.297442","1.71842e-15","3.00769","2.66145","3.01035","7.57823","0","0","0","0","0","0","0","0"
"1.12958","0.125011","0.235484","0.00670921","0.195189","0.292188","0.30511","1.73934e-15","2.91343","2.62325","2.96468","7.82996","0","0","0","0","0","0","0","0"
"1.13297","0.125011","0.235484","0.00671893","0.193802","0.291825","0.30889","1.72243e-15","2.97731","2.63311","2.95064","7.62387","0","0","0","0","0","0","0","0"
"1.13645","0.125011","0.235484","0.00672548","0.19124","0.289573","0.298658","1.71947e-15","2.99236","2.63898","3.03766","7.59669","0","0","0","0","0","0","0","0"
"1.13973","0.125011","0.23508","0.00672086","0.189571","0.287795","0.291892","1.73302e-15","2.98764","2.62699","3.05479","7.71014","0","0","0","0","0","0","0","0"
"1.14312","0.125011","0.23508","0.00671546","0.187323","0.285381","0.287424","1.71699e-15","3.02957","2.63478","3.07922","7.44178","0","0","0","0","0","0","0","0"
"1.1465","0.125011","0.23508","0.00671083","0.186836","0.286768","0.285251","1.72693e-15","3.0177","2.5701","3.03122","7.5871","0","0","0","0","0","0","0","0"
"1.1512","0.125011","0.23508","0.00670389","0.187","0.285343","0.289156","1.74413e-15","2.99017","2.53944","2.91737","7.57474","0","0","0","0","0","0","0","0"
"1.15468","0.125011","0.23508","0.00670187","0.186536","0.285474","0.285693","1.72259e-15","2.98033","2.55524","2.89022","7.40685","0","0","0","0","0","0","0","0"
"1.15797","0.125011","0.235238","0.0067013","0.187578","0.285434","0.301719","1.74242e-15","2.98444","2.61596","3.28847","7.53157","0","0","0","0","0","0","0","0"
"1.16152","0.125011","0.235238","0.00670063","0.187812","0.284622","0.304415","1.73497e-15","3.02756","2.58583","3.17583","7.31634","0","0","0","0","0","0","0","0"
"1.16473","0.125011","0.235238","0.00670006","0.186656","0.283775","0.299457","1.73944e-15","3.03615","2.62028","3.18699","7.62775","0","0","0","0","0","0","0","0"
"1.16812","0.125011","0.235238","0.0066994","0.183135","0.281676","0.293607","1.75861e-15","3.02155","2.60991","3.16632","7.74318","0","0","0","0","0","0","0","0"
"1.17165","0.125011","0.235238","0.00669775","0.187386","0.285689","0.306201","1.74236e-15","3.14351","2.62","3.1544","7.64978","0","0","0","0","0","0","0","0"
"1.17493","0.125011","0.234823","0.00669558","0.188039","0.284311","0.306465","1.75666e-15","3.04824","2.63933","3.08554","7.8281","0","0","0","0","0","0","0","0"
"1.1783","0.125011","0.234823","0.00669373","0.18605","0.28262","0.297824","1.7406e-15","3.00976","2.64903","3.16958","7.6191","0","0","0","0","0","0","0","0"
"1.18168","0.125011","0.234823","0.00669156","0.1865","0.283047","0.29646","1.76499e-15","3.07453","2.70464","3.20872","7.85664","0","0","0","0","0","0","0","0"
"1.18507","0.125011","0.234823","0.0066897","0.187183","0.283512","0.299831","1.75035e-15","3.09449","2.74188","3.10273","7.58522","0","0","0","0","0","0","0","0"
"1.18855","0.125011","0.234823","0.00668537","0.186333","0.282423","0.295655","1.74933e-15","3.10117","2.76584","3.13559","7.59606","0","0","0","0","0","0","0","0"
"1.19183","0.125011","0.234042","0.00668135","0.190113","0.285898","0.32144","1.77452e-15","3.06218","2.77979","3.37216","7.68676","0","0","0","0","0","0","0","0"
"1.19522","0.125011","0.234042","0.00667667","0.19224","0.286088","0.316179","1.75805e-15","3.09186","2.7627","3.361","7.43402","0","0","0","0","0","0","0","0"
"1.1986","0.125011","0.234042","0.00667265","0.191676","0.284527","0.315364","1.76741e-15","3.13255","2.71801","3.30683","7.48567","0","0","0","0","0","0","0","0"
"1.203","0.125011","0.234042","0.00667177","0.192225","0.284576","0.314523","1.76736e-15","3.10905","2.7235","3.19622","7.25076","0","0","0","0","0","0","0","0"
"1.20617","0.125011","0.233416","0.00668322","0.192685","0.284418","0.310294","1.73684e-15","3.13569","2.75972","3.19323","7.20335","0","0","0","0","0","0","0","0"
"1.20955","0.125011","0.233416","0.00669466","0.194167","0.285256","0.316366","1.75978e-15","3.09819","2.72384","3.17288","7.54486","0","0","0","0","0","0","0","0"
"1.21293","0.125011","0.233416","0.00670801","0.193223","0.285364","0.315959","1.77748e-15","3.11524","2.71551","3.13254","7.56919","0","0","0","0","0","0","0","0"
"1.21632","0.125011","0.233416","0.00671946","0.194224","0.284426","0.335744","1.75773e-15","3.14259","2.68995","3.02856","7.34311","0","0","0","0","0","0","0","0"
"1.2198","0.125011","0.233416","0.00673219","0.195258","0.284466","0.328132","1.7388e-15","3.15141","2.71761","3.0769","7.2538","0","0","0","0","0","0","0","0"
"1.22308","0.125011","0.233034","0.00674178","0.193784","0.282416","0.325184","1.755e-15","3.12026","2.72943","3.05792","7.33473","0","0","0","0","0","0","0","0"
"1.22647","0.125011","0.233034","0.00675298","0.192565","0.284633","0.323697","1.74395e-15","3.0767","2.74741","2.99631","7.21138","0","0","0","0","0","0","0","0"
"1.22985","0.125011","0.233034","0.00676257","0.193116","0.284716","0.323365","1.73562e-15","3.07662","2.80601","3.17684","7.32561","0","0","0","0","0","0","0","0"
"1.23455","0.125011","0.233034","0.00677696","0.192953","0.286029","0.332598","1.76154e-15","3.0166","2.77537","3.05544","7.6006","0","0","0","0","0","0","0","0"
"1.23803","0.125011","0.233034","0.00677041","0.190159","0.283853","0.324276","1.74011e-15","2.9897","2.7822","3.07314","7.38283","0","0","0","0","0","0","0","0"
"1.24132","0.125011","0.232764","0.0067587","0.189205","0.283703","0.321095","1.74955e-15","2.95706","2.7738","3.03683","7.56559","0","0","0","0","0","0","0","0"
"1.24478","0.125011","0.232764","0.00674505","0.190725","0.283591","0.327596","1.77142e-15","2.93187","2.78175","2.95512","7.704","0","0","0","0","0","0","0","0"
"1.24817","0.125011","0.232764","0.0067314","0.194309","0.285951","0.32637","1.74714e-15","2.95032","2.77286","2.98599","7.42167","0","0","0","0","0","0","0","0"
"1.25153","0.125011","0.232764","0.0067197","0.195014","0.287151","0.329935","1.75512e-15","2.93653","2.78191","3.00685","7.71352","0","0","0","0","0","0","0","0"
"1.25505","0.125011","0.232764","0.00670229","0.19403","0.284987","0.325685","1.75274e-15","2.93277","2.83006","2.97628","7.40021","0","0","0","0","0","0","0","0"
"1.25832","0.125011","0.23273","0.00668683","0.194775","0.285879","0.330974","1.72533e-15","2.94261","2.80634","2.91153","7.30244","0","0","0","0","0","0","0","0"
"1.26172","0.125011","0.23273","0.00666878","0.19361","0.283725","0.326996","1.75682e-15","3.06518","2.79203","2.90357","7.43693","0","0","0","0","0","0","0","0"
"1.26508","0.125011","0.23273","0.00665332","0.194756","0.286196","0.336433","1.74179e-15","3.02616","2.85715","3.02757","7.26929","0","0","0","0","0","0","0","0"
"1.26963","0.125011","0.23273","0.00663341","0.192044","0.283254","0.318731","1.73588e-15","2.98781","2.83288","3.18095","7.32833","0","0","0","0","0","0","0","0"
"1.27292","0.125011","0.232925","0.00662782","0.191297","0.282987","0.317786","1.73285e-15","2.9821","2.76948","3.1245","7.23616","0","0","0","0","0","0","0","0"
"1.2763","0.125011","0.232925","0.00662129","0.192041","0.283011","0.312887","1.71296e-15","2.94679","2.72398","3.11748","7.08604","0","0","0","0","0","0","0","0"
"1.27967","0.125011","0.232925","0.00661569","0.190481","0.282745","0.309636","1.72236e-15","2.91546","2.65913","3.08411","7.52607","0","0","0","0","0","0","0","0"
"1.28307","0.125011","0.232925","0.00660916","0.188392","0.282664","0.309903","1.73014e-15","2.89469","2.65561","3.04991","7.44792","0","0","0","0","0","0","0","0"
"1.28655","0.125011","0.232925","0.00660681","0.187946","0.283736","0.311652","1.70199e-15","2.89253","2.6139","3.00133","7.20814","0","0","0","0","0","0","0","0"
"1.28983","0.125011","0.232716","0.00661162","0.188689","0.283551","0.310118","1.71078e-15","2.89838","2.66743","2.96971","7.30837","0","0","0","0","0","0","0","0"
"1.29322","0.125011","0.232716","0.00661574","0.187504","0.283111","0.310002","1.72276e-15","2.96411","2.66836","3.196","7.18281","0","0","0","0","0","0","0","0"
"1.29662","0.125011","0.232716","0.00662055","0.188462","0.285191","0.309758","1.71186e-15","2.92845","2.68224","3.0899","6.90119","0","0","0","0","0","0","0","0"
"1.29998","0.125011","0.232716","0.00662468","0.185245","0.283048","0.29923","1.70851e-15","2.95748","2.66387","3.18846","6.96692","0","0","0","0","0","0","0","0"
"1.30348","0.125011","0.232716","0.00662808","0.184998","0.283256","0.291962","1.70198e-15","2.93753","2.61433","3.24128","6.88347","0","0","0","0","0","0","0","0"
"1.30675","0.125011","0.232269","0.00662939","0.18525","0.2831","0.293434","1.69778e-15","2.9052","2.64467","3.15028","6.94172","0","0","0","0","0","0","0","0"
"1.31015","0.125011","0.232269","0.00663091","0.18597","0.282625","0.299324","1.7211e-15","2.93954","2.63983","2.97157","6.97261","0","0","0","0","0","0","0","0"
"1.31367","0.125011","0.232269","0.00663222","0.187251","0.282606","0.298406","1.70237e-15","2.90607","2.60619","2.92622","6.7187","0","0","0","0","0","0","0","0"
"1.31797","0.125011","0.232269","0.00663418","0.184951","0.281172","0.289113","1.72262e-15","2.89302","2.6294","3.04804","6.8141","0","0","0","0","0","0","0","0"
"1.32143","0.125011","0.232269","0.00663897","0.184357","0.280811","0.287148","1.70867e-15","2.91775","2.60563","2.97481","6.68608","0","0","0","0","0","0","0","0"
"1.32473","0.125011","0.23201","0.00664537","0.186809","0.283432","0.296882","1.69874e-15","2.95719","2.55473","2.96318","6.51722","0","0","0","0","0","0","0","0"
"1.32812","0.125011","0.23201","0.00665085","0.187197","0.282821","0.291883","1.71569e-15","3.00213","2.54701","2.97058","6.7506","0","0","0","0","0","0","0","0"
"1.3315","0.125011","0.23201","0.00665725","0.188354","0.282976","0.291475","1.72149e-15","2.91649","2.59032","2.96962","6.79324","0","0","0","0","0","0","0","0"
"1.33488","0.125011","0.23201","0.00666274","0.18703","0.281042","0.284203","1.70568e-15","2.95312","2.55626","3.01542","6.83982","0","0","0","0","0","0","0","0"
"1.33838","0.125011","0.23201","0.00666962","0.187213","0.281388","0.280007","1.71456e-15","2.9585","2.63612","3.14764","6.74489","0","0","0","0","0","0","0","0"
"1.34167","0.125011","0.231675","0.00667558","0.185205","0.281063","0.281201","1.7278e-15","2.97183","2.61853","3.06775","6.60903","0","0","0","0","0","0","0","0"
"1.34505","0.125011","0.231675","0.00668254","0.183653","0.279508","0.287401","1.70803e-15","2.95805","2.60076","3.03213","6.41062","0","0","0","0","0","0","0","0"
"1.34842","0.125011","0.231675","0.0066885","0.18383","0.278594","0.292699","1.71002e-15","2.91526","2.59396","3.13668","6.78371","0","0","0","0","0","0","0","0"
"1.35297","0.125011","0.231675","0.00669791","0.187354","0.280689","0.287519","1.73033e-15","2.96656","2.63606","3.16692","6.97261","0","0","0","0","0","0","0","0"
"1.35623","0.125011","0.231413","0.00670525","0.188262","0.280987","0.294692","1.71117e-15","2.94307","2.63762","3.14674","6.77403","0","0","0","0","0","0","0","0"
"1.35963","0.125011","0.231413","0.00671382","0.190136","0.283683","0.303356","1.70412e-15","3.04461","2.66817","3.29992","6.96249","0","0","0","0","0","0","0","0"
"1.363","0.125011","0.231413","0.00672117","0.191711","0.283908","0.307292","1.71327e-15","3.0723","2.73862","3.20699","6.97046","0","0","0","0","0","0","0","0"
"1.3664","0.125011","0.231413","0.00672974","0.191318","0.282813","0.306445","1.7096e-15","3.08129","2.71454","3.17533","6.92894","0","0","0","0","0","0","0","0"
"1.36987","0.125011","0.231413","0.00673509","0.191124","0.281898","0.304355","1.69298e-15","3.03952","2.71109","3.1152","6.75002","0","0","0","0","0","0","0","0"
"1.37317","0.125011","0.230845","0.00673667","0.19085","0.280915","0.301514","1.72246e-15","2.98953","2.72153","3.11348","6.88666","0","0","0","0","0","0","0","0"
"1.37655","0.125011","0.230845","0.00673802","0.189291","0.278411","0.298764","1.72884e-15","2.96573","2.72375","3.09001","6.65069","0","0","0","0","0","0","0","0"
"1.37993","0.125011","0.230845","0.0067396","0.189983","0.281598","0.307915","1.71068e-15","2.99646","2.70625","3.04886","6.41899","0","0","0","0","0","0","0","0"
"1.38332","0.125011","0.230845","0.00674095","0.189576","0.280423","0.302629","1.70628e-15","3.0119","2.72138","3.04278","6.6794","0","0","0","0","0","0","0","0"
"1.38682","0.125011","0.230845","0.00674166","0.193148","0.281923","0.299972","1.71661e-15","2.96461","2.64928","3.06814","6.8214","0","0","0","0","0","0","0","0"
"1.39008","0.125011","0.230859","0.00674128","0.191547","0.284438","0.303616","1.70453e-15","2.95533","2.69007","3.10255","6.58562","0","0","0","0","0","0","0","0"
"1.39348","0.125011","0.230859","0.00674083","0.188451","0.283208","0.295791","1.68846e-15","2.99762","2.66164","3.1601","6.31157","0","0","0","0","0","0","0","0"
"1.39687","0.125011","0.230859","0.00674046","0.191105","0.286955","0.302662","1.69512e-15","3.03809","2.70928","3.17603","6.39892","0","0","0","0","0","0","0","0"
"1.4013","0.125011","0.230859","0.00673989","0.19029","0.285056","0.302909","1.7147e-15","3.04502","2.65415","3.04137","6.52209","0","0","0","0","0","0","0","0"
"1.40477","0.125011","0.230859","0.00673589","0.189556","0.285935","0.300124","1.6855e-15","3.03817","2.58591","2.99935","6.41554","0","0","0","0","0","0","0","0"
"1.40807","0.125011","0.230619","0.00673039","0.191384","0.286914","0.299849","1.69221e-15","3.03655","2.676","3.00174","6.78345","0","0","0","0","0","0","0","0"
"1.41145","0.125011","0.230619","0.00672568","0.19312","0.287354","0.301465","1.71369e-15","3.1128","2.65879","2.89693","6.8225","0","0","0","0","0","0","0","0"
"1.41483","0.125011","0.230619","0.00672018","0.193221","0.284432","0.303899","1.71078e-15","3.07897","2.67438","2.87466","6.82435","0","0","0","0","0","0","0","0"
"1.4182","0.125011","0.230619","0.00671546","0.192236","0.283839","0.30686","1.69659e-15","3.0836","2.6369","2.79384","6.74996","0","0","0","0","0","0","0","0"
"1.42172","0.125011","0.230619","0.00670741","0.191527","0.282801","0.320633","1.71381e-15","3.09834","2.6192","2.76649","6.90639","0","0","0","0","0","0","0","0"
"1.42498","0.125011","0.231316","0.00670014","0.189662","0.281809","0.32031","1.73231e-15","3.06904","2.62289","3.02231","6.96699","0","0","0","0","0","0","0","0"
"1.42838","0.125011","0.231316","0.00669166","0.191296","0.284118","0.315769","1.70952e-15","3.02409","2.62954","3.02249","6.84778","0","0","0","0","0","0","0","0"
"1.43175","0.125011","0.231316","0.0066844","0.193636","0.284556","0.316523","1.71722e-15","3.08229","2.70351","2.95025","7.20954","0","0","0","0","0","0","0","0"
"1.43632","0.125011","0.231316","0.00667122","0.193594","0.284751","0.315567","1.73487e-15","3.06786","2.72599","2.9017","7.08115","0","0","0","0","0","0","0","0"
"1.43957","0.125011","0.231733","0.00665713","0.191397","0.283129","0.314687","1.71284e-15","3.06407","2.72079","2.86538","6.87563","0","0","0","0","0","0","0","0"
"1.44297","0.125011","0.231733","0.00664068","0.192514","0.284989","0.31777","1.71096e-15","3.05587","2.75198","2.8356","7.16222","0","0","0","0","0","0","0","0"
"1.44633","0.125011","0.231733","0.00662659","0.192436","0.28311","0.318228","1.72128e-15","2.98949","2.7453","2.81944","7.37385","0","0","0","0","0","0","0","0"
"1.44973","0.125011","0.231733","0.00661015","0.192531","0.283346","0.309985","1.73614e-15","2.97433","2.72132","2.84818","7.23269","0","0","0","0","0","0","0","0"
"1.4532","0.125011","0.231733","0.00660208","0.193895","0.283569","0.3141","1.7092e-15","2.90592","2.72269","3.06652","6.98917","0","0","0","0","0","0","0","0"
"1.4565","0.125011","0.231311","0.00660672","0.197886","0.284809","0.315979","1.70253e-15","2.96627","2.74209","2.93046","6.99337","0","0","0","0","0","0","0","0"
"1.45987","0.125011","0.231311","0.0066107","0.19491","0.282817","0.309067","1.71231e-15","2.96706","2.70039","2.93532","7.19764","0","0","0","0","0","0","0","0"
"1.46327","0.125011","0.231311","0.00661534","0.194068","0.282549","0.307805","1.74523e-15","2.91316","2.69343","2.96503","7.22764","0","0","0","0","0","0","0","0"
"1.46665","0.125011","0.231311","0.00661932","0.195177","0.282835","0.308866","1.72119e-15","2.90343","2.76964","2.91281","6.97648","0","0","0","0","0","0","0","0"
"1.47015","0.125011","0.231311","0.00662597","0.196391","0.282251","0.309234","1.69939e-15","2.95703","2.8015","2.97976","6.68078","0","0","0","0","0","0","0","0"
"1.47342","0.125011","0.231133","0.00663396","0.194149","0.278998","0.302873","1.71624e-15","2.95521","2.77288","3.03909","6.88232","0","0","0","0","0","0","0","0"
"1.47682","0.125011","0.231133","0.00664328","0.191257","0.278592","0.301044","1.74307e-15","2.92837","2.73876","3.01971","7.1183","0","0","0","0","0","0","0","0"
"1.48018","0.125011","0.231133","0.00665127","0.190342","0.279845","0.302613","1.72584e-15","2.90987","2.68538","2.98016","6.92914","0","0","0","0","0","0","0","0"
"1.48463","0.125011","0.231133","0.00666326","0.188584","0.279949","0.304685","1.70761e-15","2.89233","2.66179","2.8807","6.88822","0","0","0","0","0","0","0","0"
"1.4881","0.125011","0.231133","0.00666633","0.187275","0.278124","0.306169","1.69845e-15","2.91963","2.68167","2.94438","6.86316","0","0","0","0","0","0","0","0"
"1.49152","0.125011","0.231088","0.00666877","0.187022","0.276087","0.30063","1.70964e-15","2.92568","2.69058","2.99857","6.90376","0","0","0","0","0","0","0","0"
"1.49478","0.125011","0.231088","0.00667087","0.187598","0.277095","0.301971","1.68757e-15","2.89856","2.67866","2.93522","6.84173","0","0","0","0","0","0","0","0"
"1.49817","0.125011","0.231088","0.00667331","0.187531","0.278764","0.303055","1.72165e-15","2.84484","2.64229","2.90898","7.28935","0","0","0","0","0","0","0","0"
"1.50153","0.125011","0.231088","0.0066754","0.187472","0.28166","0.302131","1.73753e-15","2.90763","2.68586","2.9049","7.38403","0","0","0","0","0","0","0","0"
"1.50503","0.125011","0.231088","0.00668905","0.186785","0.282344","0.298902","1.71442e-15","2.84266","2.65215","2.84784","7.18033","0","0","0","0","0","0","0","0"
"1.50847","0.125011","0.230724","0.00670273","0.18476","0.282548","0.315997","1.71851e-15","2.88371","2.64951","2.97497","7.32322","0","0","0","0","0","0","0","0"
"1.51172","0.125011","0.230724","0.00671869","0.184295","0.282872","0.31102","1.74464e-15","2.84707","2.59851","2.99334","7.37269","0","0","0","0","0","0","0","0"
"1.51508","0.125011","0.230724","0.00673237","0.18409","0.284621","0.30639","1.71991e-15","2.84041","2.57386","2.98631","7.13041","0","0","0","0","0","0","0","0"
"1.51963","0.125011","0.230724","0.00675019","0.183282","0.286354","0.30261","1.70077e-15","2.8269","2.5422","3.20198","7.02226","0","0","0","0","0","0","0","0"
"1.5229","0.125011","0.23025","0.00675576","0.186211","0.289515","0.301395","1.72124e-15","2.85139","2.56219","3.16174","7.15314","0","0","0","0","0","0","0","0"
"1.5263","0.125011","0.23025","0.00676227","0.182738","0.285303","0.292003","1.71023e-15","2.86611","2.5815","3.23161","7.04086","0","0","0","0","0","0","0","0"
"1.52967","0.125011","0.23025","0.00676784","0.183486","0.284196","0.288643","1.69733e-15","2.85344","2.59085","3.15883","6.96295","0","0","0","0","0","0","0","0"
"1.53307","0.125011","0.23025","0.00677435","0.182039","0.282879","0.289809","1.72921e-15","2.83205","2.57612","3.13725","7.21757","0","0","0","0","0","0","0","0"
"1.53653","0.125011","0.23025","0.00678237","0.180949","0.281954","0.289298","1.73127e-15","2.81261","2.5547","3.14686","7.0241","0","0","0","0","0","0","0","0"
"1.53983","0.125011","0.230704","0.00680007","0.181085","0.282976","0.287939","1.71157e-15","2.83591","2.51788","3.09652","6.80414","0","0","0","0","0","0","0","0"
"1.5432","0.125011","0.230704","0.00681794","0.181046","0.281047","0.289422","1.71461e-15","2.82367","2.5048","3.10495","7.03368","0","0","0","0","0","0","0","0"
"1.5466","0.125011","0.230704","0.00683882","0.181482","0.280387","0.299511","1.74072e-15","2.89384","2.55029","3.03021","6.98474","0","0","0","0","0","0","0","0"
"1.54998","0.125011","0.230704","0.00685671","0.181794","0.281063","0.303855","1.72282e-15","2.84937","2.58107","2.95945","6.78994","0","0","0","0","0","0","0","0"
"1.55347","0.125011","0.230704","0.00687012","0.183238","0.281089","0.30252","1.70028e-15","2.93314","2.60472","2.97411","6.51851","0","0","0","0","0","0","0","0"
"1.55675","0.125011","0.231026","0.00687306","0.181018","0.278418","0.296894","1.70902e-15","2.94541","2.57082","2.96909","6.79032","0","0","0","0","0","0","0","0"
"1.56015","0.125011","0.231026","0.0068765","0.18209","0.279547","0.293757","1.73975e-15","2.91975","2.57334","3.07206","7.26631","0","0","0","0","0","0","0","0"
"1.56352","0.125011","0.231026","0.00687944","0.181178","0.27848","0.293613","1.72958e-15","2.88805","2.56868","3.1622","7.01776","0","0","0","0","0","0","0","0"
"1.56795","0.125011","0.231026","0.00688386","0.181956","0.279141","0.296572","1.70719e-15","2.85561","2.63525","3.05132","6.93482","0","0","0","0","0","0","0","0"
"1.57143","0.125011","0.231026","0.00688363","0.180265","0.276959","0.290628","1.69697e-15","2.87514","2.62593","3.06348","6.9598","0","0","0","0","0","0","0","0"
"1.57473","0.125011","0.23033","0.00688262","0.180737","0.278374","0.297791","1.69255e-15","2.87133","2.67744","2.94203","6.80134","0","0","0","0","0","0","0","0"
"1.5781","0.125011","0.23033","0.00688176","0.183305","0.279572","0.310386","1.67619e-15","2.94271","2.61143","2.94351","6.76554","0","0","0","0","0","0","0","0"
"1.5815","0.125011","0.23033","0.00688075","0.183815","0.280078","0.319712","1.70302e-15","2.9046","2.60191","2.99532","7.52071","0","0","0","0","0","0","0","0"
"1.58487","0.125011","0.23033","0.00687988","0.183571","0.279573","0.32149","1.70484e-15","2.91492","2.61925","2.98654","7.18985","0","0","0","0","0","0","0","0"
"1.58838","0.125011","0.23033","0.00687065","0.18168","0.278015","0.332081","1.68166e-15","2.92044","2.59009","2.88646","7.03944","0","0","0","0","0","0","0","0"
"1.59297","0.125011","0.22962","0.00685703","0.180668","0.277577","0.321295","1.71047e-15","2.92787","2.57616","2.93973","7.17902","0","0","0","0","0","0","0","0"
"1.59633","0.125011","0.22962","0.00684795","0.179522","0.275443","0.327577","1.70782e-15","2.98239","2.57302","2.89018","6.93784","0","0","0","0","0","0","0","0"
"1.59973","0.125011","0.22962","0.00683736","0.182829","0.278338","0.326071","1.70022e-15","3.10626","2.54599","2.95522","6.90221","0","0","0","0","0","0","0","0"
"1.6032","0.125011","0.22962","0.00683579","0.182065","0.276342","0.327581","1.69787e-15","3.1678","2.62522","2.89828","6.92547","0","0","0","0","0","0","0","0"
"1.60643","0.125011","0.229257","0.00684922","0.181918","0.275413","0.332349","1.70769e-15","3.17766","2.61966","2.82223","6.95006","0","0","0","0","0","0","0","0"
"1.61002","0.125011","0.229257","0.0068649","0.185708","0.278319","0.346196","1.687e-15","3.23404","2.6428","2.77758","6.74352","0","0","0","0","0","0","0","0"
"1.61335","0.125011","0.229257","0.00688057","0.187435","0.28073","0.34695","1.69653e-15","3.22763","2.71294","2.73897","6.89598","0","0","0","0","0","0","0","0"
"1.61673","0.125011","0.229257","0.006894","0.186662","0.279367","0.357375","1.71559e-15","3.17322","2.68987","2.69343","7.05605","0","0","0","0","0","0","0","0"
"1.62022","0.125011","0.229257","0.00691247","0.187352","0.28033","0.348988","1.70655e-15","3.12341","2.66342","2.72065","6.87217","0","0","0","0","0","0","0","0"
"1.6235","0.125011","0.228875","0.00693149","0.186247","0.278739","0.342993","1.70275e-15","3.15571","2.65567","2.78699","6.83285","0","0","0","0","0","0","0","0"
"1.6269","0.125011","0.228875","0.00695369","0.185994","0.27873","0.341067","1.72042e-15","3.10697","2.65953","2.7668","7.02561","0","0","0","0","0","0","0","0"
"1.63027","0.125011","0.228875","0.00697271","0.184504","0.278097","0.332284","1.73487e-15","3.10046","2.64935","2.83581","7.01803","0","0","0","0","0","0","0","0"
"1.63365","0.125011","0.228875","0.0069949","0.18359","0.277883","0.328048","1.72305e-15","3.08946","2.66783","2.87591","6.84807","0","0","0","0","0","0","0","0"
"1.63712","0.125011","0.228875","0.00700615","0.183796","0.278232","0.325119","1.711e-15","3.09562","2.66007","2.91442","6.70573","0","0","0","0","0","0","0","0"
"1.6404","0.125011","0.228768","0.00701022","0.183774","0.277439","0.326755","1.73097e-15","3.05044","2.63087","2.86414","6.99502","0","0","0","0","0","0","0","0"
"1.64378","0.125011","0.228768","0.0070137","0.184386","0.278423","0.324956","1.73981e-15","3.03076","2.62935","2.8543","7.12469","0","0","0","0","0","0","0","0"
"1.64717","0.125011","0.228768","0.00701776","0.185354","0.277553","0.330589","1.72484e-15","3.0711","2.65106","2.75785","6.99473","0","0","0","0","0","0","0","0"
"1.65133","0.125011","0.228768","0.0070224","0.18551","0.278285","0.334083","1.72818e-15","3.07596","2.7007","2.69059","7.08322","0","0","0","0","0","0","0","0"
"1.65483","0.125011","0.228768","0.0070178","0.187082","0.279226","0.339985","1.71975e-15","3.11724","2.74258","2.67772","7.05518","0","0","0","0","0","0","0","0"
"1.65812","0.125011","0.228717","0.00701056","0.187907","0.279605","0.335135","1.74564e-15","3.12642","2.7625","2.71255","7.47852","0","0","0","0","0","0","0","0"
"1.66152","0.125011","0.228717","0.00700435","0.187898","0.279963","0.334089","1.73871e-15","3.09519","2.7692","2.7377","7.36476","0","0","0","0","0","0","0","0"
"1.66488","0.125011","0.228717","0.0069971","0.187769","0.278833","0.32764","1.72748e-15","3.05049","2.74172","2.78528","7.34937","0","0","0","0","0","0","0","0"
"1.66827","0.125011","0.228717","0.0069909","0.187816","0.278818","0.325762","1.73878e-15","3.03923","2.75691","2.78398","7.44815","0","0","0","0","0","0","0","0"
"1.67175","0.125011","0.228717","0.00698211","0.187642","0.278637","0.323496","1.74677e-15","3.03765","2.74572","2.80113","7.53066","0","0","0","0","0","0","0","0"
"1.67633","0.250022","0.228504","0.00710558","0.19048","0.281202","0.329976","1.73992e-15","3.01796","2.75804","2.95056","7.30186","0","0","0","0","0","0","0","0"
"1.67973","0.250022","0.228504","0.00725623","0.192828","0.28235","0.333642","1.73488e-15","3.02029","2.77636","2.98692","7.19636","0","0","0","0","0","0","0","0"
"1.68312","0.250022","0.228504","0.00756686","0.193546","0.282665","0.331109","1.7434e-15","3.03531","2.76955","2.98344","7.49349","0","0","0","0","0","0","0","0"
"1.6866","0.250022","0.228504","0.00823923","0.194207","0.28202","0.331497","1.7516e-15","3.0124","2.76904","2.99816","7.4767","0","0","0","0","0","0","0","0"
"1.68988","0.250022","0.228769","0.00830609","0.192909","0.278789","0.336468","1.73764e-15","3.08467","2.89319","2.87645","7.24073","0","0","0","0","0","0","0","0"
"1.69427","0.250022","0.228769","0.00838895","0.193774","0.281157","0.329938","1.68801e-15","2.94185","2.68214","3.14478","6.70866","0","0","0","0","0","0","0","0"
"1.69765","0.250022","0.228769","0.00851502","0.191862","0.279042","0.332538","1.74097e-15","2.84358","2.63189","2.9348","7.35692","0","0","0","0","0","0","0","0"
"1.70105","0.250022","0.228769","0.00881446","0.196953","0.286645","0.351115","1.76929e-15","2.82108","2.63108","3.16855","7.80205","0","0","0","0","0","0","0","0"
"1.70453","0.250022","0.228769","0.009216","0.19537","0.288969","0.329032","1.74711e-15","2.93772","2.67634","3.32188","7.21383","0","0","0","0","0","0","0","0"
"1.7078","0.250022","0.229954","0.00926498","0.196411","0.288046","0.328171","1.72232e-15","2.97883","2.7074","3.15183","6.98242","0","0","0","0","0","0","0","0"
"1.71118","0.250022","0.229954","0.00932975","0.197967","0.287545","0.343786","1.73251e-15","2.88983","2.63804","3.20675","7.31934","0","0","0","0","0","0","0","0"
"1.71458","0.250022","0.229954","0.00939579","0.20033","0.287905","0.347823","1.75815e-15","2.98864","2.65113","3.20755","7.64089","0","0","0","0","0","0","0","0"
"1.71797","0.250022","0.229954","0.00957014","0.205972","0.294311","0.369974","1.77283e-15","2.93063","2.66665","2.95505","7.47645","0","0","0","0","0","0","0","0"
"1.72145","0.250022","0.229954","0.009682","0.202051","0.288527","0.353002","1.73213e-15","2.94074","2.71094","3.11789","7.20471","0","0","0","0","0","0","0","0"
"1.72473","0.250022","0.231289","0.00971048","0.206486","0.295123","0.375827","1.70984e-15","2.92226","2.69493","3.23362","6.92233","0","0","0","0","0","0","0","0"
"1.72813","0.250022","0.231289","0.00974414","0.20407","0.293529","0.375235","1.72222e-15","2.98948","2.66703","3.15852","7.03222","0","0","0","0","0","0","0","0"
"1.73463","0.250022","0.231289","0.00996573","0.210898","0.294659","0.383941","1.74232e-15","2.93067","2.6449","2.89541","7.13951","0","0","0","0","0","0","0","0"
"1.73822","0.250022","0.231289","0.0100822","0.213031","0.295651","0.393081","1.7161e-15","2.97725","2.69968","2.79192","6.87381","0","0","0","0","0","0","0","0"
"1.7414","0.250022","0.232941","0.0101119","0.212073","0.294735","0.419919","1.72959e-15","2.95865","2.75499","2.78452","7.05954","0","0","0","0","0","0","0","0"
"1.74478","0.250022","0.232941","0.0101469","0.211625","0.296705","0.42099","1.74746e-15","2.96541","2.75988","2.79492","7.2069","0","0","0","0","0","0","0","0"
"1.74817","0.250022","0.232941","0.0102139","0.215118","0.298428","0.409434","1.74281e-15","2.88607","2.76714","2.81919","7.17435","0","0","0","0","0","0","0","0"
"1.75155","0.250022","0.232941","0.0103777","0.216417","0.299297","0.4051","1.71585e-15","2.96555","2.90828","2.87871","6.94868","0","0","0","0","0","0","0","0"
"1.75513","0.250022","0.232941","0.0105029","0.217678","0.298106","0.403901","1.69837e-15","2.99933","2.91788","2.83529","6.83196","0","0","0","0","0","0","0","0"
"1.75833","0.250022","0.235184","0.0105299","0.218371","0.297062","0.414693","1.72499e-15","2.96701","2.88135","2.75233","7.06468","0","0","0","0","0","0","0","0"
"1.7617","0.250022","0.235184","0.0105739","0.217985","0.295519","0.419193","1.73599e-15","3.03521","2.86862","3.02665","7.06992","0","0","0","0","0","0","0","0"
"1.7651","0.250022","0.235184","0.0106362","0.215862","0.294356","0.415926","1.71797e-15","3.02851","2.84832","3.01959","6.75444","0","0","0","0","0","0","0","0"
"1.76963","0.250022","0.235184","0.0109217","0.221123","0.297872","0.410839","1.70743e-15","3.15302","2.78197","2.92895","6.59267","0","0","0","0","0","0","0","0"
"1.77292","0.250022","0.237677","0.0109456","0.224142","0.299121","0.420786","1.7268e-15","3.08624","2.7511","2.83468","6.8988","0","0","0","0","0","0","0","0"
"1.7763","0.250022","0.237677","0.0109825","0.2291","0.302761","0.439045","1.73039e-15","3.06935","2.75367","2.88533","6.85705","0","0","0","0","0","0","0","0"
"1.77968","0.250022","0.237677","0.0110286","0.231214","0.303973","0.426769","1.70901e-15","3.09017","2.7947","2.96628","6.63715","0","0","0","0","0","0","0","0"
"1.78307","0.250022","0.237677","0.0111323","0.23464","0.305388","0.425819","1.7138e-15","3.09726","2.77936","2.85615","6.76949","0","0","0","0","0","0","0","0"
"1.78655","0.250022","0.237677","0.0113731","0.229191","0.302857","0.423314","1.72269e-15","3.1253","2.77951","2.82051","6.8611","0","0","0","0","0","0","0","0"
"1.78983","0.250022","0.240042","0.0114028","0.226966","0.301391","0.41018","1.70101e-15","3.15235","2.79494","2.85879","6.66909","0","0","0","0","0","0","0","0"
"1.79322","0.250022","0.240042","0.0114364","0.23527","0.308099","0.439039","1.6855e-15","3.11983","2.78904","2.98365","6.56763","0","0","0","0","0","0","0","0"
"1.79673","0.250022","0.240042","0.011495","0.229158","0.303815","0.439825","1.7198e-15","3.15553","2.81367","3.07329","7.03391","0","0","0","0","0","0","0","0"
"1.8","0.250022","0.240042","0.0115925","0.229317","0.30397","0.437861","1.73039e-15","3.17001","2.76417","3.07404","7.20711","0","0","0","0","0","0","0","0"
"1.80348","0.250022","0.240042","0.0118472","0.227647","0.304618","0.427099","1.7019e-15","3.14828","2.76227","3.06235","6.98129","0","0","0","0","0","0","0","0"
"1.80677","0.250022","0.24342","0.0118741","0.232664","0.306927","0.434498","1.70194e-15","3.1942","2.76049","2.96524","7.08539","0","0","0","0","0","0","0","0"
"1.81015","0.250022","0.24342","0.0119162","0.236536","0.307913","0.436466","1.73011e-15","3.12334","2.75742","2.9518","7.29637","0","0","0","0","0","0","0","0"
"1.81353","0.250022","0.24342","0.0119701","0.23291","0.30599","0.420319","1.73187e-15","3.11053","2.77579","3.07008","7.24911","0","0","0","0","0","0","0","0"
"1.81797","0.250022","0.24342","0.0122029","0.232898","0.306108","0.421984","1.70991e-15","3.12209","2.81137","3.02385","6.96255","0","0","0","0","0","0","0","0"
"1.82145","0.250022","0.24342","0.0123456","0.23719","0.310886","0.434746","1.70149e-15","3.15789","2.7961","3.02676","6.9395","0","0","0","0","0","0","0","0"
"1.82473","0.250022","0.246819","0.0123819","0.235957","0.30904","0.431886","1.72927e-15","3.1351","2.7678","2.95208","7.15204","0","0","0","0","0","0","0","0"
"1.82813","0.250022","0.246819","0.0124248","0.237393","0.31042","0.451763","1.74155e-15","3.07911","2.76137","3.20462","7.53379","0","0","0","0","0","0","0","0"
"1.8315","0.250022","0.246819","0.0125069","0.240592","0.313828","0.46944","1.72596e-15","3.11272","2.77206","3.17798","7.43295","0","0","0","0","0","0","0","0"
"1.83488","0.250022","0.246819","0.0127074","0.240026","0.312314","0.487335","1.71347e-15","3.09412","2.75586","3.05411","7.40699","0","0","0","0","0","0","0","0"
"1.83838","0.250022","0.246819","0.0128606","0.244364","0.314427","0.488645","1.71103e-15","3.0492","2.83085","3.12128","7.2136","0","0","0","0","0","0","0","0"
"1.84168","0.250022","0.249761","0.0128937","0.247965","0.317589","0.472844","1.72732e-15","3.08527","2.79307","3.19723","7.30877","0","0","0","0","0","0","0","0"
"1.84503","0.250022","0.249761","0.0129476","0.250372","0.318528","0.463106","1.71686e-15","2.99496","2.83025","3.21415","7.06573","0","0","0","0","0","0","0","0"
"1.84842","0.250022","0.249761","0.0130239","0.248928","0.316566","0.474663","1.69653e-15","2.97442","2.84238","3.04781","6.91262","0","0","0","0","0","0","0","0"
"1.85295","0.250022","0.249761","0.0133734","0.254276","0.32319","0.502556","1.69378e-15","2.97302","3.00874","3.04527","6.84667","0","0","0","0","0","0","0","0"
"1.85625","0.250022","0.253155","0.0134028","0.258904","0.327039","0.503209","1.70888e-15","2.97031","3.07154","2.92527","7.24366","0","0","0","0","0","0","0","0"
"1.85962","0.250022","0.253155","0.0134479","0.262009","0.327038","0.542122","1.71542e-15","2.94026","3.04702","3.00022","7.09015","0","0","0","0","0","0","0","0"
"1.863","0.250022","0.253155","0.0135045","0.25874","0.323383","0.534393","1.69714e-15","2.9805","3.02806","3.01248","6.8734","0","0","0","0","0","0","0","0"
"1.8664","0.250022","0.253155","0.0136314","0.25587","0.320372","0.519618","1.69172e-15","2.97155","3.00867","3.0389","6.81228","0","0","0","0","0","0","0","0"
"1.86988","0.250022","0.253155","0.0139262","0.258928","0.322815","0.529404","1.69283e-15","2.97694","2.94763","2.93758","6.91332","0","0","0","0","0","0","0","0"
"1.87317","0.250022","0.258172","0.0139626","0.258317","0.320585","0.518383","1.72349e-15","2.93256","2.92396","2.92111","7.24068","0","0","0","0","0","0","0","0"
"1.87655","0.250022","0.258172","0.0140038","0.258966","0.322593","0.552197","1.73417e-15","2.918","2.91401","2.99318","7.30997","0","0","0","0","0","0","0","0"
"1.87993","0.250022","0.258172","0.0140755","0.259608","0.324005","0.547117","1.71307e-15","2.91408","2.86672","3.05146","7.09063","0","0","0","0","0","0","0","0"
"1.88333","0.250022","0.258172","0.0141933","0.262492","0.32349","0.574836","1.68902e-15","2.92123","2.88247","2.84765","6.92089","0","0","0","0","0","0","0","0"
"1.8868","0.250022","0.258172","0.0142986","0.261449","0.324434","0.578512","1.67063e-15","2.94496","2.85564","2.81032","6.75472","0","0","0","0","0","0","0","0"
"1.8901","0.250022","0.263514","0.0142957","0.26188","0.324149","0.566756","1.68536e-15","2.97269","2.9063","2.88558","7.00628","0","0","0","0","0","0","0","0"
"1.89348","0.250022","0.263514","0.0142923","0.262144","0.324535","0.556093","1.72103e-15","2.9552","2.98646","2.87693","7.08407","0","0","0","0","0","0","0","0"
"1.89685","0.250022","0.263514","0.0142894","0.262762","0.326111","0.538453","1.71884e-15","3.10009","3.01325","2.97426","7.05613","0","0","0","0","0","0","0","0"
"1.90128","0.250022","0.263514","0.014285","0.264264","0.327754","0.518031","1.69553e-15","3.16435","2.94039","3.13033","6.84862","0","0","0","0","0","0","0","0"
"1.90477","0.250022","0.263514","0.0142761","0.266775","0.329961","0.522067","1.68774e-15","3.09671","2.95788","3.07081","6.99441","0","0","0","0","0","0","0","0"
"1.90805","0.250022","0.26696","0.0142642","0.267481","0.332684","0.516395","1.727e-15","3.08472","3.06217","3.19725","7.27255","0","0","0","0","0","0","0","0"
"1.91145","0.250022","0.26696","0.0142541","0.265547","0.334023","0.508923","1.74142e-15","3.11817","3.03801","3.21091","7.28032","0","0","0","0","0","0","0","0"
"1.91483","0.250022","0.26696","0.0142422","0.266875","0.335957","0.49932","1.74361e-15","3.11189","3.05487","3.17567","7.25992","0","0","0","0","0","0","0","0"
"1.91822","0.250022","0.26696","0.0142321","0.268363","0.337539","0.498614","1.71387e-15","3.10443","3.0138","3.15747","7.11367","0","0","0","0","0","0","0","0"
"1.9217","0.250022","0.26696","0.0142343","0.27128","0.337397","0.492848","1.69559e-15","3.01614","2.98798","3.12281","6.96603","0","0","0","0","0","0","0","0"
"1.92498","0.250022","0.27062","0.0142383","0.271372","0.336265","0.4864","1.70378e-15","3.01722","2.93657","3.06415","7.35973","0","0","0","0","0","0","0","0"
"1.92837","0.250022","0.27062","0.014243","0.271881","0.335911","0.483298","1.74038e-15","3.01474","2.94722","3.04132","7.4731","0","0","0","0","0","0","0","0"
"1.93175","0.250022","0.27062","0.014247","0.272061","0.336007","0.479904","1.75149e-15","2.9472","2.88746","3.03779","7.50138","0","0","0","0","0","0","0","0"
"1.93632","0.250022","0.27062","0.0142462","0.272837","0.33658","0.499596","1.73613e-15","2.94038","2.88851","2.86237","7.12034","0","0","0","0","0","0","0","0"
"1.93958","0.250022","0.275029","0.0142298","0.270766","0.335288","0.494696","1.71041e-15","2.91065","2.87243","2.90811","6.88502","0","0","0","0","0","0","0","0"
"1.94295","0.250022","0.275029","0.0142108","0.266877","0.332097","0.47614","1.70408e-15","2.92814","2.85651","3.02439","6.71039","0","0","0","0","0","0","0","0"
"1.94633","0.250022","0.275029","0.0141945","0.26747","0.332805","0.476699","1.71675e-15","2.91369","2.84298","2.98356","6.79155","0","0","0","0","0","0","0","0"
"1.94972","0.250022","0.275029","0.0141754","0.266906","0.33055","0.493196","1.73234e-15","2.95688","2.83535","2.8176","6.75462","0","0","0","0","0","0","0","0"
"1.95322","0.250022","0.275029","0.0141648","0.269162","0.332038","0.495835","1.71085e-15","2.94072","2.81919","2.7945","6.62054","0","0","0","0","0","0","0","0"
"1.9565","0.250022","0.279165","0.0141656","0.269859","0.334193","0.492908","1.69017e-15","2.9387","2.80737","2.7467","6.64782","0","0","0","0","0","0","0","0"
"1.95988","0.250022","0.279165","0.0141663","0.270193","0.333195","0.502614","1.701e-15","3.0136","2.84094","2.77889","6.79363","0","0","0","0","0","0","0","0"
"1.96327","0.250022","0.279165","0.0141672","0.27691","0.340121","0.520227","1.74011e-15","3.05089","2.82157","2.62896","6.88677","0","0","0","0","0","0","0","0"
"1.96665","0.250022","0.279165","0.0141679","0.277852","0.342027","0.537709","1.7428e-15","3.07487","2.85772","2.60767","6.89493","0","0","0","0","0","0","0","0"
"1.97013","0.250022","0.279165","0.014166","0.272641","0.340208","0.523584","1.70996e-15","3.11849","2.85441","2.70162","6.66661","0","0","0","0","0","0","0","0"
"1.97342","0.250022","0.281319","0.0141612","0.267749","0.334473","0.508242","1.69114e-15","3.14626","2.87185","2.76561","6.74451","0","0","0","0","0","0","0","0"
"1.9768","0.250022","0.281319","0.0141556","0.269696","0.339371","0.498067","1.71221e-15","3.08513","2.82426","2.78915","7.22992","0","0","0","0","0","0","0","0"
"1.9802","0.250022","0.281319","0.0141508","0.272933","0.341226","0.509969","1.7363e-15","3.08289","2.8984","2.66015","7.35744","0","0","0","0","0","0","0","0"
"1.98462","0.250022","0.281319","0.0141436","0.274325","0.341617","0.519573","1.76356e-15","3.09794","2.93084","2.73294","7.25687","0","0","0","0","0","0","0","0"
"1.98812","0.250022","0.281319","0.0141482","0.272637","0.339469","0.525252","1.74496e-15","3.12957","2.97071","2.70799","7.0114","0","0","0","0","0","0","0","0"
"1.99138","0.250022","0.283838","0.0141558","0.270568","0.338266","0.507017","1.71991e-15","3.1541","2.99629","2.79105","6.73525","0","0","0","0","0","0","0","0"
"1.9948","0.250022","0.283838","0.0141623","0.270077","0.340235","0.497485","1.69938e-15","3.25507","2.989","2.8182","6.65484","0","0","0","0","0","0","0","0"
"1.99817","0.250022","0.283838","0.0141699","0.271065","0.337957","0.483664","1.69899e-15","3.25801","2.96531","2.86443","6.84512","0","0","0","0","0","0","0","0"
"2.00155","0.250022","0.283838","0.0141764","0.27156","0.339621","0.498433","1.71607e-15","3.22499","2.99104","2.90162","7.14079","0","0","0","0","0","0","0","0"
"2.00503","0.250022","0.283838","0.0141781","0.277576","0.344967","0.515606","1.72266e-15","3.21349","3.00301","3.01","7.15987","0","0","0","0","0","0","0","0"
"2.00833","0.250022","0.286638","0.0141788","0.281944","0.348946","0.51883","1.73105e-15","3.20328","2.96428","3.11398","7.15498","0","0","0","0","0","0","0","0"
"2.01178","0.250022","0.286638","0.0141795","0.275976","0.342591","0.505145","1.73662e-15","3.22297","3.00244","3.10479","6.84907","0","0","0","0","0","0","0","0"
"2.01517","0.250022","0.286638","0.0141801","0.278394","0.345136","0.510538","1.71655e-15","3.19578","2.99063","3.01984","6.74605","0","0","0","0","0","0","0","0"
"2.01963","0.250022","0.286638","0.0141814","0.274184","0.341594","0.521394","1.70815e-15","3.16178","2.94792","2.92311","6.72314","0","0","0","0","0","0","0","0"
"2.02298","0.250022","0.288439","0.0141831","0.271006","0.340104","0.517067","1.721e-15","3.12061","2.90596","2.86539","7.23782","0","0","0","0","0","0","0","0"
"2.02637","0.250022","0.288439","0.014185","0.273452","0.34209","0.525057","1.746e-15","3.22438","2.91631","2.96391","7.52082","0","0","0","0","0","0","0","0"
"2.02975","0.250022","0.288439","0.0141866","0.273162","0.342287","0.52353","1.74627e-15","3.27677","3.00689","2.93693","7.2021","0","0","0","0","0","0","0","0"
"2.03327","0.250022","0.288439","0.0141885","0.278581","0.347027","0.522567","1.72115e-15","3.25632","2.97587","2.82925","6.96943","0","0","0","0","0","0","0","0"
"2.03662","0.250022","0.288439","0.0141882","0.276088","0.344203","0.526772","1.69865e-15","3.20472","2.93806","2.79077","6.84028","0","0","0","0","0","0","0","0"
"2.0399","0.250022","0.290878","0.0141831","0.276921","0.343471","0.510552","1.70171e-15","3.15357","2.9201","2.8524","7.1743","0","0","0","0","0","0","0","0"
"2.0434","0.250022","0.290878","0.0141788","0.277577","0.342242","0.511591","1.72119e-15","3.14676","2.91725","2.83958","7.49452","0","0","0","0","0","0","0","0"
"2.04678","0.250022","0.290878","0.0141737","0.274701","0.341113","0.542464","1.74622e-15","3.19521","2.85858","2.93849","7.64826","0","0","0","0","0","0","0","0"
"2.05017","0.250022","0.290878","0.0141694","0.273371","0.340857","0.538259","1.74242e-15","3.23469","2.86396","3.1796","7.42376","0","0","0","0","0","0","0","0"
"2.05365","0.250022","0.290878","0.0141733","0.268899","0.335381","0.532328","1.71647e-15","3.28955","2.89483","3.08385","7.27432","0","0","0","0","0","0","0","0"
"2.05693","0.250022","0.292597","0.014187","0.272841","0.339464","0.541742","1.71347e-15","3.22535","2.89415","3.06906","7.29797","0","0","0","0","0","0","0","0"
"2.06033","0.250022","0.292597","0.014203","0.277647","0.342329","0.546765","1.72376e-15","3.2108","2.91146","2.95886","7.5335","0","0","0","0","0","0","0","0"
"2.0637","0.250022","0.292597","0.0142168","0.27569","0.33978","0.562728","1.74659e-15","3.16306","2.91363","2.94148","7.77167","0","0","0","0","0","0","0","0"
"2.06787","0.250022","0.292597","0.0142351","0.27435","0.336475","0.539405","1.74167e-15","3.11764","2.91355","3.05446","7.52414","0","0","0","0","0","0","0","0"
"2.07135","0.250022","0.292597","0.0142358","0.272241","0.333386","0.522021","1.71249e-15","3.20138","2.96279","3.12982","7.44907","0","0","0","0","0","0","0","0"
"2.0762","0.250022","0.293994","0.0142289","0.272474","0.331283","0.552194","1.72325e-15","3.16671","2.98948","2.82921","7.55427","0","0","0","0","0","0","0","0"
"2.07958","0.250022","0.293994","0.0142236","0.272302","0.331212","0.557515","1.75482e-15","3.21199","3.04339","2.89832","7.87326","0","0","0","0","0","0","0","0"
"2.08297","0.250022","0.293994","0.014219","0.274987","0.334097","0.581938","1.77211e-15","3.2119","2.99847","2.80158","8.0372","0","0","0","0","0","0","0","0"
"2.08642","0.250022","0.293994","0.0142211","0.277013","0.336633","0.602113","1.74913e-15","3.2028","3.02963","2.8136","7.70648","0","0","0","0","0","0","0","0"
"2.08977","0.250022","0.294296","0.0142386","0.276913","0.334743","0.595644","1.74138e-15","3.16342","3.05746","2.86005","7.57772","0","0","0","0","0","0","0","0"
"2.09328","0.250022","0.294296","0.0142591","0.273327","0.331143","0.579424","1.73361e-15","3.17064","3.04671","2.90874","7.69923","0","0","0","0","0","0","0","0"
"2.09668","0.250022","0.294296","0.0142797","0.275775","0.333848","0.563761","1.75231e-15","3.05704","2.97901","2.98315","8.16441","0","0","0","0","0","0","0","0"
"2.10005","0.250022","0.294296","0.0142972","0.275715","0.332097","0.566233","1.7681e-15","3.03927","2.96601","2.9658","8.00262","0","0","0","0","0","0","0","0"
"2.10353","0.250022","0.294296","0.0143152","0.274561","0.33237","0.571034","1.75527e-15","3.04416","2.94602","2.95961","7.81478","0","0","0","0","0","0","0","0"
"2.10682","0.250022","0.293978","0.0143278","0.273528","0.331466","0.559236","1.74803e-15","3.06329","2.9798","3.02188","7.63971","0","0","0","0","0","0","0","0"
"2.11022","0.250022","0.293978","0.0143424","0.277247","0.334184","0.567279","1.74885e-15","3.19253","2.98034","3.2445","7.87572","0","0","0","0","0","0","0","0"
"2.11358","0.250022","0.293978","0.014355","0.276267","0.33542","0.56989","1.76933e-15","3.14563","2.93153","3.23812","7.76457","0","0","0","0","0","0","0","0"
"2.11697","0.250022","0.293978","0.0143697","0.2748","0.334313","0.558719","1.76586e-15","3.11309","2.88914","3.23877","7.58607","0","0","0","0","0","0","0","0"
"2.12047","0.250022","0.293978","0.0143739","0.276366","0.336296","0.558613","1.7441e-15","3.11761","2.94541","3.13042","7.37495","0","0","0","0","0","0","0","0"
"2.12375","0.250022","0.293696","0.0143692","0.27843","0.338555","0.555197","1.73804e-15","3.10777","2.95375","3.09559","7.49554","0","0","0","0","0","0","0","0"
"2.12713","0.250022","0.293696","0.0143651","0.279327","0.340086","0.545209","1.74781e-15","3.10446","2.90951","3.11434","7.66935","0","0","0","0","0","0","0","0"
"2.13052","0.250022","0.293696","0.0143604","0.281233","0.340636","0.562114","1.76712e-15","3.06059","2.85562","3.00671","7.81932","0","0","0","0","0","0","0","0"
"2.1339","0.250022","0.293696","0.0143563","0.281187","0.340805","0.563928","1.76425e-15","3.06017","2.88188","2.94499","7.55549","0","0","0","0","0","0","0","0"
"2.1374","0.250022","0.293696","0.0143517","0.284681","0.344009","0.579415","1.74553e-15","3.10106","3.00712","2.89352","7.31107","0","0","0","0","0","0","0","0"
"2.14067","0.250022","0.294046","0.0143479","0.285426","0.344803","0.58608","1.73594e-15","3.16104","3.02022","2.87012","7.16708","0","0","0","0","0","0","0","0"
"2.14407","0.250022","0.294046","0.0143435","0.284118","0.344916","0.579858","1.73467e-15","3.17461","3.06846","2.87304","7.23343","0","0","0","0","0","0","0","0"
"2.14745","0.250022","0.294046","0.0143397","0.284197","0.345186","0.59118","1.74541e-15","3.12694","3.07477","2.88579","7.52271","0","0","0","0","0","0","0","0"
"2.15108","0.250022","0.294046","0.0143353","0.283666","0.344805","0.597771","1.7653e-15","3.13877","3.07708","2.80906","7.70419","0","0","0","0","0","0","0","0"
"2.15458","0.250022","0.294046","0.0143384","0.282191","0.342304","0.587238","1.76497e-15","3.18056","3.07231","2.83293","7.50779","0","0","0","0","0","0","0","0"
"2.15787","0.250022","0.295334","0.0143436","0.280275","0.341031","0.574273","1.75458e-15","3.16076","3.04871","2.90034","7.42428","0","0","0","0","0","0","0","0"
"2.16127","0.250022","0.295334","0.0143497","0.27879","0.339844","0.563918","1.73337e-15","3.15011","3.06635","2.92838","7.36416","0","0","0","0","0","0","0","0"
"2.16463","0.250022","0.295334","0.0143549","0.279499","0.341311","0.570038","1.7377e-15","3.12127","3.0421","2.9115","7.57727","0","0","0","0","0","0","0","0"
"2.16802","0.250022","0.295334","0.014361","0.278121","0.340009","0.560969","1.74673e-15","3.11189","3.02984","2.92549","7.70986","0","0","0","0","0","0","0","0"
"2.1715","0.250022","0.295334","0.0143647","0.278167","0.340374","0.550399","1.75725e-15","3.09462","3.01092","2.98518","7.71447","0","0","0","0","0","0","0","0"
"2.1748","0.250022","0.296689","0.0143687","0.279008","0.341166","0.54985","1.7654e-15","3.07385","2.98246","2.95124","7.69593","0","0","0","0","0","0","0","0"
"2.17817","0.250022","0.296689","0.0143721","0.277523","0.341109","0.541022","1.75401e-15","3.07016","2.95328","2.98228","7.62363","0","0","0","0","0","0","0","0"
"2.18155","0.250022","0.296689","0.0143761","0.277638","0.341004","0.540903","1.73813e-15","3.04452","2.94292","2.93331","7.61455","0","0","0","0","0","0","0","0"
"2.18493","0.250022","0.296689","0.0143795","0.278081","0.341505","0.558718","1.73865e-15","3.01844","2.91387","2.97099","7.72849","0","0","0","0","0","0","0","0"
"2.18843","0.250022","0.296689","0.0143846","0.279725","0.342715","0.555557","1.73566e-15","3.05189","2.95192","2.93626","7.66989","0","0","0","0","0","0","0","0"
"2.19172","0.250022","0.296907","0.0143892","0.278943","0.342612","0.560396","1.75039e-15","3.06044","2.95323","2.93721","7.77658","0","0","0","0","0","0","0","0"
"2.1951","0.250022","0.296907","0.0143944","0.278911","0.342376","0.5599","1.75801e-15","3.04904","2.93055","2.8964","7.71456","0","0","0","0","0","0","0","0"
"2.19848","0.250022","0.296907","0.014399","0.278524","0.342836","0.553688","1.75368e-15","3.04574","2.95931","2.91993","7.55744","0","0","0","0","0","0","0","0"
"2.20297","0.250022","0.296907","0.014405","0.275515","0.339997","0.547581","1.7361e-15","3.04936","2.96537","2.93539","7.41026","0","0","0","0","0","0","0","0"
"2.20628","0.250022","0.29708","0.0144072","0.275311","0.338924","0.542655","1.73376e-15","3.0532","2.97543","2.97855","7.5275","0","0","0","0","0","0","0","0"
"2.20968","0.250022","0.29708","0.0144098","0.273451","0.337368","0.535271","1.73941e-15","3.08588","2.96135","3.00101","7.74206","0","0","0","0","0","0","0","0"
"2.21307","0.250022","0.29708","0.0144121","0.275985","0.339021","0.536911","1.75028e-15","3.06929","2.9603","3.02712","7.81897","0","0","0","0","0","0","0","0"
"2.21647","0.250022","0.29708","0.0144147","0.275073","0.338884","0.543031","1.76102e-15","3.06165","2.96477","2.9626","7.81899","0","0","0","0","0","0","0","0"
"2.21995","0.250022","0.29708","0.0144168","0.274694","0.337693","0.537011","1.76893e-15","3.04528","2.96307","2.99029","7.81885","0","0","0","0","0","0","0","0"
"2.22322","0.250022","0.297264","0.0144186","0.276314","0.339128","0.534904","1.77298e-15","3.08127","3.00786","2.96584","7.81566","0","0","0","0","0","0","0","0"
"2.2266","0.250022","0.297264","0.0144202","0.276275","0.339345","0.535001","1.76421e-15","3.05351","2.98287","2.94443","7.72455","0","0","0","0","0","0","0","0"
"2.23","0.250022","0.297264","0.0144221","0.276793","0.339495","0.541682","1.75323e-15","3.07942","2.99276","2.87162","7.61738","0","0","0","0","0","0","0","0"
"2.23442","0.250022","0.297264","0.0144242","0.27625","0.3398","0.547872","1.74743e-15","3.07464","2.95979","2.85361","7.65517","0","0","0","0","0","0","0","0"
"2.23792","0.250022","0.297264","0.0144266","0.274644","0.33883","0.542718","1.74449e-15","3.06442","2.95151","2.8657","7.69174","0","0","0","0","0","0","0","0"
"2.24275","0.500044","0.29697","0.017537","0.274522","0.337708","0.540026","1.7548e-15","3.03452","2.94652","2.85857","7.61524","0","0","0","0","0","0","0","0"
"2.24613","0.500044","0.29697","0.0219279","0.276872","0.338936","0.540847","1.7684e-15","3.00185","2.95659","2.82864","7.67591","0","0","0","0","0","0","0","0"
"2.24947","0.500044","0.29697","0.0257167","0.28288","0.345132","0.550666","1.7679e-15","3.13946","3.05364","2.87259","7.61887","0","0","0","0","0","0","0","0"
"2.25293","0.500044","0.29697","0.0288736","0.294532","0.352761","0.559507","1.75694e-15","3.40991","3.16238","2.96486","7.50605","0","0","0","0","0","0","0","0"
"2.25623","0.500044","0.297324","0.0288719","0.369848","0.410331","0.699848","1.70495e-15","4.20201","3.9123","4.19393","6.93427","0","0","0","0","0","0","0","0"
"2.25962","0.500044","0.297324","0.0288699","0.414193","0.447534","0.873047","1.66426e-15","3.62434","3.52251","3.66629","6.57149","0","0","0","0","0","0","0","0"
"2.263","0.500044","0.297324","0.0288683","0.421012","0.46057","0.876305","1.64397e-15","3.33429","3.35567","3.36837","6.46659","0","0","0","0","0","0","0","0"
"2.26638","0.500044","0.297324","0.0288663","0.425619","0.461931","0.981936","1.6824e-15","3.17374","3.16984","3.35435","7.48507","0","0","0","0","0","0","0","0"
"2.26987","0.500044","0.297324","0.0288776","0.442019","0.491848","0.958081","1.68777e-15","3.22196","3.27926","3.27466","7.2125","0","0","0","0","0","0","0","0"
"2.27315","0.500044","0.30415","0.0289208","0.467219","0.510031","1.09517","1.7548e-15","3.25851","3.15194","2.89092","7.32369","0","0","0","0","0","0","0","0"
"2.27653","0.500044","0.30415","0.028958","0.462902","0.498215","1.05097","1.77428e-15","3.15887","3.07294","3.096","7.33194","0","0","0","0","0","0","0","0"
"2.27992","0.500044","0.30415","0.0290012","0.484456","0.520664","1.02378","1.7415e-15","2.98973","3.11697","2.92402","6.81239","0","0","0","0","0","0","0","0"
"2.28332","0.500044","0.30415","0.0290384","0.489735","0.522423","1.0898","1.67973e-15","3.0369","3.00387","2.81992","6.38256","0","0","0","0","0","0","0","0"
"2.2868","0.500044","0.30415","0.0290913","0.476837","0.511864","1.04392","1.64235e-15","3.05479","2.95971","2.87615","6.16786","0","0","0","0","0","0","0","0"
"2.29007","0.500044","0.348393","0.0291575","0.472997","0.505392","0.998962","1.68331e-15","3.05424","2.91218","2.96111","6.58944","0","0","0","0","0","0","0","0"
"2.29347","0.500044","0.348393","0.0292596","0.470604","0.507466","1.01078","1.75441e-15","3.07517","2.91137","2.90897","7.18816","0","0","0","0","0","0","0","0"
"2.29687","0.500044","0.348393","0.0293566","0.469449","0.50319","0.986142","1.73794e-15","3.06263","2.95342","2.88113","6.83047","0","0","0","0","0","0","0","0"
"2.30023","0.500044","0.348393","0.0294698","0.480652","0.521414","0.991326","1.68818e-15","2.97447","2.84754","2.80572","6.50173","0","0","0","0","0","0","0","0"
"2.30373","0.500044","0.348393","0.0295646","0.463231","0.501517","0.921423","1.64841e-15","3.04195","2.96412","2.9823","6.08587","0","0","0","0","0","0","0","0"
"2.30753","0.500044","0.39957","0.0297172","0.477998","0.513675","0.909557","1.72454e-15","2.88","2.80265","2.85898","6.6608","0","0","0","0","0","0","0","0"
"2.31092","0.500044","0.39957","0.0298414","0.480403","0.520604","0.902601","1.73623e-15","2.96968","2.79537","2.70352","6.44432","0","0","0","0","0","0","0","0"
"2.3144","0.500044","0.39957","0.030022","0.499912","0.529432","0.867054","1.68384e-15","2.8862","2.81811","2.86755","6.06986","0","0","0","0","0","0","0","0"
"2.31795","0.500044","0.39957","0.0303119","0.49388","0.523456","0.807916","1.64979e-15","2.95291","2.97952","2.99027","5.69805","0","0","0","0","0","0","0","0"
"2.32143","0.500044","0.39957","0.0304047","0.489628","0.518393","0.845129","1.62537e-15","2.95213","2.95675","2.84811","5.95635","0","0","0","0","0","0","0","0"
"2.32472","0.500044","0.423596","0.0304941","0.487372","0.513093","0.974119","1.68734e-15","2.97458","3.10444","3.03422","6.39809","0","0","0","0","0","0","0","0"
"2.32812","0.500044","0.423596","0.0305999","0.49981","0.529497","1.02449","1.70557e-15","2.96897","3.10355","3.06222","6.53942","0","0","0","0","0","0","0","0"
"2.33162","0.500044","0.423596","0.030802","0.495322","0.526732","1.05714","1.69536e-15","2.96633","3.0269","2.83532","6.1293","0","0","0","0","0","0","0","0"
"2.33487","0.500044","0.423596","0.0311835","0.505844","0.533478","1.12037","1.65933e-15","3.02162","3.06239","2.83601","6.19475","0","0","0","0","0","0","0","0"
"2.33835","0.500044","0.423596","0.0313222","0.520322","0.543426","1.24477","1.66265e-15","2.9401","3.17948","3.19878","6.62895","0","0","0","0","0","0","0","0"
"2.34165","0.500044","0.438765","0.0314026","0.521111","0.5475","1.28974","1.69679e-15","2.98493","3.08502","3.14131","6.99519","0","0","0","0","0","0","0","0"
"2.34502","0.500044","0.438765","0.0315262","0.516617","0.546267","1.23975","1.70829e-15","2.95181","2.98398","3.20438","7.16305","0","0","0","0","0","0","0","0"
"2.3484","0.500044","0.438765","0.031637","0.516199","0.542449","1.20636","1.68046e-15","2.90329","3.00858","3.34432","6.87444","0","0","0","0","0","0","0","0"
"2.35295","0.500044","0.438765","0.0317704","0.51474","0.543295","1.14512","1.6777e-15","2.89724","3.0202","3.46481","6.54796","0","0","0","0","0","0","0","0"
"2.35623","0.500044","0.451572","0.0317825","0.512582","0.543243","1.1281","1.69283e-15","2.88923","3.04826","3.39076","6.96379","0","0","0","0","0","0","0","0"
"2.3596","0.500044","0.451572","0.0317967","0.501446","0.536888","1.10209","1.72683e-15","2.91512","3.05131","3.3962","7.38876","0","0","0","0","0","0","0","0"
"2.363","0.500044","0.451572","0.0318088","0.507259","0.54151","1.11098","1.72324e-15","2.94903","2.95956","3.42146","7.26127","0","0","0","0","0","0","0","0"
"2.36638","0.500044","0.451572","0.0318229","0.500786","0.540153","1.1649","1.69844e-15","2.98505","2.88913","3.12864","6.95181","0","0","0","0","0","0","0","0"
"2.36987","0.500044","0.451572","0.0318513","0.506691","0.546693","1.16079","1.68419e-15","3.09857","2.97365","3.17114","6.72948","0","0","0","0","0","0","0","0"
"2.37315","0.500044","0.463161","0.0319325","0.495041","0.537119","1.13146","1.70597e-15","3.10646","2.98126","3.18816","6.97435","0","0","0","0","0","0","0","0"
"2.37653","0.500044","0.463161","0.0320053","0.493006","0.53381","1.09497","1.72455e-15","3.06123","2.93623","3.26783","7.00868","0","0","0","0","0","0","0","0"
"2.37992","0.500044","0.463161","0.0320903","0.497494","0.53991","1.09128","1.7206e-15","3.21748","2.99692","3.24989","6.82981","0","0","0","0","0","0","0","0"
"2.38332","0.500044","0.463161","0.0321631","0.491406","0.533841","1.05612","1.69865e-15","3.19345","2.99032","3.34396","6.69989","0","0","0","0","0","0","0","0"
"2.3868","0.500044","0.463161","0.0322429","0.490186","0.530288","1.074","1.67607e-15","3.15774","2.97264","3.12184","6.46994","0","0","0","0","0","0","0","0"
"2.39008","0.500044","0.471158","0.0323162","0.489924","0.528974","1.03752","1.68746e-15","3.13308","2.90852","3.22998","6.75509","0","0","0","0","0","0","0","0"
"2.39347","0.500044","0.471158","0.0324307","0.490931","0.531529","1.05986","1.7229e-15","3.15004","2.90677","3.05863","6.99762","0","0","0","0","0","0","0","0"
"2.39687","0.500044","0.471158","0.0325775","0.499711","0.539062","1.06228","1.73528e-15","3.11527","2.89679","3.01238","6.96022","0","0","0","0","0","0","0","0"
"2.40128","0.500044","0.471158","0.0330551","0.500053","0.540034","1.11538","1.70713e-15","3.03316","2.82414","3.0114","6.72051","0","0","0","0","0","0","0","0"
"2.40477","0.500044","0.471158","0.0331594","0.499511","0.540887","1.09542","1.69027e-15","2.98508","2.81003","3.01007","6.70384","0","0","0","0","0","0","0","0"
"2.4082","0.500044","0.475416","0.0332114","0.50143","0.539427","1.06943","1.71258e-15","2.88728","2.80766","3.02296","7.10385","0","0","0","0","0","0","0","0"
"2.41143","0.500044","0.475416","0.033256","0.500909","0.540364","1.09565","1.72744e-15","2.90534","2.89362","2.88267","7.33605","0","0","0","0","0","0","0","0"
"2.41482","0.500044","0.475416","0.0333081","0.507088","0.541823","1.19318","1.75375e-15","2.84589","2.89438","2.88233","7.50904","0","0","0","0","0","0","0","0"
"2.4182","0.500044","0.475416","0.0333527","0.505275","0.538671","1.17532","1.74549e-15","2.83837","2.92642","2.82801","7.25108","0","0","0","0","0","0","0","0"
"2.42168","0.500044","0.475416","0.0333591","0.50651","0.544027","1.20478","1.71483e-15","2.83828","2.90381","2.93068","7.07416","0","0","0","0","0","0","0","0"
"2.42498","0.500044","0.479654","0.0333581","0.519213","0.555339","1.18382","1.69734e-15","3.03362","3.00267","2.93147","6.90112","0","0","0","0","0","0","0","0"
"2.42835","0.500044","0.479654","0.0333569","0.517482","0.552803","1.17405","1.68907e-15","3.05215","3.00148","2.98256","7.08617","0","0","0","0","0","0","0","0"
"2.43173","0.500044","0.479654","0.0333559","0.521373","0.557158","1.16016","1.69419e-15","2.9925","2.92304","2.9889","7.264","0","0","0","0","0","0","0","0"
"2.4363","0.500044","0.479654","0.0333484","0.521633","0.552455","1.12852","1.70929e-15","3.00598","3.02853","2.98232","7.36386","0","0","0","0","0","0","0","0"
"2.43957","0.500044","0.485204","0.0333294","0.522049","0.552437","1.20725","1.72128e-15","3.02565","3.04863","3.15168","7.36264","0","0","0","0","0","0","0","0"
"2.44295","0.500044","0.485204","0.0333073","0.520509","0.55129","1.2046","1.72887e-15","2.96245","3","3.05501","7.12865","0","0","0","0","0","0","0","0"
"2.44632","0.500044","0.485204","0.0332883","0.52014","0.551346","1.28835","1.71058e-15","2.9067","3.00043","2.99407","6.88665","0","0","0","0","0","0","0","0"
"2.4497","0.500044","0.485204","0.0332662","0.514919","0.548272","1.22238","1.69124e-15","2.89782","2.98288","3.20804","6.59766","0","0","0","0","0","0","0","0"
"2.4532","0.500044","0.485204","0.0332552","0.516751","0.550343","1.24096","1.67381e-15","2.83574","2.98875","3.02542","6.45612","0","0","0","0","0","0","0","0"
"2.45648","0.500044","0.492164","0.0332609","0.518099","0.548689","1.23923","1.67072e-15","2.83141","2.97006","2.89165","6.34138","0","0","0","0","0","0","0","0"
"2.45987","0.500044","0.492164","0.0332658","0.51402","0.54719","1.19156","1.6786e-15","2.89344","2.94164","3.01309","6.68886","0","0","0","0","0","0","0","0"
"2.46325","0.500044","0.492164","0.0332715","0.510731","0.544923","1.15117","1.70572e-15","2.93247","2.9717","3.07293","7.0523","0","0","0","0","0","0","0","0"
"2.46678","0.500044","0.492164","0.0332764","0.504659","0.538639","1.15569","1.72258e-15","2.97174","2.96989","3.13131","7.04187","0","0","0","0","0","0","0","0"
"2.47013","0.500044","0.492164","0.0333074","0.506837","0.544397","1.21487","1.72942e-15","2.92313","2.94412","3.02261","7.0647","0","0","0","0","0","0","0","0"
"2.4734","0.500044","0.497253","0.0333629","0.506669","0.544604","1.20449","1.70953e-15","2.92129","2.95449","2.9437","6.93572","0","0","0","0","0","0","0","0"
"2.4768","0.500044","0.497253","0.0334277","0.497652","0.53821","1.20468","1.69097e-15","2.92097","2.94446","2.85704","6.6786","0","0","0","0","0","0","0","0"
"2.48018","0.500044","0.497253","0.0334832","0.501294","0.537624","1.18825","1.67777e-15","2.94331","2.92145","2.8752","6.55023","0","0","0","0","0","0","0","0"
"2.4846","0.500044","0.497253","0.0335665","0.49707","0.533087","1.15495","1.69414e-15","2.9892","2.95635","2.90096","6.68989","0","0","0","0","0","0","0","0"
"2.48808","0.500044","0.497253","0.0336316","0.496922","0.53135","1.16244","1.69423e-15","3.05639","2.96447","2.99036","6.75447","0","0","0","0","0","0","0","0"
"2.49137","0.500044","0.49917","0.0337138","0.498963","0.537284","1.18554","1.73239e-15","3.05605","3.03607","2.85411","7.09921","0","0","0","0","0","0","0","0"
"2.49477","0.500044","0.49917","0.0337842","0.494338","0.528934","1.1392","1.73901e-15","3.0217","3.02779","2.99129","7.09131","0","0","0","0","0","0","0","0"
"2.49815","0.500044","0.49917","0.0338664","0.498381","0.53019","1.12257","1.71069e-15","3.01815","2.95733","3.07135","6.8593","0","0","0","0","0","0","0","0"
"2.50153","0.500044","0.49917","0.0339368","0.507316","0.540455","1.10436","1.69375e-15","3.00942","3.01924","3.03708","6.86833","0","0","0","0","0","0","0","0"
"2.50502","0.500044","0.49917","0.0339855","0.504474","0.536881","1.10486","1.69354e-15","2.96629","2.99383","3.02183","6.97586","0","0","0","0","0","0","0","0"
"2.50832","0.500044","0.499265","0.0340224","0.506021","0.535994","1.10778","1.71535e-15","2.96679","2.9736","2.92831","7.17822","0","0","0","0","0","0","0","0"
"2.51168","0.500044","0.499265","0.0340654","0.502985","0.533112","1.07852","1.75301e-15","2.94608","2.97112","2.98221","7.52009","0","0","0","0","0","0","0","0"
"2.51507","0.500044","0.499265","0.0341023","0.498861","0.528646","1.04329","1.76172e-15","2.91184","2.96696","3.06078","7.45155","0","0","0","0","0","0","0","0"
"2.51963","0.500044","0.499265","0.0341481","0.496043","0.527046","1.05738","1.73964e-15","2.89853","2.8848","2.94896","6.93413","0","0","0","0","0","0","0","0"
"2.5229","0.500044","0.499225","0.0341562","0.495908","0.528948","1.05871","1.70371e-15","2.94207","2.9429","2.96227","6.83548","0","0","0","0","0","0","0","0"
"2.5264","0.500044","0.499225","0.0341657","0.511518","0.541251","1.08876","1.70232e-15","3.09985","3.03131","3.07135","6.93298","0","0","0","0","0","0","0","0"
"2.52965","0.500044","0.499225","0.0341738","0.514526","0.540017","1.0919","1.70796e-15","3.03022","3.00575","2.96197","7.13182","0","0","0","0","0","0","0","0"
"2.53303","0.500044","0.499225","0.0341832","0.508627","0.53665","1.05947","1.74177e-15","3.01574","3.01321","2.99435","7.26796","0","0","0","0","0","0","0","0"
"2.53653","0.500044","0.499225","0.0341942","0.51207","0.541571","1.07024","1.7399e-15","3.14984","3.14743","2.96664","7.01389","0","0","0","0","0","0","0","0"
"2.53982","0.500044","0.50022","0.0342136","0.510969","0.536874","1.06281","1.71892e-15","3.06528","3.0999","2.92691","6.80057","0","0","0","0","0","0","0","0"
"2.5432","0.500044","0.50022","0.0342302","0.519472","0.545107","1.06348","1.69434e-15","3.14406","3.07589","2.99904","6.69736","0","0","0","0","0","0","0","0"
"2.54658","0.500044","0.50022","0.0342495","0.522532","0.552057","1.13435","1.68945e-15","3.10388","3.05597","2.9457","6.80509","0","0","0","0","0","0","0","0"
"2.54998","0.500044","0.50022","0.0342662","0.52457","0.555801","1.10565","1.6973e-15","3.01284","3.00394","2.99284","7.14776","0","0","0","0","0","0","0","0"
"2.55345","0.500044","0.50022","0.0342666","0.512622","0.54206","1.05346","1.70295e-15","3.06062","3.00611","3.15686","7.20343","0","0","0","0","0","0","0","0"
"2.55673","0.500044","0.502159","0.0342454","0.509309","0.541253","1.07912","1.73113e-15","3.03248","3.04689","2.94689","7.35993","0","0","0","0","0","0","0","0"
"2.56013","0.500044","0.502159","0.0342207","0.50726","0.543246","1.04709","1.72511e-15","3.15034","3.05897","2.99517","7.3124","0","0","0","0","0","0","0","0"
"2.56352","0.500044","0.502159","0.0341995","0.510362","0.54421","1.0563","1.70438e-15","3.09378","2.98288","2.91366","7.09103","0","0","0","0","0","0","0","0"
"2.56793","0.500044","0.502159","0.0341676","0.497956","0.530256","1.022","1.70837e-15","3.10267","2.99284","2.98748","7.26939","0","0","0","0","0","0","0","0"
"2.57142","0.500044","0.502159","0.0341556","0.500742","0.535808","1.07245","1.70395e-15","3.22958","3.0382","2.98157","7.08268","0","0","0","0","0","0","0","0"
"2.57627","0.500044","0.506128","0.0341386","0.500521","0.532956","1.09649","1.74335e-15","3.21378","3.06913","2.95175","6.86604","0","0","0","0","0","0","0","0"
"2.57965","0.500044","0.506128","0.0341284","0.499156","0.535908","1.0691","1.74227e-15","3.15618","3.09025","2.9779","6.84558","0","0","0","0","0","0","0","0"
"2.58303","0.500044","0.506128","0.0341165","0.50212","0.535339","1.08354","1.71643e-15","3.10866","2.99887","3.11223","6.64349","0","0","0","0","0","0","0","0"
"2.58653","0.500044","0.506128","0.0341048","0.51042","0.547214","1.21762","1.68162e-15","3.03556","2.97529","3.11967","6.5253","0","0","0","0","0","0","0","0"
"2.58977","0.500044","0.506736","0.0340901","0.51215","0.55275","1.22743","1.67703e-15","3.00828","2.96884","3.06261","6.42631","0","0","0","0","0","0","0","0"
"2.59313","0.500044","0.506736","0.0340731","0.509333","0.550716","1.22431","1.68278e-15","3.018","2.95642","3.0254","6.92667","0","0","0","0","0","0","0","0"
"2.59652","0.500044","0.506736","0.0340584","0.512937","0.550896","1.19555","1.70474e-15","2.99419","2.93414","3.04747","7.18133","0","0","0","0","0","0","0","0"
"2.59992","0.500044","0.506736","0.0340413","0.509488","0.548271","1.14224","1.74129e-15","2.9765","2.96412","3.23581","7.47867","0","0","0","0","0","0","0","0"
"2.60342","0.500044","0.506736","0.0340408","0.515286","0.551801","1.19055","1.74138e-15","2.98108","2.97153","3.40301","7.3421","0","0","0","0","0","0","0","0"
"2.60668","0.500044","0.505964","0.0340733","0.516512","0.553736","1.17269","1.71606e-15","2.92838","2.90334","3.408","7.18875","0","0","0","0","0","0","0","0"
"2.61007","0.500044","0.505964","0.0341012","0.513387","0.550834","1.19502","1.70811e-15","2.93454","2.8842","3.23629","6.90643","0","0","0","0","0","0","0","0"
"2.61347","0.500044","0.505964","0.0341337","0.511875","0.550604","1.17282","1.70581e-15","2.97987","2.95522","3.24471","7.02011","0","0","0","0","0","0","0","0"
"2.61683","0.500044","0.505964","0.0341615","0.505097","0.543917","1.13477","1.70604e-15","3.01801","2.97651","3.36461","7.04468","0","0","0","0","0","0","0","0"
"2.62032","0.500044","0.505964","0.0341713","0.500425","0.538646","1.11337","1.70237e-15","2.99792","2.9765","3.33044","7.18008","0","0","0","0","0","0","0","0"
"2.6236","0.500044","0.507822","0.0341538","0.502181","0.538678","1.11548","1.71999e-15","3.01447","2.95621","3.26867","7.39707","0","0","0","0","0","0","0","0"
"2.627","0.500044","0.507822","0.0341333","0.510411","0.545905","1.10505","1.74208e-15","3.07387","3.02907","3.21854","7.70446","0","0","0","0","0","0","0","0"
"2.63038","0.500044","0.507822","0.0341157","0.507284","0.542885","1.09774","1.75674e-15","3.07662","3.02235","3.24639","7.81407","0","0","0","0","0","0","0","0"
"2.63377","0.500044","0.507822","0.0340952","0.509162","0.543548","1.07468","1.75412e-15","3.08626","3.0132","3.33161","7.7035","0","0","0","0","0","0","0","0"
"2.63727","0.500044","0.507822","0.0340928","0.507599","0.541934","1.05218","1.73379e-15","3.0791","2.98766","3.38636","7.5273","0","0","0","0","0","0","0","0"
"2.64053","0.500044","0.508761","0.0341075","0.508395","0.541306","1.05007","1.71358e-15","3.03735","2.97509","3.28392","7.37158","0","0","0","0","0","0","0","0"
"2.64392","0.500044","0.508761","0.0341202","0.509168","0.541805","1.04148","1.70225e-15","3.05431","2.96104","3.26364","7.18336","0","0","0","0","0","0","0","0"
"2.6473","0.500044","0.508761","0.034135","0.503982","0.538895","1.03411","1.69537e-15","3.04995","2.96848","3.21531","7.10197","0","0","0","0","0","0","0","0"
"2.65122","0.500044","0.508761","0.0341497","0.503455","0.540008","1.04752","1.69917e-15","3.01713","2.94428","3.08175","7.22654","0","0","0","0","0","0","0","0"
"2.6547","0.500044","0.508761","0.0341558","0.505652","0.539325","1.01544","1.69755e-15","3.02501","2.9472","3.20284","7.23131","0","0","0","0","0","0","0","0"
"2.65798","0.500044","0.508728","0.0341579","0.504561","0.538854","1.01984","1.71871e-15","3.02786","2.93742","3.1509","7.3594","0","0","0","0","0","0","0","0"
"2.66138","0.500044","0.508728","0.0341605","0.507217","0.541221","1.03953","1.72766e-15","2.99447","2.89528","3.0632","7.35739","0","0","0","0","0","0","0","0"
"2.66485","0.500044","0.508728","0.034163","0.50891","0.540562","1.10662","1.72194e-15","2.94909","2.90741","3.14575","7.17175","0","0","0","0","0","0","0","0"
"2.66823","0.500044","0.508728","0.0341652","0.50925","0.540401","1.11091","1.71301e-15","2.94061","2.88116","3.057","7.00948","0","0","0","0","0","0","0","0"
"2.67172","0.500044","0.508728","0.0341476","0.508909","0.541409","1.11008","1.69736e-15","2.915","2.8902","3.05207","6.8986","0","0","0","0","0","0","0","0"
"2.67502","0.500044","0.509051","0.0341296","0.508402","0.542558","1.14501","1.69501e-15","2.91466","2.91383","2.98109","6.86586","0","0","0","0","0","0","0","0"
"2.67838","0.500044","0.509051","0.0341086","0.503523","0.53882","1.14016","1.70634e-15","2.9319","2.94505","2.99056","7.09299","0","0","0","0","0","0","0","0"
"2.68177","0.500044","0.509051","0.0340907","0.502331","0.537738","1.14749","1.72039e-15","2.97299","2.93978","2.954","7.32527","0","0","0","0","0","0","0","0"
"2.68628","0.500044","0.509051","0.0340621","0.503704","0.539398","1.17197","1.72795e-15","2.9603","2.92751","3.02175","7.33343","0","0","0","0","0","0","0","0"
"2.68972","0.500044","0.509013","0.0340394","0.501854","0.538476","1.17929","1.72369e-15","2.96487","2.91517","2.97169","7.27973","0","0","0","0","0","0","0","0"
"2.69312","0.500044","0.509013","0.0340128","0.499866","0.535528","1.16617","1.71609e-15","2.95921","2.9057","2.96777","7.10379","0","0","0","0","0","0","0","0"
"2.6965","0.500044","0.509013","0.0339901","0.500608","0.535914","1.16197","1.70969e-15","2.96968","2.89362","2.99424","6.94594","0","0","0","0","0","0","0","0"
"2.69988","0.500044","0.509013","0.0339635","0.497753","0.535984","1.13849","1.69922e-15","2.96442","2.8854","3.05565","6.88241","0","0","0","0","0","0","0","0"
"2.70338","0.500044","0.509013","0.033946","0.502939","0.540623","1.1614","1.69137e-15","2.96535","2.83765","3.00107","6.80982","0","0","0","0","0","0","0","0"
"2.70665","0.500044","0.50878","0.0339375","0.501718","0.536892","1.15272","1.68788e-15","2.96555","2.84077","2.97869","6.85456","0","0","0","0","0","0","0","0"
"2.71003","0.500044","0.50878","0.0339303","0.501068","0.536892","1.13873","1.69701e-15","2.96395","2.85365","3.00667","7.02199","0","0","0","0","0","0","0","0"
"2.71343","0.500044","0.50878","0.0339219","0.503442","0.537541","1.14449","1.7125e-15","2.9462","2.84104","2.94343","7.15225","0","0","0","0","0","0","0","0"
"2.7168","0.500044","0.50878","0.0339147","0.502608","0.537701","1.14886","1.72491e-15","2.95317","2.86092","2.92674","7.25918","0","0","0","0","0","0","0","0"
"2.7203","0.500044","0.50878","0.0339133","0.499436","0.533964","1.14042","1.725e-15","2.96446","2.87154","2.89611","7.18924","0","0","0","0","0","0","0","0"
"2.72368","0.500044","0.507992","0.0339211","0.498168","0.534475","1.12018","1.71834e-15","2.9652","2.91218","2.94406","7.03179","0","0","0","0","0","0","0","0"
"2.72707","0.500044","0.507992","0.0339278","0.496788","0.533075","1.12528","1.71433e-15","2.96171","2.90892","2.89255","6.98233","0","0","0","0","0","0","0","0"
"2.73045","0.500044","0.507992","0.0339357","0.501014","0.538831","1.13385","1.71684e-15","2.9618","2.94333","2.90625","7.00991","0","0","0","0","0","0","0","0"
"2.73462","0.500044","0.507992","0.0339446","0.502849","0.540027","1.15228","1.73042e-15","2.94807","2.93822","2.92077","7.30706","0","0","0","0","0","0","0","0"
"2.7381","0.500044","0.507992","0.0339544","0.498836","0.537441","1.136","1.73365e-15","2.95918","2.9421","2.95688","7.33706","0","0","0","0","0","0","0","0"
"2.74138","0.500044","0.507699","0.0339665","0.499552","0.537615","1.1339","1.74536e-15","2.95211","2.94756","2.91576","7.37156","0","0","0","0","0","0","0","0"
"2.74485","0.500044","0.507699","0.0339768","0.496897","0.533292","1.12697","1.74063e-15","2.95221","2.97249","2.9063","7.35085","0","0","0","0","0","0","0","0"
"2.74823","0.500044","0.507699","0.0339889","0.499394","0.537736","1.12421","1.72752e-15","2.96738","2.99202","2.87443","7.27987","0","0","0","0","0","0","0","0"
"2.75162","0.500044","0.507699","0.0339993","0.501734","0.538206","1.12498","1.71868e-15","2.98028","2.99039","2.85707","7.22658","0","0","0","0","0","0","0","0"
"2.75512","0.500044","0.507699","0.0340083","0.50357","0.541208","1.12057","1.71475e-15","2.97861","2.97133","2.84362","7.34155","0","0","0","0","0","0","0","0"
"2.7584","0.500044","0.507225","0.0340156","0.504101","0.540438","1.13786","1.71941e-15","2.9706","2.9687","2.7936","7.45383","0","0","0","0","0","0","0","0"
"2.76178","0.500044","0.507225","0.0340241","0.507099","0.544673","1.12745","1.73218e-15","2.96102","2.99313","2.81053","7.69877","0","0","0","0","0","0","0","0"
"2.76517","0.500044","0.507225","0.0340314","0.507639","0.545611","1.14424","1.73954e-15","2.94314","2.9971","2.80029","7.77396","0","0","0","0","0","0","0","0"
"2.76962","0.500044","0.507225","0.0340402","0.507374","0.543365","1.12911","1.75182e-15","2.94505","2.98009","2.80113","7.81539","0","0","0","0","0","0","0","0"
"2.77297","0.500044","0.50724","0.034041","0.505421","0.542081","1.11333","1.7542e-15","2.94262","2.9691","2.8446","7.81891","0","0","0","0","0","0","0","0"
"2.77637","0.500044","0.50724","0.034042","0.505236","0.542271","1.11032","1.75353e-15","2.95263","2.9831","2.82599","7.76017","0","0","0","0","0","0","0","0"
"2.77975","0.500044","0.50724","0.0340428","0.50708","0.544524","1.10719","1.74702e-15","2.9362","2.94501","2.80921","7.68519","0","0","0","0","0","0","0","0"
"2.78313","0.500044","0.50724","0.0340438","0.507904","0.541954","1.0934","1.7368e-15","2.93577","2.95659","2.8368","7.59833","0","0","0","0","0","0","0","0"
"2.78662","0.500044","0.50724","0.0340437","0.512051","0.543669","1.11032","1.72982e-15","3.02219","2.97062","2.83255","7.47853","0","0","0","0","0","0","0","0"
"2.7899","0.500044","0.508171","0.0340412","0.509419","0.541194","1.11845","1.72654e-15","3.0181","2.95846","2.85982","7.44941","0","0","0","0","0","0","0","0"
"2.79328","0.500044","0.508171","0.0340391","0.50961","0.540122","1.11632","1.72752e-15","3.01529","2.96742","2.8313","7.46323","0","0","0","0","0","0","0","0"
"2.79668","0.500044","0.508171","0.0340366","0.510267","0.539369","1.12174","1.73614e-15","3.00973","2.96188","2.83151","7.65518","0","0","0","0","0","0","0","0"
"2.80005","0.500044","0.508171","0.0340344","0.509404","0.537652","1.11355","1.7445e-15","2.99482","2.95412","2.83221","7.73538","0","0","0","0","0","0","0","0"
"2.80355","0.500044","0.508171","0.0340361","0.511656","0.539349","1.11976","1.74602e-15","2.99562","2.99359","2.83812","7.70621","0","0","0","0","0","0","0","0"
"2.80683","0.500044","0.508759","0.0340423","0.510195","0.537793","1.14049","1.75743e-15","2.99678","3.02349","2.81487","7.71002","0","0","0","0","0","0","0","0"
"2.81022","0.500044","0.508759","0.0340495","0.507145","0.535357","1.12636","1.76776e-15","3.01509","3.02278","2.84478","7.72117","0","0","0","0","0","0","0","0"
"2.8136","0.500044","0.508759","0.0340556","0.508585","0.538872","1.14425","1.76773e-15","3.02385","3.02017","2.86518","7.68799","0","0","0","0","0","0","0","0"
"2.81777","0.500044","0.508759","0.0340639","0.511959","0.54254","1.17822","1.76292e-15","3.04004","3.03836","2.85674","7.59129","0","0","0","0","0","0","0","0"
"2.82125","0.500044","0.508759","0.0340704","0.510622","0.540078","1.17323","1.75475e-15","3.03197","3.04244","2.85424","7.48418","0","0","0","0","0","0","0","0"
"2.82453","0.500044","0.508862","0.0340757","0.509147","0.539409","1.16755","1.75036e-15","3.03357","3.03582","2.84748","7.3799","0","0","0","0","0","0","0","0"
"2.82793","0.500044","0.508862","0.0340819","0.509073","0.540257","1.1553","1.74326e-15","3.01903","3.03571","2.87094","7.26923","0","0","0","0","0","0","0","0"
"2.8313","0.500044","0.508862","0.0340873","0.511469","0.543193","1.14559","1.73716e-15","3.00221","3.03287","2.89195","7.20059","0","0","0","0","0","0","0","0"
"2.83468","0.500044","0.508862","0.0340935","0.511643","0.541758","1.16024","1.73631e-15","2.99124","3.03578","2.85405","7.21085","0","0","0","0","0","0","0","0"
"2.83818","0.500044","0.508862","0.0340983","0.510402","0.541004","1.17078","1.73432e-15","2.98729","3.03286","2.8688","7.21515","0","0","0","0","0","0","0","0"
"2.84148","0.500044","0.508776","0.0341037","0.510094","0.539899","1.15445","1.74273e-15","2.97787","3.01504","2.91274","7.31145","0","0","0","0","0","0","0","0"
"2.84485","0.500044","0.508776","0.0341084","0.508107","0.537496","1.1497","1.74797e-15","2.98392","3.00881","2.8901","7.42244","0","0","0","0","0","0","0","0"
"2.84837","0.500044","0.508776","0.0341139","0.506639","0.535543","1.14901","1.75818e-15","2.98275","3.00315","2.87462","7.47504","0","0","0","0","0","0","0","0"
"2.85162","0.500044","0.508776","0.0341185","0.504322","0.534795","1.1647","1.76398e-15","2.99073","2.98978","2.9171","7.50271","0","0","0","0","0","0","0","0"
"2.8551","0.500044","0.508776","0.0341193","0.507578","0.537407","1.15424","1.76216e-15","3.01053","3.00295","2.93307","7.42224","0","0","0","0","0","0","0","0"
"2.85838","0.500044","0.509183","0.0341192","0.505199","0.535809","1.14649","1.76084e-15","3.02091","3.01936","2.94967","7.32533","0","0","0","0","0","0","0","0"
"2.86177","0.500044","0.509183","0.0341192","0.504659","0.534897","1.13599","1.75447e-15","3.00223","3.00512","2.96969","7.22737","0","0","0","0","0","0","0","0"
"2.8653","0.500044","0.509183","0.0341192","0.504157","0.53435","1.14969","1.74812e-15","2.99027","3.00479","2.95279","7.18101","0","0","0","0","0","0","0","0"
"2.86963","0.500044","0.509183","0.0341189","0.504205","0.535391","1.14485","1.74461e-15","2.97277","3.00617","2.94956","7.08781","0","0","0","0","0","0","0","0"
"2.87297","0.500044","0.508785","0.0341183","0.505123","0.537094","1.14338","1.74821e-15","2.95776","3.00048","2.93673","7.12824","0","0","0","0","0","0","0","0"
"2.87635","0.500044","0.508785","0.0341176","0.502736","0.535317","1.14051","1.75436e-15","2.96342","3.0019","2.92308","7.19939","0","0","0","0","0","0","0","0"
"2.87975","0.500044","0.508785","0.034117","0.501381","0.533905","1.13599","1.76057e-15","2.97048","3.01272","2.94135","7.23009","0","0","0","0","0","0","0","0"
"2.88313","0.500044","0.508785","0.0341163","0.503353","0.535513","1.14037","1.76093e-15","2.95916","2.99939","2.91529","7.21258","0","0","0","0","0","0","0","0"
"2.88662","0.500044","0.508785","0.0341157","0.506187","0.537572","1.13996","1.75522e-15","2.97695","3.01889","2.93028","7.15559","0","0","0","0","0","0","0","0"
"2.8899","0.500044","0.508067","0.0341152","0.504537","0.537011","1.13031","1.74794e-15","2.98969","3.0092","2.94614","7.10475","0","0","0","0","0","0","0","0"
"2.89328","0.500044","0.508067","0.0341147","0.507667","0.538805","1.12971","1.74435e-15","3.0339","3.09222","2.90984","7.10994","0","0","0","0","0","0","0","0"
"2.89667","0.500044","0.508067","0.0341141","0.507146","0.538143","1.13142","1.74837e-15","3.03947","3.09513","2.88337","7.21065","0","0","0","0","0","0","0","0"
"2.9011","0.500044","0.508067","0.0341134","0.505798","0.538227","1.11928","1.75549e-15","3.04226","3.08574","2.90472","7.27092","0","0","0","0","0","0","0","0"
"2.90458","0.500044","0.508067","0.0341128","0.505915","0.538189","1.11623","1.7541e-15","3.03977","3.07786","2.88925","7.20481","0","0","0","0","0","0","0","0"
"2.90787","0.500044","0.50796","0.0341124","0.508066","0.540558","1.13947","1.7498e-15","3.05696","3.10262","2.94069","7.14012","0","0","0","0","0","0","0","0"
"2.9113","0.500044","0.50796","0.0341118","0.506345","0.539719","1.12716","1.74475e-15","3.0566","3.0983","2.96927","7.12656","0","0","0","0","0","0","0","0"
"2.91468","0.500044","0.50796","0.0341113","0.504144","0.537724","1.13173","1.74636e-15","3.05765","3.10738","2.91516","7.19596","0","0","0","0","0","0","0","0"
"2.91807","0.500044","0.50796","0.0341108","0.505465","0.539384","1.13936","1.75269e-15","3.05017","3.09593","2.8654","7.2573","0","0","0","0","0","0","0","0"
"2.92158","0.500044","0.50796","0.0341117","0.507752","0.543172","1.15137","1.75582e-15","3.06201","3.12203","2.86027","7.27655","0","0","0","0","0","0","0","0"
"2.92485","0.500044","0.50837","0.0341132","0.508964","0.544371","1.14515","1.75947e-15","3.08114","3.13197","2.87936","7.28232","0","0","0","0","0","0","0","0"
"2.92822","0.500044","0.50837","0.0341145","0.510622","0.545668","1.13976","1.7586e-15","3.09217","3.1387","2.88588","7.21939","0","0","0","0","0","0","0","0"
"2.9316","0.500044","0.50837","0.034116","0.509418","0.543845","1.13007","1.75231e-15","3.07384","3.1325","2.91222","7.16036","0","0","0","0","0","0","0","0"
"2.93498","0.500044","0.50837","0.0341172","0.508801","0.544244","1.13756","1.74738e-15","3.07405","3.12323","2.87887","7.11914","0","0","0","0","0","0","0","0"
"2.93848","0.500044","0.50837","0.0341185","0.510259","0.545042","1.14058","1.74247e-15","3.05334","3.10047","2.85997","7.10467","0","0","0","0","0","0","0","0"
"2.94177","0.500044","0.508629","0.0341197","0.510197","0.546139","1.14392","1.74333e-15","3.05393","3.09953","2.85186","7.16491","0","0","0","0","0","0","0","0"
"2.94515","0.500044","0.508629","0.034121","0.508434","0.544542","1.14318","1.74928e-15","3.05253","3.08694","2.82994","7.23908","0","0","0","0","0","0","0","0"
"2.94853","0.500044","0.508629","0.0341221","0.507074","0.543983","1.13546","1.7526e-15","3.04485","3.07815","2.85544","7.23277","0","0","0","0","0","0","0","0"
"2.95297","0.500044","0.508629","0.034125","0.508209","0.544202","1.13159","1.74552e-15","3.04456","3.08697","2.84673","7.176","0","0","0","0","0","0","0","0"
"2.95633","0.500044","0.509361","0.0341299","0.507802","0.543038","1.12459","1.74207e-15","3.06525","3.08937","2.85303","7.20055","0","0","0","0","0","0","0","0"
"2.95973","0.500044","0.509361","0.0341355","0.506989","0.54225","1.11672","1.74323e-15","3.06462","3.08336","2.85867","7.21805","0","0","0","0","0","0","0","0"
"2.96312","0.500044","0.509361","0.0341403","0.505557","0.541599","1.1182","1.74842e-15","3.06288","3.07632","2.83606","7.26918","0","0","0","0","0","0","0","0"
"2.9665","0.500044","0.509361","0.034146","0.507635","0.543378","1.11752","1.75401e-15","3.04318","3.05928","2.83241","7.29937","0","0","0","0","0","0","0","0"
"2.97002","0.500044","0.509361","0.0341508","0.507466","0.543589","1.1125","1.75136e-15","3.04488","3.06909","2.83914","7.24896","0","0","0","0","0","0","0","0"
"2.97327","0.500044","0.50964","0.0341566","0.507391","0.544447","1.11893","1.74407e-15","3.03443","3.05458","2.85196","7.20781","0","0","0","0","0","0","0","0"
"2.97665","0.500044","0.50964","0.0341616","0.508656","0.545857","1.14872","1.74066e-15","3.03745","3.07212","3.10174","7.17001","0","0","0","0","0","0","0","0"
"2.98005","0.500044","0.50964","0.0341674","0.507856","0.544593","1.15029","1.74181e-15","3.04214","3.06439","3.1305","7.18108","0","0","0","0","0","0","0","0"
"2.98447","0.500044","0.50964","0.034174","0.506258","0.542263","1.14535","1.74268e-15","3.05723","3.07283","3.11867","7.21238","0","0","0","0","0","0","0","0"
"2.98795","0.500044","0.50964","0.034175","0.508983","0.545171","1.14221","1.74606e-15","3.05914","3.07955","3.11387","7.2325","0","0","0","0","0","0","0","0"
"2.99123","0.500044","0.509458","0.0341741","0.508452","0.543749","1.14159","1.75138e-15","3.04566","3.07558","3.08472","7.27015","0","0","0","0","0","0","0","0"
"2.99463","0.500044","0.509458","0.0341731","0.508823","0.543733","1.1347","1.75095e-15","3.03595","3.05403","3.09064","7.24259","0","0","0","0","0","0","0","0"
"2.99802","0.500044","0.509458","0.0341722","0.510784","0.544745","1.16796","1.74714e-15","3.04264","3.06252","3.17543","7.18426","0","0","0","0","0","0","0","0"
"3.0014","0.500044","0.509458","0.0341712","0.509494","0.544774","1.1733","1.74241e-15","3.04414","3.06335","3.12782","7.13347","0","0","0","0","0","0","0","0"
"3.0049","0.500044","0.509458","0.0341644","0.508663","0.545067","1.16567","1.73775e-15","3.04891","3.05664","3.1382","7.09213","0","0","0","0","0","0","0","0"
"3.00818","0.500044","0.509625","0.034155","0.510324","0.546708","1.16586","1.7359e-15","3.07717","3.09928","3.11755","7.13019","0","0","0","0","0","0","0","0"
"3.01155","0.500044","0.509625","0.034147","0.510289","0.547345","1.16439","1.7374e-15","3.07636","3.08963","3.11454","7.17303","0","0","0","0","0","0","0","0"
"3.01493","0.500044","0.509625","0.0341377","0.511391","0.548488","1.15668","1.74342e-15","3.06758","3.07425","3.13859","7.24796","0","0","0","0","0","0","0","0"
"3.01832","0.500044","0.509625","0.0341297","0.510834","0.546495","1.14985","1.74782e-15","3.06032","3.07276","3.14664","7.27036","0","0","0","0","0","0","0","0"
"3.02182","0.500044","0.509625","0.0341247","0.509575","0.545551","1.14241","1.74618e-15","3.05873","3.07012","3.15258","7.21884","0","0","0","0","0","0","0","0"
"3.0251","0.500044","0.509878","0.0341211","0.508383","0.544511","1.13644","1.74324e-15","3.05634","3.0593","3.16833","7.17422","0","0","0","0","0","0","0","0"
"3.02848","0.500044","0.509878","0.0341168","0.508731","0.544505","1.13561","1.73775e-15","3.04946","3.04617","3.1607","7.15146","0","0","0","0","0","0","0","0"
"3.03187","0.500044","0.509878","0.0341131","0.509391","0.544293","1.13028","1.73623e-15","3.03134","3.03814","3.16559","7.17814","0","0","0","0","0","0","0","0"
"3.03628","0.500044","0.509878","0.0341111","0.509283","0.544085","1.13123","1.73655e-15","3.02671","3.03532","3.14348","7.25339","0","0","0","0","0","0","0","0"
"3.0397","0.500044","0.510364","0.034118","0.509041","0.543922","1.12605","1.73866e-15","3.01528","3.03157","3.14732","7.2838","0","0","0","0","0","0","0","0"
"3.0431","0.500044","0.510364","0.0341261","0.509388","0.54532","1.13767","1.74286e-15","3.00419","3.00543","3.18965","7.3218","0","0","0","0","0","0","0","0"
"3.04648","0.500044","0.510364","0.0341329","0.507864","0.543886","1.12968","1.74256e-15","3.01035","3.001","3.21043","7.28709","0","0","0","0","0","0","0","0"
"3.04987","0.500044","0.510364","0.034141","0.506203","0.54245","1.12776","1.74036e-15","3.03207","3.00514","3.18414","7.23367","0","0","0","0","0","0","0","0"
"3.05338","0.500044","0.510364","0.034148","0.506171","0.543092","1.14451","1.73596e-15","3.02775","3.0021","3.15755","7.19599","0","0","0","0","0","0","0","0"
"3.05663","0.500044","0.510333","0.0341567","0.506662","0.543555","1.16194","1.73439e-15","3.02817","3.0105","3.12229","7.21416","0","0","0","0","0","0","0","0"
"3.06002","0.500044","0.510333","0.0341642","0.506269","0.544109","1.16573","1.73914e-15","3.04146","3.01222","3.10402","7.28811","0","0","0","0","0","0","0","0"
"3.06342","0.500044","0.510333","0.0341729","0.504739","0.542939","1.15689","1.74487e-15","3.04145","3.03151","3.12235","7.2848","0","0","0","0","0","0","0","0"
"3.06798","0.500044","0.510333","0.0341828","0.506281","0.543839","1.15648","1.74029e-15","3.04091","3.03833","3.10076","7.22287","0","0","0","0","0","0","0","0"
"3.07132","0.500044","0.510333","0.0341883","0.507742","0.544087","1.16307","1.73577e-15","3.05591","3.01445","3.07017","7.19129","0","0","0","0","0","0","0","0"
"3.0746","0.500044","0.510107","0.0341918","0.507353","0.544563","1.16448","1.73696e-15","3.04474","3.00414","3.05526","7.20637","0","0","0","0","0","0","0","0"
"3.078","0.500044","0.510107","0.034196","0.508587","0.545645","1.16569","1.74125e-15","3.05786","2.99069","3.04493","7.24164","0","0","0","0","0","0","0","0"
"3.08137","0.500044","0.510107","0.0341995","0.507236","0.545453","1.16015","1.74229e-15","3.05867","2.9909","3.071","7.24257","0","0","0","0","0","0","0","0"
"3.08477","0.500044","0.510107","0.0342036","0.505776","0.543386","1.16768","1.73827e-15","3.06211","3.00592","3.04422","7.19494","0","0","0","0","0","0","0","0"
"3.08827","0.500044","0.510107","0.0342074","0.506397","0.544682","1.16427","1.73359e-15","3.05597","3.03658","3.05302","7.16305","0","0","0","0","0","0","0","0"
"3.09153","0.500044","0.509943","0.0342118","0.505108","0.543411","1.1534","1.73367e-15","3.05902","3.03407","3.08905","7.18231","0","0","0","0","0","0","0","0"
"3.09492","0.500044","0.509943","0.0342155","0.505388","0.54387","1.15497","1.73826e-15","3.07302","3.0334","3.08204","7.23912","0","0","0","0","0","0","0","0"
"3.0983","0.500044","0.509943","0.0342199","0.503923","0.542515","1.15358","1.74255e-15","3.08162","3.03504","3.10082","7.28012","0","0","0","0","0","0","0","0"
"3.10183","0.500044","0.509943","0.0342237","0.50339","0.541531","1.15837","1.74369e-15","3.07782","3.03256","3.06761","7.26839","0","0","0","0","0","0","0","0"
"3.10518","0.500044","0.509943","0.0342266","0.505393","0.542243","1.16956","1.73857e-15","3.08455","3.03567","3.08668","7.22825","0","0","0","0","0","0","0","0"
"3.10847","0.500044","0.510165","0.0342289","0.50561","0.541591","1.16899","1.73859e-15","3.07441","3.02813","3.08696","7.22337","0","0","0","0","0","0","0","0"
"3.11185","0.500044","0.510165","0.0342315","0.505343","0.540837","1.1732","1.74037e-15","3.07064","3.02387","3.04882","7.30818","0","0","0","0","0","0","0","0"
"3.11523","0.500044","0.510165","0.0342338","0.504853","0.540679","1.16837","1.7443e-15","3.06422","3.00694","3.05214","7.35546","0","0","0","0","0","0","0","0"
"3.11962","0.500044","0.510165","0.0342373","0.506376","0.541755","1.17008","1.7496e-15","3.05669","3.00699","3.0528","7.38521","0","0","0","0","0","0","0","0"
"3.12278","0.500044","0.509896","0.0342395","0.506332","0.541807","1.17769","1.75009e-15","3.05129","3.00672","3.02521","7.34434","0","0","0","0","0","0","0","0"
"3.12617","0.500044","0.509896","0.0342418","0.505219","0.540661","1.17415","1.74707e-15","3.06724","3.01315","3.02216","7.29905","0","0","0","0","0","0","0","0"
"3.12955","0.500044","0.509896","0.0342444","0.50349","0.539318","1.16768","1.74321e-15","3.06849","3.01835","3.04269","7.25231","0","0","0","0","0","0","0","0"
"3.13293","0.500044","0.509896","0.0342467","0.502875","0.538688","1.1701","1.74346e-15","3.06598","3.01968","3.02066","7.28874","0","0","0","0","0","0","0","0"
"3.13642","0.500044","0.509896","0.0342481","0.503629","0.540337","1.17241","1.74579e-15","3.07698","3.02119","3.00995","7.33936","0","0","0","0","0","0","0","0"
"3.1397","0.500044","0.509692","0.0342467","0.50352","0.540166","1.16695","1.7482e-15","3.06318","3.01518","3.02003","7.34279","0","0","0","0","0","0","0","0"
"3.14308","0.500044","0.509692","0.0342449","0.502861","0.539404","1.16165","1.74459e-15","3.05549","3.00941","3.02588","7.30359","0","0","0","0","0","0","0","0"
"3.14648","0.500044","0.509692","0.0342435","0.502797","0.539268","1.15864","1.74285e-15","3.05197","3.01363","3.02106","7.30376","0","0","0","0","0","0","0","0"
"3.15117","0.500044","0.509692","0.0342413","0.501974","0.538958","1.15203","1.74512e-15","3.05412","3.01017","3.02229","7.35955","0","0","0","0","0","0","0","0"
"3.15465","0.500044","0.509692","0.0342392","0.502708","0.539487","1.15003","1.74446e-15","3.03934","2.99457","3.01972","7.3289","0","0","0","0","0","0","0","0"
"3.15793","0.500044","0.509494","0.0342374","0.50283","0.539004","1.15302","1.74152e-15","3.02512","2.99528","2.995","7.28727","0","0","0","0","0","0","0","0"
"3.16135","0.500044","0.509494","0.0342352","0.502907","0.538846","1.14478","1.7422e-15","3.02189","3.00658","3.01559","7.28695","0","0","0","0","0","0","0","0"
"3.16472","0.500044","0.509494","0.0342333","0.502173","0.538681","1.15321","1.74526e-15","3.02041","3.01021","3.00796","7.35174","0","0","0","0","0","0","0","0"
"3.1681","0.500044","0.509494","0.0342311","0.500262","0.536946","1.15019","1.74801e-15","3.02207","3.01475","2.99883","7.36468","0","0","0","0","0","0","0","0"
"3.17162","0.500044","0.509494","0.0342257","0.50274","0.53909","1.17346","1.74457e-15","3.04283","3.02458","3.13031","7.33743","0","0","0","0","0","0","0","0"
"3.17488","0.500044","0.509187","0.0342185","0.503318","0.539297","1.17446","1.73947e-15","3.04437","3.03228","3.11944","7.30217","0","0","0","0","0","0","0","0"
"3.17825","0.500044","0.509187","0.0342123","0.504537","0.540545","1.1843","1.73702e-15","3.03038","3.03297","3.11742","7.2915","0","0","0","0","0","0","0","0"
"3.18163","0.500044","0.509187","0.0342051","0.507839","0.54313","1.18575","1.73792e-15","3.05199","3.03416","3.10733","7.33029","0","0","0","0","0","0","0","0"
"3.18502","0.500044","0.509187","0.0341989","0.507712","0.543718","1.18041","1.74256e-15","3.05819","3.05792","3.11897","7.37656","0","0","0","0","0","0","0","0"
"3.18852","0.500044","0.509187","0.0341914","0.50661","0.542749","1.1771","1.74047e-15","3.05791","3.05982","3.10762","7.32657","0","0","0","0","0","0","0","0"
"3.1918","0.500044","0.509028","0.034185","0.506187","0.54266","1.17378","1.7376e-15","3.05392","3.05826","3.10744","7.29976","0","0","0","0","0","0","0","0"
"3.19518","0.500044","0.509028","0.0341775","0.506051","0.542443","1.16863","1.73755e-15","3.05988","3.05826","3.11359","7.3012","0","0","0","0","0","0","0","0"
"3.19857","0.500044","0.509028","0.0341711","0.505385","0.541593","1.16123","1.74168e-15","3.05908","3.0571","3.13418","7.3428","0","0","0","0","0","0","0","0"
"3.20293","0.500044","0.509028","0.0341652","0.504173","0.539602","1.15245","1.74578e-15","3.07396","3.07604","3.15049","7.37522","0","0","0","0","0","0","0","0"
"3.20612","0.500044","0.509395","0.0341699","0.503487","0.538835","1.14704","1.74426e-15","3.08065","3.08538","3.15981","7.34985","0","0","0","0","0","0","0","0"
"3.20958","0.500044","0.509395","0.0341755","0.505181","0.540592","1.15252","1.74172e-15","3.08325","3.0892","3.15407","7.32384","0","0","0","0","0","0","0","0"
"3.21295","0.500044","0.509395","0.0341802","0.505949","0.541411","1.15448","1.74009e-15","3.082","3.08067","3.12399","7.31297","0","0","0","0","0","0","0","0"
"3.21637","0.500044","0.509395","0.0341858","0.506412","0.54221","1.16035","1.74348e-15","3.07267","3.08089","3.11956","7.37477","0","0","0","0","0","0","0","0"
"3.21983","0.500044","0.509395","0.0341937","0.505284","0.54148","1.15829","1.74558e-15","3.07541","3.07683","3.11985","7.37999","0","0","0","0","0","0","0","0"
"3.22313","0.500044","0.509742","0.0342101","0.506206","0.542161","1.16295","1.74555e-15","3.09183","3.08541","3.12116","7.34665","0","0","0","0","0","0","0","0"
"3.2265","0.500044","0.509742","0.0342241","0.505805","0.541787","1.16077","1.74197e-15","3.08993","3.07772","3.11201","7.31146","0","0","0","0","0","0","0","0"
"3.2299","0.500044","0.509742","0.0342405","0.505836","0.541987","1.15914","1.73972e-15","3.09258","3.09431","3.09799","7.30239","0","0","0","0","0","0","0","0"
"3.2346","0.500044","0.509742","0.0342616","0.506256","0.542247","1.15979","1.74165e-15","3.0804","3.09759","3.07613","7.31383","0","0","0","0","0","0","0","0"
"3.23805","0.500044","0.509742","0.0342692","0.506333","0.542597","1.15402","1.74134e-15","3.09447","3.09547","3.08792","7.27547","0","0","0","0","0","0","0","0"
"3.24137","0.500044","0.509593","0.0342765","0.50679","0.543123","1.1476","1.73903e-15","3.09712","3.07958","3.1076","7.23813","0","0","0","0","0","0","0","0"
"3.24473","0.500044","0.509593","0.0342827","0.505407","0.541962","1.14345","1.73611e-15","3.09957","3.0787","3.11692","7.21485","0","0","0","0","0","0","0","0"
"3.24813","0.500044","0.509593","0.03429","0.504015","0.541193","1.14256","1.73784e-15","3.09938","3.07608","3.10685","7.25587","0","0","0","0","0","0","0","0"
"3.2515","0.500044","0.509593","0.0342962","0.503865","0.541128","1.13571","1.74105e-15","3.08911","3.07084","3.12727","7.27048","0","0","0","0","0","0","0","0"
"3.25502","0.500044","0.509593","0.0343029","0.502802","0.540258","1.12932","1.7401e-15","3.09108","3.06617","3.13926","7.24082","0","0","0","0","0","0","0","0"
"3.25827","0.500044","0.509808","0.0343086","0.501994","0.539949","1.12429","1.73605e-15","3.08601","3.05971","3.14949","7.19896","0","0","0","0","0","0","0","0"
"3.26167","0.500044","0.509808","0.0343153","0.501033","0.539188","1.12462","1.73425e-15","3.093","3.0648","3.12632","7.17457","0","0","0","0","0","0","0","0"
"3.26507","0.500044","0.509808","0.0343209","0.501388","0.539838","1.12284","1.73573e-15","3.09805","3.06909","3.11646","7.19098","0","0","0","0","0","0","0","0"
"3.2696","0.500044","0.509808","0.0343277","0.501109","0.539507","1.11947","1.7381e-15","3.0828","3.06136","3.10925","7.17784","0","0","0","0","0","0","0","0"
"3.27297","0.500044","0.509721","0.0343281","0.503446","0.541098","1.12989","1.73464e-15","3.0736","3.06867","3.10021","7.14773","0","0","0","0","0","0","0","0"
"3.27635","0.500044","0.509721","0.0343286","0.504543","0.542054","1.13398","1.73352e-15","3.06656","3.07767","3.08897","7.14285","0","0","0","0","0","0","0","0"
"3.27975","0.500044","0.509721","0.034329","0.505452","0.543056","1.15222","1.73674e-15","3.06887","3.09166","3.13476","7.18087","0","0","0","0","0","0","0","0"
"3.28313","0.500044","0.509721","0.0343295","0.506613","0.544186","1.16161","1.74054e-15","3.07244","3.09384","3.13168","7.20651","0","0","0","0","0","0","0","0"
"3.28662","0.500044","0.509721","0.0343284","0.506938","0.544791","1.15615","1.73801e-15","3.06886","3.09462","3.14651","7.17895","0","0","0","0","0","0","0","0"
"3.2899","0.500044","0.509301","0.0343238","0.507109","0.544513","1.15457","1.73562e-15","3.06981","3.09317","3.13308","7.17086","0","0","0","0","0","0","0","0"
"3.29328","0.500044","0.509301","0.0343199","0.506978","0.543626","1.1581","1.73754e-15","3.07599","3.09618","3.10729","7.21708","0","0","0","0","0","0","0","0"
"3.29667","0.500044","0.509301","0.0343153","0.507112","0.542897","1.17271","1.7416e-15","3.08847","3.09598","3.10434","7.2532","0","0","0","0","0","0","0","0"
"3.30005","0.500044","0.509301","0.0343114","0.506379","0.54242","1.17139","1.74145e-15","3.08814","3.09223","3.09893","7.22951","0","0","0","0","0","0","0","0"
"3.30353","0.500044","0.509301","0.0343033","0.507743","0.543","1.18482","1.73709e-15","3.0832","3.10178","3.12914","7.20257","0","0","0","0","0","0","0","0"
"3.30682","0.500044","0.50976","0.0342923","0.507508","0.543127","1.18136","1.73543e-15","3.09317","3.11113","3.13256","7.20123","0","0","0","0","0","0","0","0"
"3.31022","0.500044","0.50976","0.0342796","0.508025","0.543371","1.19193","1.73839e-15","3.0961","3.11187","3.17985","7.2337","0","0","0","0","0","0","0","0"
"3.3136","0.500044","0.50976","0.0342687","0.50889","0.543671","1.18754","1.74175e-15","3.08486","3.10327","3.18408","7.28354","0","0","0","0","0","0","0","0"
"3.31777","0.500044","0.50976","0.0342541","0.507779","0.541848","1.18771","1.74108e-15","3.07986","3.10224","3.16299","7.26897","0","0","0","0","0","0","0","0"
"3.32133","0.500044","0.50976","0.0342507","0.509129","0.543125","1.20398","1.73723e-15","3.07383","3.0957","3.14663","7.2411","0","0","0","0","0","0","0","0"
"3.32453","0.500044","0.510152","0.034251","0.509168","0.542943","1.20415","1.73724e-15","3.08068","3.10227","3.1376","7.25662","0","0","0","0","0","0","0","0"
"3.32793","0.500044","0.510152","0.0342513","0.510189","0.543855","1.20222","1.73946e-15","3.06904","3.10277","3.13517","7.29285","0","0","0","0","0","0","0","0"
"3.3313","0.500044","0.510152","0.0342516","0.51031","0.544221","1.20118","1.74247e-15","3.06144","3.09467","3.13774","7.30847","0","0","0","0","0","0","0","0"
"3.33468","0.500044","0.510152","0.034252","0.508946","0.543095","1.1985","1.74558e-15","3.06447","3.08878","3.13229","7.30611","0","0","0","0","0","0","0","0"
"3.33827","0.500044","0.510152","0.03426","0.509372","0.54385","1.19941","1.74265e-15","3.06088","3.08172","3.126","7.27235","0","0","0","0","0","0","0","0"
"3.34148","0.500044","0.510144","0.0342711","0.508549","0.543265","1.20068","1.74079e-15","3.06735","3.08772","3.10916","7.25704","0","0","0","0","0","0","0","0"
"3.34485","0.500044","0.510144","0.0342806","0.508475","0.54286","1.19648","1.74222e-15","3.06561","3.08643","3.11287","7.28316","0","0","0","0","0","0","0","0"
"3.34823","0.500044","0.510144","0.0342918","0.508451","0.542351","1.19579","1.74469e-15","3.07496","3.0875","3.09488","7.30018","0","0","0","0","0","0","0","0"
"3.35162","0.500044","0.510144","0.0343013","0.507542","0.5414","1.1915","1.74312e-15","3.07316","3.08697","3.09786","7.27991","0","0","0","0","0","0","0","0"
"3.35518","0.500044","0.510144","0.0343138","0.507614","0.541679","1.185","1.74004e-15","3.06107","3.07343","3.11387","7.26618","0","0","0","0","0","0","0","0"
"3.35838","0.500044","0.510302","0.0343247","0.507834","0.541208","1.19372","1.74167e-15","3.0491","3.07669","3.10408","7.30459","0","0","0","0","0","0","0","0"
"3.36177","0.500044","0.510302","0.0343375","0.507468","0.541141","1.18906","1.74508e-15","3.04164","3.07021","3.11041","7.3344","0","0","0","0","0","0","0","0"
"3.36515","0.500044","0.510302","0.0343484","0.508621","0.54181","1.18607","1.74316e-15","3.04067","3.07185","3.11283","7.31184","0","0","0","0","0","0","0","0"
"3.36962","0.500044","0.510302","0.0343648","0.509886","0.543236","1.18727","1.73907e-15","3.04299","3.0713","3.11921","7.26569","0","0","0","0","0","0","0","0"
"3.37297","0.500044","0.510213","0.0343756","0.509098","0.542338","1.18208","1.73949e-15","3.04396","3.06819","3.13055","7.30084","0","0","0","0","0","0","0","0"
"3.37635","0.500044","0.510213","0.0343882","0.508972","0.54222","1.18551","1.74182e-15","3.04553","3.06669","3.12598","7.3133","0","0","0","0","0","0","0","0"
"3.37973","0.500044","0.510213","0.034399","0.508875","0.542479","1.18545","1.73985e-15","3.03626","3.06162","3.11832","7.29018","0","0","0","0","0","0","0","0"
"3.38312","0.500044","0.510213","0.0344117","0.509145","0.542211","1.19953","1.73812e-15","3.02787","3.05712","3.11103","7.30024","0","0","0","0","0","0","0","0"
"3.38662","0.500044","0.510213","0.0344213","0.509614","0.543297","1.20742","1.7385e-15","3.01697","3.05279","3.08052","7.32614","0","0","0","0","0","0","0","0"
"3.3899","0.500044","0.510091","0.0344298","0.509282","0.54281","1.20503","1.73873e-15","3.01578","3.05476","3.07423","7.34393","0","0","0","0","0","0","0","0"
"3.39328","0.500044","0.510091","0.0344372","0.509246","0.542538","1.19909","1.7364e-15","3.01526","3.05199","3.09108","7.32501","0","0","0","0","0","0","0","0"
"3.39668","0.500044","0.510091","0.0344457","0.51004","0.543456","1.19983","1.73591e-15","3.03792","3.06085","3.06824","7.33255","0","0","0","0","0","0","0","0"
"3.4011","0.500044","0.510091","0.0344554","0.508515","0.542316","1.19162","1.73977e-15","3.04126","3.05896","3.09587","7.37464","0","0","0","0","0","0","0","0"
"3.40458","0.500044","0.510091","0.0344626","0.509003","0.541975","1.1911","1.7397e-15","3.05187","3.0618","3.09622","7.35208","0","0","0","0","0","0","0","0"
"3.40797","0.500044","0.510274","0.0344682","0.508436","0.541558","1.19282","1.73724e-15","3.05398","3.05667","3.0889","7.33584","0","0","0","0","0","0","0","0"
"3.41137","0.500044","0.510274","0.0344747","0.508293","0.541747","1.19803","1.73795e-15","3.05402","3.04514","3.0603","7.37763","0","0","0","0","0","0","0","0"
"3.41473","0.500044","0.510274","0.0344803","0.507656","0.541386","1.19975","1.74077e-15","3.05028","3.04625","3.04635","7.4139","0","0","0","0","0","0","0","0"
"3.41812","0.500044","0.510274","0.0344869","0.508361","0.541855","1.20804","1.74012e-15","3.06357","3.05909","3.04512","7.39601","0","0","0","0","0","0","0","0"
"3.42163","0.500044","0.510274","0.0344946","0.508445","0.541965","1.21244","1.73743e-15","3.06289","3.05245","3.03123","7.36769","0","0","0","0","0","0","0","0"
"3.4249","0.500044","0.510358","0.0345041","0.508101","0.542202","1.21389","1.73746e-15","3.0591","3.0445","3.02173","7.39452","0","0","0","0","0","0","0","0"
"3.42828","0.500044","0.510358","0.0345122","0.508166","0.542997","1.21838","1.7405e-15","3.05997","3.05091","3.00767","7.4102","0","0","0","0","0","0","0","0"
"3.43167","0.500044","0.510358","0.0345217","0.508107","0.543037","1.2197","1.74042e-15","3.05812","3.0501","2.98691","7.3873","0","0","0","0","0","0","0","0"
"3.43505","0.500044","0.510358","0.0345298","0.507886","0.542393","1.21995","1.73748e-15","3.05891","3.04385","2.98112","7.36794","0","0","0","0","0","0","0","0"
"3.43853","0.500044","0.510358","0.0345385","0.508431","0.542836","1.21848","1.73638e-15","3.06173","3.05804","2.98066","7.3675","0","0","0","0","0","0","0","0"
"3.44182","0.500044","0.510252","0.0345457","0.50809","0.542899","1.21337","1.73946e-15","3.05773","3.0478","2.99164","7.39513","0","0","0","0","0","0","0","0"
"3.4452","0.500044","0.510252","0.0345542","0.506716","0.54169","1.21599","1.74096e-15","3.06171","3.04834","2.96749","7.38463","0","0","0","0","0","0","0","0"
"3.4486","0.500044","0.510252","0.0345614","0.505497","0.540355","1.20866","1.73792e-15","3.06385","3.05124","2.99531","7.35581","0","0","0","0","0","0","0","0"
"3.45293","0.500044","0.510252","0.0345726","0.506638","0.541285","1.21197","1.73655e-15","3.05786","3.04378","2.98278","7.35104","0","0","0","0","0","0","0","0"
"3.45638","0.500044","0.510257","0.0345808","0.507319","0.541096","1.21063","1.7388e-15","3.07504","3.0559","2.99365","7.39268","0","0","0","0","0","0","0","0"
"3.45968","0.500044","0.510257","0.0345903","0.507772","0.542204","1.21359","1.73978e-15","3.07725","3.07085","2.98966","7.3899","0","0","0","0","0","0","0","0"
"3.46308","0.500044","0.510257","0.0345985","0.507695","0.542386","1.21999","1.73769e-15","3.07359","3.069","2.96916","7.35566","0","0","0","0","0","0","0","0"
"3.46647","0.500044","0.510257","0.034608","0.506451","0.541133","1.2137","1.73641e-15","3.07244","3.06841","2.98475","7.36403","0","0","0","0","0","0","0","0"
"3.46988","0.500044","0.510257","0.0346157","0.506231","0.541137","1.211","1.7367e-15","3.07096","3.06901","2.98422","7.3859","0","0","0","0","0","0","0","0"
"3.4734","0.500044","0.510092","0.0346234","0.506445","0.541068","1.20704","1.73756e-15","3.07285","3.06369","2.98972","7.37637","0","0","0","0","0","0","0","0"
"3.47678","0.500044","0.510092","0.0346311","0.506936","0.540875","1.20743","1.73397e-15","3.0774","3.06315","2.98294","7.35125","0","0","0","0","0","0","0","0"
"3.48018","0.500044","0.510092","0.0346377","0.507178","0.540875","1.20876","1.73293e-15","3.07299","3.0574","2.9692","7.34746","0","0","0","0","0","0","0","0"
"3.48458","0.500044","0.510092","0.0346477","0.507907","0.541129","1.20872","1.73713e-15","3.07527","3.05923","2.9663","7.33541","0","0","0","0","0","0","0","0"
"3.48807","0.500044","0.510092","0.0346537","0.507462","0.540907","1.20788","1.73527e-15","3.07039","3.05218","2.96581","7.31243","0","0","0","0","0","0","0","0"
"3.49135","0.500044","0.50999","0.0346606","0.506856","0.540912","1.20527","1.73253e-15","3.07235","3.04933","2.96835","7.27942","0","0","0","0","0","0","0","0"
"3.49477","0.500044","0.50999","0.0346666","0.506999","0.541254","1.20225","1.73045e-15","3.07742","3.05023","2.97042","7.25992","0","0","0","0","0","0","0","0"
"3.49813","0.500044","0.50999","0.0346735","0.506299","0.539907","1.19802","1.73162e-15","3.07574","3.0529","2.97754","7.28456","0","0","0","0","0","0","0","0"
"3.50152","0.500044","0.50999","0.0346795","0.505662","0.539117","1.19458","1.73352e-15","3.07146","3.05031","2.98299","7.29835","0","0","0","0","0","0","0","0"
"3.505","0.500044","0.50999","0.0346888","0.506424","0.539336","1.19955","1.73378e-15","3.06301","3.05431","2.97403","7.27859","0","0","0","0","0","0","0","0"
"3.5083","0.500044","0.509941","0.0346971","0.506244","0.539328","1.198","1.73126e-15","3.06138","3.04887","2.97031","7.25502","0","0","0","0","0","0","0","0"
"3.51167","0.500044","0.509941","0.0347068","0.50684","0.540247","1.19681","1.72906e-15","3.06273","3.04789","2.96242","7.24437","0","0","0","0","0","0","0","0"
"3.51505","0.500044","0.509941","0.0347151","0.506332","0.539796","1.1958","1.72837e-15","3.05916","3.04837","2.95327","7.26331","0","0","0","0","0","0","0","0"
"3.5196","0.500044","0.509941","0.0347277","0.505861","0.539643","1.19248","1.73024e-15","3.06008","3.04351","2.96143","7.28126","0","0","0","0","0","0","0","0"
"3.523","0.500044","0.509844","0.0347362","0.505707","0.539823","1.18868","1.72866e-15","3.05692","3.04744","2.97157","7.2655","0","0","0","0","0","0","0","0"
"3.52638","0.500044","0.509844","0.0347461","0.506239","0.539925","1.19139","1.72537e-15","3.05957","3.05318","2.96566","7.2477","0","0","0","0","0","0","0","0"
"3.52978","0.500044","0.509844","0.0347547","0.505775","0.539644","1.18696","1.72591e-15","3.06179","3.04958","2.97485","7.25014","0","0","0","0","0","0","0","0"
"3.53318","0.500044","0.509844","0.0347646","0.506025","0.539328","1.18551","1.72904e-15","3.06387","3.04244","2.96742","7.26406","0","0","0","0","0","0","0","0"
"3.53668","0.500044","0.509844","0.0347715","0.506657","0.540184","1.18905","1.73128e-15","3.05657","3.03827","2.96139","7.26601","0","0","0","0","0","0","0","0"
"3.53993","0.500044","0.509703","0.0347759","0.50657","0.540616","1.18914","1.73004e-15","3.06607","3.03683","2.95365","7.23455","0","0","0","0","0","0","0","0"
"3.54332","0.500044","0.509703","0.0347796","0.506166","0.540186","1.19078","1.72824e-15","3.0597","3.03265","2.94762","7.21416","0","0","0","0","0","0","0","0"
"3.5467","0.500044","0.509703","0.034784","0.505885","0.539794","1.18698","1.72951e-15","3.05594","3.03204","2.95629","7.23619","0","0","0","0","0","0","0","0"
"3.55008","0.500044","0.509703","0.0347877","0.505728","0.539736","1.18338","1.73214e-15","3.05258","3.02809","2.96159","7.27376","0","0","0","0","0","0","0","0"
"3.55358","0.500044","0.509703","0.0347902","0.505484","0.540082","1.18004","1.73287e-15","3.05412","3.02414","2.96508","7.26198","0","0","0","0","0","0","0","0"
"3.55687","0.500044","0.509708","0.0347902","0.505449","0.53993","1.17506","1.73087e-15","3.0515","3.02345","2.98196","7.23706","0","0","0","0","0","0","0","0"
"3.56025","0.500044","0.509708","0.0347902","0.505304","0.539613","1.17294","1.72905e-15","3.04661","3.02238","2.97395","7.22607","0","0","0","0","0","0","0","0"
"3.56362","0.500044","0.509708","0.0347903","0.504635","0.539162","1.17014","1.72981e-15","3.0476","3.02313","2.97842","7.23848","0","0","0","0","0","0","0","0"
"3.5678","0.500044","0.509708","0.0347903","0.504079","0.538447","1.16548","1.7328e-15","3.04439","3.02029","2.99268","7.26027","0","0","0","0","0","0","0","0"
"3.57128","0.500044","0.509708","0.0347865","0.504647","0.53889","1.16767","1.73057e-15","3.04236","3.01619","2.97899","7.24412","0","0","0","0","0","0","0","0"
"3.57457","0.500044","0.509724","0.0347819","0.504781","0.539203","1.16456","1.72855e-15","3.03732","3.01613","2.98063","7.21525","0","0","0","0","0","0","0","0"
"3.57795","0.500044","0.509724","0.0347765","0.505776","0.540013","1.16699","1.72596e-15","3.04222","3.02758","2.966","7.20322","0","0","0","0","0","0","0","0"
"3.58133","0.500044","0.509724","0.0347719","0.504402","0.53879","1.16326","1.72519e-15","3.04743","3.03143","2.97031","7.20402","0","0","0","0","0","0","0","0"
"3.58472","0.500044","0.509724","0.0347666","0.504216","0.538567","1.16089","1.7281e-15","3.04447","3.02948","2.96513","7.25073","0","0","0","0","0","0","0","0"
"3.58823","0.500044","0.509724","0.0347612","0.504308","0.538326","1.1581","1.72784e-15","3.03682","3.02748","2.96556","7.24809","0","0","0","0","0","0","0","0"
"3.5915","0.500044","0.509585","0.0347546","0.503688","0.537268","1.153","1.72764e-15","3.03295","3.02774","2.97997","7.22893","0","0","0","0","0","0","0","0"
"3.59488","0.500044","0.509585","0.034749","0.503558","0.537569","1.15252","1.72578e-15","3.02898","3.02279","2.97026","7.20923","0","0","0","0","0","0","0","0"
"3.59827","0.500044","0.509585","0.0347425","0.503338","0.536921","1.14773","1.7276e-15","3.031","3.02097","2.98122","7.23466","0","0","0","0","0","0","0","0"
"3.60165","0.500044","0.509585","0.034737","0.503142","0.53688","1.15002","1.73034e-15","3.0281","3.02288","2.99634","7.25739","0","0","0","0","0","0","0","0"
"3.60513","0.500044","0.509585","0.0347293","0.503128","0.537012","1.1478","1.72923e-15","3.02364","3.0202","2.99343","7.23047","0","0","0","0","0","0","0","0"
"3.6092","0.500044","0.509466","0.0347225","0.502913","0.536755","1.14408","1.72753e-15","3.02809","3.01542","3.00034","7.2076","0","0","0","0","0","0","0","0"
"3.6118","0.500044","0.509466","0.0347146","0.502991","0.536965","1.14029","1.72886e-15","3.02889","3.01705","3.00502","7.23712","0","0","0","0","0","0","0","0"
"3.61518","0.500044","0.509466","0.0347079","0.502775","0.536315","1.13843","1.73096e-15","3.02895","3.01534","3.00028","7.27384","0","0","0","0","0","0","0","0"
"3.61963","0.500044","0.509466","0.034698","0.503197","0.536815","1.14821","1.72978e-15","3.03154","3.00947","2.99248","7.24073","0","0","0","0","0","0","0","0"
"3.62302","0.500044","0.509169","0.0346923","0.503066","0.536966","1.14597","1.72891e-15","3.03238","3.00299","2.99591","7.23518","0","0","0","0","0","0","0","0"
"3.62638","0.500044","0.509169","0.0346855","0.502804","0.536453","1.15421","1.73081e-15","3.0292","3.00416","2.98047","7.23322","0","0","0","0","0","0","0","0"
"3.62977","0.500044","0.509169","0.0346798","0.503581","0.537042","1.15542","1.73051e-15","3.03983","3.00429","2.98237","7.20059","0","0","0","0","0","0","0","0"
"3.63317","0.500044","0.509169","0.0346731","0.50368","0.536405","1.15294","1.72788e-15","3.04393","3.00454","2.99076","7.18479","0","0","0","0","0","0","0","0"
"3.63667","0.500044","0.509169","0.0346684","0.503052","0.535722","1.15003","1.72861e-15","3.04245","3.00408","2.99381","7.20176","0","0","0","0","0","0","0","0"
"3.63993","0.500044","0.508984","0.0346656","0.502296","0.535369","1.14871","1.72963e-15","3.05508","3.02739","2.98446","7.21816","0","0","0","0","0","0","0","0"
"3.64332","0.500044","0.508984","0.0346632","0.502528","0.535957","1.1568","1.72871e-15","3.0573","3.02679","2.98225","7.2052","0","0","0","0","0","0","0","0"
"3.6467","0.500044","0.508984","0.0346604","0.502077","0.535585","1.1541","1.72661e-15","3.05618","3.02109","2.98002","7.19235","0","0","0","0","0","0","0","0"
"3.65113","0.500044","0.508984","0.0346572","0.502215","0.536325","1.1605","1.72764e-15","3.0545","3.01488","2.98651","7.20348","0","0","0","0","0","0","0","0"
"3.65462","0.500044","0.508984","0.03466","0.501478","0.535717","1.15606","1.7277e-15","3.05819","3.01563","2.99899","7.21175","0","0","0","0","0","0","0","0"
"3.6579","0.500044","0.508872","0.0346644","0.501404","0.535477","1.15775","1.73009e-15","3.05489","3.01667","2.98677","7.21211","0","0","0","0","0","0","0","0"
"3.6613","0.500044","0.508872","0.0346695","0.501267","0.534953","1.16002","1.72833e-15","3.05404","3.01656","2.98731","7.18434","0","0","0","0","0","0","0","0"
"3.6648","0.500044","0.508872","0.0346739","0.501555","0.535272","1.16065","1.7266e-15","3.05044","3.01164","2.97732","7.1651","0","0","0","0","0","0","0","0"
"3.66805","0.500044","0.508872","0.034679","0.501541","0.535427","1.15845","1.72717e-15","3.05734","3.00915","2.97861","7.17752","0","0","0","0","0","0","0","0"
"3.67157","0.500044","0.508872","0.0346883","0.501828","0.535678","1.15835","1.72706e-15","3.05323","3.00752","2.97057","7.183","0","0","0","0","0","0","0","0"
"3.67483","0.500044","0.508642","0.0347004","0.501978","0.535393","1.16076","1.73045e-15","3.04859","3.00222","2.9656","7.22311","0","0","0","0","0","0","0","0"
"3.67822","0.500044","0.508642","0.0347107","0.50202","0.535441","1.15629","1.7318e-15","3.04708","3.00897","2.97881","7.20413","0","0","0","0","0","0","0","0"
"3.6816","0.500044","0.508642","0.0347227","0.502094","0.535045","1.15499","1.72936e-15","3.04266","3.00565","2.97459","7.18451","0","0","0","0","0","0","0","0"
"3.68498","0.500044","0.508642","0.0347331","0.501639","0.534983","1.15213","1.72934e-15","3.04512","3.00341","2.97976","7.19373","0","0","0","0","0","0","0","0"
"3.68847","0.500044","0.508642","0.0347435","0.50207","0.535352","1.15277","1.72985e-15","3.04334","3.00458","2.97589","7.19781","0","0","0","0","0","0","0","0"
"3.69175","0.500044","0.508464","0.0347521","0.501572","0.535148","1.15008","1.73168e-15","3.04155","3.0044","2.98095","7.20285","0","0","0","0","0","0","0","0"
"3.69513","0.500044","0.508464","0.0347622","0.501413","0.535263","1.152","1.73073e-15","3.04494","2.99916","2.96954","7.17905","0","0","0","0","0","0","0","0"
"3.69852","0.500044","0.508464","0.0347709","0.501784","0.535569","1.15053","1.72961e-15","3.045","3.00172","2.96642","7.19127","0","0","0","0","0","0","0","0"
"3.70293","0.500044","0.508464","0.0347828","0.500817","0.534779","1.14678","1.73281e-15","3.04387","3.00126","2.97187","7.23596","0","0","0","0","0","0","0","0"
"3.70633","0.500044","0.508387","0.0347879","0.500631","0.534758","1.14605","1.73186e-15","3.03973","2.99847","2.97114","7.21526","0","0","0","0","0","0","0","0"
"3.70972","0.500044","0.508387","0.034794","0.50015","0.534018","1.1425","1.73046e-15","3.04708","3.0058","2.98144","7.20747","0","0","0","0","0","0","0","0"
"3.7131","0.500044","0.508387","0.0347991","0.500571","0.534127","1.14849","1.73325e-15","3.04806","3.008","2.98109","7.2626","0","0","0","0","0","0","0","0"
"3.72805","0.500044","0.508387","0.0348094","0.501906","0.536321","1.17175","1.73359e-15","3.05213","3.01811","2.96501","7.28807","0","0","0","0","0","0","0","0"
"3.72998","0.500044","0.508276","0.0348098","0.500905","0.535088","1.16796","1.73207e-15","3.05367","3.02193","2.97212","7.26077","0","0","0","0","0","0","0","0"
"3.73465","0.500044","0.508276","0.0348103","0.500806","0.535353","1.18215","1.73361e-15","3.06491","3.03425","2.97388","7.29923","0","0","0","0","0","0","0","0"
"3.73813","0.500044","0.508276","0.0348086","0.500905","0.535691","1.1842","1.73322e-15","3.07288","3.0375","2.95757","7.29833","0","0","0","0","0","0","0","0"
"3.74147","0.500044","0.508103","0.0348061","0.499959","0.534595","1.17987","1.73137e-15","3.07481","3.03781","2.97105","7.27359","0","0","0","0","0","0","0","0"
"3.7448","0.500044","0.508103","0.034804","0.500975","0.535895","1.1861","1.73121e-15","3.07882","3.04073","2.96937","7.28175","0","0","0","0","0","0","0","0"
"3.74818","0.500044","0.508103","0.0348015","0.501438","0.536161","1.18686","1.73265e-15","3.08296","3.04313","2.96067","7.29508","0","0","0","0","0","0","0","0"
"3.75157","0.500044","0.508103","0.0347994","0.501451","0.536577","1.18682","1.73203e-15","3.07985","3.05069","2.95745","7.29545","0","0","0","0","0","0","0","0"
"3.75507","0.500044","0.508103","0.0347993","0.501264","0.536483","1.18608","1.73153e-15","3.07666","3.05569","2.95895","7.30496","0","0","0","0","0","0","0","0"
"3.75842","0.500044","0.508096","0.0347997","0.501407","0.536294","1.18173","1.73417e-15","3.07721","3.05613","2.97139","7.32292","0","0","0","0","0","0","0","0"
"3.76173","0.500044","0.508096","0.0348","0.50183","0.53693","1.17626","1.733e-15","3.08167","3.05792","2.9898","7.31115","0","0","0","0","0","0","0","0"
"3.76512","0.500044","0.508096","0.0348004","0.501784","0.536774","1.17524","1.7332e-15","3.07538","3.05494","2.98829","7.32324","0","0","0","0","0","0","0","0"
"3.76958","0.500044","0.508096","0.0348026","0.501468","0.535951","1.17524","1.73412e-15","3.07197","3.05973","2.98187","7.30625","0","0","0","0","0","0","0","0"
"3.77293","0.500044","0.508048","0.0348082","0.501666","0.535852","1.18334","1.73342e-15","3.0657","3.05439","2.9704","7.3158","0","0","0","0","0","0","0","0"
"3.77632","0.500044","0.508048","0.0348147","0.501902","0.536479","1.18179","1.73535e-15","3.06128","3.04847","2.96623","7.34368","0","0","0","0","0","0","0","0"
"3.7797","0.500044","0.508048","0.0348203","0.502679","0.53706","1.18005","1.73341e-15","3.06349","3.04622","2.96471","7.32877","0","0","0","0","0","0","0","0"
"3.78308","0.500044","0.508048","0.0348268","0.50221","0.536692","1.17774","1.73372e-15","3.06635","3.04352","2.96344","7.3254","0","0","0","0","0","0","0","0"
"3.78657","0.500044","0.508048","0.0348317","0.502218","0.536374","1.18377","1.73552e-15","3.0613","3.04278","2.95116","7.3189","0","0","0","0","0","0","0","0"
"3.78987","0.500044","0.508125","0.0348357","0.502707","0.536651","1.18706","1.73343e-15","3.05594","3.03702","2.95146","7.29672","0","0","0","0","0","0","0","0"
"3.79325","0.500044","0.508125","0.0348392","0.502828","0.536698","1.18605","1.73432e-15","3.05221","3.03415","2.94961","7.32939","0","0","0","0","0","0","0","0"
"3.79663","0.500044","0.508125","0.0348432","0.503464","0.537678","1.18463","1.73531e-15","3.04491","3.02666","2.94646","7.32429","0","0","0","0","0","0","0","0"
"3.80002","0.500044","0.508125","0.0348467","0.503784","0.537968","1.18283","1.73288e-15","3.04082","3.02465","2.9456","7.30415","0","0","0","0","0","0","0","0"
"3.80352","0.500044","0.508125","0.0348491","0.503766","0.53814","1.19275","1.73194e-15","3.03805","3.03159","2.93041","7.28425","0","0","0","0","0","0","0","0"
"3.80678","0.500044","0.508146","0.0348494","0.502671","0.537252","1.19275","1.7343e-15","3.04509","3.03407","2.92255","7.26156","0","0","0","0","0","0","0","0"
"3.81025","0.500044","0.508146","0.0348498","0.502948","0.537291","1.18923","1.73395e-15","3.04933","3.02924","2.93059","7.23171","0","0","0","0","0","0","0","0"
"3.81357","0.500044","0.508146","0.0348501","0.502361","0.536698","1.1894","1.73275e-15","3.04857","3.02692","2.92051","7.22158","0","0","0","0","0","0","0","0"
"3.81798","0.500044","0.508146","0.0348506","0.501553","0.535884","1.18749","1.73443e-15","3.04899","3.03015","2.91788","7.2512","0","0","0","0","0","0","0","0"
"3.82147","0.500044","0.508146","0.0348524","0.501645","0.536242","1.18434","1.73236e-15","3.0465","3.02339","2.92415","7.23807","0","0","0","0","0","0","0","0"
"3.82475","0.500044","0.508301","0.0348549","0.501334","0.536065","1.17972","1.73204e-15","3.05037","3.02729","2.937","7.24691","0","0","0","0","0","0","0","0"
"3.82815","0.500044","0.508301","0.034857","0.501408","0.536569","1.17783","1.73463e-15","3.0501","3.02613","2.93614","7.27606","0","0","0","0","0","0","0","0"
"3.83152","0.500044","0.508301","0.0348595","0.502324","0.536831","1.18412","1.73458e-15","3.05789","3.02469","2.95864","7.26459","0","0","0","0","0","0","0","0"
"3.83492","0.500044","0.508301","0.0348616","0.50271","0.537405","1.1824","1.73313e-15","3.05517","3.03257","2.95922","7.25663","0","0","0","0","0","0","0","0"
"3.8384","0.500044","0.508301","0.0348661","0.502682","0.536863","1.181","1.73303e-15","3.06493","3.03492","2.95652","7.24401","0","0","0","0","0","0","0","0"
"3.84168","0.500044","0.508205","0.0348701","0.502688","0.536532","1.19288","1.73511e-15","3.06562","3.0316","2.95973","7.27553","0","0","0","0","0","0","0","0"
"3.84507","0.500044","0.508205","0.0348749","0.503226","0.53661","1.19582","1.7373e-15","3.06325","3.02599","2.94639","7.28708","0","0","0","0","0","0","0","0"
"3.84845","0.500044","0.508205","0.0348789","0.503545","0.536784","1.20079","1.73619e-15","3.05967","3.02355","2.94467","7.27312","0","0","0","0","0","0","0","0"
"3.85293","0.500044","0.508205","0.0348858","0.504037","0.537564","1.19938","1.73368e-15","3.05545","3.02291","2.94701","7.25572","0","0","0","0","0","0","0","0"
"3.85628","0.500044","0.508036","0.0348924","0.504396","0.537693","1.19521","1.73449e-15","3.05126","3.01571","2.95853","7.27485","0","0","0","0","0","0","0","0"
"3.85965","0.500044","0.508036","0.0349","0.504247","0.537447","1.19037","1.73563e-15","3.04852","3.01287","2.97293","7.28486","0","0","0","0","0","0","0","0"
"3.86303","0.500044","0.508036","0.0349065","0.50373","0.537216","1.18846","1.73479e-15","3.04902","3.01514","2.97491","7.25995","0","0","0","0","0","0","0","0"
"3.86642","0.500044","0.508036","0.0349141","0.503551","0.537025","1.18766","1.73428e-15","3.04473","3.01748","2.96697","7.24454","0","0","0","0","0","0","0","0"
"3.8699","0.500044","0.508036","0.0349206","0.503467","0.536692","1.1837","1.73493e-15","3.04064","3.01285","2.97852","7.25161","0","0","0","0","0","0","0","0"
"3.87318","0.500044","0.508161","0.0349283","0.503496","0.536765","1.18349","1.7354e-15","3.0361","3.00878","2.97866","7.25339","0","0","0","0","0","0","0","0"
"3.87657","0.500044","0.508161","0.0349349","0.504096","0.53729","1.18374","1.73364e-15","3.03724","3.00988","2.97388","7.23904","0","0","0","0","0","0","0","0"
"3.87997","0.500044","0.508161","0.0349426","0.504079","0.537028","1.18168","1.73371e-15","3.03996","3.01273","2.97541","7.25819","0","0","0","0","0","0","0","0"
"3.88333","0.500044","0.508161","0.0349492","0.50461","0.537291","1.18081","1.73567e-15","3.04173","3.00907","2.97025","7.26227","0","0","0","0","0","0","0","0"
"3.88683","0.500044","0.508161","0.034958","0.50471","0.537373","1.18225","1.73437e-15","3.03911","3.01143","2.96941","7.24078","0","0","0","0","0","0","0","0"
"3.89012","0.500044","0.508235","0.0349669","0.504644","0.536563","1.17953","1.73407e-15","3.03793","3.01147","2.97342","7.23405","0","0","0","0","0","0","0","0"
"3.8935","0.500044","0.508235","0.0349772","0.504775","0.536503","1.17886","1.73585e-15","3.03675","3.00664","2.96855","7.2711","0","0","0","0","0","0","0","0"
"3.8969","0.500044","0.508235","0.034986","0.504979","0.536481","1.17897","1.73862e-15","3.03877","3.01342","2.96089","7.29428","0","0","0","0","0","0","0","0"
"3.90137","0.500044","0.508235","0.0349993","0.507068","0.538029","1.17854","1.73738e-15","3.04547","3.01451","2.9598","7.26452","0","0","0","0","0","0","0","0"
"3.9048","0.500044","0.508235","0.0350048","0.506859","0.537857","1.18285","1.73589e-15","3.04307","3.01237","2.95243","7.25378","0","0","0","0","0","0","0","0"
"3.90808","0.500044","0.508231","0.0350105","0.507909","0.538523","1.18741","1.73743e-15","3.04111","3.01186","2.95658","7.27333","0","0","0","0","0","0","0","0"
"3.91148","0.500044","0.508231","0.0350153","0.508196","0.539338","1.18621","1.73875e-15","3.03712","3.01664","2.95802","7.26948","0","0","0","0","0","0","0","0"
"3.91485","0.500044","0.508231","0.035021","0.508351","0.538883","1.18321","1.73769e-15","3.02927","3.01264","2.96415","7.24279","0","0","0","0","0","0","0","0"
"3.91823","0.500044","0.508231","0.0350259","0.508192","0.538723","1.18388","1.73747e-15","3.03134","3.0186","2.96866","7.2495","0","0","0","0","0","0","0","0"
"3.92173","0.500044","0.508231","0.0350246","0.507182","0.537814","1.18085","1.73754e-15","3.03425","3.02369","2.97465","7.2552","0","0","0","0","0","0","0","0"
"3.92502","0.500044","0.508394","0.0350225","0.508076","0.538696","1.18698","1.73808e-15","3.03589","3.021","2.96826","7.2668","0","0","0","0","0","0","0","0"
"3.9284","0.500044","0.508394","0.03502","0.508249","0.538925","1.19314","1.7365e-15","3.03151","3.02285","2.95211","7.26612","0","0","0","0","0","0","0","0"
"3.93178","0.500044","0.508394","0.0350179","0.508094","0.538672","1.19167","1.73829e-15","3.02674","3.02396","2.95108","7.26824","0","0","0","0","0","0","0","0"
"3.93627","0.500044","0.508394","0.0350148","0.508155","0.538745","1.19417","1.73897e-15","3.0241","3.0141","2.9421","7.27776","0","0","0","0","0","0","0","0"
"3.93958","0.500044","0.508808","0.0350127","0.508229","0.538989","1.19125","1.73756e-15","3.0249","3.01336","2.94821","7.27407","0","0","0","0","0","0","0","0"
"3.94298","0.500044","0.508808","0.0350102","0.508401","0.539033","1.19526","1.73908e-15","3.02643","3.01782","2.9314","7.29558","0","0","0","0","0","0","0","0"
"3.94637","0.500044","0.508808","0.0350081","0.508018","0.53861","1.19126","1.73971e-15","3.02633","3.01629","2.94246","7.28345","0","0","0","0","0","0","0","0"
"3.94975","0.500044","0.508808","0.0350056","0.508484","0.538868","1.1894","1.73813e-15","3.03437","3.02445","2.94126","7.27469","0","0","0","0","0","0","0","0"
"3.95323","0.500044","0.508808","0.0350031","0.507968","0.538613","1.18951","1.7389e-15","3.03447","3.02361","2.95404","7.28273","0","0","0","0","0","0","0","0"
"3.95652","0.500044","0.508916","0.0349994","0.50787","0.538839","1.19086","1.73903e-15","3.03129","3.0246","2.93914","7.30144","0","0","0","0","0","0","0","0"
"3.9599","0.500044","0.508916","0.0349962","0.507509","0.538498","1.18716","1.73682e-15","3.03412","3.02871","2.94792","7.28978","0","0","0","0","0","0","0","0"
"3.96328","0.500044","0.508916","0.0349924","0.50716","0.538709","1.18444","1.73745e-15","3.03186","3.02826","2.95032","7.29387","0","0","0","0","0","0","0","0"
"3.96668","0.500044","0.508916","0.0349893","0.50776","0.539547","1.18623","1.73896e-15","3.03634","3.03306","2.94164","7.30273","0","0","0","0","0","0","0","0"
"3.97015","0.500044","0.508916","0.0349889","0.508332","0.539878","1.18455","1.73696e-15","3.03102","3.03695","2.93918","7.2872","0","0","0","0","0","0","0","0"
"3.97345","0.500044","0.508949","0.0349924","0.508101","0.539985","1.18567","1.73758e-15","3.03124","3.03912","2.92941","7.30485","0","0","0","0","0","0","0","0"
"3.97683","0.500044","0.508949","0.0349964","0.50923","0.541428","1.18624","1.73918e-15","3.03006","3.03481","2.91985","7.29427","0","0","0","0","0","0","0","0"
"3.98023","0.500044","0.508949","0.0349999","0.508756","0.541123","1.18688","1.73695e-15","3.03306","3.05128","2.90886","7.2859","0","0","0","0","0","0","0","0"
"3.98463","0.500044","0.508949","0.0350051","0.5091","0.541304","1.18899","1.73687e-15","3.03244","3.05783","2.91073","7.30187","0","0","0","0","0","0","0","0"
"3.98822","0.500044","0.508949","0.0350112","0.508665","0.540882","1.18896","1.73632e-15","3.03246","3.05894","2.90924","7.29379","0","0","0","0","0","0","0","0"
"3.99142","0.500044","0.508988","0.0350188","0.508598","0.541001","1.18726","1.73473e-15","3.02867","3.05224","2.90592","7.27493","0","0","0","0","0","0","0","0"
"3.99482","0.500044","0.508988","0.0350253","0.509358","0.541436","1.18919","1.73568e-15","3.03404","3.04934","2.90919","7.26992","0","0","0","0","0","0","0","0"
"3.99818","0.500044","0.508988","0.0350329","0.509332","0.541783","1.1882","1.73736e-15","3.03017","3.04156","2.91599","7.25736","0","0","0","0","0","0","0","0"
"4.00157","0.500044","0.508988","0.0350394","0.509067","0.541505","1.18622","1.73666e-15","3.02938","3.0391","2.91533","7.24957","0","0","0","0","0","0","0","0"
"4.00505","0.500044","0.508988","0.0350422","0.51033","0.542661","1.18764","1.7348e-15","3.03577","3.03841","2.91469","7.24366","0","0","0","0","0","0","0","0"
"4.00835","0.500044","0.509285","0.0350438","0.509843","0.542382","1.18499","1.73783e-15","3.03532","3.03762","2.91717","7.2709","0","0","0","0","0","0","0","0"
"4.01173","0.500044","0.509285","0.0350458","0.509197","0.542207","1.18581","1.73981e-15","3.03393","3.03103","2.92398","7.29023","0","0","0","0","0","0","0","0"
"4.01512","0.500044","0.509285","0.0350474","0.509148","0.542076","1.18332","1.73851e-15","3.0323","3.0273","2.92604","7.27743","0","0","0","0","0","0","0","0"
"4.01958","0.500044","0.509285","0.0350496","0.509222","0.541857","1.18104","1.73753e-15","3.03102","3.0215","2.92443","7.26769","0","0","0","0","0","0","0","0"
"4.02293","0.500044","0.509486","0.0350503","0.508838","0.541284","1.18965","1.73817e-15","3.03321","3.0218","2.9178","7.27836","0","0","0","0","0","0","0","0"
"4.02632","0.500044","0.509486","0.0350512","0.508911","0.541201","1.18804","1.73662e-15","3.03643","3.0181","2.9221","7.26174","0","0","0","0","0","0","0","0"
"4.0297","0.500044","0.509486","0.035052","0.509072","0.541523","1.1873","1.73694e-15","3.03947","3.01576","2.91975","7.2839","0","0","0","0","0","0","0","0"
"4.03308","0.500044","0.509486","0.0350529","0.509452","0.542208","1.18978","1.73874e-15","3.03232","3.01534","2.93974","7.29461","0","0","0","0","0","0","0","0"
"4.03657","0.500044","0.509486","0.0350543","0.509572","0.542253","1.19488","1.73698e-15","3.02425","3.01298","2.92822","7.2751","0","0","0","0","0","0","0","0"
"4.03985","0.500044","0.509604","0.0350573","0.509541","0.542434","1.19427","1.73784e-15","3.02909","3.01155","2.92645","7.29085","0","0","0","0","0","0","0","0"
"4.04323","0.500044","0.509604","0.0350599","0.510204","0.542809","1.20483","1.73897e-15","3.02959","3.01447","2.96524","7.30619","0","0","0","0","0","0","0","0"
"4.04662","0.500044","0.509604","0.035063","0.510592","0.543135","1.20564","1.73719e-15","3.03415","3.01867","2.9762","7.29792","0","0","0","0","0","0","0","0"
"4.05002","0.500044","0.509604","0.0350656","0.510455","0.543499","1.20658","1.73803e-15","3.03101","3.01771","2.96446","7.32499","0","0","0","0","0","0","0","0"
"4.0535","0.500044","0.509604","0.0350684","0.509819","0.543107","1.20615","1.73922e-15","3.038","3.01878","2.95767","7.31868","0","0","0","0","0","0","0","0"
"4.05678","0.500044","0.509599","0.0350704","0.509548","0.543237","1.20577","1.7381e-15","3.03371","3.01232","2.9548","7.29551","0","0","0","0","0","0","0","0"
"4.06017","0.500044","0.509599","0.0350728","0.509354","0.543044","1.20216","1.73938e-15","3.03823","3.01061","2.96278","7.3056","0","0","0","0","0","0","0","0"
"4.06357","0.500044","0.509599","0.0350749","0.508908","0.542802","1.2022","1.74041e-15","3.0404","3.01045","2.95794","7.30107","0","0","0","0","0","0","0","0"
"4.06798","0.500044","0.509599","0.0350779","0.508691","0.542938","1.20127","1.73969e-15","3.0406","3.01397","2.95584","7.28504","0","0","0","0","0","0","0","0"
"4.07147","0.500044","0.509599","0.0350789","0.508547","0.542951","1.20388","1.74146e-15","3.04173","3.01125","2.94323","7.29284","0","0","0","0","0","0","0","0"
"4.07475","0.500044","0.509825","0.0350798","0.508437","0.543293","1.20276","1.74164e-15","3.03746","3.00985","2.9525","7.27639","0","0","0","0","0","0","0","0"
"4.07815","0.500044","0.509825","0.0350806","0.508822","0.54367","1.19866","1.73983e-15","3.04658","3.0197","2.96497","7.27045","0","0","0","0","0","0","0","0"
"4.08152","0.500044","0.509825","0.0350815","0.50882","0.54377","1.19612","1.74179e-15","3.04285","3.01238","2.96711","7.29642","0","0","0","0","0","0","0","0"
"4.08492","0.500044","0.509825","0.0350822","0.50858","0.543459","1.19189","1.74131e-15","3.04487","3.01493","2.98018","7.28363","0","0","0","0","0","0","0","0"
"4.0884","0.500044","0.509825","0.0350846","0.509003","0.543863","1.19082","1.74076e-15","3.04417","3.01979","2.97305","7.27887","0","0","0","0","0","0","0","0"
"4.09168","0.500044","0.509823","0.0350868","0.509187","0.544347","1.19052","1.74213e-15","3.04588","3.02168","2.96872","7.30296","0","0","0","0","0","0","0","0"
"4.09507","0.500044","0.509823","0.0350893","0.510019","0.545394","1.18665","1.7406e-15","3.04418","3.02092","2.97628","7.28685","0","0","0","0","0","0","0","0"
"4.09845","0.500044","0.509823","0.0350915","0.51039","0.545729","1.18779","1.74034e-15","3.04517","3.021","2.96322","7.28849","0","0","0","0","0","0","0","0"
"4.10293","0.500044","0.509823","0.0350942","0.510581","0.546428","1.18657","1.74185e-15","3.03937","3.0156","2.96965","7.30418","0","0","0","0","0","0","0","0"
"4.10642","0.500044","0.509855","0.0350946","0.510574","0.546269","1.18393","1.74044e-15","3.03529","3.01606","2.97418","7.29381","0","0","0","0","0","0","0","0"
"4.10965","0.500044","0.509855","0.035095","0.51063","0.546297","1.18313","1.74183e-15","3.03917","3.01655","2.96447","7.30733","0","0","0","0","0","0","0","0"
"4.11303","0.500044","0.509855","0.0350953","0.510808","0.546263","1.18668","1.74329e-15","3.03557","3.01632","2.95889","7.32345","0","0","0","0","0","0","0","0"
"4.11642","0.500044","0.509855","0.0350957","0.510955","0.546422","1.19054","1.74162e-15","3.03663","3.01711","2.95902","7.29939","0","0","0","0","0","0","0","0"
"4.11992","0.500044","0.509855","0.035096","0.511061","0.546578","1.18635","1.74024e-15","3.03217","3.01359","2.97254","7.29884","0","0","0","0","0","0","0","0"
"4.1232","0.500044","0.510206","0.035096","0.510675","0.545991","1.18473","1.74118e-15","3.03272","3.01579","2.97474","7.30813","0","0","0","0","0","0","0","0"
"4.12658","0.500044","0.510206","0.0350961","0.510829","0.546181","1.1854","1.74096e-15","3.02766","3.01373","2.96353","7.29851","0","0","0","0","0","0","0","0"
"4.12997","0.500044","0.510206","0.0350962","0.511006","0.54646","1.18677","1.73961e-15","3.02399","3.00866","2.96089","7.29732","0","0","0","0","0","0","0","0"
"4.13335","0.500044","0.510206","0.0350963","0.511017","0.546312","1.18467","1.74085e-15","3.02707","3.00604","2.96112","7.31691","0","0","0","0","0","0","0","0"
"4.13685","0.500044","0.510206","0.035095","0.51096","0.546579","1.18169","1.73923e-15","3.02443","3.00088","2.96814","7.3036","0","0","0","0","0","0","0","0"
"4.14012","0.500044","0.510547","0.0350923","0.51023","0.546024","1.17994","1.73888e-15","3.02737","2.99921","2.97133","7.29773","0","0","0","0","0","0","0","0"
"4.1435","0.500044","0.510547","0.0350891","0.510021","0.545933","1.17918","1.74055e-15","3.03198","3.00907","2.9673","7.30877","0","0","0","0","0","0","0","0"
"4.14692","0.500044","0.510547","0.0350864","0.510158","0.545777","1.1889","1.74038e-15","3.02615","3.0062","2.98921","7.3128","0","0","0","0","0","0","0","0"
"4.15132","0.500044","0.510547","0.0350823","0.510139","0.545725","1.19543","1.74012e-15","3.02252","3.00396","2.97456","7.31773","0","0","0","0","0","0","0","0"
"4.15482","0.500044","0.510547","0.0350794","0.510255","0.545686","1.19728","1.74017e-15","3.01904","3.00667","2.97746","7.32823","0","0","0","0","0","0","0","0"
"4.1581","0.500044","0.510644","0.035076","0.510248","0.545957","1.19621","1.74023e-15","3.01627","3.00553","2.97417","7.30616","0","0","0","0","0","0","0","0"
"4.16153","0.500044","0.510644","0.0350731","0.51025","0.546155","1.19324","1.73942e-15","3.01939","3.00399","2.97817","7.28996","0","0","0","0","0","0","0","0"
"4.16492","0.500044","0.510644","0.0350697","0.510798","0.54584","1.19551","1.74139e-15","3.0162","3.00438","2.98511","7.32017","0","0","0","0","0","0","0","0"
"4.16825","0.500044","0.510644","0.0350668","0.51151","0.546264","1.2004","1.74049e-15","3.02328","3.00765","2.96222","7.29961","0","0","0","0","0","0","0","0"
"4.17175","0.500044","0.510644","0.0350626","0.511759","0.546441","1.19629","1.73943e-15","3.02105","3.0051","2.97199","7.30446","0","0","0","0","0","0","0","0"
"4.17502","0.500044","0.5106","0.0350589","0.511784","0.546329","1.1941","1.74119e-15","3.02145","3.00395","2.9716","7.33133","0","0","0","0","0","0","0","0"
"4.17842","0.500044","0.5106","0.0350545","0.51222","0.546321","1.1928","1.73942e-15","3.02612","3.00477","2.96764","7.31411","0","0","0","0","0","0","0","0"
"4.1818","0.500044","0.5106","0.0350507","0.511888","0.545925","1.19521","1.73945e-15","3.03193","3.00895","2.95623","7.30823","0","0","0","0","0","0","0","0"
"4.18627","0.500044","0.5106","0.0350464","0.510885","0.544667","1.19319","1.7405e-15","3.03008","3.00807","2.95295","7.30967","0","0","0","0","0","0","0","0"
"4.1895","0.500044","0.510671","0.0350465","0.510245","0.544129","1.18949","1.73826e-15","3.03501","3.0096","2.96294","7.29838","0","0","0","0","0","0","0","0"
"4.1929","0.500044","0.510671","0.0350465","0.510432","0.544147","1.18886","1.73925e-15","3.03574","3.01396","2.96254","7.30836","0","0","0","0","0","0","0","0"
"4.19627","0.500044","0.510671","0.0350466","0.510557","0.544399","1.19056","1.73975e-15","3.03292","3.01048","2.95117","7.30545","0","0","0","0","0","0","0","0"
"4.19967","0.500044","0.510671","0.0350467","0.510809","0.544487","1.19215","1.7383e-15","3.03945","3.01372","2.94294","7.29528","0","0","0","0","0","0","0","0"
"4.20315","0.500044","0.510671","0.0350484","0.511768","0.544975","1.19327","1.73842e-15","3.04722","3.0117","2.9538","7.2934","0","0","0","0","0","0","0","0"
"4.20645","0.500044","0.510818","0.0350542","0.512657","0.545664","1.20738","1.73755e-15","3.04578","3.01355","3.01493","7.27279","0","0","0","0","0","0","0","0"
"4.2098","0.500044","0.510818","0.0350592","0.512745","0.545377","1.20854","1.73632e-15","3.04524","3.0106","3.00359","7.25326","0","0","0","0","0","0","0","0"
"4.21322","0.500044","0.510818","0.0350651","0.514098","0.546212","1.22955","1.73804e-15","3.05191","3.03139","3.19707","7.27044","0","0","0","0","0","0","0","0"
"4.21672","0.500044","0.510818","0.0350701","0.513952","0.546323","1.22885","1.73792e-15","3.0518","3.02659","3.19045","7.25479","0","0","0","0","0","0","0","0"
"4.22008","0.500044","0.510818","0.0350768","0.514097","0.546827","1.22767","1.73508e-15","3.05","3.02238","3.18662","7.23264","0","0","0","0","0","0","0","0"
"4.22332","0.500044","0.510659","0.0350836","0.5134","0.546118","1.22412","1.73616e-15","3.04963","3.02412","3.19374","7.25874","0","0","0","0","0","0","0","0"
"4.22665","0.500044","0.510659","0.0350904","0.514051","0.546704","1.22291","1.73667e-15","3.04919","3.024","3.19177","7.24606","0","0","0","0","0","0","0","0"
"4.23017","0.500044","0.510659","0.0350984","0.513328","0.545825","1.21802","1.7366e-15","3.05463","3.03036","3.20561","7.23951","0","0","0","0","0","0","0","0"
"4.23485","0.500044","0.510659","0.0351086","0.513882","0.546553","1.2137","1.73871e-15","3.05611","3.04343","3.21284","7.272","0","0","0","0","0","0","0","0"
"4.23833","0.500044","0.510659","0.035119","0.513935","0.546274","1.21038","1.73725e-15","3.06207","3.0421","3.21924","7.25551","0","0","0","0","0","0","0","0"
"4.24163","0.500044","0.510934","0.0351284","0.514008","0.546276","1.21895","1.73839e-15","3.05658","3.0415","3.20007","7.27354","0","0","0","0","0","0","0","0"
"4.24508","0.500044","0.510934","0.0351393","0.51415","0.546306","1.21978","1.73962e-15","3.06476","3.04563","3.18853","7.28722","0","0","0","0","0","0","0","0"
"4.2484","0.500044","0.510934","0.0351487","0.513418","0.54597","1.22057","1.73803e-15","3.06298","3.04402","3.17768","7.28567","0","0","0","0","0","0","0","0"
"4.2529","0.500044","0.510934","0.0351646","0.512684","0.545059","1.21901","1.74004e-15","3.06283","3.04446","3.17012","7.3085","0","0","0","0","0","0","0","0"
"4.25622","0.500044","0.511131","0.0351796","0.512038","0.54421","1.21646","1.73944e-15","3.06725","3.04551","3.17561","7.30811","0","0","0","0","0","0","0","0"
"4.2596","0.500044","0.511131","0.0351971","0.512215","0.544495","1.21526","1.73821e-15","3.06509","3.03721","3.17179","7.29703","0","0","0","0","0","0","0","0"
"4.26298","0.500044","0.511131","0.0352121","0.512735","0.545567","1.21553","1.74119e-15","3.06851","3.0468","3.16391","7.3343","0","0","0","0","0","0","0","0"
"4.26637","0.500044","0.511131","0.0352296","0.512126","0.545017","1.21399","1.74142e-15","3.07185","3.04647","3.16375","7.34755","0","0","0","0","0","0","0","0"
"4.26985","0.500044","0.511131","0.0352443","0.511686","0.544327","1.21256","1.73951e-15","3.07203","3.05006","3.15768","7.33404","0","0","0","0","0","0","0","0"
"4.27313","0.500044","0.511132","0.0352603","0.51176","0.544367","1.21435","1.74121e-15","3.07522","3.04747","3.15305","7.35333","0","0","0","0","0","0","0","0"
"4.27652","0.500044","0.511132","0.0352741","0.511879","0.544782","1.21308","1.74074e-15","3.076","3.05048","3.154","7.35193","0","0","0","0","0","0","0","0"
"4.27992","0.500044","0.511132","0.0352902","0.511811","0.544364","1.21476","1.73963e-15","3.07421","3.04808","3.13781","7.3506","0","0","0","0","0","0","0","0"
"4.2833","0.500044","0.511132","0.035304","0.51148","0.543863","1.21772","1.74198e-15","3.07282","3.04513","3.1135","7.3722","0","0","0","0","0","0","0","0"
"4.28678","0.500044","0.511132","0.0353166","0.511798","0.54392","1.21502","1.74112e-15","3.07163","3.04116","3.1142","7.36241","0","0","0","0","0","0","0","0"
"4.29007","0.500044","0.510953","0.0353233","0.511224","0.543236","1.21465","1.74103e-15","3.07622","3.04057","3.10243","7.35641","0","0","0","0","0","0","0","0"
"4.29345","0.500044","0.510953","0.0353311","0.511421","0.543096","1.21341","1.74307e-15","3.07429","3.03689","3.09529","7.38797","0","0","0","0","0","0","0","0"
"4.2968","0.500044","0.510953","0.0353378","0.51078","0.542914","1.21417","1.7424e-15","3.07616","3.03838","3.08961","7.37328","0","0","0","0","0","0","0","0"
"4.30015","0.500044","0.510953","0.0353445","0.511011","0.543318","1.21258","1.74199e-15","3.0736","3.04127","3.08959","7.3927","0","0","0","0","0","0","0","0"
"4.3037","0.500044","0.510953","0.0353504","0.511453","0.543457","1.21108","1.74249e-15","3.07245","3.03661","3.0876","7.39304","0","0","0","0","0","0","0","0"
"4.30698","0.500044","0.510863","0.0353539","0.511513","0.54312","1.21027","1.74157e-15","3.06779","3.0337","3.08448","7.37621","0","0","0","0","0","0","0","0"
"4.31037","0.500044","0.510863","0.0353568","0.511798","0.543673","1.21123","1.74299e-15","3.06744","3.03224","3.07145","7.39115","0","0","0","0","0","0","0","0"
"4.31377","0.500044","0.510863","0.0353603","0.511873","0.544006","1.20763","1.7433e-15","3.07377","3.03198","3.07918","7.38942","0","0","0","0","0","0","0","0"
"4.31813","0.500044","0.510863","0.0353642","0.511321","0.543359","1.20286","1.7425e-15","3.07854","3.03051","3.08967","7.38212","0","0","0","0","0","0","0","0"
"4.32187","0.500044","0.510863","0.0353634","0.510965","0.543454","1.20331","1.74263e-15","3.08298","3.02917","3.08693","7.37764","0","0","0","0","0","0","0","0"
"4.32508","0.500044","0.510729","0.0353622","0.510428","0.542921","1.20231","1.74246e-15","3.08295","3.03077","3.08509","7.36345","0","0","0","0","0","0","0","0"
"4.32847","0.500044","0.510729","0.0353608","0.510234","0.542547","1.20457","1.7411e-15","3.07967","3.02649","3.07886","7.36932","0","0","0","0","0","0","0","0"
"4.33185","0.500044","0.510729","0.0353596","0.510157","0.542673","1.20219","1.74269e-15","3.07638","3.02438","3.08461","7.39296","0","0","0","0","0","0","0","0"
"4.33625","0.500044","0.510729","0.0353576","0.510486","0.543415","1.20363","1.7424e-15","3.07867","3.02991","3.07376","7.37349","0","0","0","0","0","0","0","0"
"4.3394","0.500044","0.5108","0.0353558","0.509931","0.542948","1.20022","1.74167e-15","3.0805","3.02578","3.08126","7.39214","0","0","0","0","0","0","0","0"
"4.34278","0.500044","0.5108","0.035354","0.509864","0.543301","1.20401","1.74325e-15","3.07845","3.0233","3.07017","7.40378","0","0","0","0","0","0","0","0"
"4.34617","0.500044","0.5108","0.035352","0.5101","0.5436","1.20157","1.74421e-15","3.07147","3.01907","3.06794","7.40025","0","0","0","0","0","0","0","0"
"4.34957","0.500044","0.5108","0.0353502","0.509515","0.542836","1.19986","1.74241e-15","3.07328","3.02441","3.06558","7.3978","0","0","0","0","0","0","0","0"
"4.35303","0.500044","0.5108","0.0353471","0.509572","0.542317","1.20557","1.74241e-15","3.07342","3.02591","3.06019","7.40188","0","0","0","0","0","0","0","0"
"4.35633","0.500044","0.51073","0.0353423","0.508981","0.542101","1.20833","1.74221e-15","3.07365","3.02859","3.05498","7.39762","0","0","0","0","0","0","0","0"
"4.35972","0.500044","0.51073","0.0353367","0.510331","0.543152","1.20929","1.74093e-15","3.07187","3.03037","3.04236","7.3664","0","0","0","0","0","0","0","0"
"4.3631","0.500044","0.51073","0.0353319","0.510357","0.543445","1.20777","1.74237e-15","3.06738","3.0335","3.0443","7.39195","0","0","0","0","0","0","0","0"
"4.36648","0.500044","0.51073","0.0353262","0.510018","0.543222","1.21268","1.7436e-15","3.06792","3.03185","3.05743","7.40354","0","0","0","0","0","0","0","0"
"4.36992","0.500044","0.51073","0.0353214","0.5107","0.543782","1.21146","1.74145e-15","3.07425","3.03406","3.0551","7.39161","0","0","0","0","0","0","0","0"
"4.37338","0.500044","0.510676","0.0353157","0.510708","0.544038","1.20891","1.74275e-15","3.07643","3.0318","3.053","7.41225","0","0","0","0","0","0","0","0"
"4.37678","0.500044","0.510676","0.03531","0.511569","0.544733","1.2098","1.74316e-15","3.08452","3.03346","3.0423","7.40517","0","0","0","0","0","0","0","0"
"4.38017","0.500044","0.510676","0.0353051","0.511596","0.544997","1.21148","1.7422e-15","3.08162","3.04046","3.0284","7.38138","0","0","0","0","0","0","0","0"
"4.38355","0.500044","0.510676","0.0352994","0.511624","0.54458","1.21002","1.7438e-15","3.07997","3.04192","3.02162","7.3761","0","0","0","0","0","0","0","0"
"4.387","0.500044","0.510676","0.0352959","0.511726","0.544722","1.20688","1.74315e-15","3.0746","3.03671","3.02683","7.36682","0","0","0","0","0","0","0","0"
"4.39033","0.500044","0.510726","0.0352935","0.512041","0.544774","1.20273","1.74171e-15","3.07407","3.02952","3.0357","7.37257","0","0","0","0","0","0","0","0"
"4.39367","0.500044","0.510726","0.0352914","0.512048","0.544542","1.20647","1.74343e-15","3.06999","3.03086","3.03659","7.38966","0","0","0","0","0","0","0","0"
"4.39703","0.500044","0.510726","0.0352893","0.512192","0.544576","1.20391","1.74407e-15","3.06996","3.03625","3.03903","7.40198","0","0","0","0","0","0","0","0"
"4.40135","0.500044","0.510726","0.0352862","0.512219","0.544847","1.21491","1.74228e-15","3.07042","3.0369","3.0514","7.39415","0","0","0","0","0","0","0","0"
"4.40643","0.500044","0.510726","0.035288","0.512871","0.545797","1.21558","1.74293e-15","3.06356","3.02794","3.04303","7.39822","0","0","0","0","0","0","0","0"
"4.40835","0.500044","0.511073","0.0352901","0.51335","0.546504","1.21968","1.74265e-15","3.07183","3.0304","3.06306","7.38056","0","0","0","0","0","0","0","0"
"4.41167","0.500044","0.511073","0.0352925","0.513106","0.546471","1.22526","1.74061e-15","3.07511","3.02886","3.07167","7.36957","0","0","0","0","0","0","0","0"
"4.41502","0.500044","0.511073","0.0352946","0.512819","0.546191","1.22242","1.74179e-15","3.07553","3.02535","3.08074","7.37532","0","0","0","0","0","0","0","0"
"4.41958","0.500044","0.511073","0.0352984","0.512268","0.545355","1.22423","1.74215e-15","3.07711","3.02444","3.07562","7.35234","0","0","0","0","0","0","0","0"
"4.42283","0.500044","0.511297","0.0353024","0.512773","0.546203","1.22591","1.74108e-15","3.08574","3.02479","3.07458","7.35518","0","0","0","0","0","0","0","0"
"4.42625","0.500044","0.511297","0.0353071","0.512312","0.545845","1.22171","1.74258e-15","3.0805","3.02103","3.08524","7.38802","0","0","0","0","0","0","0","0"
"4.4296","0.500044","0.511297","0.0353111","0.512193","0.545637","1.22017","1.74062e-15","3.08204","3.02392","3.08294","7.36758","0","0","0","0","0","0","0","0"
"4.433","0.500044","0.511297","0.0353158","0.513559","0.547006","1.24473","1.74015e-15","3.08637","3.02603","3.26242","7.36501","0","0","0","0","0","0","0","0"
"4.43647","0.500044","0.511297","0.0353185","0.513437","0.547202","1.24203","1.74096e-15","3.08073","3.02069","3.26405","7.35229","0","0","0","0","0","0","0","0"
"4.43978","0.500044","0.511525","0.0353186","0.513708","0.547203","1.23927","1.73947e-15","3.07456","3.01869","3.26414","7.33459","0","0","0","0","0","0","0","0"
"4.44313","0.500044","0.511525","0.0353186","0.51328","0.547086","1.23882","1.73893e-15","3.07488","3.0192","3.26165","7.35159","0","0","0","0","0","0","0","0"
"4.44655","0.500044","0.511525","0.0353187","0.513256","0.546827","1.23552","1.74009e-15","3.07074","3.01654","3.2705","7.35828","0","0","0","0","0","0","0","0"
"4.44992","0.500044","0.511525","0.0353188","0.51331","0.546704","1.23969","1.73865e-15","3.07072","3.01895","3.25436","7.33122","0","0","0","0","0","0","0","0"
"4.45342","0.500044","0.511525","0.0353193","0.513691","0.547051","1.24769","1.73733e-15","3.06132","3.00818","3.2532","7.32019","0","0","0","0","0","0","0","0"
"4.45668","0.500044","0.511601","0.0353201","0.514504","0.547904","1.25634","1.73814e-15","3.06221","3.00563","3.26775","7.31767","0","0","0","0","0","0","0","0"
"4.46008","0.500044","0.511601","0.0353211","0.514207","0.547439","1.25105","1.73661e-15","3.06246","3.00835","3.28441","7.30152","0","0","0","0","0","0","0","0"
"4.46345","0.500044","0.511601","0.035322","0.513899","0.54673","1.24978","1.73749e-15","3.06946","3.0137","3.27684","7.31197","0","0","0","0","0","0","0","0"
"4.467","0.500044","0.511601","0.035323","0.512846","0.545508","1.2436","1.73766e-15","3.07286","3.01815","3.30061","7.29287","0","0","0","0","0","0","0","0"
"4.47033","0.500044","0.511601","0.0353259","0.512285","0.54502","1.24254","1.73546e-15","3.07056","3.01812","3.29302","7.27066","0","0","0","0","0","0","0","0"
"4.47368","0.500044","0.511781","0.0353318","0.511841","0.544702","1.24514","1.73754e-15","3.06669","3.01545","3.26759","7.28683","0","0","0","0","0","0","0","0"
"4.47707","0.500044","0.511781","0.0353369","0.512116","0.544896","1.24444","1.73605e-15","3.07108","3.01593","3.26148","7.27163","0","0","0","0","0","0","0","0"
"4.4804","0.500044","0.511781","0.0353428","0.511843","0.545063","1.23941","1.73646e-15","3.06935","3.01616","3.27941","7.29619","0","0","0","0","0","0","0","0"
"4.48482","0.500044","0.511781","0.0353495","0.511227","0.544489","1.23412","1.73509e-15","3.06784","3.01748","3.29318","7.28315","0","0","0","0","0","0","0","0"
"4.48832","0.500044","0.511781","0.0353591","0.511326","0.544922","1.23162","1.73434e-15","3.06501","3.01238","3.29099","7.28042","0","0","0","0","0","0","0","0"
"4.49158","0.500044","0.511773","0.0353678","0.512329","0.545299","1.23685","1.73413e-15","3.07559","3.01657","3.27668","7.26484","0","0","0","0","0","0","0","0"
"4.49498","0.500044","0.511773","0.035378","0.512679","0.545514","1.25136","1.73414e-15","3.07683","3.01921","3.35124","7.25412","0","0","0","0","0","0","0","0"
"4.49835","0.500044","0.511773","0.0353867","0.512077","0.545098","1.25516","1.73576e-15","3.07534","3.01869","3.32666","7.25394","0","0","0","0","0","0","0","0"
"4.50292","0.500044","0.511773","0.035401","0.512208","0.545112","1.25368","1.73339e-15","3.07647","3.02125","3.31947","7.22272","0","0","0","0","0","0","0","0"
"4.50617","0.500044","0.51147","0.0354133","0.511896","0.545129","1.25141","1.73438e-15","3.07642","3.02388","3.31728","7.22469","0","0","0","0","0","0","0","0"
"4.50958","0.500044","0.51147","0.0354276","0.511398","0.544187","1.24702","1.73364e-15","3.07854","3.02775","3.3275","7.2141","0","0","0","0","0","0","0","0"
"4.51295","0.500044","0.51147","0.0354399","0.511968","0.544884","1.24622","1.73378e-15","3.07754","3.02487","3.32005","7.22215","0","0","0","0","0","0","0","0"
"4.5164","0.500044","0.51147","0.0354542","0.512441","0.545813","1.25017","1.73364e-15","3.07518","3.03201","3.3085","7.21143","0","0","0","0","0","0","0","0"
"4.51988","0.500044","0.51147","0.0354649","0.512501","0.545507","1.24869","1.73336e-15","3.07133","3.03196","3.30808","7.20641","0","0","0","0","0","0","0","0"
"4.52317","0.500044","0.511474","0.0354737","0.511765","0.545229","1.24586","1.73553e-15","3.07557","3.03822","3.31029","7.21793","0","0","0","0","0","0","0","0"
"4.52655","0.500044","0.511474","0.0354813","0.51165","0.545131","1.24787","1.73393e-15","3.075","3.03949","3.32252","7.20784","0","0","0","0","0","0","0","0"
"4.52993","0.500044","0.511474","0.0354902","0.512046","0.545822","1.24624","1.73455e-15","3.07688","3.05254","3.32035","7.21502","0","0","0","0","0","0","0","0"
"4.53332","0.500044","0.511474","0.0354978","0.51149","0.545389","1.24373","1.73446e-15","3.07479","3.0505","3.32065","7.21882","0","0","0","0","0","0","0","0"
"4.53682","0.500044","0.511474","0.0355062","0.511276","0.5451","1.2414","1.73347e-15","3.07084","3.04629","3.32595","7.20431","0","0","0","0","0","0","0","0"
"4.5401","0.500044","0.51147","0.0355129","0.511512","0.545703","1.23934","1.7353e-15","3.06983","3.04312","3.32548","7.21854","0","0","0","0","0","0","0","0"
"4.54355","0.500044","0.51147","0.0355208","0.511898","0.54573","1.2465","1.73371e-15","3.06956","3.04031","3.30346","7.20025","0","0","0","0","0","0","0","0"
"4.54687","0.500044","0.51147","0.0355275","0.51193","0.545581","1.24368","1.73432e-15","3.06752","3.03789","3.3068","7.22267","0","0","0","0","0","0","0","0"
"4.5503","0.500044","0.51147","0.0355354","0.511596","0.545318","1.24027","1.73503e-15","3.06491","3.03704","3.31019","7.2119","0","0","0","0","0","0","0","0"
"4.5538","0.500044","0.51147","0.035541","0.512139","0.545966","1.24698","1.73281e-15","3.05511","3.03164","3.31885","7.19082","0","0","0","0","0","0","0","0"
"4.55707","0.500044","0.511514","0.035546","0.512298","0.545672","1.24701","1.73456e-15","3.05066","3.03253","3.30352","7.18834","0","0","0","0","0","0","0","0"
"4.56045","0.500044","0.511514","0.0355504","0.512752","0.546033","1.25081","1.73348e-15","3.0558","3.03239","3.29062","7.16665","0","0","0","0","0","0","0","0"
"4.56385","0.500044","0.511514","0.0355555","0.513014","0.546347","1.24895","1.73542e-15","3.0591","3.02782","3.28853","7.18125","0","0","0","0","0","0","0","0"
"4.5684","0.500044","0.511514","0.0355613","0.513271","0.546687","1.25474","1.73568e-15","3.0704","3.0225","3.25821","7.17663","0","0","0","0","0","0","0","0"
"4.57182","0.500044","0.511514","0.0355633","0.513728","0.546932","1.25132","1.73446e-15","3.06797","3.01628","3.26255","7.19718","0","0","0","0","0","0","0","0"
"4.57503","0.500044","0.511573","0.0355645","0.513317","0.546526","1.25096","1.73655e-15","3.06913","3.0169","3.25917","7.20463","0","0","0","0","0","0","0","0"
"4.57843","0.500044","0.511573","0.0355659","0.512837","0.545973","1.25478","1.73451e-15","3.06583","3.02286","3.24197","7.20009","0","0","0","0","0","0","0","0"
"4.5818","0.500044","0.511573","0.0355671","0.513534","0.546698","1.25162","1.73669e-15","3.07079","3.02804","3.24512","7.22225","0","0","0","0","0","0","0","0"
"4.58625","0.500044","0.511573","0.0355681","0.514154","0.547468","1.24764","1.73516e-15","3.07029","3.02453","3.24755","7.19109","0","0","0","0","0","0","0","0"
"4.58962","0.500044","0.511801","0.035567","0.514257","0.547185","1.24387","1.73654e-15","3.0717","3.02614","3.25602","7.21448","0","0","0","0","0","0","0","0"
"4.593","0.500044","0.511801","0.0355657","0.513335","0.546316","1.23902","1.73551e-15","3.07461","3.03049","3.27026","7.20884","0","0","0","0","0","0","0","0"
"4.59638","0.500044","0.511801","0.0355646","0.513425","0.546355","1.23612","1.73572e-15","3.07497","3.03556","3.27365","7.21639","0","0","0","0","0","0","0","0"
"4.59977","0.500044","0.511801","0.0355633","0.513429","0.546121","1.23317","1.73671e-15","3.0734","3.03111","3.27657","7.23081","0","0","0","0","0","0","0","0"
"4.60327","0.500044","0.511801","0.0355634","0.513679","0.546953","1.23131","1.73585e-15","3.08472","3.0504","3.27465","7.21164","0","0","0","0","0","0","0","0"
"4.60655","0.500044","0.512008","0.0355661","0.513446","0.546331","1.22897","1.73774e-15","3.08514","3.0523","3.27028","7.24281","0","0","0","0","0","0","0","0"
"4.60993","0.500044","0.512008","0.0355684","0.513114","0.5461","1.22491","1.73645e-15","3.08545","3.05701","3.28253","7.23106","0","0","0","0","0","0","0","0"
"4.61332","0.500044","0.512008","0.0355711","0.513338","0.54618","1.22257","1.73822e-15","3.08779","3.064","3.27972","7.27077","0","0","0","0","0","0","0","0"
"4.6167","0.500044","0.512008","0.0355734","0.513391","0.546451","1.22033","1.7369e-15","3.08636","3.0657","3.2794","7.25752","0","0","0","0","0","0","0","0"
"4.6202","0.500044","0.512008","0.0355743","0.514313","0.546739","1.22053","1.736e-15","3.0894","3.06546","3.26954","7.26916","0","0","0","0","0","0","0","0"
"4.62347","0.500044","0.512102","0.035573","0.514108","0.54646","1.22182","1.73604e-15","3.08898","3.06458","3.25392","7.24968","0","0","0","0","0","0","0","0"
"4.62685","0.500044","0.512102","0.0355715","0.513367","0.546106","1.21854","1.73669e-15","3.08874","3.06336","3.25561","7.26144","0","0","0","0","0","0","0","0"
"4.63025","0.500044","0.512102","0.0355702","0.513163","0.546162","1.22032","1.73588e-15","3.0906","3.05934","3.2332","7.25235","0","0","0","0","0","0","0","0"
"4.63365","0.500044","0.512102","0.0355686","0.513235","0.546218","1.22113","1.73701e-15","3.09308","3.05959","3.215","7.2771","0","0","0","0","0","0","0","0"
"4.63712","0.500044","0.512102","0.0355641","0.513876","0.547014","1.22322","1.73693e-15","3.09298","3.05974","3.20428","7.27266","0","0","0","0","0","0","0","0"
"4.6404","0.500044","0.512136","0.0355548","0.513817","0.546893","1.21861","1.736e-15","3.08835","3.0586","3.21649","7.26354","0","0","0","0","0","0","0","0"
"4.64403","0.500044","0.512136","0.035547","0.514715","0.548044","1.223","1.73814e-15","3.09443","3.07294","3.19892","7.28092","0","0","0","0","0","0","0","0"
"4.6472","0.500044","0.512136","0.0355378","0.514199","0.547465","1.21991","1.73737e-15","3.09455","3.07696","3.20477","7.27109","0","0","0","0","0","0","0","0"
"4.6516","0.500044","0.512136","0.0355273","0.514558","0.547571","1.21993","1.73908e-15","3.09615","3.07709","3.20935","7.28775","0","0","0","0","0","0","0","0"
"4.65508","0.500044","0.512136","0.0355129","0.515097","0.547924","1.22229","1.7374e-15","3.09452","3.0711","3.19966","7.28814","0","0","0","0","0","0","0","0"
"4.65837","0.500044","0.51222","0.0354998","0.515374","0.547846","1.22107","1.73924e-15","3.08962","3.06787","3.19385","7.30137","0","0","0","0","0","0","0","0"
"4.6619","0.500044","0.51222","0.0354846","0.515089","0.547753","1.21941","1.73822e-15","3.08653","3.06723","3.19378","7.28333","0","0","0","0","0","0","0","0"
"4.66513","0.500044","0.51222","0.0354715","0.51632","0.548549","1.22043","1.73935e-15","3.09461","3.06301","3.18969","7.29905","0","0","0","0","0","0","0","0"
"4.66958","0.500044","0.51222","0.0354527","0.515598","0.54791","1.23001","1.73827e-15","3.09604","3.06705","3.16092","7.28347","0","0","0","0","0","0","0","0"
"4.67295","0.500044","0.512441","0.0354419","0.515137","0.54751","1.22879","1.73963e-15","3.0955","3.07213","3.15855","7.29194","0","0","0","0","0","0","0","0"
"4.67635","0.500044","0.512441","0.0354293","0.515369","0.548214","1.23611","1.7407e-15","3.08773","3.07025","3.1365","7.29029","0","0","0","0","0","0","0","0"
"4.67972","0.500044","0.512441","0.0354185","0.514958","0.548144","1.23718","1.73969e-15","3.09339","3.07314","3.11694","7.28388","0","0","0","0","0","0","0","0"
"4.6831","0.500044","0.512441","0.0354059","0.516176","0.548616","1.24205","1.74203e-15","3.08692","3.06653","3.095","7.30299","0","0","0","0","0","0","0","0"
"4.6866","0.500044","0.512441","0.0353956","0.516141","0.548579","1.24279","1.73993e-15","3.08391","3.06504","3.08901","7.28338","0","0","0","0","0","0","0","0"
"4.68988","0.500044","0.512726","0.0353847","0.515929","0.54867","1.24136","1.74095e-15","3.0823","3.06267","3.08251","7.29725","0","0","0","0","0","0","0","0"
"4.69327","0.500044","0.512726","0.0353753","0.515959","0.54854","1.24081","1.73982e-15","3.08048","3.06219","3.07763","7.29267","0","0","0","0","0","0","0","0"
"4.69665","0.500044","0.512726","0.0353644","0.515704","0.547985","1.23953","1.74109e-15","3.07762","3.05891","3.0738","7.31125","0","0","0","0","0","0","0","0"
"4.70003","0.500044","0.512726","0.0353551","0.515518","0.547557","1.24323","1.74096e-15","3.07713","3.06027","3.05874","7.30616","0","0","0","0","0","0","0","0"
"4.70358","0.500044","0.512726","0.0353458","0.515399","0.54754","1.24404","1.73923e-15","3.07947","3.06398","3.04482","7.30486","0","0","0","0","0","0","0","0"
"4.70685","0.500044","0.512874","0.0353398","0.516755","0.548681","1.247","1.74083e-15","3.08057","3.05493","3.03269","7.2971","0","0","0","0","0","0","0","0"
"4.71023","0.500044","0.512874","0.0353328","0.517006","0.548752","1.24359","1.74049e-15","3.07991","3.05292","3.03685","7.28257","0","0","0","0","0","0","0","0"
"4.71365","0.500044","0.512874","0.0353267","0.51651","0.548546","1.24468","1.74216e-15","3.08012","3.06193","3.02163","7.29211","0","0","0","0","0","0","0","0"
"4.71702","0.500044","0.512874","0.0353197","0.516717","0.548653","1.24638","1.74081e-15","3.07744","3.06481","3.00487","7.27477","0","0","0","0","0","0","0","0"
"4.72052","0.500044","0.512874","0.0353214","0.516088","0.54789","1.2443","1.74123e-15","3.08454","3.06704","3.0038","7.27572","0","0","0","0","0","0","0","0"
"4.72378","0.500044","0.51297","0.0353322","0.515879","0.547826","1.23901","1.74002e-15","3.08188","3.06913","3.01988","7.24941","0","0","0","0","0","0","0","0"
"4.72718","0.500044","0.51297","0.0353416","0.515581","0.547747","1.24152","1.74043e-15","3.07887","3.07045","3.0147","7.26608","0","0","0","0","0","0","0","0"
"4.73055","0.500044","0.51297","0.0353524","0.51591","0.548362","1.24105","1.73963e-15","3.07394","3.06692","3.00872","7.24613","0","0","0","0","0","0","0","0"
"4.73493","0.500044","0.51297","0.0353649","0.516555","0.549001","1.25026","1.74025e-15","3.07395","3.06939","2.98779","7.23296","0","0","0","0","0","0","0","0"
"4.73827","0.500044","0.51297","0.0353758","0.516479","0.548769","1.24869","1.73853e-15","3.07183","3.06609","2.98404","7.21263","0","0","0","0","0","0","0","0"
"4.74145","0.500044","0.513092","0.0353888","0.515879","0.548427","1.24472","1.73897e-15","3.07302","3.06787","2.99257","7.22783","0","0","0","0","0","0","0","0"
"4.74485","0.500044","0.513092","0.0354","0.515999","0.548165","1.24411","1.73881e-15","3.07327","3.07096","2.98604","7.21932","0","0","0","0","0","0","0","0"
"4.74823","0.500044","0.513092","0.0354131","0.515861","0.548239","1.24215","1.73865e-15","3.07975","3.08209","2.98607","7.22105","0","0","0","0","0","0","0","0"
"4.75162","0.500044","0.513092","0.0354243","0.515419","0.548264","1.24188","1.74008e-15","3.08031","3.08238","2.97709","7.22657","0","0","0","0","0","0","0","0"
"4.7552","0.500044","0.513092","0.0354365","0.51508","0.547832","1.23751","1.7388e-15","3.07875","3.08097","2.98588","7.22918","0","0","0","0","0","0","0","0"
"4.7584","0.500044","0.513137","0.0354469","0.514807","0.547685","1.23507","1.74053e-15","3.08221","3.08011","2.98912","7.24415","0","0","0","0","0","0","0","0"
"4.76177","0.500044","0.513137","0.0354591","0.51479","0.547079","1.23482","1.74047e-15","3.0823","3.08359","2.98007","7.24891","0","0","0","0","0","0","0","0"
"4.76515","0.500044","0.513137","0.0354695","0.514266","0.546636","1.23388","1.74182e-15","3.07939","3.08075","2.98932","7.25304","0","0","0","0","0","0","0","0"
"4.76957","0.500044","0.513137","0.0354845","0.514772","0.547188","1.23571","1.74035e-15","3.08124","3.0903","2.97528","7.2467","0","0","0","0","0","0","0","0"
"4.77298","0.500044","0.513182","0.0354932","0.514698","0.547382","1.23516","1.74055e-15","3.08082","3.08666","2.96745","7.23968","0","0","0","0","0","0","0","0"
"4.77635","0.500044","0.513182","0.0355034","0.513793","0.54702","1.23075","1.73937e-15","3.08","3.08034","2.97813","7.23729","0","0","0","0","0","0","0","0"
"4.77975","0.500044","0.513182","0.035512","0.513745","0.547081","1.23048","1.74122e-15","3.07782","3.07796","2.97183","7.24456","0","0","0","0","0","0","0","0"
"4.78312","0.500044","0.513182","0.0355222","0.514002","0.547465","1.23195","1.74132e-15","3.07238","3.0829","2.9689","7.22823","0","0","0","0","0","0","0","0"
"4.78662","0.500044","0.513182","0.0355298","0.513986","0.547246","1.22815","1.7425e-15","3.07142","3.08257","2.97888","7.2399","0","0","0","0","0","0","0","0"
"4.7899","0.500044","0.513012","0.0355364","0.513663","0.546745","1.23247","1.7411e-15","3.07295","3.07944","2.95873","7.23143","0","0","0","0","0","0","0","0"
"4.79328","0.500044","0.513012","0.035542","0.513353","0.546556","1.23301","1.74273e-15","3.07233","3.07536","2.95595","7.24501","0","0","0","0","0","0","0","0"
"4.79667","0.500044","0.513012","0.0355485","0.513323","0.54688","1.23255","1.74163e-15","3.07087","3.07424","2.95358","7.21888","0","0","0","0","0","0","0","0"
"4.80005","0.500044","0.513012","0.0355541","0.513017","0.546523","1.2296","1.74353e-15","3.0734","3.07312","2.95983","7.23281","0","0","0","0","0","0","0","0"
"4.80355","0.500044","0.513012","0.0355593","0.513377","0.546492","1.23619","1.74216e-15","3.06611","3.06591","2.94504","7.22112","0","0","0","0","0","0","0","0"
"4.80682","0.500044","0.512958","0.0355621","0.514239","0.547569","1.23545","1.7442e-15","3.06368","3.05959","2.94154","7.25118","0","0","0","0","0","0","0","0"
"4.8102","0.500044","0.512958","0.0355653","0.514885","0.548226","1.23476","1.74392e-15","3.06124","3.08382","2.94606","7.23705","0","0","0","0","0","0","0","0"
"4.8136","0.500044","0.512958","0.0355681","0.514908","0.548446","1.2321","1.74434e-15","3.05985","3.07954","2.94691","7.24977","0","0","0","0","0","0","0","0"
"4.81802","0.500044","0.512958","0.0355723","0.514728","0.5479","1.24226","1.74253e-15","3.06231","3.08029","2.9386","7.24246","0","0","0","0","0","0","0","0"
"4.8215","0.500044","0.512958","0.0355719","0.514489","0.547592","1.24317","1.74237e-15","3.06418","3.08394","2.92808","7.24515","0","0","0","0","0","0","0","0"
"4.82478","0.500044","0.512909","0.0355708","0.514652","0.54765","1.23913","1.74064e-15","3.07024","3.08441","2.93611","7.23711","0","0","0","0","0","0","0","0"
"4.82818","0.500044","0.512909","0.0355698","0.514498","0.547471","1.23485","1.74268e-15","3.067","3.08456","2.94735","7.26726","0","0","0","0","0","0","0","0"
"4.83157","0.500044","0.512909","0.0355686","0.514077","0.546729","1.23411","1.74182e-15","3.06533","3.0858","2.94446","7.25062","0","0","0","0","0","0","0","0"
"4.83495","0.500044","0.512909","0.0355676","0.514604","0.547098","1.2323","1.74201e-15","3.06233","3.07776","2.94417","7.25997","0","0","0","0","0","0","0","0"
"4.83848","0.500044","0.512909","0.0355641","0.514273","0.546749","1.23369","1.74108e-15","3.06087","3.0767","2.94062","7.24705","0","0","0","0","0","0","0","0"
"4.84178","0.500044","0.513086","0.0355607","0.514541","0.54664","1.23745","1.74006e-15","3.05382","3.0716","2.92847","7.22742","0","0","0","0","0","0","0","0"
"4.84515","0.500044","0.513086","0.0355568","0.514763","0.546978","1.23632","1.74289e-15","3.05256","3.08356","2.92601","7.27627","0","0","0","0","0","0","0","0"
"4.84853","0.500044","0.513086","0.0355534","0.514818","0.547504","1.24219","1.74254e-15","3.0561","3.08591","2.94595","7.26579","0","0","0","0","0","0","0","0"
"4.8529","0.500044","0.513086","0.035549","0.514799","0.547501","1.24046","1.74316e-15","3.05592","3.08034","2.94329","7.283","0","0","0","0","0","0","0","0"
"4.85608","0.500044","0.513141","0.0355475","0.51489","0.54764","1.23807","1.74154e-15","3.05279","3.07743","2.94523","7.27301","0","0","0","0","0","0","0","0"
"4.85948","0.500044","0.513141","0.0355461","0.515351","0.548223","1.24355","1.74193e-15","3.0508","3.078","2.93283","7.29243","0","0","0","0","0","0","0","0"
"4.86287","0.500044","0.513141","0.0355444","0.514867","0.547961","1.24014","1.74155e-15","3.05254","3.07357","2.94002","7.29311","0","0","0","0","0","0","0","0"
"4.86625","0.500044","0.513141","0.0355429","0.514466","0.547747","1.23855","1.74086e-15","3.05346","3.07124","2.94069","7.29323","0","0","0","0","0","0","0","0"
"4.86975","0.500044","0.513141","0.0355442","0.513855","0.546981","1.23461","1.74156e-15","3.05432","3.07363","2.95114","7.31412","0","0","0","0","0","0","0","0"
"4.87303","0.500044","0.513135","0.0355516","0.513896","0.547166","1.23298","1.74019e-15","3.0558","3.07188","2.95143","7.32933","0","0","0","0","0","0","0","0"
"4.8764","0.500044","0.513135","0.0355602","0.514826","0.547818","1.23062","1.74182e-15","3.05238","3.08811","2.95117","7.33891","0","0","0","0","0","0","0","0"
"4.87985","0.500044","0.513135","0.0355675","0.51545","0.548543","1.23223","1.74085e-15","3.06595","3.09236","2.95346","7.32627","0","0","0","0","0","0","0","0"
"4.8832","0.500044","0.513135","0.0355761","0.51597","0.548458","1.23391","1.74259e-15","3.06255","3.09312","2.94095","7.34159","0","0","0","0","0","0","0","0"
"4.88672","0.500044","0.513135","0.0355825","0.517105","0.549279","1.23669","1.74091e-15","3.05882","3.09172","2.93162","7.33034","0","0","0","0","0","0","0","0"
"4.88997","0.500044","0.513244","0.0355876","0.516596","0.549234","1.2355","1.74059e-15","3.05464","3.08747","2.93579","7.32795","0","0","0","0","0","0","0","0"
"4.89333","0.500044","0.513244","0.035592","0.516467","0.548985","1.23382","1.74145e-15","3.05398","3.08224","2.93314","7.32384","0","0","0","0","0","0","0","0"
"4.89833","0.500044","0.513244","0.0355971","0.516541","0.548822","1.23032","1.74136e-15","3.05505","3.08441","2.9394","7.32442","0","0","0","0","0","0","0","0"
"4.90165","0.500044","0.513244","0.0356037","0.516846","0.5493","1.22501","1.74127e-15","3.04931","3.0775","2.95246","7.32472","0","0","0","0","0","0","0","0"
"4.9052","0.500044","0.513244","0.0356053","0.516995","0.549358","1.22136","1.74133e-15","3.05074","3.07672","2.9621","7.3158","0","0","0","0","0","0","0","0"
"4.90847","0.500044","0.513444","0.0356061","0.517631","0.54985","1.22717","1.74009e-15","3.05714","3.07334","2.94675","7.29648","0","0","0","0","0","0","0","0"
"4.91185","0.500044","0.513444","0.0356071","0.517872","0.550523","1.23301","1.74169e-15","3.05815","3.07164","2.95089","7.3283","0","0","0","0","0","0","0","0"
"4.91523","0.500044","0.513444","0.0356079","0.517539","0.55023","1.23542","1.7406e-15","3.05523","3.0741","2.94212","7.32104","0","0","0","0","0","0","0","0"
"4.91957","0.500044","0.513444","0.0356087","0.517164","0.550108","1.23254","1.74202e-15","3.04948","3.0731","2.94696","7.34306","0","0","0","0","0","0","0","0"
"4.92288","0.500044","0.513861","0.0356081","0.516978","0.550216","1.23455","1.74029e-15","3.04874","3.06896","2.94907","7.33501","0","0","0","0","0","0","0","0"
"4.92623","0.500044","0.513861","0.0356076","0.516569","0.549858","1.23129","1.74189e-15","3.05224","3.06851","2.95665","7.34501","0","0","0","0","0","0","0","0"
"4.92955","0.500044","0.513861","0.035607","0.516513","0.549666","1.23586","1.74091e-15","3.05167","3.06647","2.94191","7.33123","0","0","0","0","0","0","0","0"
"4.93298","0.500044","0.513861","0.0356065","0.516592","0.550469","1.23597","1.74307e-15","3.04968","3.06358","2.93486","7.35922","0","0","0","0","0","0","0","0"
"4.93647","0.500044","0.513861","0.0356059","0.516461","0.55028","1.23704","1.74109e-15","3.04814","3.06322","2.9222","7.33859","0","0","0","0","0","0","0","0"
"4.93975","0.500044","0.514101","0.0356052","0.516428","0.550231","1.23284","1.74214e-15","3.04432","3.06073","2.93621","7.36103","0","0","0","0","0","0","0","0"
"4.94312","0.500044","0.514101","0.0356044","0.515991","0.550081","1.23281","1.73973e-15","3.04245","3.05604","2.9434","7.35784","0","0","0","0","0","0","0","0"
"4.94653","0.500044","0.514101","0.0356037","0.516718","0.550674","1.24269","1.74164e-15","3.05144","3.05974","2.9725","7.37817","0","0","0","0","0","0","0","0"
"4.94985","0.500044","0.514101","0.0356029","0.51687","0.55056","1.24244","1.7392e-15","3.05001","3.06406","2.97001","7.36289","0","0","0","0","0","0","0","0"
"4.95333","0.500044","0.514101","0.0356033","0.517636","0.551323","1.24235","1.73971e-15","3.04614","3.05807","2.9622","7.3696","0","0","0","0","0","0","0","0"
"4.9567","0.500044","0.514117","0.0356063","0.518314","0.551724","1.2481","1.73785e-15","3.07323","3.09475","3.01283","7.36042","0","0","0","0","0","0","0","0"
"4.96008","0.500044","0.514117","0.0356092","0.519036","0.55293","1.25431","1.73875e-15","3.07143","3.09369","3.04221","7.37314","0","0","0","0","0","0","0","0"
"4.96347","0.500044","0.514117","0.0356117","0.51857","0.552361","1.25008","1.73766e-15","3.07602","3.09562","3.05416","7.36718","0","0","0","0","0","0","0","0"
"4.96685","0.500044","0.514117","0.0356147","0.518066","0.552242","1.24843","1.73928e-15","3.08092","3.11013","3.05867","7.37851","0","0","0","0","0","0","0","0"
"4.9703","0.500044","0.514117","0.035617","0.517999","0.552213","1.24727","1.73647e-15","3.08026","3.10943","3.05562","7.36395","0","0","0","0","0","0","0","0"
"4.97365","0.500044","0.514233","0.0356196","0.51774","0.552198","1.24297","1.73775e-15","3.08373","3.10794","3.06454","7.38198","0","0","0","0","0","0","0","0"
"4.97703","0.500044","0.514233","0.0356217","0.516831","0.551454","1.24065","1.73708e-15","3.08566","3.11063","3.06588","7.36529","0","0","0","0","0","0","0","0"
"4.98045","0.500044","0.514233","0.0356243","0.516385","0.551167","1.23851","1.73928e-15","3.08413","3.10758","3.07075","7.38385","0","0","0","0","0","0","0","0"
"4.98485","0.500044","0.514233","0.0356272","0.516414","0.55124","1.23487","1.73816e-15","3.08565","3.1003","3.07486","7.38349","0","0","0","0","0","0","0","0"
"4.98833","0.500044","0.514233","0.0356292","0.516819","0.551847","1.2403","1.7382e-15","3.08238","3.10672","3.05764","7.39156","0","0","0","0","0","0","0","0"
"4.99162","0.500044","0.514589","0.0356308","0.517374","0.553235","1.24137","1.73881e-15","3.08721","3.10465","3.05576","7.38982","0","0","0","0","0","0","0","0"
"4.99502","0.500044","0.514589","0.0356326","0.516693","0.552579","1.24041","1.73867e-15","3.08615","3.10273","3.0548","7.40102","0","0","0","0","0","0","0","0"
"4.99838","0.500044","0.514589","0.0356342","0.515697","0.551973","1.23521","1.73931e-15","3.08967","3.10163","3.07382","7.39709","0","0","0","0","0","0","0","0"
"5.0029","0.500044","0.514589","0.035638","0.515412","0.551694","1.23386","1.7383e-15","3.085","3.09608","3.06983","7.3887","0","0","0","0","0","0","0","0"
"5.0062","0.500044","0.514616","0.0356435","0.515264","0.55155","1.23291","1.73779e-15","3.07739","3.09148","3.06753","7.39289","0","0","0","0","0","0","0","0"
"5.00958","0.500044","0.514616","0.03565","0.515103","0.55129","1.2288","1.73739e-15","3.07434","3.08946","3.07978","7.40337","0","0","0","0","0","0","0","0"
"5.01292","0.500044","0.514616","0.0356556","0.514784","0.550956","1.23187","1.74004e-15","3.07518","3.08896","3.05944","7.41865","0","0","0","0","0","0","0","0"
"5.01635","0.500044","0.514616","0.0356621","0.514649","0.550408","1.22917","1.73875e-15","3.07371","3.09149","3.06229","7.39463","0","0","0","0","0","0","0","0"
"5.01978","0.500044","0.514616","0.0356663","0.51473","0.550707","1.22502","1.73832e-15","3.06855","3.09193","3.07414","7.38375","0","0","0","0","0","0","0","0"
"5.02313","0.500044","0.514617","0.0356679","0.515156","0.550462","1.22437","1.73905e-15","3.06867","3.09217","3.06921","7.38341","0","0","0","0","0","0","0","0"
"5.02648","0.500044","0.514617","0.0356693","0.515379","0.550495","1.22361","1.7387e-15","3.06278","3.08866","3.06413","7.37352","0","0","0","0","0","0","0","0"
"5.02987","0.500044","0.514617","0.0356709","0.516227","0.551139","1.22945","1.74094e-15","3.0616","3.08307","3.06077","7.40423","0","0","0","0","0","0","0","0"
"5.03322","0.500044","0.514617","0.0356723","0.516107","0.551304","1.22804","1.74083e-15","3.06008","3.08243","3.06552","7.38832","0","0","0","0","0","0","0","0"
"5.0367","0.500044","0.514617","0.0356713","0.516387","0.551569","1.22458","1.73936e-15","3.05605","3.07793","3.07186","7.36818","0","0","0","0","0","0","0","0"

