"Time","Demand 1","Control 1","Output Drive 1","Channel 1","Channel 2","Channel 3","Channel 4","Channel 1 Kurtosis","Channel 2 Kurtosis","Channel 3 Kurtosis","Channel 4 Kurtosis","Rear Input 1","Rear Input 2","Rear Input 3","Rear Input 4","Rear Input 5","Rear Input 6","Rear Input 7","Rear Input 8"
"0.00065","0.125011","0.154176","0","0.133388","0.149243","0.135594","1.39292e-15","2.30172","2.53666","2.60247","3.34592","0","0","0","0","0","0","0","0"
"0.00065","0.125011","0.154176","0","0.133388","0.149243","0.135594","1.39292e-15","2.30172","2.53666","2.60247","3.34592","0","0","0","0","0","0","0","0"
"0.000716667","0.125011","0.154176","0","0.133388","0.149243","0.135594","1.39292e-15","2.30172","2.53666","2.60247","3.34592","0","0","0","0","0","0","0","0"
"0.00463333","0.125011","0.154176","0","0.139846","0.179206","0.148471","1.62606e-15","2.92376","2.82289","2.92148","7.2297","0","0","0","0","0","0","0","0"
"0.0083","0.125011","0.154176","0","0.130693","0.166842","0.142097","1.80483e-15","2.14079","2.5593","2.03537","8.66949","0","0","0","0","0","0","0","0"
"0.0136333","0.125011","0.154176","0","0.123407","0.160767","0.142573","1.77406e-15","2.32643","3.07906","2.29239","5.31217","0","0","0","0","0","0","0","0"
"0.017","0.125011","0.141577","1.28785e-05","0.122712","0.178054","0.150601","1.85745e-15","2.16426","2.73455","2.03649","7.11355","0","0","0","0","0","0","0","0"
"0.0202667","0.125011","0.135238","1.37604e-05","0.121402","0.17457","0.160468","1.79949e-15","2.51228","2.69972","2.95587","8.98301","0","0","0","0","0","0","0","0"
"0.0236667","0.125011","0.135238","1.48657e-05","0.135201","0.214036","0.149368","1.69563e-15","2.3326","2.25483","2.45218","6.30984","0","0","0","0","0","0","0","0"
"0.0270333","0.125011","0.135238","1.58836e-05","0.124775","0.17893","0.135673","1.48807e-15","2.30025","2.48855","2.60918","7.18898","0","0","0","0","0","0","0","0"
"0.0305167","0.125011","0.135238","1.71596e-05","0.125764","0.204311","0.149832","1.43911e-15","2.10159","2.10991","2.79307","2.61547","0","0","0","0","0","0","0","0"
"0.0338","0.125011","0.103545","1.83345e-05","0.120374","0.182214","0.175505","1.68302e-15","2.05786","2.26815","3.61745","8.0334","0","0","0","0","0","0","0","0"
"0.0372","0.125011","0.103545","1.98073e-05","0.130875","0.171898","0.146963","1.85941e-15","2.09359","2.47496","2.13972","6.79678","0","0","0","0","0","0","0","0"
"0.0405667","0.125011","0.103545","2.11636e-05","0.137001","0.171066","0.164537","1.84382e-15","2.15532","2.33336","2.7747","9.81421","0","0","0","0","0","0","0","0"
"0.0439667","0.125011","0.103545","2.28637e-05","0.125564","0.141851","0.148725","1.8115e-15","2.21513","3.35745","2.44963","7.47389","0","0","0","0","0","0","0","0"
"0.04745","0.125011","0.103545","2.44292e-05","0.123372","0.17575","0.161731","1.505e-15","2.42815","2.84791","2.81271","3.05802","0","0","0","0","0","0","0","0"
"0.05075","0.125011","0.117319","2.63916e-05","0.128338","0.138565","0.124874","1.56391e-15","2.52253","3.00446","2.08314","4.33746","0","0","0","0","0","0","0","0"
"0.0541167","0.125011","0.117319","2.81987e-05","0.142826","0.1651","0.152727","1.61773e-15","2.61901","2.2709","2.74745","5.06979","0","0","0","0","0","0","0","0"
"0.0575","0.125011","0.117319","3.04639e-05","0.146677","0.164404","0.14403","1.70977e-15","2.51125","2.25813","2.0431","10.3843","0","0","0","0","0","0","0","0"
"0.0608833","0.125011","0.117319","3.25498e-05","0.13383","0.175019","0.147747","1.80368e-15","2.25363","3.24257","3.6462","7.83073","0","0","0","0","0","0","0","0"
"0.0643833","0.125011","0.117319","3.51646e-05","0.133392","0.155299","0.147601","1.9308e-15","2.1025","2.40154","2.2153","6.89981","0","0","0","0","0","0","0","0"
"0.06765","0.125011","0.153352","3.75723e-05","0.128318","0.159711","0.168589","1.82491e-15","2.03518","2.47777","2.50902","8.15587","0","0","0","0","0","0","0","0"
"0.07105","0.125011","0.153352","4.05906e-05","0.124104","0.170331","0.140781","1.74019e-15","2.5454","3.43811","2.21422","5.34708","0","0","0","0","0","0","0","0"
"0.0744333","0.125011","0.153352","4.33699e-05","0.121315","0.206492","0.140745","1.64319e-15","2.48775","2.41324","3.37399","4.99401","0","0","0","0","0","0","0","0"
"0.0778167","0.125011","0.153352","4.68538e-05","0.131679","0.201571","0.162945","1.45996e-15","2.41517","2.35104","2.79903","4.17848","0","0","0","0","0","0","0","0"
"0.08135","0.125011","0.153352","5.00619e-05","0.128668","0.202898","0.148653","1.50547e-15","2.33816","2.42831","2.93924","4.47358","0","0","0","0","0","0","0","0"
"0.08465","0.125011","0.14132","5.40835e-05","0.137443","0.207215","0.152366","1.57948e-15","2.45584","2.62865","2.13586","4.47445","0","0","0","0","0","0","0","0"
"0.0880333","0.125011","0.14132","5.77866e-05","0.136547","0.198794","0.151683","1.66562e-15","2.20349","2.1555","2.44791","5.45023","0","0","0","0","0","0","0","0"
"0.0916667","0.125011","0.14132","6.24287e-05","0.121245","0.185329","0.151713","1.71932e-15","2.39061","2.71701","2.53587","9.90082","0","0","0","0","0","0","0","0"
"0.09505","0.125011","0.14132","6.74436e-05","0.133277","0.17748","0.149268","1.95345e-15","2.05406","2.75722","1.95311","9.25322","0","0","0","0","0","0","0","0"
"0.0985333","0.125011","0.14132","7.20616e-05","0.123479","0.187992","0.15319","1.89631e-15","2.24845","2.43841","3.18027","8.31564","0","0","0","0","0","0","0","0"
"0.101833","0.125011","0.141262","7.78504e-05","0.140967","0.187894","0.154549","1.76139e-15","2.69747","2.7188","2.6459","8.1746","0","0","0","0","0","0","0","0"
"0.105217","0.125011","0.141262","8.31809e-05","0.129572","0.158323","0.152858","1.78736e-15","2.68322","3.22982","2.20195","7.56845","0","0","0","0","0","0","0","0"
"0.1086","0.125011","0.141262","8.98629e-05","0.141227","0.160983","0.147337","1.64748e-15","2.11069","2.45833","2.2149","5.42278","0","0","0","0","0","0","0","0"
"0.111983","0.125011","0.141262","9.60159e-05","0.144001","0.148864","0.137163","1.45242e-15","2.2807","3.25732","2.72334","3.83975","0","0","0","0","0","0","0","0"
"0.115467","0.125011","0.141262","0.000103729","0.120933","0.154553","0.131035","1.67737e-15","2.41488","2.68286","2.53229","6.63557","0","0","0","0","0","0","0","0"
"0.118767","0.125011","0.151645","0.000110831","0.134715","0.161302","0.146549","1.89288e-15","2.30862","2.3973","2.67575","12.0383","0","0","0","0","0","0","0","0"
"0.12215","0.125011","0.151645","0.000119735","0.129499","0.169791","0.153275","1.90204e-15","2.22937","2.7173","2.61654","6.3037","0","0","0","0","0","0","0","0"
"0.125533","0.125011","0.151645","0.000127933","0.129709","0.168378","0.15137","1.85863e-15","2.23787","2.28942","2.61637","6.13723","0","0","0","0","0","0","0","0"
"0.128917","0.125011","0.151645","0.00013821","0.127221","0.181583","0.158534","1.66398e-15","2.49937","2.8009","2.0604","4.67408","0","0","0","0","0","0","0","0"
"0.1324","0.125011","0.151645","0.000147674","0.129008","0.166291","0.141489","1.52785e-15","1.9452","2.57309","2.30052","5.31039","0","0","0","0","0","0","0","0"
"0.135683","0.125011","0.148374","0.000159536","0.124336","0.195191","0.17073","1.63473e-15","2.0545","2.83578","2.46477","6.43883","0","0","0","0","0","0","0","0"
"0.139083","0.125011","0.148374","0.00017046","0.126633","0.159466","0.146659","1.76196e-15","2.57124","2.61613","2.76078","7.9947","0","0","0","0","0","0","0","0"
"0.142467","0.125011","0.148374","0.000184153","0.128351","0.180259","0.146186","1.94108e-15","2.38121","3.19276","2.44544","8.69363","0","0","0","0","0","0","0","0"
"0.14585","0.125011","0.148374","0.000196762","0.128974","0.151266","0.14494","1.88923e-15","2.54464","2.95989","2.23867","8.26115","0","0","0","0","0","0","0","0"
"0.149333","0.125011","0.148374","0.000212569","0.118354","0.146946","0.143877","1.6258e-15","2.41906","3.06769","2.45327","5.80356","0","0","0","0","0","0","0","0"
"0.152617","0.125011","0.139632","0.000227123","0.126617","0.155546","0.144742","1.61422e-15","2.29651","2.68046","1.80063","4.12334","0","0","0","0","0","0","0","0"
"0.156067","0.125011","0.139632","0.000245368","0.144741","0.172869","0.156819","1.53127e-15","2.42416","2.41507","2.28928","4.54289","0","0","0","0","0","0","0","0"
"0.159383","0.125011","0.139632","0.000262169","0.133748","0.161443","0.146405","1.66751e-15","2.56716","3.2136","2.93075","5.80317","0","0","0","0","0","0","0","0"
"0.163883","0.125011","0.139632","0.000289552","0.124417","0.143387","0.143949","1.60954e-15","2.37838","2.18777","2.42653","3.59503","0","0","0","0","0","0","0","0"
"0.1672","0.125011","0.143413","0.000309378","0.127353","0.142251","0.154468","1.7978e-15","2.17043","2.72654","1.94961","7.28696","0","0","0","0","0","0","0","0"
"0.170583","0.125011","0.143413","0.00033423","0.135964","0.179045","0.161345","1.86101e-15","2.30727","3.00934","2.22498","10.2146","0","0","0","0","0","0","0","0"
"0.175017","0.125011","0.143413","0.000365087","0.133925","0.168859","0.141864","1.91324e-15","2.28783","2.98707","2.65668","9.2597","0","0","0","0","0","0","0","0"
"0.1784","0.125011","0.143413","0.000394415","0.1427","0.158564","0.146926","1.87276e-15","2.37867","2.73526","2.35321","8.58058","0","0","0","0","0","0","0","0"
"0.1819","0.125011","0.143413","0.000421421","0.128284","0.132404","0.140253","1.71879e-15","2.65326","3.25923","2.10863","7.24854","0","0","0","0","0","0","0","0"
"0.185167","0.125011","0.141922","0.000455274","0.139386","0.164432","0.14645","1.67848e-15","2.09347","2.39116","1.9589","6.55724","0","0","0","0","0","0","0","0"
"0.18855","0.125011","0.141922","0.000486447","0.132011","0.183761","0.140239","1.50422e-15","2.54461","2.10294","2.4174","4.54601","0","0","0","0","0","0","0","0"
"0.191933","0.125011","0.141922","0.000525524","0.129297","0.156615","0.137551","1.50013e-15","2.52177","2.48622","2.1865","5.22262","0","0","0","0","0","0","0","0"
"0.195333","0.125011","0.141922","0.000561508","0.138559","0.171046","0.147391","1.64909e-15","2.40242","2.40167","2.26","8.64237","0","0","0","0","0","0","0","0"
"0.198817","0.125011","0.141922","0.000606614","0.130399","0.144457","0.160832","1.89441e-15","2.42129","2.44829","1.77575","11.41","0","0","0","0","0","0","0","0"
"0.202183","0.125011","0.136609","0.00064815","0.134726","0.175764","0.150879","1.92266e-15","2.03086","2.544","2.55384","7.81282","0","0","0","0","0","0","0","0"
"0.205583","0.125011","0.136609","0.000700216","0.146298","0.2098","0.145126","1.77316e-15","2.56208","3.73527","2.25269","5.17733","0","0","0","0","0","0","0","0"
"0.208983","0.125011","0.136609","0.000748161","0.132898","0.179214","0.15454","1.60757e-15","2.5201","2.19528","1.95211","4.88688","0","0","0","0","0","0","0","0"
"0.21235","0.125011","0.136609","0.000808262","0.129951","0.16938","0.146488","1.57421e-15","3.21945","2.59995","2.12174","4.45811","0","0","0","0","0","0","0","0"
"0.215867","0.125011","0.136609","0.000863605","0.135916","0.196394","0.163397","1.65165e-15","2.65256","2.60944","2.06898","6.19591","0","0","0","0","0","0","0","0"
"0.219117","0.125011","0.135142","0.000932979","0.135218","0.213827","0.144306","1.76262e-15","2.33526","2.63654","2.31249","8.9952","0","0","0","0","0","0","0","0"
"0.2225","0.125011","0.135142","0.000996861","0.116794","0.180063","0.146294","1.85478e-15","2.58071","3.12265","2.38616","9.34609","0","0","0","0","0","0","0","0"
"0.225883","0.125011","0.135142","0.00107694","0.138431","0.190379","0.150157","1.85955e-15","2.57013","2.40595","2.48384","7.46887","0","0","0","0","0","0","0","0"
"0.229267","0.125011","0.135142","0.00115068","0.124115","0.196554","0.143942","1.58077e-15","2.45462","2.22724","2.88124","4.65531","0","0","0","0","0","0","0","0"
"0.232783","0.125011","0.135142","0.00124311","0.165754","0.22087","0.18858","1.55918e-15","2.34532","2.98147","2.29049","3.59462","0","0","0","0","0","0","0","0"
"0.23605","0.125011","0.137875","0.00132823","0.121793","0.184234","0.1518","1.78797e-15","2.65011","2.62027","2.93979","10.7965","0","0","0","0","0","0","0","0"
"0.239433","0.125011","0.137875","0.00143493","0.141078","0.171875","0.159408","1.83535e-15","2.39985","3.10913","2.13144","8.83371","0","0","0","0","0","0","0","0"
"0.242817","0.125011","0.137875","0.00153318","0.157612","0.184986","0.142589","1.77447e-15","2.72233","2.95826","2.54334","8.87422","0","0","0","0","0","0","0","0"
"0.247233","0.125011","0.137875","0.00169153","0.143835","0.163491","0.177602","1.35906e-15","2.40362","2.61925","2.51641","3.56146","0","0","0","0","0","0","0","0"
"0.250633","0.125011","0.152646","0.00179708","0.169073","0.230413","0.18409","1.64419e-15","2.22276","2.6583","2.08507","8.55093","0","0","0","0","0","0","0","0"
"0.254017","0.125011","0.152646","0.00192023","0.166713","0.189738","0.188701","1.75532e-15","2.68271","2.70083","1.83971","8.36598","0","0","0","0","0","0","0","0"
"0.258183","0.125011","0.152646","0.00206097","0.14763","0.161293","0.160353","1.6944e-15","2.46985","2.46817","2.0453","8.77606","0","0","0","0","0","0","0","0"
"0.261567","0.125011","0.152646","0.00216653","0.141642","0.16185","0.167141","1.72976e-15","2.94305","2.16328","2.90925","7.02557","0","0","0","0","0","0","0","0"
"0.265067","0.125011","0.152646","0.00228293","0.153157","0.192528","0.195356","1.51895e-15","2.72268","2.75206","2.26099","3.95765","0","0","0","0","0","0","0","0"
"0.2686","0.125011","0.160672","0.00239429","0.124202","0.165627","0.151482","1.61034e-15","2.80466","2.54165","2.83866","6.48792","0","0","0","0","0","0","0","0"
"0.271983","0.125011","0.160672","0.00248973","0.156877","0.171025","0.142711","1.72852e-15","2.27271","2.96408","2.63983","7.5235","0","0","0","0","0","0","0","0"
"0.275367","0.125011","0.160672","0.00260108","0.148105","0.166499","0.180218","1.92554e-15","3.41032","3.0727","2.65682","10.2122","0","0","0","0","0","0","0","0"
"0.278767","0.125011","0.160672","0.00269653","0.157938","0.158122","0.156125","1.90877e-15","2.26678","2.51733","2.23064","8.37776","0","0","0","0","0","0","0","0"
"0.28225","0.125011","0.160672","0.00279586","0.169212","0.188074","0.184084","1.50242e-15","2.48886","2.97062","2.9443","4.39094","0","0","0","0","0","0","0","0"
"0.285533","0.125011","0.157674","0.00287688","0.16096","0.184522","0.173354","1.54876e-15","2.5366","2.87489","2.91342","4.81548","0","0","0","0","0","0","0","0"
"0.288917","0.125011","0.157674","0.0029714","0.166874","0.193645","0.185437","1.56503e-15","3.1405","3.18349","3.28491","5.12341","0","0","0","0","0","0","0","0"
"0.2923","0.125011","0.157674","0.00305242","0.172437","0.195684","0.196623","1.6233e-15","2.78317","2.82416","2.85193","6.3283","0","0","0","0","0","0","0","0"
"0.295683","0.125011","0.157674","0.00314694","0.180064","0.203158","0.204742","1.73121e-15","2.98359","2.83524","3.82164","7.88474","0","0","0","0","0","0","0","0"
"0.2992","0.125011","0.157674","0.00323534","0.181127","0.204578","0.204512","1.70432e-15","3.66807","3.39583","3.57956","7.55537","0","0","0","0","0","0","0","0"
"0.30245","0.125011","0.156741","0.00334019","0.183687","0.206565","0.209483","1.74056e-15","3.33823","3.23684","3.57886","7.60314","0","0","0","0","0","0","0","0"
"0.30585","0.125011","0.156741","0.00343005","0.176021","0.197256","0.199796","1.77648e-15","3.28787","3.27117","3.62076","7.94575","0","0","0","0","0","0","0","0"
"0.309217","0.125011","0.156741","0.0035349","0.181358","0.201426","0.208171","1.71977e-15","3.17509","3.2917","3.28936","7.40926","0","0","0","0","0","0","0","0"
"0.312617","0.125011","0.156741","0.00362477","0.184734","0.207783","0.214583","1.65707e-15","3.10287","3.05406","3.08263","7.05115","0","0","0","0","0","0","0","0"
"0.3161","0.125011","0.156741","0.00371685","0.189494","0.211609","0.213986","1.66908e-15","3.29017","3.52902","3.3265","6.75752","0","0","0","0","0","0","0","0"
"0.319383","0.125011","0.158976","0.00379396","0.187918","0.205269","0.209032","1.73117e-15","3.1679","3.46314","3.28845","7.25878","0","0","0","0","0","0","0","0"
"0.322767","0.125011","0.158976","0.00388392","0.189402","0.207498","0.209876","1.74422e-15","3.24879","3.46263","3.34325","7.27618","0","0","0","0","0","0","0","0"
"0.32615","0.125011","0.158976","0.00396103","0.184032","0.202783","0.208557","1.71838e-15","3.21693","3.50171","3.19376","6.65278","0","0","0","0","0","0","0","0"
"0.330567","0.125011","0.158976","0.00406194","0.196419","0.212059","0.218984","1.73829e-15","3.30829","3.21548","2.95034","7.04289","0","0","0","0","0","0","0","0"
"0.333983","0.125011","0.163407","0.00409481","0.193125","0.209367","0.21735","1.75458e-15","3.36568","3.22342","3.00186","7.03304","0","0","0","0","0","0","0","0"
"0.3374","0.125011","0.163407","0.00413315","0.19416","0.20949","0.217628","1.72478e-15","3.2571","3.06985","2.96172","6.82755","0","0","0","0","0","0","0","0"
"0.341583","0.125011","0.163407","0.00417697","0.194921","0.21145","0.215058","1.70931e-15","3.24862","3.14866","2.99559","7.00448","0","0","0","0","0","0","0","0"
"0.344983","0.125011","0.163407","0.00420983","0.192326","0.210888","0.214495","1.7433e-15","3.19374","3.11453","2.92078","7.30175","0","0","0","0","0","0","0","0"
"0.34845","0.125011","0.163407","0.00426219","0.192862","0.210929","0.215707","1.7426e-15","3.10059","3.15455","2.94356","7.00933","0","0","0","0","0","0","0","0"
"0.35175","0.125011","0.167655","0.00431607","0.192172","0.207776","0.214375","1.7301e-15","3.05368","3.18442","2.9152","6.73843","0","0","0","0","0","0","0","0"
"0.355117","0.125011","0.167655","0.00437894","0.190138","0.207074","0.212489","1.71684e-15","3.1349","3.35177","3.17798","6.72794","0","0","0","0","0","0","0","0"
"0.358517","0.125011","0.167655","0.00443283","0.191962","0.207728","0.215713","1.73137e-15","3.19554","3.32612","3.06885","7.16581","0","0","0","0","0","0","0","0"
"0.361933","0.125011","0.167655","0.00449569","0.191084","0.208276","0.214298","1.75165e-15","3.13085","3.19738","3.02521","7.18051","0","0","0","0","0","0","0","0"
"0.365417","0.125011","0.167655","0.00456981","0.192319","0.207199","0.217907","1.71169e-15","3.02199","3.13339","2.90491","6.93272","0","0","0","0","0","0","0","0"
"0.3687","0.125011","0.17117","0.0046372","0.191843","0.205568","0.217334","1.70488e-15","3.06569","3.09365","2.84864","6.94894","0","0","0","0","0","0","0","0"
"0.3721","0.125011","0.17117","0.00471582","0.188752","0.203636","0.214518","1.72871e-15","3.07696","3.07106","2.80963","6.99882","0","0","0","0","0","0","0","0"
"0.375483","0.125011","0.17117","0.00478321","0.18743","0.203432","0.215408","1.74517e-15","3.02483","3.07877","2.81124","7.07142","0","0","0","0","0","0","0","0"
"0.378867","0.125011","0.17117","0.00486183","0.189844","0.205637","0.217408","1.7317e-15","2.90585","3.09604","2.73313","6.76926","0","0","0","0","0","0","0","0"
"0.38235","0.125011","0.17117","0.0048929","0.188461","0.206565","0.218263","1.70773e-15","2.9024","3.03563","2.73107","6.7303","0","0","0","0","0","0","0","0"
"0.385633","0.125011","0.173645","0.00492067","0.187192","0.205329","0.21725","1.73237e-15","2.92654","3.04298","2.75363","6.8699","0","0","0","0","0","0","0","0"
"0.389017","0.125011","0.173645","0.00494447","0.189192","0.207549","0.218772","1.75191e-15","3.05617","3.0914","2.81639","7.11421","0","0","0","0","0","0","0","0"
"0.392417","0.125011","0.173645","0.00497772","0.186523","0.20565","0.217945","1.72751e-15","3.04945","3.07634","2.79069","6.94511","0","0","0","0","0","0","0","0"
"0.395783","0.125011","0.173645","0.00505752","0.186276","0.205022","0.21897","1.70372e-15","2.99928","3.07706","2.82412","6.86056","0","0","0","0","0","0","0","0"
"0.399283","0.125011","0.173645","0.00511853","0.189685","0.208813","0.226503","1.70821e-15","3.17575","3.15204","3.22384","6.88593","0","0","0","0","0","0","0","0"
"0.402567","0.125011","0.175362","0.00513168","0.190261","0.209633","0.236883","1.71812e-15","3.10906","3.13213","3.31764","6.78669","0","0","0","0","0","0","0","0"
"0.40595","0.125011","0.175362","0.00515315","0.189651","0.207091","0.234162","1.69713e-15","3.06139","3.15037","3.39848","6.5836","0","0","0","0","0","0","0","0"
"0.409333","0.125011","0.175362","0.00518349","0.189136","0.206257","0.234101","1.70022e-15","3.04411","3.16233","3.31462","6.68976","0","0","0","0","0","0","0","0"
"0.413883","0.125011","0.175362","0.00532262","0.190039","0.207899","0.231919","1.72344e-15","3.03835","3.11756","3.28695","7.17863","0","0","0","0","0","0","0","0"
"0.41715","0.125011","0.17676","0.00533429","0.190772","0.209343","0.232997","1.7251e-15","3.06818","3.05683","3.17127","6.96789","0","0","0","0","0","0","0","0"
"0.42055","0.125011","0.17676","0.00535226","0.191136","0.208117","0.238608","1.70737e-15","3.03628","3.08063","3.07823","6.72258","0","0","0","0","0","0","0","0"
"0.42495","0.125011","0.17676","0.00538503","0.192316","0.209216","0.240291","1.70996e-15","3.13628","3.18589","2.98487","6.64542","0","0","0","0","0","0","0","0"
"0.42835","0.125011","0.17676","0.00545699","0.19171","0.208286","0.238543","1.74326e-15","3.16395","3.17248","3.02395","7.14025","0","0","0","0","0","0","0","0"
"0.431833","0.125011","0.17676","0.0055464","0.191837","0.208639","0.250375","1.7342e-15","3.11621","3.19107","2.94145","7.02122","0","0","0","0","0","0","0","0"
"0.435117","0.125011","0.178251","0.00556205","0.188277","0.206171","0.242834","1.72306e-15","3.09494","3.16478","3.00245","6.78573","0","0","0","0","0","0","0","0"
"0.4385","0.125011","0.178251","0.00558027","0.187287","0.203955","0.241038","1.7252e-15","3.08939","3.12653","3.01449","6.71407","0","0","0","0","0","0","0","0"
"0.441883","0.125011","0.178251","0.00561386","0.18677","0.204963","0.243111","1.74522e-15","3.02351","3.0752","2.97946","7.0259","0","0","0","0","0","0","0","0"
"0.445267","0.125011","0.178251","0.00568256","0.187827","0.204247","0.23972","1.74379e-15","2.99864","3.09571","2.94923","6.99052","0","0","0","0","0","0","0","0"
"0.448767","0.125011","0.178251","0.0057477","0.186736","0.204093","0.242315","1.71309e-15","2.986","3.01984","2.84772","6.83615","0","0","0","0","0","0","0","0"
"0.452033","0.125011","0.179995","0.00576186","0.190215","0.208188","0.24732","1.71628e-15","3.00966","2.99815","2.95184","7.02112","0","0","0","0","0","0","0","0"
"0.455417","0.125011","0.179995","0.00578458","0.195087","0.212188","0.253809","1.74263e-15","3.21625","3.2649","3.2131","7.38774","0","0","0","0","0","0","0","0"
"0.458817","0.125011","0.179995","0.00581552","0.193356","0.211188","0.252672","1.74422e-15","3.2301","3.31795","3.18186","7.37004","0","0","0","0","0","0","0","0"
"0.4622","0.125011","0.179995","0.0059096","0.194801","0.210642","0.253961","1.7177e-15","3.09638","3.22123","3.08382","7.11282","0","0","0","0","0","0","0","0"
"0.465683","0.125011","0.179995","0.00594241","0.193138","0.208768","0.254205","1.70655e-15","3.03974","3.17929","3.02669","7.0613","0","0","0","0","0","0","0","0"
"0.468967","0.125011","0.180853","0.00595989","0.194065","0.208483","0.260108","1.73753e-15","3.03387","3.2165","2.9302","7.2889","0","0","0","0","0","0","0","0"
"0.47235","0.125011","0.180853","0.00598055","0.193295","0.207747","0.261628","1.757e-15","2.99212","3.12977","2.86922","7.33178","0","0","0","0","0","0","0","0"
"0.47575","0.125011","0.180853","0.00602005","0.194819","0.209257","0.264946","1.73486e-15","3.03669","3.06365","2.82138","7.14538","0","0","0","0","0","0","0","0"
"0.479117","0.125011","0.180853","0.00611656","0.19429","0.209375","0.263731","1.72558e-15","2.99058","3.02178","2.82214","7.14398","0","0","0","0","0","0","0","0"
"0.482617","0.125011","0.180853","0.00619034","0.195398","0.209871","0.264834","1.73816e-15","2.94861","3.02959","2.81589","7.14977","0","0","0","0","0","0","0","0"
"0.486017","0.125011","0.182401","0.00620625","0.193047","0.207754","0.26452","1.74161e-15","2.96707","3.07348","2.85205","6.97229","0","0","0","0","0","0","0","0"
"0.489283","0.125011","0.182401","0.00623221","0.192337","0.206779","0.265856","1.70454e-15","2.93385","3.06123","2.85783","6.88961","0","0","0","0","0","0","0","0"
"0.492667","0.125011","0.182401","0.0062689","0.192779","0.207371","0.268191","1.72143e-15","2.99361","3.09294","2.8727","7.30712","0","0","0","0","0","0","0","0"
"0.497217","0.125011","0.182401","0.00637896","0.192143","0.208339","0.27546","1.73525e-15","3.01912","3.19004","2.79396","7.26717","0","0","0","0","0","0","0","0"
"0.500483","0.125011","0.183685","0.00639294","0.190344","0.210172","0.27899","1.71258e-15","3.01247","3.12829","2.77313","7.10554","0","0","0","0","0","0","0","0"
"0.503867","0.125011","0.183685","0.00641448","0.187881","0.206262","0.272182","1.71667e-15","2.98514","3.11583","2.77867","7.33899","0","0","0","0","0","0","0","0"
"0.508283","0.125011","0.183685","0.00645375","0.185835","0.204154","0.268773","1.73595e-15","2.96379","3.13854","2.82635","7.2686","0","0","0","0","0","0","0","0"
"0.511667","0.125011","0.183685","0.00652106","0.18336","0.20209","0.260717","1.72737e-15","2.93375","3.09181","2.88493","6.93143","0","0","0","0","0","0","0","0"
"0.515167","0.125011","0.183685","0.00655107","0.183795","0.202357","0.260505","1.71587e-15","2.91998","3.09444","2.84182","6.71571","0","0","0","0","0","0","0","0"
"0.51845","0.125011","0.184657","0.00656956","0.186692","0.203492","0.269247","1.74035e-15","2.88728","3.06895","2.90688","7.06382","0","0","0","0","0","0","0","0"
"0.521833","0.125011","0.184657","0.00659108","0.188463","0.20391","0.272056","1.74977e-15","2.88822","3.04517","2.96317","7.05833","0","0","0","0","0","0","0","0"
"0.525217","0.125011","0.184657","0.00662118","0.185606","0.202215","0.276078","1.7339e-15","2.91006","3.03642","2.88192","6.92891","0","0","0","0","0","0","0","0"
"0.5286","0.125011","0.184657","0.00664699","0.186379","0.203927","0.279515","1.74906e-15","2.88504","3.01807","2.88556","7.18333","0","0","0","0","0","0","0","0"
"0.53225","0.125011","0.184657","0.00666671","0.189604","0.204944","0.286521","1.73908e-15","2.89756","3.0155","2.84836","7.15602","0","0","0","0","0","0","0","0"
"0.535533","0.125011","0.184795","0.00668313","0.186446","0.201799","0.280794","1.72481e-15","2.92693","3.04361","2.86559","7.0148","0","0","0","0","0","0","0","0"
"0.538917","0.125011","0.184795","0.0067095","0.185599","0.203191","0.28436","1.74388e-15","2.89804","3.01874","2.81839","7.13278","0","0","0","0","0","0","0","0"
"0.542317","0.125011","0.184795","0.00674389","0.183918","0.201737","0.274537","1.75151e-15","2.90202","3.06669","2.92036","7.17289","0","0","0","0","0","0","0","0"
"0.545683","0.125011","0.184795","0.00678844","0.18366","0.200162","0.27553","1.73004e-15","2.93975","3.03849","2.90516","7.00368","0","0","0","0","0","0","0","0"
"0.5492","0.125011","0.184795","0.00680616","0.185596","0.201527","0.277947","1.72365e-15","2.88492","2.99074","2.90555","6.91557","0","0","0","0","0","0","0","0"
"0.552467","0.125011","0.184611","0.00682618","0.182408","0.197029","0.270866","1.75308e-15","2.88964","3.02475","2.934","7.31004","0","0","0","0","0","0","0","0"
"0.55585","0.125011","0.184611","0.00684984","0.182402","0.197896","0.275337","1.73882e-15","2.86597","3.02584","2.84731","7.10378","0","0","0","0","0","0","0","0"
"0.559233","0.125011","0.184611","0.00689509","0.184397","0.200544","0.274289","1.72957e-15","2.82581","3.05649","2.85839","7.09211","0","0","0","0","0","0","0","0"
"0.562617","0.125011","0.184611","0.00695417","0.186242","0.202148","0.278549","1.74586e-15","2.84325","3.11543","2.99911","7.45307","0","0","0","0","0","0","0","0"
"0.5661","0.125011","0.184611","0.00697824","0.184995","0.203416","0.281622","1.74426e-15","2.82343","3.02039","2.91853","7.39758","0","0","0","0","0","0","0","0"
"0.5694","0.125011","0.184559","0.00699617","0.181725","0.200407","0.289063","1.73614e-15","2.86643","3.01791","2.80334","7.17917","0","0","0","0","0","0","0","0"
"0.572767","0.125011","0.184559","0.00702544","0.182692","0.200702","0.295813","1.71934e-15","2.84572","2.99398","2.74846","7.24708","0","0","0","0","0","0","0","0"
"0.5763","0.125011","0.184559","0.0070618","0.182833","0.19955","0.295524","1.73768e-15","2.81859","2.98579","2.74037","7.46713","0","0","0","0","0","0","0","0"
"0.58055","0.125011","0.184559","0.00709402","0.182143","0.199706","0.302953","1.76493e-15","2.78468","2.92115","2.64207","7.39011","0","0","0","0","0","0","0","0"
"0.58385","0.125011","0.184019","0.00709716","0.180756","0.199662","0.295125","1.73863e-15","2.77919","2.87787","2.68622","7.26762","0","0","0","0","0","0","0","0"
"0.5874","0.125011","0.184019","0.00710083","0.183918","0.201598","0.308187","1.74444e-15","2.81343","2.88328","2.74195","7.40125","0","0","0","0","0","0","0","0"
"0.591667","0.125011","0.184019","0.00710503","0.186436","0.205358","0.335146","1.76873e-15","2.89183","2.95458","2.91739","7.80619","0","0","0","0","0","0","0","0"
"0.59505","0.125011","0.184019","0.00710869","0.185496","0.204179","0.338138","1.74683e-15","2.90289","2.94423","2.93724","7.43939","0","0","0","0","0","0","0","0"
"0.59855","0.125011","0.184019","0.00711559","0.190014","0.209311","0.337399","1.72954e-15","3.06009","3.16506","2.97823","7.19209","0","0","0","0","0","0","0","0"
"0.601833","0.125011","0.183784","0.00712581","0.189101","0.208259","0.326949","1.75339e-15","3.03473","3.16845","3.0601","7.08564","0","0","0","0","0","0","0","0"
"0.6052","0.125011","0.183784","0.00713457","0.190543","0.207767","0.32841","1.74338e-15","3.00898","3.15898","2.97133","6.90657","0","0","0","0","0","0","0","0"
"0.6086","0.125011","0.183784","0.0071448","0.194273","0.211235","0.33249","1.70924e-15","3.00056","3.07083","2.87093","6.78785","0","0","0","0","0","0","0","0"
"0.611983","0.125011","0.183784","0.00715356","0.194522","0.210143","0.321411","1.71826e-15","3.00759","3.06743","2.9564","6.87685","0","0","0","0","0","0","0","0"
"0.615467","0.125011","0.183784","0.00716395","0.199437","0.215329","0.328928","1.72352e-15","3.0132","3.20569","2.89055","6.8378","0","0","0","0","0","0","0","0"
"0.61875","0.125011","0.184053","0.00717292","0.199957","0.214635","0.320806","1.71441e-15","2.99264","3.17046","2.93641","6.64655","0","0","0","0","0","0","0","0"
"0.622133","0.125011","0.184053","0.00718338","0.199659","0.214552","0.316759","1.70198e-15","2.95851","3.19909","3.01726","6.54114","0","0","0","0","0","0","0","0"
"0.625517","0.125011","0.184053","0.00719235","0.199325","0.215416","0.315804","1.71753e-15","2.98682","3.13641","2.9676","6.82001","0","0","0","0","0","0","0","0"
"0.62905","0.125011","0.184053","0.00720281","0.198122","0.216602","0.310107","1.74893e-15","3.06135","3.2025","2.97642","7.05704","0","0","0","0","0","0","0","0"
"0.632383","0.125011","0.184053","0.00720625","0.202595","0.220802","0.321085","1.71888e-15","2.98764","3.13323","3.05901","6.94612","0","0","0","0","0","0","0","0"
"0.635683","0.125011","0.185619","0.00720896","0.203216","0.220823","0.322134","1.70948e-15","2.89189","3.13205","3.00026","6.81445","0","0","0","0","0","0","0","0"
"0.63905","0.125011","0.185619","0.00721129","0.201633","0.219345","0.313648","1.73559e-15","2.89105","3.09409","3.0561","6.96779","0","0","0","0","0","0","0","0"
"0.64245","0.125011","0.185619","0.00721401","0.19877","0.215956","0.304564","1.75643e-15","2.89887","3.08659","3.1175","7.25953","0","0","0","0","0","0","0","0"
"0.645833","0.125011","0.185619","0.00721634","0.198525","0.214413","0.306719","1.74301e-15","2.84868","3.01666","3.03163","7.25287","0","0","0","0","0","0","0","0"
"0.649317","0.125011","0.185619","0.00721061","0.195359","0.209875","0.295065","1.71509e-15","2.86005","3.01324","3.13299","7.01375","0","0","0","0","0","0","0","0"
"0.6526","0.125011","0.187616","0.00720449","0.194561","0.20859","0.290602","1.70888e-15","2.83795","2.98824","3.16994","7.07859","0","0","0","0","0","0","0","0"
"0.656","0.125011","0.187616","0.00719736","0.191808","0.204488","0.280143","1.71605e-15","2.8437","2.98197","3.27749","7.36689","0","0","0","0","0","0","0","0"
"0.659367","0.125011","0.187616","0.00719125","0.189547","0.203308","0.280296","1.73707e-15","2.85706","2.9892","3.23211","7.40665","0","0","0","0","0","0","0","0"
"0.663867","0.125011","0.187616","0.00718028","0.190454","0.203641","0.289393","1.71878e-15","2.84345","2.9391","3.12775","7.02896","0","0","0","0","0","0","0","0"
"0.667183","0.125011","0.189324","0.00716877","0.194799","0.207736","0.299146","1.71016e-15","2.93173","3.11371","3.1184","7.12499","0","0","0","0","0","0","0","0"
"0.670583","0.125011","0.189324","0.00715534","0.194866","0.208434","0.3003","1.73811e-15","2.88926","3.04391","3.09482","7.66901","0","0","0","0","0","0","0","0"
"0.675","0.125011","0.189324","0.00713999","0.19271","0.207254","0.304626","1.74977e-15","2.84694","2.98104","3.01004","7.58491","0","0","0","0","0","0","0","0"
"0.678383","0.125011","0.189324","0.00712657","0.192157","0.20768","0.297735","1.72364e-15","2.8329","3.01753","3.01676","7.3805","0","0","0","0","0","0","0","0"
"0.681867","0.125011","0.189324","0.00711121","0.192211","0.2081","0.295155","1.72515e-15","2.86238","3.0069","2.96759","7.28026","0","0","0","0","0","0","0","0"
"0.685167","0.125011","0.188527","0.00709104","0.190743","0.206182","0.293123","1.7545e-15","2.87591","3.0149","2.97398","7.60755","0","0","0","0","0","0","0","0"
"0.688533","0.125011","0.188527","0.00707376","0.190495","0.206651","0.286366","1.75424e-15","2.83273","2.95961","3.02403","7.48169","0","0","0","0","0","0","0","0"
"0.691917","0.125011","0.188527","0.0070536","0.190661","0.205008","0.27797","1.73623e-15","2.87852","2.95751","3.05565","7.24539","0","0","0","0","0","0","0","0"
"0.6953","0.125011","0.188527","0.00703632","0.188588","0.205298","0.280474","1.74553e-15","2.89389","3.03842","2.92149","7.42148","0","0","0","0","0","0","0","0"
"0.6988","0.125011","0.188527","0.00702458","0.189802","0.20558","0.277797","1.74656e-15","2.86902","2.98234","2.89736","7.40402","0","0","0","0","0","0","0","0"
"0.702083","0.125011","0.188171","0.00701742","0.188657","0.203529","0.269131","1.74e-15","2.84809","2.9735","2.96937","7.12132","0","0","0","0","0","0","0","0"
"0.705467","0.125011","0.188171","0.00700906","0.185499","0.20006","0.26206","1.71927e-15","2.85467","2.96494","3.03203","7.12987","0","0","0","0","0","0","0","0"
"0.70885","0.125011","0.188171","0.00700189","0.186441","0.203121","0.268336","1.71784e-15","2.92616","3.03303","3.09178","7.20053","0","0","0","0","0","0","0","0"
"0.71225","0.125011","0.188171","0.00699353","0.19023","0.205874","0.279726","1.74572e-15","3.30145","3.39073","3.02279","7.31012","0","0","0","0","0","0","0","0"
"0.715717","0.125011","0.188171","0.00699352","0.192314","0.207754","0.2993","1.73681e-15","3.23522","3.34774","3.08737","7.28419","0","0","0","0","0","0","0","0"
"0.719","0.125011","0.187893","0.00699518","0.19579","0.213343","0.309536","1.72785e-15","3.20109","3.31207","3.09244","6.9932","0","0","0","0","0","0","0","0"
"0.722383","0.125011","0.187893","0.0069966","0.193923","0.211801","0.305667","1.71368e-15","3.1806","3.26564","3.05279","6.85718","0","0","0","0","0","0","0","0"
"0.725783","0.125011","0.187893","0.00699827","0.198184","0.215564","0.303641","1.73597e-15","3.35095","3.32703","2.99151","7.15056","0","0","0","0","0","0","0","0"
"0.729167","0.125011","0.187893","0.00699969","0.202693","0.219645","0.303615","1.75258e-15","3.36401","3.3661","2.9392","7.4914","0","0","0","0","0","0","0","0"
"0.73265","0.125011","0.187893","0.00700559","0.202704","0.219844","0.297812","1.7449e-15","3.33658","3.26548","2.89468","7.33675","0","0","0","0","0","0","0","0"
"0.735933","0.125011","0.187483","0.00701125","0.204136","0.220188","0.292133","1.72269e-15","3.29796","3.19945","2.92182","7.11978","0","0","0","0","0","0","0","0"
"0.739333","0.125011","0.187483","0.00701786","0.204333","0.224044","0.307262","1.7187e-15","3.22388","3.07361","2.95045","7.06185","0","0","0","0","0","0","0","0"
"0.7427","0.125011","0.187483","0.00702353","0.205297","0.226136","0.303206","1.73222e-15","3.10564","2.9691","2.94178","7.30626","0","0","0","0","0","0","0","0"
"0.747217","0.125011","0.187483","0.00703391","0.20768","0.231729","0.307844","1.74141e-15","3.08669","2.90514","3.17476","7.43925","0","0","0","0","0","0","0","0"
"0.750517","0.125011","0.1892","0.00704525","0.207394","0.234278","0.312142","1.72183e-15","3.07225","2.89409","3.05522","7.2207","0","0","0","0","0","0","0","0"
"0.753917","0.125011","0.1892","0.00705848","0.211036","0.240698","0.324701","1.7162e-15","3.05657","2.82161","3.13036","7.24167","0","0","0","0","0","0","0","0"
"0.758333","0.125011","0.1892","0.00707359","0.213158","0.24563","0.318598","1.73923e-15","3.12167","2.83294","3.18747","7.49237","0","0","0","0","0","0","0","0"
"0.761717","0.125011","0.1892","0.00708682","0.218173","0.25146","0.317117","1.73973e-15","3.12529","2.80894","3.26682","7.33676","0","0","0","0","0","0","0","0"
"0.7652","0.125011","0.1892","0.00707621","0.222649","0.258709","0.311415","1.71229e-15","3.00933","2.84157","3.25782","7.14313","0","0","0","0","0","0","0","0"
"0.768483","0.125011","0.193058","0.00705103","0.223443","0.26275","0.30465","1.72562e-15","2.97257","2.74709","3.27201","7.25005","0","0","0","0","0","0","0","0"
"0.771867","0.125011","0.193058","0.00702945","0.22356","0.265801","0.302444","1.75206e-15","2.95664","2.71079","3.32998","7.43634","0","0","0","0","0","0","0","0"
"0.77525","0.125011","0.193058","0.00700428","0.223383","0.266146","0.302064","1.74421e-15","2.98502","2.69831","3.20278","7.17574","0","0","0","0","0","0","0","0"
"0.778633","0.125011","0.193058","0.0069827","0.222703","0.264569","0.302007","1.72647e-15","2.93579","2.69257","3.13754","6.87802","0","0","0","0","0","0","0","0"
"0.782133","0.125011","0.193058","0.00696441","0.222522","0.2633","0.302441","1.71685e-15","2.92132","2.6725","3.14873","6.81783","0","0","0","0","0","0","0","0"
"0.785417","0.125011","0.199447","0.0069511","0.222683","0.262281","0.301637","1.73932e-15","2.88119","2.68004","3.13192","7.09444","0","0","0","0","0","0","0","0"
"0.7888","0.125011","0.199447","0.00693556","0.219536","0.258666","0.308076","1.72328e-15","2.86402","2.70407","3.03999","7.03017","0","0","0","0","0","0","0","0"
"0.792183","0.125011","0.199447","0.00692225","0.220481","0.258828","0.30763","1.70968e-15","2.82809","2.67635","3.02306","6.93427","0","0","0","0","0","0","0","0"
"0.795567","0.125011","0.199447","0.00690672","0.216344","0.254466","0.299622","1.73532e-15","2.84849","2.69052","3.1603","7.38088","0","0","0","0","0","0","0","0"
"0.79905","0.125011","0.199447","0.00689455","0.215002","0.252452","0.290095","1.73119e-15","2.89263","2.72484","3.23579","7.2461","0","0","0","0","0","0","0","0"
"0.802333","0.125011","0.207503","0.00688062","0.21615","0.253535","0.298486","1.71093e-15","2.92113","2.71835","3.39063","7.14829","0","0","0","0","0","0","0","0"
"0.805717","0.125011","0.207503","0.00686868","0.218695","0.257707","0.299996","1.7322e-15","2.95856","2.82149","3.39161","7.53359","0","0","0","0","0","0","0","0"
"0.809117","0.125011","0.207503","0.00685475","0.221504","0.262519","0.312728","1.75116e-15","3.07193","2.97254","3.24021","7.52837","0","0","0","0","0","0","0","0"
"0.812483","0.125011","0.207503","0.00684281","0.225428","0.266584","0.312506","1.72442e-15","3.02125","2.95378","3.15596","7.38595","0","0","0","0","0","0","0","0"
"0.816067","0.125011","0.207503","0.00684825","0.22637","0.267158","0.305278","1.71622e-15","3.00063","2.87573","3.16277","7.14251","0","0","0","0","0","0","0","0"
"0.819267","0.125011","0.211728","0.00685568","0.228374","0.26832","0.310115","1.73845e-15","3.0079","2.83881","3.27936","7.52949","0","0","0","0","0","0","0","0"
"0.822667","0.125011","0.211728","0.00686435","0.23196","0.271528","0.325818","1.74162e-15","3.03087","2.87399","3.11758","7.36909","0","0","0","0","0","0","0","0"
"0.826033","0.125011","0.211728","0.00687178","0.229388","0.269106","0.318108","1.72446e-15","3.04472","2.85103","3.16448","7.14418","0","0","0","0","0","0","0","0"
"0.83055","0.125011","0.211728","0.00688481","0.228604","0.269366","0.316768","1.72917e-15","2.97379","2.80058","3.03654","7.26148","0","0","0","0","0","0","0","0"
"0.83385","0.125011","0.214553","0.00689991","0.22606","0.267201","0.311695","1.73596e-15","2.99333","2.85687","3.1186","7.42617","0","0","0","0","0","0","0","0"
"0.837233","0.125011","0.214553","0.00692272","0.22452","0.265068","0.300507","1.7229e-15","2.95388","2.79186","3.20784","7.2087","0","0","0","0","0","0","0","0"
"0.84165","0.125011","0.214553","0.00695095","0.220323","0.258404","0.303505","1.73148e-15","2.97586","2.81727","3.19487","7.27389","0","0","0","0","0","0","0","0"
"0.845033","0.125011","0.214553","0.00697565","0.218779","0.257239","0.297974","1.74958e-15","2.96885","2.7883","3.17012","7.42286","0","0","0","0","0","0","0","0"
"0.848533","0.125011","0.214553","0.00699188","0.21857","0.258945","0.303624","1.72419e-15","2.92825","2.78417","3.04653","7.21962","0","0","0","0","0","0","0","0"
"0.851817","0.125011","0.219229","0.0070116","0.219851","0.263693","0.306138","1.72927e-15","2.92633","2.75072","3.09314","7.25054","0","0","0","0","0","0","0","0"
"0.8552","0.125011","0.219229","0.00703457","0.217012","0.260452","0.296504","1.74924e-15","2.91434","2.75077","3.16516","7.313","0","0","0","0","0","0","0","0"
"0.858583","0.125011","0.219229","0.00707375","0.217725","0.262284","0.292585","1.75141e-15","2.91393","2.72529","3.10971","7.13058","0","0","0","0","0","0","0","0"
"0.861967","0.125011","0.219229","0.00711009","0.218296","0.263634","0.288709","1.72937e-15","2.86731","2.73464","3.04673","6.95892","0","0","0","0","0","0","0","0"
"0.865467","0.125011","0.219229","0.00713406","0.221109","0.268174","0.295455","1.72421e-15","2.87975","2.66227","3.0174","6.99536","0","0","0","0","0","0","0","0"
"0.868733","0.125011","0.221388","0.00714906","0.223045","0.268525","0.306311","1.73072e-15","2.93337","2.73864","2.96997","7.00745","0","0","0","0","0","0","0","0"
"0.872133","0.125011","0.221388","0.00716656","0.221444","0.266802","0.299718","1.7097e-15","2.87912","2.67595","2.95833","6.92178","0","0","0","0","0","0","0","0"
"0.875517","0.125011","0.221388","0.00718157","0.220849","0.268361","0.29451","1.72672e-15","2.85514","2.64675","3.02459","7.29788","0","0","0","0","0","0","0","0"
"0.8789","0.125011","0.221388","0.00719907","0.224754","0.273948","0.299935","1.74208e-15","2.91155","2.7026","2.94064","7.32484","0","0","0","0","0","0","0","0"
"0.882383","0.125011","0.221388","0.00721361","0.224893","0.275969","0.302634","1.71556e-15","2.90507","2.62882","2.81783","7.21864","0","0","0","0","0","0","0","0"
"0.885667","0.125011","0.222978","0.00723482","0.223196","0.278291","0.297404","1.74064e-15","2.88076","2.58867","2.85786","7.516","0","0","0","0","0","0","0","0"
"0.889067","0.125011","0.222978","0.00725667","0.22381","0.283685","0.297909","1.75097e-15","2.81876","2.51987","2.81138","7.48439","0","0","0","0","0","0","0","0"
"0.89245","0.125011","0.222978","0.00728219","0.224644","0.286315","0.290772","1.72587e-15","2.80119","2.5","2.83608","7.26647","0","0","0","0","0","0","0","0"
"0.895833","0.125011","0.222978","0.00730407","0.22304","0.28704","0.294095","1.73653e-15","2.80075","2.48109","2.73444","7.29739","0","0","0","0","0","0","0","0"
"0.899317","0.125011","0.222978","0.00732264","0.223168","0.289473","0.293989","1.73384e-15","2.7496","2.49373","2.7067","7.11365","0","0","0","0","0","0","0","0"
"0.9026","0.125011","0.226286","0.00734146","0.225429","0.290829","0.312696","1.71595e-15","2.76471","2.52332","3.01949","6.9368","0","0","0","0","0","0","0","0"
"0.905983","0.125011","0.226286","0.00737106","0.226931","0.29166","0.33789","1.71429e-15","2.75118","2.51412","3.18937","7.20467","0","0","0","0","0","0","0","0"
"0.909367","0.125011","0.226286","0.00739838","0.227077","0.292455","0.338692","1.74291e-15","2.77634","2.53124","3.09274","7.41597","0","0","0","0","0","0","0","0"
"0.913867","0.125011","0.226286","0.00743497","0.226601","0.290969","0.327021","1.71587e-15","2.74306","2.47634","3.12609","7.15472","0","0","0","0","0","0","0","0"
"0.91725","0.125011","0.230844","0.00745077","0.226451","0.29323","0.326938","1.71005e-15","2.71003","2.42771","3.00206","7.11322","0","0","0","0","0","0","0","0"
"0.920583","0.125011","0.230844","0.00746967","0.227171","0.2954","0.317793","1.73743e-15","2.66741","2.37786","3.08452","7.61178","0","0","0","0","0","0","0","0"
"0.925","0.125011","0.230844","0.00749127","0.227212","0.296167","0.315345","1.74127e-15","2.63917","2.35881","3.02798","7.52637","0","0","0","0","0","0","0","0"
"0.928383","0.125011","0.230844","0.00751017","0.2275","0.298322","0.330127","1.72484e-15","2.62028","2.35071","3.01544","7.39413","0","0","0","0","0","0","0","0"
"0.931867","0.125011","0.230844","0.00750979","0.225245","0.296766","0.334613","1.72604e-15","2.61707","2.34961","2.93529","7.33473","0","0","0","0","0","0","0","0"
"0.93515","0.125011","0.235566","0.00749968","0.224018","0.296933","0.327085","1.74807e-15","2.62383","2.31978","2.96218","7.4875","0","0","0","0","0","0","0","0"
"0.938533","0.125011","0.235566","0.00749101","0.224001","0.295981","0.331939","1.73163e-15","2.6415","2.34792","2.91983","7.20986","0","0","0","0","0","0","0","0"
"0.941917","0.125011","0.235566","0.0074809","0.223324","0.294371","0.332654","1.74879e-15","2.63035","2.3327","2.8484","7.47767","0","0","0","0","0","0","0","0"
"0.9453","0.125011","0.235566","0.00747223","0.225083","0.297461","0.327421","1.75208e-15","2.65205","2.35417","2.85454","7.67325","0","0","0","0","0","0","0","0"
"0.948817","0.125011","0.235566","0.00746292","0.223541","0.298357","0.316522","1.72099e-15","2.6616","2.35245","2.93762","7.39319","0","0","0","0","0","0","0","0"
"0.952067","0.125011","0.239458","0.00745521","0.220704","0.29546","0.305884","1.72219e-15","2.6565","2.35388","3.04727","7.45076","0","0","0","0","0","0","0","0"
"0.955467","0.125011","0.239458","0.00744621","0.222014","0.297806","0.304261","1.73201e-15","2.67886","2.38712","3.00788","7.32202","0","0","0","0","0","0","0","0"
"0.95885","0.125011","0.239458","0.0074385","0.225339","0.300598","0.305158","1.71713e-15","2.69358","2.44332","3.04377","7.0966","0","0","0","0","0","0","0","0"
"0.96225","0.125011","0.239458","0.0074295","0.225616","0.300471","0.3023","1.73388e-15","2.74228","2.45247","2.95004","7.3258","0","0","0","0","0","0","0","0"
"0.965717","0.125011","0.239458","0.00744063","0.228632","0.303696","0.299659","1.73177e-15","2.76685","2.4208","2.93393","7.04686","0","0","0","0","0","0","0","0"
"0.969","0.125011","0.242399","0.00746175","0.230798","0.304683","0.303158","1.71313e-15","2.69766","2.38821","2.88942","6.78173","0","0","0","0","0","0","0","0"
"0.972383","0.125011","0.242399","0.00748057","0.227635","0.301939","0.304697","1.722e-15","2.72994","2.40431","2.81626","6.71961","0","0","0","0","0","0","0","0"
"0.9758","0.125011","0.242399","0.00750254","0.228634","0.303015","0.30207","1.73016e-15","2.73555","2.38547","2.86358","6.7271","0","0","0","0","0","0","0","0"
"0.97915","0.125011","0.242399","0.00752137","0.226225","0.301092","0.300158","1.70673e-15","2.75746","2.38613","2.8135","6.60039","0","0","0","0","0","0","0","0"
"0.98265","0.125011","0.242399","0.00753988","0.224703","0.298017","0.309577","1.71158e-15","2.76805","2.42298","2.84176","6.89524","0","0","0","0","0","0","0","0"
"0.985933","0.125011","0.244899","0.00755753","0.229643","0.303133","0.309868","1.72032e-15","2.68696","2.44319","2.87702","6.8632","0","0","0","0","0","0","0","0"
"0.989317","0.125011","0.244899","0.00757818","0.228425","0.302129","0.310662","1.71597e-15","2.67573","2.47469","2.86202","6.80774","0","0","0","0","0","0","0","0"
"0.9927","0.125011","0.244899","0.00759588","0.227456","0.298902","0.31659","1.73916e-15","2.68687","2.4883","2.93207","7.145","0","0","0","0","0","0","0","0"
"0.9972","0.125011","0.244899","0.00761442","0.227535","0.298859","0.335214","1.72616e-15","2.69732","2.46446","2.83198","6.74096","0","0","0","0","0","0","0","0"
"1.00052","0.125011","0.247881","0.00760808","0.228495","0.301472","0.331559","1.73746e-15","2.72838","2.47961","2.83716","7.17651","0","0","0","0","0","0","0","0"
"1.00388","0.125011","0.247881","0.00760068","0.227229","0.299918","0.321209","1.7267e-15","2.73143","2.45949","2.89192","7.08511","0","0","0","0","0","0","0","0"
"1.00833","0.125011","0.247881","0.00759222","0.226229","0.301364","0.323787","1.72362e-15","2.67371","2.4669","2.89873","7.19014","0","0","0","0","0","0","0","0"
"1.01182","0.125011","0.247881","0.00758482","0.22787","0.304007","0.316695","1.74014e-15","2.65194","2.51155","2.94535","7.42015","0","0","0","0","0","0","0","0"
"1.01533","0.125011","0.247881","0.00758082","0.226941","0.304913","0.310042","1.71506e-15","2.67533","2.49175","2.96975","7.23784","0","0","0","0","0","0","0","0"
"1.01872","0.125011","0.249757","0.00757752","0.225385","0.303726","0.300538","1.73393e-15","2.73155","2.52775","3.0285","7.38123","0","0","0","0","0","0","0","0"
"1.02197","0.125011","0.249757","0.00757469","0.224488","0.301468","0.299202","1.73765e-15","2.72421","2.52729","2.99913","7.26122","0","0","0","0","0","0","0","0"
"1.02535","0.125011","0.249757","0.00757139","0.22412","0.300911","0.297752","1.7226e-15","2.71811","2.50463","3.04525","7.13295","0","0","0","0","0","0","0","0"
"1.02875","0.125011","0.249757","0.00756857","0.223985","0.301252","0.302708","1.7432e-15","2.68927","2.45212","3.05412","7.16247","0","0","0","0","0","0","0","0"
"1.03223","0.125011","0.249757","0.00757457","0.221647","0.298765","0.304657","1.72409e-15","2.68965","2.40942","2.98638","6.9165","0","0","0","0","0","0","0","0"
"1.03552","0.125011","0.251592","0.00758291","0.22394","0.301045","0.313571","1.72645e-15","2.63252","2.3568","2.96245","7.0255","0","0","0","0","0","0","0","0"
"1.0389","0.125011","0.251592","0.00759264","0.225154","0.303724","0.322994","1.75683e-15","2.61565","2.38634","2.96831","7.14929","0","0","0","0","0","0","0","0"
"1.04228","0.125011","0.251592","0.00760098","0.224184","0.303151","0.319939","1.73663e-15","2.65848","2.39434","2.95226","6.94421","0","0","0","0","0","0","0","0"
"1.04567","0.125011","0.251592","0.00761071","0.228576","0.306273","0.33073","1.73967e-15","2.74421","2.39192","2.96174","7.11031","0","0","0","0","0","0","0","0"
"1.04918","0.125011","0.251592","0.00760267","0.228569","0.306144","0.323964","1.73417e-15","2.71733","2.38359","2.99106","7.064","0","0","0","0","0","0","0","0"
"1.05243","0.125011","0.252829","0.00758947","0.229352","0.307709","0.321254","1.71393e-15","2.72621","2.37231","2.96126","6.84733","0","0","0","0","0","0","0","0"
"1.05583","0.125011","0.252829","0.00757816","0.231014","0.309583","0.312827","1.72467e-15","2.7016","2.36993","3.04373","7.087","0","0","0","0","0","0","0","0"
"1.0592","0.125011","0.252829","0.00756496","0.232204","0.309526","0.315237","1.74797e-15","2.71406","2.3601","2.96642","7.44273","0","0","0","0","0","0","0","0"
"1.06258","0.125011","0.252829","0.00755365","0.230035","0.30535","0.305259","1.75635e-15","2.71918","2.36065","3.0371","7.48618","0","0","0","0","0","0","0","0"
"1.06608","0.125011","0.252829","0.00755385","0.230425","0.304812","0.305643","1.71903e-15","2.70691","2.37268","2.96029","7.41189","0","0","0","0","0","0","0","0"
"1.06937","0.125011","0.25393","0.00755593","0.230461","0.307115","0.309386","1.71937e-15","2.6938","2.42935","3.05057","7.50168","0","0","0","0","0","0","0","0"
"1.07275","0.125011","0.25393","0.00755836","0.228136","0.305217","0.304955","1.74025e-15","2.70607","2.42169","2.99368","7.53621","0","0","0","0","0","0","0","0"
"1.07613","0.125011","0.25393","0.00756044","0.228493","0.306787","0.306461","1.72822e-15","2.76083","2.43842","2.94686","7.28446","0","0","0","0","0","0","0","0"
"1.08053","0.125011","0.25393","0.00756","0.224933","0.305985","0.315971","1.72888e-15","2.78295","2.45554","2.89105","7.3679","0","0","0","0","0","0","0","0"
"1.08368","0.125011","0.25584","0.00755141","0.221989","0.305883","0.319742","1.74308e-15","2.77231","2.41303","2.8851","7.50733","0","0","0","0","0","0","0","0"
"1.08708","0.125011","0.25584","0.00754281","0.22129","0.307391","0.330747","1.75077e-15","2.75881","2.41866","2.84526","7.36106","0","0","0","0","0","0","0","0"
"1.0915","0.125011","0.25584","0.00752992","0.218486","0.30655","0.329596","1.72249e-15","2.75821","2.47575","2.92024","7.0701","0","0","0","0","0","0","0","0"
"1.09488","0.125011","0.25584","0.00752132","0.219512","0.308963","0.343259","1.72392e-15","2.72977","2.44948","2.97948","7.17885","0","0","0","0","0","0","0","0"
"1.09838","0.125011","0.25584","0.00750685","0.219416","0.309788","0.339547","1.72815e-15","2.72145","2.45125","3.0202","7.00086","0","0","0","0","0","0","0","0"
"1.10167","0.125011","0.256671","0.0074916","0.218454","0.310429","0.355549","1.73056e-15","2.77294","2.47946","3.26909","7.0038","0","0","0","0","0","0","0","0"
"1.10503","0.125011","0.256671","0.00747381","0.217464","0.310206","0.34446","1.71174e-15","2.76451","2.45737","3.30612","6.76714","0","0","0","0","0","0","0","0"
"1.10843","0.125011","0.256671","0.00745856","0.217404","0.310047","0.346991","1.7216e-15","2.86136","2.50425","3.13253","7.11288","0","0","0","0","0","0","0","0"
"1.11182","0.125011","0.256671","0.00744076","0.21802","0.309306","0.340281","1.74216e-15","2.84852","2.49844","3.09946","7.35806","0","0","0","0","0","0","0","0"
"1.11533","0.125011","0.256671","0.00742714","0.219266","0.310951","0.339066","1.71338e-15","2.82376","2.47407","3.05372","7.28369","0","0","0","0","0","0","0","0"
"1.11858","0.125011","0.257051","0.00741218","0.219423","0.312075","0.339758","1.72225e-15","2.78733","2.44552","2.97617","7.56306","0","0","0","0","0","0","0","0"
"1.12197","0.125011","0.257051","0.00739937","0.217308","0.309464","0.334015","1.74969e-15","2.76232","2.43371","2.98428","7.69926","0","0","0","0","0","0","0","0"
"1.12535","0.125011","0.257051","0.00738441","0.217333","0.309337","0.347912","1.73266e-15","2.72364","2.41977","2.99483","7.49312","0","0","0","0","0","0","0","0"
"1.12875","0.125011","0.257051","0.0073716","0.216394","0.309482","0.344467","1.73406e-15","2.71882","2.39089","2.99331","7.57738","0","0","0","0","0","0","0","0"
"1.13223","0.125011","0.257051","0.00736291","0.216126","0.309624","0.340833","1.7394e-15","2.73442","2.38383","3.00096","7.47375","0","0","0","0","0","0","0","0"
"1.13552","0.125011","0.257669","0.0073576","0.216523","0.311102","0.336258","1.72634e-15","2.74885","2.36932","3.00832","7.28401","0","0","0","0","0","0","0","0"
"1.1389","0.125011","0.257669","0.00735142","0.218431","0.313368","0.346917","1.72468e-15","2.77779","2.42308","2.95885","7.39065","0","0","0","0","0","0","0","0"
"1.14228","0.125011","0.257669","0.00734611","0.222415","0.314465","0.346226","1.75131e-15","2.77694","2.44216","2.91448","7.40959","0","0","0","0","0","0","0","0"
"1.14567","0.125011","0.257669","0.00733993","0.224886","0.316875","0.344765","1.73106e-15","2.8089","2.47508","2.84169","7.33367","0","0","0","0","0","0","0","0"
"1.14917","0.125011","0.257669","0.0073368","0.225319","0.315931","0.340241","1.71044e-15","2.77765","2.46132","2.83359","7.36459","0","0","0","0","0","0","0","0"
"1.15243","0.125011","0.258127","0.00733366","0.225994","0.315674","0.340023","1.73222e-15","2.72777","2.42346","2.80267","7.48955","0","0","0","0","0","0","0","0"
"1.15583","0.125011","0.258127","0.00733096","0.226583","0.316879","0.341578","1.73652e-15","2.74369","2.43185","2.86501","7.42107","0","0","0","0","0","0","0","0"
"1.1592","0.125011","0.258127","0.00732782","0.223671","0.315225","0.335895","1.72024e-15","2.78911","2.46317","2.87545","7.25045","0","0","0","0","0","0","0","0"
"1.1626","0.125011","0.258127","0.00732513","0.221601","0.312634","0.341228","1.73993e-15","2.75542","2.44412","2.79847","7.11096","0","0","0","0","0","0","0","0"
"1.16608","0.125011","0.258127","0.00733187","0.219969","0.312198","0.339806","1.73202e-15","2.75054","2.45078","2.81716","6.96489","0","0","0","0","0","0","0","0"
"1.16937","0.125011","0.259194","0.00733906","0.220452","0.312525","0.332764","1.71654e-15","2.7158","2.41211","2.85078","6.732","0","0","0","0","0","0","0","0"
"1.17483","0.125011","0.259194","0.00735225","0.221911","0.311238","0.326717","1.72584e-15","2.98538","2.63027","2.86884","7.08153","0","0","0","0","0","0","0","0"
"1.17822","0.125011","0.259194","0.00735944","0.221658","0.311979","0.334196","1.74183e-15","2.91274","2.56331","2.76853","7.15852","0","0","0","0","0","0","0","0"
"1.1817","0.125011","0.259194","0.00736306","0.220131","0.312047","0.322331","1.71574e-15","2.86191","2.55499","2.95849","6.92052","0","0","0","0","0","0","0","0"
"1.185","0.125011","0.260688","0.0073631","0.221211","0.313555","0.316197","1.73362e-15","2.82059","2.51087","2.98154","7.09266","0","0","0","0","0","0","0","0"
"1.18837","0.125011","0.260688","0.00736315","0.222791","0.313599","0.313221","1.75256e-15","2.80517","2.49422","2.92702","7.17852","0","0","0","0","0","0","0","0"
"1.19175","0.125011","0.260688","0.00736319","0.220304","0.311879","0.327414","1.7397e-15","2.85573","2.48874","2.90501","6.96251","0","0","0","0","0","0","0","0"
"1.19515","0.125011","0.260688","0.00736324","0.220259","0.313818","0.32188","1.73222e-15","2.81618","2.4568","2.92958","7.10837","0","0","0","0","0","0","0","0"
"1.19865","0.125011","0.260688","0.00736407","0.218034","0.312469","0.314861","1.7377e-15","2.83668","2.45421","3.00861","7.07761","0","0","0","0","0","0","0","0"
"1.20192","0.125011","0.260702","0.0073655","0.218051","0.313056","0.309306","1.72508e-15","2.82706","2.44558","2.99423","6.90807","0","0","0","0","0","0","0","0"
"1.2053","0.125011","0.260702","0.00736673","0.219778","0.31476","0.309438","1.71546e-15","2.85097","2.46288","2.92513","7.14387","0","0","0","0","0","0","0","0"
"1.20868","0.125011","0.260702","0.00736816","0.221551","0.316216","0.336014","1.74005e-15","2.82871","2.45974","2.98339","7.30499","0","0","0","0","0","0","0","0"
"1.21208","0.125011","0.260702","0.00736939","0.220166","0.315417","0.327465","1.73897e-15","2.81712","2.46087","3.04065","7.20629","0","0","0","0","0","0","0","0"
"1.21557","0.125011","0.260702","0.00736305","0.220557","0.315908","0.338957","1.71753e-15","2.88441","2.50731","3.08694","7.0609","0","0","0","0","0","0","0","0"
"1.21883","0.125011","0.260961","0.00735495","0.220284","0.314978","0.333095","1.73828e-15","2.87772","2.48124","3.12492","7.14581","0","0","0","0","0","0","0","0"
"1.22223","0.125011","0.260961","0.0073455","0.218699","0.313947","0.319786","1.73108e-15","2.85185","2.47032","3.26344","7.12044","0","0","0","0","0","0","0","0"
"1.22562","0.125011","0.260961","0.0073374","0.217964","0.313097","0.324206","1.71975e-15","2.83536","2.43243","3.15534","7.13352","0","0","0","0","0","0","0","0"
"1.229","0.125011","0.260961","0.00732795","0.219827","0.313647","0.326635","1.74893e-15","2.87831","2.46886","3.01472","7.26928","0","0","0","0","0","0","0","0"
"1.23252","0.125011","0.260961","0.00732677","0.218617","0.313829","0.320627","1.7216e-15","2.86816","2.49458","3.0517","7.11974","0","0","0","0","0","0","0","0"
"1.23577","0.125011","0.261567","0.00732701","0.220715","0.315702","0.344613","1.71063e-15","2.81191","2.4706","3.14091","7.33892","0","0","0","0","0","0","0","0"
"1.23917","0.125011","0.261567","0.00732722","0.221201","0.3152","0.370159","1.73216e-15","2.81648","2.47433","3.01369","7.50582","0","0","0","0","0","0","0","0"
"1.24253","0.125011","0.261567","0.00732746","0.222597","0.314994","0.365477","1.71583e-15","2.8092","2.44947","2.98407","7.29287","0","0","0","0","0","0","0","0"
"1.24592","0.125011","0.261567","0.00732766","0.222469","0.314671","0.359922","1.71613e-15","2.77555","2.42459","3.0207","7.26222","0","0","0","0","0","0","0","0"
"1.24942","0.125011","0.261567","0.00733792","0.221175","0.316386","0.354352","1.72673e-15","2.7758","2.39707","3.032","7.16295","0","0","0","0","0","0","0","0"
"1.2527","0.125011","0.262199","0.00734814","0.222552","0.315752","0.348452","1.71308e-15","2.75427","2.38288","3.05555","6.96573","0","0","0","0","0","0","0","0"
"1.25817","0.125011","0.262199","0.00736689","0.221117","0.313616","0.337025","1.74633e-15","2.75545","2.36152","3.03563","7.31502","0","0","0","0","0","0","0","0"
"1.26155","0.125011","0.262199","0.00737711","0.219521","0.313456","0.337222","1.74504e-15","2.73679","2.3692","2.98274","7.21152","0","0","0","0","0","0","0","0"
"1.26503","0.125011","0.262199","0.00738261","0.216737","0.312564","0.332466","1.73339e-15","2.77641","2.40513","2.94553","7.16845","0","0","0","0","0","0","0","0"
"1.26833","0.125011","0.26257","0.00738318","0.216004","0.31169","0.325797","1.75401e-15","2.76897","2.3842","2.97821","7.46925","0","0","0","0","0","0","0","0"
"1.2717","0.125011","0.26257","0.00738385","0.213744","0.311725","0.323473","1.73476e-15","2.80038","2.37948","2.98133","7.28376","0","0","0","0","0","0","0","0"
"1.27508","0.125011","0.26257","0.00738442","0.215261","0.315058","0.332864","1.7602e-15","2.7576","2.39713","2.8744","7.66137","0","0","0","0","0","0","0","0"
"1.27847","0.125011","0.26257","0.00738509","0.211596","0.312379","0.31967","1.76378e-15","2.78191","2.40535","2.98532","7.64609","0","0","0","0","0","0","0","0"
"1.282","0.125011","0.26257","0.00738667","0.209519","0.310931","0.321169","1.74239e-15","2.76756","2.41446","2.86301","7.4312","0","0","0","0","0","0","0","0"
"1.28525","0.125011","0.26264","0.00738909","0.211081","0.314628","0.323045","1.74565e-15","2.72825","2.37056","2.81917","7.53684","0","0","0","0","0","0","0","0"
"1.28863","0.125011","0.26264","0.00739117","0.209585","0.313369","0.31584","1.72801e-15","2.74553","2.3953","2.83814","7.37212","0","0","0","0","0","0","0","0"
"1.29202","0.125011","0.26264","0.0073936","0.208277","0.311409","0.305274","1.7316e-15","2.73207","2.38674","2.92445","7.5269","0","0","0","0","0","0","0","0"
"1.2954","0.125011","0.26264","0.00739567","0.209417","0.311778","0.314865","1.74169e-15","2.70482","2.37754","2.84581","7.70044","0","0","0","0","0","0","0","0"
"1.2989","0.125011","0.26264","0.00738873","0.209174","0.31241","0.310839","1.7099e-15","2.6692","2.38279","2.84264","7.48696","0","0","0","0","0","0","0","0"
"1.30217","0.125011","0.26183","0.00737956","0.211169","0.312391","0.3211","1.72017e-15","2.71102","2.39843","2.79106","7.60753","0","0","0","0","0","0","0","0"
"1.30555","0.125011","0.26183","0.00736887","0.210798","0.312515","0.335089","1.73611e-15","2.75244","2.41541","2.80464","7.67216","0","0","0","0","0","0","0","0"
"1.30895","0.125011","0.26183","0.0073597","0.20994","0.311214","0.334438","1.72102e-15","2.76878","2.39898","2.76576","7.49482","0","0","0","0","0","0","0","0"
"1.31233","0.125011","0.26183","0.00734901","0.207686","0.308996","0.334538","1.73644e-15","2.7786","2.38598","2.69168","7.79076","0","0","0","0","0","0","0","0"
"1.31583","0.125011","0.26183","0.00734283","0.207132","0.30887","0.328948","1.72102e-15","2.7542","2.38328","2.70877","7.63666","0","0","0","0","0","0","0","0"
"1.3191","0.125011","0.261017","0.00733632","0.208916","0.309304","0.334558","1.71151e-15","2.75201","2.37544","2.63308","7.69614","0","0","0","0","0","0","0","0"
"1.32248","0.125011","0.261017","0.00733073","0.209451","0.309698","0.336348","1.73291e-15","2.73161","2.36217","2.72356","8.08238","0","0","0","0","0","0","0","0"
"1.32587","0.125011","0.261017","0.00732422","0.208987","0.307535","0.326818","1.71849e-15","2.73436","2.35059","2.75501","7.73221","0","0","0","0","0","0","0","0"
"1.32925","0.125011","0.261017","0.00731863","0.208884","0.307581","0.322721","1.72186e-15","2.71698","2.32366","2.78935","7.79388","0","0","0","0","0","0","0","0"
"1.33277","0.125011","0.261017","0.00731812","0.21","0.30884","0.317064","1.71777e-15","2.72552","2.34863","2.82558","7.52595","0","0","0","0","0","0","0","0"
"1.33603","0.125011","0.260327","0.00731854","0.209293","0.307631","0.308295","1.70735e-15","2.80295","2.38029","2.9282","7.29226","0","0","0","0","0","0","0","0"
"1.3415","0.125011","0.260327","0.00731931","0.210985","0.309812","0.319803","1.72654e-15","2.76551","2.41925","2.93743","7.41893","0","0","0","0","0","0","0","0"
"1.34488","0.125011","0.260327","0.00731973","0.212042","0.310969","0.332469","1.71976e-15","2.76699","2.41537","2.82696","7.42181","0","0","0","0","0","0","0","0"
"1.34838","0.125011","0.260327","0.00732952","0.211512","0.310982","0.319723","1.71713e-15","2.82778","2.42433","2.92113","7.45768","0","0","0","0","0","0","0","0"
"1.35165","0.125011","0.259402","0.00734443","0.20976","0.309904","0.312304","1.70638e-15","2.87165","2.4046","2.94583","7.21235","0","0","0","0","0","0","0","0"
"1.35503","0.125011","0.259402","0.00736183","0.206729","0.307175","0.301614","1.72026e-15","2.85713","2.37978","3.04978","7.20509","0","0","0","0","0","0","0","0"
"1.35842","0.125011","0.259402","0.00737675","0.207821","0.308708","0.305844","1.73271e-15","2.88922","2.42501","2.98416","7.08647","0","0","0","0","0","0","0","0"
"1.3618","0.125011","0.259402","0.00739415","0.207241","0.307039","0.319526","1.71308e-15","2.8597","2.41422","2.85094","6.96115","0","0","0","0","0","0","0","0"
"1.36538","0.125011","0.259402","0.00740649","0.207504","0.307671","0.320262","1.71247e-15","2.91231","2.44819","2.76578","6.94661","0","0","0","0","0","0","0","0"
"1.36857","0.125011","0.259019","0.00741939","0.208219","0.307283","0.320019","1.69707e-15","2.9283","2.48038","2.87013","6.85804","0","0","0","0","0","0","0","0"
"1.37197","0.125011","0.259019","0.00743044","0.207175","0.3072","0.341264","1.70318e-15","2.9346","2.46249","2.75401","7.02871","0","0","0","0","0","0","0","0"
"1.37535","0.125011","0.259019","0.00744333","0.20595","0.307328","0.341255","1.72705e-15","2.91575","2.43093","2.84182","7.24141","0","0","0","0","0","0","0","0"
"1.37873","0.125011","0.259019","0.00745439","0.206607","0.307598","0.340676","1.71097e-15","2.86008","2.40311","2.84085","7.13111","0","0","0","0","0","0","0","0"
"1.38227","0.125011","0.259019","0.00746541","0.207029","0.308327","0.364569","1.7068e-15","2.78378","2.39512","2.76034","7.16421","0","0","0","0","0","0","0","0"
"1.3855","0.125011","0.258408","0.00747422","0.209955","0.310809","0.359223","1.71006e-15","2.81036","2.43321","2.75238","7.12498","0","0","0","0","0","0","0","0"
"1.38888","0.125011","0.258408","0.0074845","0.211946","0.311962","0.350804","1.71275e-15","2.85542","2.45675","2.85617","7.40642","0","0","0","0","0","0","0","0"
"1.39228","0.125011","0.258408","0.00749331","0.212724","0.311387","0.347596","1.73649e-15","2.8697","2.45352","2.84427","7.69984","0","0","0","0","0","0","0","0"
"1.39567","0.125011","0.258408","0.00750358","0.213412","0.312398","0.342876","1.71424e-15","2.83469","2.43573","2.891","7.54395","0","0","0","0","0","0","0","0"
"1.39917","0.125011","0.258408","0.00750613","0.212","0.311062","0.334642","1.71081e-15","2.83452","2.42994","2.94463","7.62346","0","0","0","0","0","0","0","0"
"1.40243","0.125011","0.257656","0.00750763","0.212782","0.313502","0.32594","1.7028e-15","2.83877","2.42695","2.96873","7.32392","0","0","0","0","0","0","0","0"
"1.40582","0.125011","0.257656","0.00750892","0.211838","0.313619","0.325216","1.71548e-15","2.80154","2.43901","2.99375","7.50923","0","0","0","0","0","0","0","0"
"1.4092","0.125011","0.257656","0.00751043","0.211839","0.315348","0.318014","1.71647e-15","2.7792","2.4362","3.06013","7.4483","0","0","0","0","0","0","0","0"
"1.41258","0.125011","0.257656","0.00751172","0.213565","0.316565","0.32176","1.71237e-15","2.87324","2.4547","2.973","7.35865","0","0","0","0","0","0","0","0"
"1.41608","0.125011","0.257656","0.0075094","0.218552","0.319896","0.334521","1.72049e-15","2.93","2.47082","3.19018","7.21811","0","0","0","0","0","0","0","0"
"1.41937","0.125011","0.257911","0.00750687","0.218583","0.318247","0.338517","1.70967e-15","2.90979","2.45306","3.05653","7.03727","0","0","0","0","0","0","0","0"
"1.42482","0.125011","0.257911","0.00750223","0.220936","0.31895","0.331226","1.73161e-15","2.8483","2.42226","3.082","7.32808","0","0","0","0","0","0","0","0"
"1.42822","0.125011","0.257911","0.0074997","0.224668","0.320889","0.327284","1.71942e-15","2.98957","2.50519","3.05863","7.02488","0","0","0","0","0","0","0","0"
"1.4317","0.125011","0.257911","0.00749194","0.223489","0.320132","0.319689","1.71782e-15","2.98634","2.49184","3.06552","6.90126","0","0","0","0","0","0","0","0"
"1.43498","0.125011","0.258653","0.00748218","0.220561","0.31629","0.314873","1.73448e-15","2.99578","2.48423","3.08917","7.02607","0","0","0","0","0","0","0","0"
"1.43837","0.125011","0.258653","0.0074708","0.21821","0.316438","0.314314","1.71142e-15","2.98371","2.4822","2.97608","6.79386","0","0","0","0","0","0","0","0"
"1.44182","0.125011","0.258653","0.00746105","0.217064","0.316858","0.316188","1.71677e-15","2.99118","2.48545","2.97233","7.04585","0","0","0","0","0","0","0","0"
"1.44513","0.125011","0.258653","0.00744967","0.215542","0.316069","0.31976","1.73136e-15","2.95709","2.45342","2.89019","7.08584","0","0","0","0","0","0","0","0"
"1.44865","0.125011","0.258653","0.00744047","0.216482","0.316647","0.325508","1.70429e-15","3.03176","2.60059","3.21841","6.92568","0","0","0","0","0","0","0","0"
"1.4519","0.125011","0.260068","0.00743006","0.214603","0.314877","0.317247","1.71512e-15","3.00037","2.54273","3.23887","7.01057","0","0","0","0","0","0","0","0"
"1.4553","0.125011","0.260068","0.00742115","0.215331","0.314344","0.314411","1.74218e-15","3.12715","2.55501","3.26006","7.17423","0","0","0","0","0","0","0","0"
"1.45868","0.125011","0.260068","0.00741074","0.213731","0.310452","0.318244","1.72699e-15","3.14751","2.58632","3.33392","7.04687","0","0","0","0","0","0","0","0"
"1.46207","0.125011","0.260068","0.00740182","0.216484","0.313426","0.313615","1.73132e-15","3.27434","2.66632","3.43002","7.28002","0","0","0","0","0","0","0","0"
"1.46555","0.125011","0.260068","0.00738819","0.218091","0.315818","0.314422","1.72821e-15","3.17655","2.6739","3.30649","7.33289","0","0","0","0","0","0","0","0"
"1.46883","0.125011","0.260253","0.0073754","0.214869","0.31473","0.312586","1.71255e-15","3.19769","2.64364","3.30645","7.19617","0","0","0","0","0","0","0","0"
"1.47222","0.125011","0.260253","0.00736048","0.213357","0.314116","0.314143","1.73713e-15","3.1688","2.58638","3.13935","7.45013","0","0","0","0","0","0","0","0"
"1.47575","0.125011","0.260253","0.00734769","0.213589","0.314468","0.314548","1.75442e-15","3.13249","2.53996","3.08449","7.57706","0","0","0","0","0","0","0","0"
"1.47898","0.125011","0.260253","0.00733277","0.217508","0.315237","0.316527","1.74221e-15","3.13817","2.6094","3.07531","7.46226","0","0","0","0","0","0","0","0"
"1.4825","0.125011","0.260253","0.00732613","0.217993","0.315322","0.320486","1.74318e-15","3.10146","2.58147","2.93641","7.42085","0","0","0","0","0","0","0","0"
"1.48577","0.125011","0.259795","0.00731981","0.218676","0.316154","0.321374","1.72351e-15","3.06943","2.53856","2.87361","7.24885","0","0","0","0","0","0","0","0"
"1.48915","0.125011","0.259795","0.00731439","0.218362","0.31496","0.328839","1.7301e-15","3.04415","2.55229","2.77064","7.54702","0","0","0","0","0","0","0","0"
"1.49253","0.125011","0.259795","0.00730808","0.216321","0.312793","0.342306","1.73765e-15","3.03712","2.54217","2.62329","7.50347","0","0","0","0","0","0","0","0"
"1.49592","0.125011","0.259795","0.00730266","0.216759","0.314081","0.340925","1.71329e-15","3.01413","2.51821","2.5829","7.30711","0","0","0","0","0","0","0","0"
"1.4994","0.125011","0.259795","0.00728461","0.215933","0.313631","0.334909","1.71876e-15","3.0027","2.51973","2.60467","7.32756","0","0","0","0","0","0","0","0"
"1.5027","0.125011","0.25975","0.00726746","0.218228","0.314625","0.33573","1.72887e-15","3.05474","2.56724","2.72003","7.27272","0","0","0","0","0","0","0","0"
"1.50815","0.125011","0.25975","0.00723602","0.216477","0.31376","0.321439","1.73735e-15","3.10207","2.52507","2.81937","7.36876","0","0","0","0","0","0","0","0"
"1.51153","0.125011","0.25975","0.00721886","0.216848","0.315452","0.3198","1.73419e-15","3.05218","2.50424","2.826","7.2663","0","0","0","0","0","0","0","0"
"1.51503","0.125011","0.25975","0.00720712","0.214765","0.314377","0.315569","1.71344e-15","3.02381","2.49788","2.79221","7.10856","0","0","0","0","0","0","0","0"
"1.51832","0.125011","0.259845","0.00720237","0.211589","0.310048","0.3098","1.73184e-15","3.01754","2.48693","2.82919","7.28704","0","0","0","0","0","0","0","0"
"1.5217","0.125011","0.259845","0.00719683","0.210519","0.310352","0.312477","1.70818e-15","3.00761","2.49724","2.86849","7.18632","0","0","0","0","0","0","0","0"
"1.52508","0.125011","0.259845","0.00719208","0.209922","0.310881","0.314262","1.7283e-15","2.99051","2.48486","2.8333","7.33151","0","0","0","0","0","0","0","0"
"1.52847","0.125011","0.259845","0.00718654","0.209341","0.3103","0.319778","1.71945e-15","2.92774","2.47036","2.81204","7.10255","0","0","0","0","0","0","0","0"
"1.532","0.125011","0.259845","0.00718611","0.209072","0.311115","0.323825","1.71059e-15","2.89175","2.42883","2.76942","6.93033","0","0","0","0","0","0","0","0"
"1.5353","0.125011","0.259485","0.00718812","0.207006","0.310353","0.311134","1.71241e-15","2.90618","2.42961","2.89674","6.8622","0","0","0","0","0","0","0","0"
"1.53862","0.125011","0.259485","0.00718985","0.206591","0.310887","0.308718","1.70863e-15","2.90667","2.40956","2.87514","6.83796","0","0","0","0","0","0","0","0"
"1.542","0.125011","0.259485","0.00719187","0.206249","0.311388","0.315329","1.72462e-15","2.88248","2.40731","2.83328","6.96067","0","0","0","0","0","0","0","0"
"1.5454","0.125011","0.259485","0.0071936","0.205543","0.309841","0.316422","1.71042e-15","2.87148","2.40805","2.87551","6.9669","0","0","0","0","0","0","0","0"
"1.54888","0.125011","0.259485","0.0072009","0.203788","0.308905","0.309348","1.71903e-15","2.9065","2.39921","2.88192","6.98098","0","0","0","0","0","0","0","0"
"1.5523","0.125011","0.258717","0.00720896","0.204892","0.311626","0.306214","1.70739e-15","2.86309","2.37806","2.85636","6.80317","0","0","0","0","0","0","0","0"
"1.55555","0.125011","0.258717","0.00721836","0.203906","0.310738","0.303283","1.72821e-15","2.88143","2.40514","2.84014","7.16087","0","0","0","0","0","0","0","0"
"1.55895","0.125011","0.258717","0.00722642","0.201791","0.309098","0.303819","1.72582e-15","2.86247","2.40115","2.9778","7.01215","0","0","0","0","0","0","0","0"
"1.56232","0.125011","0.258717","0.00723583","0.201369","0.309458","0.304781","1.7264e-15","2.8627","2.43309","2.905","7.19544","0","0","0","0","0","0","0","0"
"1.56583","0.125011","0.258717","0.00723754","0.202833","0.308788","0.303152","1.72593e-15","2.83666","2.44858","3.29006","7.02518","0","0","0","0","0","0","0","0"
"1.56915","0.125011","0.257856","0.00723806","0.203577","0.30747","0.298937","1.71248e-15","2.85021","2.46407","3.31924","6.78031","0","0","0","0","0","0","0","0"
"1.57248","0.125011","0.257856","0.0072385","0.205645","0.308263","0.300252","1.72969e-15","2.8193","2.48774","3.23421","7.16804","0","0","0","0","0","0","0","0"
"1.57587","0.125011","0.257856","0.00723901","0.206209","0.30754","0.311783","1.72529e-15","2.97571","2.49773","3.25208","7.12573","0","0","0","0","0","0","0","0"
"1.57925","0.125011","0.257856","0.00723945","0.207624","0.305834","0.317301","1.72906e-15","3.05938","2.5062","3.13303","7.36011","0","0","0","0","0","0","0","0"
"1.58272","0.125011","0.257856","0.00723638","0.20784","0.307058","0.311238","1.71653e-15","3.07936","2.49221","3.12623","7.22084","0","0","0","0","0","0","0","0"
"1.5861","0.125011","0.257104","0.00723324","0.20652","0.305565","0.312429","1.71348e-15","3.05214","2.50372","2.97638","7.13596","0","0","0","0","0","0","0","0"
"1.59148","0.125011","0.257104","0.00722749","0.21027","0.309064","0.311537","1.7237e-15","3.01944","2.55551","2.91101","7.23312","0","0","0","0","0","0","0","0"
"1.59487","0.125011","0.257104","0.00722434","0.213286","0.310311","0.317523","1.72727e-15","3.02859","2.55093","2.98352","7.22132","0","0","0","0","0","0","0","0"
"1.59835","0.125011","0.257104","0.00722321","0.214023","0.311885","0.313796","1.72649e-15","2.92163","2.50562","2.96783","7.17918","0","0","0","0","0","0","0","0"
"1.60373","0.125011","0.256301","0.00722429","0.212755","0.311641","0.317897","1.73766e-15","2.9409","2.49341","2.82256","7.22728","0","0","0","0","0","0","0","0"
"1.60712","0.125011","0.256301","0.00722505","0.211194","0.312699","0.324013","1.73356e-15","2.95678","2.49583","2.77713","7.10974","0","0","0","0","0","0","0","0"
"1.6105","0.125011","0.256301","0.00722571","0.209171","0.311179","0.320131","1.72606e-15","2.95519","2.51211","2.78581","7.15601","0","0","0","0","0","0","0","0"
"1.61393","0.125011","0.256301","0.00722552","0.20815","0.310334","0.314131","1.73771e-15","2.92954","2.51826","2.79337","7.32322","0","0","0","0","0","0","0","0"
"1.61738","0.125011","0.255955","0.00722297","0.206995","0.310987","0.311324","1.72432e-15","2.9241","2.5182","2.77361","7.23141","0","0","0","0","0","0","0","0"
"1.62075","0.125011","0.255955","0.00722078","0.206683","0.310906","0.308941","1.74382e-15","2.8807","2.48958","2.83217","7.41034","0","0","0","0","0","0","0","0"
"1.62413","0.125011","0.255955","0.00721823","0.207484","0.311452","0.313607","1.73906e-15","2.83673","2.48186","2.85385","7.43391","0","0","0","0","0","0","0","0"
"1.62752","0.125011","0.255955","0.00721604","0.206331","0.309861","0.305143","1.74017e-15","2.8071","2.50056","2.92676","7.63251","0","0","0","0","0","0","0","0"
"1.63102","0.125011","0.255955","0.00721049","0.205292","0.311183","0.306488","1.73931e-15","2.81298","2.4944","2.86991","7.56683","0","0","0","0","0","0","0","0"
"1.6343","0.125011","0.256195","0.0072023","0.203704","0.30889","0.324828","1.72807e-15","2.84185","2.49242","2.8892","7.44638","0","0","0","0","0","0","0","0"
"1.63768","0.125011","0.256195","0.00719275","0.203138","0.308379","0.314696","1.73622e-15","2.83317","2.53365","2.98107","7.59099","0","0","0","0","0","0","0","0"
"1.64107","0.125011","0.256195","0.00718457","0.204063","0.309924","0.315437","1.73125e-15","2.82851","2.54885","2.93291","7.55832","0","0","0","0","0","0","0","0"
"1.64445","0.125011","0.256195","0.00717502","0.204228","0.310042","0.314171","1.72675e-15","2.80228","2.53325","2.87639","7.61937","0","0","0","0","0","0","0","0"
"1.64795","0.125011","0.256195","0.00717011","0.203628","0.309435","0.315478","1.72718e-15","2.8264","2.54662","2.88827","7.59141","0","0","0","0","0","0","0","0"
"1.65122","0.125011","0.25597","0.00716821","0.20369","0.30894","0.315831","1.71586e-15","2.82178","2.53838","2.83759","7.45899","0","0","0","0","0","0","0","0"
"1.6546","0.125011","0.25597","0.00716658","0.20396","0.309063","0.308269","1.72974e-15","2.82857","2.50966","2.91411","7.62862","0","0","0","0","0","0","0","0"
"1.658","0.125011","0.25597","0.00716468","0.20484","0.308831","0.305491","1.72965e-15","2.83971","2.50509","2.91527","7.45194","0","0","0","0","0","0","0","0"
"1.66153","0.125011","0.25597","0.00716306","0.205201","0.308903","0.308981","1.73026e-15","2.84307","2.52009","2.94635","7.47935","0","0","0","0","0","0","0","0"
"1.66487","0.125011","0.25597","0.00716216","0.2071","0.309321","0.313336","1.73993e-15","2.81992","2.50297","2.91718","7.5223","0","0","0","0","0","0","0","0"
"1.66815","0.125011","0.255625","0.00716203","0.206958","0.308691","0.317376","1.7298e-15","2.82033","2.49963","2.84723","7.40229","0","0","0","0","0","0","0","0"
"1.67155","0.125011","0.255625","0.00716188","0.207226","0.309286","0.314552","1.73628e-15","2.86635","2.47","2.86435","7.36969","0","0","0","0","0","0","0","0"
"1.67492","0.125011","0.255625","0.00716175","0.207173","0.30925","0.312004","1.7474e-15","2.90056","2.44716","2.8481","7.35631","0","0","0","0","0","0","0","0"
"1.6783","0.125011","0.255625","0.0071616","0.207714","0.309779","0.309666","1.73267e-15","2.90272","2.40929","2.84632","7.31141","0","0","0","0","0","0","0","0"
"1.6818","0.125011","0.255625","0.00716198","0.207739","0.310607","0.30521","1.72992e-15","2.87341","2.38756","2.85354","7.34365","0","0","0","0","0","0","0","0"
"1.68637","0.250022","0.255355","0.00718419","0.208165","0.309938","0.301993","1.71751e-15","2.92303","2.40403","2.83844","7.27916","0","0","0","0","0","0","0","0"
"1.68977","0.250022","0.255355","0.00721618","0.208276","0.310646","0.300477","1.72784e-15","2.91125","2.41295","2.82906","7.44044","0","0","0","0","0","0","0","0"
"1.69315","0.250022","0.255355","0.00726345","0.208789","0.310165","0.303176","1.72456e-15","2.91384","2.41822","2.83287","7.47362","0","0","0","0","0","0","0","0"
"1.6972","0.250022","0.255355","0.00744778","0.208292","0.309309","0.301189","1.71626e-15","2.90587","2.41525","2.82123","7.44401","0","0","0","0","0","0","0","0"
"1.70075","0.250022","0.255128","0.00746721","0.211025","0.312186","0.301596","1.75684e-15","2.9453","2.49337","2.93746","7.90521","0","0","0","0","0","0","0","0"
"1.70517","0.250022","0.255128","0.00749834","0.216999","0.315564","0.310658","1.72371e-15","3.01232","2.57668","3.08677","6.80716","0","0","0","0","0","0","0","0"
"1.70855","0.250022","0.255128","0.00754347","0.21626","0.317791","0.306242","1.7509e-15","3.08121","2.59801","3.03707","7.21676","0","0","0","0","0","0","0","0"
"1.71193","0.250022","0.255128","0.0076358","0.219614","0.315729","0.332151","1.75576e-15","3.22993","2.65623","3.19899","6.86682","0","0","0","0","0","0","0","0"
"1.71543","0.250022","0.255128","0.00776367","0.22253","0.317502","0.343454","1.70612e-15","3.21338","2.74927","3.3422","6.92718","0","0","0","0","0","0","0","0"
"1.7187","0.250022","0.254764","0.0077828","0.221447","0.313975","0.343802","1.74244e-15","3.34368","2.7989","3.19881","7.55855","0","0","0","0","0","0","0","0"
"1.72208","0.250022","0.254764","0.0078135","0.226416","0.316431","0.337331","1.72805e-15","3.39745","2.79436","3.19585","7.27103","0","0","0","0","0","0","0","0"
"1.72547","0.250022","0.254764","0.00785529","0.221548","0.313972","0.320784","1.71451e-15","3.34455","2.6916","3.30636","7.21516","0","0","0","0","0","0","0","0"
"1.72888","0.250022","0.254764","0.00799119","0.222199","0.316577","0.321802","1.74684e-15","3.34807","2.81071","3.70728","7.39483","0","0","0","0","0","0","0","0"
"1.73235","0.250022","0.254764","0.00808459","0.221545","0.31691","0.320504","1.72975e-15","3.26554","2.7072","3.57108","7.01002","0","0","0","0","0","0","0","0"
"1.73563","0.250022","0.254846","0.00810837","0.220191","0.316355","0.327293","1.70291e-15","3.19443","2.68391","3.38481","6.79943","0","0","0","0","0","0","0","0"
"1.73902","0.250022","0.254846","0.00813648","0.217848","0.315274","0.350805","1.72649e-15","3.19603","2.65246","3.08185","7.32717","0","0","0","0","0","0","0","0"
"1.74242","0.250022","0.254846","0.00819022","0.213119","0.312649","0.345156","1.72796e-15","3.12853","2.56724","3.06906","7.25097","0","0","0","0","0","0","0","0"
"1.74592","0.250022","0.254846","0.00832152","0.213794","0.313959","0.354324","1.71955e-15","3.11584","2.61933","2.8623","7.14902","0","0","0","0","0","0","0","0"
"1.74927","0.250022","0.254846","0.0084219","0.213289","0.313388","0.351671","1.7387e-15","3.00877","2.58461","2.78858","7.09963","0","0","0","0","0","0","0","0"
"1.75255","0.250022","0.256095","0.00844354","0.216632","0.316957","0.348152","1.72532e-15","3.00878","2.54648","2.81994","6.73826","0","0","0","0","0","0","0","0"
"1.75828","0.250022","0.256095","0.00850867","0.218364","0.317405","0.344351","1.74868e-15","2.94412","2.51777","2.94465","7.1746","0","0","0","0","0","0","0","0"
"1.76167","0.250022","0.256095","0.00862238","0.213385","0.314579","0.335903","1.7265e-15","2.97844","2.50945","2.98267","6.89884","0","0","0","0","0","0","0","0"
"1.76515","0.250022","0.256095","0.00876365","0.215473","0.317188","0.336972","1.72596e-15","2.90987","2.53315","2.96717","6.84433","0","0","0","0","0","0","0","0"
"1.76845","0.250022","0.25682","0.00878838","0.215076","0.315762","0.333868","1.73404e-15","3.00582","2.53979","2.98332","6.85456","0","0","0","0","0","0","0","0"
"1.77183","0.250022","0.25682","0.00881716","0.217957","0.317534","0.346239","1.72408e-15","3.13306","2.59094","3.00116","6.65634","0","0","0","0","0","0","0","0"
"1.77522","0.250022","0.25682","0.00887023","0.218321","0.317729","0.339731","1.73755e-15","3.11466","2.5686","3.02947","6.97535","0","0","0","0","0","0","0","0"
"1.7786","0.250022","0.25682","0.0089788","0.218516","0.316563","0.346094","1.74211e-15","3.11666","2.56512","2.96902","7.04419","0","0","0","0","0","0","0","0"
"1.78208","0.250022","0.25682","0.00912916","0.218581","0.314908","0.339781","1.72215e-15","3.03118","2.53627","3.00361","7.08769","0","0","0","0","0","0","0","0"
"1.78538","0.250022","0.257389","0.00915165","0.216134","0.313539","0.328872","1.74258e-15","3.01176","2.52183","3.09979","7.33352","0","0","0","0","0","0","0","0"
"1.78875","0.250022","0.257389","0.00918775","0.217345","0.31459","0.326058","1.73875e-15","2.98522","2.56515","3.24357","7.26305","0","0","0","0","0","0","0","0"
"1.79213","0.250022","0.257389","0.0092369","0.216908","0.312557","0.325611","1.71945e-15","2.97702","2.55923","3.12976","7.1374","0","0","0","0","0","0","0","0"
"1.79552","0.250022","0.257389","0.0093967","0.218145","0.313138","0.338305","1.72829e-15","2.9374","2.5549","2.97225","7.52631","0","0","0","0","0","0","0","0"
"1.79902","0.250022","0.257389","0.00950653","0.215651","0.310564","0.328198","1.73362e-15","3.00976","2.59571","3.043","7.43053","0","0","0","0","0","0","0","0"
"1.8023","0.250022","0.258235","0.00953448","0.219453","0.312853","0.325761","1.70993e-15","2.9783","2.56679","3.03898","7.27549","0","0","0","0","0","0","0","0"
"1.80568","0.250022","0.258235","0.00956754","0.221775","0.31481","0.331258","1.72557e-15","3.07799","2.62587","3.34418","7.71156","0","0","0","0","0","0","0","0"
"1.80907","0.250022","0.258235","0.00963074","0.226237","0.316535","0.336197","1.73472e-15","3.06513","2.71881","3.22983","7.57166","0","0","0","0","0","0","0","0"
"1.81245","0.250022","0.258235","0.00978512","0.225044","0.315588","0.33134","1.72725e-15","3.04242","2.71504","3.23312","7.54705","0","0","0","0","0","0","0","0"
"1.81595","0.250022","0.258235","0.00990316","0.227528","0.318149","0.347679","1.7424e-15","3.03791","2.68003","3.17051","7.63741","0","0","0","0","0","0","0","0"
"1.81922","0.250022","0.25874","0.0099286","0.22752","0.317084","0.346355","1.73586e-15","3.03971","2.65482","3.17309","7.28227","0","0","0","0","0","0","0","0"
"1.82262","0.250022","0.25874","0.00997014","0.224565","0.314246","0.393501","1.75157e-15","3.03368","2.64914","3.16921","7.70025","0","0","0","0","0","0","0","0"
"1.82598","0.250022","0.25874","0.0100288","0.222773","0.31315","0.407357","1.75081e-15","3.0633","2.65197","3.11512","7.53454","0","0","0","0","0","0","0","0"
"1.83062","0.250022","0.25874","0.010298","0.222284","0.312805","0.389106","1.74166e-15","2.99452","2.60319","3.21591","7.42259","0","0","0","0","0","0","0","0"
"1.8338","0.250022","0.259555","0.0103206","0.220904","0.314446","0.388676","1.74199e-15","2.98353","2.60094","3.14815","7.53867","0","0","0","0","0","0","0","0"
"1.8372","0.250022","0.259555","0.0103554","0.223974","0.316846","0.394467","1.72159e-15","2.96122","2.61357","3.01566","7.38123","0","0","0","0","0","0","0","0"
"1.84162","0.250022","0.259555","0.0104188","0.22746","0.318237","0.390297","1.74332e-15","2.98521","2.66321","2.95235","7.80194","0","0","0","0","0","0","0","0"
"1.845","0.250022","0.259555","0.010558","0.229619","0.318836","0.400592","1.7373e-15","2.99196","2.64225","3.12206","7.5751","0","0","0","0","0","0","0","0"
"1.8485","0.250022","0.259555","0.010731","0.228208","0.318414","0.392203","1.72085e-15","2.94498","2.58512","3.1069","7.36237","0","0","0","0","0","0","0","0"
"1.85178","0.250022","0.260596","0.0107613","0.224127","0.316082","0.395604","1.74321e-15","2.95742","2.61768","3.08254","7.54997","0","0","0","0","0","0","0","0"
"1.85517","0.250022","0.260596","0.0107965","0.228495","0.318866","0.404683","1.73046e-15","3.06476","2.63556","3.03299","7.35883","0","0","0","0","0","0","0","0"
"1.85855","0.250022","0.260596","0.0108615","0.23062","0.319186","0.423537","1.7312e-15","3.02387","2.58846","2.99598","7.27331","0","0","0","0","0","0","0","0"
"1.86193","0.250022","0.260596","0.0109944","0.230592","0.320673","0.411426","1.75257e-15","3.05264","2.58954","3.07861","7.54579","0","0","0","0","0","0","0","0"
"1.86542","0.250022","0.260596","0.0111786","0.233844","0.321551","0.40513","1.72838e-15","2.9929","2.66392","3.06965","7.45387","0","0","0","0","0","0","0","0"
"1.8687","0.250022","0.261402","0.0112061","0.233874","0.321638","0.409748","1.72765e-15","2.95436","2.65025","2.94252","7.38269","0","0","0","0","0","0","0","0"
"1.87208","0.250022","0.261402","0.0112503","0.230647","0.319996","0.421333","1.75655e-15","2.94828","2.63098","2.84119","7.57625","0","0","0","0","0","0","0","0"
"1.87547","0.250022","0.261402","0.0113105","0.235339","0.323255","0.41916","1.74335e-15","3.00994","2.62024","2.86843","7.33372","0","0","0","0","0","0","0","0"
"1.87887","0.250022","0.261402","0.0115061","0.237543","0.326182","0.411712","1.75412e-15","3.01795","2.63098","2.81547","7.26107","0","0","0","0","0","0","0","0"
"1.88235","0.250022","0.261402","0.0116406","0.239081","0.328439","0.424484","1.73956e-15","3.00304","2.60027","2.79457","7.10437","0","0","0","0","0","0","0","0"
"1.88563","0.250022","0.262833","0.0116749","0.238108","0.326322","0.425373","1.7222e-15","3.06282","2.63703","2.85043","7.10047","0","0","0","0","0","0","0","0"
"1.88902","0.250022","0.262833","0.0117153","0.240298","0.325767","0.422934","1.73932e-15","3.14381","2.63667","2.7877","7.4148","0","0","0","0","0","0","0","0"
"1.89242","0.250022","0.262833","0.0117927","0.241029","0.326359","0.433556","1.71702e-15","3.11153","2.6424","2.80775","7.20375","0","0","0","0","0","0","0","0"
"1.89578","0.250022","0.262833","0.0119818","0.243253","0.329792","0.43054","1.72962e-15","3.04594","2.66913","2.84402","7.35601","0","0","0","0","0","0","0","0"
"1.89928","0.250022","0.262833","0.0121263","0.245192","0.33004","0.427129","1.72755e-15","3.04575","2.67502","2.95752","6.97694","0","0","0","0","0","0","0","0"
"1.90255","0.250022","0.264824","0.0121575","0.243561","0.328553","0.427735","1.71504e-15","3.04923","2.65409","2.99672","6.86186","0","0","0","0","0","0","0","0"
"1.90595","0.250022","0.264824","0.0122083","0.247604","0.331253","0.427217","1.73685e-15","3.07241","2.64826","2.94218","7.02709","0","0","0","0","0","0","0","0"
"1.90932","0.250022","0.264824","0.0122802","0.24835","0.330967","0.423807","1.74092e-15","3.0277","2.63411","2.94697","6.87112","0","0","0","0","0","0","0","0"
"1.91385","0.250022","0.264824","0.0126098","0.24814","0.331811","0.411873","1.72525e-15","3.01134","2.60822","2.96547","6.64793","0","0","0","0","0","0","0","0"
"1.91708","0.250022","0.267631","0.0126375","0.249671","0.330657","0.422397","1.7371e-15","2.92578","2.59093","2.91616","6.9073","0","0","0","0","0","0","0","0"
"1.92048","0.250022","0.267631","0.012673","0.251506","0.33411","0.429033","1.73483e-15","3.06369","2.66002","2.83067","6.89193","0","0","0","0","0","0","0","0"
"1.92477","0.250022","0.267631","0.0127577","0.252904","0.33418","0.475217","1.71018e-15","3.035","2.61385","2.89337","6.96797","0","0","0","0","0","0","0","0"
"1.92833","0.250022","0.267631","0.0129282","0.252074","0.332137","0.45608","1.73866e-15","3.02074","2.61411","3.03184","7.22315","0","0","0","0","0","0","0","0"
"1.93182","0.250022","0.267631","0.01314","0.254721","0.333894","0.474337","1.71551e-15","2.94672","2.59682","3.00182","7.03187","0","0","0","0","0","0","0","0"
"1.93512","0.250022","0.270436","0.013177","0.255637","0.337089","0.480635","1.71896e-15","2.95703","2.58013","2.81282","7.16135","0","0","0","0","0","0","0","0"
"1.93848","0.250022","0.270436","0.0132202","0.256853","0.338166","0.477197","1.73449e-15","2.9424","2.58701","2.79052","7.34923","0","0","0","0","0","0","0","0"
"1.94183","0.250022","0.270436","0.0132998","0.257744","0.338585","0.483709","1.71816e-15","3.00805","2.6972","2.90513","7.19702","0","0","0","0","0","0","0","0"
"1.94517","0.250022","0.270436","0.0134626","0.258275","0.338547","0.489711","1.72517e-15","3.13595","2.81389","2.84922","7.25","0","0","0","0","0","0","0","0"
"1.94875","0.250022","0.270436","0.013688","0.259511","0.33977","0.506928","1.71498e-15","3.08474","2.77855","2.78004","7.14896","0","0","0","0","0","0","0","0"
"1.95197","0.250022","0.273282","0.0137217","0.26211","0.34155","0.514308","1.69781e-15","3.01262","2.79256","2.78618","7.01233","0","0","0","0","0","0","0","0"
"1.95533","0.250022","0.273282","0.0137667","0.261865","0.339275","0.517356","1.71344e-15","2.99999","2.81763","2.73959","7.15675","0","0","0","0","0","0","0","0"
"1.95873","0.250022","0.273282","0.0138495","0.263484","0.340832","0.515763","1.72779e-15","3.10934","2.82903","2.81574","7.15902","0","0","0","0","0","0","0","0"
"1.96213","0.250022","0.273282","0.014019","0.263271","0.340514","0.52129","1.70648e-15","3.14765","2.87423","2.69416","7.00328","0","0","0","0","0","0","0","0"
"1.96558","0.250022","0.273282","0.0142538","0.266263","0.342043","0.536078","1.70394e-15","3.03695","2.81096","2.76239","6.91098","0","0","0","0","0","0","0","0"
"1.9689","0.250022","0.276466","0.0142889","0.266245","0.34537","0.553188","1.71916e-15","3.01378","2.76335","2.67316","6.9823","0","0","0","0","0","0","0","0"
"1.97227","0.250022","0.276466","0.0143453","0.266878","0.343797","0.533236","1.6984e-15","3.01816","2.74815","2.79507","6.75351","0","0","0","0","0","0","0","0"
"1.97568","0.250022","0.276466","0.014422","0.267862","0.346687","0.539751","1.69913e-15","2.96967","2.70554","2.66779","6.92407","0","0","0","0","0","0","0","0"
"1.97903","0.250022","0.276466","0.0146715","0.268754","0.346816","0.529819","1.73208e-15","3.00165","2.67713","2.70841","7.47908","0","0","0","0","0","0","0","0"
"1.98255","0.250022","0.276466","0.0148287","0.268293","0.345095","0.512086","1.72076e-15","3.05617","2.76042","2.79775","7.31338","0","0","0","0","0","0","0","0"
"1.9858","0.250022","0.279643","0.0148723","0.267948","0.346348","0.510598","1.7016e-15","3.05336","2.79549","2.85228","7.18912","0","0","0","0","0","0","0","0"
"1.98915","0.250022","0.279643","0.014919","0.272832","0.34931","0.519032","1.72183e-15","3.06334","2.80439","2.78805","7.51083","0","0","0","0","0","0","0","0"
"1.99252","0.250022","0.279643","0.014974","0.272468","0.349438","0.507009","1.73404e-15","3.07206","2.7953","2.88964","7.48529","0","0","0","0","0","0","0","0"
"1.99588","0.250022","0.279643","0.0150211","0.276692","0.351625","0.500418","1.71114e-15","3.04533","2.79487","2.96143","7.30603","0","0","0","0","0","0","0","0"
"1.99937","0.250022","0.279643","0.0150478","0.272726","0.35103","0.523348","1.70632e-15","3.08467","2.7826","3.01315","7.33985","0","0","0","0","0","0","0","0"
"2.00265","0.250022","0.283106","0.0150666","0.276646","0.352148","0.52343","1.72665e-15","3.04842","2.87249","2.97499","7.49033","0","0","0","0","0","0","0","0"
"2.00838","0.250022","0.283106","0.0151012","0.277937","0.354984","0.554936","1.71297e-15","3.05013","2.84493","3.00775","7.26845","0","0","0","0","0","0","0","0"
"2.01177","0.250022","0.283106","0.0151231","0.280487","0.357487","0.559437","1.73033e-15","3.06644","2.89578","2.96525","7.38822","0","0","0","0","0","0","0","0"
"2.01903","0.250022","0.283106","0.0151043","0.279663","0.356331","0.564828","1.69906e-15","2.98599","2.84893","2.8569","7.05671","0","0","0","0","0","0","0","0"
"2.02223","0.250022","0.286916","0.0150906","0.276984","0.353944","0.545971","1.70969e-15","2.97672","2.80646","2.93522","7.17641","0","0","0","0","0","0","0","0"
"2.0253","0.250022","0.286916","0.0150747","0.277565","0.35347","0.531826","1.73867e-15","2.92573","2.77086","2.95639","7.48462","0","0","0","0","0","0","0","0"
"2.0287","0.250022","0.286916","0.015061","0.27907","0.352266","0.52667","1.72878e-15","2.87965","2.76759","2.96989","7.40803","0","0","0","0","0","0","0","0"
"2.03218","0.250022","0.286916","0.0150477","0.281528","0.353974","0.55906","1.70417e-15","2.8544","2.76842","2.83819","7.32708","0","0","0","0","0","0","0","0"
"2.03562","0.250022","0.29107","0.0150372","0.281266","0.355452","0.556611","1.72376e-15","2.89879","2.74745","2.88565","7.53585","0","0","0","0","0","0","0","0"
"2.03885","0.250022","0.29107","0.015025","0.279424","0.351264","0.531509","1.74871e-15","2.91586","2.72405","3.02588","7.54086","0","0","0","0","0","0","0","0"
"2.04223","0.250022","0.29107","0.0150145","0.27769","0.351255","0.523996","1.7312e-15","2.93548","2.71114","3.01292","7.32551","0","0","0","0","0","0","0","0"
"2.04562","0.250022","0.29107","0.0150022","0.275098","0.349299","0.518741","1.71731e-15","2.94947","2.73337","2.97452","7.20398","0","0","0","0","0","0","0","0"
"2.04913","0.250022","0.29107","0.0150018","0.279024","0.35356","0.550226","1.71694e-15","2.98531","2.79118","3.02693","7.22567","0","0","0","0","0","0","0","0"
"2.05245","0.250022","0.294565","0.0150035","0.275086","0.347407","0.555827","1.69989e-15","2.97675","2.80936","2.91112","7.0393","0","0","0","0","0","0","0","0"
"2.05583","0.250022","0.294565","0.015005","0.274833","0.348449","0.548257","1.6899e-15","2.97452","2.85584","2.94045","6.94011","0","0","0","0","0","0","0","0"
"2.05917","0.250022","0.294565","0.0150068","0.271764","0.345024","0.526968","1.71461e-15","2.96306","2.83066","3.03375","7.40277","0","0","0","0","0","0","0","0"
"2.06255","0.250022","0.294565","0.0150083","0.271676","0.344485","0.521537","1.73536e-15","2.95577","2.82497","2.9605","7.67629","0","0","0","0","0","0","0","0"
"2.06603","0.250022","0.294565","0.0150207","0.272299","0.342603","0.529458","1.70974e-15","2.94601","2.82892","2.92282","7.3827","0","0","0","0","0","0","0","0"
"2.06932","0.250022","0.296474","0.0150328","0.271941","0.343158","0.548453","1.69771e-15","2.88787","2.78417","2.81707","7.31333","0","0","0","0","0","0","0","0"
"2.0727","0.250022","0.296474","0.0150469","0.268612","0.341274","0.546097","1.7168e-15","2.87614","2.80398","2.78556","7.32442","0","0","0","0","0","0","0","0"
"2.0761","0.250022","0.296474","0.015059","0.267706","0.342064","0.531744","1.7462e-15","2.96408","2.78606","2.87684","7.63823","0","0","0","0","0","0","0","0"
"2.08052","0.250022","0.296474","0.0150729","0.275336","0.347268","0.571955","1.74109e-15","3.05347","2.8719","2.98821","7.43287","0","0","0","0","0","0","0","0"
"2.0839","0.250022","0.296793","0.015072","0.274925","0.346205","0.575156","1.71098e-15","3.11535","2.84419","2.97585","7.28963","0","0","0","0","0","0","0","0"
"2.0873","0.250022","0.296793","0.015071","0.274065","0.346852","0.551827","1.70584e-15","3.15375","2.89373","3.12181","7.26233","0","0","0","0","0","0","0","0"
"2.09172","0.250022","0.296793","0.0150699","0.272721","0.34849","0.53891","1.72779e-15","3.09839","2.87272","3.06598","7.24167","0","0","0","0","0","0","0","0"
"2.0951","0.250022","0.296793","0.0150689","0.271182","0.345166","0.515046","1.75225e-15","3.07137","2.83076","3.22858","7.25645","0","0","0","0","0","0","0","0"
"2.09862","0.250022","0.296793","0.0150759","0.274415","0.346848","0.51722","1.73462e-15","3.15786","2.8908","3.07952","7.17465","0","0","0","0","0","0","0","0"
"2.10188","0.250022","0.296341","0.0150887","0.272182","0.343084","0.515992","1.7152e-15","3.1093","2.85217","3.05709","6.99384","0","0","0","0","0","0","0","0"
"2.10525","0.250022","0.296341","0.0150996","0.272366","0.34495","0.551465","1.73075e-15","3.08534","2.77972","3.44749","7.31622","0","0","0","0","0","0","0","0"
"2.10863","0.250022","0.296341","0.0151124","0.269498","0.343169","0.540717","1.74387e-15","3.10524","2.77667","3.39859","7.28754","0","0","0","0","0","0","0","0"
"2.11228","0.250022","0.296341","0.0151233","0.265188","0.34229","0.52468","1.72111e-15","3.0864","2.72746","3.48297","7.1197","0","0","0","0","0","0","0","0"
"2.11552","0.250022","0.296341","0.0151417","0.276193","0.349675","0.570827","1.70863e-15","3.19982","2.75017","3.71108","7.13463","0","0","0","0","0","0","0","0"
"2.1188","0.250022","0.296991","0.0151594","0.276193","0.349417","0.580276","1.73465e-15","3.10596","2.72751","3.58054","7.55194","0","0","0","0","0","0","0","0"
"2.12225","0.250022","0.296991","0.0151801","0.274407","0.348806","0.555751","1.72902e-15","3.08106","2.73622","3.72981","7.41925","0","0","0","0","0","0","0","0"
"2.12557","0.250022","0.296991","0.0151978","0.276473","0.349178","0.559242","1.7164e-15","3.07775","2.74341","3.69319","7.38697","0","0","0","0","0","0","0","0"
"2.12895","0.250022","0.296991","0.0152184","0.277602","0.348197","0.57343","1.74551e-15","3.04843","2.77448","3.49273","7.40529","0","0","0","0","0","0","0","0"
"2.13247","0.250022","0.296991","0.0152401","0.27406","0.345424","0.577527","1.73277e-15","3.09804","2.80813","3.30487","7.35583","0","0","0","0","0","0","0","0"
"2.13575","0.250022","0.297642","0.0152663","0.275339","0.346053","0.579279","1.71542e-15","3.03389","2.75995","3.26963","7.2232","0","0","0","0","0","0","0","0"
"2.1391","0.250022","0.297642","0.0152887","0.277736","0.349404","0.569045","1.7325e-15","3.0836","2.85378","3.26264","7.52787","0","0","0","0","0","0","0","0"
"2.1425","0.250022","0.297642","0.0153149","0.280065","0.353514","0.563245","1.75598e-15","3.09783","2.97822","3.28435","7.50199","0","0","0","0","0","0","0","0"
"2.14588","0.250022","0.297642","0.0153374","0.281264","0.355887","0.556953","1.74426e-15","3.10313","2.91805","3.2088","7.29495","0","0","0","0","0","0","0","0"
"2.14937","0.250022","0.297642","0.0153572","0.280094","0.354135","0.539491","1.73403e-15","3.05358","2.86845","3.27899","7.29694","0","0","0","0","0","0","0","0"
"2.1529","0.250022","0.298723","0.0153732","0.280012","0.355677","0.537593","1.75754e-15","3.10081","2.89586","3.21319","7.61992","0","0","0","0","0","0","0","0"
"2.15603","0.250022","0.298723","0.015392","0.282213","0.35798","0.531661","1.76097e-15","3.04133","2.8618","3.16168","7.49952","0","0","0","0","0","0","0","0"
"2.15942","0.250022","0.298723","0.015408","0.281538","0.356104","0.533351","1.74663e-15","3.08362","2.84294","2.99887","7.34997","0","0","0","0","0","0","0","0"
"2.16385","0.250022","0.298723","0.0154365","0.278161","0.353685","0.526512","1.76806e-15","3.09043","2.80791","2.93749","7.39038","0","0","0","0","0","0","0","0"
"2.16702","0.250022","0.300223","0.015467","0.282169","0.357258","0.525921","1.75685e-15","3.2234","2.90879","2.88529","7.29555","0","0","0","0","0","0","0","0"
"2.1704","0.250022","0.300223","0.0154975","0.284084","0.358967","0.557579","1.73836e-15","3.33273","2.97702","2.81157","7.12599","0","0","0","0","0","0","0","0"
"2.17403","0.250022","0.300223","0.0155331","0.282715","0.357808","0.546075","1.75195e-15","3.2768","2.92777","2.83437","7.39293","0","0","0","0","0","0","0","0"
"2.17747","0.250022","0.300223","0.0155687","0.281883","0.359426","0.555526","1.74256e-15","3.25607","2.88949","2.70853","7.33356","0","0","0","0","0","0","0","0"
"2.18097","0.250022","0.300223","0.0155922","0.283905","0.362192","0.546283","1.72222e-15","3.18688","2.90441","2.83679","7.23086","0","0","0","0","0","0","0","0"
"2.18423","0.250022","0.302359","0.0156035","0.287987","0.363772","0.552478","1.72679e-15","3.30996","2.96885","2.92564","7.26397","0","0","0","0","0","0","0","0"
"2.18762","0.250022","0.302359","0.0156132","0.283657","0.359992","0.546011","1.71567e-15","3.30071","2.94753","2.87759","7.05099","0","0","0","0","0","0","0","0"
"2.191","0.250022","0.302359","0.0156245","0.285166","0.358893","0.535949","1.73417e-15","3.20055","2.87904","2.84457","7.41457","0","0","0","0","0","0","0","0"
"2.19438","0.250022","0.302359","0.0156342","0.285138","0.360025","0.527746","1.74329e-15","3.1894","2.90968","2.91336","7.44919","0","0","0","0","0","0","0","0"
"2.19787","0.250022","0.302359","0.015643","0.284276","0.359814","0.507721","1.72076e-15","3.16394","2.87421","3.03478","7.16138","0","0","0","0","0","0","0","0"
"2.20115","0.250022","0.304368","0.0156476","0.279344","0.354907","0.501748","1.74584e-15","3.18434","2.86069","2.99558","7.35209","0","0","0","0","0","0","0","0"
"2.20523","0.250022","0.304368","0.0156529","0.281026","0.356282","0.509307","1.7348e-15","3.1674","2.95505","2.98829","7.22111","0","0","0","0","0","0","0","0"
"2.20792","0.250022","0.304368","0.0156575","0.276344","0.353366","0.495872","1.74842e-15","3.15181","2.93246","3.05169","7.27552","0","0","0","0","0","0","0","0"
"2.2113","0.250022","0.304368","0.0156629","0.27997","0.356369","0.494239","1.7554e-15","3.17676","2.91988","2.99735","7.24765","0","0","0","0","0","0","0","0"
"2.2148","0.250022","0.304368","0.0156666","0.276994","0.354631","0.480901","1.73548e-15","3.14116","2.85788","3.06061","7.07912","0","0","0","0","0","0","0","0"
"2.21807","0.250022","0.306362","0.01567","0.276937","0.35211","0.519062","1.74342e-15","3.11075","2.80203","3.63033","7.45928","0","0","0","0","0","0","0","0"
"2.22145","0.250022","0.306362","0.015673","0.27632","0.351221","0.533358","1.73177e-15","3.11136","2.79855","3.41691","7.34096","0","0","0","0","0","0","0","0"
"2.22483","0.250022","0.306362","0.0156764","0.277165","0.353229","0.524685","1.72851e-15","3.12007","2.79981","3.32024","7.23541","0","0","0","0","0","0","0","0"
"2.22823","0.250022","0.306362","0.0156793","0.276295","0.353803","0.52771","1.74429e-15","3.1177","2.86244","3.26023","7.17291","0","0","0","0","0","0","0","0"
"2.23172","0.250022","0.306362","0.0156732","0.276877","0.355124","0.510046","1.72297e-15","3.13838","2.87377","3.29736","6.8865","0","0","0","0","0","0","0","0"
"2.235","0.250022","0.306441","0.0156618","0.281192","0.354975","0.541538","1.74628e-15","3.12447","2.83375","3.10264","7.3266","0","0","0","0","0","0","0","0"
"2.2384","0.250022","0.306441","0.0156485","0.282407","0.353899","0.570782","1.74578e-15","3.13978","2.83853","2.87296","7.23994","0","0","0","0","0","0","0","0"
"2.24177","0.250022","0.306441","0.0156371","0.281667","0.355199","0.55799","1.75179e-15","3.12402","2.85657","2.92307","7.36304","0","0","0","0","0","0","0","0"
"2.24517","0.250022","0.306441","0.0156239","0.281042","0.353484","0.550009","1.76943e-15","3.17253","2.97344","2.98039","7.49324","0","0","0","0","0","0","0","0"
"2.24867","0.250022","0.306441","0.0156016","0.281669","0.354391","0.55734","1.74363e-15","3.15519","2.93546","2.91971","7.33544","0","0","0","0","0","0","0","0"
"2.25193","0.250022","0.30598","0.0155693","0.284688","0.359328","0.555334","1.75562e-15","3.11146","2.89415","2.88857","7.37356","0","0","0","0","0","0","0","0"
"2.2574","0.250022","0.30598","0.0155231","0.282562","0.358319","0.642658","1.72936e-15","3.07885","2.86241","2.98373","7.25758","0","0","0","0","0","0","0","0"
"2.26078","0.250022","0.30598","0.0154908","0.281196","0.356809","0.653053","1.74862e-15","3.09296","2.86997","2.80265","7.38437","0","0","0","0","0","0","0","0"
"2.2643","0.250022","0.30598","0.0154715","0.276542","0.352488","0.620269","1.73805e-15","3.1106","2.87981","3.03379","7.05726","0","0","0","0","0","0","0","0"
"2.26758","0.250022","0.306535","0.0154683","0.278083","0.356075","0.599805","1.74418e-15","3.04063","2.7977","3.10468","7.06069","0","0","0","0","0","0","0","0"
"2.2709","0.250022","0.306535","0.0154655","0.285919","0.360438","0.623672","1.72395e-15","3.11627","2.89801","2.91613","6.96491","0","0","0","0","0","0","0","0"
"2.27427","0.250022","0.306535","0.0154623","0.287538","0.362961","0.641525","1.73149e-15","3.06621","2.85588","2.84768","7.27668","0","0","0","0","0","0","0","0"
"2.27762","0.250022","0.306535","0.0154596","0.288789","0.363709","0.639881","1.7395e-15","3.14316","2.88226","2.89332","7.21928","0","0","0","0","0","0","0","0"
"2.2813","0.250022","0.306535","0.0154602","0.290431","0.362047","0.662733","1.72295e-15","3.19469","2.94265","2.82865","6.88048","0","0","0","0","0","0","0","0"
"2.28457","0.250022","0.307289","0.0154659","0.290064","0.361645","0.64057","1.74293e-15","3.12122","2.97532","2.91229","6.55988","0","0","0","0","0","0","0","0"
"2.28795","0.250022","0.307289","0.0154708","0.285301","0.357529","0.620595","1.72592e-15","3.11678","2.94317","2.99191","6.52348","0","0","0","0","0","0","0","0"
"2.2913","0.250022","0.307289","0.0154765","0.293693","0.363142","0.619057","1.74761e-15","3.15515","2.93235","2.96782","6.79028","0","0","0","0","0","0","0","0"
"2.2947","0.250022","0.307289","0.0154815","0.293249","0.361562","0.616925","1.73048e-15","3.13118","2.93236","2.91159","6.57805","0","0","0","0","0","0","0","0"
"2.29818","0.250022","0.307289","0.0154957","0.292628","0.358852","0.639605","1.72642e-15","3.17109","2.96095","2.75069","6.48269","0","0","0","0","0","0","0","0"
"2.30147","0.250022","0.308612","0.0155135","0.294781","0.362218","0.646776","1.73798e-15","3.12675","2.97666","2.68452","6.6677","0","0","0","0","0","0","0","0"
"2.30485","0.250022","0.308612","0.0155342","0.289078","0.35855","0.618093","1.7258e-15","3.12796","2.96158","2.81767","6.70208","0","0","0","0","0","0","0","0"
"2.30825","0.250022","0.308612","0.0155519","0.287435","0.356319","0.608743","1.74587e-15","3.13464","2.94056","2.81164","6.91259","0","0","0","0","0","0","0","0"
"2.31162","0.250022","0.308612","0.0155726","0.287536","0.356584","0.608793","1.72439e-15","3.10704","2.90636","2.74243","6.73004","0","0","0","0","0","0","0","0"
"2.3151","0.250022","0.308612","0.015599","0.287381","0.356866","0.598489","1.72266e-15","3.05459","2.87289","2.75326","6.72951","0","0","0","0","0","0","0","0"
"2.31975","0.250022","0.310369","0.0156499","0.29059","0.359568","0.594016","1.72504e-15","3.06723","2.91365","2.72359","6.497","0","0","0","0","0","0","0","0"
"2.32313","0.250022","0.310369","0.0156896","0.294915","0.360707","0.586446","1.73942e-15","3.05415","2.91306","2.8285","6.81405","0","0","0","0","0","0","0","0"
"2.32647","0.250022","0.310369","0.0157237","0.295968","0.363984","0.578119","1.73039e-15","3.03684","2.90596","2.80468","6.74303","0","0","0","0","0","0","0","0"
"2.3305","0.250022","0.310369","0.0157627","0.29763","0.365436","0.580846","1.73116e-15","3.10583","3.05707","2.71737","6.75854","0","0","0","0","0","0","0","0"
"2.3337","0.250022","0.310811","0.0157777","0.29411","0.361681","0.613179","1.71959e-15","3.11014","3.05539","2.6388","6.74034","0","0","0","0","0","0","0","0"
"2.33708","0.250022","0.310811","0.0157927","0.291997","0.36099","0.601887","1.71259e-15","3.12284","3.05893","2.63908","6.75992","0","0","0","0","0","0","0","0"

