"Time","Demand 1","Control 1","Output Drive 1","Channel 1","Channel 2","Channel 3","Channel 4","Channel 1 Kurtosis","Channel 2 Kurtosis","Channel 3 Kurtosis","Channel 4 Kurtosis","Rear Input 1","Rear Input 2","Rear Input 3","Rear Input 4","Rear Input 5","Rear Input 6","Rear Input 7","Rear Input 8"
"0.0014","0.125011","0.193516","0","0.14379","0.252379","0.200436","1.44957e-15","2.22364","2.41997","2.78879","3.20454","0","0","0","0","0","0","0","0"
"0.0014","0.125011","0.193516","0","0.14379","0.252379","0.200436","1.44957e-15","2.22364","2.41997","2.78879","3.20454","0","0","0","0","0","0","0","0"
"0.00146667","0.125011","0.193516","0","0.14379","0.252379","0.200436","1.44957e-15","2.22364","2.41997","2.78879","3.20454","0","0","0","0","0","0","0","0"
"0.00653333","0.125011","0.193516","0","0.128777","0.214454","0.16538","1.99349e-15","2.82642","2.0876","2.43508","6.94331","0","0","0","0","0","0","0","0"
"0.0098","0.125011","0.194175","0","0.185147","0.258471","0.197577","1.65636e-15","2.4726","2.80478","2.23967","5.04459","0","0","0","0","0","0","0","0"
"0.0131667","0.125011","0.194175","0","0.146732","0.259824","0.160881","1.50156e-15","2.54623","1.88046","2.53933","4.22171","0","0","0","0","0","0","0","0"
"0.0165","0.125011","0.194175","0","0.132544","0.225273","0.190075","1.71854e-15","2.57939","2.62772","2.30361","7.20625","0","0","0","0","0","0","0","0"
"0.0201667","0.125011","0.194175","1.2187e-05","0.162418","0.275917","0.170825","1.88906e-15","2.64773","2.68916","2.54838","7.38888","0","0","0","0","0","0","0","0"
"0.0234333","0.125011","0.190812","1.30215e-05","0.148696","0.259205","0.2281","1.63277e-15","2.5879","2.13243","3.18927","4.82241","0","0","0","0","0","0","0","0"
"0.0268333","0.125011","0.190812","1.40675e-05","0.168192","0.265367","0.199719","1.59584e-15","2.80937","2.33833","3.38323","7.22531","0","0","0","0","0","0","0","0"
"0.0302167","0.125011","0.190812","1.50307e-05","0.140787","0.228032","0.161803","1.6527e-15","2.29584","2.08237","2.6259","8.62901","0","0","0","0","0","0","0","0"
"0.0361167","0.125011","0.190812","1.69712e-05","0.144229","0.251643","0.178984","1.86446e-15","1.98159","2.93628","2.23062","5.49393","0","0","0","0","0","0","0","0"
"0.0393333","0.125011","0.145224","1.83345e-05","0.130667","0.220592","0.172537","1.50754e-15","2.94303","3.11598","3.00146","5.26068","0","0","0","0","0","0","0","0"
"0.0427167","0.125011","0.145224","1.95899e-05","0.14638","0.260741","0.201638","1.75118e-15","2.40958","2.09826","3.07535","8.62547","0","0","0","0","0","0","0","0"
"0.0461167","0.125011","0.145224","2.11636e-05","0.148705","0.259204","0.186329","1.79416e-15","2.78836","2.33646","2.28308","9.50718","0","0","0","0","0","0","0","0"
"0.0494833","0.125011","0.145224","2.26127e-05","0.146456","0.261926","0.173635","1.94846e-15","2.45058","2.50424","2.93841","9.15281","0","0","0","0","0","0","0","0"
"0.0529667","0.125011","0.145224","2.44292e-05","0.130011","0.248472","0.175682","1.47281e-15","2.64335","1.97532","2.48762","3.46129","0","0","0","0","0","0","0","0"
"0.05625","0.125011","0.1412","2.61019e-05","0.149666","0.268121","0.190043","1.62254e-15","2.14325","2.18087","4.84955","6.25539","0","0","0","0","0","0","0","0"
"0.0596667","0.125011","0.1412","2.81987e-05","0.114647","0.255476","0.174767","1.91598e-15","3.00909","2.26853","2.47913","12.5486","0","0","0","0","0","0","0","0"
"0.0630333","0.125011","0.1412","3.01295e-05","0.132338","0.259094","0.181629","2.00364e-15","2.42218","2.24691","4.11728","6.71992","0","0","0","0","0","0","0","0"
"0.0664167","0.125011","0.1412","3.25498e-05","0.12907","0.226422","0.17225","1.49725e-15","2.76187","2.27606","2.50395","4.33022","0","0","0","0","0","0","0","0"
"0.0699167","0.125011","0.1412","3.47785e-05","0.129939","0.229874","0.166974","1.53672e-15","2.81753","2.17809","3.06186","3.76687","0","0","0","0","0","0","0","0"
"0.0732167","0.125011","0.187532","3.75723e-05","0.128449","0.237368","0.163676","1.8482e-15","2.68835","2.04235","2.61659","9.46677","0","0","0","0","0","0","0","0"
"0.0765833","0.125011","0.187532","4.0145e-05","0.134876","0.237359","0.144085","1.82376e-15","2.18323","2.04575","3.12415","8.23278","0","0","0","0","0","0","0","0"
"0.0799667","0.125011","0.187532","4.33699e-05","0.134457","0.249734","0.159915","1.60939e-15","2.62047","1.94092","2.70386","3.22347","0","0","0","0","0","0","0","0"
"0.08335","0.125011","0.187532","4.63395e-05","0.14422","0.258556","0.162288","1.73806e-15","2.34771","2.22803","3.47509","7.20719","0","0","0","0","0","0","0","0"
"0.0869","0.125011","0.187532","5.00619e-05","0.120647","0.245585","0.186642","2.06843e-15","2.7764","2.64567","2.21937","7.68288","0","0","0","0","0","0","0","0"
"0.0901167","0.125011","0.190583","5.34898e-05","0.127571","0.242034","0.154982","1.75467e-15","2.68085","2.374","3.01898","8.39087","0","0","0","0","0","0","0","0"
"0.0935","0.125011","0.190583","5.77866e-05","0.16429","0.224761","0.180773","1.56315e-15","2.62349","2.7827","2.39761","5.04263","0","0","0","0","0","0","0","0"
"0.0968833","0.125011","0.190583","6.17434e-05","0.13845","0.23891","0.173636","1.6098e-15","2.84941","2.34424","2.6891","5.37698","0","0","0","0","0","0","0","0"
"0.100267","0.125011","0.190583","6.67033e-05","0.130417","0.239476","0.197591","1.83363e-15","2.83138","2.85003","2.34267","10.0444","0","0","0","0","0","0","0","0"
"0.103767","0.125011","0.190583","7.12706e-05","0.130312","0.227828","0.154316","1.96811e-15","3.40679","2.71074","2.55692","7.73934","0","0","0","0","0","0","0","0"
"0.10705","0.125011","0.186494","7.69958e-05","0.157036","0.278467","0.210582","1.8593e-15","3.03628","2.63516","2.82543","5.79379","0","0","0","0","0","0","0","0"
"0.110433","0.125011","0.186494","8.22678e-05","0.149007","0.261089","0.197842","1.53938e-15","2.77038","2.04633","2.66476","3.53063","0","0","0","0","0","0","0","0"
"0.113817","0.125011","0.186494","8.88764e-05","0.153582","0.247578","0.194751","1.76202e-15","2.12225","2.73063","2.6237","10.0708","0","0","0","0","0","0","0","0"
"0.1196","0.125011","0.186494","0.00010035","0.128841","0.196632","0.186624","1.68997e-15","2.84688","2.24907","2.34205","4.24194","0","0","0","0","0","0","0","0"
"0.122933","0.125011","0.194307","0.000107221","0.124399","0.263376","0.183627","1.68013e-15","2.5555","1.95475","2.56816","3.87291","0","0","0","0","0","0","0","0"
"0.126333","0.125011","0.194307","0.000115835","0.128262","0.216584","0.166218","1.79703e-15","2.50704","2.60775","2.21834","9.0918","0","0","0","0","0","0","0","0"
"0.1297","0.125011","0.194307","0.000123766","0.129068","0.233126","0.171889","1.9773e-15","2.56705","2.79914","2.48103","7.23086","0","0","0","0","0","0","0","0"
"0.133083","0.125011","0.194307","0.000133708","0.162009","0.295459","0.192424","1.63702e-15","2.46152","2.4825","1.98037","4.579","0","0","0","0","0","0","0","0"
"0.136567","0.125011","0.194307","0.000142863","0.148013","0.225706","0.173022","1.40672e-15","2.86055","2.42845","2.41876","3.09283","0","0","0","0","0","0","0","0"
"0.139883","0.125011","0.20046","0.00015434","0.171753","0.284525","0.212123","1.91008e-15","2.7116","2.33188","2.96994","8.15578","0","0","0","0","0","0","0","0"
"0.14325","0.125011","0.20046","0.000164908","0.145703","0.25198","0.203053","1.87637e-15","3.17499","2.7879","2.04023","9.09686","0","0","0","0","0","0","0","0"
"0.146617","0.125011","0.20046","0.000178155","0.151743","0.251692","0.181539","1.55361e-15","2.31195","2.22185","2.40668","4.43851","0","0","0","0","0","0","0","0"
"0.150017","0.125011","0.20046","0.000190353","0.156765","0.253681","0.202671","1.50135e-15","2.93766","3.33874","2.47175","4.5961","0","0","0","0","0","0","0","0"
"0.1535","0.125011","0.20046","0.000205645","0.160084","0.257048","0.212091","1.50316e-15","2.45237","2.0982","3.65884","4.46928","0","0","0","0","0","0","0","0"
"0.156783","0.125011","0.194503","0.000219725","0.143329","0.212083","0.20132","1.85151e-15","2.71776","2.90817","2.55661","5.6076","0","0","0","0","0","0","0","0"
"0.160167","0.125011","0.194503","0.000237376","0.141266","0.217562","0.14952","1.54231e-15","2.51403","2.14705","2.85827","4.02739","0","0","0","0","0","0","0","0"
"0.1637","0.125011","0.194503","0.00025363","0.151561","0.244265","0.184729","1.50632e-15","2.20964","3.32148","2.34655","7.16049","0","0","0","0","0","0","0","0"
"0.16695","0.125011","0.194503","0.000274004","0.140333","0.228933","0.168681","1.71615e-15","2.78589","2.19161","3.33017","9.25283","0","0","0","0","0","0","0","0"
"0.170433","0.125011","0.194503","0.000292766","0.187952","0.304209","0.19012","1.58834e-15","3.25318","2.16706","3.46275","5.83657","0","0","0","0","0","0","0","0"
"0.173717","0.125011","0.198425","0.000316284","0.137393","0.231581","0.177925","1.82254e-15","2.48034","2.23895","2.42988","8.27458","0","0","0","0","0","0","0","0"
"0.1771","0.125011","0.198425","0.00033794","0.152219","0.274426","0.190279","1.57123e-15","2.23508","2.27595","2.86601","3.65314","0","0","0","0","0","0","0","0"
"0.180517","0.125011","0.198425","0.000365087","0.144904","0.234941","0.152171","1.58424e-15","3.40384","2.57809","2.71274","3.35757","0","0","0","0","0","0","0","0"
"0.183867","0.125011","0.198425","0.000390085","0.149889","0.244656","0.164744","1.82726e-15","2.80536","2.52041","2.73384","10.1776","0","0","0","0","0","0","0","0"
"0.18735","0.125011","0.198425","0.000421421","0.157587","0.264391","0.199135","1.77016e-15","2.46055","2.08197","2.89766","7.27119","0","0","0","0","0","0","0","0"
"0.190633","0.125011","0.194756","0.000450276","0.142644","0.242924","0.205181","1.72318e-15","2.56024","2.07707","3.76047","4.1574","0","0","0","0","0","0","0","0"
"0.194033","0.125011","0.194756","0.000486447","0.129652","0.236855","0.195376","1.53729e-15","2.37331","2.34421","2.47066","6.84248","0","0","0","0","0","0","0","0"
"0.1974","0.125011","0.194756","0.000519755","0.131663","0.265555","0.166561","1.82239e-15","2.82419","2.20937","2.57736","9.34951","0","0","0","0","0","0","0","0"
"0.202933","0.125011","0.194756","0.000586855","0.148928","0.268845","0.163543","1.56536e-15","2.52515","2.62313","3.25206","4.38315","0","0","0","0","0","0","0","0"
"0.206167","0.125011","0.195885","0.000627038","0.143138","0.262153","0.178333","1.76722e-15","3.40624","2.35067","2.14685","5.64157","0","0","0","0","0","0","0","0"
"0.20955","0.125011","0.195885","0.000669972","0.161909","0.270658","0.183332","1.55867e-15","2.49249","2.41888","2.34269","4.46984","0","0","0","0","0","0","0","0"
"0.21295","0.125011","0.195885","0.000723792","0.171879","0.282226","0.186366","1.60026e-15","2.90112","2.46526","3.03282","4.33934","0","0","0","0","0","0","0","0"
"0.216317","0.125011","0.195885","0.000773351","0.149846","0.237381","0.205399","1.81201e-15","2.61163","2.47317","2.29","8.78413","0","0","0","0","0","0","0","0"
"0.2198","0.125011","0.195885","0.000835475","0.150438","0.23002","0.199842","1.57061e-15","2.3387","2.02562","3.16382","4.47404","0","0","0","0","0","0","0","0"
"0.223083","0.125011","0.199384","0.000892681","0.125873","0.222246","0.203221","1.97946e-15","2.3917","2.3853","2.3687","6.72034","0","0","0","0","0","0","0","0"
"0.226483","0.125011","0.199384","0.000964391","0.160489","0.276254","0.16688","1.69523e-15","2.59922","2.06055","3.67686","7.4586","0","0","0","0","0","0","0","0"
"0.22985","0.125011","0.199384","0.00103042","0.158735","0.254941","0.223951","1.68522e-15","2.3929","2.48341","2.86098","3.5886","0","0","0","0","0","0","0","0"
"0.233233","0.125011","0.199384","0.0011132","0.144214","0.280426","0.236955","1.72386e-15","2.62909","2.23794","3.45624","7.97275","0","0","0","0","0","0","0","0"
"0.23675","0.125011","0.199384","0.00118942","0.158258","0.254084","0.188598","1.77928e-15","2.47003","2.2818","2.27565","4.83762","0","0","0","0","0","0","0","0"
"0.240033","0.125011","0.197876","0.00128497","0.122225","0.21667","0.149674","1.95605e-15","2.6765","2.1886","3.12645","8.31395","0","0","0","0","0","0","0","0"
"0.2434","0.125011","0.197876","0.00137295","0.133882","0.217598","0.161026","1.6189e-15","2.33688","3.00746","2.86376","4.37629","0","0","0","0","0","0","0","0"
"0.246783","0.125011","0.197876","0.00148324","0.152739","0.247413","0.145248","1.6875e-15","2.54179","2.20105","2.51192","8.02653","0","0","0","0","0","0","0","0"
"0.250167","0.125011","0.197876","0.0015848","0.154086","0.223944","0.164085","1.8765e-15","2.74081","2.56407","2.84232","8.19348","0","0","0","0","0","0","0","0"
"0.25365","0.125011","0.197876","0.00171211","0.1366","0.236557","0.183013","1.52269e-15","2.97448","2.80105","2.22849","3.20605","0","0","0","0","0","0","0","0"
"0.256933","0.125011","0.199275","0.00182934","0.145034","0.229222","0.174968","1.58245e-15","2.99312","2.43638","3.3636","4.38646","0","0","0","0","0","0","0","0"
"0.260317","0.125011","0.199275","0.0019763","0.134935","0.258505","0.193489","1.68411e-15","2.39008","2.27166","2.80327","5.82959","0","0","0","0","0","0","0","0"
"0.2637","0.125011","0.199275","0.00211162","0.146815","0.25479","0.164563","1.67295e-15","2.74538","2.27386","2.2767","6.04333","0","0","0","0","0","0","0","0"
"0.2671","0.125011","0.199275","0.00228124","0.164833","0.257773","0.213284","1.81054e-15","2.52803","2.10958","2.73941","9.08303","0","0","0","0","0","0","0","0"
"0.2706","0.125011","0.199275","0.00242889","0.161113","0.249321","0.18416","1.43726e-15","2.64483","2.53845","2.9594","3.87087","0","0","0","0","0","0","0","0"
"0.273867","0.125011","0.195327","0.0025942","0.16339","0.214412","0.219647","1.84368e-15","3.1752","2.9133","2.51825","6.79421","0","0","0","0","0","0","0","0"
"0.27725","0.125011","0.195327","0.00273589","0.145122","0.253477","0.199266","1.68996e-15","2.67137","2.25154","2.26147","6.75882","0","0","0","0","0","0","0","0"
"0.28065","0.125011","0.195327","0.00290119","0.149403","0.232802","0.172949","1.62949e-15","2.98291","2.83774","2.46206","4.3167","0","0","0","0","0","0","0","0"
"0.286267","0.125011","0.195327","0.00315656","0.183193","0.260928","0.203473","1.53307e-15","2.83628","2.74491","2.65645","4.29323","0","0","0","0","0","0","0","0"
"0.2904","0.125011","0.201303","0.0033065","0.181776","0.263054","0.226625","1.87827e-15","2.53882","2.68943","2.12031","9.30561","0","0","0","0","0","0","0","0"
"0.29365","0.125011","0.201303","0.00345644","0.193888","0.271224","0.260138","1.93011e-15","2.71162","2.82997","2.82447","7.92781","0","0","0","0","0","0","0","0"
"0.297033","0.125011","0.201303","0.00358495","0.196125","0.236887","0.231213","1.7106e-15","2.58783","2.86625","2.33334","6.1772","0","0","0","0","0","0","0","0"
"0.300433","0.125011","0.201303","0.00373489","0.16405","0.273971","0.187447","1.64191e-15","2.36591","2.46559","3.37899","4.51309","0","0","0","0","0","0","0","0"
"0.303933","0.125011","0.201303","0.00386217","0.191461","0.289194","0.222861","1.4698e-15","2.78836","2.63583","2.80167","2.87058","0","0","0","0","0","0","0","0"
"0.3072","0.125011","0.203375","0.00400924","0.189561","0.281844","0.235379","1.6395e-15","2.85833","2.55056","2.58458","7.22699","0","0","0","0","0","0","0","0"
"0.310583","0.125011","0.203375","0.0041353","0.185605","0.273931","0.229793","1.79484e-15","2.9041","2.56604","2.5488","8.19919","0","0","0","0","0","0","0","0"
"0.313983","0.125011","0.203375","0.00428237","0.184287","0.272539","0.232792","1.84846e-15","2.83752","2.55167","2.76831","8.32334","0","0","0","0","0","0","0","0"
"0.31735","0.125011","0.203375","0.00440843","0.194683","0.281037","0.243784","1.83573e-15","2.93206","2.5317","2.73356","7.7477","0","0","0","0","0","0","0","0"
"0.32085","0.125011","0.203375","0.00452539","0.199429","0.283296","0.261459","1.70627e-15","2.9462","2.58863","2.67807","6.71088","0","0","0","0","0","0","0","0"
"0.32425","0.125011","0.207141","0.00460629","0.190345","0.274545","0.238834","1.65906e-15","3.01899","2.58732","2.94626","6.24543","0","0","0","0","0","0","0","0"
"0.327517","0.125011","0.207141","0.00470068","0.18569","0.271991","0.23247","1.68104e-15","2.87938","2.56462","2.84962","7.06588","0","0","0","0","0","0","0","0"
"0.3309","0.125011","0.207141","0.00478158","0.189138","0.269667","0.232749","1.73534e-15","2.75139","2.53933","2.9909","8.00006","0","0","0","0","0","0","0","0"
"0.334283","0.125011","0.207141","0.00487597","0.193243","0.270456","0.239886","1.7938e-15","2.78885","2.63298","3.88485","8.53644","0","0","0","0","0","0","0","0"
"0.337783","0.125011","0.207141","0.00491507","0.192693","0.266524","0.236712","1.80101e-15","2.92379","2.67908","3.57853","7.85647","0","0","0","0","0","0","0","0"
"0.3412","0.125011","0.211646","0.0049363","0.194678","0.267949","0.241654","1.78665e-15","2.94881","2.73864","3.34642","7.61342","0","0","0","0","0","0","0","0"
"0.344433","0.125011","0.211646","0.00495456","0.202971","0.274021","0.249638","1.75557e-15","3.25162","2.93701","3.57461","7.2127","0","0","0","0","0","0","0","0"
"0.347817","0.125011","0.211646","0.00498438","0.203915","0.275861","0.252505","1.70775e-15","3.22846","2.84196","3.45236","6.85761","0","0","0","0","0","0","0","0"
"0.3512","0.125011","0.211646","0.00504539","0.202667","0.274075","0.254469","1.69649e-15","3.13777","2.81377","3.24801","6.67031","0","0","0","0","0","0","0","0"
"0.3547","0.125011","0.211646","0.0051007","0.202178","0.27819","0.261285","1.69284e-15","3.26492","2.83627","3.00035","6.78037","0","0","0","0","0","0","0","0"
"0.357983","0.125011","0.214706","0.00511327","0.198697","0.273211","0.256558","1.72821e-15","3.20666","2.80854","2.97349","6.67939","0","0","0","0","0","0","0","0"
"0.361367","0.125011","0.214706","0.00513344","0.199467","0.272194","0.262043","1.74442e-15","3.1915","2.8425","2.85772","6.50359","0","0","0","0","0","0","0","0"
"0.36475","0.125011","0.214706","0.0051609","0.197973","0.270451","0.26289","1.71651e-15","3.14983","2.81911","2.89277","6.30619","0","0","0","0","0","0","0","0"
"0.369617","0.125011","0.214706","0.00530605","0.197441","0.269275","0.261775","1.70109e-15","3.00438","2.79676","2.83729","6.41135","0","0","0","0","0","0","0","0"
"0.372817","0.125011","0.217028","0.00531768","0.193819","0.267179","0.259298","1.72257e-15","2.97274","2.79522","2.83398","6.84433","0","0","0","0","0","0","0","0"
"0.3762","0.125011","0.217028","0.00533264","0.195407","0.267995","0.264269","1.75512e-15","3.02236","2.8436","2.8567","7.37613","0","0","0","0","0","0","0","0"
"0.3796","0.125011","0.217028","0.00535803","0.196826","0.26625","0.263222","1.79914e-15","3.00477","2.86781","2.84718","7.56098","0","0","0","0","0","0","0","0"
"0.382967","0.125011","0.217028","0.00539761","0.196629","0.267932","0.262533","1.79442e-15","2.98567","2.87651","2.85509","7.51243","0","0","0","0","0","0","0","0"
"0.386467","0.125011","0.217028","0.00552538","0.193234","0.266528","0.262776","1.76512e-15","2.95824","2.80392","3.0003","7.28401","0","0","0","0","0","0","0","0"
"0.38975","0.125011","0.218703","0.0055375","0.191438","0.265831","0.263848","1.75228e-15","2.93368","2.83447","2.91121","6.94166","0","0","0","0","0","0","0","0"
"0.39315","0.125011","0.218703","0.00555615","0.193135","0.266077","0.265407","1.73475e-15","2.97971","2.87072","2.91516","6.80548","0","0","0","0","0","0","0","0"
"0.396517","0.125011","0.218703","0.00557951","0.191583","0.267144","0.265072","1.72285e-15","3.01996","2.89477","3.09245","6.89128","0","0","0","0","0","0","0","0"
"0.3999","0.125011","0.218703","0.00563197","0.193099","0.269416","0.264265","1.73004e-15","2.98091","2.86659","3.11838","7.11932","0","0","0","0","0","0","0","0"
"0.403417","0.125011","0.218703","0.00574253","0.191435","0.270714","0.26412","1.74335e-15","2.96399","2.89126","3.10931","7.27913","0","0","0","0","0","0","0","0"
"0.406683","0.125011","0.218952","0.00575153","0.191918","0.270638","0.264226","1.74744e-15","2.94617","2.86931","3.0459","7.33473","0","0","0","0","0","0","0","0"
"0.41005","0.125011","0.218952","0.00575923","0.190475","0.270103","0.259211","1.76831e-15","2.93065","2.83364","3.07669","7.38395","0","0","0","0","0","0","0","0"
"0.413433","0.125011","0.218952","0.00576822","0.192844","0.27217","0.267457","1.76544e-15","2.95513","2.80879","3.09147","7.1623","0","0","0","0","0","0","0","0"
"0.416833","0.125011","0.218952","0.00577593","0.192497","0.273009","0.269586","1.74701e-15","2.99036","2.82491","3.11422","7.02562","0","0","0","0","0","0","0","0"
"0.420317","0.125011","0.218952","0.00578667","0.193396","0.271496","0.269829","1.73029e-15","3.04482","2.85125","3.24782","6.87349","0","0","0","0","0","0","0","0"
"0.42375","0.125011","0.21913","0.00580231","0.192902","0.269197","0.266307","1.73864e-15","3.01909","2.82558","3.15956","7.15309","0","0","0","0","0","0","0","0"
"0.427133","0.125011","0.21913","0.00581715","0.196133","0.271099","0.276076","1.76119e-15","3.04895","2.81645","3.14496","7.53838","0","0","0","0","0","0","0","0"
"0.430533","0.125011","0.21913","0.00583446","0.194864","0.271736","0.274139","1.78793e-15","3.01876","2.80058","3.11085","7.67891","0","0","0","0","0","0","0","0"
"0.433917","0.125011","0.21913","0.0058493","0.193233","0.270562","0.271804","1.80017e-15","3.00149","2.81565","3.09695","7.96084","0","0","0","0","0","0","0","0"
"0.4374","0.125011","0.21913","0.00586441","0.191124","0.271769","0.272472","1.77929e-15","2.96149","2.74156","3.08215","7.74161","0","0","0","0","0","0","0","0"
"0.440683","0.125011","0.219758","0.00587828","0.189778","0.270841","0.268398","1.75573e-15","2.9193","2.74353","3.15797","7.54227","0","0","0","0","0","0","0","0"
"0.444067","0.125011","0.219758","0.00589932","0.187529","0.273909","0.267711","1.73485e-15","2.94303","2.81506","3.14927","7.4345","0","0","0","0","0","0","0","0"
"0.44745","0.125011","0.219758","0.00591837","0.186683","0.274356","0.281588","1.73358e-15","2.93891","2.84519","3.28355","7.50684","0","0","0","0","0","0","0","0"
"0.452933","0.125011","0.219758","0.00594875","0.183364","0.270043","0.27827","1.76698e-15","2.94769","2.86604","3.37948","7.85973","0","0","0","0","0","0","0","0"
"0.4563","0.125011","0.220314","0.00595417","0.181179","0.268053","0.27241","1.76808e-15","2.95803","2.80769","3.37897","7.88569","0","0","0","0","0","0","0","0"
"0.4597","0.125011","0.220314","0.00596048","0.179218","0.265509","0.265837","1.74603e-15","2.9434","2.7981","3.40854","7.63354","0","0","0","0","0","0","0","0"
"0.463083","0.125011","0.220314","0.0059659","0.178201","0.264845","0.262172","1.72315e-15","2.8979","2.75625","3.3488","7.43454","0","0","0","0","0","0","0","0"
"0.466467","0.125011","0.220314","0.00597221","0.177131","0.263643","0.259291","1.72509e-15","2.91001","2.73223","3.4468","7.81794","0","0","0","0","0","0","0","0"
"0.46995","0.125011","0.220314","0.005978","0.176849","0.262838","0.257874","1.72476e-15","2.87994","2.69289","3.36338","7.68554","0","0","0","0","0","0","0","0"
"0.47325","0.125011","0.220664","0.0059856","0.177028","0.265312","0.258685","1.75058e-15","2.90382","2.64306","3.40532","8.06535","0","0","0","0","0","0","0","0"
"0.476617","0.125011","0.220664","0.00599212","0.178234","0.2659","0.261618","1.75665e-15","2.88087","2.69825","3.40002","8.04613","0","0","0","0","0","0","0","0"
"0.48","0.125011","0.220664","0.00599973","0.179523","0.266531","0.259506","1.73708e-15","2.86979","2.71462","3.28567","7.75141","0","0","0","0","0","0","0","0"
"0.483383","0.125011","0.220664","0.00600626","0.179732","0.266924","0.255325","1.72016e-15","2.85441","2.76593","3.26296","7.59147","0","0","0","0","0","0","0","0"
"0.486867","0.125011","0.220664","0.00601638","0.178614","0.264168","0.255397","1.70818e-15","2.85548","2.80964","3.19456","7.55447","0","0","0","0","0","0","0","0"
"0.49015","0.125011","0.219754","0.00602814","0.177074","0.263595","0.255946","1.73872e-15","2.86269","2.75693","3.18362","7.72592","0","0","0","0","0","0","0","0"
"0.49355","0.125011","0.219754","0.00604185","0.175725","0.264058","0.253904","1.76413e-15","2.8068","2.74377","3.20255","7.90152","0","0","0","0","0","0","0","0"
"0.496933","0.125011","0.219754","0.0060536","0.17701","0.264049","0.258737","1.77694e-15","2.80732","2.74656","3.13078","7.90381","0","0","0","0","0","0","0","0"
"0.500317","0.125011","0.219754","0.00606732","0.177665","0.264811","0.257219","1.77086e-15","2.77985","2.73878","3.06694","7.67192","0","0","0","0","0","0","0","0"
"0.5038","0.125011","0.219754","0.00607908","0.176755","0.265759","0.259103","1.75278e-15","2.78695","2.72835","2.97518","7.42907","0","0","0","0","0","0","0","0"
"0.507083","0.125011","0.219102","0.00609556","0.177254","0.265832","0.263039","1.72949e-15","2.78904","2.71193","2.87662","7.17","0","0","0","0","0","0","0","0"
"0.510467","0.125011","0.219102","0.00611449","0.17706","0.265511","0.265743","1.7232e-15","2.80049","2.67034","2.89183","7.0782","0","0","0","0","0","0","0","0"
"0.513867","0.125011","0.219102","0.0061483","0.18043","0.268029","0.267137","1.72493e-15","2.87793","2.69721","2.90425","7.20563","0","0","0","0","0","0","0","0"
"0.517233","0.125011","0.219102","0.00620763","0.181109","0.267927","0.266965","1.73977e-15","2.86418","2.67939","2.86638","7.42065","0","0","0","0","0","0","0","0"
"0.520733","0.125011","0.219102","0.00625588","0.180848","0.264948","0.271014","1.74319e-15","2.88604","2.68093","2.89447","7.4326","0","0","0","0","0","0","0","0"
"0.524017","0.125011","0.218778","0.00627068","0.180115","0.265839","0.277692","1.76482e-15","2.85289","2.68123","2.93088","7.63689","0","0","0","0","0","0","0","0"
"0.5274","0.125011","0.218778","0.00629409","0.180634","0.267598","0.277892","1.78892e-15","2.92343","2.77208","2.88328","7.58955","0","0","0","0","0","0","0","0"
"0.530783","0.125011","0.218778","0.00632494","0.181372","0.269984","0.277334","1.80399e-15","2.94342","2.86847","2.86179","7.59911","0","0","0","0","0","0","0","0"
"0.536267","0.125011","0.218778","0.00639212","0.1846","0.269754","0.279564","1.80654e-15","2.96227","2.89782","2.80864","7.28787","0","0","0","0","0","0","0","0"
"0.539633","0.125011","0.218925","0.00640614","0.185284","0.270309","0.278575","1.79373e-15","2.93632","2.82701","2.85385","7.2525","0","0","0","0","0","0","0","0"
"0.54305","0.125011","0.218925","0.00642772","0.185963","0.269244","0.284969","1.78134e-15","2.90416","2.79078","2.90407","7.1184","0","0","0","0","0","0","0","0"
"0.546417","0.125011","0.218925","0.00645436","0.185723","0.268402","0.287325","1.75473e-15","2.88422","2.76148","2.90227","7.01434","0","0","0","0","0","0","0","0"
"0.5498","0.125011","0.218925","0.0064893","0.186949","0.268227","0.28778","1.73139e-15","2.87429","2.7624","3.00995","6.86578","0","0","0","0","0","0","0","0"
"0.553283","0.125011","0.218925","0.0065134","0.187889","0.268943","0.285481","1.71229e-15","2.80625","2.84492","2.99475","6.61892","0","0","0","0","0","0","0","0"
"0.556583","0.125011","0.219585","0.0065304","0.188747","0.269106","0.284283","1.6989e-15","2.80886","2.80426","2.93025","6.58203","0","0","0","0","0","0","0","0"
"0.559967","0.125011","0.219585","0.00654967","0.188655","0.267658","0.281646","1.70151e-15","2.92235","2.78667","2.90666","6.88324","0","0","0","0","0","0","0","0"
"0.56335","0.125011","0.219585","0.00658319","0.188818","0.267144","0.285284","1.71709e-15","2.97145","2.79987","2.90696","7.24544","0","0","0","0","0","0","0","0"
"0.566733","0.125011","0.219585","0.00663754","0.186783","0.266846","0.289118","1.74338e-15","2.94006","2.79069","2.84679","7.405","0","0","0","0","0","0","0","0"
"0.570217","0.125011","0.219585","0.00668602","0.185992","0.266763","0.28827","1.75585e-15","2.95667","2.74348","2.9002","7.38064","0","0","0","0","0","0","0","0"
"0.5735","0.125011","0.220043","0.00668909","0.185594","0.267677","0.290992","1.76578e-15","2.9406","2.72139","2.85663","7.52332","0","0","0","0","0","0","0","0"
"0.576883","0.125011","0.220043","0.00669267","0.185764","0.269819","0.288323","1.75368e-15","2.99404","2.8061","2.929","7.25913","0","0","0","0","0","0","0","0"
"0.580267","0.125011","0.220043","0.00669574","0.188917","0.272928","0.292001","1.73242e-15","3.22056","2.9199","2.90867","7.07368","0","0","0","0","0","0","0","0"
"0.583667","0.125011","0.220043","0.00669931","0.187553","0.270881","0.294578","1.71853e-15","3.1558","2.92271","2.86628","6.9942","0","0","0","0","0","0","0","0"
"0.58715","0.125011","0.220043","0.00669435","0.185479","0.268279","0.289236","1.70782e-15","3.1843","2.87152","2.92352","6.93164","0","0","0","0","0","0","0","0"
"0.590433","0.125011","0.220193","0.0066792","0.186473","0.26857","0.286328","1.73438e-15","3.10969","2.78529","2.93852","7.45604","0","0","0","0","0","0","0","0"
"0.593817","0.125011","0.220193","0.00666622","0.18597","0.267124","0.28811","1.75683e-15","3.12968","2.82018","2.91797","7.67986","0","0","0","0","0","0","0","0"
"0.59725","0.125011","0.220193","0.00665106","0.189333","0.267713","0.290416","1.77711e-15","3.23677","2.89537","3.35588","7.92136","0","0","0","0","0","0","0","0"
"0.600633","0.125011","0.220193","0.00663808","0.190048","0.268003","0.293486","1.7793e-15","3.17207","2.81078","3.20381","8.12223","0","0","0","0","0","0","0","0"
"0.604117","0.125011","0.220193","0.00662691","0.188393","0.267088","0.291087","1.75388e-15","3.12445","2.74768","3.15263","7.9567","0","0","0","0","0","0","0","0"
"0.6074","0.125011","0.220532","0.0066199","0.187112","0.266938","0.297594","1.72394e-15","3.08884","2.78778","3.04603","7.72209","0","0","0","0","0","0","0","0"
"0.6108","0.125011","0.220532","0.00661172","0.18309","0.264651","0.291863","1.70777e-15","3.14052","2.79418","3.12814","7.55537","0","0","0","0","0","0","0","0"
"0.614183","0.125011","0.220532","0.00660471","0.185723","0.268544","0.296043","1.70824e-15","3.2134","2.82192","3.05056","7.37915","0","0","0","0","0","0","0","0"
"0.6196","0.125011","0.220532","0.00659278","0.1856","0.266753","0.294296","1.7372e-15","3.22367","2.74369","3.05788","7.74869","0","0","0","0","0","0","0","0"
"0.622767","0.125011","0.220918","0.00658851","0.187326","0.267518","0.298376","1.75541e-15","3.14138","2.72689","3.00665","7.9147","0","0","0","0","0","0","0","0"
"0.62615","0.125011","0.220918","0.00658424","0.188305","0.268301","0.294552","1.7717e-15","3.07743","2.76574","2.97473","7.84405","0","0","0","0","0","0","0","0"
"0.62955","0.125011","0.220918","0.00657926","0.188212","0.266973","0.299404","1.78175e-15","3.05955","2.75856","3.0424","7.85884","0","0","0","0","0","0","0","0"
"0.632917","0.125011","0.220918","0.006575","0.189308","0.266998","0.295966","1.77134e-15","3.05117","2.76091","3.01386","7.61159","0","0","0","0","0","0","0","0"
"0.636417","0.125011","0.220918","0.0065726","0.190631","0.268084","0.297576","1.74722e-15","3.0636","2.84261","2.9644","7.2935","0","0","0","0","0","0","0","0"
"0.6397","0.125011","0.220948","0.00657609","0.191563","0.268928","0.308886","1.73205e-15","3.03139","2.84065","3.13636","7.00706","0","0","0","0","0","0","0","0"
"0.643083","0.125011","0.220948","0.00658016","0.191435","0.268713","0.318821","1.71978e-15","3.04843","2.85649","3.00797","6.855","0","0","0","0","0","0","0","0"
"0.6466","0.125011","0.220948","0.00658365","0.189885","0.269026","0.317981","1.70981e-15","2.99083","2.82426","2.93892","6.91429","0","0","0","0","0","0","0","0"
"0.64985","0.125011","0.220948","0.00658772","0.189394","0.268567","0.314434","1.72383e-15","3.07346","2.81932","2.92674","7.44893","0","0","0","0","0","0","0","0"
"0.653367","0.125011","0.220948","0.00659423","0.188117","0.266338","0.310861","1.74121e-15","3.07736","2.78832","2.89003","7.64535","0","0","0","0","0","0","0","0"
"0.656633","0.125011","0.221076","0.00661144","0.185289","0.26425","0.298824","1.74864e-15","3.06678","2.86313","3.0099","7.60519","0","0","0","0","0","0","0","0"
"0.66","0.125011","0.221076","0.00663095","0.185057","0.263371","0.298521","1.76435e-15","3.01009","2.85609","2.97658","7.61788","0","0","0","0","0","0","0","0"
"0.663383","0.125011","0.221076","0.00666195","0.182942","0.260713","0.295969","1.76854e-15","3.0064","2.84601","2.87112","7.52297","0","0","0","0","0","0","0","0"
"0.666783","0.125011","0.221076","0.00668974","0.182852","0.262992","0.300082","1.76028e-15","2.94014","2.79596","2.87227","7.28712","0","0","0","0","0","0","0","0"
"0.670267","0.125011","0.221076","0.00671284","0.181869","0.262141","0.293697","1.73245e-15","2.95124","2.78292","2.87959","7.08681","0","0","0","0","0","0","0","0"
"0.67355","0.125011","0.221232","0.00672199","0.182718","0.263523","0.291964","1.71697e-15","2.94237","2.80902","2.91756","6.98201","0","0","0","0","0","0","0","0"
"0.676933","0.125011","0.221232","0.00673266","0.183271","0.266276","0.296568","1.71073e-15","2.8747","2.76263","2.86204","6.89548","0","0","0","0","0","0","0","0"
"0.680317","0.125011","0.221232","0.00674181","0.185406","0.268722","0.305092","1.71879e-15","2.83114","2.73928","2.94228","7.20342","0","0","0","0","0","0","0","0"
"0.683717","0.125011","0.221232","0.00675249","0.186169","0.26955","0.298432","1.73753e-15","2.81378","2.72707","2.95123","7.84392","0","0","0","0","0","0","0","0"
"0.687217","0.125011","0.221232","0.00675939","0.187441","0.270916","0.297747","1.73741e-15","2.81155","2.82933","2.89781","7.81561","0","0","0","0","0","0","0","0"
"0.690483","0.125011","0.220407","0.00676482","0.18524","0.270925","0.293086","1.72644e-15","2.84122","2.79156","2.92867","7.70093","0","0","0","0","0","0","0","0"
"0.693867","0.125011","0.220407","0.00676948","0.18431","0.269545","0.288043","1.71318e-15","2.80037","2.7819","2.91339","7.34257","0","0","0","0","0","0","0","0"
"0.69725","0.125011","0.220407","0.00677491","0.184181","0.26989","0.286637","1.69785e-15","2.78802","2.7472","2.93971","7.06365","0","0","0","0","0","0","0","0"
"0.702933","0.125011","0.220407","0.00678145","0.182683","0.269795","0.279666","1.69366e-15","2.80563","2.67452","2.95244","7.10697","0","0","0","0","0","0","0","0"
"0.7061","0.125011","0.220496","0.0067801","0.182701","0.270354","0.273284","1.69608e-15","2.78969","2.66295","2.99853","7.28112","0","0","0","0","0","0","0","0"
"0.709483","0.125011","0.220496","0.00677875","0.183498","0.272308","0.28029","1.70548e-15","2.77501","2.70084","3.02482","7.37896","0","0","0","0","0","0","0","0"
"0.712883","0.125011","0.220496","0.00677717","0.183093","0.27299","0.275648","1.72133e-15","2.75803","2.70497","2.97078","7.80886","0","0","0","0","0","0","0","0"
"0.71625","0.125011","0.220496","0.00677582","0.181682","0.270692","0.279533","1.72768e-15","2.76328","2.70218","3.04642","7.82394","0","0","0","0","0","0","0","0"
"0.719733","0.125011","0.220496","0.006779","0.182023","0.271802","0.280116","1.73196e-15","2.74208","2.71034","2.95199","7.77398","0","0","0","0","0","0","0","0"
"0.723033","0.125011","0.221308","0.00679281","0.180362","0.27109","0.285454","1.73893e-15","2.73898","2.68811","2.88027","8.07464","0","0","0","0","0","0","0","0"
"0.726433","0.125011","0.221308","0.00680898","0.18058","0.269624","0.298892","1.74749e-15","2.73804","2.7395","2.84574","8.08475","0","0","0","0","0","0","0","0"
"0.7298","0.125011","0.221308","0.00682284","0.179106","0.271296","0.306478","1.76606e-15","2.74548","2.75342","2.87936","8.04146","0","0","0","0","0","0","0","0"
"0.733183","0.125011","0.221308","0.00683901","0.179531","0.269718","0.317443","1.78714e-15","2.7837","2.74699","2.84201","8.17167","0","0","0","0","0","0","0","0"
"0.7367","0.125011","0.221308","0.00684794","0.180145","0.269158","0.313911","1.80056e-15","2.78423","2.74517","2.81427","8.02452","0","0","0","0","0","0","0","0"
"0.740117","0.125011","0.221788","0.00684689","0.181305","0.271242","0.314031","1.80795e-15","2.83068","2.76435","2.81589","7.85985","0","0","0","0","0","0","0","0"
"0.743333","0.125011","0.221788","0.00684598","0.180221","0.270569","0.31884","1.801e-15","2.84095","2.79112","2.87561","7.65522","0","0","0","0","0","0","0","0"
"0.746717","0.125011","0.221788","0.00684493","0.178087","0.268068","0.306913","1.78573e-15","2.83253","2.75866","2.97146","7.36002","0","0","0","0","0","0","0","0"
"0.750117","0.125011","0.221788","0.00684402","0.179223","0.268719","0.304918","1.75643e-15","2.76911","2.72104","2.95893","7.2959","0","0","0","0","0","0","0","0"
"0.7536","0.125011","0.221788","0.00684094","0.180048","0.267989","0.305746","1.73223e-15","2.72012","2.68173","3.03434","7.11206","0","0","0","0","0","0","0","0"
"0.757","0.125011","0.221921","0.00683598","0.181398","0.268928","0.324255","1.74015e-15","2.70231","2.66951","2.97791","7.41548","0","0","0","0","0","0","0","0"
"0.760267","0.125011","0.221921","0.00683019","0.181515","0.267577","0.322173","1.75746e-15","2.72608","2.68865","2.93793","7.71059","0","0","0","0","0","0","0","0"
"0.76365","0.125011","0.221921","0.00682523","0.183338","0.267458","0.321622","1.78612e-15","2.81793","2.72353","2.88189","7.74207","0","0","0","0","0","0","0","0"
"0.76705","0.125011","0.221921","0.00681944","0.182951","0.265818","0.314213","1.79295e-15","2.88626","2.72041","2.94067","7.77954","0","0","0","0","0","0","0","0"
"0.77055","0.125011","0.221921","0.00682356","0.189508","0.271855","0.323338","1.76583e-15","3.04897","2.84611","2.9352","7.59659","0","0","0","0","0","0","0","0"
"0.773933","0.125011","0.221799","0.00684207","0.190075","0.272833","0.317466","1.74737e-15","3.02302","2.81644","2.96483","7.5128","0","0","0","0","0","0","0","0"
"0.777183","0.125011","0.221799","0.00686331","0.187431","0.270436","0.311858","1.74768e-15","3.02279","2.81662","3.0133","7.61158","0","0","0","0","0","0","0","0"
"0.780583","0.125011","0.221799","0.00689636","0.187514","0.269464","0.318722","1.77859e-15","2.9716","2.79286","2.89924","7.9116","0","0","0","0","0","0","0","0"
"0.786267","0.125011","0.221799","0.00694429","0.188136","0.267854","0.318762","1.7926e-15","2.99319","2.86082","2.91408","7.77542","0","0","0","0","0","0","0","0"
"0.789433","0.125011","0.221721","0.00695952","0.189875","0.271174","0.327284","1.76772e-15","2.96531","2.88568","2.8422","7.59432","0","0","0","0","0","0","0","0"
"0.792817","0.125011","0.221721","0.00697765","0.186734","0.269127","0.329651","1.74862e-15","3.00991","2.88181","2.81235","7.30272","0","0","0","0","0","0","0","0"
"0.7962","0.125011","0.221721","0.00699901","0.188645","0.267988","0.33121","1.74695e-15","3.04405","2.85668","2.89553","7.49563","0","0","0","0","0","0","0","0"
"0.799583","0.125011","0.221721","0.00701732","0.191056","0.269711","0.324583","1.77203e-15","3.13244","3.0154","3.01104","7.81942","0","0","0","0","0","0","0","0"
"0.803067","0.125011","0.221721","0.00703117","0.190303","0.267781","0.318586","1.77983e-15","3.10004","2.96266","3.03755","7.55783","0","0","0","0","0","0","0","0"
"0.80635","0.125011","0.222092","0.00702695","0.193225","0.267272","0.321543","1.75179e-15","3.08432","2.94961","2.93002","7.3784","0","0","0","0","0","0","0","0"
"0.80975","0.125011","0.222092","0.00702203","0.191798","0.266665","0.315575","1.75668e-15","3.04635","2.91235","2.98511","7.58468","0","0","0","0","0","0","0","0"
"0.813133","0.125011","0.222092","0.00701781","0.19361","0.268238","0.313625","1.78153e-15","2.99426","3.00323","2.97761","7.59185","0","0","0","0","0","0","0","0"
"0.816517","0.125011","0.222092","0.00701289","0.194445","0.267626","0.306217","1.78041e-15","2.98393","3.0091","3.00082","7.57073","0","0","0","0","0","0","0","0"
"0.820033","0.125011","0.222092","0.00700516","0.193193","0.26703","0.30292","1.75385e-15","2.95952","2.94276","2.96923","7.31649","0","0","0","0","0","0","0","0"
"0.823283","0.125011","0.221934","0.00698793","0.195512","0.271614","0.299966","1.74701e-15","3.04248","2.91252","3.11577","7.43134","0","0","0","0","0","0","0","0"
"0.826667","0.125011","0.221934","0.00697317","0.197002","0.273844","0.305097","1.77262e-15","3.0791","2.91066","3.09091","7.68848","0","0","0","0","0","0","0","0"
"0.83005","0.125011","0.221934","0.00695594","0.194492","0.273824","0.295371","1.7781e-15","3.03185","2.83174","3.14343","7.634","0","0","0","0","0","0","0","0"
"0.83345","0.125011","0.221934","0.00694117","0.196959","0.274634","0.304125","1.75676e-15","3.04585","2.85506","3.06239","7.40817","0","0","0","0","0","0","0","0"
"0.836933","0.125011","0.221934","0.00692662","0.194909","0.272614","0.307421","1.73282e-15","3.10384","2.84477","3.082","7.35364","0","0","0","0","0","0","0","0"
"0.840217","0.125011","0.221758","0.00691722","0.195187","0.273933","0.315241","1.76149e-15","3.08","2.82178","3.19551","7.53279","0","0","0","0","0","0","0","0"
"0.8436","0.125011","0.221758","0.00690624","0.195082","0.273398","0.310136","1.75422e-15","3.03368","2.79766","3.15288","7.36738","0","0","0","0","0","0","0","0"
"0.846983","0.125011","0.221758","0.00689683","0.195131","0.274472","0.315039","1.74e-15","2.96515","2.78535","3.11945","7.3487","0","0","0","0","0","0","0","0"
"0.850367","0.125011","0.221758","0.00688586","0.194806","0.274756","0.312852","1.76324e-15","2.958","2.74119","3.01573","7.6646","0","0","0","0","0","0","0","0"
"0.853883","0.125011","0.221758","0.00688487","0.193851","0.274311","0.320322","1.76609e-15","2.9297","2.72881","2.99924","7.59661","0","0","0","0","0","0","0","0"
"0.857133","0.125011","0.222453","0.00689355","0.194717","0.273877","0.315111","1.73512e-15","2.93498","2.74464","2.98988","7.39976","0","0","0","0","0","0","0","0"
"0.860517","0.125011","0.222453","0.00690098","0.193346","0.274258","0.317009","1.72991e-15","2.91284","2.68879","2.90076","7.35665","0","0","0","0","0","0","0","0"
"0.863917","0.125011","0.222453","0.00690966","0.194933","0.274387","0.340418","1.75175e-15","2.86174","2.65314","2.75333","7.80084","0","0","0","0","0","0","0","0"
"0.8696","0.125011","0.222453","0.00691439","0.193611","0.273072","0.325966","1.7769e-15","2.9115","2.7155","2.84315","7.71867","0","0","0","0","0","0","0","0"
"0.872767","0.125011","0.223098","0.00689513","0.192998","0.271678","0.325815","1.75093e-15","2.87171","2.70327","2.837","7.54054","0","0","0","0","0","0","0","0"
"0.87615","0.125011","0.223098","0.00687586","0.193169","0.272278","0.33252","1.72949e-15","2.9432","2.71254","2.76793","7.35679","0","0","0","0","0","0","0","0"
"0.87955","0.125011","0.223098","0.00685339","0.192715","0.270542","0.324913","1.73428e-15","2.93333","2.73663","2.7751","7.41153","0","0","0","0","0","0","0","0"
"0.882917","0.125011","0.223098","0.00683412","0.192077","0.27031","0.319126","1.76162e-15","2.92222","2.73001","2.79011","7.66938","0","0","0","0","0","0","0","0"
"0.8864","0.125011","0.223098","0.00681129","0.195298","0.27219","0.316045","1.77608e-15","2.90726","2.73315","2.86952","7.55895","0","0","0","0","0","0","0","0"
"0.889683","0.125011","0.223375","0.00679096","0.193512","0.270698","0.314419","1.77836e-15","2.94449","2.70108","2.85387","7.57177","0","0","0","0","0","0","0","0"
"0.8931","0.125011","0.223375","0.00676724","0.195325","0.272334","0.321447","1.75938e-15","2.91542","2.69297","3.00551","7.2935","0","0","0","0","0","0","0","0"
"0.896467","0.125011","0.223375","0.00674691","0.195256","0.272664","0.31843","1.7418e-15","3.08431","2.76604","3.27078","7.1698","0","0","0","0","0","0","0","0"
"0.89985","0.125011","0.223375","0.00672319","0.191945","0.270528","0.331798","1.74197e-15","3.05662","2.75134","3.10283","7.28553","0","0","0","0","0","0","0","0"
"0.90335","0.125011","0.223375","0.00671347","0.189438","0.268692","0.325789","1.75052e-15","3.07653","2.7525","3.09745","7.55175","0","0","0","0","0","0","0","0"
"0.906633","0.125011","0.223174","0.00672687","0.189305","0.269148","0.319532","1.75919e-15","2.9923","2.66909","3.12138","7.44978","0","0","0","0","0","0","0","0"
"0.91","0.125011","0.223174","0.00673835","0.187694","0.268193","0.315025","1.76051e-15","2.97507","2.72991","3.09121","7.36602","0","0","0","0","0","0","0","0"
"0.913383","0.125011","0.223174","0.00675175","0.187587","0.267242","0.305575","1.73478e-15","2.90925","2.73706","3.12768","7.19908","0","0","0","0","0","0","0","0"
"0.916767","0.125011","0.223174","0.00676324","0.186203","0.266542","0.295875","1.73062e-15","2.96781","2.7713","3.22376","7.10779","0","0","0","0","0","0","0","0"
"0.920283","0.125011","0.223174","0.00677745","0.185617","0.265066","0.292936","1.73998e-15","2.93279","2.762","3.18989","6.98984","0","0","0","0","0","0","0","0"
"0.923533","0.125011","0.222946","0.00679277","0.187231","0.266653","0.29218","1.75285e-15","2.94023","2.75894","3.10195","7.19003","0","0","0","0","0","0","0","0"
"0.926933","0.125011","0.222946","0.00681183","0.185068","0.26561","0.284915","1.7278e-15","2.93951","2.78552","3.12593","6.94093","0","0","0","0","0","0","0","0"
"0.930317","0.125011","0.222946","0.00682817","0.184142","0.266011","0.289178","1.72051e-15","2.917","2.82424","3.04124","6.98119","0","0","0","0","0","0","0","0"
"0.9337","0.125011","0.222946","0.00684723","0.184476","0.266774","0.293155","1.7357e-15","2.87425","2.7717","2.91421","7.39098","0","0","0","0","0","0","0","0"
"0.9372","0.125011","0.222946","0.00685571","0.183599","0.265507","0.288126","1.75448e-15","2.86034","2.77135","2.88135","7.50132","0","0","0","0","0","0","0","0"
"0.940467","0.125011","0.222183","0.00685644","0.182969","0.266326","0.309013","1.74962e-15","2.81448","2.74405","3.00636","7.31933","0","0","0","0","0","0","0","0"
"0.94385","0.125011","0.222183","0.00685707","0.182954","0.266225","0.313559","1.73284e-15","2.83132","2.75968","3.01604","7.20432","0","0","0","0","0","0","0","0"
"0.94725","0.125011","0.222183","0.0068578","0.184692","0.267118","0.315402","1.74639e-15","2.84508","2.68095","2.97405","7.3865","0","0","0","0","0","0","0","0"
"0.952933","0.125011","0.222183","0.00685601","0.18621","0.268046","0.307823","1.75917e-15","2.85498","2.71976","2.92565","7.2841","0","0","0","0","0","0","0","0"
"0.9561","0.125011","0.221573","0.00684785","0.188392","0.269794","0.307177","1.72901e-15","2.96015","2.81046","2.96384","7.19642","0","0","0","0","0","0","0","0"
"0.959483","0.125011","0.221573","0.00683968","0.186965","0.26964","0.306294","1.7348e-15","2.95727","2.74934","2.9014","7.30653","0","0","0","0","0","0","0","0"
"0.962883","0.125011","0.221573","0.00683016","0.189296","0.269854","0.312935","1.75627e-15","2.91827","2.74967","3.03036","7.51486","0","0","0","0","0","0","0","0"
"0.96625","0.125011","0.221573","0.00682199","0.188529","0.269372","0.316392","1.77098e-15","2.90996","2.75387","2.91091","7.59157","0","0","0","0","0","0","0","0"
"0.969733","0.125011","0.221573","0.00681547","0.18924","0.269375","0.31308","1.74009e-15","2.87154","2.73669","2.85371","7.35025","0","0","0","0","0","0","0","0"
"0.973017","0.125011","0.221477","0.00681631","0.187016","0.268715","0.304055","1.73614e-15","2.86578","2.71312","2.91579","7.42383","0","0","0","0","0","0","0","0"
"0.976417","0.125011","0.221477","0.0068173","0.18538","0.267414","0.295408","1.76054e-15","2.89033","2.65748","2.95735","7.76934","0","0","0","0","0","0","0","0"
"0.979783","0.125011","0.221477","0.00681814","0.186155","0.267242","0.293784","1.77413e-15","2.99266","2.65941","2.9369","7.72229","0","0","0","0","0","0","0","0"
"0.983183","0.125011","0.221477","0.00681912","0.189355","0.26839","0.293258","1.75207e-15","3.08967","2.72406","2.90275","7.44165","0","0","0","0","0","0","0","0"
"0.986683","0.125011","0.221477","0.00682402","0.191589","0.269547","0.293503","1.74416e-15","3.09807","2.75965","2.94172","7.56362","0","0","0","0","0","0","0","0"
"0.98995","0.125011","0.221687","0.00684183","0.194165","0.270754","0.29313","1.75485e-15","3.04175","2.6947","2.87157","7.60385","0","0","0","0","0","0","0","0"
"0.993333","0.125011","0.221687","0.00686202","0.19324","0.269716","0.28781","1.75684e-15","3.02996","2.70081","2.89055","7.52837","0","0","0","0","0","0","0","0"
"0.996717","0.125011","0.221687","0.00689713","0.195771","0.272175","0.301991","1.73817e-15","3.00728","2.74047","3.06544","7.25103","0","0","0","0","0","0","0","0"
"1.0001","0.125011","0.221687","0.00694405","0.194333","0.27153","0.303578","1.73631e-15","2.99449","2.71958","3.14557","7.45474","0","0","0","0","0","0","0","0"
"1.00358","0.125011","0.221687","0.00698316","0.193012","0.271862","0.304018","1.73386e-15","3.06391","2.72931","3.07067","7.54719","0","0","0","0","0","0","0","0"
"1.00687","0.125011","0.221619","0.00699906","0.193975","0.272642","0.308796","1.75906e-15","3.03751","2.67243","2.98492","7.72772","0","0","0","0","0","0","0","0"
"1.01025","0.125011","0.221619","0.00702065","0.19318","0.272403","0.315302","1.74922e-15","3.04462","2.71059","3.2001","7.37946","0","0","0","0","0","0","0","0"
"1.01365","0.125011","0.221619","0.00703921","0.191966","0.271973","0.313877","1.7388e-15","3.00837","2.70402","3.19828","7.27478","0","0","0","0","0","0","0","0"
"1.01703","0.125011","0.221619","0.00706086","0.194033","0.273841","0.314122","1.75243e-15","3.09929","2.7676","3.11005","7.58711","0","0","0","0","0","0","0","0"
"1.02053","0.125011","0.221619","0.00706423","0.191295","0.271643","0.304106","1.76581e-15","3.13784","2.79627","3.18934","7.73366","0","0","0","0","0","0","0","0"
"1.0238","0.125011","0.222095","0.00705043","0.191465","0.27329","0.310867","1.74423e-15","3.06487","2.77384","3.05613","7.53143","0","0","0","0","0","0","0","0"
"1.02718","0.125011","0.222095","0.00703861","0.193158","0.275302","0.324086","1.7265e-15","3.07292","2.80753","3.064","7.32451","0","0","0","0","0","0","0","0"
"1.03058","0.125011","0.222095","0.00702481","0.193168","0.275788","0.327323","1.72471e-15","3.07219","2.7621","3.02552","7.54943","0","0","0","0","0","0","0","0"
"1.03625","0.125011","0.222095","0.00699992","0.192882","0.275495","0.322603","1.75443e-15","3.00901","2.77733","3.30966","7.63817","0","0","0","0","0","0","0","0"
"1.03942","0.125011","0.222427","0.00697844","0.191369","0.275042","0.313499","1.74797e-15","2.9998","2.79445","3.37709","7.46403","0","0","0","0","0","0","0","0"
"1.04282","0.125011","0.222427","0.00695697","0.191997","0.275665","0.311951","1.73297e-15","3.05295","2.77554","3.32651","7.31869","0","0","0","0","0","0","0","0"
"1.04622","0.125011","0.222427","0.00693191","0.189809","0.275536","0.310113","1.7308e-15","3.03028","2.79596","3.30655","7.46321","0","0","0","0","0","0","0","0"
"1.04958","0.125011","0.222427","0.00691043","0.188771","0.275251","0.315417","1.75173e-15","2.97218","2.77112","3.17824","7.7778","0","0","0","0","0","0","0","0"
"1.05307","0.125011","0.222427","0.00689692","0.187927","0.273124","0.324268","1.7634e-15","2.96229","2.78934","3.0823","7.87555","0","0","0","0","0","0","0","0"
"1.05635","0.125011","0.222932","0.00691204","0.187508","0.271925","0.317669","1.75828e-15","2.94736","2.7589","3.08494","7.68562","0","0","0","0","0","0","0","0"
"1.05975","0.125011","0.222932","0.00693532","0.186685","0.270167","0.318077","1.73627e-15","2.94353","2.75971","2.98844","7.43107","0","0","0","0","0","0","0","0"
"1.06312","0.125011","0.222932","0.00696171","0.186507","0.269939","0.312187","1.74137e-15","2.96167","2.8182","2.98069","7.79237","0","0","0","0","0","0","0","0"
"1.0665","0.125011","0.222932","0.00699315","0.188313","0.271575","0.313836","1.76519e-15","2.98406","2.85817","2.875","7.90911","0","0","0","0","0","0","0","0"
"1.07002","0.125011","0.222932","0.00701132","0.185668","0.271424","0.314505","1.77947e-15","2.98465","2.84901","2.81877","7.81792","0","0","0","0","0","0","0","0"
"1.0733","0.125011","0.223397","0.00701201","0.1823","0.26857","0.308931","1.75463e-15","2.99515","2.84102","2.87017","7.63911","0","0","0","0","0","0","0","0"
"1.07667","0.125011","0.223397","0.0070126","0.18469","0.270598","0.308612","1.73176e-15","3.01026","2.79608","2.85235","7.55125","0","0","0","0","0","0","0","0"
"1.08005","0.125011","0.223397","0.00701328","0.183054","0.271276","0.299114","1.74349e-15","2.98108","2.77343","2.92705","7.71977","0","0","0","0","0","0","0","0"
"1.08343","0.125011","0.223397","0.00701387","0.182933","0.272152","0.301646","1.76323e-15","2.94332","2.7012","2.81162","7.91817","0","0","0","0","0","0","0","0"
"1.08692","0.125011","0.223397","0.0070124","0.181474","0.273434","0.301879","1.76053e-15","3.00247","2.68786","2.86804","7.83143","0","0","0","0","0","0","0","0"
"1.0902","0.125011","0.223043","0.00700865","0.181839","0.273906","0.302649","1.77033e-15","2.95636","2.65752","2.8418","7.56988","0","0","0","0","0","0","0","0"
"1.09358","0.125011","0.223043","0.00700429","0.182826","0.274958","0.308285","1.75729e-15","2.93945","2.66804","2.83823","7.30725","0","0","0","0","0","0","0","0"
"1.09697","0.125011","0.223043","0.00700054","0.184103","0.275053","0.309903","1.73392e-15","2.91211","2.60992","2.79291","7.17939","0","0","0","0","0","0","0","0"
"1.10037","0.125011","0.223043","0.00699618","0.185412","0.274007","0.312356","1.72655e-15","2.88172","2.60765","2.91478","7.37936","0","0","0","0","0","0","0","0"
"1.10387","0.125011","0.223043","0.00699512","0.185805","0.273769","0.308807","1.71557e-15","2.89714","2.60631","2.89187","7.3971","0","0","0","0","0","0","0","0"
"1.10713","0.125011","0.222949","0.00699701","0.183066","0.27102","0.302264","1.74391e-15","2.89011","2.59249","2.92933","7.73222","0","0","0","0","0","0","0","0"
"1.11052","0.125011","0.222949","0.00699863","0.181698","0.269793","0.298424","1.76088e-15","2.87507","2.60801","2.92058","7.54075","0","0","0","0","0","0","0","0"
"1.11392","0.125011","0.222949","0.00700053","0.181947","0.272032","0.30058","1.75222e-15","2.87467","2.63514","2.88543","7.23116","0","0","0","0","0","0","0","0"
"1.11958","0.125011","0.222949","0.00700741","0.179004","0.269969","0.305905","1.71251e-15","2.89949","2.61959","2.94492","6.9006","0","0","0","0","0","0","0","0"
"1.12275","0.125011","0.223352","0.00702277","0.178872","0.269966","0.320281","1.71136e-15","2.91676","2.59817","2.90166","7.07499","0","0","0","0","0","0","0","0"
"1.12613","0.125011","0.223352","0.00704252","0.178121","0.269608","0.320507","1.74052e-15","2.92242","2.64602","2.90612","7.41447","0","0","0","0","0","0","0","0"
"1.12953","0.125011","0.223352","0.00707605","0.179607","0.272679","0.325494","1.76184e-15","2.87266","2.62244","3.03369","7.67478","0","0","0","0","0","0","0","0"
"1.13292","0.125011","0.223352","0.00711631","0.180665","0.272373","0.322091","1.76332e-15","2.83098","2.66757","3.03456","7.51885","0","0","0","0","0","0","0","0"
"1.1364","0.125011","0.223352","0.00715426","0.180216","0.273298","0.313499","1.73415e-15","2.84956","2.64266","3.0671","7.19807","0","0","0","0","0","0","0","0"
"1.13968","0.125011","0.223015","0.00716664","0.17964","0.275315","0.312473","1.72386e-15","2.83142","2.61447","3.22541","7.3176","0","0","0","0","0","0","0","0"
"1.14307","0.125011","0.223015","0.00718107","0.181814","0.278004","0.315702","1.73702e-15","2.87139","2.67835","3.1379","7.54785","0","0","0","0","0","0","0","0"
"1.14645","0.125011","0.223015","0.00719345","0.180754","0.277942","0.309388","1.76122e-15","2.86647","2.65509","3.15671","7.56048","0","0","0","0","0","0","0","0"
"1.14983","0.125011","0.223015","0.00720789","0.180818","0.278882","0.30818","1.76913e-15","2.88398","2.62866","3.14544","7.32462","0","0","0","0","0","0","0","0"
"1.15335","0.125011","0.223015","0.00721847","0.179641","0.278017","0.305553","1.74274e-15","2.86083","2.61534","3.13654","7.13044","0","0","0","0","0","0","0","0"
"1.15662","0.125011","0.222713","0.00722664","0.178942","0.275805","0.320557","1.72473e-15","2.85548","2.59654","3.03634","7.24578","0","0","0","0","0","0","0","0"
"1.15998","0.125011","0.222713","0.00723364","0.180476","0.276852","0.322593","1.74979e-15","2.84744","2.59319","3.06053","7.79053","0","0","0","0","0","0","0","0"
"1.16338","0.125011","0.222713","0.00724181","0.180785","0.278588","0.323775","1.77042e-15","2.86412","2.65047","3.01341","7.67397","0","0","0","0","0","0","0","0"
"1.16677","0.125011","0.222713","0.00724882","0.181639","0.27895","0.32012","1.76139e-15","2.89656","2.7095","2.99834","7.54842","0","0","0","0","0","0","0","0"
"1.17025","0.125011","0.222713","0.00725628","0.181371","0.278737","0.322477","1.7349e-15","2.86232","2.71386","3.15942","7.29681","0","0","0","0","0","0","0","0"
"1.17353","0.125011","0.223598","0.00726188","0.18267","0.27911","0.327482","1.72954e-15","2.9033","2.79081","3.09534","7.50366","0","0","0","0","0","0","0","0"
"1.17692","0.125011","0.223598","0.00726841","0.182264","0.277227","0.341168","1.74509e-15","2.92343","2.79813","3.08848","7.83328","0","0","0","0","0","0","0","0"
"1.1803","0.125011","0.223598","0.00727401","0.181969","0.278224","0.332915","1.77378e-15","2.92231","2.77548","3.12094","8.05525","0","0","0","0","0","0","0","0"
"1.1837","0.125011","0.223598","0.00728054","0.1838","0.278067","0.333215","1.77039e-15","2.91044","2.73662","3.00984","7.85508","0","0","0","0","0","0","0","0"
"1.1872","0.125011","0.223598","0.00728936","0.183834","0.278486","0.325735","1.75003e-15","2.89985","2.71288","3.02951","7.54447","0","0","0","0","0","0","0","0"
"1.19047","0.125011","0.224273","0.0073034","0.1832","0.278017","0.317803","1.75028e-15","2.96634","2.65256","3.06215","7.73558","0","0","0","0","0","0","0","0"
"1.19385","0.125011","0.224273","0.00731543","0.182583","0.276895","0.318249","1.77025e-15","2.9818","2.70015","3.0324","7.9987","0","0","0","0","0","0","0","0"
"1.19723","0.125011","0.224273","0.00732947","0.183048","0.27685","0.310635","1.7713e-15","2.95775","2.68359","3.04686","7.92939","0","0","0","0","0","0","0","0"
"1.20292","0.125011","0.224273","0.0073445","0.181012","0.277143","0.31582","1.73497e-15","3.05283","2.67424","3.04734","7.4727","0","0","0","0","0","0","0","0"
"1.20608","0.125011","0.225009","0.00733545","0.180396","0.276533","0.315287","1.74626e-15","3.01144","2.65772","2.93897","7.485","0","0","0","0","0","0","0","0"
"1.20947","0.125011","0.225009","0.0073264","0.183603","0.278989","0.319252","1.75821e-15","2.98129","2.65043","2.86643","7.45395","0","0","0","0","0","0","0","0"
"1.21287","0.125011","0.225009","0.00731584","0.187141","0.279559","0.315917","1.74105e-15","2.91436","2.61175","2.86778","7.18979","0","0","0","0","0","0","0","0"
"1.21623","0.125011","0.225009","0.0073068","0.187135","0.278052","0.318241","1.75169e-15","2.88754","2.59756","2.73972","7.62585","0","0","0","0","0","0","0","0"
"1.21973","0.125011","0.225009","0.00729824","0.188325","0.276538","0.316337","1.76032e-15","2.89393","2.69695","2.75473","7.82764","0","0","0","0","0","0","0","0"
"1.22302","0.125011","0.225294","0.0072952","0.189805","0.274954","0.32619","1.73334e-15","2.84899","2.6836","2.8188","7.70913","0","0","0","0","0","0","0","0"
"1.22642","0.125011","0.225294","0.00729164","0.190035","0.274811","0.327164","1.73884e-15","2.87012","2.69309","2.74332","7.721","0","0","0","0","0","0","0","0"
"1.22978","0.125011","0.225294","0.0072886","0.18812","0.273046","0.325254","1.76305e-15","2.90545","2.68228","2.73024","7.68469","0","0","0","0","0","0","0","0"
"1.23317","0.125011","0.225294","0.00728505","0.187621","0.272697","0.323171","1.74526e-15","2.87617","2.71244","2.71433","7.50367","0","0","0","0","0","0","0","0"
"1.23668","0.125011","0.225294","0.00728091","0.189503","0.274357","0.329559","1.74296e-15","2.9198","2.73388","2.87464","7.637","0","0","0","0","0","0","0","0"
"1.23995","0.125011","0.225601","0.00727353","0.19057","0.274525","0.330827","1.75394e-15","2.92108","2.80023","2.77029","7.62545","0","0","0","0","0","0","0","0"
"1.24332","0.125011","0.225601","0.00726721","0.187665","0.273211","0.322409","1.73681e-15","2.98113","2.819","2.80321","7.50238","0","0","0","0","0","0","0","0"
"1.24672","0.125011","0.225601","0.00725983","0.190718","0.275691","0.326356","1.7299e-15","2.97382","2.78287","2.82777","7.56064","0","0","0","0","0","0","0","0"
"1.2501","0.125011","0.225601","0.0072535","0.19106","0.277036","0.319032","1.7589e-15","3.06008","2.80184","2.86913","7.61754","0","0","0","0","0","0","0","0"
"1.25358","0.125011","0.225601","0.00724428","0.18991","0.275442","0.309789","1.748e-15","3.0859","2.78503","2.92561","7.56673","0","0","0","0","0","0","0","0"
"1.25687","0.125011","0.22517","0.00723427","0.188195","0.274644","0.303344","1.74037e-15","3.15093","2.76275","2.97143","7.65943","0","0","0","0","0","0","0","0"
"1.26025","0.125011","0.22517","0.00722259","0.188178","0.274786","0.298852","1.76706e-15","3.11834","2.72484","3.01315","7.93074","0","0","0","0","0","0","0","0"
"1.26363","0.125011","0.22517","0.00721258","0.18655","0.274297","0.304909","1.75533e-15","3.13649","2.70511","2.95532","7.72139","0","0","0","0","0","0","0","0"
"1.26703","0.125011","0.22517","0.00720089","0.186766","0.276068","0.308774","1.74828e-15","3.04873","2.6418","2.94265","7.64316","0","0","0","0","0","0","0","0"
"1.27053","0.125011","0.22517","0.00719938","0.187727","0.277317","0.308431","1.74638e-15","3.06148","2.64589","2.92242","7.62084","0","0","0","0","0","0","0","0"
"1.27378","0.125011","0.224808","0.00720752","0.189454","0.280969","0.317045","1.73124e-15","2.93842","2.63576","2.89545","7.46708","0","0","0","0","0","0","0","0"
"1.27717","0.125011","0.224808","0.0072145","0.187023","0.279835","0.311651","1.71715e-15","2.94372","2.61114","2.88591","7.31925","0","0","0","0","0","0","0","0"
"1.28055","0.125011","0.224808","0.00722264","0.18737","0.281375","0.313802","1.73311e-15","2.90938","2.57689","2.96048","7.32748","0","0","0","0","0","0","0","0"
"1.28627","0.125011","0.224808","0.00723309","0.18529","0.280604","0.315197","1.77017e-15","2.91041","2.56887","2.95982","7.0009","0","0","0","0","0","0","0","0"
"1.28942","0.125011","0.224793","0.00723306","0.188032","0.282569","0.314321","1.7461e-15","2.9938","2.62019","2.92254","6.79266","0","0","0","0","0","0","0","0"
"1.2928","0.125011","0.224793","0.00723303","0.184837","0.280373","0.309588","1.73919e-15","3.00187","2.62013","2.95507","6.90901","0","0","0","0","0","0","0","0"
"1.29623","0.125011","0.224793","0.00723299","0.183218","0.281125","0.319422","1.75953e-15","2.99081","2.65901","2.85254","7.06613","0","0","0","0","0","0","0","0"
"1.2996","0.125011","0.224793","0.00723296","0.182999","0.283795","0.314115","1.76741e-15","2.91784","2.74601","2.84092","7.03162","0","0","0","0","0","0","0","0"
"1.3031","0.125011","0.224793","0.00722913","0.182085","0.283878","0.305925","1.73928e-15","2.87998","2.69785","2.88974","6.77908","0","0","0","0","0","0","0","0"
"1.30793","0.125011","0.225717","0.00721206","0.183583","0.284864","0.302996","1.74749e-15","2.87","2.71641","2.92666","7.07348","0","0","0","0","0","0","0","0"
"1.31132","0.125011","0.225717","0.00719877","0.184623","0.284423","0.297239","1.7725e-15","2.84496","2.78221","2.95653","7.2707","0","0","0","0","0","0","0","0"
"1.31472","0.125011","0.225717","0.00718739","0.186904","0.284487","0.291324","1.75578e-15","2.91316","2.89405","3.06252","7.14673","0","0","0","0","0","0","0","0"
"1.3181","0.125011","0.225717","0.0071741","0.184436","0.280703","0.288775","1.76341e-15","2.89149","2.92169","3.07068","7.32749","0","0","0","0","0","0","0","0"
"1.32155","0.125011","0.225717","0.00717401","0.186819","0.281844","0.291467","1.75907e-15","3.00538","2.99315","2.98059","7.19707","0","0","0","0","0","0","0","0"
"1.32515","0.125011","0.226501","0.00717655","0.184423","0.279343","0.284224","1.74265e-15","2.99375","2.97393","3.00845","7.09399","0","0","0","0","0","0","0","0"
"1.32855","0.125011","0.226501","0.00717908","0.185315","0.281245","0.287408","1.74842e-15","2.96127","3.00634","2.94473","7.39688","0","0","0","0","0","0","0","0"
"1.33192","0.125011","0.226501","0.00718125","0.186267","0.279881","0.285742","1.7551e-15","3.0272","3.00252","2.96604","7.47596","0","0","0","0","0","0","0","0"
"1.33622","0.125011","0.226501","0.00718437","0.189207","0.280001","0.296496","1.7366e-15","3.00188","2.96002","2.95832","7.27384","0","0","0","0","0","0","0","0"
"1.33962","0.125011","0.227006","0.00718615","0.189103","0.278956","0.294559","1.74284e-15","2.96781","2.92774","2.92838","7.36967","0","0","0","0","0","0","0","0"
"1.34307","0.125011","0.227006","0.00718823","0.189851","0.278834","0.304517","1.72914e-15","2.99147","2.93234","2.9703","7.21987","0","0","0","0","0","0","0","0"
"1.34638","0.125011","0.227006","0.00719001","0.190727","0.279092","0.30186","1.72955e-15","2.97248","2.88927","2.96141","7.34096","0","0","0","0","0","0","0","0"
"1.34977","0.125011","0.227006","0.00719209","0.192547","0.279833","0.306055","1.73815e-15","2.95811","2.84223","2.929","7.37586","0","0","0","0","0","0","0","0"
"1.35327","0.125011","0.227006","0.00719317","0.191508","0.278312","0.298648","1.72164e-15","2.94103","2.78879","2.98384","7.19222","0","0","0","0","0","0","0","0"
"1.35655","0.125011","0.226933","0.00719278","0.19245","0.278315","0.301508","1.74918e-15","2.93163","2.76952","3.01944","7.50327","0","0","0","0","0","0","0","0"
"1.35993","0.125011","0.226933","0.00719245","0.192277","0.276753","0.296163","1.75163e-15","2.97719","2.77023","3.05114","7.51326","0","0","0","0","0","0","0","0"
"1.36332","0.125011","0.226933","0.00719207","0.192502","0.275699","0.299245","1.74553e-15","2.94573","2.77222","3.00621","7.5677","0","0","0","0","0","0","0","0"
"1.36958","0.125011","0.226933","0.00718852","0.19153","0.275941","0.297304","1.74264e-15","2.9051","2.76219","2.9162","7.4495","0","0","0","0","0","0","0","0"
"1.37295","0.125011","0.22691","0.0071795","0.191168","0.275936","0.29914","1.74017e-15","2.93326","2.776","3.01584","7.51066","0","0","0","0","0","0","0","0"
"1.37635","0.125011","0.22691","0.00716898","0.190677","0.275077","0.29518","1.75812e-15","2.92456","2.76933","3.02686","7.70364","0","0","0","0","0","0","0","0"
"1.37972","0.125011","0.22691","0.00715996","0.189208","0.274054","0.300801","1.74772e-15","2.91549","2.7648","3.10076","7.62393","0","0","0","0","0","0","0","0"
"1.3831","0.125011","0.22691","0.00714944","0.187593","0.273956","0.30214","1.74068e-15","2.90177","2.72558","3.0412","7.65104","0","0","0","0","0","0","0","0"
"1.38658","0.125011","0.22691","0.00714041","0.18632","0.273358","0.299807","1.75544e-15","2.91342","2.7173","3.02173","7.67954","0","0","0","0","0","0","0","0"
"1.39117","0.250022","0.226617","0.00727198","0.185505","0.27314","0.301694","1.74549e-15","2.93827","2.70855","3.00128","7.4886","0","0","0","0","0","0","0","0"
"1.39457","0.250022","0.226617","0.00747337","0.184365","0.272948","0.301879","1.7451e-15","2.90854","2.69527","2.9712","7.57235","0","0","0","0","0","0","0","0"
"1.39795","0.250022","0.226617","0.00776326","0.184885","0.274061","0.299649","1.75411e-15","2.90851","2.69043","2.94119","7.65236","0","0","0","0","0","0","0","0"
"1.40135","0.250022","0.226617","0.00876532","0.185261","0.274141","0.298767","1.76016e-15","2.89399","2.66669","2.88573","7.52793","0","0","0","0","0","0","0","0"
"1.40477","0.250022","0.226617","0.00949748","0.184688","0.276003","0.297288","1.73272e-15","2.97462","2.61677","2.80487","7.32342","0","0","0","0","0","0","0","0"
"1.40898","0.250022","0.225011","0.00971681","0.196127","0.284952","0.341389","1.74632e-15","3.02983","2.97899","3.09995","7.61324","0","0","0","0","0","0","0","0"
"1.41237","0.250022","0.225011","0.00994289","0.199955","0.288726","0.345196","1.80644e-15","2.98049","2.92017","3.23449","8.20007","0","0","0","0","0","0","0","0"
"1.41575","0.250022","0.225011","0.0101411","0.206451","0.293571","0.360449","1.78709e-15","2.97638","2.81879","3.02493","7.83262","0","0","0","0","0","0","0","0"
"1.41958","0.250022","0.225011","0.0104364","0.206825","0.290131","0.365066","1.71202e-15","2.97314","2.7877","2.79211","7.29982","0","0","0","0","0","0","0","0"
"1.42278","0.250022","0.224362","0.0104593","0.218608","0.299818","0.394007","1.70862e-15","3.10825","2.8903","3.28834","7.55355","0","0","0","0","0","0","0","0"
"1.42617","0.250022","0.224362","0.0104887","0.2254","0.300604","0.396118","1.74573e-15","3.27995","2.86114","3.34974","7.96346","0","0","0","0","0","0","0","0"
"1.42955","0.250022","0.224362","0.0105386","0.227575","0.304467","0.412276","1.76637e-15","3.23656","2.84694","3.10318","7.9678","0","0","0","0","0","0","0","0"
"1.43293","0.250022","0.224362","0.0106165","0.225924","0.300821","0.429306","1.74613e-15","3.21956","2.84968","2.8971","7.49936","0","0","0","0","0","0","0","0"
"1.43642","0.250022","0.224362","0.0108678","0.224677","0.29739","0.408445","1.73048e-15","3.18952","2.83294","3.14558","7.31199","0","0","0","0","0","0","0","0"
"1.4397","0.250022","0.227399","0.0108916","0.228518","0.301955","0.424881","1.76328e-15","3.24891","2.78737","2.92536","7.71479","0","0","0","0","0","0","0","0"
"1.44308","0.250022","0.227399","0.0109283","0.223735","0.299452","0.40751","1.74505e-15","3.2607","2.81364","3.06419","7.5516","0","0","0","0","0","0","0","0"
"1.44647","0.250022","0.227399","0.0109743","0.225883","0.301903","0.420935","1.7374e-15","3.26086","2.89427","3.13645","7.48371","0","0","0","0","0","0","0","0"
"1.45292","0.250022","0.227399","0.011317","0.224467","0.304558","0.396273","1.75217e-15","3.08487","2.76925","3.21784","7.53312","0","0","0","0","0","0","0","0"
"1.45612","0.250022","0.232498","0.0113418","0.22493","0.304131","0.399982","1.7426e-15","3.18079","2.77068","3.1038","7.6387","0","0","0","0","0","0","0","0"
"1.4595","0.250022","0.232498","0.0113737","0.225452","0.30498","0.405335","1.77016e-15","3.28612","2.75618","2.98654","7.75731","0","0","0","0","0","0","0","0"
"1.46288","0.250022","0.232498","0.0114279","0.224852","0.306738","0.409402","1.77206e-15","3.24482","2.86946","2.92538","7.49574","0","0","0","0","0","0","0","0"
"1.46627","0.250022","0.232498","0.0115123","0.229712","0.309097","0.421804","1.75085e-15","3.16663","2.83929","2.72573","7.19386","0","0","0","0","0","0","0","0"
"1.46975","0.250022","0.232498","0.0117848","0.23192","0.309955","0.408635","1.75513e-15","3.2595","2.90323","2.87263","7.5613","0","0","0","0","0","0","0","0"
"1.47303","0.250022","0.236688","0.0118107","0.232663","0.310831","0.415761","1.75418e-15","3.28826","2.92023","2.77784","7.68297","0","0","0","0","0","0","0","0"
"1.47642","0.250022","0.236688","0.0118505","0.235073","0.311838","0.44129","1.72802e-15","3.19724","3.03861","2.85598","7.50206","0","0","0","0","0","0","0","0"
"1.47982","0.250022","0.236688","0.0119003","0.234224","0.309678","0.443696","1.74402e-15","3.13901","3.01621","2.94775","7.63567","0","0","0","0","0","0","0","0"
"1.4832","0.250022","0.236688","0.0120122","0.235647","0.311244","0.43924","1.7552e-15","3.14485","2.98915","2.93182","7.4857","0","0","0","0","0","0","0","0"
"1.4867","0.250022","0.236688","0.012272","0.234629","0.309711","0.436934","1.73187e-15","3.12452","2.97398","2.95844","7.24431","0","0","0","0","0","0","0","0"
"1.48998","0.250022","0.240996","0.012304","0.236005","0.310499","0.454326","1.74362e-15","3.21848","3.01456","2.85441","7.52785","0","0","0","0","0","0","0","0"
"1.49335","0.250022","0.240996","0.0123403","0.237166","0.310196","0.444379","1.74189e-15","3.15229","2.966","2.9005","7.5035","0","0","0","0","0","0","0","0"
"1.49673","0.250022","0.240996","0.0124035","0.238155","0.311122","0.444007","1.72885e-15","3.10664","2.99402","2.93363","7.26185","0","0","0","0","0","0","0","0"
"1.50012","0.250022","0.240996","0.0125087","0.237171","0.310171","0.450321","1.7427e-15","3.04684","2.93924","2.95762","7.51366","0","0","0","0","0","0","0","0"
"1.5036","0.250022","0.240996","0.0127835","0.239954","0.312257","0.450192","1.76057e-15","3.02004","2.91931","2.96377","7.29326","0","0","0","0","0","0","0","0"
"1.50688","0.250022","0.24564","0.0128126","0.239813","0.314207","0.459278","1.74458e-15","2.98601","2.94897","2.92193","7.18024","0","0","0","0","0","0","0","0"
"1.51028","0.250022","0.24564","0.012858","0.242005","0.316135","0.472815","1.72982e-15","2.99204","3.00135","2.88953","7.12172","0","0","0","0","0","0","0","0"
"1.51367","0.250022","0.24564","0.0129162","0.243038","0.316601","0.509767","1.75631e-15","2.91394","2.94949","3.08068","7.3201","0","0","0","0","0","0","0","0"
"1.51705","0.250022","0.24564","0.0130583","0.245151","0.318842","0.507306","1.76729e-15","2.94087","3.00957","3.06566","7.37409","0","0","0","0","0","0","0","0"
"1.52057","0.250022","0.24564","0.0133119","0.248514","0.319923","0.538061","1.74742e-15","2.91543","2.96884","3.03012","7.24758","0","0","0","0","0","0","0","0"
"1.52382","0.250022","0.249299","0.013348","0.24573","0.317722","0.545506","1.76072e-15","2.90182","2.90679","2.93932","7.35745","0","0","0","0","0","0","0","0"
"1.5272","0.250022","0.249299","0.0133895","0.250524","0.32195","0.577747","1.75751e-15","2.91782","2.82529","2.93508","7.21278","0","0","0","0","0","0","0","0"
"1.53058","0.250022","0.249299","0.0134635","0.254271","0.322447","0.555436","1.74126e-15","2.88267","2.83618","3.05545","7.16384","0","0","0","0","0","0","0","0"
"1.5362","0.250022","0.249299","0.0138531","0.251636","0.319784","0.531676","1.7553e-15","2.95209","2.84899","3.20916","7.36962","0","0","0","0","0","0","0","0"
"1.53945","0.250022","0.253697","0.013888","0.254562","0.322381","0.530031","1.73931e-15","2.96993","2.79697","3.23878","7.19821","0","0","0","0","0","0","0","0"
"1.54283","0.250022","0.253697","0.013927","0.25617","0.322216","0.514661","1.76016e-15","2.99238","2.78818","3.3044","7.36279","0","0","0","0","0","0","0","0"
"1.54623","0.250022","0.253697","0.0139933","0.255493","0.322267","0.51076","1.75183e-15","2.99437","2.7859","3.24925","7.32039","0","0","0","0","0","0","0","0"
"1.5496","0.250022","0.253697","0.0140967","0.256136","0.322665","0.529364","1.75943e-15","3.01192","2.82797","3.13795","7.62132","0","0","0","0","0","0","0","0"
"1.55308","0.250022","0.253697","0.0144209","0.25641","0.323444","0.543428","1.76508e-15","2.97638","2.8713","3.04622","7.63559","0","0","0","0","0","0","0","0"
"1.55637","0.250022","0.258372","0.014439","0.256275","0.323132","0.549978","1.74729e-15","2.93434","2.90902","3.10796","7.44316","0","0","0","0","0","0","0","0"
"1.55977","0.250022","0.258372","0.01446","0.260089","0.325695","0.543988","1.77407e-15","2.98897","2.95549","3.09821","7.68939","0","0","0","0","0","0","0","0"
"1.56313","0.250022","0.258372","0.0144781","0.259288","0.325053","0.522938","1.75922e-15","2.96134","2.91531","3.24017","7.53331","0","0","0","0","0","0","0","0"
"1.56652","0.250022","0.258372","0.0144991","0.258684","0.32478","0.511681","1.75783e-15","2.92228","2.92135","3.22119","7.70381","0","0","0","0","0","0","0","0"
"1.57003","0.250022","0.258372","0.0145101","0.255272","0.322245","0.514421","1.7649e-15","2.94038","2.97304","3.10783","7.60412","0","0","0","0","0","0","0","0"
"1.57333","0.250022","0.262353","0.0145062","0.257734","0.326504","0.503208","1.7383e-15","2.93309","2.90254","3.10235","7.39282","0","0","0","0","0","0","0","0"
"1.57668","0.250022","0.262353","0.0145029","0.258362","0.328372","0.506087","1.75539e-15","2.91547","2.93486","3.0481","7.63189","0","0","0","0","0","0","0","0"
"1.58007","0.250022","0.262353","0.014499","0.255785","0.327114","0.494888","1.75997e-15","2.93483","2.95649","3.09228","7.51468","0","0","0","0","0","0","0","0"
"1.58345","0.250022","0.262353","0.0144957","0.255867","0.326567","0.488053","1.74706e-15","2.90876","2.91079","3.06481","7.39235","0","0","0","0","0","0","0","0"
"1.58693","0.250022","0.262353","0.014479","0.263255","0.332683","0.505108","1.75191e-15","2.916","2.91896","2.92516","7.41316","0","0","0","0","0","0","0","0"
"1.59022","0.250022","0.266182","0.0144501","0.262947","0.332842","0.503959","1.74746e-15","2.94638","2.9133","2.97377","7.21317","0","0","0","0","0","0","0","0"
"1.59362","0.250022","0.266182","0.0144164","0.264046","0.334482","0.505103","1.74367e-15","2.99242","2.85453","3.12433","7.34448","0","0","0","0","0","0","0","0"
"1.597","0.250022","0.266182","0.0143875","0.267118","0.335159","0.512169","1.76571e-15","3.04606","2.9063","3.03193","7.50172","0","0","0","0","0","0","0","0"
"1.60038","0.250022","0.266182","0.0143538","0.265997","0.332286","0.506583","1.74904e-15","3.06562","2.89511","2.99702","7.34589","0","0","0","0","0","0","0","0"
"1.60388","0.250022","0.266182","0.0143461","0.265555","0.330826","0.525428","1.73132e-15","3.12083","2.93061","2.92054","7.2722","0","0","0","0","0","0","0","0"
"1.60715","0.250022","0.269689","0.0143618","0.267576","0.331822","0.537075","1.74256e-15","3.1235","2.87979","2.86083","7.40979","0","0","0","0","0","0","0","0"
"1.61055","0.250022","0.269689","0.0143753","0.26124","0.326758","0.535538","1.7294e-15","3.16333","2.90126","2.88973","7.36576","0","0","0","0","0","0","0","0"
"1.61393","0.250022","0.269689","0.014391","0.266973","0.332086","0.550618","1.75216e-15","3.14043","2.88886","2.85905","7.54569","0","0","0","0","0","0","0","0"
"1.61955","0.250022","0.269689","0.0144204","0.271289","0.336137","0.536545","1.74778e-15","3.17501","2.96775","2.93738","7.34301","0","0","0","0","0","0","0","0"
"1.62278","0.250022","0.27363","0.014452","0.273098","0.336464","0.539719","1.74358e-15","3.1047","2.94008","2.88213","7.35623","0","0","0","0","0","0","0","0"
"1.62617","0.250022","0.27363","0.0144891","0.272247","0.339675","0.542164","1.76287e-15","3.17895","2.98323","2.84715","7.69253","0","0","0","0","0","0","0","0"
"1.62955","0.250022","0.27363","0.0145325","0.269116","0.33693","0.540788","1.75242e-15","3.15826","3.02069","2.79191","7.38871","0","0","0","0","0","0","0","0"
"1.63293","0.250022","0.27363","0.0145697","0.271879","0.339704","0.535766","1.74874e-15","3.00226","2.98931","2.77269","7.47522","0","0","0","0","0","0","0","0"
"1.63643","0.250022","0.27363","0.01461","0.276883","0.344436","0.535993","1.76074e-15","3.05714","2.90331","2.82173","7.26888","0","0","0","0","0","0","0","0"
"1.63972","0.250022","0.276334","0.0146421","0.274484","0.345216","0.537475","1.74042e-15","3.08303","2.89963","2.789","7.06876","0","0","0","0","0","0","0","0"
"1.6431","0.250022","0.276334","0.0146862","0.272994","0.342287","0.539027","1.73328e-15","3.14615","2.9392","2.86204","7.19117","0","0","0","0","0","0","0","0"
"1.64648","0.250022","0.276334","0.0147243","0.272024","0.342556","0.535184","1.76602e-15","3.10358","2.96321","2.84999","7.51669","0","0","0","0","0","0","0","0"
"1.64987","0.250022","0.276334","0.0147686","0.274108","0.343257","0.565037","1.73893e-15","3.05071","2.92646","3.04396","7.40912","0","0","0","0","0","0","0","0"
"1.65338","0.250022","0.276334","0.0148011","0.275799","0.345636","0.562018","1.73023e-15","3.01236","2.94132","2.99353","7.42101","0","0","0","0","0","0","0","0"
"1.65665","0.250022","0.280262","0.014826","0.275005","0.347562","0.553116","1.72809e-15","3.13729","2.97094","3.01279","7.2275","0","0","0","0","0","0","0","0"
"1.66003","0.250022","0.280262","0.0148473","0.273101","0.345661","0.542406","1.70858e-15","3.07974","2.90231","3.02229","6.96972","0","0","0","0","0","0","0","0"
"1.66342","0.250022","0.280262","0.0148722","0.274281","0.346839","0.569825","1.734e-15","3.11136","2.88339","3.01289","7.16552","0","0","0","0","0","0","0","0"
"1.6668","0.250022","0.280262","0.0148936","0.275384","0.347238","0.570318","1.74166e-15","3.0309","2.87735","2.93216","7.40488","0","0","0","0","0","0","0","0"
"1.67028","0.250022","0.280262","0.0148995","0.275478","0.347581","0.551338","1.72158e-15","3.10101","2.95272","3.00512","7.14444","0","0","0","0","0","0","0","0"
"1.67357","0.250022","0.284383","0.0148828","0.275395","0.345181","0.533928","1.74756e-15","3.03572","2.95143","3.07818","7.41803","0","0","0","0","0","0","0","0"
"1.67695","0.250022","0.284383","0.0148634","0.276843","0.345011","0.5362","1.73833e-15","3.0881","2.97917","3.05059","7.25391","0","0","0","0","0","0","0","0"
"1.68035","0.250022","0.284383","0.0148467","0.27549","0.342","0.526662","1.74577e-15","3.06435","2.99179","3.02653","7.43481","0","0","0","0","0","0","0","0"
"1.68373","0.250022","0.284383","0.0148273","0.274457","0.34044","0.51098","1.75937e-15","3.02887","3.01333","3.04221","7.55182","0","0","0","0","0","0","0","0"
"1.68723","0.250022","0.284383","0.0148186","0.272589","0.337078","0.512093","1.73633e-15","3.06265","3.03847","3.00191","7.39039","0","0","0","0","0","0","0","0"
"1.6905","0.250022","0.287547","0.0148178","0.268564","0.332464","0.502221","1.76554e-15","3.05088","3.0077","3.17196","7.73187","0","0","0","0","0","0","0","0"
"1.69388","0.250022","0.287547","0.014817","0.274927","0.34005","0.524647","1.75564e-15","2.93602","2.9774","3.15661","7.52496","0","0","0","0","0","0","0","0"
"1.69727","0.250022","0.287547","0.0148162","0.274553","0.338536","0.537232","1.76488e-15","3.0026","3.0343","3.16805","7.64558","0","0","0","0","0","0","0","0"
"1.70288","0.250022","0.287547","0.0148164","0.273213","0.336004","0.550713","1.7562e-15","2.94547","3.05316","3.0133","7.59144","0","0","0","0","0","0","0","0"
"1.70612","0.250022","0.289582","0.0148259","0.27623","0.340488","0.542673","1.75521e-15","2.91423","3.08729","3.00561","7.72489","0","0","0","0","0","0","0","0"
"1.70952","0.250022","0.289582","0.0148341","0.278517","0.34188","0.546203","1.76399e-15","2.89601","3.08808","3.04296","7.64044","0","0","0","0","0","0","0","0"
"1.71292","0.250022","0.289582","0.0148436","0.277614","0.339962","0.536983","1.74643e-15","2.87906","3.06346","3.06719","7.44092","0","0","0","0","0","0","0","0"
"1.71628","0.250022","0.289582","0.0148517","0.278166","0.341588","0.526155","1.76955e-15","2.86984","3.00794","3.07991","7.64778","0","0","0","0","0","0","0","0"
"1.71977","0.250022","0.289582","0.0148467","0.281371","0.34576","0.53593","1.75622e-15","2.95337","2.90412","2.97484","7.43577","0","0","0","0","0","0","0","0"
"1.72305","0.250022","0.290205","0.0148113","0.285197","0.35172","0.542974","1.75116e-15","2.927","2.90214","2.96567","7.45293","0","0","0","0","0","0","0","0"
"1.72647","0.250022","0.290205","0.01477","0.281131","0.349663","0.53136","1.76443e-15","2.95759","2.90901","2.95648","7.43685","0","0","0","0","0","0","0","0"
"1.72982","0.250022","0.290205","0.0147346","0.279373","0.348831","0.542802","1.75519e-15","2.9493","2.87728","2.87209","7.35394","0","0","0","0","0","0","0","0"
"1.7332","0.250022","0.290205","0.0146933","0.280031","0.349805","0.542664","1.7726e-15","2.93867","2.93334","2.82235","7.55201","0","0","0","0","0","0","0","0"
"1.73672","0.250022","0.290205","0.0146604","0.283264","0.351284","0.5305","1.74549e-15","2.90955","2.92636","2.88401","7.45148","0","0","0","0","0","0","0","0"
"1.74007","0.250022","0.292514","0.0146277","0.278273","0.346499","0.555022","1.74847e-15","2.9168","2.92024","2.80976","7.54659","0","0","0","0","0","0","0","0"
"1.74342","0.250022","0.292514","0.014595","0.273771","0.343469","0.541401","1.76292e-15","2.95105","2.90115","2.84151","7.59036","0","0","0","0","0","0","0","0"
"1.7468","0.250022","0.292514","0.0145669","0.27511","0.346006","0.550657","1.74184e-15","2.94694","2.92328","2.77395","7.43138","0","0","0","0","0","0","0","0"
"1.75018","0.250022","0.292514","0.0145342","0.274272","0.346855","0.536214","1.76222e-15","2.9416","3.05193","2.83031","7.64989","0","0","0","0","0","0","0","0"
"1.75368","0.250022","0.292514","0.0145067","0.274249","0.344913","0.548514","1.74747e-15","2.89064","3.00142","2.92246","7.46606","0","0","0","0","0","0","0","0"
"1.75697","0.250022","0.295851","0.0144751","0.274305","0.347427","0.535845","1.75347e-15","2.96258","2.97556","2.95058","7.68415","0","0","0","0","0","0","0","0"
"1.76035","0.250022","0.295851","0.014448","0.27214","0.343288","0.534892","1.75938e-15","2.94403","2.98802","2.99549","7.76668","0","0","0","0","0","0","0","0"
"1.76373","0.250022","0.295851","0.0144163","0.275318","0.344748","0.532243","1.75247e-15","2.96089","2.94083","2.95878","7.73294","0","0","0","0","0","0","0","0"
"1.76712","0.250022","0.295851","0.0143892","0.275657","0.344739","0.529844","1.76227e-15","3.00257","2.88496","3.02372","7.8814","0","0","0","0","0","0","0","0"
"1.77062","0.250022","0.295851","0.0143787","0.27606","0.350286","0.533974","1.73608e-15","3.03239","2.85129","3.00942","7.66274","0","0","0","0","0","0","0","0"
"1.77388","0.250022","0.296972","0.0143831","0.279622","0.353671","0.533219","1.75971e-15","2.98331","2.87729","2.97108","8.08698","0","0","0","0","0","0","0","0"
"1.77727","0.250022","0.296972","0.0143883","0.281821","0.354386","0.537905","1.74646e-15","2.9833","2.88557","2.9261","7.88303","0","0","0","0","0","0","0","0"
"1.78067","0.250022","0.296972","0.0143928","0.284781","0.355672","0.535044","1.75611e-15","2.94761","2.91751","2.90961","7.88814","0","0","0","0","0","0","0","0"
"1.78623","0.250022","0.296972","0.014401","0.281602","0.351874","0.525448","1.7527e-15","2.94997","2.91527","2.8865","7.87612","0","0","0","0","0","0","0","0"
"1.7916","0.250022","0.29739","0.0144089","0.278577","0.346739","0.514176","1.77183e-15","2.91538","2.90914","2.96043","8.2215","0","0","0","0","0","0","0","0"
"1.79498","0.250022","0.29739","0.0144143","0.284592","0.351703","0.541726","1.75485e-15","2.94149","2.94335","3.27307","8.06351","0","0","0","0","0","0","0","0"
"1.79838","0.250022","0.29739","0.014419","0.286579","0.352632","0.546388","1.76729e-15","2.86112","2.89438","3.13311","8.0539","0","0","0","0","0","0","0","0"
"1.8029","0.250022","0.29739","0.0144258","0.281732","0.34623","0.535727","1.78187e-15","2.87758","2.87901","3.03744","7.86623","0","0","0","0","0","0","0","0"
"1.80613","0.250022","0.299141","0.0144299","0.282898","0.346314","0.536884","1.75984e-15","2.88718","2.90208","3.00974","7.83896","0","0","0","0","0","0","0","0"
"1.80963","0.250022","0.299141","0.0144347","0.282481","0.347194","0.5418","1.77862e-15","2.96158","2.89659","3.06977","8.01789","0","0","0","0","0","0","0","0"
"1.81302","0.250022","0.299141","0.0144388","0.281416","0.347255","0.549536","1.78444e-15","2.97562","2.91313","2.94289","7.8967","0","0","0","0","0","0","0","0"
"1.8164","0.250022","0.299141","0.0144435","0.28204","0.348721","0.54865","1.75459e-15","2.93566","2.90736","2.89567","7.72978","0","0","0","0","0","0","0","0"
"1.81988","0.250022","0.299141","0.0144491","0.281725","0.34711","0.552122","1.75246e-15","2.94543","2.88717","2.85758","7.84177","0","0","0","0","0","0","0","0"
"1.82318","0.250022","0.300246","0.014459","0.281122","0.347825","0.5732","1.75936e-15","2.92762","2.91059","2.81818","7.96721","0","0","0","0","0","0","0","0"
"1.82655","0.250022","0.300246","0.0144675","0.278772","0.347366","0.575938","1.74472e-15","2.95686","2.93531","2.75261","7.72848","0","0","0","0","0","0","0","0"
"1.82993","0.250022","0.300246","0.0144774","0.276659","0.343803","0.557488","1.76331e-15","2.96737","2.92467","2.85539","7.88183","0","0","0","0","0","0","0","0"
"1.83332","0.250022","0.300246","0.0144858","0.280159","0.348981","0.573968","1.76491e-15","2.95805","2.89231","2.83912","7.75752","0","0","0","0","0","0","0","0"
"1.83682","0.250022","0.300246","0.0145018","0.277638","0.346918","0.561699","1.73983e-15","2.96053","2.88819","2.88708","7.573","0","0","0","0","0","0","0","0"
"1.84008","0.250022","0.300767","0.0145224","0.275977","0.346323","0.549151","1.75843e-15","2.96285","2.87593","2.94279","7.65119","0","0","0","0","0","0","0","0"
"1.84348","0.250022","0.300767","0.0145464","0.276782","0.346152","0.548262","1.75213e-15","2.98347","2.93393","2.87536","7.68174","0","0","0","0","0","0","0","0"
"1.84687","0.250022","0.300767","0.0145669","0.273212","0.34443","0.543069","1.74337e-15","3.00429","2.91379","2.85871","7.51912","0","0","0","0","0","0","0","0"
"1.85025","0.250022","0.300767","0.0145909","0.272621","0.344817","0.546148","1.75269e-15","2.97644","2.91884","2.82088","7.37636","0","0","0","0","0","0","0","0"
"1.85373","0.250022","0.300767","0.0146099","0.272948","0.343969","0.550907","1.74939e-15","2.9411","2.91937","2.73065","7.35477","0","0","0","0","0","0","0","0"
"1.85702","0.250022","0.301005","0.0146303","0.275157","0.34622","0.539127","1.73911e-15","2.90963","2.85063","2.80104","7.30827","0","0","0","0","0","0","0","0"
"1.8604","0.250022","0.301005","0.0146478","0.275637","0.345932","0.537392","1.75153e-15","2.96966","2.82623","2.83427","7.4929","0","0","0","0","0","0","0","0"
"1.8638","0.250022","0.301005","0.0146682","0.272774","0.343313","0.532487","1.75669e-15","2.97707","2.81844","2.85697","7.44505","0","0","0","0","0","0","0","0"
"1.86957","0.250022","0.301005","0.0146946","0.275908","0.345075","0.52573","1.74113e-15","2.9834","2.81515","2.87757","7.33987","0","0","0","0","0","0","0","0"
"1.8729","0.250022","0.300982","0.0146953","0.274758","0.342673","0.5178","1.74494e-15","2.98345","2.81928","2.92849","7.40794","0","0","0","0","0","0","0","0"
"1.87635","0.250022","0.300982","0.0146961","0.275935","0.342481","0.512837","1.7423e-15","2.95978","2.84617","2.98551","7.24284","0","0","0","0","0","0","0","0"
"1.87973","0.250022","0.300982","0.0146967","0.276304","0.344315","0.521188","1.73047e-15","2.93706","2.87518","2.92709","7.25578","0","0","0","0","0","0","0","0"
"1.88312","0.250022","0.300982","0.0146975","0.276038","0.344286","0.507629","1.74135e-15","2.92247","2.85986","3.00493","7.56183","0","0","0","0","0","0","0","0"
"1.8866","0.250022","0.300982","0.0146953","0.273685","0.342753","0.504153","1.74745e-15","2.9373","2.85882","2.98435","7.51805","0","0","0","0","0","0","0","0"
"1.88988","0.250022","0.300899","0.0146859","0.274143","0.344512","0.504139","1.73169e-15","2.9347","2.90096","2.96064","7.45942","0","0","0","0","0","0","0","0"
"1.89327","0.250022","0.300899","0.0146779","0.272765","0.344626","0.505656","1.73744e-15","2.93506","2.88225","2.88582","7.4851","0","0","0","0","0","0","0","0"
"1.89665","0.250022","0.300899","0.0146685","0.27529","0.347949","0.526572","1.7394e-15","2.91895","2.91448","3.09262","7.43707","0","0","0","0","0","0","0","0"
"1.90005","0.250022","0.300899","0.0146605","0.275967","0.34921","0.528685","1.73403e-15","2.90719","2.872","3.03254","7.52648","0","0","0","0","0","0","0","0"
"1.90353","0.250022","0.300899","0.0146538","0.277492","0.351172","0.52319","1.73742e-15","2.9414","2.88749","3.0322","7.5294","0","0","0","0","0","0","0","0"
"1.90682","0.250022","0.300903","0.0146511","0.276761","0.350661","0.517926","1.73361e-15","2.94575","2.874","3.05718","7.38019","0","0","0","0","0","0","0","0"
"1.9102","0.250022","0.300903","0.014648","0.276761","0.351195","0.511917","1.73964e-15","2.96269","2.87483","3.06039","7.52492","0","0","0","0","0","0","0","0"
"1.91358","0.250022","0.300903","0.0146453","0.279477","0.352812","0.516406","1.74769e-15","2.96066","2.84398","3.0855","7.49117","0","0","0","0","0","0","0","0"
"1.91697","0.250022","0.300903","0.0146422","0.278486","0.351405","0.52301","1.74538e-15","2.96642","2.85548","2.98904","7.56003","0","0","0","0","0","0","0","0"
"1.92045","0.250022","0.300903","0.0146411","0.278755","0.352895","0.545157","1.74867e-15","3.00736","2.86413","3.22641","7.52796","0","0","0","0","0","0","0","0"
"1.92373","0.250022","0.301273","0.0146415","0.279368","0.353454","0.548368","1.74315e-15","3.02613","2.8719","3.22927","7.52545","0","0","0","0","0","0","0","0"
"1.92712","0.250022","0.301273","0.0146419","0.278608","0.353561","0.567976","1.75269e-15","3.05029","2.8725","3.30134","7.65192","0","0","0","0","0","0","0","0"
"1.9305","0.250022","0.301273","0.0146424","0.281605","0.355631","0.573614","1.74531e-15","3.05982","2.84343","3.21276","7.5421","0","0","0","0","0","0","0","0"
"1.93388","0.250022","0.301273","0.0146427","0.281729","0.355967","0.57327","1.75394e-15","3.07199","2.84648","3.18604","7.58957","0","0","0","0","0","0","0","0"
"1.93737","0.250022","0.301273","0.0146416","0.280657","0.355798","0.573171","1.74706e-15","3.05425","2.84191","3.16143","7.53415","0","0","0","0","0","0","0","0"
"1.94067","0.250022","0.302085","0.0146397","0.281086","0.356206","0.571437","1.755e-15","3.03287","2.81366","3.12357","7.64733","0","0","0","0","0","0","0","0"
"1.94417","0.250022","0.302085","0.0146374","0.27874","0.353789","0.566819","1.75506e-15","3.05867","2.81793","3.11384","7.61996","0","0","0","0","0","0","0","0"
"1.94743","0.250022","0.302085","0.0146355","0.280194","0.354123","0.589706","1.74716e-15","3.04752","2.80676","3.26316","7.55421","0","0","0","0","0","0","0","0"
"1.9529","0.250022","0.302085","0.0146297","0.280525","0.354509","0.590389","1.74858e-15","3.04245","2.82007","3.24052","7.50656","0","0","0","0","0","0","0","0"
"1.95785","0.500044","0.30285","0.0171379","0.279276","0.353563","0.58845","1.75161e-15","3.05136","2.87523","3.24425","7.52876","0","0","0","0","0","0","0","0"
"1.9614","0.500044","0.30285","0.0209837","0.282642","0.355553","0.592352","1.74914e-15","3.10023","2.88587","3.20986","7.45934","0","0","0","0","0","0","0","0"
"1.96462","0.500044","0.30285","0.0244944","0.290903","0.362423","0.592083","1.74859e-15","3.24094","3.00915","3.18813","7.48251","0","0","0","0","0","0","0","0"
"1.968","0.500044","0.30285","0.0285903","0.303141","0.371086","0.602196","1.75668e-15","3.49223","3.06895","3.22334","7.48087","0","0","0","0","0","0","0","0"
"1.97143","0.500044","0.30285","0.0291732","0.325984","0.390951","0.613333","1.73737e-15","3.75294","3.35281","3.12694","7.31929","0","0","0","0","0","0","0","0"
"1.97498","0.500044","0.305315","0.0291702","0.390473","0.45196","0.861521","1.76714e-15","3.8322","3.57958","3.62868","7.77839","0","0","0","0","0","0","0","0"
"1.97837","0.500044","0.305315","0.0291672","0.401397","0.469539","0.911504","1.71945e-15","3.62509","3.36849","3.52599","7.35774","0","0","0","0","0","0","0","0"
"1.98175","0.500044","0.305315","0.0291646","0.410926","0.472552","0.844323","1.77171e-15","3.76291","3.40065","3.74443","8.02904","0","0","0","0","0","0","0","0"
"1.98697","0.500044","0.305315","0.0291787","0.433634","0.495171","0.831003","1.73543e-15","3.41979","3.1897","3.29199","7.30704","0","0","0","0","0","0","0","0"
"1.99035","0.500044","0.317034","0.0292473","0.454921","0.504114","0.860736","1.77989e-15","3.28926","3.13093","2.9949","7.83121","0","0","0","0","0","0","0","0"
"1.99377","0.500044","0.317034","0.0292988","0.44918","0.505179","0.847147","1.73199e-15","3.17976","3.12779","2.82608","7.60617","0","0","0","0","0","0","0","0"
"1.99715","0.500044","0.317034","0.0293588","0.447666","0.5107","0.900895","1.78246e-15","3.13338","3.05433","3.06879","8.47241","0","0","0","0","0","0","0","0"
"2.00053","0.500044","0.317034","0.0294103","0.463804","0.518698","0.937612","1.77542e-15","3.1251","3.07289","2.99","8.13651","0","0","0","0","0","0","0","0"
"2.00402","0.500044","0.317034","0.0294774","0.486722","0.527427","1.01967","1.74942e-15","3.25959","3.40432","3.42031","7.7207","0","0","0","0","0","0","0","0"
"2.00782","0.500044","0.362467","0.0295499","0.495018","0.547857","1.11323","1.71913e-15","3.03454","3.37046","2.96822","7.32825","0","0","0","0","0","0","0","0"
"2.01122","0.500044","0.362467","0.0296224","0.490055","0.53536","1.08659","1.76242e-15","3.02593","3.28924","3.09298","7.74521","0","0","0","0","0","0","0","0"
"2.0146","0.500044","0.362467","0.0296845","0.495531","0.540125","1.02061","1.74255e-15","2.90726","3.12914","3.23631","7.47097","0","0","0","0","0","0","0","0"
"2.01798","0.500044","0.362467","0.0297569","0.47727","0.532","1.02914","1.75644e-15","2.95357","2.98937","3.17499","7.28321","0","0","0","0","0","0","0","0"
"2.02147","0.500044","0.362467","0.029817","0.474359","0.529936","0.988809","1.73812e-15","3.00781","2.90655","3.19652","6.86575","0","0","0","0","0","0","0","0"
"2.02475","0.500044","0.397487","0.0299029","0.480233","0.530535","0.976819","1.72486e-15","2.96136","2.93675","3.05465","7.08231","0","0","0","0","0","0","0","0"
"2.02813","0.500044","0.397487","0.0299809","0.495398","0.545817","1.08079","1.77273e-15","3.13286","3.08546","3.15424","7.32687","0","0","0","0","0","0","0","0"
"2.03152","0.500044","0.397487","0.030072","0.489213","0.534087","1.04163","1.74653e-15","3.12032","3.02472","3.11312","7.38249","0","0","0","0","0","0","0","0"
"2.03622","0.500044","0.397487","0.0301765","0.48803","0.532794","1.06192","1.75544e-15","3.09584","3.0167","3.09011","7.2108","0","0","0","0","0","0","0","0"
"2.03962","0.500044","0.422493","0.0302169","0.489084","0.531887","1.0456","1.74138e-15","3.11479","2.98545","3.03181","7.12327","0","0","0","0","0","0","0","0"
"2.043","0.500044","0.422493","0.030264","0.488633","0.523815","1.08994","1.77041e-15","3.08816","2.98825","2.86361","6.97645","0","0","0","0","0","0","0","0"
"2.0464","0.500044","0.422493","0.0303044","0.484467","0.516776","1.0449","1.76592e-15","3.07255","3.00006","2.98417","7.21311","0","0","0","0","0","0","0","0"
"2.04978","0.500044","0.422493","0.0303515","0.48388","0.521606","1.0641","1.78464e-15","3.0081","2.88967","3.02625","7.50266","0","0","0","0","0","0","0","0"
"2.0533","0.500044","0.422493","0.0303978","0.488975","0.531247","1.05173","1.7562e-15","2.97313","2.83728","2.9053","7.30037","0","0","0","0","0","0","0","0"
"2.05657","0.500044","0.43749","0.0304771","0.483461","0.524102","1.02335","1.76232e-15","3.06012","3.05709","2.92469","7.36097","0","0","0","0","0","0","0","0"
"2.05995","0.500044","0.43749","0.0305662","0.485016","0.526032","1.04918","1.74703e-15","3.03853","3.04437","2.76607","7.36277","0","0","0","0","0","0","0","0"
"2.06333","0.500044","0.43749","0.0306794","0.487147","0.531076","1.05743","1.77868e-15","3.07748","3.00098","2.78027","7.6418","0","0","0","0","0","0","0","0"
"2.06675","0.500044","0.43749","0.0307764","0.486018","0.530426","1.04371","1.76376e-15","3.08019","3.10112","2.73035","7.41908","0","0","0","0","0","0","0","0"
"2.07023","0.500044","0.43749","0.030871","0.490702","0.533505","1.04384","1.77234e-15","3.17211","3.11381","2.62056","7.69542","0","0","0","0","0","0","0","0"
"2.07352","0.500044","0.447005","0.030933","0.498278","0.542151","1.09776","1.76128e-15","3.10866","3.11568","2.83952","7.44729","0","0","0","0","0","0","0","0"
"2.0769","0.500044","0.447005","0.0310054","0.496728","0.537598","1.16345","1.77507e-15","3.08873","3.11177","2.6562","7.67821","0","0","0","0","0","0","0","0"
"2.08028","0.500044","0.447005","0.0310675","0.497051","0.54293","1.15678","1.75771e-15","3.18652","3.14695","2.62186","7.5368","0","0","0","0","0","0","0","0"
"2.08368","0.500044","0.447005","0.0311399","0.49657","0.543826","1.23161","1.77389e-15","3.12303","3.07965","2.68304","7.71246","0","0","0","0","0","0","0","0"
"2.08718","0.500044","0.447005","0.0312011","0.495542","0.544391","1.17675","1.75645e-15","3.14987","3.06912","2.85577","7.54951","0","0","0","0","0","0","0","0"
"2.09045","0.500044","0.455423","0.0312857","0.496307","0.543201","1.15803","1.75598e-15","3.17449","3.05509","2.822","7.64153","0","0","0","0","0","0","0","0"
"2.09392","0.500044","0.455423","0.0313891","0.500416","0.546743","1.12637","1.759e-15","3.16606","3.06652","2.94777","7.58302","0","0","0","0","0","0","0","0"
"2.0973","0.500044","0.455423","0.0314783","0.495553","0.54123","1.10783","1.75086e-15","3.13533","3.05531","3.04095","7.60435","0","0","0","0","0","0","0","0"
"2.10068","0.500044","0.455423","0.0315824","0.490358","0.536757","1.10509","1.74174e-15","3.13873","3.02429","2.91312","7.50003","0","0","0","0","0","0","0","0"
"2.10417","0.500044","0.455423","0.0316507","0.483228","0.530124","1.09357","1.72604e-15","3.15627","3.09174","2.85361","7.37705","0","0","0","0","0","0","0","0"
"2.10747","0.500044","0.465001","0.0317184","0.480596","0.53164","1.07304","1.73256e-15","3.13273","3.05117","2.86102","7.32604","0","0","0","0","0","0","0","0"
"2.11083","0.500044","0.465001","0.0317764","0.482328","0.534639","1.0993","1.72929e-15","3.15608","3.02528","2.90047","7.50652","0","0","0","0","0","0","0","0"
"2.11423","0.500044","0.465001","0.0318441","0.485015","0.532632","1.10127","1.74516e-15","3.10504","2.98837","2.83543","7.3788","0","0","0","0","0","0","0","0"
"2.11957","0.500044","0.465001","0.0319417","0.489534","0.537897","1.0663","1.74687e-15","3.03644","2.91161","2.87519","7.40268","0","0","0","0","0","0","0","0"
"2.12282","0.500044","0.472243","0.0320117","0.495328","0.543802","1.04911","1.73429e-15","2.98019","2.86904","2.88076","7.19899","0","0","0","0","0","0","0","0"
"2.12622","0.500044","0.472243","0.0321196","0.493957","0.544476","1.10043","1.74488e-15","2.98713","2.89613","2.82202","7.22196","0","0","0","0","0","0","0","0"
"2.12958","0.500044","0.472243","0.032247","0.503034","0.553716","1.10115","1.73099e-15","2.93283","2.85055","2.734","7.10847","0","0","0","0","0","0","0","0"
"2.13298","0.500044","0.472243","0.0324034","0.504563","0.557256","1.15619","1.73278e-15","2.89241","2.88909","2.99958","7.08726","0","0","0","0","0","0","0","0"
"2.13645","0.500044","0.472243","0.0324851","0.507314","0.561737","1.1563","1.7377e-15","2.93301","2.92206","2.93357","7.06925","0","0","0","0","0","0","0","0"
"2.13975","0.500044","0.475918","0.0324581","0.519267","0.569196","1.1825","1.73076e-15","3.00345","2.90543","3.25321","7.06721","0","0","0","0","0","0","0","0"
"2.14315","0.500044","0.475918","0.032435","0.512191","0.566031","1.17317","1.73831e-15","3.02972","2.89705","3.53318","7.09462","0","0","0","0","0","0","0","0"
"2.14652","0.500044","0.475918","0.0324081","0.511654","0.5662","1.12971","1.73176e-15","3.09425","2.97566","3.66675","7.07477","0","0","0","0","0","0","0","0"
"2.1499","0.500044","0.475918","0.032385","0.519324","0.576373","1.13175","1.73401e-15","3.15771","2.96006","3.63369","7.0203","0","0","0","0","0","0","0","0"
"2.1534","0.500044","0.475918","0.0323722","0.513446","0.575199","1.21144","1.71621e-15","3.14239","2.95324","3.39064","6.76478","0","0","0","0","0","0","0","0"
"2.15667","0.500044","0.483266","0.0323774","0.511719","0.574243","1.19273","1.71531e-15","3.09769","2.95515","3.38491","6.82021","0","0","0","0","0","0","0","0"
"2.16007","0.500044","0.483266","0.0323835","0.51351","0.572863","1.24842","1.72479e-15","3.05724","2.95246","3.09456","7.04865","0","0","0","0","0","0","0","0"
"2.16343","0.500044","0.483266","0.0323887","0.512036","0.572863","1.22131","1.72504e-15","3.06661","2.93776","3.11713","6.92865","0","0","0","0","0","0","0","0"
"2.16683","0.500044","0.483266","0.0323947","0.507432","0.567626","1.20593","1.7234e-15","3.05027","2.98602","3.17043","7.25795","0","0","0","0","0","0","0","0"
"2.17032","0.500044","0.483266","0.0324222","0.506899","0.564609","1.17851","1.72033e-15","3.03226","2.95137","3.16887","7.07269","0","0","0","0","0","0","0","0"
"2.1736","0.500044","0.492523","0.0324801","0.498661","0.553744","1.12793","1.72751e-15","3.03653","2.94533","3.31674","7.21088","0","0","0","0","0","0","0","0"
"2.17697","0.500044","0.492523","0.0325298","0.495585","0.551595","1.09608","1.73431e-15","3.01261","2.91341","3.33994","7.1114","0","0","0","0","0","0","0","0"
"2.18038","0.500044","0.492523","0.0325878","0.495864","0.55044","1.07937","1.73309e-15","3.05488","2.90505","3.31537","7.32089","0","0","0","0","0","0","0","0"
"2.18375","0.500044","0.492523","0.0326375","0.504237","0.552941","1.19067","1.73665e-15","3.00221","2.84692","3.28005","7.22316","0","0","0","0","0","0","0","0"
"2.18725","0.500044","0.492523","0.0326508","0.509327","0.556926","1.23644","1.73013e-15","2.98609","2.8382","3.19122","7.08239","0","0","0","0","0","0","0","0"
"2.19052","0.500044","0.498692","0.0326335","0.503144","0.55272","1.22237","1.73335e-15","2.98718","2.82582","3.26543","6.96836","0","0","0","0","0","0","0","0"
"2.19392","0.500044","0.498692","0.0326133","0.501629","0.552623","1.19836","1.73872e-15","3.0581","2.82761","3.2391","7.02829","0","0","0","0","0","0","0","0"
"2.19733","0.500044","0.498692","0.032596","0.51365","0.559002","1.21337","1.75041e-15","3.0243","2.84378","3.17985","6.99511","0","0","0","0","0","0","0","0"
"2.2029","0.500044","0.498692","0.0325902","0.520868","0.562995","1.20787","1.72744e-15","3.02932","2.88479","3.23448","6.79652","0","0","0","0","0","0","0","0"
"2.20613","0.500044","0.499877","0.0326509","0.515162","0.559638","1.16945","1.72227e-15","2.99259","2.85324","3.30863","6.79934","0","0","0","0","0","0","0","0"
"2.20955","0.500044","0.499877","0.0327216","0.526948","0.56924","1.1594","1.71951e-15","2.97406","2.83561","3.26221","6.83835","0","0","0","0","0","0","0","0"
"2.21293","0.500044","0.499877","0.0327823","0.525222","0.565726","1.12797","1.73212e-15","2.9292","2.83167","3.29826","6.74143","0","0","0","0","0","0","0","0"
"2.21632","0.500044","0.499877","0.032853","0.51682","0.55976","1.10382","1.7107e-15","3.02228","2.8514","3.32587","6.55644","0","0","0","0","0","0","0","0"
"2.2198","0.500044","0.499877","0.0329122","0.512533","0.559007","1.10027","1.71582e-15","3.01886","2.80645","3.31107","6.29755","0","0","0","0","0","0","0","0"
"2.2232","0.500044","0.502676","0.0329778","0.511319","0.563475","1.09211","1.69288e-15","3.06073","2.87574","3.23906","6.17142","0","0","0","0","0","0","0","0"
"2.22648","0.500044","0.502676","0.033034","0.518597","0.566335","1.16721","1.71096e-15","3.07837","2.85687","3.19582","6.43035","0","0","0","0","0","0","0","0"
"2.22985","0.500044","0.502676","0.0330996","0.512722","0.561026","1.16392","1.70327e-15","3.08049","2.87219","3.16162","6.25577","0","0","0","0","0","0","0","0"
"2.23323","0.500044","0.502676","0.0331558","0.513325","0.560424","1.13027","1.71406e-15","3.10949","2.90938","3.24535","6.70083","0","0","0","0","0","0","0","0"
"2.23673","0.500044","0.502676","0.0332177","0.516688","0.564417","1.10556","1.71023e-15","3.10423","2.92754","3.25981","6.7818","0","0","0","0","0","0","0","0"
"2.24002","0.500044","0.507744","0.0332666","0.51433","0.563103","1.09838","1.70751e-15","3.05994","2.86629","3.26586","6.99133","0","0","0","0","0","0","0","0"
"2.2434","0.500044","0.507744","0.0333237","0.514668","0.565088","1.14537","1.72183e-15","3.04623","2.81929","3.2754","7.0096","0","0","0","0","0","0","0","0"
"2.24677","0.500044","0.507744","0.0333726","0.513173","0.562077","1.19303","1.71485e-15","3.02562","2.84725","3.10533","7.07528","0","0","0","0","0","0","0","0"
"2.25017","0.500044","0.507744","0.0334296","0.517813","0.565336","1.19731","1.72575e-15","2.9944","2.83046","3.07184","7.06079","0","0","0","0","0","0","0","0"
"2.25363","0.500044","0.507744","0.0334596","0.514528","0.561667","1.15151","1.70602e-15","2.96783","2.84401","3.20325","6.86987","0","0","0","0","0","0","0","0"
"2.25902","0.500044","0.510161","0.0334797","0.501211","0.550164","1.0841","1.71211e-15","2.96875","2.89679","3.34531","6.72834","0","0","0","0","0","0","0","0"
"2.26238","0.500044","0.510161","0.0334907","0.502272","0.550103","1.05594","1.72775e-15","3.02385","2.86802","3.37086","6.922","0","0","0","0","0","0","0","0"
"2.2658","0.500044","0.510161","0.0335035","0.511632","0.560205","1.03133","1.71823e-15","3.09461","2.91042","3.3925","6.86721","0","0","0","0","0","0","0","0"
"2.26957","0.500044","0.510161","0.033476","0.509976","0.561696","1.0517","1.72013e-15","3.15086","2.8814","3.32728","6.87975","0","0","0","0","0","0","0","0"
"2.27312","0.500044","0.511937","0.0333475","0.503192","0.556108","1.07986","1.7062e-15","3.13824","2.90426","3.25964","6.7912","0","0","0","0","0","0","0","0"
"2.27652","0.500044","0.511937","0.0332374","0.501975","0.551874","1.07396","1.72294e-15","3.1401","2.91043","3.2022","7.06923","0","0","0","0","0","0","0","0"
"2.27988","0.500044","0.511937","0.0331089","0.496314","0.545035","1.08522","1.72287e-15","3.20406","2.91096","2.99971","6.92686","0","0","0","0","0","0","0","0"
"2.28623","0.500044","0.511937","0.0329165","0.499996","0.549889","1.05394","1.73873e-15","3.17433","2.98324","3.00181","7.22633","0","0","0","0","0","0","0","0"
"2.28952","0.500044","0.512393","0.0328898","0.498915","0.548015","1.08458","1.72366e-15","3.14989","3.01542","3.00333","7.10404","0","0","0","0","0","0","0","0"
"2.2929","0.500044","0.512393","0.0328586","0.495201","0.545143","1.06014","1.74971e-15","3.10936","3.02277","3.11726","7.71017","0","0","0","0","0","0","0","0"
"2.29628","0.500044","0.512393","0.0328319","0.499536","0.551006","1.11533","1.74413e-15","3.24467","3.05954","3.17575","7.52961","0","0","0","0","0","0","0","0"
"2.29967","0.500044","0.512393","0.0328008","0.496952","0.546221","1.12956","1.75111e-15","3.19046","3.02854","3.18919","7.57156","0","0","0","0","0","0","0","0"
"2.30317","0.500044","0.512393","0.0327898","0.497435","0.548849","1.13964","1.76415e-15","3.27093","3.14411","3.05711","7.52972","0","0","0","0","0","0","0","0"
"2.30645","0.500044","0.511842","0.0328138","0.494991","0.5463","1.13833","1.75192e-15","3.22104","3.13129","3.08585","7.42003","0","0","0","0","0","0","0","0"
"2.30983","0.500044","0.511842","0.0328343","0.492654","0.540859","1.11592","1.76973e-15","3.17313","3.13702","3.12434","7.60286","0","0","0","0","0","0","0","0"
"2.31322","0.500044","0.511842","0.0328583","0.49284","0.539923","1.11447","1.76721e-15","3.12238","3.09616","3.10061","7.53225","0","0","0","0","0","0","0","0"
"2.3166","0.500044","0.511842","0.0328788","0.493841","0.543564","1.11728","1.76484e-15","3.17114","3.05879","3.02643","7.65713","0","0","0","0","0","0","0","0"
"2.3201","0.500044","0.511842","0.0329043","0.496262","0.545813","1.17976","1.76561e-15","3.12989","3.06679","3.26253","7.58243","0","0","0","0","0","0","0","0"
"2.32338","0.500044","0.511008","0.0329279","0.49674","0.54714","1.17253","1.75753e-15","3.13849","3.04497","3.21252","7.54929","0","0","0","0","0","0","0","0"
"2.32677","0.500044","0.511008","0.0329554","0.491579","0.54298","1.15835","1.77046e-15","3.16319","3.07168","3.17858","7.62488","0","0","0","0","0","0","0","0"
"2.33015","0.500044","0.511008","0.032979","0.495154","0.548234","1.16249","1.76077e-15","3.13725","3.04091","3.09635","7.56602","0","0","0","0","0","0","0","0"
"2.33353","0.500044","0.511008","0.0330065","0.492276","0.546604","1.15169","1.77343e-15","3.09521","3.00642","3.05748","7.71189","0","0","0","0","0","0","0","0"
"2.33702","0.500044","0.511008","0.0330203","0.493674","0.547545","1.13529","1.76865e-15","3.08775","2.97917","3.09654","7.57572","0","0","0","0","0","0","0","0"
"2.3403","0.500044","0.51","0.0330251","0.497577","0.550977","1.12291","1.77306e-15","3.08571","2.97188","3.09457","7.66078","0","0","0","0","0","0","0","0"
"2.34368","0.500044","0.51","0.0330292","0.499502","0.554059","1.12778","1.77656e-15","3.07284","2.96701","3.04094","7.67592","0","0","0","0","0","0","0","0"
"2.34707","0.500044","0.51","0.0330339","0.498592","0.551569","1.09949","1.78388e-15","3.03932","2.95878","3.1391","7.78685","0","0","0","0","0","0","0","0"
"2.35045","0.500044","0.51","0.033038","0.49661","0.550776","1.09504","1.79007e-15","3.05714","2.97899","3.10557","7.78872","0","0","0","0","0","0","0","0"
"2.35393","0.500044","0.51","0.0330414","0.493482","0.548312","1.074","1.77321e-15","3.05405","3.00169","3.14847","7.67992","0","0","0","0","0","0","0","0"
"2.35722","0.500044","0.509862","0.0330434","0.491349","0.546018","1.09088","1.78392e-15","3.04199","2.97212","3.04739","7.73817","0","0","0","0","0","0","0","0"
"2.36062","0.500044","0.509862","0.0330457","0.491666","0.544481","1.10731","1.77196e-15","3.04997","2.99704","3.17219","7.64514","0","0","0","0","0","0","0","0"
"2.364","0.500044","0.509862","0.0330477","0.499657","0.554569","1.14775","1.77262e-15","3.06442","3.04751","3.25751","7.65013","0","0","0","0","0","0","0","0"
"2.36957","0.500044","0.509862","0.0330572","0.504836","0.556704","1.1948","1.76841e-15","3.04758","3.05686","3.28903","7.5173","0","0","0","0","0","0","0","0"
"2.37285","0.500044","0.510371","0.0330766","0.503441","0.553846","1.18296","1.77474e-15","3.04723","3.05246","3.29426","7.60219","0","0","0","0","0","0","0","0"
"2.37623","0.500044","0.510371","0.0330993","0.503207","0.551462","1.15859","1.76699e-15","3.01905","3.03561","3.36624","7.49575","0","0","0","0","0","0","0","0"
"2.37967","0.500044","0.510371","0.0331187","0.503193","0.549645","1.14388","1.76031e-15","3.05159","3.03599","3.4007","7.49341","0","0","0","0","0","0","0","0"
"2.383","0.500044","0.510371","0.0331414","0.500548","0.547553","1.12212","1.76985e-15","3.05847","3.02721","3.43771","7.61744","0","0","0","0","0","0","0","0"
"2.3865","0.500044","0.510371","0.0331635","0.502648","0.549879","1.11337","1.75984e-15","3.08137","3.04875","3.41242","7.47207","0","0","0","0","0","0","0","0"
"2.38978","0.500044","0.510497","0.0331958","0.502812","0.549102","1.11748","1.76821e-15","3.07459","3.04957","3.35174","7.506","0","0","0","0","0","0","0","0"
"2.39318","0.500044","0.510497","0.0332235","0.501683","0.550717","1.11892","1.75915e-15","3.07482","3.08331","3.32506","7.40866","0","0","0","0","0","0","0","0"
"2.39655","0.500044","0.510497","0.0332559","0.50471","0.552649","1.11187","1.76243e-15","3.06949","3.09075","3.28746","7.38072","0","0","0","0","0","0","0","0"
"2.39993","0.500044","0.510497","0.0332836","0.502081","0.552703","1.09355","1.76072e-15","3.0632","3.1216","3.33973","7.26767","0","0","0","0","0","0","0","0"
"2.40342","0.500044","0.510497","0.0333056","0.499844","0.551867","1.09906","1.75256e-15","3.07135","3.13051","3.24354","7.2328","0","0","0","0","0","0","0","0"
"2.4067","0.500044","0.51096","0.0333128","0.498694","0.549805","1.08575","1.7539e-15","3.06822","3.11722","3.25941","7.25578","0","0","0","0","0","0","0","0"
"2.41008","0.500044","0.51096","0.0333212","0.497294","0.547964","1.06725","1.75357e-15","3.08837","3.10448","3.29969","7.39583","0","0","0","0","0","0","0","0"
"2.41348","0.500044","0.51096","0.0333283","0.498821","0.550173","1.077","1.76149e-15","3.11107","3.12055","3.23706","7.43237","0","0","0","0","0","0","0","0"
"2.41687","0.500044","0.51096","0.0333367","0.503114","0.554839","1.0664","1.75168e-15","3.12114","3.0922","3.22184","7.37278","0","0","0","0","0","0","0","0"
"2.42035","0.500044","0.51096","0.0333451","0.505932","0.555859","1.05746","1.75212e-15","3.12461","3.08287","3.23806","7.35453","0","0","0","0","0","0","0","0"
"2.42363","0.500044","0.51101","0.0333564","0.511016","0.560882","1.06868","1.74879e-15","3.16486","3.12119","3.23171","7.30432","0","0","0","0","0","0","0","0"
"2.42702","0.500044","0.51101","0.0333661","0.510568","0.560126","1.0812","1.75327e-15","3.15724","3.09622","3.16621","7.41885","0","0","0","0","0","0","0","0"
"2.4304","0.500044","0.51101","0.0333775","0.509952","0.560727","1.07594","1.76214e-15","3.15577","3.10763","3.13299","7.54412","0","0","0","0","0","0","0","0"
"2.43393","0.500044","0.51101","0.0333872","0.50788","0.559703","1.06936","1.7565e-15","3.144","3.08607","3.14172","7.49969","0","0","0","0","0","0","0","0"
"2.43728","0.500044","0.51101","0.0333931","0.507186","0.560249","1.05768","1.757e-15","3.10439","3.06598","3.14888","7.42583","0","0","0","0","0","0","0","0"
"2.44057","0.500044","0.511334","0.0333948","0.506599","0.559999","1.04655","1.7515e-15","3.08533","3.05875","3.16934","7.37316","0","0","0","0","0","0","0","0"
"2.44395","0.500044","0.511334","0.0333968","0.502409","0.55515","1.02856","1.75692e-15","3.09353","3.06008","3.2272","7.59039","0","0","0","0","0","0","0","0"
"2.44733","0.500044","0.511334","0.0333984","0.506863","0.556636","1.0765","1.76494e-15","3.09403","3.05154","3.2147","7.59315","0","0","0","0","0","0","0","0"
"2.4529","0.500044","0.511334","0.0334025","0.507737","0.556657","1.0939","1.75636e-15","3.05293","3.01979","3.11033","7.52334","0","0","0","0","0","0","0","0"
"2.45618","0.500044","0.512976","0.0334071","0.50901","0.560178","1.10582","1.76379e-15","3.06527","3.00199","3.11701","7.52608","0","0","0","0","0","0","0","0"
"2.45957","0.500044","0.512976","0.0334124","0.509229","0.559993","1.11494","1.75608e-15","3.04991","2.99828","3.04356","7.45133","0","0","0","0","0","0","0","0"
"2.46297","0.500044","0.512976","0.033417","0.507107","0.560051","1.09914","1.75893e-15","3.03728","2.99409","3.09437","7.48893","0","0","0","0","0","0","0","0"
"2.46633","0.500044","0.512976","0.0334224","0.507348","0.5601","1.1216","1.7601e-15","3.03399","2.99396","3.03075","7.5065","0","0","0","0","0","0","0","0"
"2.46983","0.500044","0.512976","0.0334241","0.504948","0.556985","1.1121","1.75166e-15","3.04147","3.01187","3.0436","7.43154","0","0","0","0","0","0","0","0"
"2.47312","0.500044","0.513421","0.0334191","0.505439","0.5555","1.10241","1.75699e-15","3.06527","3.05698","3.0704","7.50378","0","0","0","0","0","0","0","0"
"2.4765","0.500044","0.513421","0.0334148","0.506604","0.554501","1.11049","1.75778e-15","3.07804","3.05705","3.05407","7.52436","0","0","0","0","0","0","0","0"
"2.47988","0.500044","0.513421","0.0334099","0.506289","0.555456","1.10599","1.7556e-15","3.05871","3.03409","3.02389","7.49734","0","0","0","0","0","0","0","0"
"2.48327","0.500044","0.513421","0.0334056","0.504824","0.554163","1.09083","1.76186e-15","3.05779","3.02488","3.07018","7.52965","0","0","0","0","0","0","0","0"
"2.48677","0.500044","0.513421","0.0334014","0.503567","0.55392","1.0855","1.75435e-15","3.06316","3.03272","3.07448","7.44656","0","0","0","0","0","0","0","0"
"2.49003","0.500044","0.513766","0.0333987","0.505369","0.554993","1.0834","1.75937e-15","3.07297","3.06886","3.07176","7.57474","0","0","0","0","0","0","0","0"
"2.49342","0.500044","0.513766","0.0333955","0.505448","0.555852","1.09446","1.75741e-15","3.06327","3.06311","3.06276","7.56364","0","0","0","0","0","0","0","0"
"2.4968","0.500044","0.513766","0.0333928","0.504739","0.554796","1.10123","1.75752e-15","3.04935","3.05145","3.07344","7.55967","0","0","0","0","0","0","0","0"
"2.5002","0.500044","0.513766","0.0333896","0.503896","0.552818","1.0989","1.7573e-15","3.03808","3.04681","3.06674","7.55857","0","0","0","0","0","0","0","0"
"2.50368","0.500044","0.513766","0.033389","0.50308","0.5529","1.09522","1.74829e-15","3.0277","3.02815","3.05253","7.47497","0","0","0","0","0","0","0","0"
"2.50697","0.500044","0.513526","0.0333907","0.502587","0.551601","1.11137","1.75714e-15","3.06131","3.03346","2.97885","7.5509","0","0","0","0","0","0","0","0"
"2.51035","0.500044","0.513526","0.0333922","0.503649","0.552409","1.11241","1.75086e-15","3.04179","3.00438","2.95485","7.49224","0","0","0","0","0","0","0","0"
"2.51373","0.500044","0.513526","0.0333939","0.506587","0.55482","1.11529","1.75335e-15","3.02682","2.99673","2.93328","7.56037","0","0","0","0","0","0","0","0"
"2.51712","0.500044","0.513526","0.0333954","0.506325","0.554001","1.11167","1.7614e-15","3.01391","2.99722","2.98223","7.59843","0","0","0","0","0","0","0","0"
"2.5206","0.500044","0.513526","0.0333932","0.503835","0.551683","1.11049","1.75667e-15","3.01098","2.98965","2.95268","7.49754","0","0","0","0","0","0","0","0"
"2.5239","0.500044","0.513393","0.0333889","0.502009","0.549427","1.10862","1.7552e-15","3.00686","2.99168","2.95513","7.5102","0","0","0","0","0","0","0","0"
"2.52727","0.500044","0.513393","0.0333838","0.510471","0.555763","1.11378","1.76159e-15","3.07502","3.03653","2.96955","7.6388","0","0","0","0","0","0","0","0"
"2.53067","0.500044","0.513393","0.0333795","0.512918","0.558581","1.1431","1.75871e-15","3.07486","3.0286","3.09882","7.55618","0","0","0","0","0","0","0","0"
"2.53623","0.500044","0.513393","0.0333703","0.510177","0.557665","1.12329","1.76198e-15","3.07824","3.00746","3.14314","7.61792","0","0","0","0","0","0","0","0"
"2.53952","0.500044","0.513391","0.0333622","0.510512","0.558309","1.13061","1.75505e-15","3.08495","3.01041","3.12531","7.57117","0","0","0","0","0","0","0","0"
"2.5429","0.500044","0.513391","0.0333528","0.510926","0.559316","1.12457","1.7604e-15","3.07687","2.99728","3.13478","7.66816","0","0","0","0","0","0","0","0"
"2.54632","0.500044","0.513391","0.0333448","0.50844","0.557329","1.10895","1.75826e-15","3.09298","2.99545","3.19708","7.60166","0","0","0","0","0","0","0","0"
"2.54967","0.500044","0.513391","0.0333354","0.508256","0.55676","1.11687","1.76347e-15","3.07822","2.9938","3.15038","7.69256","0","0","0","0","0","0","0","0"
"2.55315","0.500044","0.513391","0.0333328","0.508746","0.556381","1.11485","1.76326e-15","3.07184","2.98776","3.12758","7.68019","0","0","0","0","0","0","0","0"
"2.55643","0.500044","0.514124","0.0333428","0.509865","0.557206","1.12248","1.76046e-15","3.06634","2.98652","3.11235","7.71105","0","0","0","0","0","0","0","0"
"2.55998","0.500044","0.514124","0.0333513","0.512682","0.557174","1.13666","1.76597e-15","3.06001","2.97173","3.06305","7.72987","0","0","0","0","0","0","0","0"
"2.56322","0.500044","0.514124","0.0333613","0.513023","0.557044","1.17409","1.76384e-15","3.06215","2.9706","3.13525","7.6563","0","0","0","0","0","0","0","0"
"2.5666","0.500044","0.514124","0.0333698","0.51429","0.55934","1.20325","1.76903e-15","3.04951","3.00753","3.25609","7.68549","0","0","0","0","0","0","0","0"
"2.57008","0.500044","0.514124","0.0333802","0.511852","0.558269","1.19225","1.76213e-15","3.05759","3.02618","3.28157","7.62045","0","0","0","0","0","0","0","0"
"2.57338","0.500044","0.514875","0.0333896","0.511255","0.557626","1.17976","1.76655e-15","3.0492","3.01776","3.31764","7.6568","0","0","0","0","0","0","0","0"
"2.5769","0.500044","0.514875","0.0334005","0.511222","0.559042","1.1889","1.76807e-15","3.05364","3.01657","3.34417","7.63398","0","0","0","0","0","0","0","0"
"2.58013","0.500044","0.514875","0.0334099","0.511909","0.558894","1.17779","1.76509e-15","3.02982","3.00806","3.37237","7.67147","0","0","0","0","0","0","0","0"
"2.58352","0.500044","0.514875","0.0334208","0.511892","0.559568","1.18745","1.76588e-15","3.02409","3.01087","3.29559","7.69256","0","0","0","0","0","0","0","0"
"2.58703","0.500044","0.514875","0.0334259","0.512197","0.559966","1.18098","1.75841e-15","3.02366","3.04467","3.29211","7.62142","0","0","0","0","0","0","0","0"
"2.5903","0.500044","0.515171","0.0334268","0.510235","0.557716","1.17394","1.76357e-15","3.03642","3.04985","3.29154","7.60404","0","0","0","0","0","0","0","0"
"2.59368","0.500044","0.515171","0.0334276","0.51043","0.558142","1.17269","1.75777e-15","3.02584","3.04098","3.26807","7.59076","0","0","0","0","0","0","0","0"
"2.59707","0.500044","0.515171","0.0334285","0.51016","0.558594","1.16709","1.76394e-15","3.03866","3.04299","3.25733","7.69481","0","0","0","0","0","0","0","0"
"2.60045","0.500044","0.515171","0.0334293","0.510268","0.558771","1.16445","1.7613e-15","3.0458","3.03416","3.24412","7.6372","0","0","0","0","0","0","0","0"
"2.60393","0.500044","0.515171","0.0334321","0.512132","0.560005","1.16871","1.75659e-15","3.02892","3.02144","3.20563","7.62777","0","0","0","0","0","0","0","0"
"2.60722","0.500044","0.515566","0.0334356","0.510962","0.5593","1.1645","1.75944e-15","3.02468","3.03302","3.19701","7.63657","0","0","0","0","0","0","0","0"
"2.6106","0.500044","0.515566","0.0334398","0.510508","0.559014","1.16481","1.75475e-15","3.02035","3.01952","3.17754","7.59895","0","0","0","0","0","0","0","0"
"2.614","0.500044","0.515566","0.0334433","0.50916","0.558503","1.15722","1.75922e-15","3.01739","3.03097","3.17977","7.6694","0","0","0","0","0","0","0","0"
"2.61957","0.500044","0.515566","0.033449","0.510076","0.560655","1.15743","1.75473e-15","3.02425","3.04927","3.11689","7.61092","0","0","0","0","0","0","0","0"
"2.62285","0.500044","0.515715","0.0334498","0.509382","0.560795","1.16108","1.75748e-15","3.02124","3.03878","3.08587","7.63077","0","0","0","0","0","0","0","0"
"2.62623","0.500044","0.515715","0.0334507","0.510723","0.562022","1.18407","1.75563e-15","3.00599","3.0086","3.07477","7.62259","0","0","0","0","0","0","0","0"
"2.62963","0.500044","0.515715","0.0334515","0.509096","0.560071","1.18786","1.75838e-15","3.01344","3.01913","3.03061","7.6396","0","0","0","0","0","0","0","0"
"2.633","0.500044","0.515715","0.0334525","0.50829","0.559447","1.21425","1.7554e-15","3.01799","3.04305","3.11443","7.64437","0","0","0","0","0","0","0","0"
"2.63648","0.500044","0.515715","0.0334558","0.510348","0.561024","1.23406","1.75446e-15","3.01468","3.02754","3.15017","7.64201","0","0","0","0","0","0","0","0"
"2.63977","0.500044","0.516012","0.0334656","0.509637","0.559897","1.22876","1.75377e-15","3.02108","3.02811","3.14625","7.6117","0","0","0","0","0","0","0","0"
"2.64317","0.500044","0.516012","0.033474","0.509158","0.559867","1.22242","1.751e-15","3.02918","3.0167","3.14257","7.63887","0","0","0","0","0","0","0","0"
"2.64653","0.500044","0.516012","0.0334838","0.508419","0.559256","1.22269","1.75464e-15","3.04047","3.03052","3.12086","7.62117","0","0","0","0","0","0","0","0"
"2.64993","0.500044","0.516012","0.0334922","0.507874","0.558608","1.21045","1.75093e-15","3.02855","3.02777","3.16226","7.56376","0","0","0","0","0","0","0","0"
"2.65342","0.500044","0.516012","0.0335043","0.50612","0.557345","1.19497","1.74937e-15","3.03039","3.02217","3.22016","7.58113","0","0","0","0","0","0","0","0"
"2.6567","0.500044","0.516259","0.0335172","0.506584","0.558466","1.19313","1.75023e-15","3.0212","3.01835","3.19996","7.55277","0","0","0","0","0","0","0","0"
"2.66008","0.500044","0.516259","0.0335322","0.507654","0.559055","1.20809","1.74938e-15","3.02317","2.99322","3.17674","7.54677","0","0","0","0","0","0","0","0"
"2.66347","0.500044","0.516259","0.0335451","0.507185","0.557571","1.23892","1.75364e-15","3.01278","3.01098","3.32742","7.56597","0","0","0","0","0","0","0","0"
"2.66685","0.500044","0.516259","0.0335601","0.506412","0.555383","1.27007","1.75176e-15","3.01032","3.01367","3.27903","7.57456","0","0","0","0","0","0","0","0"
"2.67035","0.500044","0.516259","0.0335752","0.505437","0.554405","1.2634","1.7542e-15","3.00575","3.00988","3.28295","7.54964","0","0","0","0","0","0","0","0"
"2.67375","0.500044","0.516152","0.0335954","0.505435","0.553801","1.24983","1.75059e-15","2.9907","3.00772","3.3288","7.51758","0","0","0","0","0","0","0","0"
"2.67712","0.500044","0.516152","0.0336128","0.50368","0.552643","1.23825","1.75087e-15","3.01017","3.00209","3.36567","7.53859","0","0","0","0","0","0","0","0"
"2.68052","0.500044","0.516152","0.033633","0.50312","0.5528","1.23356","1.75214e-15","3.00945","3.00717","3.36027","7.49437","0","0","0","0","0","0","0","0"
"2.6839","0.500044","0.516152","0.0336504","0.50191","0.552534","1.23189","1.75146e-15","3.01844","2.99419","3.36633","7.50424","0","0","0","0","0","0","0","0"
"2.68738","0.500044","0.516152","0.0336647","0.50185","0.553165","1.23934","1.75466e-15","3.01667","3.00263","3.30141","7.49066","0","0","0","0","0","0","0","0"
"2.69067","0.500044","0.515774","0.0336732","0.502765","0.553983","1.23865","1.75073e-15","3.03247","3.05761","3.30559","7.45583","0","0","0","0","0","0","0","0"
"2.69405","0.500044","0.515774","0.0336831","0.503109","0.554391","1.23476","1.75293e-15","3.02133","3.05302","3.28824","7.52353","0","0","0","0","0","0","0","0"
"2.69743","0.500044","0.515774","0.0336915","0.50283","0.553541","1.23126","1.75155e-15","3.01299","3.04507","3.27221","7.50803","0","0","0","0","0","0","0","0"
"2.70288","0.500044","0.515774","0.0337053","0.502847","0.553439","1.22334","1.75414e-15","3.02489","3.0348","3.26971","7.5205","0","0","0","0","0","0","0","0"
"2.70608","0.500044","0.515095","0.0337084","0.501292","0.552593","1.22008","1.74969e-15","3.02345","3.03191","3.26417","7.49585","0","0","0","0","0","0","0","0"
"2.70947","0.500044","0.515095","0.0337115","0.501331","0.55254","1.21463","1.74885e-15","3.02123","3.03521","3.27583","7.4957","0","0","0","0","0","0","0","0"
"2.71288","0.500044","0.515095","0.0337151","0.501769","0.553221","1.2089","1.75332e-15","3.01723","3.0181","3.27781","7.52187","0","0","0","0","0","0","0","0"
"2.71623","0.500044","0.515095","0.0337182","0.502978","0.553931","1.21349","1.74988e-15","3.00861","3.0329","3.24067","7.4637","0","0","0","0","0","0","0","0"
"2.71972","0.500044","0.515095","0.033724","0.504317","0.555751","1.21793","1.75029e-15","3.01674","3.01457","3.20597","7.55621","0","0","0","0","0","0","0","0"
"2.723","0.500044","0.51484","0.0337338","0.504818","0.55626","1.21301","1.75224e-15","3.01333","3.02172","3.2026","7.58944","0","0","0","0","0","0","0","0"
"2.72642","0.500044","0.51484","0.0337452","0.505461","0.5564","1.20597","1.7475e-15","3.01661","3.01332","3.2048","7.57192","0","0","0","0","0","0","0","0"
"2.72978","0.500044","0.51484","0.033755","0.505342","0.554905","1.19914","1.75262e-15","3.00659","3.00912","3.21085","7.59563","0","0","0","0","0","0","0","0"
"2.73317","0.500044","0.51484","0.0337665","0.504613","0.554849","1.19626","1.75079e-15","3.00823","3.00123","3.1987","7.55802","0","0","0","0","0","0","0","0"
"2.73668","0.500044","0.51484","0.0337749","0.50521","0.555211","1.19969","1.74713e-15","2.99895","2.99405","3.17024","7.53309","0","0","0","0","0","0","0","0"
"2.73995","0.500044","0.514832","0.0337815","0.506364","0.557516","1.20029","1.74777e-15","3.00248","3.01194","3.16115","7.53819","0","0","0","0","0","0","0","0"
"2.74332","0.500044","0.514832","0.0337872","0.504838","0.556274","1.1974","1.74817e-15","3.00402","3.01221","3.14706","7.54029","0","0","0","0","0","0","0","0"
"2.7467","0.500044","0.514832","0.0337939","0.504063","0.555406","1.20277","1.74799e-15","3.0203","3.0054","3.1138","7.5589","0","0","0","0","0","0","0","0"
"2.75008","0.500044","0.514832","0.0337995","0.503618","0.554453","1.20462","1.7521e-15","3.02832","3.00932","3.07539","7.5701","0","0","0","0","0","0","0","0"
"2.75358","0.500044","0.514832","0.0338048","0.504292","0.554956","1.20087","1.74843e-15","3.0139","3.00572","3.09018","7.49814","0","0","0","0","0","0","0","0"
"2.75687","0.500044","0.515261","0.0338078","0.502957","0.553655","1.20173","1.75058e-15","3.01403","3.0143","3.07901","7.5396","0","0","0","0","0","0","0","0"
"2.76025","0.500044","0.515261","0.0338112","0.502746","0.553099","1.19599","1.75262e-15","3.02279","3.01425","3.09358","7.48533","0","0","0","0","0","0","0","0"
"2.76363","0.500044","0.515261","0.0338141","0.506534","0.55735","1.20429","1.75103e-15","3.03862","3.02356","3.08132","7.4697","0","0","0","0","0","0","0","0"
"2.76702","0.500044","0.515261","0.0338176","0.505602","0.556693","1.20132","1.75591e-15","3.04393","3.03806","3.0712","7.53478","0","0","0","0","0","0","0","0"
"2.77053","0.500044","0.515261","0.0338181","0.505208","0.556546","1.20198","1.75311e-15","3.03865","3.03415","3.05065","7.49801","0","0","0","0","0","0","0","0"
"2.77395","0.500044","0.515336","0.033816","0.5039","0.556106","1.19382","1.75434e-15","3.04115","3.03077","3.0696","7.53731","0","0","0","0","0","0","0","0"
"2.77717","0.500044","0.515336","0.0338142","0.50417","0.55529","1.1992","1.75414e-15","3.03203","3.03287","3.03629","7.52371","0","0","0","0","0","0","0","0"
"2.78055","0.500044","0.515336","0.0338121","0.504924","0.555729","1.19277","1.7512e-15","3.03166","3.02438","3.04416","7.53749","0","0","0","0","0","0","0","0"
"2.7862","0.500044","0.515336","0.033809","0.504211","0.555543","1.19468","1.74924e-15","3.0231","3.03194","2.998","7.50302","0","0","0","0","0","0","0","0"
"2.78942","0.500044","0.515297","0.0338078","0.503413","0.554425","1.18902","1.74988e-15","3.01649","3.02784","3.00574","7.53809","0","0","0","0","0","0","0","0"
"2.79278","0.500044","0.515297","0.0338065","0.503259","0.554983","1.19525","1.75244e-15","3.01777","3.03964","2.98434","7.52913","0","0","0","0","0","0","0","0"
"2.79618","0.500044","0.515297","0.0338051","0.503007","0.555372","1.18751","1.74917e-15","3.02407","3.03823","3.00684","7.49309","0","0","0","0","0","0","0","0"
"2.79957","0.500044","0.515297","0.0338038","0.503407","0.555962","1.18961","1.75106e-15","3.01606","3.03485","2.99036","7.52804","0","0","0","0","0","0","0","0"
"2.80305","0.500044","0.515297","0.0338008","0.50296","0.555213","1.1998","1.74825e-15","3.0313","3.04299","2.99318","7.50947","0","0","0","0","0","0","0","0"
"2.80633","0.500044","0.515311","0.0337948","0.50476","0.556564","1.19722","1.75066e-15","3.05941","3.10012","2.99849","7.53612","0","0","0","0","0","0","0","0"
"2.80973","0.500044","0.515311","0.0337877","0.504209","0.556378","1.19837","1.75244e-15","3.05446","3.0995","2.99761","7.53933","0","0","0","0","0","0","0","0"
"2.8131","0.500044","0.515311","0.0337817","0.504539","0.556842","1.19171","1.75105e-15","3.05169","3.0953","3.01437","7.50192","0","0","0","0","0","0","0","0"
"2.81648","0.500044","0.515311","0.0337746","0.505803","0.558512","1.18747","1.75333e-15","3.04528","3.08996","3.01121","7.51951","0","0","0","0","0","0","0","0"
"2.82","0.500044","0.515311","0.0337684","0.506223","0.559262","1.19009","1.75124e-15","3.03613","3.087","3.00027","7.46348","0","0","0","0","0","0","0","0"
"2.82325","0.500044","0.515148","0.0337607","0.505314","0.558921","1.18457","1.75031e-15","3.04311","3.09219","3.00906","7.51641","0","0","0","0","0","0","0","0"
"2.82665","0.500044","0.515148","0.033754","0.506316","0.559443","1.18362","1.75098e-15","3.0461","3.08914","3.00156","7.50418","0","0","0","0","0","0","0","0"
"2.83003","0.500044","0.515148","0.0337463","0.506726","0.560439","1.1893","1.74995e-15","3.04347","3.09271","2.97864","7.49723","0","0","0","0","0","0","0","0"
"2.83342","0.500044","0.515148","0.0337397","0.506659","0.559637","1.19767","1.75532e-15","3.04026","3.09142","2.95885","7.55704","0","0","0","0","0","0","0","0"
"2.83692","0.500044","0.515148","0.0337388","0.506202","0.55874","1.19144","1.75107e-15","3.04043","3.09275","2.9735","7.4965","0","0","0","0","0","0","0","0"
"2.84018","0.500044","0.515471","0.0337459","0.506814","0.558843","1.18747","1.75319e-15","3.04066","3.08528","2.97392","7.53222","0","0","0","0","0","0","0","0"
"2.84358","0.500044","0.515471","0.0337542","0.507223","0.559993","1.18757","1.75291e-15","3.02876","3.085","2.97577","7.51739","0","0","0","0","0","0","0","0"
"2.84697","0.500044","0.515471","0.0337612","0.50837","0.561289","1.18277","1.75231e-15","3.02194","3.1003","2.97956","7.52614","0","0","0","0","0","0","0","0"
"2.85037","0.500044","0.515471","0.0337695","0.507723","0.559964","1.18334","1.75668e-15","3.02022","3.10022","2.97726","7.57336","0","0","0","0","0","0","0","0"
"2.85385","0.500044","0.515471","0.0337767","0.508388","0.559617","1.18242","1.75211e-15","3.03111","3.0941","2.96612","7.53498","0","0","0","0","0","0","0","0"
"2.85712","0.500044","0.516055","0.0337854","0.507175","0.558406","1.17658","1.75257e-15","3.02959","3.09415","2.96949","7.56221","0","0","0","0","0","0","0","0"
"2.8605","0.500044","0.516055","0.0337929","0.508329","0.559141","1.17574","1.75365e-15","3.01776","3.08018","2.96543","7.5481","0","0","0","0","0","0","0","0"
"2.86388","0.500044","0.516055","0.0338016","0.506853","0.557165","1.17439","1.75042e-15","3.02149","3.0841","2.94493","7.57074","0","0","0","0","0","0","0","0"
"2.86955","0.500044","0.516055","0.033812","0.506631","0.556697","1.17965","1.7514e-15","3.01838","3.0835","2.95134","7.54252","0","0","0","0","0","0","0","0"
"2.87273","0.500044","0.516361","0.0338101","0.505617","0.555739","1.18176","1.75015e-15","3.0195","3.08668","2.92525","7.54651","0","0","0","0","0","0","0","0"
"2.87612","0.500044","0.516361","0.0338081","0.505102","0.555258","1.18574","1.75182e-15","3.02081","3.08168","2.91442","7.53461","0","0","0","0","0","0","0","0"
"2.87952","0.500044","0.516361","0.0338058","0.506821","0.555429","1.18344","1.749e-15","3.0277","3.07634","2.90577","7.53377","0","0","0","0","0","0","0","0"
"2.8829","0.500044","0.516361","0.0338038","0.506271","0.554855","1.17732","1.75207e-15","3.03378","3.07358","2.91794","7.56439","0","0","0","0","0","0","0","0"
"2.88638","0.500044","0.516361","0.0338006","0.506118","0.554636","1.17851","1.74973e-15","3.02825","3.06699","2.90141","7.51457","0","0","0","0","0","0","0","0"
"2.88967","0.500044","0.516283","0.033796","0.506319","0.555189","1.17681","1.7519e-15","3.02788","3.06082","2.89723","7.52807","0","0","0","0","0","0","0","0"
"2.89308","0.500044","0.516283","0.0337906","0.507468","0.556089","1.18105","1.75152e-15","3.03823","3.06001","2.87589","7.50578","0","0","0","0","0","0","0","0"
"2.89643","0.500044","0.516283","0.0337859","0.5082","0.5569","1.18853","1.75205e-15","3.03291","3.05415","2.85233","7.48901","0","0","0","0","0","0","0","0"
"2.89982","0.500044","0.516283","0.0337805","0.507549","0.556452","1.18163","1.75423e-15","3.03332","3.05239","2.8706","7.52344","0","0","0","0","0","0","0","0"
"2.90333","0.500044","0.516283","0.033776","0.507614","0.556339","1.17999","1.75158e-15","3.02765","3.04921","2.87228","7.48329","0","0","0","0","0","0","0","0"
"2.90663","0.500044","0.515869","0.0337711","0.507629","0.557523","1.17305","1.75334e-15","3.0203","3.04752","2.88599","7.50573","0","0","0","0","0","0","0","0"
"2.90998","0.500044","0.515869","0.0337669","0.506421","0.556777","1.16715","1.75404e-15","3.02546","3.04512","2.90543","7.49442","0","0","0","0","0","0","0","0"
"2.91337","0.500044","0.515869","0.033762","0.50651","0.556869","1.16283","1.75376e-15","3.01923","3.04801","2.90692","7.4999","0","0","0","0","0","0","0","0"
"2.91675","0.500044","0.515869","0.0337579","0.506851","0.556919","1.17485","1.75621e-15","3.02206","3.07184","2.90597","7.50553","0","0","0","0","0","0","0","0"
"2.92025","0.500044","0.515869","0.0337528","0.507321","0.556939","1.17884","1.75229e-15","3.02831","3.07477","2.89604","7.46328","0","0","0","0","0","0","0","0"
"2.92352","0.500044","0.515976","0.0337482","0.506017","0.555457","1.17421","1.75527e-15","3.02861","3.07645","2.90269","7.51112","0","0","0","0","0","0","0","0"
"2.9269","0.500044","0.515976","0.0337428","0.506554","0.55622","1.19009","1.7565e-15","3.03045","3.07267","2.89285","7.50936","0","0","0","0","0","0","0","0"
"2.9303","0.500044","0.515976","0.0337382","0.506689","0.55635","1.1993","1.75433e-15","3.02833","3.07033","2.88213","7.47493","0","0","0","0","0","0","0","0"
"2.93368","0.500044","0.515976","0.0337328","0.507161","0.555724","1.21839","1.75946e-15","3.02321","3.07184","2.90159","7.51436","0","0","0","0","0","0","0","0"
"2.93718","0.500044","0.515976","0.0337304","0.508167","0.55716","1.21944","1.75773e-15","3.01355","3.07144","2.90197","7.50377","0","0","0","0","0","0","0","0"
"2.94045","0.500044","0.51604","0.03373","0.508859","0.557814","1.21488","1.7579e-15","3.00228","3.06363","2.90442","7.52789","0","0","0","0","0","0","0","0"
"2.94383","0.500044","0.51604","0.0337297","0.508366","0.557806","1.21004","1.76076e-15","2.99464","3.05901","2.915","7.51461","0","0","0","0","0","0","0","0"
"2.94723","0.500044","0.51604","0.0337293","0.508491","0.557555","1.20574","1.75809e-15","2.99648","3.05762","2.91259","7.50562","0","0","0","0","0","0","0","0"
"2.95288","0.500044","0.51604","0.0337285","0.508567","0.557826","1.20154","1.75726e-15","2.99893","3.05409","2.91234","7.45128","0","0","0","0","0","0","0","0"
"2.95608","0.500044","0.515902","0.0337276","0.508951","0.558083","1.19893","1.75662e-15","3.00107","3.06382","2.91528","7.4916","0","0","0","0","0","0","0","0"
"2.95945","0.500044","0.515902","0.0337267","0.508929","0.558138","1.19105","1.76042e-15","2.99641","3.05741","2.94175","7.51963","0","0","0","0","0","0","0","0"
"2.96288","0.500044","0.515902","0.0337256","0.508127","0.557733","1.19023","1.75799e-15","3.00931","3.06821","2.93991","7.49165","0","0","0","0","0","0","0","0"
"2.96622","0.500044","0.515902","0.0337247","0.507996","0.558322","1.18704","1.7614e-15","3.00313","3.05956","2.94246","7.52754","0","0","0","0","0","0","0","0"
"2.96975","0.500044","0.515902","0.0337259","0.508715","0.558856","1.19367","1.75738e-15","3.00221","3.05994","2.91463","7.49208","0","0","0","0","0","0","0","0"
"2.97302","0.500044","0.516146","0.033732","0.510508","0.560511","1.19518","1.75816e-15","3.00818","3.0666","2.91331","7.48396","0","0","0","0","0","0","0","0"
"2.9764","0.500044","0.516146","0.0337391","0.509681","0.560182","1.18704","1.75757e-15","3.00324","3.06004","2.93714","7.45332","0","0","0","0","0","0","0","0"
"2.97978","0.500044","0.516146","0.0337452","0.510438","0.561126","1.19308","1.75995e-15","3.0069","3.05087","2.95061","7.47908","0","0","0","0","0","0","0","0"
"2.98317","0.500044","0.516146","0.0337523","0.510382","0.560323","1.1883","1.75864e-15","3.00702","3.04942","2.9602","7.45829","0","0","0","0","0","0","0","0"
"2.98668","0.500044","0.516146","0.0337574","0.510825","0.560209","1.18323","1.75793e-15","2.99984","3.05194","2.96768","7.44483","0","0","0","0","0","0","0","0"
"2.98995","0.500044","0.51643","0.033761","0.510665","0.560041","1.18222","1.75526e-15","3.00333","3.05341","2.95839","7.41906","0","0","0","0","0","0","0","0"
"2.99333","0.500044","0.51643","0.0337641","0.509859","0.559693","1.17446","1.75461e-15","3.00229","3.05274","2.98593","7.41223","0","0","0","0","0","0","0","0"
"2.99672","0.500044","0.51643","0.0337678","0.511801","0.561099","1.17703","1.75769e-15","3.02205","3.06495","2.9852","7.44235","0","0","0","0","0","0","0","0"
"3.0001","0.500044","0.51643","0.0337709","0.511752","0.560591","1.17225","1.75549e-15","3.01758","3.0597","2.99266","7.43391","0","0","0","0","0","0","0","0"
"3.00358","0.500044","0.51643","0.0337716","0.511245","0.560514","1.17483","1.75508e-15","3.01655","3.04966","2.98191","7.43016","0","0","0","0","0","0","0","0"
"3.00687","0.500044","0.51681","0.0337688","0.510812","0.560789","1.1688","1.75266e-15","3.00795","3.0432","2.9998","7.42135","0","0","0","0","0","0","0","0"
"3.01025","0.500044","0.51681","0.0337656","0.511458","0.560764","1.16687","1.75483e-15","3.00898","3.04377","2.99625","7.45019","0","0","0","0","0","0","0","0"
"3.01363","0.500044","0.51681","0.0337628","0.511283","0.560996","1.16618","1.75373e-15","3.00815","3.03826","2.98854","7.44635","0","0","0","0","0","0","0","0"
"3.01703","0.500044","0.51681","0.0337595","0.511038","0.561299","1.16575","1.75516e-15","3.00513","3.03285","3.004","7.47092","0","0","0","0","0","0","0","0"
"3.02053","0.500044","0.51681","0.0337568","0.510445","0.560997","1.16357","1.75433e-15","3.0109","3.03739","3.00099","7.47705","0","0","0","0","0","0","0","0"
"3.0238","0.500044","0.517056","0.0337538","0.51096","0.561722","1.16044","1.75384e-15","3.01752","3.03754","3.00416","7.48747","0","0","0","0","0","0","0","0"
"3.02718","0.500044","0.517056","0.0337512","0.510455","0.561404","1.15632","1.75398e-15","3.0183","3.03406","3.0115","7.46112","0","0","0","0","0","0","0","0"
"3.03057","0.500044","0.517056","0.0337481","0.509178","0.561073","1.16138","1.75422e-15","3.02366","3.04464","2.99691","7.46992","0","0","0","0","0","0","0","0"
"3.03618","0.500044","0.517056","0.0337435","0.509402","0.561091","1.16921","1.75221e-15","3.03219","3.05622","3.02947","7.45873","0","0","0","0","0","0","0","0"
"3.03947","0.500044","0.517228","0.0337387","0.508309","0.560114","1.16365","1.75459e-15","3.03485","3.05337","3.04072","7.45583","0","0","0","0","0","0","0","0"
"3.04287","0.500044","0.517228","0.0337339","0.509259","0.560947","1.16252","1.75203e-15","3.04578","3.06084","3.03179","7.44115","0","0","0","0","0","0","0","0"
"3.04627","0.500044","0.517228","0.0337297","0.508734","0.560377","1.15935","1.75285e-15","3.04226","3.06063","3.03848","7.45043","0","0","0","0","0","0","0","0"
"3.04963","0.500044","0.517228","0.0337249","0.509061","0.561092","1.15647","1.7503e-15","3.03792","3.05632","3.03508","7.41397","0","0","0","0","0","0","0","0"
"3.0532","0.500044","0.517228","0.0337202","0.508601","0.56025","1.15272","1.74913e-15","3.04085","3.06059","3.0406","7.41601","0","0","0","0","0","0","0","0"
"3.0564","0.500044","0.517255","0.0337133","0.509248","0.560655","1.15774","1.74708e-15","3.0381","3.06047","3.00644","7.41406","0","0","0","0","0","0","0","0"
"3.05982","0.500044","0.517255","0.0337074","0.509009","0.560389","1.17016","1.74637e-15","3.0417","3.05485","2.99608","7.4392","0","0","0","0","0","0","0","0"
"3.06317","0.500044","0.517255","0.0337006","0.508318","0.559815","1.16676","1.74774e-15","3.04476","3.0584","3.00008","7.43696","0","0","0","0","0","0","0","0"
"3.06655","0.500044","0.517255","0.0336947","0.507917","0.559725","1.16675","1.74568e-15","3.04283","3.05219","2.98619","7.44181","0","0","0","0","0","0","0","0"
"3.07005","0.500044","0.517255","0.0336881","0.508004","0.560091","1.16303","1.74603e-15","3.04498","3.05074","2.99039","7.40948","0","0","0","0","0","0","0","0"
"3.07337","0.500044","0.517174","0.0336827","0.507372","0.559602","1.16667","1.74403e-15","3.04946","3.0599","2.98372","7.38686","0","0","0","0","0","0","0","0"
"3.07672","0.500044","0.517174","0.0336764","0.507118","0.559402","1.16641","1.74591e-15","3.052","3.055","2.98879","7.41521","0","0","0","0","0","0","0","0"
"3.0801","0.500044","0.517174","0.033671","0.507401","0.560439","1.17449","1.745e-15","3.06631","3.05894","2.98154","7.37973","0","0","0","0","0","0","0","0"
"3.08348","0.500044","0.517174","0.0336647","0.506902","0.561048","1.17796","1.74678e-15","3.06689","3.05481","2.96813","7.37535","0","0","0","0","0","0","0","0"
"3.08702","0.500044","0.517174","0.0336648","0.508816","0.563068","1.17941","1.74537e-15","3.073","3.05912","2.95342","7.35033","0","0","0","0","0","0","0","0"
"3.09025","0.500044","0.517076","0.0336713","0.508373","0.562436","1.1824","1.74452e-15","3.06495","3.05696","2.93522","7.32387","0","0","0","0","0","0","0","0"
"3.09363","0.500044","0.517076","0.0336769","0.508078","0.562445","1.1782","1.7465e-15","3.05998","3.05348","2.94139","7.33945","0","0","0","0","0","0","0","0"
"3.09703","0.500044","0.517076","0.0336834","0.508001","0.562609","1.1855","1.74384e-15","3.06136","3.04723","3.02132","7.31402","0","0","0","0","0","0","0","0"
"3.1004","0.500044","0.517076","0.033689","0.508304","0.563214","1.18194","1.7435e-15","3.05711","3.0409","3.0372","7.32975","0","0","0","0","0","0","0","0"
"3.1039","0.500044","0.517076","0.0336942","0.508985","0.563936","1.17893","1.74181e-15","3.06268","3.04242","3.03205","7.32944","0","0","0","0","0","0","0","0"
"3.10717","0.500044","0.517069","0.0336978","0.508632","0.564199","1.17674","1.74189e-15","3.054","3.03446","3.0314","7.35265","0","0","0","0","0","0","0","0"
"3.11057","0.500044","0.517069","0.0337019","0.508853","0.564745","1.1781","1.74173e-15","3.04479","3.02582","3.01286","7.32216","0","0","0","0","0","0","0","0"
"3.11395","0.500044","0.517069","0.0337055","0.508451","0.564333","1.17493","1.74209e-15","3.04811","3.04226","3.01098","7.33779","0","0","0","0","0","0","0","0"
"3.11955","0.500044","0.517069","0.0337102","0.508867","0.565281","1.17497","1.74215e-15","3.04442","3.02835","2.99847","7.30363","0","0","0","0","0","0","0","0"
"3.1228","0.500044","0.517424","0.0337082","0.509447","0.566078","1.17661","1.74174e-15","3.04616","3.03182","2.9851","7.3138","0","0","0","0","0","0","0","0"
"3.12618","0.500044","0.517424","0.0337058","0.509076","0.566177","1.17512","1.74218e-15","3.03632","3.02529","2.9779","7.28743","0","0","0","0","0","0","0","0"
"3.12957","0.500044","0.517424","0.0337038","0.509733","0.566826","1.18639","1.73991e-15","3.02984","3.01942","3.05406","7.28064","0","0","0","0","0","0","0","0"
"3.13297","0.500044","0.517424","0.0337014","0.508961","0.566285","1.18929","1.74265e-15","3.03143","3.01965","3.03305","7.31701","0","0","0","0","0","0","0","0"
"3.13645","0.500044","0.517424","0.0336993","0.508616","0.566082","1.18693","1.74055e-15","3.02684","3.01123","3.02667","7.28506","0","0","0","0","0","0","0","0"
"3.13973","0.500044","0.51776","0.0336965","0.510135","0.567458","1.1966","1.74028e-15","3.02773","3.01451","3.02591","7.28631","0","0","0","0","0","0","0","0"
"3.14312","0.500044","0.51776","0.0336941","0.510967","0.568165","1.20361","1.74103e-15","3.03978","3.03466","3.04641","7.25927","0","0","0","0","0","0","0","0"
"3.1465","0.500044","0.51776","0.0336914","0.511192","0.568451","1.2048","1.73895e-15","3.04498","3.03363","3.03105","7.21244","0","0","0","0","0","0","0","0"
"3.14988","0.500044","0.51776","0.033689","0.511683","0.568114","1.22043","1.73844e-15","3.04743","3.03115","3.03348","7.20393","0","0","0","0","0","0","0","0"
"3.15338","0.500044","0.51776","0.0336878","0.511727","0.567846","1.22745","1.73928e-15","3.04255","3.0329","3.03256","7.18927","0","0","0","0","0","0","0","0"
"3.15667","0.500044","0.518131","0.0336885","0.51271","0.568116","1.23402","1.73671e-15","3.04064","3.0347","3.00955","7.17811","0","0","0","0","0","0","0","0"
"3.16005","0.500044","0.518131","0.0336894","0.512381","0.567895","1.23494","1.73965e-15","3.03797","3.03592","3.0267","7.20034","0","0","0","0","0","0","0","0"
"3.16348","0.500044","0.518131","0.0336902","0.51188","0.567428","1.23023","1.73891e-15","3.05665","3.04206","3.03571","7.18384","0","0","0","0","0","0","0","0"
"3.16687","0.500044","0.518131","0.0336911","0.512326","0.567777","1.22707","1.73673e-15","3.05899","3.03598","3.03176","7.17135","0","0","0","0","0","0","0","0"
"3.17037","0.500044","0.518131","0.0336934","0.51212","0.567223","1.22498","1.73661e-15","3.05292","3.0323","3.03191","7.1854","0","0","0","0","0","0","0","0"
"3.17365","0.500044","0.518523","0.0336979","0.511599","0.566682","1.22115","1.73567e-15","3.05537","3.03476","3.04075","7.19324","0","0","0","0","0","0","0","0"
"3.17703","0.500044","0.518523","0.0337018","0.511903","0.566926","1.21692","1.73619e-15","3.07371","3.03453","3.0487","7.22378","0","0","0","0","0","0","0","0"
"3.18042","0.500044","0.518523","0.0337063","0.512435","0.567532","1.21247","1.73791e-15","3.0721","3.03533","3.05483","7.20987","0","0","0","0","0","0","0","0"
"3.18382","0.500044","0.518523","0.0337102","0.51187","0.567317","1.2096","1.73777e-15","3.07137","3.03335","3.05636","7.21706","0","0","0","0","0","0","0","0"
"3.18728","0.500044","0.518523","0.0337181","0.511594","0.567296","1.20981","1.73863e-15","3.07248","3.03747","3.04324","7.22771","0","0","0","0","0","0","0","0"
"3.19057","0.500044","0.518691","0.0337271","0.511174","0.566732","1.20692","1.7375e-15","3.0799","3.03539","3.04139","7.20055","0","0","0","0","0","0","0","0"
"3.19397","0.500044","0.518691","0.0337375","0.511064","0.566933","1.20495","1.73903e-15","3.07395","3.03084","3.03209","7.24623","0","0","0","0","0","0","0","0"
"3.19733","0.500044","0.518691","0.0337465","0.510168","0.566268","1.2053","1.73976e-15","3.0757","3.03248","3.0134","7.27292","0","0","0","0","0","0","0","0"
"3.2029","0.500044","0.518691","0.0337623","0.510609","0.566218","1.21249","1.73856e-15","3.07351","3.03119","3.00053","7.26027","0","0","0","0","0","0","0","0"
"3.2062","0.500044","0.518717","0.0337693","0.511352","0.567391","1.2146","1.73804e-15","3.08493","3.03981","2.99008","7.25663","0","0","0","0","0","0","0","0"
"3.20958","0.500044","0.518717","0.0337774","0.511005","0.567292","1.20961","1.7368e-15","3.07894","3.03891","3.00235","7.24092","0","0","0","0","0","0","0","0"
"3.213","0.500044","0.518717","0.0337843","0.510386","0.566375","1.20606","1.73968e-15","3.08067","3.04083","3.00612","7.29132","0","0","0","0","0","0","0","0"
"3.21635","0.500044","0.518717","0.0337924","0.509742","0.565882","1.20887","1.73874e-15","3.08179","3.03901","2.9866","7.27215","0","0","0","0","0","0","0","0"
"3.21983","0.500044","0.518717","0.0337986","0.509807","0.566155","1.20481","1.73892e-15","3.07553","3.03657","2.99474","7.27174","0","0","0","0","0","0","0","0"
"3.22313","0.500044","0.518705","0.033804","0.510297","0.566911","1.20698","1.73868e-15","3.06172","3.03066","2.99065","7.27296","0","0","0","0","0","0","0","0"
"3.22653","0.500044","0.518705","0.0338086","0.510656","0.566888","1.20261","1.73786e-15","3.05989","3.03127","2.99908","7.28505","0","0","0","0","0","0","0","0"
"3.2299","0.500044","0.518705","0.033814","0.510658","0.566741","1.20225","1.7409e-15","3.06055","3.03317","2.99343","7.30586","0","0","0","0","0","0","0","0"
"3.23328","0.500044","0.518705","0.0338187","0.510233","0.566335","1.19938","1.73845e-15","3.06111","3.03698","2.99561","7.29039","0","0","0","0","0","0","0","0"
"3.23677","0.500044","0.518705","0.0338259","0.509917","0.56611","1.19324","1.73794e-15","3.05549","3.03535","3.01436","7.28223","0","0","0","0","0","0","0","0"
"3.24005","0.500044","0.518708","0.0338343","0.509972","0.565715","1.19533","1.7408e-15","3.05222","3.03149","2.99378","7.29755","0","0","0","0","0","0","0","0"
"3.24343","0.500044","0.518708","0.0338441","0.509227","0.56582","1.19837","1.73903e-15","3.05414","3.02685","2.98578","7.28094","0","0","0","0","0","0","0","0"
"3.24682","0.500044","0.518708","0.0338525","0.509574","0.566444","1.19985","1.73955e-15","3.05335","3.0303","2.97177","7.28844","0","0","0","0","0","0","0","0"
"3.2502","0.500044","0.518708","0.0338623","0.509652","0.567079","1.19623","1.74238e-15","3.04969","3.02693","2.97741","7.2836","0","0","0","0","0","0","0","0"
"3.25368","0.500044","0.518708","0.0338688","0.509043","0.567","1.19702","1.73914e-15","3.05095","3.02636","2.96978","7.28001","0","0","0","0","0","0","0","0"
"3.25712","0.500044","0.518751","0.033874","0.508537","0.566601","1.19067","1.7414e-15","3.0474","3.01977","2.99107","7.30423","0","0","0","0","0","0","0","0"
"3.26037","0.500044","0.518751","0.0338785","0.509013","0.567","1.19132","1.74197e-15","3.04407","3.01732","2.98908","7.28345","0","0","0","0","0","0","0","0"
"3.26375","0.500044","0.518751","0.0338838","0.509747","0.567448","1.19393","1.7415e-15","3.03879","3.01462","2.98332","7.28026","0","0","0","0","0","0","0","0"
"3.26715","0.500044","0.518751","0.0338883","0.509289","0.567349","1.19823","1.74366e-15","3.0365","3.00338","2.99877","7.28799","0","0","0","0","0","0","0","0"
"3.27062","0.500044","0.518751","0.0338907","0.510312","0.56854","1.20279","1.74205e-15","3.02989","2.99634","2.99219","7.26563","0","0","0","0","0","0","0","0"
"3.27397","0.500044","0.518779","0.0338911","0.510235","0.56809","1.19869","1.74301e-15","3.02639","2.99557","3.00021","7.28453","0","0","0","0","0","0","0","0"
"3.27728","0.500044","0.518779","0.0338914","0.509897","0.568052","1.19924","1.74405e-15","3.02814","2.9906","2.99109","7.26765","0","0","0","0","0","0","0","0"
"3.28068","0.500044","0.518779","0.0338918","0.510396","0.568506","1.20102","1.74484e-15","3.02692","2.98325","2.97572","7.30496","0","0","0","0","0","0","0","0"
"3.28625","0.500044","0.518779","0.0338921","0.51142","0.568858","1.20702","1.74483e-15","3.02364","2.97763","2.95576","7.29336","0","0","0","0","0","0","0","0"
"3.28953","0.500044","0.518959","0.0338917","0.511324","0.568901","1.21363","1.74626e-15","3.0258","2.98509","2.95532","7.29899","0","0","0","0","0","0","0","0"
"3.29292","0.500044","0.518959","0.0338912","0.511552","0.569249","1.21941","1.7476e-15","3.02062","2.9822","2.95692","7.3057","0","0","0","0","0","0","0","0"
"3.2963","0.500044","0.518959","0.0338908","0.511518","0.569134","1.21957","1.74602e-15","3.02387","2.98474","2.95645","7.29547","0","0","0","0","0","0","0","0"
"3.29968","0.500044","0.518959","0.0338903","0.510884","0.568687","1.2279","1.74825e-15","3.02064","2.98267","2.9457","7.31482","0","0","0","0","0","0","0","0"
"3.30317","0.500044","0.518959","0.0338891","0.510081","0.567449","1.22515","1.74656e-15","3.01984","2.98855","2.9464","7.28763","0","0","0","0","0","0","0","0"
"3.30645","0.500044","0.519283","0.0338861","0.510486","0.567909","1.21992","1.74696e-15","3.0154","2.98551","2.96081","7.29814","0","0","0","0","0","0","0","0"
"3.30985","0.500044","0.519283","0.0338835","0.510404","0.567718","1.2187","1.74591e-15","3.01911","2.98659","2.95848","7.28489","0","0","0","0","0","0","0","0"
"3.31323","0.500044","0.519283","0.0338804","0.509628","0.567472","1.22025","1.74535e-15","3.01799","2.98856","2.94164","7.30977","0","0","0","0","0","0","0","0"
"3.31677","0.500044","0.519283","0.0338778","0.509288","0.567253","1.21834","1.74721e-15","3.01539","2.98319","2.93714","7.32423","0","0","0","0","0","0","0","0"
"3.32012","0.500044","0.519283","0.0338763","0.509348","0.567531","1.21969","1.74478e-15","3.01318","2.98131","2.93203","7.29075","0","0","0","0","0","0","0","0"
"3.3234","0.500044","0.519433","0.0338767","0.509322","0.567387","1.21606","1.74723e-15","3.01204","2.9799","2.93826","7.27931","0","0","0","0","0","0","0","0"
"3.32677","0.500044","0.519433","0.0338771","0.510056","0.568089","1.21404","1.74653e-15","3.0062","2.97069","2.93582","7.25886","0","0","0","0","0","0","0","0"
"3.33015","0.500044","0.519433","0.0338775","0.509456","0.567505","1.21152","1.74621e-15","3.00409","2.9686","2.93795","7.25759","0","0","0","0","0","0","0","0"
"3.33353","0.500044","0.519433","0.033878","0.509248","0.567448","1.21135","1.74829e-15","2.99928","2.96683","2.93813","7.26661","0","0","0","0","0","0","0","0"
"3.33703","0.500044","0.519433","0.0338798","0.509386","0.567449","1.20682","1.7457e-15","2.99929","2.96006","2.94888","7.24936","0","0","0","0","0","0","0","0"
"3.3403","0.500044","0.519304","0.0338838","0.510481","0.568365","1.21078","1.74832e-15","3.00203","2.95899","2.96015","7.26703","0","0","0","0","0","0","0","0"
"3.34368","0.500044","0.519304","0.0338872","0.510199","0.568341","1.20803","1.74686e-15","3.0159","2.96727","2.96908","7.25865","0","0","0","0","0","0","0","0"
"3.34707","0.500044","0.519304","0.0338911","0.509849","0.568531","1.20271","1.74757e-15","3.01281","2.96851","2.98596","7.29858","0","0","0","0","0","0","0","0"
"3.35047","0.500044","0.519304","0.0338945","0.510497","0.569404","1.20531","1.74786e-15","3.01839","2.96223","2.96784","7.29484","0","0","0","0","0","0","0","0"
"3.35395","0.500044","0.519304","0.0339013","0.511678","0.57018","1.21759","1.7453e-15","3.01673","2.96687","2.98847","7.28413","0","0","0","0","0","0","0","0"
"3.35723","0.500044","0.51932","0.0339091","0.51218","0.570215","1.22779","1.74789e-15","3.01699","2.96694","2.99816","7.31612","0","0","0","0","0","0","0","0"
"3.36062","0.500044","0.51932","0.0339181","0.511907","0.570253","1.22845","1.74577e-15","3.01349","2.96671","2.98322","7.30575","0","0","0","0","0","0","0","0"
"3.36402","0.500044","0.51932","0.0339258","0.511583","0.569582","1.23397","1.74863e-15","3.01415","2.97701","2.97118","7.33995","0","0","0","0","0","0","0","0"
"3.36958","0.500044","0.51932","0.0339403","0.511243","0.56939","1.23418","1.74641e-15","3.01887","2.97862","2.9532","7.3276","0","0","0","0","0","0","0","0"
"3.37287","0.500044","0.519595","0.033949","0.510917","0.568859","1.24339","1.74836e-15","3.01744","2.97888","2.96736","7.33628","0","0","0","0","0","0","0","0"
"3.37623","0.500044","0.519595","0.0339591","0.51144","0.569084","1.2463","1.74598e-15","3.0138","2.98289","2.9624","7.32738","0","0","0","0","0","0","0","0"
"3.37965","0.500044","0.519595","0.0339678","0.512055","0.570075","1.25172","1.74858e-15","3.0243","3.00238","2.96177","7.34529","0","0","0","0","0","0","0","0"
"3.38302","0.500044","0.519595","0.033978","0.512096","0.569711","1.24621","1.74749e-15","3.01656","2.99458","2.9762","7.32552","0","0","0","0","0","0","0","0"
"3.3865","0.500044","0.519595","0.0339867","0.512837","0.57031","1.24666","1.74792e-15","3.03585","2.99859","2.976","7.32071","0","0","0","0","0","0","0","0"
"3.38978","0.500044","0.519947","0.0339969","0.513207","0.570149","1.24328","1.74734e-15","3.0333","2.99428","2.97941","7.33635","0","0","0","0","0","0","0","0"
"3.39322","0.500044","0.519947","0.0340057","0.513633","0.570246","1.24453","1.74768e-15","3.02388","2.99384","2.97288","7.353","0","0","0","0","0","0","0","0"
"3.39655","0.500044","0.519947","0.034016","0.513036","0.569793","1.23907","1.74931e-15","3.02708","2.99413","2.98766","7.36054","0","0","0","0","0","0","0","0"
"3.39993","0.500044","0.519947","0.0340247","0.512841","0.569741","1.23713","1.74811e-15","3.0271","2.98848","2.98878","7.34357","0","0","0","0","0","0","0","0"
"3.40343","0.500044","0.519947","0.0340353","0.512892","0.569962","1.23904","1.74848e-15","3.0231","2.98985","2.97219","7.34227","0","0","0","0","0","0","0","0"
"3.40673","0.500044","0.520072","0.0340449","0.513076","0.569964","1.23903","1.74739e-15","3.01944","2.98535","2.96466","7.32011","0","0","0","0","0","0","0","0"
"3.4101","0.500044","0.520072","0.034056","0.512914","0.570082","1.23542","1.74959e-15","3.01373","2.98184","2.97596","7.34507","0","0","0","0","0","0","0","0"
"3.4135","0.500044","0.520072","0.0340655","0.512691","0.569717","1.23347","1.75055e-15","3.0144","2.98093","2.97571","7.33362","0","0","0","0","0","0","0","0"
"3.41708","0.500044","0.520072","0.0340766","0.51284","0.569849","1.23805","1.75046e-15","3.01421","2.97703","2.96627","7.34185","0","0","0","0","0","0","0","0"
"3.42057","0.500044","0.520072","0.0340896","0.511892","0.569239","1.23333","1.75102e-15","3.02386","2.97792","2.97816","7.32174","0","0","0","0","0","0","0","0"
"3.42385","0.500044","0.520327","0.034102","0.512412","0.569453","1.23141","1.74887e-15","3.02033","2.97471","2.98341","7.30698","0","0","0","0","0","0","0","0"
"3.42723","0.500044","0.520327","0.0341165","0.51277","0.569704","1.23354","1.75139e-15","3.02044","2.97864","2.97282","7.32614","0","0","0","0","0","0","0","0"
"3.43062","0.500044","0.520327","0.0341289","0.511782","0.568899","1.22781","1.75057e-15","3.02168","2.9783","2.99393","7.30774","0","0","0","0","0","0","0","0"
"3.43402","0.500044","0.520327","0.0341434","0.511208","0.568263","1.22668","1.74973e-15","3.02567","2.98104","2.9881","7.3025","0","0","0","0","0","0","0","0"
"3.43752","0.500044","0.520327","0.0341578","0.510762","0.568323","1.2265","1.751e-15","3.03303","2.98357","2.98263","7.29108","0","0","0","0","0","0","0","0"
"3.4408","0.500044","0.520409","0.0341756","0.510975","0.569033","1.22979","1.74892e-15","3.02659","2.98107","2.97577","7.28151","0","0","0","0","0","0","0","0"
"3.44412","0.500044","0.520409","0.0341909","0.510668","0.568732","1.22958","1.75014e-15","3.02549","2.98105","2.9676","7.28779","0","0","0","0","0","0","0","0"
"3.44748","0.500044","0.520409","0.0342063","0.509964","0.568221","1.23087","1.74986e-15","3.02606","2.98064","2.95916","7.27095","0","0","0","0","0","0","0","0"
"3.45302","0.500044","0.520409","0.0342323","0.510555","0.568738","1.2348","1.75076e-15","3.02131","2.97224","2.93935","7.27243","0","0","0","0","0","0","0","0"
"3.45618","0.500044","0.520325","0.0342413","0.510543","0.569039","1.23832","1.74999e-15","3.01764","2.9735","2.92187","7.25279","0","0","0","0","0","0","0","0"
"3.45958","0.500044","0.520325","0.0342519","0.510513","0.569408","1.2377","1.74946e-15","3.0125","2.96878","2.92198","7.26562","0","0","0","0","0","0","0","0"
"3.46297","0.500044","0.520325","0.034261","0.51085","0.569835","1.23792","1.75099e-15","3.01045","2.97417","2.92997","7.28574","0","0","0","0","0","0","0","0"
"3.4663","0.500044","0.520325","0.0342716","0.511497","0.5704","1.23731","1.74931e-15","3.01629","2.98147","2.92394","7.27112","0","0","0","0","0","0","0","0"
"3.46997","0.500044","0.520325","0.0342792","0.512119","0.570743","1.23876","1.74973e-15","3.01332","2.98017","2.91268","7.27285","0","0","0","0","0","0","0","0"
"3.47325","0.500044","0.5202","0.0342844","0.513258","0.571713","1.24163","1.7474e-15","3.00658","2.98021","2.9032","7.26517","0","0","0","0","0","0","0","0"
"3.4766","0.500044","0.5202","0.0342889","0.512989","0.571175","1.23951","1.74641e-15","3.00675","2.97847","2.90853","7.26386","0","0","0","0","0","0","0","0"
"3.48","0.500044","0.5202","0.0342942","0.513925","0.571828","1.24792","1.74916e-15","3.00222","2.97707","2.92558","7.279","0","0","0","0","0","0","0","0"
"3.48338","0.500044","0.5202","0.0342987","0.513586","0.571583","1.24723","1.74837e-15","3.00655","2.97555","2.92136","7.26023","0","0","0","0","0","0","0","0"
"3.48687","0.500044","0.5202","0.0343002","0.513403","0.571107","1.24926","1.74727e-15","3.00983","2.98009","2.90298","7.23436","0","0","0","0","0","0","0","0"
"3.4901","0.500044","0.520424","0.0342972","0.513229","0.570951","1.24743","1.74941e-15","3.00933","2.97853","2.9026","7.27038","0","0","0","0","0","0","0","0"
"3.49368","0.500044","0.520424","0.0342938","0.513402","0.570921","1.24577","1.74837e-15","3.00845","2.97923","2.89695","7.26811","0","0","0","0","0","0","0","0"
"3.49708","0.500044","0.520424","0.0342903","0.512748","0.570599","1.24395","1.74897e-15","3.01043","2.9779","2.90601","7.26158","0","0","0","0","0","0","0","0"
"3.50047","0.500044","0.520424","0.0342874","0.512104","0.569754","1.24047","1.75007e-15","3.0151","2.98203","2.91234","7.2512","0","0","0","0","0","0","0","0"
"3.50395","0.500044","0.520424","0.034286","0.511766","0.569783","1.23917","1.74844e-15","3.02081","2.98561","2.91516","7.25263","0","0","0","0","0","0","0","0"
"3.50722","0.500044","0.520913","0.0342861","0.5119","0.570101","1.23521","1.75063e-15","3.01783","2.98621","2.92524","7.27381","0","0","0","0","0","0","0","0"
"3.51068","0.500044","0.520913","0.0342863","0.511503","0.569641","1.23175","1.74954e-15","3.01792","2.98946","2.93422","7.26642","0","0","0","0","0","0","0","0"
"3.51407","0.500044","0.520913","0.0342864","0.511362","0.569799","1.23109","1.74951e-15","3.01772","2.99343","2.92814","7.27185","0","0","0","0","0","0","0","0"
"3.51745","0.500044","0.520913","0.0342865","0.511633","0.569996","1.22911","1.751e-15","3.01178","2.99512","2.92676","7.25948","0","0","0","0","0","0","0","0"
"3.52093","0.500044","0.520913","0.0342856","0.511264","0.569404","1.22709","1.74913e-15","3.01069","2.99459","2.92721","7.23917","0","0","0","0","0","0","0","0"
"3.52422","0.500044","0.52095","0.0342838","0.51098","0.569143","1.2278","1.7511e-15","3.01208","2.99185","2.92161","7.27923","0","0","0","0","0","0","0","0"
"3.5276","0.500044","0.52095","0.0342823","0.511869","0.570204","1.23322","1.75041e-15","3.0154","3.00634","2.91155","7.26466","0","0","0","0","0","0","0","0"
"3.53098","0.500044","0.52095","0.0342806","0.512022","0.570579","1.22915","1.75067e-15","3.01085","3.00247","2.92416","7.2756","0","0","0","0","0","0","0","0"
"3.5362","0.500044","0.52095","0.0342796","0.511742","0.570355","1.22475","1.75132e-15","3.00864","3.00027","2.92809","7.28543","0","0","0","0","0","0","0","0"
"3.53958","0.500044","0.520831","0.0342826","0.511705","0.56976","1.23145","1.75067e-15","3.00474","2.99856","2.94809","7.28003","0","0","0","0","0","0","0","0"
"3.54297","0.500044","0.520831","0.0342862","0.511822","0.569492","1.23208","1.75301e-15","2.9999","2.99946","2.94183","7.31113","0","0","0","0","0","0","0","0"
"3.54728","0.500044","0.520831","0.0342892","0.511976","0.569392","1.23235","1.75221e-15","3.00286","2.99781","2.93159","7.29344","0","0","0","0","0","0","0","0"
"3.56207","0.500044","0.520831","0.0342963","0.51267","0.57011","1.24051","1.75193e-15","3.00957","2.98944","2.92975","7.30017","0","0","0","0","0","0","0","0"
"3.56327","0.500044","0.520907","0.034297","0.513037","0.570522","1.24227","1.75437e-15","3.0102","2.98932","2.92045","7.31771","0","0","0","0","0","0","0","0"
"3.56662","0.500044","0.520907","0.0342976","0.51357","0.571055","1.2394","1.75421e-15","3.00847","2.98871","2.92489","7.30088","0","0","0","0","0","0","0","0"
"3.57013","0.500044","0.520907","0.0342954","0.513406","0.570462","1.24259","1.75156e-15","3.00694","2.98811","2.90857","7.28339","0","0","0","0","0","0","0","0"
"3.57343","0.500044","0.52094","0.0342902","0.513053","0.570101","1.23927","1.75381e-15","3.00798","2.99003","2.9172","7.29185","0","0","0","0","0","0","0","0"
"3.5768","0.500044","0.52094","0.0342841","0.513027","0.57013","1.23717","1.75274e-15","3.01","2.98691","2.92135","7.28502","0","0","0","0","0","0","0","0"
"3.58018","0.500044","0.52094","0.0342789","0.513114","0.570112","1.23858","1.75355e-15","3.00634","2.98391","2.90748","7.30416","0","0","0","0","0","0","0","0"
"3.58358","0.500044","0.52094","0.0342728","0.513464","0.570874","1.23719","1.75583e-15","3.00831","2.98412","2.9044","7.32657","0","0","0","0","0","0","0","0"
"3.58707","0.500044","0.52094","0.0342735","0.513261","0.570299","1.23531","1.75287e-15","3.00929","2.98344","2.90271","7.31645","0","0","0","0","0","0","0","0"
"3.59035","0.500044","0.521078","0.034281","0.513402","0.570565","1.23591","1.754e-15","3.01397","2.99024","2.89097","7.32898","0","0","0","0","0","0","0","0"
"3.59373","0.500044","0.521078","0.0342875","0.513431","0.570947","1.23348","1.75509e-15","3.01172","2.99579","2.89445","7.33533","0","0","0","0","0","0","0","0"
"3.59712","0.500044","0.521078","0.0342951","0.512701","0.570185","1.23359","1.75371e-15","3.00913","2.99608","2.88613","7.33425","0","0","0","0","0","0","0","0"
"3.60052","0.500044","0.521078","0.0343015","0.513024","0.57057","1.23401","1.75509e-15","3.00778","2.98946","2.87961","7.35499","0","0","0","0","0","0","0","0"
"3.60398","0.500044","0.521078","0.0343143","0.513279","0.570601","1.23273","1.75428e-15","3.0041","2.98819","2.87778","7.3653","0","0","0","0","0","0","0","0"
"3.60727","0.500044","0.521293","0.0343287","0.513021","0.570129","1.23978","1.7544e-15","3.00288","2.98836","2.89384","7.36342","0","0","0","0","0","0","0","0"
"3.61065","0.500044","0.521293","0.0343454","0.512652","0.56982","1.23762","1.75585e-15","3.00559","2.98856","2.89646","7.38341","0","0","0","0","0","0","0","0"
"3.61405","0.500044","0.521293","0.0343597","0.51346","0.570654","1.23781","1.75456e-15","3.0058","2.98474","2.88912","7.3692","0","0","0","0","0","0","0","0"
"3.61953","0.500044","0.521293","0.0343857","0.513524","0.570462","1.23987","1.75475e-15","2.99841","2.98122","2.88009","7.37123","0","0","0","0","0","0","0","0"
"3.6229","0.500044","0.521395","0.0343995","0.513736","0.570758","1.23787","1.75326e-15","2.99595","2.97934","2.8781","7.36478","0","0","0","0","0","0","0","0"
"3.62628","0.500044","0.521395","0.0344156","0.513907","0.570987","1.24723","1.75118e-15","2.99144","2.97602","2.91168","7.37005","0","0","0","0","0","0","0","0"
"3.62968","0.500044","0.521395","0.0344293","0.514676","0.571659","1.24804","1.75357e-15","2.988","2.9742","2.93457","7.3833","0","0","0","0","0","0","0","0"
"3.63307","0.500044","0.521395","0.0344454","0.514819","0.571785","1.24403","1.75239e-15","2.98767","2.97339","2.9479","7.36156","0","0","0","0","0","0","0","0"
"3.63655","0.500044","0.521395","0.0344577","0.514598","0.571487","1.2439","1.7522e-15","2.98777","2.97543","2.9411","7.36351","0","0","0","0","0","0","0","0"
"3.63983","0.500044","0.521464","0.0344684","0.514105","0.571274","1.24019","1.75396e-15","2.99272","2.98275","2.94654","7.37964","0","0","0","0","0","0","0","0"
"3.64322","0.500044","0.521464","0.0344777","0.513846","0.57068","1.23755","1.7528e-15","2.99475","2.98418","2.95414","7.36182","0","0","0","0","0","0","0","0"
"3.6466","0.500044","0.521464","0.0344884","0.514064","0.571019","1.24419","1.75413e-15","2.99848","2.98243","2.93458","7.38954","0","0","0","0","0","0","0","0"
"3.64998","0.500044","0.521464","0.0344976","0.514252","0.571239","1.24213","1.75452e-15","2.99984","2.98104","2.93765","7.38597","0","0","0","0","0","0","0","0"
"3.65347","0.500044","0.521464","0.0345072","0.513969","0.570741","1.23685","1.75311e-15","2.99877","2.98038","2.95363","7.37365","0","0","0","0","0","0","0","0"
"3.65677","0.500044","0.521708","0.034514","0.514076","0.570693","1.23332","1.75528e-15","2.99386","2.98016","2.95988","7.40837","0","0","0","0","0","0","0","0"
"3.66015","0.500044","0.521708","0.034522","0.514119","0.570779","1.23152","1.75394e-15","2.98363","2.97844","2.96371","7.40047","0","0","0","0","0","0","0","0"
"3.66353","0.500044","0.521708","0.0345288","0.513864","0.57064","1.23076","1.75354e-15","2.98673","2.98526","2.95655","7.40052","0","0","0","0","0","0","0","0"
"3.66692","0.500044","0.521708","0.0345368","0.51507","0.571767","1.23985","1.75621e-15","2.98827","2.9884","2.96395","7.4344","0","0","0","0","0","0","0","0"
"3.6704","0.500044","0.521708","0.0345448","0.514409","0.571035","1.23792","1.75574e-15","2.98986","2.99282","2.96133","7.4223","0","0","0","0","0","0","0","0"
"3.67368","0.500044","0.521802","0.0345555","0.51562","0.572147","1.23772","1.75325e-15","3.01701","3.01006","2.97098","7.41806","0","0","0","0","0","0","0","0"
"3.67703","0.500044","0.521802","0.0345647","0.515908","0.572386","1.24208","1.75467e-15","3.02106","3.01152","2.96424","7.44532","0","0","0","0","0","0","0","0"
"3.68055","0.500044","0.521802","0.0345754","0.515724","0.572407","1.23917","1.75643e-15","3.02856","3.0159","2.96443","7.44508","0","0","0","0","0","0","0","0"
"3.6839","0.500044","0.521802","0.0345846","0.515736","0.572392","1.24034","1.75452e-15","3.02939","3.02131","2.95625","7.43693","0","0","0","0","0","0","0","0"
"3.68748","0.500044","0.521802","0.0345917","0.51546","0.572197","1.24048","1.75374e-15","3.02856","3.01965","2.95388","7.43067","0","0","0","0","0","0","0","0"
"3.69077","0.500044","0.521878","0.0345962","0.514962","0.571516","1.23988","1.75357e-15","3.02648","3.0191","2.94271","7.40627","0","0","0","0","0","0","0","0"
"3.69413","0.500044","0.521878","0.0346","0.514514","0.571379","1.23697","1.75255e-15","3.02586","3.01731","2.94587","7.39526","0","0","0","0","0","0","0","0"
"3.69753","0.500044","0.521878","0.0346045","0.515137","0.572099","1.23463","1.75355e-15","3.0412","3.01289","2.94426","7.41969","0","0","0","0","0","0","0","0"
"3.70287","0.500044","0.521878","0.0346089","0.515233","0.571764","1.23754","1.75196e-15","3.0437","3.01422","2.95226","7.39025","0","0","0","0","0","0","0","0"
"3.70605","0.500044","0.52212","0.0346067","0.51523","0.571773","1.24013","1.75197e-15","3.04695","3.01734","2.94125","7.4095","0","0","0","0","0","0","0","0"
"3.70943","0.500044","0.52212","0.0346045","0.514892","0.571422","1.24616","1.75284e-15","3.04785","3.0176","2.92939","7.39532","0","0","0","0","0","0","0","0"
"3.71283","0.500044","0.52212","0.034602","0.514726","0.571998","1.24714","1.75119e-15","3.04587","3.01949","2.91857","7.37155","0","0","0","0","0","0","0","0"
"3.71622","0.500044","0.52212","0.0345998","0.515127","0.57243","1.25632","1.75155e-15","3.04837","3.01941","3.04768","7.37889","0","0","0","0","0","0","0","0"
"3.7197","0.500044","0.52212","0.0345981","0.516013","0.573036","1.27804","1.75235e-15","3.04737","3.0197","3.11507","7.37409","0","0","0","0","0","0","0","0"
"3.72298","0.500044","0.522171","0.0345985","0.516295","0.572959","1.27523","1.75094e-15","3.04714","3.01414","3.11794","7.3579","0","0","0","0","0","0","0","0"
"3.72632","0.500044","0.522171","0.0345989","0.515902","0.572421","1.27409","1.75159e-15","3.04479","3.01502","3.1126","7.37989","0","0","0","0","0","0","0","0"
"3.72983","0.500044","0.522171","0.0345993","0.516538","0.5731","1.27394","1.75296e-15","3.04341","3.01669","3.11006","7.38105","0","0","0","0","0","0","0","0"
"3.73322","0.500044","0.522171","0.0345997","0.516354","0.57275","1.2786","1.75067e-15","3.04908","3.01837","3.10635","7.36835","0","0","0","0","0","0","0","0"
"3.7367","0.500044","0.522171","0.0346017","0.516546","0.573032","1.2788","1.75047e-15","3.05422","3.0178","3.09975","7.37057","0","0","0","0","0","0","0","0"
"3.73998","0.500044","0.522155","0.0346053","0.516743","0.573236","1.27517","1.75034e-15","3.04769","3.01304","3.10626","7.35434","0","0","0","0","0","0","0","0"
"3.74337","0.500044","0.522155","0.0346095","0.516644","0.573171","1.27303","1.74785e-15","3.04472","3.00756","3.10492","7.33683","0","0","0","0","0","0","0","0"
"3.74675","0.500044","0.522155","0.0346131","0.515868","0.572326","1.26785","1.7488e-15","3.04987","3.0118","3.12273","7.33828","0","0","0","0","0","0","0","0"
"3.75013","0.500044","0.522155","0.0346172","0.515585","0.571903","1.26333","1.75052e-15","3.05514","3.01105","3.13544","7.34782","0","0","0","0","0","0","0","0"
"3.75363","0.500044","0.522155","0.0346205","0.5154","0.571992","1.26506","1.74893e-15","3.05033","3.0016","3.1222","7.33007","0","0","0","0","0","0","0","0"
"3.75692","0.500044","0.522322","0.034624","0.514716","0.571744","1.26396","1.74781e-15","3.05792","3.00823","3.11756","7.3048","0","0","0","0","0","0","0","0"
"3.7603","0.500044","0.522322","0.034627","0.514463","0.57165","1.25895","1.74813e-15","3.06238","3.00527","3.13443","7.3109","0","0","0","0","0","0","0","0"
"3.76368","0.500044","0.522322","0.0346305","0.515105","0.572408","1.26008","1.74873e-15","3.06813","3.00295","3.12201","7.30467","0","0","0","0","0","0","0","0"
"3.76707","0.500044","0.522322","0.0346335","0.515025","0.571976","1.25587","1.74639e-15","3.06806","3.00129","3.13329","7.29757","0","0","0","0","0","0","0","0"
"3.77057","0.500044","0.522322","0.0346406","0.514573","0.571583","1.2533","1.74557e-15","3.06716","2.99992","3.13898","7.29045","0","0","0","0","0","0","0","0"
"3.77383","0.500044","0.522365","0.034649","0.515059","0.57202","1.25397","1.74678e-15","3.0629","2.9969","3.13588","7.29824","0","0","0","0","0","0","0","0"
"3.77722","0.500044","0.522365","0.0346588","0.515849","0.572355","1.25895","1.74565e-15","3.07554","2.99758","3.12465","7.27849","0","0","0","0","0","0","0","0"
"3.7806","0.500044","0.522365","0.0346672","0.515361","0.572013","1.25489","1.74405e-15","3.07361","2.99614","3.13438","7.26554","0","0","0","0","0","0","0","0"
"3.7862","0.500044","0.522365","0.0346825","0.514772","0.57144","1.24889","1.74316e-15","3.0726","2.99841","3.1464","7.27286","0","0","0","0","0","0","0","0"
"3.78947","0.500044","0.522281","0.0346904","0.514992","0.571692","1.24632","1.74442e-15","3.07123","2.99809","3.15063","7.28756","0","0","0","0","0","0","0","0"
"3.79278","0.500044","0.522281","0.0346982","0.514511","0.571408","1.24697","1.74463e-15","3.0681","2.99609","3.1372","7.27202","0","0","0","0","0","0","0","0"
"3.7962","0.500044","0.522281","0.0347075","0.514452","0.571586","1.24553","1.7431e-15","3.07221","2.99579","3.13799","7.24882","0","0","0","0","0","0","0","0"
"3.79962","0.500044","0.522281","0.0347167","0.514916","0.571981","1.24799","1.74159e-15","3.09272","3.00653","3.12064","7.23325","0","0","0","0","0","0","0","0"
"3.80308","0.500044","0.522281","0.0347228","0.515315","0.572443","1.24729","1.74091e-15","3.09016","3.01353","3.11298","7.23918","0","0","0","0","0","0","0","0"
"3.80638","0.500044","0.522382","0.034726","0.515599","0.572802","1.24391","1.74256e-15","3.08673","3.01048","3.12097","7.26178","0","0","0","0","0","0","0","0"
"3.80975","0.500044","0.522382","0.0347287","0.515958","0.573432","1.2408","1.7414e-15","3.08235","3.00309","3.12895","7.25225","0","0","0","0","0","0","0","0"
"3.81315","0.500044","0.522382","0.0347319","0.515931","0.573399","1.23891","1.73948e-15","3.09651","3.00574","3.126","7.22684","0","0","0","0","0","0","0","0"
"3.81652","0.500044","0.522382","0.0347346","0.515536","0.572957","1.2362","1.73858e-15","3.09341","3.00403","3.12692","7.23539","0","0","0","0","0","0","0","0"
"3.82002","0.500044","0.522382","0.0347373","0.515527","0.572928","1.23651","1.7392e-15","3.08848","2.99994","3.11345","7.25598","0","0","0","0","0","0","0","0"
"3.82328","0.500044","0.522451","0.0347391","0.515013","0.572734","1.23227","1.74052e-15","3.08873","3.00053","3.12559","7.25049","0","0","0","0","0","0","0","0"
"3.8267","0.500044","0.522451","0.0347411","0.514173","0.571943","1.22963","1.73984e-15","3.09014","2.99893","3.12503","7.22511","0","0","0","0","0","0","0","0"
"3.83007","0.500044","0.522451","0.0347429","0.51493","0.572133","1.23988","1.73814e-15","3.09349","3.00131","3.11067","7.20486","0","0","0","0","0","0","0","0"
"3.83347","0.500044","0.522451","0.0347449","0.515474","0.572443","1.24033","1.73767e-15","3.09346","2.99595","3.10665","7.20531","0","0","0","0","0","0","0","0"
"3.83693","0.500044","0.522451","0.0347437","0.515568","0.572571","1.23735","1.73827e-15","3.10023","3.00802","3.11037","7.20681","0","0","0","0","0","0","0","0"
"3.84023","0.500044","0.522691","0.0347389","0.515291","0.572153","1.23465","1.7397e-15","3.09716","3.00681","3.10963","7.20257","0","0","0","0","0","0","0","0"
"3.8436","0.500044","0.522691","0.0347348","0.515134","0.572295","1.23558","1.73816e-15","3.0962","3.00456","3.09701","7.18435","0","0","0","0","0","0","0","0"
"3.84693","0.500044","0.522691","0.0347307","0.515674","0.572598","1.23588","1.73594e-15","3.09616","2.99997","3.10139","7.16946","0","0","0","0","0","0","0","0"
"3.85027","0.500044","0.522691","0.0347259","0.515741","0.573063","1.2359","1.73545e-15","3.09536","2.99558","3.10043","7.18566","0","0","0","0","0","0","0","0"
"3.85385","0.500044","0.522691","0.0347189","0.514935","0.572532","1.23104","1.73475e-15","3.096","2.99571","3.11775","7.19015","0","0","0","0","0","0","0","0"
"3.85712","0.500044","0.522689","0.0347073","0.514957","0.572291","1.226","1.73675e-15","3.09679","2.99595","3.13332","7.21557","0","0","0","0","0","0","0","0"
"3.86223","0.500044","0.522689","0.0346973","0.516279","0.574009","1.22539","1.73647e-15","3.09925","3.00363","3.12799","7.21467","0","0","0","0","0","0","0","0"
"3.86408","0.500044","0.522689","0.0346857","0.516916","0.574797","1.22807","1.73408e-15","3.10778","2.99897","3.1476","7.20675","0","0","0","0","0","0","0","0"
"3.86952","0.500044","0.522689","0.0346707","0.516536","0.574228","1.22965","1.73263e-15","3.10259","3.00154","3.13836","7.20368","0","0","0","0","0","0","0","0"
"3.87267","0.500044","0.522781","0.0346706","0.517284","0.574729","1.22793","1.734e-15","3.09588","3.0028","3.13664","7.23555","0","0","0","0","0","0","0","0"
"3.87605","0.500044","0.522781","0.0346705","0.517303","0.575023","1.22779","1.73528e-15","3.08982","3.00126","3.12758","7.25006","0","0","0","0","0","0","0","0"
"3.89095","0.500044","0.522781","0.0346796","0.517781","0.575444","1.24366","1.73518e-15","3.08715","3.0094","3.10251","7.22763","0","0","0","0","0","0","0","0"
"3.89293","0.500044","0.523169","0.0346878","0.517636","0.575613","1.24472","1.73716e-15","3.08837","3.01468","3.09285","7.23935","0","0","0","0","0","0","0","0"
"3.89627","0.500044","0.523169","0.0346949","0.517236","0.575167","1.24268","1.73612e-15","3.08571","3.01385","3.09101","7.21706","0","0","0","0","0","0","0","0"
"3.89962","0.500044","0.523169","0.0347032","0.516702","0.574797","1.23781","1.73545e-15","3.08661","3.02327","3.10539","7.19425","0","0","0","0","0","0","0","0"
"3.90308","0.500044","0.523169","0.0347098","0.516815","0.57508","1.23511","1.73687e-15","3.08403","3.0321","3.11277","7.19751","0","0","0","0","0","0","0","0"
"3.90643","0.500044","0.523538","0.0347166","0.516732","0.575009","1.23203","1.73882e-15","3.08007","3.02768","3.11518","7.22204","0","0","0","0","0","0","0","0"
"3.90977","0.500044","0.523538","0.0347224","0.516612","0.574993","1.23079","1.73784e-15","3.07585","3.02696","3.11081","7.19864","0","0","0","0","0","0","0","0"
"3.91315","0.500044","0.523538","0.0347292","0.516814","0.575122","1.22892","1.73662e-15","3.09116","3.03194","3.11016","7.18427","0","0","0","0","0","0","0","0"
"3.91653","0.500044","0.523538","0.034735","0.516231","0.574535","1.23116","1.73741e-15","3.08935","3.05018","3.09629","7.20184","0","0","0","0","0","0","0","0"
"3.92002","0.500044","0.523538","0.0347414","0.516254","0.574429","1.22819","1.73794e-15","3.0926","3.0486","3.10427","7.20585","0","0","0","0","0","0","0","0"
"3.9233","0.500044","0.523704","0.0347465","0.516177","0.574337","1.2269","1.73619e-15","3.08855","3.0494","3.09768","7.18797","0","0","0","0","0","0","0","0"
"3.9267","0.500044","0.523704","0.0347524","0.515671","0.573849","1.22711","1.7341e-15","3.08627","3.05051","3.08547","7.17744","0","0","0","0","0","0","0","0"
"3.93007","0.500044","0.523704","0.0347575","0.515232","0.573305","1.23195","1.73436e-15","3.08469","3.04897","3.07224","7.20037","0","0","0","0","0","0","0","0"
"3.93347","0.500044","0.523704","0.0347635","0.515157","0.573122","1.22805","1.73629e-15","3.11078","3.05302","3.08064","7.20794","0","0","0","0","0","0","0","0"
"3.93695","0.500044","0.523704","0.0347671","0.514952","0.572673","1.23035","1.73618e-15","3.10848","3.05158","3.06665","7.19771","0","0","0","0","0","0","0","0"
"3.94025","0.500044","0.523723","0.0347697","0.514887","0.573036","1.22777","1.73448e-15","3.10086","3.04743","3.06632","7.17567","0","0","0","0","0","0","0","0"
"3.94362","0.500044","0.523723","0.0347719","0.51454","0.572771","1.22891","1.73404e-15","3.09974","3.04752","3.05327","7.16618","0","0","0","0","0","0","0","0"
"3.947","0.500044","0.523723","0.0347745","0.515161","0.57377","1.23016","1.73629e-15","3.10012","3.04163","3.04551","7.1831","0","0","0","0","0","0","0","0"
"3.95285","0.500044","0.523723","0.0347781","0.514886","0.573217","1.22671","1.73734e-15","3.099","3.037","3.04894","7.17493","0","0","0","0","0","0","0","0"
"3.95612","0.500044","0.523568","0.0347789","0.514666","0.573055","1.2259","1.73471e-15","3.09661","3.03578","3.04643","7.16547","0","0","0","0","0","0","0","0"
"3.9595","0.500044","0.523568","0.0347798","0.515142","0.573868","1.22531","1.73328e-15","3.09539","3.04143","3.0466","7.16326","0","0","0","0","0","0","0","0"
"3.96288","0.500044","0.523568","0.0347806","0.515236","0.57407","1.22104","1.7337e-15","3.09301","3.0374","3.05933","7.17994","0","0","0","0","0","0","0","0"
"3.96627","0.500044","0.523568","0.0347816","0.514508","0.573349","1.21599","1.73656e-15","3.09272","3.03948","3.07552","7.2034","0","0","0","0","0","0","0","0"
"3.96977","0.500044","0.523568","0.0347824","0.515004","0.573735","1.21447","1.73623e-15","3.10008","3.04504","3.0739","7.17983","0","0","0","0","0","0","0","0"
"3.97305","0.500044","0.523523","0.0347834","0.514667","0.573482","1.21037","1.73379e-15","3.09853","3.04296","3.08482","7.15987","0","0","0","0","0","0","0","0"
"3.97643","0.500044","0.523523","0.0347843","0.514343","0.573176","1.20828","1.73271e-15","3.0961","3.04134","3.0836","7.16309","0","0","0","0","0","0","0","0"
"3.97983","0.500044","0.523523","0.0347853","0.514085","0.573167","1.20334","1.73513e-15","3.09627","3.04718","3.0992","7.178","0","0","0","0","0","0","0","0"
"3.9832","0.500044","0.523523","0.0347862","0.514227","0.572904","1.21017","1.73638e-15","3.09172","3.05417","3.0772","7.17575","0","0","0","0","0","0","0","0"
"3.98668","0.500044","0.523523","0.0347873","0.514201","0.573029","1.21462","1.73685e-15","3.09029","3.05326","3.05865","7.17332","0","0","0","0","0","0","0","0"
"3.98997","0.500044","0.523692","0.0347884","0.514497","0.572983","1.21185","1.73672e-15","3.10305","3.05339","3.06452","7.15774","0","0","0","0","0","0","0","0"
"3.99338","0.500044","0.523692","0.0347896","0.515306","0.573437","1.20899","1.73507e-15","3.09976","3.05348","3.07072","7.12791","0","0","0","0","0","0","0","0"
"3.99673","0.500044","0.523692","0.0347906","0.514766","0.572974","1.20602","1.73285e-15","3.10208","3.05323","3.07352","7.1175","0","0","0","0","0","0","0","0"
"4.00013","0.500044","0.523692","0.0347919","0.51427","0.572353","1.20339","1.73332e-15","3.1001","3.05292","3.07288","7.13456","0","0","0","0","0","0","0","0"
"4.00362","0.500044","0.523692","0.0347936","0.514499","0.572644","1.20323","1.73221e-15","3.10117","3.04883","3.06904","7.12495","0","0","0","0","0","0","0","0"
"4.0069","0.500044","0.523701","0.0347964","0.513771","0.572113","1.19903","1.73429e-15","3.10547","3.04858","3.07857","7.12882","0","0","0","0","0","0","0","0"
"4.01028","0.500044","0.523701","0.0347989","0.514013","0.572556","1.19997","1.73341e-15","3.10206","3.04925","3.07076","7.10684","0","0","0","0","0","0","0","0"
"4.01382","0.500044","0.523701","0.0348018","0.51374","0.572171","1.2018","1.73201e-15","3.10132","3.04525","3.05544","7.08024","0","0","0","0","0","0","0","0"
"4.01707","0.500044","0.523701","0.0348042","0.513201","0.571851","1.20573","1.73082e-15","3.09956","3.04553","3.04527","7.06338","0","0","0","0","0","0","0","0"
"4.02055","0.500044","0.523701","0.0348056","0.513613","0.572715","1.21619","1.72951e-15","3.10016","3.05042","3.04637","7.06069","0","0","0","0","0","0","0","0"
"4.02383","0.500044","0.523694","0.0348059","0.513494","0.572452","1.21538","1.73096e-15","3.09931","3.0453","3.03804","7.08387","0","0","0","0","0","0","0","0"
"4.02722","0.500044","0.523694","0.0348062","0.513128","0.571882","1.21702","1.73319e-15","3.09888","3.05433","3.02361","7.10486","0","0","0","0","0","0","0","0"
"4.0306","0.500044","0.523694","0.0348065","0.513566","0.572717","1.21667","1.73405e-15","3.11684","3.06279","3.01987","7.1048","0","0","0","0","0","0","0","0"
"4.03617","0.500044","0.523694","0.0348068","0.513323","0.572317","1.21583","1.73157e-15","3.11841","3.06032","3.02291","7.07545","0","0","0","0","0","0","0","0"
"4.0396","0.500044","0.523636","0.0348058","0.513582","0.572679","1.2126","1.72906e-15","3.12115","3.06529","3.03229","7.06232","0","0","0","0","0","0","0","0"
"4.04285","0.500044","0.523636","0.0348049","0.513831","0.572735","1.21319","1.72963e-15","3.11832","3.06715","3.0444","7.08217","0","0","0","0","0","0","0","0"
"4.04623","0.500044","0.523636","0.0348041","0.51345","0.572086","1.21173","1.73118e-15","3.12083","3.07044","3.0403","7.1037","0","0","0","0","0","0","0","0"
"4.04962","0.500044","0.523636","0.0348032","0.514395","0.572684","1.21188","1.73388e-15","3.11566","3.06916","3.02827","7.11781","0","0","0","0","0","0","0","0"
"4.0531","0.500044","0.523636","0.0348035","0.513512","0.57188","1.21098","1.73424e-15","3.11705","3.06831","3.02198","7.12096","0","0","0","0","0","0","0","0"
"4.05653","0.500044","0.523591","0.0348068","0.513926","0.572301","1.21367","1.73196e-15","3.11407","3.06971","3.00143","7.099","0","0","0","0","0","0","0","0"
"4.05977","0.500044","0.523591","0.0348095","0.514136","0.572237","1.20874","1.73016e-15","3.10886","3.06702","3.01823","7.08754","0","0","0","0","0","0","0","0"
"4.06317","0.500044","0.523591","0.0348128","0.514159","0.572106","1.20953","1.72927e-15","3.10747","3.06303","3.01114","7.09331","0","0","0","0","0","0","0","0"
"4.06653","0.500044","0.523591","0.0348155","0.513871","0.571701","1.20439","1.72972e-15","3.10722","3.06568","3.03072","7.11106","0","0","0","0","0","0","0","0"
"4.07003","0.500044","0.523591","0.0348185","0.513636","0.571988","1.20208","1.73065e-15","3.10812","3.06353","3.03917","7.09022","0","0","0","0","0","0","0","0"
"4.07343","0.500044","0.523647","0.0348207","0.512726","0.571237","1.20133","1.73215e-15","3.11172","3.06457","3.03262","7.09097","0","0","0","0","0","0","0","0"
"4.07672","0.500044","0.523647","0.0348232","0.513416","0.571689","1.20422","1.73263e-15","3.12138","3.07329","3.02638","7.08013","0","0","0","0","0","0","0","0"
"4.08008","0.500044","0.523647","0.0348254","0.513925","0.571981","1.20136","1.73084e-15","3.11893","3.06905","3.03013","7.05543","0","0","0","0","0","0","0","0"
"4.08347","0.500044","0.523647","0.034828","0.514232","0.572467","1.19981","1.72897e-15","3.12071","3.06585","3.0284","7.03191","0","0","0","0","0","0","0","0"
"4.08697","0.500044","0.523647","0.0348308","0.514771","0.572768","1.19829","1.72702e-15","3.12301","3.06437","3.02658","7.0263","0","0","0","0","0","0","0","0"
"4.09023","0.500044","0.523637","0.0348348","0.514389","0.57248","1.19553","1.72887e-15","3.12587","3.06006","3.03005","7.04255","0","0","0","0","0","0","0","0"
"4.09362","0.500044","0.523637","0.0348383","0.514383","0.572475","1.19232","1.73075e-15","3.12927","3.05565","3.03965","7.06281","0","0","0","0","0","0","0","0"
"4.09702","0.500044","0.523637","0.0348423","0.514577","0.57262","1.19051","1.7318e-15","3.12472","3.05495","3.04123","7.06245","0","0","0","0","0","0","0","0"
"4.1004","0.500044","0.523637","0.0348458","0.514627","0.572569","1.1887","1.73013e-15","3.11745","3.05279","3.04406","7.0418","0","0","0","0","0","0","0","0"
"4.10388","0.500044","0.523637","0.0348501","0.516284","0.574132","1.19311","1.72793e-15","3.11044","3.05638","3.05231","7.03545","0","0","0","0","0","0","0","0"
"4.10717","0.500044","0.523673","0.034854","0.516317","0.574165","1.19518","1.72809e-15","3.106","3.05067","3.04775","7.04754","0","0","0","0","0","0","0","0"
"4.11055","0.500044","0.523673","0.0348585","0.515776","0.573909","1.19859","1.72976e-15","3.10229","3.04983","3.02418","7.0672","0","0","0","0","0","0","0","0"
"4.11393","0.500044","0.523673","0.0348624","0.516773","0.574702","1.19713","1.73188e-15","3.11331","3.0472","3.02218","7.07866","0","0","0","0","0","0","0","0"
"4.1195","0.500044","0.523673","0.0348687","0.517216","0.574841","1.19583","1.73436e-15","3.12171","3.04766","3.02312","7.06457","0","0","0","0","0","0","0","0"
"4.12278","0.500044","0.523932","0.0348699","0.517107","0.57452","1.19256","1.73351e-15","3.11798","3.04642","3.03157","7.06242","0","0","0","0","0","0","0","0"
"4.12618","0.500044","0.523932","0.0348714","0.516662","0.574064","1.1943","1.73184e-15","3.11604","3.04253","3.02142","7.0406","0","0","0","0","0","0","0","0"
"4.12957","0.500044","0.523932","0.0348726","0.516935","0.574301","1.19769","1.72964e-15","3.11946","3.03798","3.01281","7.03101","0","0","0","0","0","0","0","0"
"4.1331","0.500044","0.523932","0.0348741","0.516639","0.574197","1.19699","1.72933e-15","3.11951","3.04231","3.00796","7.05286","0","0","0","0","0","0","0","0"
"4.13643","0.500044","0.523932","0.0348753","0.517279","0.574444","1.19838","1.73042e-15","3.1187","3.04216","3.0034","7.06086","0","0","0","0","0","0","0","0"
"4.13972","0.500044","0.524358","0.0348765","0.517875","0.575044","1.1994","1.73131e-15","3.12458","3.0394","2.99656","7.08019","0","0","0","0","0","0","0","0"
"4.1431","0.500044","0.524358","0.0348775","0.518134","0.575653","1.20014","1.7305e-15","3.12384","3.03362","2.9845","7.0616","0","0","0","0","0","0","0","0"
"4.1465","0.500044","0.524358","0.0348788","0.51803","0.575542","1.19834","1.72856e-15","3.11956","3.03075","2.98374","7.04087","0","0","0","0","0","0","0","0"
"4.14987","0.500044","0.524358","0.0348798","0.517615","0.575553","1.19559","1.72729e-15","3.11869","3.03229","2.98836","7.04193","0","0","0","0","0","0","0","0"
"4.15335","0.500044","0.524358","0.0348802","0.517553","0.575743","1.19314","1.72701e-15","3.12309","3.02581","2.99103","7.06216","0","0","0","0","0","0","0","0"
"4.15665","0.500044","0.524596","0.0348796","0.517473","0.575419","1.19222","1.72926e-15","3.12194","3.03","2.98425","7.07351","0","0","0","0","0","0","0","0"
"4.16005","0.500044","0.524596","0.0348789","0.5184","0.576257","1.19055","1.7301e-15","3.12055","3.0338","2.98039","7.06734","0","0","0","0","0","0","0","0"
"4.16342","0.500044","0.524596","0.0348783","0.519107","0.577024","1.18917","1.72833e-15","3.11899","3.02751","2.9804","7.0522","0","0","0","0","0","0","0","0"
"4.1668","0.500044","0.524596","0.0348776","0.518255","0.576104","1.18498","1.72561e-15","3.11563","3.02614","2.99163","7.03718","0","0","0","0","0","0","0","0"
"4.17028","0.500044","0.524596","0.0348792","0.518073","0.575987","1.18247","1.72445e-15","3.11619","3.02549","2.99857","7.02416","0","0","0","0","0","0","0","0"
"4.17358","0.500044","0.524856","0.0348835","0.517397","0.575249","1.17844","1.725e-15","3.1176","3.02452","3.00862","7.03433","0","0","0","0","0","0","0","0"
"4.17695","0.500044","0.524856","0.0348872","0.517014","0.574994","1.17561","1.72632e-15","3.11509","3.02238","3.01427","7.04195","0","0","0","0","0","0","0","0"
"4.18033","0.500044","0.524856","0.0348916","0.517637","0.57561","1.1748","1.72844e-15","3.11355","3.03899","3.01152","7.05223","0","0","0","0","0","0","0","0"
"4.18373","0.500044","0.524856","0.0348953","0.518678","0.576391","1.18549","1.72749e-15","3.10647","3.03369","3.06349","7.03772","0","0","0","0","0","0","0","0"
"4.18722","0.500044","0.524856","0.0348996","0.518102","0.575662","1.1819","1.72462e-15","3.10348","3.03174","3.06881","7.02005","0","0","0","0","0","0","0","0"
"4.19048","0.500044","0.525125","0.0349034","0.517631","0.575184","1.17802","1.72381e-15","3.10509","3.03362","3.08151","7.01921","0","0","0","0","0","0","0","0"
"4.19388","0.500044","0.525125","0.0349078","0.518333","0.575889","1.18436","1.72479e-15","3.10328","3.03129","3.07506","7.06586","0","0","0","0","0","0","0","0"
"4.19727","0.500044","0.525125","0.0349115","0.518194","0.576047","1.18187","1.7265e-15","3.10122","3.02863","3.0762","7.06549","0","0","0","0","0","0","0","0"
"4.20287","0.500044","0.525125","0.0349181","0.51818","0.576242","1.17481","1.72916e-15","3.09842","3.02653","3.09478","7.08189","0","0","0","0","0","0","0","0"
"4.20612","0.500044","0.525158","0.0349211","0.517972","0.575961","1.17624","1.72886e-15","3.09857","3.02817","3.07881","7.07854","0","0","0","0","0","0","0","0"
"4.2095","0.500044","0.525158","0.0349245","0.518093","0.57599","1.17481","1.72745e-15","3.09888","3.03175","3.0835","7.06144","0","0","0","0","0","0","0","0"
"4.2129","0.500044","0.525158","0.0349274","0.517813","0.575968","1.173","1.72533e-15","3.09853","3.02903","3.08313","7.04772","0","0","0","0","0","0","0","0"
"4.21628","0.500044","0.525158","0.0349308","0.518373","0.576559","1.17052","1.72329e-15","3.09767","3.02854","3.08474","7.04313","0","0","0","0","0","0","0","0"
"4.21977","0.500044","0.525158","0.0349326","0.517864","0.576319","1.16721","1.72321e-15","3.10373","3.02913","3.09106","7.04041","0","0","0","0","0","0","0","0"
"4.22305","0.500044","0.5253","0.0349321","0.517926","0.576329","1.16688","1.7236e-15","3.10526","3.03654","3.09451","7.03192","0","0","0","0","0","0","0","0"
"4.2265","0.500044","0.5253","0.0349317","0.518653","0.576952","1.16765","1.72544e-15","3.10646","3.03451","3.08986","7.03765","0","0","0","0","0","0","0","0"
"4.22983","0.500044","0.5253","0.0349312","0.518441","0.576812","1.16507","1.72851e-15","3.10394","3.03609","3.09365","7.05533","0","0","0","0","0","0","0","0"
"4.2332","0.500044","0.5253","0.0349308","0.518161","0.576733","1.16153","1.72886e-15","3.10145","3.03382","3.10312","7.0409","0","0","0","0","0","0","0","0"
"4.23668","0.500044","0.5253","0.0349306","0.517582","0.576178","1.15768","1.72693e-15","3.10582","3.03657","3.11605","7.03047","0","0","0","0","0","0","0","0"
"4.23997","0.500044","0.525492","0.0349308","0.518335","0.577275","1.15737","1.72486e-15","3.11118","3.04654","3.11229","7.01082","0","0","0","0","0","0","0","0"
"4.24352","0.500044","0.525492","0.034931","0.517808","0.576896","1.15431","1.72415e-15","3.10843","3.04226","3.1179","7.00482","0","0","0","0","0","0","0","0"
"4.24673","0.500044","0.525492","0.0349312","0.518008","0.577323","1.15167","1.72387e-15","3.1053","3.03632","3.1224","6.99922","0","0","0","0","0","0","0","0"
"4.25013","0.500044","0.525492","0.0349314","0.518555","0.577879","1.15149","1.72474e-15","3.10919","3.04031","3.11617","7.01278","0","0","0","0","0","0","0","0"
"4.25362","0.500044","0.525492","0.0349311","0.517965","0.577131","1.15072","1.72432e-15","3.10988","3.04342","3.11585","7.00068","0","0","0","0","0","0","0","0"
"4.2569","0.500044","0.525706","0.0349302","0.517672","0.576655","1.14749","1.72709e-15","3.10394","3.03828","3.11948","6.98825","0","0","0","0","0","0","0","0"
"4.26033","0.500044","0.525706","0.0349295","0.517736","0.576686","1.14556","1.72693e-15","3.10071","3.03289","3.12319","6.97124","0","0","0","0","0","0","0","0"
"4.26367","0.500044","0.525706","0.0349286","0.517692","0.57648","1.14939","1.72471e-15","3.09678","3.03286","3.10361","6.94634","0","0","0","0","0","0","0","0"
"4.26705","0.500044","0.525706","0.0349278","0.518231","0.576973","1.14906","1.72332e-15","3.09658","3.03624","3.09819","6.94495","0","0","0","0","0","0","0","0"
"4.27055","0.500044","0.525706","0.034926","0.518957","0.577707","1.15034","1.72236e-15","3.09772","3.02769","3.08182","6.93927","0","0","0","0","0","0","0","0"
"4.27383","0.500044","0.525895","0.034924","0.519012","0.577713","1.1524","1.72376e-15","3.09173","3.02467","3.06972","6.95809","0","0","0","0","0","0","0","0"
"4.27722","0.500044","0.525895","0.0349215","0.519181","0.577684","1.16103","1.72626e-15","3.08727","3.02808","3.07873","6.97052","0","0","0","0","0","0","0","0"
"4.2806","0.500044","0.525895","0.0349195","0.519645","0.57835","1.1611","1.72556e-15","3.0811","3.01851","3.08172","6.96415","0","0","0","0","0","0","0","0"
"4.28618","0.500044","0.525895","0.0349155","0.519803","0.578352","1.16571","1.72206e-15","3.07867","3.02768","3.07877","6.93365","0","0","0","0","0","0","0","0"
"4.28945","0.500044","0.526024","0.0349129","0.519908","0.578646","1.17083","1.72203e-15","3.07329","3.02511","3.08576","6.94123","0","0","0","0","0","0","0","0"
"4.29283","0.500044","0.526024","0.0349099","0.519787","0.578562","1.16799","1.72373e-15","3.07323","3.02259","3.09766","6.96783","0","0","0","0","0","0","0","0"
"4.29622","0.500044","0.526024","0.0349073","0.5196","0.578652","1.16762","1.72619e-15","3.071","3.02958","3.0948","6.99708","0","0","0","0","0","0","0","0"
"4.29962","0.500044","0.526024","0.0349043","0.519441","0.57852","1.16657","1.72775e-15","3.0705","3.02617","3.09467","7.00003","0","0","0","0","0","0","0","0"
"4.3031","0.500044","0.526024","0.0349025","0.519113","0.578277","1.16562","1.72602e-15","3.07048","3.02344","3.08821","6.98841","0","0","0","0","0","0","0","0"
"4.30638","0.500044","0.526308","0.0349022","0.519016","0.578606","1.16914","1.7236e-15","3.06919","3.02083","3.10578","6.97114","0","0","0","0","0","0","0","0"
"4.30977","0.500044","0.526308","0.034902","0.519423","0.57885","1.16723","1.7229e-15","3.06794","3.02245","3.10995","6.9639","0","0","0","0","0","0","0","0"
"4.31318","0.500044","0.526308","0.0349018","0.519213","0.578457","1.17725","1.72383e-15","3.06679","3.02257","3.10263","6.97008","0","0","0","0","0","0","0","0"
"4.31653","0.500044","0.526308","0.0349015","0.519111","0.578464","1.17498","1.72524e-15","3.06667","3.0195","3.10362","6.97698","0","0","0","0","0","0","0","0"
"4.32002","0.500044","0.526308","0.034904","0.519332","0.578747","1.17263","1.72629e-15","3.06192","3.01855","3.10365","6.96721","0","0","0","0","0","0","0","0"
"4.3233","0.500044","0.52652","0.0349093","0.518819","0.578357","1.17068","1.72536e-15","3.06347","3.01606","3.10264","6.95654","0","0","0","0","0","0","0","0"
"4.32677","0.500044","0.52652","0.0349155","0.518829","0.578238","1.16846","1.72337e-15","3.05842","3.01663","3.10162","6.93577","0","0","0","0","0","0","0","0"
"4.33015","0.500044","0.52652","0.0349208","0.519008","0.578092","1.16575","1.72294e-15","3.05581","3.01725","3.10721","6.93877","0","0","0","0","0","0","0","0"
"4.33353","0.500044","0.52652","0.0349269","0.520129","0.578986","1.16958","1.72458e-15","3.06688","3.02442","3.09447","6.96246","0","0","0","0","0","0","0","0"
"4.33702","0.500044","0.52652","0.0349307","0.519707","0.578871","1.16993","1.72522e-15","3.06325","3.02342","3.0867","6.96681","0","0","0","0","0","0","0","0"
"4.34032","0.500044","0.526591","0.0349334","0.521315","0.5805","1.17172","1.7245e-15","3.06103","3.02275","3.08161","6.95274","0","0","0","0","0","0","0","0"
"4.34368","0.500044","0.526591","0.0349357","0.521235","0.580565","1.17366","1.72348e-15","3.05981","3.01961","3.06991","6.93437","0","0","0","0","0","0","0","0"
"4.34708","0.500044","0.526591","0.0349384","0.521787","0.580703","1.17927","1.72367e-15","3.0684","3.01716","3.07536","6.9499","0","0","0","0","0","0","0","0"
"4.35047","0.500044","0.526591","0.0349407","0.522054","0.580802","1.18016","1.72565e-15","3.06731","3.01254","3.06521","6.98597","0","0","0","0","0","0","0","0"
"4.35393","0.500044","0.526591","0.0349399","0.52099","0.579771","1.17511","1.72613e-15","3.06911","3.01366","3.0827","6.98028","0","0","0","0","0","0","0","0"
"4.35723","0.500044","0.526711","0.0349371","0.520654","0.579521","1.17302","1.72597e-15","3.06982","3.01391","3.08225","6.9654","0","0","0","0","0","0","0","0"
"4.36062","0.500044","0.526711","0.0349337","0.520387","0.579284","1.17006","1.7245e-15","3.06459","3.00813","3.08376","6.94386","0","0","0","0","0","0","0","0"
"4.364","0.500044","0.526711","0.0349308","0.520854","0.579817","1.17168","1.72324e-15","3.072","3.00666","3.07994","6.93745","0","0","0","0","0","0","0","0"
"4.36962","0.500044","0.526711","0.0349255","0.522101","0.581153","1.17193","1.72364e-15","3.06123","3.00359","3.07309","6.94695","0","0","0","0","0","0","0","0"
"4.37285","0.500044","0.527056","0.0349223","0.521577","0.580758","1.16849","1.7249e-15","3.0707","3.00585","3.08381","6.97348","0","0","0","0","0","0","0","0"
"4.37623","0.500044","0.527056","0.0349186","0.52097","0.580076","1.16713","1.7278e-15","3.07149","3.00231","3.07872","7.0098","0","0","0","0","0","0","0","0"
"4.37963","0.500044","0.527056","0.0349154","0.520555","0.579844","1.166","1.7304e-15","3.07196","2.99903","3.07494","7.04336","0","0","0","0","0","0","0","0"
"4.38302","0.500044","0.527056","0.0349117","0.520591","0.580095","1.16344","1.73138e-15","3.06896","3.00264","3.07428","7.05279","0","0","0","0","0","0","0","0"
"4.38658","0.500044","0.527056","0.0349098","0.520627","0.58026","1.16139","1.73013e-15","3.06943","2.99469","3.07906","7.03306","0","0","0","0","0","0","0","0"
"4.38978","0.500044","0.527179","0.0349103","0.520724","0.580129","1.17229","1.72781e-15","3.0683","2.99136","3.06225","7.01837","0","0","0","0","0","0","0","0"
"4.39317","0.500044","0.527179","0.0349108","0.520014","0.579752","1.17322","1.72626e-15","3.06985","2.98818","3.05167","7.0096","0","0","0","0","0","0","0","0"
"4.39657","0.500044","0.527179","0.0349113","0.519003","0.578902","1.1706","1.7258e-15","3.07412","2.98795","3.05314","7.00453","0","0","0","0","0","0","0","0"
"4.39993","0.500044","0.527179","0.0349118","0.518563","0.578752","1.16634","1.72722e-15","3.07553","2.98747","3.06672","7.0337","0","0","0","0","0","0","0","0"
"4.40342","0.500044","0.527179","0.0349122","0.51866","0.578576","1.16314","1.7287e-15","3.06865","2.98484","3.07178","7.03927","0","0","0","0","0","0","0","0"
"4.4067","0.500044","0.527331","0.0349124","0.518408","0.578596","1.16458","1.73072e-15","3.07417","2.98446","3.06139","7.08964","0","0","0","0","0","0","0","0"
"4.4101","0.500044","0.527331","0.0349126","0.518329","0.578153","1.16403","1.73021e-15","3.08107","2.98887","3.0572","7.09135","0","0","0","0","0","0","0","0"
"4.41348","0.500044","0.527331","0.0349128","0.517855","0.577901","1.16095","1.72829e-15","3.07718","2.99068","3.06331","7.07334","0","0","0","0","0","0","0","0"
"4.41687","0.500044","0.527331","0.0349131","0.517294","0.57751","1.15601","1.72616e-15","3.08267","2.99776","3.07928","7.06091","0","0","0","0","0","0","0","0"
"4.42035","0.500044","0.527331","0.0349138","0.517118","0.577075","1.15575","1.72535e-15","3.08041","2.99548","3.07102","7.05962","0","0","0","0","0","0","0","0"
"4.42365","0.500044","0.527207","0.0349152","0.518033","0.577781","1.1608","1.72755e-15","3.08438","2.99888","3.06085","7.12065","0","0","0","0","0","0","0","0"
"4.42702","0.500044","0.527207","0.0349165","0.518354","0.578107","1.1591","1.73027e-15","3.08073","2.99518","3.0655","7.13221","0","0","0","0","0","0","0","0"
"4.4304","0.500044","0.527207","0.0349179","0.518002","0.577699","1.16066","1.73062e-15","3.07933","2.99729","3.0462","7.13134","0","0","0","0","0","0","0","0"
"4.43378","0.500044","0.527207","0.0349192","0.517871","0.577583","1.15939","1.72932e-15","3.07831","2.99655","3.04326","7.10585","0","0","0","0","0","0","0","0"
"4.43732","0.500044","0.527207","0.0349217","0.516896","0.57695","1.15946","1.72707e-15","3.08322","2.99801","3.03847","7.10237","0","0","0","0","0","0","0","0"
"4.44057","0.500044","0.527015","0.0349247","0.51643","0.576484","1.15635","1.72852e-15","3.08251","2.99665","3.04514","7.13782","0","0","0","0","0","0","0","0"
"4.44395","0.500044","0.527015","0.0349281","0.516882","0.576379","1.15621","1.73151e-15","3.08094","2.99363","3.03379","7.1736","0","0","0","0","0","0","0","0"
"4.44733","0.500044","0.527015","0.034931","0.516451","0.575995","1.15331","1.73421e-15","3.07834","2.99103","3.04025","7.17698","0","0","0","0","0","0","0","0"
"4.45285","0.500044","0.527015","0.0349368","0.516545","0.576585","1.15124","1.73473e-15","3.07639","2.98733","3.04163","7.13544","0","0","0","0","0","0","0","0"
"4.45618","0.500044","0.526974","0.0349407","0.516395","0.576476","1.15666","1.73261e-15","3.07261","2.98628","3.02768","7.1205","0","0","0","0","0","0","0","0"
"4.45957","0.500044","0.526974","0.0349453","0.516752","0.577158","1.15383","1.73132e-15","3.07084","2.97912","3.03726","7.10247","0","0","0","0","0","0","0","0"
"4.46308","0.500044","0.526974","0.0349492","0.516791","0.576596","1.15101","1.73112e-15","3.06614","2.9788","3.04166","7.09974","0","0","0","0","0","0","0","0"
"4.46635","0.500044","0.526974","0.0349538","0.517303","0.576784","1.15028","1.73235e-15","3.0746","2.9824","3.0319","7.1193","0","0","0","0","0","0","0","0"
"4.46983","0.500044","0.526974","0.0349578","0.517041","0.576085","1.15294","1.73337e-15","3.07104","2.9815","3.02167","7.13349","0","0","0","0","0","0","0","0"
"4.47312","0.500044","0.526845","0.0349623","0.517031","0.576624","1.15043","1.73504e-15","3.07931","2.98192","3.02926","7.15913","0","0","0","0","0","0","0","0"
"4.4765","0.500044","0.526845","0.0349662","0.517593","0.577034","1.15388","1.73529e-15","3.0799","2.98258","3.03339","7.1456","0","0","0","0","0","0","0","0"
"4.4801","0.500044","0.526845","0.0349707","0.517797","0.577161","1.15179","1.73383e-15","3.08088","2.98248","3.03707","7.1202","0","0","0","0","0","0","0","0"
"4.48335","0.500044","0.526845","0.0349746","0.517563","0.577026","1.14805","1.73279e-15","3.07736","2.977","3.05041","7.12822","0","0","0","0","0","0","0","0"
"4.48685","0.500044","0.526845","0.034978","0.51661","0.576035","1.14896","1.73222e-15","3.07688","2.9766","3.03298","7.13625","0","0","0","0","0","0","0","0"
"4.49013","0.500044","0.526918","0.0349798","0.516566","0.575887","1.14741","1.73472e-15","3.08324","2.97745","3.03476","7.14907","0","0","0","0","0","0","0","0"
"4.49352","0.500044","0.526918","0.0349819","0.517458","0.576249","1.14472","1.73738e-15","3.08238","2.97731","3.04065","7.16023","0","0","0","0","0","0","0","0"
"4.49703","0.500044","0.526918","0.0349837","0.516743","0.575618","1.14431","1.73704e-15","3.08297","2.98769","3.03604","7.15114","0","0","0","0","0","0","0","0"
"4.50028","0.500044","0.526918","0.0349858","0.516778","0.575997","1.14588","1.73513e-15","3.07892","2.98906","3.02731","7.13398","0","0","0","0","0","0","0","0"
"4.5038","0.500044","0.526918","0.0349873","0.517276","0.576365","1.14349","1.73252e-15","3.07521","2.99062","3.03049","7.12157","0","0","0","0","0","0","0","0"
"4.50705","0.500044","0.52707","0.0349888","0.517186","0.576076","1.14269","1.73239e-15","3.07258","2.98913","3.02449","7.13589","0","0","0","0","0","0","0","0"
"4.51043","0.500044","0.52707","0.03499","0.518218","0.576837","1.14743","1.73394e-15","3.07533","2.9877","3.02596","7.16397","0","0","0","0","0","0","0","0"
"4.51382","0.500044","0.52707","0.0349915","0.518805","0.577244","1.15076","1.73608e-15","3.0698","2.98468","3.0308","7.19224","0","0","0","0","0","0","0","0"
"4.51723","0.500044","0.52707","0.0349928","0.51896","0.577451","1.15027","1.73762e-15","3.06591","2.98131","3.02824","7.21299","0","0","0","0","0","0","0","0"
"4.52068","0.500044","0.52707","0.034992","0.518283","0.576788","1.14809","1.736e-15","3.06451","2.97914","3.03002","7.195","0","0","0","0","0","0","0","0"
"4.52398","0.500044","0.527061","0.03499","0.518531","0.576713","1.15219","1.73422e-15","3.05956","2.9795","3.01281","7.18247","0","0","0","0","0","0","0","0"
"4.52737","0.500044","0.527061","0.0349876","0.518154","0.576228","1.1494","1.73315e-15","3.05825","2.98168","3.01669","7.1803","0","0","0","0","0","0","0","0"
"4.53077","0.500044","0.527061","0.0349855","0.517801","0.575843","1.15551","1.7341e-15","3.05645","2.98122","3.00984","7.20129","0","0","0","0","0","0","0","0"
"4.53617","0.500044","0.527061","0.0349811","0.517319","0.575632","1.15254","1.73682e-15","3.0528","2.97765","3.01504","7.21675","0","0","0","0","0","0","0","0"
"4.53948","0.500044","0.527255","0.0349771","0.517067","0.57516","1.15697","1.73578e-15","3.0519","2.97649","3.01586","7.20525","0","0","0","0","0","0","0","0"
"4.54273","0.500044","0.527255","0.0349731","0.516919","0.574965","1.15769","1.73395e-15","3.05249","2.97789","3.02009","7.19197","0","0","0","0","0","0","0","0"
"4.54612","0.500044","0.527255","0.0349684","0.516788","0.57501","1.15696","1.73277e-15","3.0559","2.97651","3.01182","7.18846","0","0","0","0","0","0","0","0"
"4.54952","0.500044","0.527255","0.0349644","0.516021","0.574412","1.15417","1.73435e-15","3.05534","2.9803","3.01733","7.22487","0","0","0","0","0","0","0","0"
"4.55298","0.500044","0.527255","0.0349608","0.515804","0.574605","1.15025","1.73613e-15","3.05018","2.97481","3.02547","7.22859","0","0","0","0","0","0","0","0"
"4.5564","0.500044","0.527256","0.0349601","0.515765","0.574594","1.14902","1.73623e-15","3.05211","2.97564","3.02361","7.2326","0","0","0","0","0","0","0","0"
"4.55967","0.500044","0.527256","0.0349593","0.515053","0.573905","1.14701","1.73451e-15","3.0531","2.9784","3.0233","7.2164","0","0","0","0","0","0","0","0"
"4.56305","0.500044","0.527256","0.0349587","0.515797","0.574333","1.14883","1.73298e-15","3.06652","2.98072","3.01622","7.20625","0","0","0","0","0","0","0","0"
"4.56643","0.500044","0.527256","0.0349579","0.51623","0.574206","1.15412","1.73336e-15","3.07631","2.9856","3.06397","7.21648","0","0","0","0","0","0","0","0"
"4.56993","0.500044","0.527256","0.0349581","0.516677","0.574447","1.15119","1.73356e-15","3.07102","2.98293","3.06977","7.22315","0","0","0","0","0","0","0","0"
"4.5732","0.500044","0.526968","0.0349602","0.516031","0.573886","1.15147","1.73428e-15","3.06919","2.9811","3.05537","7.24907","0","0","0","0","0","0","0","0"
"4.57658","0.500044","0.526968","0.0349621","0.516398","0.574783","1.15301","1.73639e-15","3.06705","2.9752","3.0452","7.28091","0","0","0","0","0","0","0","0"
"4.57997","0.500044","0.526968","0.0349642","0.516106","0.574432","1.15029","1.73683e-15","3.07421","2.97928","3.05082","7.27086","0","0","0","0","0","0","0","0"
"4.58335","0.500044","0.526968","0.034966","0.517076","0.575479","1.14877","1.73512e-15","3.07309","2.97454","3.04813","7.24855","0","0","0","0","0","0","0","0"
"4.58685","0.500044","0.526968","0.0349667","0.51694","0.575615","1.14522","1.73297e-15","3.07259","2.97324","3.05725","7.22702","0","0","0","0","0","0","0","0"
"4.59013","0.500044","0.526825","0.0349655","0.517048","0.575353","1.14901","1.73293e-15","3.06728","2.97093","3.03786","7.22993","0","0","0","0","0","0","0","0"
"4.59352","0.500044","0.526825","0.0349641","0.517578","0.575796","1.15046","1.73418e-15","3.0711","2.96807","3.0461","7.2808","0","0","0","0","0","0","0","0"
"4.5969","0.500044","0.526825","0.034963","0.517776","0.575848","1.14765","1.73625e-15","3.06388","2.9625","3.04971","7.29497","0","0","0","0","0","0","0","0"
"4.60028","0.500044","0.526825","0.0349616","0.517902","0.57603","1.14974","1.73859e-15","3.05887","2.96033","3.04902","7.30588","0","0","0","0","0","0","0","0"
"4.6038","0.500044","0.526825","0.0349587","0.517388","0.575517","1.14583","1.73754e-15","3.05572","2.96234","3.0616","7.29897","0","0","0","0","0","0","0","0"
"4.60705","0.500044","0.526959","0.0349532","0.517128","0.575595","1.14441","1.73617e-15","3.05608","2.95908","3.06402","7.28413","0","0","0","0","0","0","0","0"
"4.61043","0.500044","0.526959","0.0349486","0.517334","0.575619","1.14721","1.7346e-15","3.05883","2.95714","3.05349","7.26205","0","0","0","0","0","0","0","0"
"4.61382","0.500044","0.526959","0.0349431","0.517328","0.574956","1.14872","1.73219e-15","3.06314","2.96071","3.04539","7.24445","0","0","0","0","0","0","0","0"
"4.61953","0.500044","0.526959","0.0349353","0.518003","0.575749","1.1493","1.73073e-15","3.05883","2.96274","3.02634","7.22787","0","0","0","0","0","0","0","0"
"4.62268","0.500044","0.527169","0.0349329","0.517454","0.57531","1.14884","1.7304e-15","3.06121","2.96197","3.02078","7.24716","0","0","0","0","0","0","0","0"
"4.62605","0.500044","0.527169","0.0349306","0.517088","0.575129","1.149","1.7322e-15","3.0604","2.95734","3.01098","7.28686","0","0","0","0","0","0","0","0"
"4.62945","0.500044","0.527169","0.0349279","0.517891","0.575994","1.1476","1.73495e-15","3.05941","2.95877","3.01026","7.31332","0","0","0","0","0","0","0","0"
"4.63283","0.500044","0.527169","0.0349256","0.518093","0.576267","1.1467","1.73752e-15","3.05542","2.95672","3.01667","7.3223","0","0","0","0","0","0","0","0"
"4.63632","0.500044","0.527169","0.0349246","0.518708","0.577173","1.1485","1.73877e-15","3.04983","2.95762","3.00731","7.31696","0","0","0","0","0","0","0","0"
"4.6396","0.500044","0.527236","0.0349276","0.519464","0.577168","1.15363","1.73948e-15","3.04763","2.96226","2.99826","7.3102","0","0","0","0","0","0","0","0"
"4.64298","0.500044","0.527236","0.034931","0.52","0.577803","1.17114","1.73956e-15","3.04506","2.96667","3.08809","7.29078","0","0","0","0","0","0","0","0"
"4.64637","0.500044","0.527236","0.034934","0.519667","0.577335","1.17242","1.73827e-15","3.04353","2.96437","3.08326","7.26679","0","0","0","0","0","0","0","0"
"4.64975","0.500044","0.527236","0.0349375","0.519171","0.577227","1.16905","1.73607e-15","3.04683","2.95906","3.09364","7.24657","0","0","0","0","0","0","0","0"
"4.65327","0.500044","0.527236","0.0349407","0.519354","0.577271","1.16886","1.7344e-15","3.03743","2.9577","3.088","7.23179","0","0","0","0","0","0","0","0"
"4.65652","0.500044","0.527405","0.0349451","0.519351","0.577388","1.16788","1.73349e-15","3.03291","2.95829","3.08198","7.24033","0","0","0","0","0","0","0","0"
"4.65992","0.500044","0.527405","0.0349488","0.519178","0.577282","1.1646","1.73548e-15","3.03012","2.95399","3.08849","7.26999","0","0","0","0","0","0","0","0"
"4.6633","0.500044","0.527405","0.0349532","0.519258","0.577412","1.16312","1.73791e-15","3.02813","2.95381","3.08326","7.30806","0","0","0","0","0","0","0","0"
"4.66668","0.500044","0.527405","0.034957","0.519197","0.576894","1.15971","1.74076e-15","3.02391","2.95179","3.09256","7.33628","0","0","0","0","0","0","0","0"
"4.67017","0.500044","0.527405","0.0349617","0.51927","0.576674","1.15845","1.74187e-15","3.03085","2.94898","3.08737","7.34156","0","0","0","0","0","0","0","0"
"4.67345","0.500044","0.52772","0.0349662","0.51906","0.576125","1.16095","1.74392e-15","3.02874","2.94957","3.07832","7.35374","0","0","0","0","0","0","0","0"
"4.67683","0.500044","0.52772","0.0349714","0.519875","0.576912","1.1735","1.74362e-15","3.03424","2.94826","3.11964","7.33972","0","0","0","0","0","0","0","0"
"4.68022","0.500044","0.52772","0.0349759","0.520222","0.577329","1.17621","1.74225e-15","3.03726","2.95319","3.12995","7.32303","0","0","0","0","0","0","0","0"
"4.6836","0.500044","0.52772","0.0349811","0.520201","0.577438","1.17707","1.74094e-15","3.0351","2.95022","3.12578","7.31334","0","0","0","0","0","0","0","0"
"4.68712","0.500044","0.52772","0.0349871","0.519946","0.57716","1.17695","1.74016e-15","3.0342","2.94893","3.11575","7.31034","0","0","0","0","0","0","0","0"
"4.69038","0.500044","0.527765","0.034996","0.52012","0.577232","1.17968","1.74159e-15","3.03068","2.94455","3.10007","7.32337","0","0","0","0","0","0","0","0"
"4.69377","0.500044","0.527765","0.0350036","0.520285","0.577494","1.18012","1.74347e-15","3.02993","2.93812","3.10548","7.33984","0","0","0","0","0","0","0","0"
"4.69715","0.500044","0.527765","0.0350125","0.520578","0.577837","1.17896","1.7434e-15","3.02926","2.93698","3.09815","7.32733","0","0","0","0","0","0","0","0"
"4.70283","0.500044","0.527765","0.0350257","0.51956","0.576659","1.17719","1.73986e-15","3.03098","2.94087","3.08647","7.30517","0","0","0","0","0","0","0","0"
"4.706","0.500044","0.527835","0.035031","0.518901","0.576715","1.17463","1.73962e-15","3.03563","2.94863","3.08753","7.32591","0","0","0","0","0","0","0","0"
"4.70938","0.500044","0.527835","0.0350363","0.51819","0.576162","1.17032","1.74167e-15","3.03901","2.95032","3.10224","7.33801","0","0","0","0","0","0","0","0"
"4.71277","0.500044","0.527835","0.0350424","0.517659","0.575702","1.16894","1.74374e-15","3.03743","2.94631","3.10201","7.34792","0","0","0","0","0","0","0","0"
"4.71615","0.500044","0.527835","0.0350477","0.518026","0.576089","1.16957","1.74267e-15","3.03354","2.94649","3.09536","7.33129","0","0","0","0","0","0","0","0"
"4.71965","0.500044","0.527835","0.0350542","0.518313","0.576061","1.17644","1.7414e-15","3.0337","2.94805","3.14426","7.31745","0","0","0","0","0","0","0","0"
"4.72293","0.500044","0.527922","0.0350604","0.518356","0.575963","1.17961","1.74258e-15","3.0302","2.94548","3.1283","7.33577","0","0","0","0","0","0","0","0"
"4.72632","0.500044","0.527922","0.0350677","0.519659","0.576375","1.18171","1.74505e-15","3.03735","2.95091","3.1157","7.36063","0","0","0","0","0","0","0","0"
"4.7297","0.500044","0.527922","0.0350739","0.519296","0.576012","1.18121","1.74438e-15","3.03603","2.95474","3.10701","7.34106","0","0","0","0","0","0","0","0"
"4.73308","0.500044","0.527922","0.0350811","0.519272","0.57567","1.17985","1.74184e-15","3.0357","2.95896","3.10348","7.33762","0","0","0","0","0","0","0","0"
"4.7366","0.500044","0.527922","0.0350869","0.519446","0.575749","1.18193","1.74245e-15","3.03226","2.96493","3.0906","7.34406","0","0","0","0","0","0","0","0"
"4.73987","0.500044","0.527761","0.0350928","0.51898","0.575192","1.17727","1.74232e-15","3.03438","2.96617","3.10415","7.34342","0","0","0","0","0","0","0","0"
"4.74325","0.500044","0.527761","0.0350978","0.518609","0.574902","1.17444","1.74184e-15","3.03332","2.96498","3.1079","7.32691","0","0","0","0","0","0","0","0"
"4.74663","0.500044","0.527761","0.0351037","0.519671","0.575533","1.16972","1.7395e-15","3.03118","2.96141","3.12193","7.31318","0","0","0","0","0","0","0","0"
"4.75002","0.500044","0.527761","0.0351087","0.520107","0.576161","1.16963","1.73985e-15","3.02397","2.95511","3.12265","7.32879","0","0","0","0","0","0","0","0"
"4.7535","0.500044","0.527761","0.035113","0.519675","0.575877","1.17189","1.74007e-15","3.02197","2.95488","3.11473","7.33825","0","0","0","0","0","0","0","0"
"4.75678","0.500044","0.527688","0.0351149","0.519631","0.575829","1.17177","1.74275e-15","3.02987","2.95082","3.10608","7.37455","0","0","0","0","0","0","0","0"
"4.76017","0.500044","0.527688","0.035117","0.51925","0.575175","1.17084","1.74464e-15","3.02968","2.95056","3.09822","7.36544","0","0","0","0","0","0","0","0"
"4.76355","0.500044","0.527688","0.0351189","0.518931","0.574905","1.17145","1.74297e-15","3.02872","2.94946","3.096","7.35027","0","0","0","0","0","0","0","0"
"4.76693","0.500044","0.527688","0.0351211","0.51972","0.575065","1.17064","1.74171e-15","3.03214","2.95363","3.10077","7.34878","0","0","0","0","0","0","0","0"
"4.77045","0.500044","0.527688","0.0351213","0.520078","0.575203","1.17305","1.74075e-15","3.02635","2.95211","3.08638","7.34842","0","0","0","0","0","0","0","0"
"4.77372","0.500044","0.527664","0.0351197","0.519654","0.575058","1.16982","1.74256e-15","3.02594","2.94648","3.09263","7.36613","0","0","0","0","0","0","0","0"
"4.7771","0.500044","0.527664","0.0351184","0.520478","0.576001","1.1743","1.74147e-15","3.03751","2.94903","3.15313","7.35643","0","0","0","0","0","0","0","0"
"4.78048","0.500044","0.527664","0.0351168","0.521118","0.576841","1.181","1.73992e-15","3.02899","2.9432","3.16164","7.3518","0","0","0","0","0","0","0","0"
"4.78618","0.500044","0.527664","0.0351139","0.520745","0.576989","1.18021","1.7419e-15","3.02734","2.94205","3.16082","7.34533","0","0","0","0","0","0","0","0"
"4.78933","0.500044","0.52768","0.0351114","0.521524","0.577894","1.18475","1.74139e-15","3.02441","2.93543","3.14453","7.34224","0","0","0","0","0","0","0","0"
"4.79272","0.500044","0.52768","0.0351089","0.521417","0.577896","1.18375","1.73946e-15","3.02201","2.93549","3.13789","7.33149","0","0","0","0","0","0","0","0"
"4.7961","0.500044","0.52768","0.035106","0.521062","0.577904","1.1826","1.74006e-15","3.02178","2.9375","3.13951","7.36569","0","0","0","0","0","0","0","0"
"4.7995","0.500044","0.52768","0.0351035","0.52147","0.578242","1.18075","1.74216e-15","3.02232","2.93487","3.13993","7.38332","0","0","0","0","0","0","0","0"
"4.80298","0.500044","0.52768","0.0351008","0.521391","0.577885","1.17937","1.74145e-15","3.0239","2.9339","3.13426","7.36457","0","0","0","0","0","0","0","0"
"4.80627","0.500044","0.52787","0.035099","0.521846","0.577976","1.17662","1.7398e-15","3.02245","2.93014","3.13916","7.34815","0","0","0","0","0","0","0","0"
"4.80965","0.500044","0.52787","0.0350969","0.522041","0.57836","1.17689","1.73952e-15","3.02631","2.93456","3.12361","7.36317","0","0","0","0","0","0","0","0"
"4.81305","0.500044","0.52787","0.0350951","0.52217","0.578664","1.17611","1.74185e-15","3.02953","2.94233","3.1158","7.38227","0","0","0","0","0","0","0","0"
"4.81642","0.500044","0.52787","0.035093","0.522011","0.578335","1.1784","1.74397e-15","3.02683","2.94111","3.10135","7.39348","0","0","0","0","0","0","0","0"
"4.81993","0.500044","0.52787","0.035091","0.522163","0.578357","1.18075","1.74248e-15","3.02418","2.94125","3.09104","7.37584","0","0","0","0","0","0","0","0"
"4.82318","0.500044","0.528244","0.0350885","0.521903","0.578358","1.178","1.74104e-15","3.0296","2.93897","3.09198","7.37798","0","0","0","0","0","0","0","0"
"4.82658","0.500044","0.528244","0.0350864","0.521733","0.577896","1.17871","1.74291e-15","3.03062","2.93721","3.08127","7.38335","0","0","0","0","0","0","0","0"
"4.82997","0.500044","0.528244","0.0350838","0.521335","0.577546","1.17476","1.74488e-15","3.03488","2.94413","3.08944","7.39893","0","0","0","0","0","0","0","0"
"4.83335","0.500044","0.528244","0.0350816","0.521198","0.577064","1.1738","1.74325e-15","3.03773","2.94402","3.08201","7.3738","0","0","0","0","0","0","0","0"
"4.83683","0.500044","0.528244","0.0350813","0.52142","0.577321","1.17468","1.74148e-15","3.03024","2.94356","3.09021","7.35332","0","0","0","0","0","0","0","0"
"4.84012","0.500044","0.528467","0.0350836","0.521369","0.577363","1.1718","1.74369e-15","3.02797","2.93571","3.09535","7.37613","0","0","0","0","0","0","0","0"
"4.8435","0.500044","0.528467","0.0350863","0.521585","0.577629","1.17351","1.74596e-15","3.02639","2.92996","3.08454","7.38907","0","0","0","0","0","0","0","0"
"4.84688","0.500044","0.528467","0.0350886","0.522308","0.57828","1.17616","1.7461e-15","3.02477","2.94051","3.08","7.3862","0","0","0","0","0","0","0","0"
"4.85027","0.500044","0.528467","0.0350913","0.521651","0.577421","1.17289","1.74427e-15","3.03479","2.94646","3.08463","7.35876","0","0","0","0","0","0","0","0"
"4.85378","0.500044","0.528467","0.0350935","0.521376","0.577269","1.16999","1.74221e-15","3.03572","2.94768","3.09034","7.3506","0","0","0","0","0","0","0","0"
"4.85705","0.500044","0.52847","0.0350961","0.521415","0.577271","1.17032","1.74348e-15","3.03418","2.94939","3.09011","7.37386","0","0","0","0","0","0","0","0"
"4.86043","0.500044","0.52847","0.0350983","0.520417","0.576467","1.1742","1.74582e-15","3.03853","2.95336","3.0719","7.39128","0","0","0","0","0","0","0","0"
"4.86382","0.500044","0.52847","0.0351009","0.52103","0.577076","1.18142","1.74683e-15","3.04049","2.95493","3.1545","7.38899","0","0","0","0","0","0","0","0"
"4.8695","0.500044","0.52847","0.0351052","0.521012","0.57723","1.17673","1.74333e-15","3.031","2.9533","3.16711","7.35712","0","0","0","0","0","0","0","0"
"4.87267","0.500044","0.528467","0.035108","0.521295","0.577179","1.17568","1.74183e-15","3.02803","2.95492","3.16025","7.34679","0","0","0","0","0","0","0","0"
"4.87605","0.500044","0.528467","0.0351108","0.521575","0.577773","1.17981","1.74202e-15","3.02216","2.95419","3.14678","7.36381","0","0","0","0","0","0","0","0"
"4.87948","0.500044","0.528467","0.0351141","0.521785","0.577907","1.17947","1.74356e-15","3.02257","2.95497","3.13576","7.4073","0","0","0","0","0","0","0","0"
"4.88288","0.500044","0.528467","0.0351168","0.521575","0.577932","1.18074","1.745e-15","3.01993","2.95171","3.12459","7.41505","0","0","0","0","0","0","0","0"
"4.88635","0.500044","0.528467","0.0351188","0.521422","0.577687","1.19019","1.74724e-15","3.01459","2.94826","3.10269","7.42398","0","0","0","0","0","0","0","0"
"4.88963","0.500044","0.528451","0.0351177","0.52087","0.577094","1.1886","1.74788e-15","3.01395","2.95005","3.10195","7.42404","0","0","0","0","0","0","0","0"
"4.89303","0.500044","0.528451","0.0351164","0.521042","0.577383","1.18833","1.74642e-15","3.0119","2.94314","3.09373","7.40869","0","0","0","0","0","0","0","0"
"4.89642","0.500044","0.528451","0.0351154","0.521584","0.577898","1.19574","1.74484e-15","3.01026","2.94488","3.10022","7.3884","0","0","0","0","0","0","0","0"
"4.89987","0.500044","0.528451","0.0351141","0.52094","0.577474","1.19201","1.74269e-15","3.0079","2.94323","3.10874","7.37845","0","0","0","0","0","0","0","0"
"4.9033","0.500044","0.528451","0.0351132","0.521099","0.57746","1.19072","1.74279e-15","3.0081","2.93909","3.11039","7.38049","0","0","0","0","0","0","0","0"
"4.90657","0.500044","0.528543","0.0351127","0.520717","0.577557","1.19534","1.74332e-15","3.00989","2.93853","3.0875","7.40464","0","0","0","0","0","0","0","0"
"4.90995","0.500044","0.528543","0.0351123","0.522333","0.578884","1.19873","1.74491e-15","3.0184","2.95854","3.08358","7.42098","0","0","0","0","0","0","0","0"
"4.91333","0.500044","0.528543","0.0351118","0.522314","0.578416","1.20391","1.74356e-15","3.01766","2.96037","3.06584","7.40268","0","0","0","0","0","0","0","0"
"4.91672","0.500044","0.528543","0.0351113","0.522563","0.578911","1.20229","1.74242e-15","3.01518","2.97227","3.0676","7.38874","0","0","0","0","0","0","0","0"
"4.9202","0.500044","0.528543","0.0351115","0.522619","0.579203","1.19846","1.74166e-15","3.00811","2.96479","3.07508","7.39515","0","0","0","0","0","0","0","0"
"4.92348","0.500044","0.528581","0.0351126","0.521765","0.578325","1.19757","1.74407e-15","3.0139","2.96666","3.07011","7.41606","0","0","0","0","0","0","0","0"
"4.92687","0.500044","0.528581","0.0351138","0.521874","0.578974","1.19761","1.74372e-15","3.01803","2.96546","3.06587","7.41218","0","0","0","0","0","0","0","0"
"4.93025","0.500044","0.528581","0.0351148","0.521927","0.578755","1.19319","1.74235e-15","3.02363","2.96751","3.08022","7.3978","0","0","0","0","0","0","0","0"
"4.93365","0.500044","0.528581","0.035116","0.522411","0.579053","1.19218","1.74349e-15","3.02025","2.96573","3.08131","7.40756","0","0","0","0","0","0","0","0"
"4.93715","0.500044","0.528581","0.0351185","0.522316","0.579261","1.19254","1.74348e-15","3.02203","2.96704","3.07615","7.40347","0","0","0","0","0","0","0","0"
"4.94042","0.500044","0.528751","0.0351233","0.522713","0.579737","1.19241","1.74458e-15","3.02083","2.96401","3.08099","7.39929","0","0","0","0","0","0","0","0"
"4.9438","0.500044","0.528751","0.0351274","0.522878","0.579989","1.19004","1.74412e-15","3.02383","2.96414","3.08117","7.37917","0","0","0","0","0","0","0","0"
"4.94718","0.500044","0.528751","0.0351322","0.522257","0.579626","1.18811","1.74281e-15","3.02337","2.95991","3.0776","7.35132","0","0","0","0","0","0","0","0"
"4.95282","0.500044","0.528751","0.0351384","0.522794","0.579521","1.19706","1.74143e-15","3.01958","2.95977","3.06714","7.32033","0","0","0","0","0","0","0","0"
"4.95603","0.500044","0.528986","0.0351391","0.523313","0.58004","1.20342","1.7409e-15","3.01474","2.96369","3.07055","7.33658","0","0","0","0","0","0","0","0"
"4.95942","0.500044","0.528986","0.0351397","0.523101","0.579831","1.2018","1.7424e-15","3.01467","2.96718","3.06797","7.36335","0","0","0","0","0","0","0","0"
"4.96277","0.500044","0.528986","0.0351403","0.523046","0.579901","1.20207","1.74474e-15","3.01533","2.96558","3.06382","7.39874","0","0","0","0","0","0","0","0"
"4.96625","0.500044","0.528986","0.0351409","0.522121","0.579073","1.19899","1.74624e-15","3.022","2.96785","3.07265","7.40786","0","0","0","0","0","0","0","0"
"4.96973","0.500044","0.528986","0.0351427","0.52205","0.579106","1.19585","1.74474e-15","3.01848","2.96558","3.07823","7.38771","0","0","0","0","0","0","0","0"
"4.97303","0.500044","0.529227","0.0351477","0.522196","0.579223","1.19173","1.743e-15","3.02965","2.97273","3.08948","7.35847","0","0","0","0","0","0","0","0"
"4.97638","0.500044","0.529227","0.035152","0.522461","0.57941","1.18798","1.74178e-15","3.02703","2.97371","3.10055","7.35739","0","0","0","0","0","0","0","0"
"4.97973","0.500044","0.529227","0.0351563","0.522147","0.579502","1.18996","1.74369e-15","3.02451","2.97257","3.08546","7.37363","0","0","0","0","0","0","0","0"
"4.98323","0.500044","0.529227","0.0351613","0.522693","0.579768","1.19661","1.74481e-15","3.02723","2.97318","3.06812","7.37228","0","0","0","0","0","0","0","0"
"4.98672","0.500044","0.529227","0.0351662","0.522654","0.579812","1.19586","1.743e-15","3.02214","2.96805","3.06586","7.35646","0","0","0","0","0","0","0","0"
"4.99","0.500044","0.529313","0.0351703","0.52262","0.580127","1.20128","1.74197e-15","3.02685","2.97439","3.05689","7.34543","0","0","0","0","0","0","0","0"
"4.9934","0.500044","0.529313","0.0351751","0.52339","0.581042","1.20192","1.7436e-15","3.03226","2.98499","3.04396","7.38413","0","0","0","0","0","0","0","0"
"4.99677","0.500044","0.529313","0.0351792","0.523229","0.581137","1.20219","1.74528e-15","3.0276","2.98127","3.03945","7.40584","0","0","0","0","0","0","0","0"
"5.00017","0.500044","0.529313","0.035184","0.523752","0.581385","1.20104","1.74466e-15","3.03979","2.98043","3.03159","7.39241","0","0","0","0","0","0","0","0"
"5.00367","0.500044","0.529313","0.0351874","0.524093","0.582218","1.20101","1.74265e-15","3.04291","2.97823","3.03338","7.36933","0","0","0","0","0","0","0","0"
"5.00693","0.500044","0.52935","0.0351905","0.523903","0.581982","1.19775","1.7431e-15","3.04407","2.97816","3.03982","7.38323","0","0","0","0","0","0","0","0"
"5.01032","0.500044","0.52935","0.0351931","0.524449","0.582144","1.19396","1.74442e-15","3.04173","2.97531","3.04983","7.38048","0","0","0","0","0","0","0","0"
"5.0137","0.500044","0.52935","0.0351963","0.524302","0.582101","1.19305","1.74392e-15","3.03862","2.97467","3.04454","7.35097","0","0","0","0","0","0","0","0"
"5.01708","0.500044","0.52935","0.0351989","0.524218","0.582009","1.19377","1.74364e-15","3.03882","2.97469","3.03799","7.33568","0","0","0","0","0","0","0","0"
"5.02058","0.500044","0.52935","0.0352001","0.524254","0.581557","1.19128","1.74348e-15","3.03489","2.97514","3.04354","7.34385","0","0","0","0","0","0","0","0"
"5.02398","0.500044","0.52968","0.0351998","0.524382","0.58169","1.19035","1.7453e-15","3.03524","2.97889","3.03932","7.37672","0","0","0","0","0","0","0","0"
"5.02723","0.500044","0.52968","0.0351995","0.524633","0.581848","1.18613","1.74357e-15","3.03264","2.97922","3.05062","7.36032","0","0","0","0","0","0","0","0"
"5.03058","0.500044","0.52968","0.0351993","0.52423","0.581293","1.18509","1.74291e-15","3.03503","2.97965","3.04536","7.36138","0","0","0","0","0","0","0","0"
"5.03617","0.500044","0.52968","0.0351991","0.52424","0.581244","1.17956","1.74581e-15","3.03082","2.97732","3.05857","7.3816","0","0","0","0","0","0","0","0"
"5.03932","0.500044","0.530042","0.0351999","0.5251","0.582032","1.17694","1.74486e-15","3.04245","2.98665","3.06326","7.36442","0","0","0","0","0","0","0","0"
"5.04265","0.500044","0.530042","0.0352006","0.524898","0.581542","1.17921","1.74343e-15","3.04041","2.98618","3.06008","7.34634","0","0","0","0","0","0","0","0"
"5.046","0.500044","0.530042","0.0352014","0.525326","0.581588","1.18092","1.74404e-15","3.03789","2.98177","3.04435","7.35541","0","0","0","0","0","0","0","0"
"5.04937","0.500044","0.530042","0.0352021","0.525153","0.581243","1.17809","1.74606e-15","3.03747","2.98257","3.04695","7.36819","0","0","0","0","0","0","0","0"
"5.05283","0.500044","0.530042","0.0352026","0.525026","0.580866","1.17705","1.74488e-15","3.03671","2.98852","3.05697","7.36129","0","0","0","0","0","0","0","0"
"5.05618","0.500044","0.530157","0.0352022","0.524687","0.580413","1.17794","1.7428e-15","3.03876","2.99141","3.0572","7.34947","0","0","0","0","0","0","0","0"
"5.06068","0.500044","0.530157","0.0352017","0.523949","0.579677","1.17294","1.74273e-15","3.03852","2.99246","3.0745","7.34561","0","0","0","0","0","0","0","0"
"5.06293","0.500044","0.530157","0.0352013","0.523709","0.579355","1.17027","1.74444e-15","3.04064","2.99384","3.07968","7.37006","0","0","0","0","0","0","0","0"
"5.0663","0.500044","0.530157","0.0352008","0.524068","0.579761","1.17132","1.74609e-15","3.04336","2.99263","3.08065","7.36945","0","0","0","0","0","0","0","0"
"5.06977","0.500044","0.530157","0.0352001","0.523417","0.579157","1.17461","1.74429e-15","3.04586","2.99374","3.07418","7.34826","0","0","0","0","0","0","0","0"
"5.07307","0.500044","0.530251","0.0351984","0.522973","0.578923","1.1709","1.74292e-15","3.04379","2.99501","3.08101","7.33904","0","0","0","0","0","0","0","0"
"5.07645","0.500044","0.530251","0.035197","0.522626","0.57872","1.16979","1.74464e-15","3.04302","2.99512","3.0789","7.35403","0","0","0","0","0","0","0","0"
"5.07983","0.500044","0.530251","0.0351953","0.522729","0.57889","1.17183","1.74702e-15","3.03927","2.99132","3.0766","7.36881","0","0","0","0","0","0","0","0"
"5.08327","0.500044","0.530251","0.0351939","0.522939","0.578584","1.17696","1.74704e-15","3.03559","2.98782","3.05754","7.3454","0","0","0","0","0","0","0","0"
"5.0867","0.500044","0.530251","0.0351924","0.522348","0.577826","1.17917","1.74457e-15","3.03884","2.99133","3.05206","7.32254","0","0","0","0","0","0","0","0"
"5.09007","0.500044","0.530083","0.0351912","0.522471","0.578299","1.17958","1.7452e-15","3.03486","2.98832","3.03967","7.33155","0","0","0","0","0","0","0","0"
"5.0934","0.500044","0.530083","0.0351898","0.522266","0.578344","1.17789","1.7474e-15","3.0351","2.98937","3.03542","7.37879","0","0","0","0","0","0","0","0"
"5.09675","0.500044","0.530083","0.0351886","0.522427","0.578195","1.17539","1.74874e-15","3.03773","2.98743","3.04137","7.38091","0","0","0","0","0","0","0","0"
"5.10015","0.500044","0.530083","0.0351872","0.522431","0.578231","1.17339","1.7468e-15","3.0382","2.99311","3.04171","7.35948","0","0","0","0","0","0","0","0"
"5.10363","0.500044","0.530083","0.0351858","0.522733","0.578305","1.1752","1.74402e-15","3.06525","2.99954","3.02654","7.34408","0","0","0","0","0","0","0","0"
"5.10695","0.500044","0.529879","0.0351839","0.522497","0.578193","1.17271","1.74399e-15","3.06346","2.99767","3.02851","7.34834","0","0","0","0","0","0","0","0"
"5.1103","0.500044","0.529879","0.0351822","0.522663","0.578633","1.17285","1.74618e-15","3.07487","3.00082","3.02353","7.40064","0","0","0","0","0","0","0","0"
"5.11368","0.500044","0.529879","0.0351803","0.52316","0.578958","1.17101","1.74784e-15","3.06979","2.9944","3.02525","7.42625","0","0","0","0","0","0","0","0"
"5.1195","0.500044","0.529879","0.0351777","0.523837","0.579755","1.16932","1.74706e-15","3.07225","2.99683","3.02273","7.38844","0","0","0","0","0","0","0","0"
"5.1228","0.500044","0.52979","0.0351772","0.523469","0.57922","1.17159","1.74573e-15","3.06896","2.99551","3.00926","7.38451","0","0","0","0","0","0","0","0"
"5.12618","0.500044","0.52979","0.0351767","0.524138","0.579721","1.17621","1.74647e-15","3.0919","3.01699","3.03913","7.40604","0","0","0","0","0","0","0","0"
"5.12957","0.500044","0.52979","0.0351762","0.524662","0.580092","1.17338","1.74876e-15","3.09854","3.02305","3.04666","7.42909","0","0","0","0","0","0","0","0"
"5.13297","0.500044","0.52979","0.0351757","0.524406","0.580015","1.17333","1.74863e-15","3.0967","3.02026","3.04738","7.41763","0","0","0","0","0","0","0","0"
"5.13645","0.500044","0.52979","0.0351753","0.524195","0.579959","1.17496","1.7462e-15","3.10128","3.01855","3.04153","7.39759","0","0","0","0","0","0","0","0"
"5.13973","0.500044","0.529978","0.0351751","0.524492","0.580422","1.17134","1.74576e-15","3.09519","3.01724","3.0522","7.38007","0","0","0","0","0","0","0","0"
"5.14312","0.500044","0.529978","0.035175","0.524935","0.580855","1.17619","1.74681e-15","3.0954","3.01814","3.0398","7.40898","0","0","0","0","0","0","0","0"
"5.14653","0.500044","0.529978","0.0351747","0.524858","0.580789","1.18215","1.74819e-15","3.08945","3.01198","3.04947","7.40933","0","0","0","0","0","0","0","0"
"5.14988","0.500044","0.529978","0.0351746","0.524489","0.580677","1.17771","1.74636e-15","3.08932","3.01268","3.0656","7.39145","0","0","0","0","0","0","0","0"
"5.15355","0.500044","0.529978","0.035175","0.524418","0.580933","1.17948","1.74524e-15","3.08405","3.02489","3.08467","7.39115","0","0","0","0","0","0","0","0"
"5.15673","0.500044","0.530293","0.0351762","0.523997","0.580274","1.17675","1.74734e-15","3.08389","3.02454","3.08666","7.40965","0","0","0","0","0","0","0","0"
"5.16007","0.500044","0.530293","0.0351777","0.523642","0.580561","1.17637","1.74744e-15","3.08185","3.02164","3.07774","7.40224","0","0","0","0","0","0","0","0"
"5.1635","0.500044","0.530293","0.0351789","0.524082","0.581309","1.17489","1.74545e-15","3.08386","3.02642","3.07372","7.38968","0","0","0","0","0","0","0","0"
"5.16688","0.500044","0.530293","0.0351803","0.524307","0.581782","1.17058","1.74722e-15","3.08093","3.02882","3.08479","7.41198","0","0","0","0","0","0","0","0"
"5.1704","0.500044","0.530293","0.0351814","0.524526","0.58186","1.17041","1.74665e-15","3.07562","3.02399","3.07792","7.40092","0","0","0","0","0","0","0","0"
"5.17362","0.500044","0.530519","0.0351825","0.524691","0.58168","1.17658","1.74666e-15","3.06803","3.02095","3.07564","7.37338","0","0","0","0","0","0","0","0"
"5.17903","0.500044","0.530519","0.0351835","0.524325","0.581247","1.1771","1.74562e-15","3.06561","3.01776","3.0715","7.37637","0","0","0","0","0","0","0","0"
"5.18035","0.500044","0.530519","0.0351846","0.52418","0.581177","1.18888","1.74743e-15","3.06563","3.01535","3.07759","7.40914","0","0","0","0","0","0","0","0"
"5.18373","0.500044","0.530519","0.0351856","0.523814","0.580977","1.18625","1.74941e-15","3.06711","3.01182","3.08124","7.39283","0","0","0","0","0","0","0","0"
"5.18723","0.500044","0.530519","0.0351878","0.52412","0.581376","1.19469","1.74771e-15","3.06158","3.01033","3.06701","7.37441","0","0","0","0","0","0","0","0"
"5.19052","0.500044","0.530664","0.0351904","0.524047","0.581211","1.19376","1.74716e-15","3.05611","3.00762","3.06271","7.35453","0","0","0","0","0","0","0","0"
"5.1939","0.500044","0.530664","0.0351935","0.524261","0.581388","1.19563","1.74811e-15","3.05422","3.00432","3.04842","7.38965","0","0","0","0","0","0","0","0"
"5.19728","0.500044","0.530664","0.0351961","0.524819","0.58185","1.19617","1.74999e-15","3.04486","3.00307","3.03913","7.40123","0","0","0","0","0","0","0","0"
"5.20283","0.500044","0.530664","0.0352012","0.525219","0.582065","1.21395","1.7474e-15","3.04076","3.00241","3.08248","7.36318","0","0","0","0","0","0","0","0"
"5.20625","0.500044","0.530796","0.0352048","0.525407","0.582318","1.2112","1.74794e-15","3.03517","2.99643","3.08754","7.37848","0","0","0","0","0","0","0","0"
"5.20977","0.500044","0.530796","0.035209","0.525899","0.582853","1.20781","1.75029e-15","3.02921","2.99396","3.09057","7.42182","0","0","0","0","0","0","0","0"
"5.21303","0.500044","0.530796","0.0352126","0.526542","0.583172","1.20577","1.74912e-15","3.03096","2.98831","3.0916","7.40536","0","0","0","0","0","0","0","0"
"5.21642","0.500044","0.530796","0.0352168","0.525779","0.582226","1.2071","1.7474e-15","3.03339","2.9892","3.07643","7.39967","0","0","0","0","0","0","0","0"
"5.21993","0.500044","0.530796","0.0352211","0.525612","0.58242","1.20468","1.74825e-15","3.0346","2.98707","3.07779","7.3951","0","0","0","0","0","0","0","0"
"5.22318","0.500044","0.530865","0.0352279","0.524573","0.58138","1.19985","1.74742e-15","3.03672","2.98821","3.09133","7.38979","0","0","0","0","0","0","0","0"
"5.22673","0.500044","0.530865","0.0352337","0.52442","0.581075","1.1984","1.74661e-15","3.04478","2.99606","3.09411","7.37102","0","0","0","0","0","0","0","0"
"5.22995","0.500044","0.530865","0.0352405","0.526582","0.583574","1.21031","1.74612e-15","3.05925","2.9974","3.0939","7.38","0","0","0","0","0","0","0","0"
"5.23337","0.500044","0.530865","0.0352463","0.526622","0.583504","1.20801","1.74776e-15","3.05595","2.99379","3.09581","7.39119","0","0","0","0","0","0","0","0"
"5.23683","0.500044","0.530865","0.0352546","0.52647","0.583056","1.21167","1.74856e-15","3.05145","2.99376","3.09052","7.36928","0","0","0","0","0","0","0","0"
"5.24013","0.500044","0.531133","0.0352634","0.526598","0.583374","1.20935","1.74716e-15","3.05379","2.99642","3.09107","7.3558","0","0","0","0","0","0","0","0"
"5.2435","0.500044","0.531133","0.0352737","0.525652","0.582587","1.20557","1.7472e-15","3.05868","2.99874","3.09763","7.37126","0","0","0","0","0","0","0","0"
"5.24688","0.500044","0.531133","0.0352826","0.525161","0.582178","1.20365","1.7492e-15","3.05759","2.99598","3.09524","7.39489","0","0","0","0","0","0","0","0"
"5.25027","0.500044","0.531133","0.0352929","0.525022","0.582088","1.20166","1.75069e-15","3.05798","2.99733","3.09014","7.39376","0","0","0","0","0","0","0","0"
"5.25378","0.500044","0.531133","0.0353011","0.524615","0.581611","1.19875","1.748e-15","3.06033","3.00157","3.09367","7.37779","0","0","0","0","0","0","0","0"
"5.25703","0.500044","0.531274","0.0353098","0.524737","0.581576","1.19453","1.74758e-15","3.05697","3.0025","3.10478","7.40143","0","0","0","0","0","0","0","0"
"5.26042","0.500044","0.531274","0.0353173","0.524387","0.581335","1.1949","1.74961e-15","3.0535","2.99914","3.09417","7.42642","0","0","0","0","0","0","0","0"
"5.2638","0.500044","0.531274","0.0353261","0.524063","0.580789","1.19719","1.75163e-15","3.05474","3.00339","3.08225","7.43197","0","0","0","0","0","0","0","0"
"5.26722","0.500044","0.531274","0.0353336","0.523857","0.58053","1.19519","1.75138e-15","3.05389","3.00303","3.08142","7.42005","0","0","0","0","0","0","0","0"
"5.27068","0.500044","0.531274","0.035342","0.523502","0.580259","1.1934","1.74884e-15","3.05654","3.00329","3.08301","7.4106","0","0","0","0","0","0","0","0"
"5.27397","0.500044","0.531349","0.035349","0.523283","0.580038","1.19168","1.75068e-15","3.05564","3.00168","3.079","7.44207","0","0","0","0","0","0","0","0"
"5.27735","0.500044","0.531349","0.0353572","0.522943","0.579681","1.1913","1.75249e-15","3.05054","3.00241","3.07101","7.46429","0","0","0","0","0","0","0","0"
"5.28075","0.500044","0.531349","0.0353642","0.523563","0.579956","1.18991","1.75158e-15","3.05141","3.00267","3.06836","7.44129","0","0","0","0","0","0","0","0"
"5.28615","0.500044","0.531349","0.0353758","0.522913","0.579678","1.18956","1.74958e-15","3.05594","3.00201","3.05792","7.44522","0","0","0","0","0","0","0","0"
"5.28933","0.500044","0.531115","0.0353792","0.522707","0.579582","1.18659","1.75071e-15","3.05737","2.99698","3.0637","7.46538","0","0","0","0","0","0","0","0"
"5.29272","0.500044","0.531115","0.0353826","0.52341","0.579773","1.18646","1.75122e-15","3.07021","3.00248","3.06089","7.4609","0","0","0","0","0","0","0","0"
"5.2961","0.500044","0.531115","0.0353865","0.523213","0.579583","1.18673","1.74955e-15","3.06714","2.99796","3.04992","7.43991","0","0","0","0","0","0","0","0"
"5.29948","0.500044","0.531115","0.0353899","0.522504","0.57891","1.18473","1.74902e-15","3.07003","3.0017","3.04742","7.45043","0","0","0","0","0","0","0","0"
"5.30297","0.500044","0.531115","0.0353914","0.52283","0.579202","1.18174","1.74967e-15","3.06016","2.99755","3.05252","7.46232","0","0","0","0","0","0","0","0"
"5.30862","0.500044","0.53092","0.0353872","0.522677","0.579161","1.18244","1.7512e-15","3.0575","2.99344","3.0378","7.48102","0","0","0","0","0","0","0","0"
"5.30963","0.500044","0.53092","0.0353824","0.522421","0.578924","1.17847","1.75008e-15","3.05052","2.98712","3.05078","7.4732","0","0","0","0","0","0","0","0"
"5.31302","0.500044","0.53092","0.0353783","0.52271","0.579218","1.17723","1.74872e-15","3.04363","2.98424","3.0474","7.45618","0","0","0","0","0","0","0","0"
"5.3164","0.500044","0.53092","0.0353735","0.522158","0.578976","1.1829","1.74881e-15","3.0431","2.98242","3.04746","7.48591","0","0","0","0","0","0","0","0"
"5.31992","0.500044","0.53092","0.0353688","0.522755","0.579428","1.18225","1.75012e-15","3.05107","2.98487","3.04799","7.49414","0","0","0","0","0","0","0","0"
"5.32317","0.500044","0.530849","0.0353621","0.522339","0.578753","1.18489","1.75006e-15","3.0475","2.98671","3.04473","7.48011","0","0","0","0","0","0","0","0"
"5.32657","0.500044","0.530849","0.0353563","0.523148","0.579326","1.1892","1.74841e-15","3.04728","2.9847","3.04727","7.46423","0","0","0","0","0","0","0","0"
"5.32995","0.500044","0.530849","0.0353495","0.52289","0.579224","1.18904","1.74677e-15","3.04933","2.9859","3.03679","7.45099","0","0","0","0","0","0","0","0"
"5.33333","0.500044","0.530849","0.0353438","0.523234","0.579105","1.18726","1.74733e-15","3.04883","2.98904","3.03893","7.46557","0","0","0","0","0","0","0","0"
"5.33682","0.500044","0.530849","0.0353385","0.522907","0.579163","1.18623","1.74749e-15","3.05019","2.98919","3.03953","7.46397","0","0","0","0","0","0","0","0"
"5.34012","0.500044","0.53081","0.0353356","0.523652","0.579989","1.18676","1.74974e-15","3.05591","2.99358","3.03376","7.48216","0","0","0","0","0","0","0","0"
"5.34348","0.500044","0.53081","0.0353323","0.523457","0.580019","1.18193","1.7503e-15","3.06103","2.99352","3.04838","7.47524","0","0","0","0","0","0","0","0"
"5.34687","0.500044","0.53081","0.0353294","0.523779","0.579872","1.18029","1.74887e-15","3.0572","2.98958","3.0485","7.454","0","0","0","0","0","0","0","0"
"5.35027","0.500044","0.53081","0.0353261","0.523103","0.579103","1.17713","1.74713e-15","3.05603","2.98805","3.05295","7.43944","0","0","0","0","0","0","0","0"
"5.35383","0.500044","0.53081","0.0353238","0.52287","0.578927","1.17644","1.74568e-15","3.05865","2.99095","3.04746","7.43328","0","0","0","0","0","0","0","0"
"5.35703","0.500044","0.530907","0.0353218","0.522999","0.578724","1.19058","1.74623e-15","3.05561","2.98617","3.05862","7.44896","0","0","0","0","0","0","0","0"
"5.36042","0.500044","0.530907","0.0353201","0.52297","0.578673","1.18798","1.74796e-15","3.05494","2.98533","3.05981","7.44947","0","0","0","0","0","0","0","0"
"5.36375","0.500044","0.530907","0.0353181","0.523481","0.579506","1.18736","1.74933e-15","3.05056","2.99352","3.05274","7.45345","0","0","0","0","0","0","0","0"
"5.36948","0.500044","0.530907","0.0353161","0.522914","0.578816","1.18932","1.7456e-15","3.05171","2.99474","3.04939","7.42805","0","0","0","0","0","0","0","0"
"5.37272","0.500044","0.531029","0.0353178","0.522774","0.57865","1.18658","1.74597e-15","3.04637","2.99231","3.05339","7.44126","0","0","0","0","0","0","0","0"
"5.3761","0.500044","0.531029","0.0353195","0.522821","0.578623","1.18947","1.74775e-15","3.04379","2.98901","3.049","7.45747","0","0","0","0","0","0","0","0"
"5.37948","0.500044","0.531029","0.0353214","0.522788","0.578453","1.19423","1.74657e-15","3.03812","2.98506","3.03849","7.42853","0","0","0","0","0","0","0","0"
"5.38287","0.500044","0.531029","0.0353231","0.524346","0.579217","1.20259","1.74472e-15","3.04794","2.9878","3.05128","7.43252","0","0","0","0","0","0","0","0"
"5.38632","0.500044","0.531029","0.035325","0.525283","0.579877","1.20504","1.74436e-15","3.04882","2.9942","3.04413","7.43929","0","0","0","0","0","0","0","0"
"5.38982","0.500044","0.530985","0.0353269","0.525142","0.579554","1.20407","1.74658e-15","3.04381","2.99168","3.03947","7.44665","0","0","0","0","0","0","0","0"
"5.3932","0.500044","0.530985","0.0353285","0.525345","0.580001","1.20569","1.74564e-15","3.03759","2.98754","3.04139","7.43159","0","0","0","0","0","0","0","0"
"5.3966","0.500044","0.530985","0.0353304","0.5254","0.580454","1.20196","1.74458e-15","3.03879","2.98588","3.05403","7.40998","0","0","0","0","0","0","0","0"
"5.39997","0.500044","0.530985","0.035332","0.525484","0.580579","1.20082","1.74531e-15","3.03607","2.98775","3.05317","7.42468","0","0","0","0","0","0","0","0"
"5.4034","0.500044","0.530985","0.035337","0.52497","0.57983","1.19506","1.74646e-15","3.03243","2.98811","3.07412","7.41342","0","0","0","0","0","0","0","0"
"5.40687","0.500044","0.53106","0.035345","0.524995","0.580014","1.19255","1.74715e-15","3.02892","2.99586","3.07789","7.41526","0","0","0","0","0","0","0","0"
"5.41022","0.500044","0.53106","0.0353543","0.525911","0.580756","1.19818","1.74435e-15","3.03176","2.99744","3.06478","7.40144","0","0","0","0","0","0","0","0"
"5.41362","0.500044","0.53106","0.0353623","0.525529","0.580338","1.19523","1.74332e-15","3.03284","2.99777","3.07135","7.39096","0","0","0","0","0","0","0","0"
"5.41698","0.500044","0.53106","0.0353716","0.525189","0.580163","1.19572","1.74415e-15","3.03051","2.99474","3.06872","7.40685","0","0","0","0","0","0","0","0"
"5.4205","0.500044","0.53106","0.035379","0.52486","0.579936","1.19251","1.74358e-15","3.03207","2.9931","3.0742","7.39693","0","0","0","0","0","0","0","0"
"5.42377","0.500044","0.531338","0.035387","0.524815","0.579871","1.19137","1.74527e-15","3.03305","2.98808","3.0678","7.41336","0","0","0","0","0","0","0","0"
"5.42715","0.500044","0.531338","0.0353939","0.524197","0.579217","1.191","1.74489e-15","3.03287","2.98853","3.06223","7.39981","0","0","0","0","0","0","0","0"
"5.43053","0.500044","0.531338","0.0354019","0.524159","0.579235","1.19049","1.74278e-15","3.03282","2.98954","3.05341","7.38322","0","0","0","0","0","0","0","0"
"5.43395","0.500044","0.531338","0.0354088","0.524111","0.579292","1.19083","1.74228e-15","3.02744","2.9867","3.04553","7.37881","0","0","0","0","0","0","0","0"
"5.43743","0.500044","0.531338","0.0354136","0.524402","0.579601","1.19315","1.74156e-15","3.02628","2.99928","3.03762","7.39351","0","0","0","0","0","0","0","0"
"5.44073","0.500044","0.531489","0.0354161","0.525025","0.580065","1.19145","1.74458e-15","3.03567","2.99875","3.0346","7.40694","0","0","0","0","0","0","0","0"
"5.44412","0.500044","0.531489","0.0354181","0.525225","0.580135","1.18929","1.74582e-15","3.03093","2.99532","3.03512","7.41452","0","0","0","0","0","0","0","0"
"5.4475","0.500044","0.531489","0.0354206","0.525341","0.58016","1.18815","1.74499e-15","3.02986","2.99091","3.03116","7.39211","0","0","0","0","0","0","0","0"
"5.45282","0.500044","0.531489","0.0354228","0.525155","0.57993","1.19253","1.74254e-15","3.03454","2.98688","3.02025","7.369","0","0","0","0","0","0","0","0"
"5.4561","0.500044","0.531421","0.0354213","0.525211","0.580467","1.19363","1.74382e-15","3.03265","2.98184","3.01739","7.36348","0","0","0","0","0","0","0","0"
"5.45948","0.500044","0.531421","0.0354194","0.525123","0.580534","1.1956","1.74437e-15","3.03702","2.98191","3.0138","7.3583","0","0","0","0","0","0","0","0"
"5.46282","0.500044","0.531421","0.0354179","0.524924","0.579881","1.19611","1.74269e-15","3.03647","2.9834","3.01669","7.33721","0","0","0","0","0","0","0","0"
"5.46633","0.500044","0.531421","0.035416","0.526395","0.581244","1.19584","1.74136e-15","3.04147","2.98605","3.00889","7.33519","0","0","0","0","0","0","0","0"
"5.4698","0.500044","0.531421","0.0354142","0.527195","0.581822","1.19551","1.74251e-15","3.04451","2.99145","3.00471","7.35658","0","0","0","0","0","0","0","0"
"5.47303","0.500044","0.531541","0.0354113","0.527664","0.58189","1.19782","1.74425e-15","3.04115","2.98995","3.00909","7.36771","0","0","0","0","0","0","0","0"
"5.47638","0.500044","0.531541","0.0354089","0.527374","0.581775","1.19488","1.74314e-15","3.04596","3.00245","3.01475","7.35132","0","0","0","0","0","0","0","0"
"5.47972","0.500044","0.531541","0.0354065","0.526833","0.581389","1.19304","1.74194e-15","3.04425","3.00039","3.01482","7.33281","0","0","0","0","0","0","0","0"
"5.48305","0.500044","0.531541","0.0354036","0.526499","0.58085","1.19181","1.74194e-15","3.04337","3.00046","3.00761","7.34209","0","0","0","0","0","0","0","0"
"5.48667","0.500044","0.531541","0.0354021","0.525831","0.580412","1.18978","1.74196e-15","3.04633","3.00824","3.01341","7.34256","0","0","0","0","0","0","0","0"
"5.49007","0.500044","0.531762","0.0354023","0.52587","0.580565","1.19181","1.74141e-15","3.04316","3.0017","3.00483","7.33458","0","0","0","0","0","0","0","0"
"5.49335","0.500044","0.531762","0.0354024","0.526343","0.581137","1.19472","1.74016e-15","3.04643","3.00561","2.99775","7.30249","0","0","0","0","0","0","0","0"

