"Time","Demand 1","Control 1","Output Drive 1","Channel 1","Channel 2","Channel 3","Channel 4","Channel 1 Kurtosis","Channel 2 Kurtosis","Channel 3 Kurtosis","Channel 4 Kurtosis","Rear Input 1","Rear Input 2","Rear Input 3","Rear Input 4","Rear Input 5","Rear Input 6","Rear Input 7","Rear Input 8"
"0.00133333","0.125011","0.146055","0","0.216651","0.165755","0.165214","1.7862e-15","2.3142","2.99122","2.68213","7.26241","0","0","0","0","0","0","0","0"
"0.00133333","0.125011","0.146055","0","0.216651","0.165755","0.165214","1.7862e-15","2.3142","2.99122","2.68213","7.26241","0","0","0","0","0","0","0","0"
"0.00601667","0.125011","0.146055","1.20532e-05","0.226385","0.182523","0.206449","1.40396e-15","2.25991","2.85868","3.18646","2.53197","0","0","0","0","0","0","0","0"
"0.0094","0.125011","0.143183","1.30215e-05","0.159663","0.168889","0.163501","1.61755e-15","2.63575","2.28562","3.2773","4.75707","0","0","0","0","0","0","0","0"
"0.0127833","0.125011","0.143183","1.39131e-05","0.173128","0.143685","0.194383","1.89517e-15","2.68439","2.62668","3.09924","7.94801","0","0","0","0","0","0","0","0"
"0.0161667","0.125011","0.143183","1.50307e-05","0.174218","0.172888","0.232017","1.74212e-15","2.29638","2.36758","2.57317","5.69866","0","0","0","0","0","0","0","0"
"0.01955","0.125011","0.143183","1.60599e-05","0.175772","0.199646","0.26885","1.45838e-15","2.73841","2.35795","2.67221","6.51022","0","0","0","0","0","0","0","0"
"0.023","0.125011","0.143183","1.735e-05","0.187095","0.164601","0.221517","1.8172e-15","2.41438","2.32695","3.28574","5.54482","0","0","0","0","0","0","0","0"
"0.02635","0.125011","0.107988","1.8538e-05","0.240135","0.16613","0.19938","1.88483e-15","2.52085","3.46157","3.16528","8.0065","0","0","0","0","0","0","0","0"
"0.0297667","0.125011","0.107988","2.00272e-05","0.217491","0.215054","0.259409","1.49937e-15","2.84421","2.15188","2.33988","5.70227","0","0","0","0","0","0","0","0"
"0.03315","0.125011","0.107988","2.13985e-05","0.278332","0.204971","0.221638","1.79831e-15","2.48242","2.5807","3.45809","5.77423","0","0","0","0","0","0","0","0"
"0.0365","0.125011","0.107988","2.31174e-05","0.193647","0.191294","0.207151","1.68224e-15","2.66963","2.98865","3.40653","6.31214","0","0","0","0","0","0","0","0"
"0.0400833","0.125011","0.107988","2.47003e-05","0.159756","0.183209","0.204601","1.48274e-15","2.27078","2.54187","2.97245","4.53436","0","0","0","0","0","0","0","0"
"0.04335","0.125011","0.105061","2.66845e-05","0.196225","0.161136","0.143099","1.75801e-15","2.40444","2.35284","3.56251","6.36435","0","0","0","0","0","0","0","0"
"0.04675","0.125011","0.105061","2.85117e-05","0.190776","0.157014","0.185964","1.88468e-15","2.9032","3.41806","2.92708","7.62025","0","0","0","0","0","0","0","0"
"0.05015","0.125011","0.105061","3.0802e-05","0.199388","0.184596","0.197455","1.69633e-15","2.74709","2.55112","2.23635","4.90965","0","0","0","0","0","0","0","0"
"0.0535","0.125011","0.105061","3.29111e-05","0.212741","0.180187","0.243734","1.60363e-15","2.42146","2.45693","2.85028","5.94169","0","0","0","0","0","0","0","0"
"0.0569333","0.125011","0.105061","3.55549e-05","0.167801","0.154896","0.229496","1.76301e-15","2.25611","2.74145","5.4303","8.26275","0","0","0","0","0","0","0","0"
"0.0603","0.125011","0.141531","3.79894e-05","0.231962","0.179412","0.236261","1.50894e-15","2.50739","3.0869","3.1289","5.0939","0","0","0","0","0","0","0","0"
"0.0637","0.125011","0.141531","4.10411e-05","0.184155","0.201637","0.289423","1.71528e-15","3.08854","3.1879","3.05514","5.79976","0","0","0","0","0","0","0","0"
"0.0678833","0.125011","0.141531","4.48301e-05","0.16574","0.173077","0.258046","1.86056e-15","2.20533","3.67831","3.16744","6.57808","0","0","0","0","0","0","0","0"
"0.07235","0.125011","0.141531","4.89689e-05","0.202163","0.166283","0.226948","1.52847e-15","2.55225","3.90094","7.43109","3.95818","0","0","0","0","0","0","0","0"
"0.0756833","0.125011","0.146619","5.29026e-05","0.190552","0.176501","0.269128","1.72737e-15","2.53532","3.17942","3.5315","5.48083","0","0","0","0","0","0","0","0"
"0.0790833","0.125011","0.146619","5.71523e-05","0.188402","0.185791","0.262122","1.87262e-15","2.83133","2.297","2.30335","7.99661","0","0","0","0","0","0","0","0"
"0.0826","0.125011","0.146619","6.10656e-05","0.171282","0.192921","0.275323","1.64332e-15","3.11735","2.47188","2.60966","8.12288","0","0","0","0","0","0","0","0"
"0.08585","0.125011","0.146619","6.5971e-05","0.186617","0.173467","0.254081","1.6174e-15","2.98975","2.97449","6.4494","3.82571","0","0","0","0","0","0","0","0"
"0.08935","0.125011","0.146619","7.04882e-05","0.259802","0.193814","0.191248","1.56528e-15","2.34251","2.1986","3.61909","3.31608","0","0","0","0","0","0","0","0"
"0.0926167","0.125011","0.144398","7.61506e-05","0.271675","0.222163","0.28289","1.75952e-15","2.57315","2.32289","4.26442","8.8378","0","0","0","0","0","0","0","0"
"0.096","0.125011","0.144398","8.13647e-05","0.198691","0.158279","0.202201","1.68288e-15","2.51771","2.27254","3.14406","5.37922","0","0","0","0","0","0","0","0"
"0.0995167","0.125011","0.144398","8.79008e-05","0.204169","0.164998","0.177258","1.81565e-15","2.27834","2.66536","2.63692","9.27943","0","0","0","0","0","0","0","0"
"0.102767","0.125011","0.144398","9.39195e-05","0.194316","0.177077","0.201375","1.67932e-15","2.99163","2.94657","2.84137","7.47256","0","0","0","0","0","0","0","0"
"0.10625","0.125011","0.144398","0.000101464","0.165819","0.158693","0.148548","1.46203e-15","2.74062","2.20357","3.53502","4.71572","0","0","0","0","0","0","0","0"
"0.109533","0.125011","0.145354","0.000108412","0.181037","0.136972","0.173099","2.02268e-15","2.81259","2.91027","4.73081","7.09357","0","0","0","0","0","0","0","0"
"0.112917","0.125011","0.145354","0.00011712","0.147324","0.167882","0.216941","1.58034e-15","2.84428","2.63099","3.46239","8.56541","0","0","0","0","0","0","0","0"
"0.1163","0.125011","0.145354","0.00012514","0.167558","0.169104","0.229519","1.58879e-15","2.51574","2.90252","2.5079","5.0012","0","0","0","0","0","0","0","0"
"0.1197","0.125011","0.145354","0.000135192","0.200123","0.159593","0.215644","1.80798e-15","2.50575","2.7034","2.9114","7.46694","0","0","0","0","0","0","0","0"
"0.123183","0.125011","0.145354","0.000144449","0.180427","0.18681","0.240409","1.46698e-15","2.92932","2.61925","2.65719","3.17082","0","0","0","0","0","0","0","0"
"0.126467","0.125011","0.145256","0.000156053","0.164814","0.146809","0.225917","1.64626e-15","2.36567","2.69905","5.59571","6.12774","0","0","0","0","0","0","0","0"
"0.1298","0.125011","0.145256","0.000166738","0.194703","0.164805","0.238459","1.77098e-15","3.02781","2.86266","6.08722","7.07966","0","0","0","0","0","0","0","0"
"0.1333","0.125011","0.145256","0.000180132","0.208501","0.194386","0.252161","1.53838e-15","2.66967","2.57631","2.73564","3.8286","0","0","0","0","0","0","0","0"
"0.136683","0.125011","0.145256","0.000192466","0.178019","0.188941","0.247763","1.92863e-15","2.71231","1.94955","2.96794","7.41936","0","0","0","0","0","0","0","0"
"0.140167","0.125011","0.145256","0.000207927","0.175949","0.192303","0.260802","1.5972e-15","2.41489","2.38086","2.55036","5.16905","0","0","0","0","0","0","0","0"
"0.14355","0.125011","0.143511","0.000222164","0.19","0.201073","0.258476","1.6226e-15","2.70227","2.5794","2.60638","4.64945","0","0","0","0","0","0","0","0"
"0.14695","0.125011","0.143511","0.000240011","0.2166","0.184061","0.190153","2.04307e-15","2.16386","2.56452","3.36695","6.20451","0","0","0","0","0","0","0","0"
"0.151367","0.125011","0.143511","0.000262169","0.203912","0.185994","0.270993","1.51898e-15","2.8422","2.92285","2.6712","7.20028","0","0","0","0","0","0","0","0"
"0.155733","0.125011","0.143511","0.000289552","0.226955","0.1912","0.238276","1.58493e-15","2.29839","2.08305","2.68008","4.31038","0","0","0","0","0","0","0","0"
"0.158917","0.125011","0.147065","0.000309378","0.193904","0.19059","0.251538","1.83284e-15","2.3049","2.30218","2.54913","6.98264","0","0","0","0","0","0","0","0"
"0.1623","0.125011","0.147065","0.000330561","0.20372","0.203808","0.268702","1.51639e-15","2.57111","2.34827","2.75714","4.50011","0","0","0","0","0","0","0","0"
"0.165633","0.125011","0.147065","0.000357115","0.163493","0.170343","0.209603","1.98567e-15","2.83956","3.52419","2.67857","7.41549","0","0","0","0","0","0","0","0"
"0.1692","0.125011","0.147065","0.000385803","0.249484","0.207813","0.262562","1.54939e-15","2.31515","2.5261","2.25064","6.48653","0","0","0","0","0","0","0","0"
"0.1727","0.125011","0.147065","0.000412219","0.20173","0.207192","0.229003","1.533e-15","2.29251","2.39281","3.29809","3.87366","0","0","0","0","0","0","0","0"
"0.175983","0.125011","0.145748","0.000445333","0.190768","0.223429","0.280139","1.74155e-15","2.84151","2.34212","2.73417","8.69198","0","0","0","0","0","0","0","0"
"0.179567","0.125011","0.145748","0.000475826","0.189632","0.198771","0.23266","1.50039e-15","2.61223","3.04023","2.98051","5.45581","0","0","0","0","0","0","0","0"
"0.182933","0.125011","0.145748","0.00051405","0.199438","0.171146","0.155639","1.79774e-15","2.41731","2.43892","5.63088","6.40809","0","0","0","0","0","0","0","0"
"0.186333","0.125011","0.145748","0.000549247","0.220073","0.17001","0.162007","1.77658e-15","2.41687","2.60106","4.04461","9.79892","0","0","0","0","0","0","0","0"
"0.1898","0.125011","0.145748","0.000593369","0.142191","0.13621","0.14783","1.37544e-15","2.82485","2.67827","3.92509","3.02018","0","0","0","0","0","0","0","0"
"0.193083","0.125011","0.145912","0.000633998","0.178583","0.150495","0.165046","2.02695e-15","2.97669","2.96465","3.77766","7.44541","0","0","0","0","0","0","0","0"
"0.196417","0.125011","0.145912","0.000684927","0.174555","0.189886","0.211609","1.58534e-15","2.54644","2.88695","3.38418","6.53543","0","0","0","0","0","0","0","0"
"0.199967","0.125011","0.145912","0.000739948","0.163487","0.162217","0.182508","1.53149e-15","2.7459","3.08664","4.27885","4.31757","0","0","0","0","0","0","0","0"
"0.20335","0.125011","0.145912","0.000790614","0.16314","0.161112","0.198743","1.83971e-15","3.09803","3.14875","3.61274","6.87166","0","0","0","0","0","0","0","0"
"0.206833","0.125011","0.145912","0.000854124","0.197075","0.178402","0.208788","1.47082e-15","2.77323","2.592","2.53222","6.04641","0","0","0","0","0","0","0","0"
"0.21025","0.125011","0.148625","0.000912608","0.181713","0.18785","0.24895","1.60108e-15","2.72522","2.78381","2.00217","4.30674","0","0","0","0","0","0","0","0"
"0.213517","0.125011","0.148625","0.000985918","0.192272","0.184051","0.25765","1.96318e-15","2.59151","2.26307","2.89281","9.12596","0","0","0","0","0","0","0","0"
"0.2169","0.125011","0.148625","0.00105343","0.181684","0.196593","0.255352","1.65086e-15","2.74671","2.29412","2.97127","6.72824","0","0","0","0","0","0","0","0"
"0.220283","0.125011","0.148625","0.00113805","0.197234","0.195437","0.245196","1.59747e-15","2.60573","3.13705","5.07592","5.19584","0","0","0","0","0","0","0","0"
"0.223767","0.125011","0.148625","0.00121597","0.218796","0.180695","0.207193","1.78072e-15","3.26573","2.25488","2.84566","8.55827","0","0","0","0","0","0","0","0"
"0.227","0.125011","0.147866","0.00131365","0.186674","0.201467","0.277481","1.82863e-15","2.69224","2.32354","3.15237","5.96512","0","0","0","0","0","0","0","0"
"0.230617","0.125011","0.147866","0.0014036","0.204254","0.178674","0.203217","1.44608e-15","2.34009","2.54522","2.81407","4.04742","0","0","0","0","0","0","0","0"
"0.234767","0.125011","0.147866","0.00153318","0.177501","0.168404","0.241525","1.76954e-15","2.33466","3.04983","2.50593","10.0962","0","0","0","0","0","0","0","0"
"0.239067","0.125011","0.147866","0.00169332","0.183061","0.170438","0.197679","1.54793e-15","2.69015","3.00412","3.89196","4.41736","0","0","0","0","0","0","0","0"
"0.2423","0.125011","0.152541","0.00180926","0.19271","0.183458","0.23752","1.54686e-15","2.87078","2.56624","2.39667","4.00513","0","0","0","0","0","0","0","0"
"0.245717","0.125011","0.152541","0.00193314","0.257162","0.181989","0.210704","1.69871e-15","2.87202","2.85516","2.3054","8.212","0","0","0","0","0","0","0","0"
"0.249083","0.125011","0.152541","0.00208844","0.209744","0.20364","0.249118","1.8297e-15","2.96447","2.61484","4.40405","8.19436","0","0","0","0","0","0","0","0"
"0.252483","0.125011","0.152541","0.00223143","0.19584","0.19262","0.265913","1.68646e-15","2.86436","2.45371","3.68496","6.72964","0","0","0","0","0","0","0","0"
"0.25595","0.125011","0.152541","0.00240553","0.24568","0.231103","0.259231","1.54741e-15","2.39028","2.63125","2.95357","2.81442","0","0","0","0","0","0","0","0"
"0.25925","0.125011","0.155067","0.00254798","0.177077","0.181688","0.242828","1.68351e-15","2.58955","2.3146","4.04887","6.48182","0","0","0","0","0","0","0","0"
"0.262617","0.125011","0.155067","0.00271417","0.202564","0.210544","0.21859","1.51306e-15","2.5419","3.6021","2.08191","4.22215","0","0","0","0","0","0","0","0"
"0.266017","0.125011","0.155067","0.00285662","0.200712","0.172132","0.179055","1.69998e-15","2.48965","2.54363","2.27528","5.86911","0","0","0","0","0","0","0","0"
"0.26955","0.125011","0.155067","0.00302281","0.200561","0.199563","0.158243","1.62953e-15","3.24018","2.73436","3.17252","9.34963","0","0","0","0","0","0","0","0"
"0.2729","0.125011","0.155067","0.00315338","0.228628","0.191218","0.200345","1.55768e-15","2.73865","2.85089","2.53011","2.62116","0","0","0","0","0","0","0","0"
"0.276433","0.125011","0.159205","0.00327803","0.217774","0.201788","0.238846","1.81477e-15","2.50123","2.35176","2.24734","9.43315","0","0","0","0","0","0","0","0"
"0.2798","0.125011","0.159205","0.00340268","0.237095","0.203887","0.194123","1.67721e-15","2.75187","2.70201","3.37959","5.89856","0","0","0","0","0","0","0","0"
"0.283217","0.125011","0.159205","0.00350952","0.199155","0.166452","0.231073","1.45246e-15","2.62521","3.16067","2.83166","3.79157","0","0","0","0","0","0","0","0"
"0.286583","0.125011","0.159205","0.00363417","0.182515","0.191567","0.217608","1.94563e-15","2.61126","3.39801","4.32744","7.26544","0","0","0","0","0","0","0","0"
"0.290083","0.125011","0.159205","0.00374448","0.212424","0.226299","0.282807","1.3941e-15","2.87931","2.32997","2.54518","3.79707","0","0","0","0","0","0","0","0"
"0.29335","0.125011","0.164264","0.00387723","0.227975","0.239803","0.285366","1.46481e-15","2.96534","2.72898","2.95667","4.9282","0","0","0","0","0","0","0","0"
"0.29675","0.125011","0.164264","0.00399101","0.231895","0.235336","0.282988","1.60633e-15","2.71474","2.84111","2.92846","6.43601","0","0","0","0","0","0","0","0"
"0.300117","0.125011","0.164264","0.00412375","0.222889","0.222758","0.265593","1.68734e-15","2.85502","2.85545","3.03169","6.93845","0","0","0","0","0","0","0","0"
"0.303517","0.125011","0.164264","0.00423753","0.223831","0.225086","0.259925","1.64474e-15","2.87565","2.98122","2.89531","6.67622","0","0","0","0","0","0","0","0"
"0.306983","0.125011","0.164264","0.00436843","0.224405","0.224107","0.268388","1.61763e-15","2.80296","2.85104","2.9239","5.68331","0","0","0","0","0","0","0","0"
"0.3103","0.125011","0.168818","0.00447944","0.22645","0.22388","0.257502","1.69216e-15","2.71912","2.87524","3.01032","6.26692","0","0","0","0","0","0","0","0"
"0.313667","0.125011","0.168818","0.00460895","0.233858","0.22814","0.271695","1.65169e-15","2.90249","3.13446","4.18232","6.35081","0","0","0","0","0","0","0","0"
"0.3181","0.125011","0.168818","0.00475696","0.241307","0.237265","0.283367","1.7094e-15","2.86037","3.04649","3.63507","6.81059","0","0","0","0","0","0","0","0"
"0.3224","0.125011","0.168818","0.00489357","0.231375","0.228761","0.273533","1.71535e-15","2.92562","3.0177","3.57283","7.25095","0","0","0","0","0","0","0","0"
"0.325633","0.125011","0.175229","0.00491486","0.237727","0.233841","0.282263","1.66457e-15","2.90737","2.98427","3.56152","6.81785","0","0","0","0","0","0","0","0"
"0.32905","0.125011","0.175229","0.00493614","0.238126","0.232452","0.280422","1.70278e-15","3.06671","3.10436","3.57626","7.16638","0","0","0","0","0","0","0","0"
"0.332417","0.125011","0.175229","0.00496182","0.237737","0.231398","0.279033","1.69537e-15","3.12812","3.09225","3.40292","7.3138","0","0","0","0","0","0","0","0"
"0.335817","0.125011","0.175229","0.00499848","0.232941","0.228134","0.280792","1.66767e-15","3.11938","3.05748","3.30982","6.83269","0","0","0","0","0","0","0","0"
"0.339283","0.125011","0.175229","0.0051168","0.229778","0.227582","0.278295","1.67927e-15","3.12834","3.08401","3.24348","6.66573","0","0","0","0","0","0","0","0"
"0.342583","0.125011","0.180912","0.00512802","0.229103","0.229105","0.279958","1.68372e-15","3.05312","3.01964","3.14166","6.86986","0","0","0","0","0","0","0","0"
"0.34595","0.125011","0.180912","0.00514529","0.230354","0.228028","0.280104","1.6555e-15","2.96582","3.02675","3.1062","6.47668","0","0","0","0","0","0","0","0"
"0.34935","0.125011","0.180912","0.00516692","0.230506","0.227959","0.280484","1.69227e-15","2.97575","3.10157","3.01029","6.85141","0","0","0","0","0","0","0","0"
"0.352717","0.125011","0.180912","0.00521551","0.233117","0.230525","0.283847","1.68943e-15","2.88187","2.98604","3.01501","7.11905","0","0","0","0","0","0","0","0"
"0.356233","0.125011","0.180912","0.00532831","0.233265","0.230125","0.286106","1.65609e-15","2.90901","2.96285","3.11062","6.76106","0","0","0","0","0","0","0","0"
"0.3595","0.125011","0.184544","0.00534221","0.231805","0.227916","0.28625","1.68027e-15","2.91805","2.95404","3.11288","6.92514","0","0","0","0","0","0","0","0"
"0.3629","0.125011","0.184544","0.00535798","0.230747","0.225683","0.282867","1.67349e-15","2.88575","2.95282","3.08946","6.86089","0","0","0","0","0","0","0","0"
"0.366267","0.125011","0.184544","0.0053854","0.227745","0.22252","0.27871","1.66368e-15","2.9214","2.9846","3.06573","6.82028","0","0","0","0","0","0","0","0"
"0.369667","0.125011","0.184544","0.0054311","0.226664","0.22388","0.279645","1.68797e-15","2.91501","2.97804","3.0462","7.00852","0","0","0","0","0","0","0","0"
"0.373133","0.125011","0.184544","0.00555041","0.224452","0.222747","0.287999","1.65653e-15","2.88957","2.94251","3.026","6.77909","0","0","0","0","0","0","0","0"
"0.376433","0.125011","0.186236","0.00556304","0.224716","0.223985","0.300238","1.68742e-15","2.93941","3.04032","3.18697","6.98097","0","0","0","0","0","0","0","0"
"0.3798","0.125011","0.186236","0.00558274","0.223572","0.223098","0.300213","1.67554e-15","2.93226","3.05102","3.20029","6.8283","0","0","0","0","0","0","0","0"
"0.383217","0.125011","0.186236","0.00560801","0.225004","0.224704","0.299123","1.69214e-15","2.96591","3.03243","3.18384","6.84057","0","0","0","0","0","0","0","0"
"0.386567","0.125011","0.186236","0.00566974","0.227141","0.226365","0.299654","1.68931e-15","3.01746","2.94812","3.34449","6.95225","0","0","0","0","0","0","0","0"
"0.390083","0.125011","0.186236","0.00577984","0.229593","0.227078","0.300918","1.66779e-15","2.93802","2.92032","3.302","6.62736","0","0","0","0","0","0","0","0"
"0.393333","0.125011","0.18713","0.00579551","0.230385","0.228142","0.300501","1.68074e-15","2.94375","2.91764","3.37454","6.85833","0","0","0","0","0","0","0","0"
"0.39675","0.125011","0.18713","0.00581351","0.230374","0.227925","0.301642","1.6648e-15","2.92523","2.88857","3.47136","6.68345","0","0","0","0","0","0","0","0"
"0.401433","0.125011","0.18713","0.00585947","0.231019","0.226101","0.302074","1.70104e-15","2.90681","2.89173","3.48663","6.9865","0","0","0","0","0","0","0","0"
"0.40575","0.125011","0.18713","0.00601675","0.231822","0.224242","0.297153","1.67632e-15","2.91538","2.93186","3.47691","6.76183","0","0","0","0","0","0","0","0"
"0.408967","0.125011","0.187795","0.00602994","0.234332","0.22227","0.291062","1.67779e-15","2.87443","2.91812","3.48686","6.80637","0","0","0","0","0","0","0","0"
"0.4124","0.125011","0.187795","0.0060469","0.230992","0.219623","0.297456","1.6727e-15","2.86937","2.92326","3.31966","6.7469","0","0","0","0","0","0","0","0"
"0.415733","0.125011","0.187795","0.00607569","0.230482","0.220342","0.30751","1.69006e-15","2.90922","3.02474","3.32941","6.88983","0","0","0","0","0","0","0","0"
"0.41915","0.125011","0.187795","0.00612058","0.230385","0.220968","0.307371","1.68243e-15","2.90975","3.04148","3.35081","6.71715","0","0","0","0","0","0","0","0"
"0.4226","0.125011","0.187795","0.00626546","0.228109","0.223135","0.305963","1.69517e-15","2.88281","2.99983","3.23504","6.6368","0","0","0","0","0","0","0","0"
"0.425917","0.125011","0.188853","0.0062792","0.226928","0.222009","0.302473","1.68042e-15","2.85678","3.01138","3.20923","6.45816","0","0","0","0","0","0","0","0"
"0.429417","0.125011","0.188853","0.00630035","0.224678","0.220955","0.30093","1.6883e-15","2.87799","3.002","3.20359","6.67831","0","0","0","0","0","0","0","0"
"0.432683","0.125011","0.188853","0.00632684","0.227834","0.222223","0.297943","1.69918e-15","2.83464","2.95405","3.20132","6.86114","0","0","0","0","0","0","0","0"
"0.43605","0.125011","0.188853","0.00638633","0.227207","0.219206","0.29426","1.68807e-15","2.84984","2.95702","3.18614","6.68239","0","0","0","0","0","0","0","0"
"0.439567","0.125011","0.188853","0.00652445","0.227931","0.218817","0.301185","1.70795e-15","2.82166","2.96542","3.21155","6.58943","0","0","0","0","0","0","0","0"
"0.44285","0.125011","0.188698","0.00654148","0.227528","0.218814","0.309974","1.68608e-15","2.8825","2.96085","3.70957","6.58484","0","0","0","0","0","0","0","0"
"0.446333","0.125011","0.188698","0.00656078","0.225158","0.219235","0.316116","1.69655e-15","2.88476","2.98975","3.58192","6.56595","0","0","0","0","0","0","0","0"
"0.449583","0.125011","0.188698","0.00659435","0.221542","0.216276","0.306352","1.6999e-15","2.8826","2.94671","3.61717","6.78368","0","0","0","0","0","0","0","0"
"0.453","0.125011","0.188698","0.00665031","0.21816","0.215692","0.30854","1.67837e-15","2.88376","2.92532","3.51949","6.57621","0","0","0","0","0","0","0","0"
"0.456483","0.125011","0.188698","0.00679641","0.217459","0.213875","0.312009","1.67512e-15","2.87349","2.88806","3.31766","6.28751","0","0","0","0","0","0","0","0"
"0.459767","0.125011","0.188819","0.00681188","0.21935","0.215626","0.321131","1.67458e-15","2.86074","2.88363","3.21291","6.23809","0","0","0","0","0","0","0","0"
"0.463133","0.125011","0.188819","0.006836","0.220194","0.214945","0.32172","1.67142e-15","2.86399","2.8871","3.06494","6.19042","0","0","0","0","0","0","0","0"
"0.466533","0.125011","0.188819","0.00686694","0.21925","0.216483","0.315842","1.6904e-15","2.87779","2.89627","3.11513","6.43404","0","0","0","0","0","0","0","0"
"0.469933","0.125011","0.188819","0.00694252","0.219466","0.217237","0.314836","1.67201e-15","2.85966","2.95371","3.04149","6.34153","0","0","0","0","0","0","0","0"
"0.473417","0.125011","0.188819","0.00707735","0.216531","0.21449","0.312611","1.66382e-15","2.86206","2.94064","2.99009","6.25328","0","0","0","0","0","0","0","0"
"0.476667","0.125011","0.188569","0.00709654","0.216446","0.215257","0.317475","1.6746e-15","2.83917","2.92382","2.86987","6.42043","0","0","0","0","0","0","0","0"
"0.480083","0.125011","0.188569","0.00711857","0.218639","0.216894","0.320719","1.65195e-15","2.85526","2.94899","2.87779","6.3297","0","0","0","0","0","0","0","0"
"0.484767","0.125011","0.188569","0.00717485","0.217201","0.216061","0.314084","1.67414e-15","2.90765","2.956","2.8976","6.55434","0","0","0","0","0","0","0","0"
"0.489067","0.125011","0.188569","0.00736744","0.220995","0.214456","0.311319","1.65164e-15","2.89267","3.00434","3.04773","6.272","0","0","0","0","0","0","0","0"
"0.49235","0.125011","0.188188","0.00738359","0.218611","0.213911","0.320481","1.67697e-15","2.89884","2.97549","3.14848","6.71983","0","0","0","0","0","0","0","0"
"0.49575","0.125011","0.188188","0.00740847","0.220097","0.213298","0.325755","1.66926e-15","2.91961","3.01738","3.16904","6.59371","0","0","0","0","0","0","0","0"
"0.499117","0.125011","0.188188","0.00743961","0.226291","0.217311","0.331896","1.68848e-15","2.93477","2.99674","3.17802","6.65883","0","0","0","0","0","0","0","0"
"0.5025","0.125011","0.188188","0.00750956","0.228834","0.21762","0.344944","1.70092e-15","2.93743","2.95923","3.00679","7.07153","0","0","0","0","0","0","0","0"
"0.506","0.125011","0.188188","0.00767198","0.227215","0.218378","0.34608","1.68981e-15","2.93811","2.95961","2.94312","6.71131","0","0","0","0","0","0","0","0"
"0.509283","0.125011","0.188193","0.00769201","0.223197","0.216252","0.361322","1.71147e-15","2.94402","2.96372","3.0993","6.82965","0","0","0","0","0","0","0","0"
"0.512667","0.125011","0.188193","0.0077147","0.224868","0.21982","0.367126","1.70444e-15","3.02709","3.01247","2.9989","6.63851","0","0","0","0","0","0","0","0"
"0.51605","0.125011","0.188193","0.00775418","0.224454","0.220526","0.360136","1.72677e-15","3.05245","2.99454","3.01484","6.83608","0","0","0","0","0","0","0","0"
"0.519433","0.125011","0.188193","0.00781998","0.224837","0.219466","0.363839","1.71621e-15","3.0229","2.98907","3.01464","6.70617","0","0","0","0","0","0","0","0"
"0.522917","0.125011","0.188193","0.00799177","0.224487","0.219346","0.359886","1.71108e-15","2.98715","2.97521","3.06289","6.56784","0","0","0","0","0","0","0","0"
"0.5262","0.125011","0.188128","0.00800996","0.221992","0.218111","0.350324","1.70975e-15","2.9872","3.03547","3.10832","6.63523","0","0","0","0","0","0","0","0"
"0.529583","0.125011","0.188128","0.00803832","0.227279","0.223149","0.349885","1.70273e-15","3.01038","3.08678","3.15383","6.44609","0","0","0","0","0","0","0","0"
"0.532967","0.125011","0.188128","0.00807471","0.227453","0.220729","0.349332","1.72721e-15","3.08806","3.08957","3.12128","6.78697","0","0","0","0","0","0","0","0"
"0.536383","0.125011","0.188128","0.00816359","0.225359","0.220056","0.34305","1.70331e-15","3.0548","3.1126","3.11926","6.86779","0","0","0","0","0","0","0","0"
"0.53985","0.125011","0.188128","0.00831546","0.224259","0.217612","0.335859","1.69821e-15","3.06424","3.10456","3.13757","6.61697","0","0","0","0","0","0","0","0"
"0.543133","0.125011","0.188767","0.00831869","0.224044","0.216186","0.328998","1.72846e-15","3.07514","3.12672","3.13386","6.63417","0","0","0","0","0","0","0","0"
"0.546517","0.125011","0.188767","0.00832146","0.224433","0.217053","0.332037","1.70948e-15","3.02394","3.0841","3.14001","6.56565","0","0","0","0","0","0","0","0"
"0.549917","0.125011","0.188767","0.0083247","0.229538","0.220082","0.341722","1.7349e-15","3.07136","3.06636","3.06063","6.76169","0","0","0","0","0","0","0","0"
"0.553283","0.125011","0.188767","0.00832747","0.228599","0.219283","0.335234","1.73077e-15","3.01235","3.02022","3.11347","6.86045","0","0","0","0","0","0","0","0"
"0.556783","0.125011","0.188767","0.00831841","0.227832","0.218668","0.327708","1.71373e-15","3.01859","3.03189","3.17466","6.5518","0","0","0","0","0","0","0","0"
"0.56005","0.125011","0.189059","0.00830272","0.225788","0.217821","0.32131","1.72452e-15","3.03456","3.00166","3.17142","6.68188","0","0","0","0","0","0","0","0"
"0.563467","0.125011","0.189059","0.00828443","0.22798","0.218567","0.32649","1.71201e-15","3.00492","2.93571","3.0514","6.56959","0","0","0","0","0","0","0","0"
"0.567867","0.125011","0.189059","0.00826352","0.226143","0.217915","0.32446","1.72661e-15","3.03757","2.9773","2.99827","6.62605","0","0","0","0","0","0","0","0"
"0.5724","0.125011","0.189059","0.00823997","0.225063","0.215989","0.320956","1.71728e-15","3.08347","2.99031","2.94497","6.70618","0","0","0","0","0","0","0","0"
"0.577283","0.125011","0.188994","0.00821633","0.22662","0.216264","0.335195","1.70293e-15","3.02317","2.94022","2.81705","6.60877","0","0","0","0","0","0","0","0"
"0.580667","0.125011","0.188994","0.00819795","0.227991","0.218833","0.335449","1.72353e-15","3.0526","2.92396","2.86391","6.73103","0","0","0","0","0","0","0","0"
"0.584","0.125011","0.188994","0.00818219","0.227233","0.21799","0.338975","1.70263e-15","3.03277","2.93076","2.78509","6.60217","0","0","0","0","0","0","0","0"
"0.587433","0.125011","0.188994","0.0081638","0.225714","0.216952","0.333775","1.72714e-15","3.03021","2.94396","2.87514","6.7868","0","0","0","0","0","0","0","0"
"0.590917","0.125011","0.188994","0.00817189","0.2243","0.215892","0.337191","1.71843e-15","3.04","2.92705","2.8408","6.62441","0","0","0","0","0","0","0","0"
"0.5942","0.125011","0.189007","0.00818689","0.224677","0.215478","0.331681","1.69759e-15","3.0322","2.94025","2.85325","6.47244","0","0","0","0","0","0","0","0"
"0.5976","0.125011","0.189007","0.00819975","0.225308","0.21667","0.342379","1.71783e-15","2.99642","2.92883","2.87484","6.56383","0","0","0","0","0","0","0","0"
"0.600983","0.125011","0.189007","0.00821476","0.227663","0.218839","0.338502","1.71254e-15","2.9672","2.89631","2.8916","6.55609","0","0","0","0","0","0","0","0"
"0.604367","0.125011","0.189007","0.00822762","0.227845","0.217591","0.34184","1.69688e-15","2.91237","2.88623","2.88283","6.40427","0","0","0","0","0","0","0","0"
"0.607867","0.125011","0.189007","0.00824032","0.230857","0.220462","0.356654","1.70776e-15","2.95785","2.95392","2.88485","6.4105","0","0","0","0","0","0","0","0"
"0.611133","0.125011","0.188772","0.00825087","0.229645","0.220637","0.357573","1.70427e-15","2.93884","2.94082","2.85822","6.49709","0","0","0","0","0","0","0","0"
"0.614533","0.125011","0.188772","0.00826319","0.228438","0.218428","0.347853","1.69686e-15","2.92846","2.94156","2.92286","6.59115","0","0","0","0","0","0","0","0"
"0.6179","0.125011","0.188772","0.00827375","0.231659","0.222555","0.347603","1.71073e-15","2.92672","3.06877","2.91983","6.63483","0","0","0","0","0","0","0","0"
"0.623117","0.125011","0.188772","0.00828501","0.231021","0.221613","0.343843","1.6931e-15","2.95731","3.05692","2.86736","6.47977","0","0","0","0","0","0","0","0"
"0.6265","0.125011","0.188822","0.00828079","0.231531","0.223855","0.347055","1.70313e-15","2.94814","3.07682","2.84749","6.89079","0","0","0","0","0","0","0","0"
"0.629883","0.125011","0.188822","0.00827762","0.229147","0.221735","0.351991","1.69207e-15","2.9646","3.05851","2.8364","6.65564","0","0","0","0","0","0","0","0"
"0.633267","0.125011","0.188822","0.00827392","0.231937","0.221778","0.364857","1.69948e-15","2.97779","3.04349","2.80624","6.51513","0","0","0","0","0","0","0","0"
"0.63665","0.125011","0.188822","0.00827075","0.231675","0.222668","0.39139","1.70377e-15","2.97554","3.01933","2.92074","6.50444","0","0","0","0","0","0","0","0"
"0.640133","0.125011","0.188822","0.00826915","0.230741","0.222564","0.399678","1.68745e-15","2.96468","3.00066","2.93798","6.36805","0","0","0","0","0","0","0","0"
"0.643483","0.125011","0.189424","0.00826912","0.228304","0.221384","0.389322","1.70307e-15","2.97877","2.99458","3.0273","6.63998","0","0","0","0","0","0","0","0"
"0.646817","0.125011","0.189424","0.00826908","0.229091","0.224014","0.394175","1.70367e-15","2.95446","3.00856","2.99887","6.62933","0","0","0","0","0","0","0","0"
"0.651233","0.125011","0.189424","0.00826904","0.229727","0.222165","0.387513","1.70713e-15","2.94915","3.0143","2.99315","6.62857","0","0","0","0","0","0","0","0"
"0.655717","0.125011","0.189424","0.00826943","0.228235","0.221533","0.37962","1.72456e-15","2.9694","3.03019","3.06649","6.84676","0","0","0","0","0","0","0","0"
"0.6606","0.250022","0.190108","0.00853018","0.229645","0.219772","0.37181","1.70775e-15","2.96689","3.02207","3.09008","6.67089","0","0","0","0","0","0","0","0"
"0.664","0.250022","0.190108","0.0089162","0.230127","0.21911","0.366672","1.72254e-15","2.9229","2.99392","3.10829","6.80585","0","0","0","0","0","0","0","0"
"0.667383","0.250022","0.190108","0.00946902","0.230186","0.221141","0.364233","1.71661e-15","2.94161","2.98196","3.08614","6.81256","0","0","0","0","0","0","0","0"
"0.670833","0.250022","0.190108","0.0114464","0.229268","0.221418","0.370957","1.7229e-15","2.92973","2.97856","3.05973","6.74906","0","0","0","0","0","0","0","0"
"0.674417","0.250022","0.190108","0.0125272","0.232701","0.225605","0.410359","1.73151e-15","2.91481","3.04209","3.21932","6.92354","0","0","0","0","0","0","0","0"
"0.6784","0.250022","0.191322","0.0129266","0.243237","0.231511","0.456934","1.69406e-15","3.08936","3.2093","3.07334","6.47505","0","0","0","0","0","0","0","0"
"0.681867","0.250022","0.191322","0.0133042","0.248074","0.239767","0.465065","1.73202e-15","3.05141","3.11291","3.00626","6.46011","0","0","0","0","0","0","0","0"
"0.68525","0.250022","0.191322","0.0136481","0.256951","0.248194","0.454624","1.73113e-15","3.12635","3.08913","3.07839","6.65189","0","0","0","0","0","0","0","0"
"0.689067","0.250022","0.191322","0.0141974","0.264178","0.257773","0.521332","1.68691e-15","3.26891","3.15771","2.91371","6.27263","0","0","0","0","0","0","0","0"
"0.692283","0.250022","0.191883","0.0142285","0.265997","0.261626","0.506416","1.7114e-15","3.15552","3.02047","2.85907","6.65454","0","0","0","0","0","0","0","0"
"0.695667","0.250022","0.191883","0.0142685","0.267443","0.263477","0.546647","1.67858e-15","3.10489","3.0256","2.85797","6.66451","0","0","0","0","0","0","0","0"
"0.69905","0.250022","0.191883","0.0143364","0.270293","0.266468","0.577029","1.68796e-15","3.02889","3.06733","2.69594","6.62368","0","0","0","0","0","0","0","0"
"0.702433","0.250022","0.191883","0.0144424","0.275083","0.271089","0.558405","1.7028e-15","3.04897","2.96547","2.76822","6.75279","0","0","0","0","0","0","0","0"
"0.705917","0.250022","0.191883","0.0147842","0.271611","0.26816","0.539027","1.6685e-15","3.07284","3.01951","2.82786","6.60773","0","0","0","0","0","0","0","0"
"0.7092","0.250022","0.197058","0.0148166","0.274115","0.272705","0.527321","1.70819e-15","3.01247","3.04095","2.86121","6.75509","0","0","0","0","0","0","0","0"
"0.7126","0.250022","0.197058","0.0148666","0.274655","0.271308","0.531475","1.71059e-15","2.99975","2.97716","2.78523","6.94108","0","0","0","0","0","0","0","0"
"0.715983","0.250022","0.197058","0.0149291","0.273562","0.270425","0.55315","1.68617e-15","3.05264","3.00455","3.08225","6.68371","0","0","0","0","0","0","0","0"
"0.719367","0.250022","0.197058","0.0150694","0.278362","0.276258","0.57801","1.70924e-15","3.09793","3.07649","2.86524","7.09184","0","0","0","0","0","0","0","0"
"0.722867","0.250022","0.197058","0.0153954","0.279743","0.281988","0.664028","1.70039e-15","3.07131","2.9358","3.35228","6.93538","0","0","0","0","0","0","0","0"
"0.726133","0.250022","0.205347","0.0154355","0.280867","0.283715","0.713103","1.68128e-15","3.08451","3.1181","3.01849","6.65787","0","0","0","0","0","0","0","0"
"0.729517","0.250022","0.205347","0.0154811","0.282536","0.28522","0.75529","1.71739e-15","3.04707","3.16114","2.81398","6.94989","0","0","0","0","0","0","0","0"
"0.734733","0.250022","0.205347","0.0156127","0.28708","0.289892","0.794716","1.70444e-15","3.11689","3.187","2.60795","6.90437","0","0","0","0","0","0","0","0"
"0.73905","0.250022","0.205347","0.0160317","0.28526","0.290797","0.773902","1.71883e-15","3.07112","3.11528","2.65735","6.74914","0","0","0","0","0","0","0","0"
"0.7424","0.250022","0.213606","0.0160669","0.284902","0.28716","0.739557","1.71645e-15","3.11013","3.11946","2.82229","6.80925","0","0","0","0","0","0","0","0"
"0.745667","0.250022","0.213606","0.0161121","0.284833","0.286511","0.718442","1.69544e-15","3.08294","3.06521","2.86269","6.66054","0","0","0","0","0","0","0","0"
"0.74905","0.250022","0.213606","0.0161888","0.288083","0.287499","0.68899","1.71487e-15","3.09617","3.09628","3.00029","6.95636","0","0","0","0","0","0","0","0"
"0.752433","0.250022","0.213606","0.0163084","0.28694","0.28664","0.657377","1.71831e-15","3.07007","3.03511","3.19466","6.92631","0","0","0","0","0","0","0","0"
"0.755917","0.250022","0.213606","0.0166944","0.29327","0.288676","0.662687","1.70036e-15","3.06626","2.99374","3.08669","6.5858","0","0","0","0","0","0","0","0"
"0.759217","0.250022","0.222383","0.016731","0.301315","0.292336","0.684848","1.71624e-15","3.10059","2.97814","2.99575","6.79454","0","0","0","0","0","0","0","0"
"0.7626","0.250022","0.222383","0.0167874","0.307096","0.298202","0.734194","1.698e-15","3.13046","3.03502","2.80705","6.67898","0","0","0","0","0","0","0","0"
"0.765967","0.250022","0.222383","0.016858","0.306256","0.296518","0.719612","1.70722e-15","3.12035","3.04808","2.85574","6.6584","0","0","0","0","0","0","0","0"
"0.769367","0.250022","0.222383","0.0170165","0.304598","0.297803","0.706072","1.72486e-15","3.08175","2.97753","2.87234","6.8456","0","0","0","0","0","0","0","0"
"0.772867","0.250022","0.222383","0.0173845","0.303932","0.295636","0.698176","1.70683e-15","3.03706","2.98543","2.83167","6.56937","0","0","0","0","0","0","0","0"
"0.776133","0.250022","0.229386","0.0174299","0.302818","0.293966","0.704588","1.71096e-15","3.02994","2.94567","2.74684","6.80858","0","0","0","0","0","0","0","0"
"0.779517","0.250022","0.229386","0.0174813","0.301187","0.291912","0.727877","1.70153e-15","3.00344","2.94442","2.68313","6.65992","0","0","0","0","0","0","0","0"
"0.7829","0.250022","0.229386","0.0175708","0.305617","0.295551","0.728","1.72028e-15","3.00496","2.94556","2.62979","6.71778","0","0","0","0","0","0","0","0"
"0.786283","0.250022","0.229386","0.0177199","0.304387","0.295695","0.717381","1.73153e-15","2.98144","2.93479","2.68473","6.89874","0","0","0","0","0","0","0","0"
"0.789783","0.250022","0.229386","0.0178887","0.306024","0.296829","0.70724","1.70732e-15","3.02561","2.94835","2.78545","6.65541","0","0","0","0","0","0","0","0"
"0.793","0.250022","0.236491","0.0179294","0.302383","0.297691","0.726911","1.73236e-15","3.0177","2.91722","2.76527","6.87334","0","0","0","0","0","0","0","0"
"0.796367","0.250022","0.236491","0.0179929","0.303697","0.297818","0.720496","1.72803e-15","2.95274","2.91819","2.72062","6.84271","0","0","0","0","0","0","0","0"
"0.79975","0.250022","0.236491","0.0180724","0.306604","0.300448","0.774266","1.72567e-15","2.99208","2.89815","2.67481","6.76368","0","0","0","0","0","0","0","0"
"0.80315","0.250022","0.236491","0.0181757","0.310821","0.306002","0.799685","1.74063e-15","3.08542","2.92253","2.65177","7.14193","0","0","0","0","0","0","0","0"
"0.806667","0.250022","0.236491","0.0182314","0.314662","0.307951","0.783681","1.72094e-15","3.06159","2.99762","2.63325","7.06169","0","0","0","0","0","0","0","0"
"0.8099","0.250022","0.242568","0.0182579","0.314139","0.308175","0.750148","1.73299e-15","3.14641","3.23969","2.78932","6.97227","0","0","0","0","0","0","0","0"
"0.813283","0.250022","0.242568","0.0182807","0.312964","0.306997","0.739183","1.72398e-15","3.11488","3.154","2.80326","6.91708","0","0","0","0","0","0","0","0"
"0.817983","0.250022","0.242568","0.0183148","0.310313","0.3037","0.705445","1.73198e-15","3.07706","3.11993","2.94395","6.91325","0","0","0","0","0","0","0","0"
"0.8224","0.250022","0.242568","0.0183417","0.309824","0.302756","0.712337","1.72572e-15","3.02464","3.13891","2.77921","6.88873","0","0","0","0","0","0","0","0"
"0.825783","0.250022","0.248779","0.0183424","0.314296","0.308664","0.731104","1.72581e-15","3.01611","3.12068","2.61132","6.79876","0","0","0","0","0","0","0","0"
"0.829133","0.250022","0.248779","0.0183433","0.312172","0.306951","0.710209","1.72975e-15","3.02748","3.10494","2.65078","6.72168","0","0","0","0","0","0","0","0"
"0.832467","0.250022","0.248779","0.0183441","0.314637","0.308657","0.730943","1.70926e-15","2.99047","3.03597","2.57567","6.54128","0","0","0","0","0","0","0","0"
"0.835817","0.250022","0.248779","0.018345","0.308767","0.30534","0.748794","1.72411e-15","2.99677","3.02973","2.44783","6.64734","0","0","0","0","0","0","0","0"
"0.839317","0.250022","0.248779","0.018351","0.313036","0.312084","0.73098","1.70629e-15","3.01612","3.01153","2.48943","6.58833","0","0","0","0","0","0","0","0"
"0.8426","0.250022","0.254917","0.0183702","0.311311","0.307771","0.731765","1.71865e-15","2.98891","3.00417","2.45663","6.68284","0","0","0","0","0","0","0","0"
"0.845983","0.250022","0.254917","0.0183867","0.31238","0.307843","0.755714","1.71e-15","2.9547","2.96261","2.41704","6.75745","0","0","0","0","0","0","0","0"
"0.849367","0.250022","0.254917","0.0184059","0.310731","0.306718","0.746256","1.71254e-15","2.92711","2.93106","2.43889","6.70309","0","0","0","0","0","0","0","0"
"0.85275","0.250022","0.254917","0.0184223","0.310954","0.306209","0.731852","1.71649e-15","2.93324","3.04472","2.449","6.92024","0","0","0","0","0","0","0","0"
"0.856233","0.250022","0.254917","0.0184419","0.311928","0.306676","0.713986","1.69349e-15","3.01163","3.14131","2.56636","6.62574","0","0","0","0","0","0","0","0"
"0.859533","0.250022","0.259726","0.0184592","0.312503","0.308586","0.707928","1.70574e-15","3.05601","3.2029","2.59982","7.06384","0","0","0","0","0","0","0","0"
"0.8629","0.250022","0.259726","0.0184794","0.314083","0.309072","0.679342","1.68982e-15","3.06552","3.15777","2.71581","6.81289","0","0","0","0","0","0","0","0"
"0.866283","0.250022","0.259726","0.0184967","0.314099","0.308316","0.675576","1.71573e-15","3.04724","3.13202","2.68672","7.05074","0","0","0","0","0","0","0","0"
"0.869667","0.250022","0.259726","0.0185169","0.312314","0.305979","0.67812","1.71242e-15","3.02579","3.08207","2.60951","7.07868","0","0","0","0","0","0","0","0"
"0.873167","0.250022","0.259726","0.018515","0.314332","0.307251","0.692614","1.68442e-15","3.00243","3.02223","2.539","6.91027","0","0","0","0","0","0","0","0"
"0.876533","0.250022","0.263353","0.0184904","0.322694","0.313428","0.717552","1.69985e-15","2.99743","2.94484","2.54382","7.11632","0","0","0","0","0","0","0","0"
"0.879917","0.250022","0.263353","0.0184693","0.319651","0.309554","0.702082","1.69395e-15","3.00126","2.95828","2.60667","6.81436","0","0","0","0","0","0","0","0"
"0.883317","0.250022","0.263353","0.0184447","0.317301","0.310798","0.768297","1.71937e-15","3.04467","2.97022","2.74115","7.04494","0","0","0","0","0","0","0","0"
"0.886683","0.250022","0.263353","0.0184237","0.318452","0.311976","0.786171","1.71762e-15","3.03184","2.91176","2.60897","7.04262","0","0","0","0","0","0","0","0"
"0.890183","0.250022","0.263353","0.0183855","0.321046","0.316428","0.802348","1.70107e-15","3.13718","2.96932","2.54841","6.7614","0","0","0","0","0","0","0","0"
"0.893467","0.250022","0.266364","0.0183442","0.324687","0.320479","0.781764","1.71887e-15","3.0803","2.94326","2.59784","6.80655","0","0","0","0","0","0","0","0"
"0.896867","0.250022","0.266364","0.0182959","0.32342","0.321467","0.742687","1.69544e-15","3.0165","2.88847","2.7791","6.65786","0","0","0","0","0","0","0","0"
"0.901267","0.250022","0.266364","0.0182408","0.319833","0.317121","0.728585","1.72714e-15","3.02484","2.91873","2.75401","6.98562","0","0","0","0","0","0","0","0"
"0.905717","0.250022","0.266364","0.0181811","0.312867","0.311983","0.694092","1.71594e-15","3.04639","2.89161","2.86918","7.0081","0","0","0","0","0","0","0","0"
"0.9089","0.250022","0.269479","0.0181466","0.309982","0.310961","0.696513","1.71464e-15","3.05795","2.87701","2.80008","7.02427","0","0","0","0","0","0","0","0"
"0.912283","0.250022","0.269479","0.0181122","0.312419","0.313603","0.691641","1.74033e-15","3.0661","2.91812","2.80218","7.19976","0","0","0","0","0","0","0","0"
"0.915667","0.250022","0.269479","0.0180721","0.311625","0.315032","0.664049","1.71679e-15","3.03096","2.9602","2.9202","7.10762","0","0","0","0","0","0","0","0"
"0.91905","0.250022","0.269479","0.0180376","0.311317","0.31629","0.711695","1.72261e-15","3.07786","3.04032","2.96864","7.00268","0","0","0","0","0","0","0","0"
"0.922533","0.250022","0.269479","0.0180126","0.310269","0.315179","0.741733","1.73812e-15","3.06599","3.06919","2.76057","6.94708","0","0","0","0","0","0","0","0"
"0.927383","0.250022","0.272836","0.0180288","0.310861","0.311676","0.711597","1.71276e-15","3.09033","3.10989","2.91199","6.68648","0","0","0","0","0","0","0","0"
"0.930783","0.250022","0.272836","0.0180414","0.308897","0.307391","0.673334","1.73349e-15","3.09582","3.08971","3.14243","6.80377","0","0","0","0","0","0","0","0"
"0.93415","0.250022","0.272836","0.0180522","0.30798","0.306899","0.665923","1.71781e-15","3.07536","3.06977","3.14113","6.85173","0","0","0","0","0","0","0","0"
"0.93755","0.250022","0.272836","0.0180648","0.309142","0.30911","0.676475","1.71597e-15","3.06646","3.03242","3.03977","6.87008","0","0","0","0","0","0","0","0"
"0.940983","0.250022","0.272836","0.0180832","0.312695","0.310614","0.652241","1.72511e-15","3.1297","3.13284","3.1732","6.78597","0","0","0","0","0","0","0","0"
"0.944467","0.250022","0.274225","0.0181065","0.310236","0.308606","0.630922","1.70902e-15","3.10163","3.09282","3.25686","6.62301","0","0","0","0","0","0","0","0"
"0.94785","0.250022","0.274225","0.0181299","0.310486","0.307846","0.618881","1.71724e-15","3.06523","3.07178","3.22544","6.62105","0","0","0","0","0","0","0","0"
"0.951233","0.250022","0.274225","0.0181498","0.308019","0.304466","0.61243","1.72158e-15","3.08837","3.04975","3.37563","6.85552","0","0","0","0","0","0","0","0"
"0.955717","0.250022","0.274225","0.0181683","0.311797","0.309321","0.662088","1.69725e-15","3.06405","3.02228","3.07366","6.57463","0","0","0","0","0","0","0","0"
"0.959033","0.250022","0.274919","0.0181538","0.311802","0.309453","0.653428","1.7099e-15","3.05292","2.9846","3.07125","6.88432","0","0","0","0","0","0","0","0"
"0.962433","0.250022","0.274919","0.0181369","0.307495","0.305999","0.645078","1.69785e-15","3.09053","3.01556","3.05384","6.87131","0","0","0","0","0","0","0","0"
"0.965817","0.250022","0.274919","0.0181225","0.307334","0.305397","0.651286","1.69346e-15","3.11379","3.07568","2.94598","6.73202","0","0","0","0","0","0","0","0"
"0.9692","0.250022","0.274919","0.0181056","0.305839","0.305353","0.672622","1.70801e-15","3.1077","3.07367","2.87214","6.78253","0","0","0","0","0","0","0","0"
"0.972683","0.250022","0.274919","0.0180927","0.306287","0.305561","0.67023","1.69523e-15","3.08261","3.02672","2.83965","6.58288","0","0","0","0","0","0","0","0"
"0.975967","0.250022","0.275468","0.0180817","0.307825","0.303757","0.670197","1.70838e-15","3.13998","3.04269","2.84345","6.68091","0","0","0","0","0","0","0","0"
"0.97935","0.250022","0.275468","0.0180722","0.311453","0.304357","0.676042","1.70572e-15","3.07398","2.99606","2.7672","6.68723","0","0","0","0","0","0","0","0"
"0.984567","0.250022","0.275468","0.0180563","0.309221","0.302309","0.676171","1.71753e-15","3.06062","3.00407","2.68418","6.67105","0","0","0","0","0","0","0","0"
"0.98905","0.250022","0.275468","0.0180405","0.312308","0.304232","0.678223","1.70785e-15","3.05946","3.02863","2.63465","6.58922","0","0","0","0","0","0","0","0"
"0.992367","0.250022","0.275787","0.0180262","0.310983","0.304024","0.662097","1.7116e-15","3.05143","3.00294","2.71348","6.63669","0","0","0","0","0","0","0","0"
"0.995767","0.250022","0.275787","0.0180096","0.31192","0.306912","0.697264","1.70916e-15","3.07374","3.07208","2.70252","6.61744","0","0","0","0","0","0","0","0"
"0.99915","0.250022","0.275787","0.0179953","0.312732","0.309146","0.720561","1.69887e-15","3.03278","3.05606","2.71697","6.49662","0","0","0","0","0","0","0","0"
"1.00253","0.250022","0.275787","0.0179787","0.308459","0.305553","0.699999","1.72088e-15","3.04516","3.06427","2.80501","6.58057","0","0","0","0","0","0","0","0"
"1.00602","0.250022","0.275787","0.0179681","0.309877","0.306167","0.689904","1.72038e-15","3.03701","3.04604","2.81032","6.60209","0","0","0","0","0","0","0","0"
"1.0093","0.250022","0.275631","0.0179644","0.308296","0.304835","0.688348","1.70782e-15","3.04682","3.07739","2.79198","6.46579","0","0","0","0","0","0","0","0"
"1.01268","0.250022","0.275631","0.0179612","0.307516","0.304551","0.689335","1.71594e-15","3.04769","3.04502","2.74484","6.54501","0","0","0","0","0","0","0","0"
"1.01607","0.250022","0.275631","0.0179574","0.308607","0.304526","0.702596","1.71487e-15","3.01923","3.03292","2.70379","6.61295","0","0","0","0","0","0","0","0"
"1.01945","0.250022","0.275631","0.0179542","0.309196","0.305999","0.702514","1.70154e-15","3.01649","3.0178","2.66615","6.49614","0","0","0","0","0","0","0","0"
"1.02295","0.250022","0.275631","0.0179534","0.308939","0.305299","0.704317","1.70493e-15","3.00315","3.00297","2.63566","6.44383","0","0","0","0","0","0","0","0"
"1.02623","0.250022","0.276067","0.0179559","0.308729","0.306334","0.707078","1.71135e-15","2.98603","2.97904","2.62884","6.53378","0","0","0","0","0","0","0","0"
"1.02962","0.250022","0.276067","0.0179589","0.307046","0.304972","0.697272","1.70148e-15","2.99221","2.99389","2.69232","6.42566","0","0","0","0","0","0","0","0"
"1.033","0.250022","0.276067","0.0179614","0.305647","0.302909","0.680987","1.71232e-15","3.00709","2.99699","2.77643","6.46956","0","0","0","0","0","0","0","0"
"1.0364","0.250022","0.276067","0.0179644","0.302768","0.300211","0.665878","1.71655e-15","3.02427","2.99052","2.84078","6.45395","0","0","0","0","0","0","0","0"
"1.0399","0.250022","0.276067","0.0179674","0.304001","0.299276","0.667059","1.7002e-15","2.99326","2.99748","2.80388","6.43973","0","0","0","0","0","0","0","0"
"1.04315","0.250022","0.276273","0.0179713","0.30614","0.300705","0.659863","1.69793e-15","3.02146","3.01956","2.79682","6.40138","0","0","0","0","0","0","0","0"
"1.04653","0.250022","0.276273","0.0179747","0.304638","0.299196","0.645814","1.70914e-15","3.0407","3.03256","2.87412","6.57723","0","0","0","0","0","0","0","0"
"1.04995","0.250022","0.276273","0.0179787","0.305013","0.30084","0.643867","1.70885e-15","3.06237","3.08516","2.83645","6.59621","0","0","0","0","0","0","0","0"
"1.05332","0.250022","0.276273","0.0179821","0.306602","0.303087","0.652471","1.70036e-15","3.0421","3.05148","2.80254","6.50673","0","0","0","0","0","0","0","0"
"1.0568","0.250022","0.276273","0.017985","0.306057","0.302397","0.653971","1.70075e-15","3.02221","3.02875","2.78263","6.52731","0","0","0","0","0","0","0","0"
"1.06008","0.250022","0.276203","0.0179869","0.310136","0.306485","0.702521","1.70071e-15","3.03607","3.07113","3.15001","6.54629","0","0","0","0","0","0","0","0"
"1.06348","0.250022","0.276203","0.017989","0.308717","0.303939","0.690253","1.68956e-15","3.03977","3.08197","3.18807","6.44818","0","0","0","0","0","0","0","0"
"1.0679","0.250022","0.276203","0.0179915","0.307867","0.302691","0.706111","1.70011e-15","3.01882","3.06173","3.10013","6.51917","0","0","0","0","0","0","0","0"
"1.07238","0.250022","0.276203","0.017994","0.307857","0.303108","0.706314","1.70468e-15","2.99526","3.05654","3.03238","6.50856","0","0","0","0","0","0","0","0"
"1.0757","0.250022","0.275985","0.017995","0.311615","0.306035","0.703667","1.69507e-15","3.03627","3.06908","3.01766","6.43176","0","0","0","0","0","0","0","0"
"1.0791","0.250022","0.275985","0.0179963","0.310411","0.304911","0.690691","1.70616e-15","3.03258","3.06828","3.07822","6.43626","0","0","0","0","0","0","0","0"
"1.08248","0.250022","0.275985","0.0179974","0.31058","0.306324","0.685801","1.70979e-15","3.04552","3.09713","3.07156","6.53128","0","0","0","0","0","0","0","0"
"1.08587","0.250022","0.275985","0.0179986","0.308679","0.303255","0.673308","1.69972e-15","3.05762","3.12324","3.12368","6.48123","0","0","0","0","0","0","0","0"
"1.08935","0.250022","0.275985","0.0179982","0.308007","0.30194","0.664744","1.70782e-15","3.04614","3.1166","3.14487","6.53074","0","0","0","0","0","0","0","0"
"1.09393","0.500044","0.276551","0.0214713","0.308507","0.303304","0.660753","1.70418e-15","3.06598","3.1862","3.10993","6.48807","0","0","0","0","0","0","0","0"
"1.09732","0.500044","0.276551","0.0262747","0.31109","0.307512","0.663461","1.70429e-15","3.09691","3.255","3.01828","6.46299","0","0","0","0","0","0","0","0"
"1.10067","0.500044","0.276551","0.030427","0.313517","0.309459","0.659492","1.70142e-15","3.08817","3.23172","2.99617","6.50873","0","0","0","0","0","0","0","0"
"1.10405","0.500044","0.276551","0.0352713","0.320828","0.315775","0.761162","1.69399e-15","3.17738","3.28678","3.91739","6.43545","0","0","0","0","0","0","0","0"
"1.10755","0.500044","0.276551","0.0359572","0.353568","0.34682","0.918537","1.7129e-15","3.38341","3.5737","4.42388","6.74366","0","0","0","0","0","0","0","0"
"1.11083","0.500044","0.278146","0.0359485","0.391098","0.395636","0.945431","1.6885e-15","3.3736","3.48969","3.7248","6.44711","0","0","0","0","0","0","0","0"
"1.11422","0.500044","0.278146","0.035941","0.433081","0.438325","1.1363","1.68655e-15","3.28395","3.34375","3.43032","6.52544","0","0","0","0","0","0","0","0"
"1.1176","0.500044","0.278146","0.0359323","0.435906","0.447654","1.04224","1.72991e-15","3.25961","3.2915","3.70732","6.79956","0","0","0","0","0","0","0","0"
"1.121","0.500044","0.278146","0.0359249","0.447816","0.463179","1.09696","1.70052e-15","3.09244","3.21794","3.23046","6.60722","0","0","0","0","0","0","0","0"
"1.1245","0.500044","0.278146","0.0359201","0.461058","0.473169","1.07137","1.69064e-15","3.04997","3.20916","3.03572","6.3579","0","0","0","0","0","0","0","0"
"1.12775","0.500044","0.286287","0.0359167","0.4785","0.489181","1.04363","1.73142e-15","3.04928","3.11974","3.12085","6.58879","0","0","0","0","0","0","0","0"
"1.13115","0.500044","0.286287","0.0359126","0.491451","0.499361","1.14414","1.69249e-15","3.46984","3.42575","2.78535","6.47667","0","0","0","0","0","0","0","0"
"1.13453","0.500044","0.286287","0.0359091","0.488537","0.498216","1.10237","1.72506e-15","3.34169","3.33479","2.8196","6.75349","0","0","0","0","0","0","0","0"
"1.13905","0.500044","0.286287","0.0359279","0.507591","0.516141","1.29207","1.70496e-15","3.53272","3.42801","2.93862","7.18151","0","0","0","0","0","0","0","0"
"1.14233","0.500044","0.331623","0.0360067","0.511171","0.5213","1.32617","1.66806e-15","3.2548","3.27849","2.72211","6.70513","0","0","0","0","0","0","0","0"
"1.14572","0.500044","0.331623","0.0361265","0.510555","0.512792","1.27082","1.73591e-15","3.13141","3.20043","2.71272","7.06213","0","0","0","0","0","0","0","0"
"1.15145","0.500044","0.331623","0.0363333","0.498568","0.503145","1.15594","1.6734e-15","3.05206","3.08066","2.90239","6.75815","0","0","0","0","0","0","0","0"
"1.15572","0.500044","0.331623","0.0364693","0.502519","0.508555","1.19051","1.68673e-15","3.05384","3.03836","2.75319","6.65577","0","0","0","0","0","0","0","0"
"1.15978","0.500044","0.38511","0.0365804","0.521389","0.530533","1.26106","1.65057e-15","2.92098","2.97239","2.81708","6.4494","0","0","0","0","0","0","0","0"
"1.16317","0.500044","0.38511","0.0366939","0.510461","0.514581","1.22819","1.64831e-15","2.98073","3.11669","2.72658","5.91066","0","0","0","0","0","0","0","0"
"1.16668","0.500044","0.38511","0.0368969","0.519153","0.522065","1.15136","1.72825e-15","2.85139","2.97767","2.88564","6.57446","0","0","0","0","0","0","0","0"
"1.16997","0.500044","0.38511","0.0372657","0.517138","0.522186","1.18265","1.72369e-15","2.7882","2.88168","2.71786","6.67217","0","0","0","0","0","0","0","0"
"1.17343","0.500044","0.38511","0.0376133","0.515177","0.515404","1.13829","1.676e-15","2.84515","2.9403","2.80246","6.16965","0","0","0","0","0","0","0","0"
"1.17672","0.500044","0.414959","0.0377023","0.515763","0.51391","1.19099","1.70564e-15","2.8001","2.90367","2.67948","6.57348","0","0","0","0","0","0","0","0"
"1.1801","0.500044","0.414959","0.037843","0.516804","0.522089","1.16503","1.71426e-15","2.77816","2.82896","2.76252","6.88977","0","0","0","0","0","0","0","0"
"1.18365","0.500044","0.414959","0.0380253","0.5221","0.536309","1.23197","1.67727e-15","3.0032","2.97834","2.55936","6.60055","0","0","0","0","0","0","0","0"
"1.18687","0.500044","0.414959","0.0382686","0.541343","0.551323","1.45111","1.69623e-15","3.09867","2.95537","3.22437","6.50367","0","0","0","0","0","0","0","0"
"1.19037","0.500044","0.414959","0.0383851","0.534649","0.546734","1.45974","1.70703e-15","3.05885","2.94552","3.27626","6.47315","0","0","0","0","0","0","0","0"
"1.19363","0.500044","0.43268","0.0384673","0.533171","0.545451","1.36551","1.69181e-15","3.01686","2.92307","3.53737","6.34091","0","0","0","0","0","0","0","0"
"1.19705","0.500044","0.43268","0.0385378","0.542442","0.55174","1.33598","1.68445e-15","3.05783","3.0115","3.47524","6.2604","0","0","0","0","0","0","0","0"
"1.20042","0.500044","0.43268","0.03862","0.544996","0.548451","1.36855","1.71207e-15","3.04703","3.06029","3.25509","6.57109","0","0","0","0","0","0","0","0"
"1.2038","0.500044","0.43268","0.0386905","0.548723","0.551879","1.5447","1.70834e-15","2.99646","3.08337","2.95319","6.79217","0","0","0","0","0","0","0","0"
"1.20728","0.500044","0.43268","0.0387389","0.544006","0.547732","1.49694","1.70274e-15","2.99684","3.03256","2.93872","6.68673","0","0","0","0","0","0","0","0"
"1.21057","0.500044","0.446609","0.0387689","0.545996","0.548332","1.61025","1.71809e-15","2.94114","2.99629","2.74995","6.74031","0","0","0","0","0","0","0","0"
"1.21395","0.500044","0.446609","0.0388039","0.543397","0.547628","1.58436","1.70232e-15","2.91495","3.01805","2.6711","6.43411","0","0","0","0","0","0","0","0"
"1.21733","0.500044","0.446609","0.0388339","0.536027","0.541432","1.53939","1.71907e-15","2.91833","3.02837","2.708","6.36154","0","0","0","0","0","0","0","0"
"1.22072","0.500044","0.446609","0.0388689","0.531048","0.537117","1.44533","1.72493e-15","2.94586","2.98576","2.96502","6.66666","0","0","0","0","0","0","0","0"
"1.22422","0.500044","0.446609","0.0389335","0.531442","0.53896","1.40329","1.69756e-15","2.91107","2.96211","3.01562","6.52065","0","0","0","0","0","0","0","0"
"1.2275","0.500044","0.459877","0.0390169","0.536973","0.54016","1.42213","1.73167e-15","3.02403","3.06998","3.02118","6.6535","0","0","0","0","0","0","0","0"
"1.23088","0.500044","0.459877","0.0390884","0.541209","0.545052","1.43624","1.72971e-15","2.97953","3.04002","3.13189","6.79686","0","0","0","0","0","0","0","0"
"1.23492","0.500044","0.459877","0.0391837","0.537361","0.545301","1.35509","1.72539e-15","3.06269","3.11726","3.36867","6.72332","0","0","0","0","0","0","0","0"
"1.23905","0.500044","0.459877","0.0392801","0.537963","0.546787","1.32693","1.74077e-15","3.00757","3.115","3.32533","6.71421","0","0","0","0","0","0","0","0"
"1.24233","0.500044","0.469411","0.0393662","0.53707","0.546331","1.34696","1.71104e-15","3.01269","3.17058","3.15814","6.5972","0","0","0","0","0","0","0","0"
"1.24572","0.500044","0.469411","0.0394988","0.539517","0.54976","1.3649","1.72578e-15","3.02293","3.24324","2.94739","6.78159","0","0","0","0","0","0","0","0"
"1.24912","0.500044","0.469411","0.0396456","0.5354","0.547261","1.37571","1.74621e-15","3.04858","3.29324","2.87198","7.1348","0","0","0","0","0","0","0","0"
"1.25248","0.500044","0.469411","0.0398185","0.544569","0.554546","1.41988","1.72757e-15","2.98464","3.22233","2.84923","6.94781","0","0","0","0","0","0","0","0"
"1.25598","0.500044","0.469411","0.0399427","0.548082","0.561273","1.37019","1.71472e-15","2.9899","3.21188","2.9631","6.75188","0","0","0","0","0","0","0","0"
"1.25927","0.500044","0.476841","0.0400469","0.54912","0.562334","1.36508","1.7205e-15","2.97907","3.21527","2.94859","6.82881","0","0","0","0","0","0","0","0"
"1.26265","0.500044","0.476841","0.0401651","0.548092","0.560364","1.35304","1.70017e-15","3.02797","3.29769","3.01026","6.71957","0","0","0","0","0","0","0","0"
"1.26603","0.500044","0.476841","0.0403495","0.548226","0.563214","1.35734","1.71025e-15","3.02293","3.3193","2.91589","6.66285","0","0","0","0","0","0","0","0"
"1.26942","0.500044","0.476841","0.0405127","0.54472","0.561348","1.31353","1.72891e-15","3.05218","3.2972","3.04229","6.85469","0","0","0","0","0","0","0","0"
"1.2729","0.500044","0.476841","0.0406517","0.542737","0.560342","1.31226","1.70901e-15","3.0102","3.33565","2.98133","6.69174","0","0","0","0","0","0","0","0"
"1.2762","0.500044","0.484456","0.040712","0.549143","0.568263","1.34999","1.7198e-15","2.95037","3.23137","2.83799","6.64276","0","0","0","0","0","0","0","0"
"1.27958","0.500044","0.484456","0.0407823","0.547068","0.561079","1.4613","1.73815e-15","2.93759","3.25222","3.00968","6.90055","0","0","0","0","0","0","0","0"
"1.28297","0.500044","0.484456","0.0408426","0.551706","0.564009","1.47817","1.71981e-15","2.96404","3.18086","2.90202","6.87731","0","0","0","0","0","0","0","0"
"1.28635","0.500044","0.484456","0.0409129","0.55292","0.561936","1.43283","1.70502e-15","3.05014","3.24466","2.94832","6.79417","0","0","0","0","0","0","0","0"
"1.28983","0.500044","0.484456","0.0409194","0.547878","0.554668","1.41644","1.69986e-15","3.08262","3.246","2.93157","6.65564","0","0","0","0","0","0","0","0"
"1.29312","0.500044","0.492325","0.0408643","0.54302","0.550497","1.4453","1.70094e-15","3.12503","3.23554","2.75859","6.70941","0","0","0","0","0","0","0","0"
"1.2965","0.500044","0.492325","0.0408171","0.543185","0.550243","1.55825","1.70228e-15","3.08823","3.17825","2.63542","6.51225","0","0","0","0","0","0","0","0"
"1.29988","0.500044","0.492325","0.040762","0.557827","0.560705","1.70726","1.72922e-15","3.15041","3.23914","2.73198","6.53732","0","0","0","0","0","0","0","0"
"1.3033","0.500044","0.492325","0.0407148","0.555441","0.559857","1.67047","1.71904e-15","3.06621","3.19083","2.74752","6.55331","0","0","0","0","0","0","0","0"
"1.30677","0.500044","0.492325","0.0406292","0.561122","0.565411","1.63931","1.6999e-15","3.02072","3.09217","2.77936","6.44591","0","0","0","0","0","0","0","0"
"1.31187","0.500044","0.497865","0.0404744","0.560265","0.571124","1.66186","1.71966e-15","2.98119","3.03572","2.64671","6.58985","0","0","0","0","0","0","0","0"
"1.31812","0.500044","0.497865","0.0402885","0.552807","0.566177","1.55958","1.68913e-15","3.03035","3.05972","2.81377","6.50643","0","0","0","0","0","0","0","0"
"1.32238","0.500044","0.497865","0.0402151","0.545056","0.55674","1.52933","1.70281e-15","3.02318","3.01286","2.90055","6.45877","0","0","0","0","0","0","0","0"
"1.32583","0.500044","0.501065","0.0402737","0.547236","0.559162","1.58239","1.70187e-15","3.13995","3.1324","2.80742","6.63908","0","0","0","0","0","0","0","0"
"1.32922","0.500044","0.501065","0.040342","0.544011","0.5564","1.53152","1.69336e-15","3.14207","3.11614","2.87624","6.38338","0","0","0","0","0","0","0","0"
"1.3326","0.500044","0.501065","0.0404006","0.547707","0.558325","1.49925","1.70839e-15","3.22141","3.13298","2.90221","6.45553","0","0","0","0","0","0","0","0"
"1.33598","0.500044","0.501065","0.0404689","0.547136","0.559296","1.67468","1.71086e-15","3.19007","3.07879","3.39266","6.44451","0","0","0","0","0","0","0","0"
"1.3395","0.500044","0.501065","0.0405192","0.556528","0.570884","1.76124","1.69239e-15","3.13408","3.04812","3.19186","6.26842","0","0","0","0","0","0","0","0"
"1.34277","0.500044","0.505425","0.0405586","0.554497","0.56799","1.81838","1.70092e-15","3.14924","3.08309","2.93478","6.3914","0","0","0","0","0","0","0","0"
"1.34615","0.500044","0.505425","0.0405923","0.563364","0.577113","1.8323","1.71228e-15","3.24872","3.19192","2.86572","6.54769","0","0","0","0","0","0","0","0"
"1.34953","0.500044","0.505425","0.0406317","0.561415","0.574798","1.80638","1.69615e-15","3.21601","3.14026","2.84347","6.45096","0","0","0","0","0","0","0","0"
"1.35292","0.500044","0.505425","0.0406654","0.563108","0.576983","1.78477","1.6943e-15","3.15385","3.11113","2.82586","6.32318","0","0","0","0","0","0","0","0"
"1.3564","0.500044","0.505425","0.0406947","0.559873","0.575561","1.77128","1.69964e-15","3.15279","3.05392","2.75584","6.37492","0","0","0","0","0","0","0","0"
"1.35968","0.500044","0.507642","0.0407084","0.556326","0.571811","1.78981","1.70391e-15","3.11695","3.05958","2.62801","6.49431","0","0","0","0","0","0","0","0"
"1.36307","0.500044","0.507642","0.0407243","0.558818","0.574539","1.79886","1.69297e-15","3.10836","3.07487","2.52498","6.34334","0","0","0","0","0","0","0","0"
"1.36645","0.500044","0.507642","0.040738","0.561699","0.580128","1.8463","1.70187e-15","3.08274","3.07593","2.50342","6.35966","0","0","0","0","0","0","0","0"
"1.36985","0.500044","0.507642","0.0407539","0.565899","0.583946","1.82109","1.71804e-15","3.04898","3.0538","2.50844","6.61107","0","0","0","0","0","0","0","0"
"1.37335","0.500044","0.507642","0.0407574","0.564451","0.581075","1.76341","1.71049e-15","3.09742","3.08512","2.63149","6.54664","0","0","0","0","0","0","0","0"
"1.37662","0.500044","0.510967","0.0407494","0.559088","0.573815","1.70649","1.70495e-15","3.11743","3.11385","2.74689","6.48276","0","0","0","0","0","0","0","0"
"1.38","0.500044","0.510967","0.0407426","0.553706","0.569778","1.66599","1.72233e-15","3.1098","3.09568","2.80995","6.63634","0","0","0","0","0","0","0","0"
"1.38342","0.500044","0.510967","0.0407347","0.548101","0.564238","1.64393","1.72397e-15","3.12178","3.0856","2.80704","6.62366","0","0","0","0","0","0","0","0"
"1.38677","0.500044","0.510967","0.0407278","0.556066","0.57398","1.62828","1.70823e-15","3.12025","3.12677","2.80771","6.46686","0","0","0","0","0","0","0","0"
"1.39027","0.500044","0.510967","0.0407342","0.552638","0.569616","1.58152","1.70729e-15","3.1011","3.10482","2.91631","6.32454","0","0","0","0","0","0","0","0"
"1.39353","0.500044","0.513724","0.0407487","0.55032","0.568236","1.58035","1.7141e-15","3.08633","3.07659","2.86917","6.43255","0","0","0","0","0","0","0","0"
"1.39695","0.500044","0.513724","0.0407657","0.546879","0.565578","1.54987","1.70415e-15","3.08161","3.08613","2.89322","6.36806","0","0","0","0","0","0","0","0"
"1.40135","0.500044","0.513724","0.0407851","0.549596","0.568731","1.55818","1.70848e-15","3.09659","3.11617","2.90796","6.36322","0","0","0","0","0","0","0","0"
"1.40572","0.500044","0.513724","0.0408066","0.544171","0.56463","1.6016","1.71327e-15","3.07481","3.12583","2.8737","6.51679","0","0","0","0","0","0","0","0"
"1.40893","0.500044","0.515242","0.0408201","0.544454","0.561521","1.61246","1.7024e-15","3.11142","3.1294","2.8275","6.40573","0","0","0","0","0","0","0","0"
"1.41232","0.500044","0.515242","0.0408335","0.553493","0.56996","1.74605","1.70734e-15","3.10061","3.09467","3.13904","6.52763","0","0","0","0","0","0","0","0"
"1.4157","0.500044","0.515242","0.0408492","0.549779","0.565841","1.71399","1.71509e-15","3.11893","3.13069","3.1691","6.6165","0","0","0","0","0","0","0","0"
"1.41908","0.500044","0.515242","0.0408627","0.55265","0.568051","1.78265","1.70592e-15","3.11461","3.1071","3.04089","6.54778","0","0","0","0","0","0","0","0"
"1.42257","0.500044","0.515242","0.0408777","0.550951","0.566361","1.74753","1.71121e-15","3.09664","3.10433","3.10839","6.56881","0","0","0","0","0","0","0","0"
"1.42605","0.500044","0.515699","0.040891","0.550387","0.564954","1.73","1.70238e-15","3.08297","3.07308","3.07762","6.55834","0","0","0","0","0","0","0","0"
"1.42943","0.500044","0.515699","0.0409024","0.547102","0.562053","1.72047","1.70107e-15","3.0864","3.06955","3.03692","6.54441","0","0","0","0","0","0","0","0"
"1.43282","0.500044","0.515699","0.0409156","0.551798","0.567412","1.69093","1.71223e-15","3.11555","3.08534","3.06733","6.6669","0","0","0","0","0","0","0","0"
"1.4362","0.500044","0.515699","0.040927","0.54944","0.563719","1.65588","1.70521e-15","3.10823","3.09621","3.14995","6.63496","0","0","0","0","0","0","0","0"
"1.43968","0.500044","0.515699","0.0409323","0.54489","0.557518","1.62633","1.69545e-15","3.10731","3.11675","3.18767","6.51231","0","0","0","0","0","0","0","0"
"1.44297","0.500044","0.515708","0.0409278","0.539961","0.55575","1.59423","1.7079e-15","3.13521","3.11798","3.265","6.63276","0","0","0","0","0","0","0","0"
"1.44635","0.500044","0.515708","0.0409225","0.54531","0.561979","1.58507","1.703e-15","3.1501","3.15743","3.22263","6.58995","0","0","0","0","0","0","0","0"
"1.44973","0.500044","0.515708","0.0409179","0.54475","0.561975","1.58216","1.7001e-15","3.14139","3.14264","3.21245","6.52705","0","0","0","0","0","0","0","0"
"1.45313","0.500044","0.515708","0.0409126","0.544207","0.561085","1.55805","1.71007e-15","3.13173","3.14722","3.2263","6.61974","0","0","0","0","0","0","0","0"
"1.45663","0.500044","0.515708","0.0409146","0.542258","0.556936","1.53146","1.70464e-15","3.13332","3.15338","3.27434","6.60575","0","0","0","0","0","0","0","0"
"1.4599","0.500044","0.515923","0.0409244","0.539743","0.55254","1.49568","1.6952e-15","3.10719","3.1505","3.37932","6.50661","0","0","0","0","0","0","0","0"
"1.46328","0.500044","0.515923","0.0409329","0.536575","0.548755","1.49697","1.70225e-15","3.11171","3.14942","3.31301","6.558","0","0","0","0","0","0","0","0"
"1.46668","0.500044","0.515923","0.0409428","0.536936","0.548994","1.48021","1.71233e-15","3.09204","3.14296","3.32205","6.67974","0","0","0","0","0","0","0","0"
"1.47005","0.500044","0.515923","0.0409512","0.534417","0.547381","1.46414","1.70873e-15","3.07952","3.13788","3.3441","6.66333","0","0","0","0","0","0","0","0"
"1.47357","0.500044","0.515923","0.0409631","0.536558","0.551247","1.5251","1.69827e-15","3.10384","3.12514","3.29319","6.56529","0","0","0","0","0","0","0","0"
"1.47683","0.500044","0.515709","0.0409747","0.539763","0.552139","1.58523","1.71066e-15","3.16343","3.09303","3.18754","6.70047","0","0","0","0","0","0","0","0"
"1.48022","0.500044","0.515709","0.0409883","0.539111","0.552168","1.58674","1.72253e-15","3.16507","3.0942","3.14078","6.81118","0","0","0","0","0","0","0","0"
"1.48463","0.500044","0.515709","0.0410037","0.540128","0.552227","1.61958","1.71831e-15","3.15602","3.09098","3.01908","6.6747","0","0","0","0","0","0","0","0"
"1.48905","0.500044","0.515709","0.04102","0.542517","0.555374","1.62459","1.71649e-15","3.11732","3.06736","2.93209","6.6162","0","0","0","0","0","0","0","0"
"1.49245","0.500044","0.514876","0.0410284","0.54142","0.554538","1.64027","1.71485e-15","3.09683","3.05933","2.83465","6.65112","0","0","0","0","0","0","0","0"
"1.49583","0.500044","0.514876","0.0410381","0.539629","0.551491","1.6192","1.70756e-15","3.08402","3.05237","2.87159","6.56163","0","0","0","0","0","0","0","0"
"1.49922","0.500044","0.514876","0.0410465","0.538769","0.55163","1.60366","1.71153e-15","3.07062","3.03682","2.88968","6.57929","0","0","0","0","0","0","0","0"
"1.50257","0.500044","0.514876","0.0410563","0.538585","0.550351","1.582","1.7144e-15","3.0666","3.04661","2.91266","6.64514","0","0","0","0","0","0","0","0"
"1.50602","0.500044","0.514876","0.0410617","0.540517","0.552207","1.58334","1.70948e-15","3.05919","3.07723","2.86001","6.57678","0","0","0","0","0","0","0","0"
"1.50935","0.500044","0.514681","0.0410614","0.539755","0.549485","1.55566","1.70684e-15","3.05625","3.06414","2.92052","6.53647","0","0","0","0","0","0","0","0"
"1.5127","0.500044","0.514681","0.0410612","0.540934","0.549508","1.57054","1.71952e-15","3.04148","3.07147","2.85905","6.65309","0","0","0","0","0","0","0","0"
"1.51605","0.500044","0.514681","0.0410609","0.539382","0.547662","1.55116","1.72127e-15","3.03063","3.06381","2.87893","6.74758","0","0","0","0","0","0","0","0"
"1.5195","0.500044","0.514681","0.0410606","0.541091","0.551076","1.58429","1.71252e-15","3.03096","3.0656","2.80575","6.70455","0","0","0","0","0","0","0","0"
"1.523","0.500044","0.514681","0.041055","0.541791","0.551232","1.59004","1.71358e-15","3.02785","3.05215","2.74877","6.60126","0","0","0","0","0","0","0","0"
"1.52628","0.500044","0.514674","0.0410442","0.540098","0.547687","1.57648","1.72345e-15","3.01603","3.0678","2.74931","6.62452","0","0","0","0","0","0","0","0"
"1.52967","0.500044","0.514674","0.0410316","0.539301","0.545376","1.56098","1.72313e-15","3.01128","3.06795","2.75085","6.66117","0","0","0","0","0","0","0","0"
"1.53305","0.500044","0.514674","0.0410208","0.537714","0.542746","1.56247","1.71397e-15","3.01328","3.06123","2.70469","6.61824","0","0","0","0","0","0","0","0"
"1.53645","0.500044","0.514674","0.0410082","0.537275","0.543536","1.5485","1.71667e-15","3.00713","3.07414","2.71317","6.60935","0","0","0","0","0","0","0","0"
"1.53992","0.500044","0.514674","0.0410023","0.533015","0.539041","1.53637","1.7187e-15","3.01564","3.10271","2.71388","6.60673","0","0","0","0","0","0","0","0"
"1.5432","0.500044","0.514432","0.0410009","0.534545","0.540301","1.55659","1.71887e-15","2.99772","3.08363","2.69499","6.67971","0","0","0","0","0","0","0","0"
"1.54658","0.500044","0.514432","0.0409998","0.534355","0.538937","1.53442","1.71468e-15","2.98464","3.0718","2.74241","6.61225","0","0","0","0","0","0","0","0"
"1.54998","0.500044","0.514432","0.0409985","0.537819","0.541444","1.58446","1.71727e-15","2.99547","3.03618","2.73264","6.65493","0","0","0","0","0","0","0","0"
"1.55352","0.500044","0.514432","0.0409972","0.53927","0.542127","1.5928","1.72473e-15","3.0234","3.0615","2.69595","6.76057","0","0","0","0","0","0","0","0"
"1.557","0.500044","0.514432","0.0409986","0.541818","0.544558","1.59498","1.71821e-15","3.01217","3.07968","2.67539","6.7239","0","0","0","0","0","0","0","0"
"1.5603","0.500044","0.513552","0.0410016","0.540173","0.544824","1.58784","1.71623e-15","3.01575","3.0807","2.66037","6.60113","0","0","0","0","0","0","0","0"
"1.5637","0.500044","0.513552","0.0410042","0.537985","0.541476","1.57574","1.718e-15","3.01508","3.08721","2.66492","6.59138","0","0","0","0","0","0","0","0"
"1.5681","0.500044","0.513552","0.0410081","0.538346","0.542291","1.54902","1.72475e-15","3.022","3.08725","2.71564","6.55431","0","0","0","0","0","0","0","0"
"1.57238","0.500044","0.513552","0.0410104","0.538452","0.543068","1.54149","1.71367e-15","3.02527","3.10789","2.70979","6.48892","0","0","0","0","0","0","0","0"
"1.57567","0.500044","0.512538","0.0410093","0.53717","0.541081","1.53819","1.71778e-15","3.03632","3.11276","2.71431","6.48229","0","0","0","0","0","0","0","0"
"1.57905","0.500044","0.512538","0.0410081","0.536764","0.541308","1.51318","1.72496e-15","3.04031","3.09826","2.77464","6.55462","0","0","0","0","0","0","0","0"
"1.58243","0.500044","0.512538","0.041007","0.536143","0.539333","1.5083","1.72323e-15","3.03836","3.10275","2.77166","6.53598","0","0","0","0","0","0","0","0"
"1.58582","0.500044","0.512538","0.0410058","0.53655","0.541109","1.49615","1.71628e-15","3.04292","3.09349","2.78258","6.47746","0","0","0","0","0","0","0","0"
"1.5893","0.500044","0.512538","0.0410038","0.537242","0.543262","1.48342","1.71699e-15","3.05259","3.1154","2.81129","6.42126","0","0","0","0","0","0","0","0"
"1.59258","0.500044","0.512548","0.0409993","0.538872","0.544649","1.49536","1.71854e-15","3.06042","3.12025","2.76112","6.4976","0","0","0","0","0","0","0","0"
"1.59597","0.500044","0.512548","0.0409955","0.542428","0.547473","1.52883","1.7136e-15","3.06809","3.14196","2.75958","6.46868","0","0","0","0","0","0","0","0"
"1.59935","0.500044","0.512548","0.040991","0.542341","0.545905","1.54689","1.70998e-15","3.05297","3.12963","2.76324","6.42693","0","0","0","0","0","0","0","0"
"1.60273","0.500044","0.512548","0.0409872","0.54168","0.54485","1.54632","1.7137e-15","3.04386","3.12718","2.73518","6.51902","0","0","0","0","0","0","0","0"
"1.60622","0.500044","0.512548","0.0409859","0.540591","0.543928","1.52804","1.71645e-15","3.06587","3.15891","2.7711","6.58035","0","0","0","0","0","0","0","0"
"1.60952","0.500044","0.512408","0.0409885","0.538488","0.542846","1.50997","1.71385e-15","3.06329","3.14982","2.81007","6.56148","0","0","0","0","0","0","0","0"
"1.6129","0.500044","0.512408","0.0409915","0.537211","0.542116","1.50324","1.71084e-15","3.0638","3.1449","2.81859","6.54715","0","0","0","0","0","0","0","0"
"1.61628","0.500044","0.512408","0.040994","0.537526","0.542719","1.51605","1.71669e-15","3.06498","3.14591","2.79115","6.58284","0","0","0","0","0","0","0","0"
"1.61967","0.500044","0.512408","0.040997","0.536704","0.541834","1.50533","1.71718e-15","3.07769","3.14886","2.79374","6.61236","0","0","0","0","0","0","0","0"
"1.62315","0.500044","0.512408","0.0409983","0.535463","0.541662","1.48954","1.70832e-15","3.06639","3.13031","2.82355","6.55909","0","0","0","0","0","0","0","0"
"1.62643","0.500044","0.512947","0.0409986","0.53578","0.542641","1.48278","1.71544e-15","3.06392","3.13677","2.84794","6.61982","0","0","0","0","0","0","0","0"
"1.62982","0.500044","0.512947","0.0409988","0.534672","0.542111","1.46936","1.71825e-15","3.0541","3.13456","2.87296","6.62583","0","0","0","0","0","0","0","0"
"1.63322","0.500044","0.512947","0.0409991","0.538051","0.545225","1.52893","1.71265e-15","3.07004","3.16426","3.15195","6.56655","0","0","0","0","0","0","0","0"
"1.63662","0.500044","0.512947","0.0409993","0.539178","0.546877","1.55551","1.71812e-15","3.06052","3.16306","3.08643","6.61693","0","0","0","0","0","0","0","0"
"1.64008","0.500044","0.512947","0.0409993","0.538941","0.548724","1.55109","1.71381e-15","3.05376","3.12994","3.08538","6.63771","0","0","0","0","0","0","0","0"
"1.64337","0.500044","0.512511","0.040999","0.538056","0.546089","1.55117","1.71262e-15","3.05531","3.13181","3.04644","6.60546","0","0","0","0","0","0","0","0"
"1.64675","0.500044","0.512511","0.0409988","0.535941","0.544439","1.55038","1.71613e-15","3.05421","3.12278","3.03519","6.66402","0","0","0","0","0","0","0","0"
"1.65143","0.500044","0.512511","0.0409984","0.534037","0.543138","1.57487","1.71145e-15","3.06491","3.12785","2.99421","6.65184","0","0","0","0","0","0","0","0"
"1.6557","0.500044","0.512511","0.0409997","0.535437","0.54453","1.60551","1.70938e-15","3.06572","3.11709","2.96038","6.57748","0","0","0","0","0","0","0","0"
"1.65898","0.500044","0.512415","0.0410044","0.534355","0.543586","1.58985","1.71379e-15","3.06527","3.10405","2.99533","6.66779","0","0","0","0","0","0","0","0"
"1.66237","0.500044","0.512415","0.0410098","0.533462","0.542331","1.58815","1.71062e-15","3.06372","3.11349","2.97465","6.60154","0","0","0","0","0","0","0","0"
"1.66575","0.500044","0.512415","0.0410144","0.536054","0.544841","1.58736","1.71256e-15","3.04877","3.09764","2.96477","6.5812","0","0","0","0","0","0","0","0"
"1.66915","0.500044","0.512415","0.0410198","0.535988","0.545129","1.58859","1.71781e-15","3.06215","3.09379","2.93598","6.66587","0","0","0","0","0","0","0","0"
"1.67263","0.500044","0.512415","0.0410245","0.537853","0.546709","1.57974","1.71525e-15","3.07293","3.08736","2.95368","6.65379","0","0","0","0","0","0","0","0"
"1.67592","0.500044","0.512184","0.0410303","0.538949","0.548325","1.55895","1.71041e-15","3.07037","3.07648","3.011","6.62952","0","0","0","0","0","0","0","0"
"1.6793","0.500044","0.512184","0.0410351","0.536997","0.54656","1.54365","1.7139e-15","3.07123","3.08106","3.04676","6.67794","0","0","0","0","0","0","0","0"
"1.68268","0.500044","0.512184","0.0410408","0.535518","0.544506","1.53453","1.71778e-15","3.07009","3.08467","3.04847","6.76291","0","0","0","0","0","0","0","0"
"1.68607","0.500044","0.512184","0.0410457","0.536118","0.544177","1.56157","1.71491e-15","3.06845","3.08781","3.00794","6.73401","0","0","0","0","0","0","0","0"
"1.68955","0.500044","0.512184","0.0410518","0.535463","0.544021","1.58125","1.71217e-15","3.06594","3.08966","2.97588","6.65338","0","0","0","0","0","0","0","0"
"1.69285","0.500044","0.511724","0.0410575","0.534336","0.543077","1.58216","1.71748e-15","3.06363","3.09093","2.94253","6.67109","0","0","0","0","0","0","0","0"
"1.69623","0.500044","0.511724","0.0410642","0.533006","0.54243","1.56462","1.7148e-15","3.06772","3.09392","2.98146","6.66772","0","0","0","0","0","0","0","0"
"1.69962","0.500044","0.511724","0.0410699","0.532524","0.541903","1.55064","1.71041e-15","3.06229","3.08128","3.00967","6.62565","0","0","0","0","0","0","0","0"
"1.703","0.500044","0.511724","0.0410766","0.531557","0.54126","1.53986","1.71523e-15","3.08043","3.08766","3.03316","6.67142","0","0","0","0","0","0","0","0"
"1.70648","0.500044","0.511724","0.0410823","0.532923","0.543093","1.54006","1.71676e-15","3.10052","3.10858","3.03223","6.63815","0","0","0","0","0","0","0","0"
"1.70977","0.500044","0.511847","0.0410889","0.531084","0.541034","1.54658","1.71272e-15","3.10199","3.10876","2.98058","6.58611","0","0","0","0","0","0","0","0"
"1.71315","0.500044","0.511847","0.0410946","0.533552","0.541994","1.60113","1.71105e-15","3.08022","3.09915","3.03775","6.54699","0","0","0","0","0","0","0","0"
"1.71653","0.500044","0.511847","0.0411012","0.53337","0.542674","1.60217","1.71806e-15","3.0679","3.08634","3.02854","6.61957","0","0","0","0","0","0","0","0"
"1.71993","0.500044","0.511847","0.0411069","0.532841","0.542616","1.58517","1.72224e-15","3.06364","3.08421","3.07475","6.67206","0","0","0","0","0","0","0","0"
"1.72342","0.500044","0.511847","0.0411107","0.531983","0.541466","1.57122","1.71655e-15","3.06151","3.0895","3.09753","6.65315","0","0","0","0","0","0","0","0"
"1.7267","0.500044","0.511106","0.041112","0.53509","0.544496","1.59549","1.71677e-15","3.06531","3.10238","3.05027","6.62922","0","0","0","0","0","0","0","0"
"1.73008","0.500044","0.511106","0.0411136","0.534205","0.542639","1.57601","1.7249e-15","3.06554","3.11242","3.10336","6.71658","0","0","0","0","0","0","0","0"
"1.73477","0.500044","0.511106","0.0411157","0.532534","0.541161","1.5589","1.72237e-15","3.06056","3.09742","3.12797","6.67994","0","0","0","0","0","0","0","0"
"1.73903","0.500044","0.511106","0.0411192","0.53359","0.542025","1.5666","1.72027e-15","3.06455","3.08558","3.1149","6.61285","0","0","0","0","0","0","0","0"
"1.74237","0.500044","0.510587","0.0411257","0.533546","0.542126","1.56944","1.71969e-15","3.05904","3.07302","3.07333","6.65951","0","0","0","0","0","0","0","0"
"1.74572","0.500044","0.510587","0.0411333","0.534363","0.542479","1.55566","1.71337e-15","3.05786","3.07362","3.09845","6.63847","0","0","0","0","0","0","0","0"
"1.74907","0.500044","0.510587","0.0411398","0.534156","0.542386","1.55576","1.71695e-15","3.04484","3.06484","3.07407","6.66161","0","0","0","0","0","0","0","0"
"1.75252","0.500044","0.510587","0.0411474","0.533066","0.542453","1.54267","1.7199e-15","3.05161","3.07284","3.09877","6.7049","0","0","0","0","0","0","0","0"
"1.75602","0.500044","0.510587","0.0411536","0.531481","0.540429","1.53233","1.71669e-15","3.05197","3.07357","3.11722","6.65193","0","0","0","0","0","0","0","0"
"1.75925","0.500044","0.51045","0.0411601","0.531067","0.539418","1.52007","1.71874e-15","3.03961","3.06186","3.13602","6.61347","0","0","0","0","0","0","0","0"
"1.76268","0.500044","0.51045","0.0411656","0.531596","0.539749","1.51673","1.71756e-15","3.03618","3.05686","3.11559","6.59563","0","0","0","0","0","0","0","0"
"1.76603","0.500044","0.51045","0.0411721","0.532727","0.540537","1.51318","1.71618e-15","3.02886","3.04036","3.09576","6.57272","0","0","0","0","0","0","0","0"
"1.76938","0.500044","0.51045","0.0411777","0.533421","0.540795","1.5219","1.72e-15","3.01976","3.05669","3.06099","6.64847","0","0","0","0","0","0","0","0"
"1.77295","0.500044","0.51045","0.041185","0.533425","0.540486","1.52428","1.71511e-15","3.00936","3.05771","3.0381","6.63761","0","0","0","0","0","0","0","0"
"1.77627","0.500044","0.51035","0.0411922","0.534259","0.540679","1.51297","1.71649e-15","3.00789","3.0489","3.05939","6.62683","0","0","0","0","0","0","0","0"
"1.77965","0.500044","0.51035","0.0412005","0.532613","0.539433","1.52014","1.72308e-15","3.01205","3.05313","2.9989","6.66274","0","0","0","0","0","0","0","0"
"1.78303","0.500044","0.51035","0.0412077","0.532239","0.538845","1.51791","1.72072e-15","3.01038","3.06116","2.98732","6.6622","0","0","0","0","0","0","0","0"
"1.78643","0.500044","0.51035","0.0412161","0.530698","0.537443","1.50724","1.71887e-15","3.00327","3.05909","3.00001","6.63433","0","0","0","0","0","0","0","0"
"1.78992","0.500044","0.51035","0.0412215","0.530233","0.536374","1.50232","1.71909e-15","2.99587","3.07128","2.98974","6.66385","0","0","0","0","0","0","0","0"
"1.79315","0.500044","0.510136","0.0412257","0.532945","0.538882","1.51999","1.71689e-15","3.01889","3.07052","2.98008","6.67045","0","0","0","0","0","0","0","0"
"1.7965","0.500044","0.510136","0.0412293","0.534265","0.539655","1.54875","1.71368e-15","3.04622","3.06368","2.977","6.62649","0","0","0","0","0","0","0","0"
"1.80005","0.500044","0.510136","0.0412335","0.535087","0.540159","1.56026","1.71649e-15","3.03921","3.0594","2.99526","6.65433","0","0","0","0","0","0","0","0"
"1.80337","0.500044","0.510136","0.0412371","0.535861","0.540973","1.54863","1.71933e-15","3.02626","3.0537","3.01977","6.7091","0","0","0","0","0","0","0","0"
"1.80702","0.500044","0.510136","0.0412369","0.535589","0.541095","1.539","1.71731e-15","3.02003","3.04587","3.02778","6.70852","0","0","0","0","0","0","0","0"
"1.81028","0.500044","0.509901","0.0412332","0.535968","0.541499","1.54339","1.71203e-15","3.02783","3.03437","2.99179","6.66574","0","0","0","0","0","0","0","0"
"1.81367","0.500044","0.509901","0.0412301","0.537362","0.541775","1.58766","1.71297e-15","3.02453","3.02261","3.01149","6.65122","0","0","0","0","0","0","0","0"
"1.81807","0.500044","0.509901","0.0412259","0.53847","0.543269","1.58491","1.7175e-15","3.01789","3.01142","2.99717","6.71344","0","0","0","0","0","0","0","0"
"1.82237","0.500044","0.509901","0.0412188","0.537322","0.541779","1.57355","1.70931e-15","3.01624","3.00258","3.00636","6.68945","0","0","0","0","0","0","0","0"
"1.82588","0.500044","0.50987","0.0412085","0.536438","0.540848","1.57364","1.70717e-15","3.01781","3.00358","2.99232","6.69809","0","0","0","0","0","0","0","0"
"1.82913","0.500044","0.50987","0.0411965","0.53656","0.541982","1.56863","1.71096e-15","3.03841","3.02505","2.98269","6.73194","0","0","0","0","0","0","0","0"
"1.83252","0.500044","0.50987","0.0411862","0.536719","0.541653","1.57996","1.7122e-15","3.03799","3.02639","2.94935","6.76462","0","0","0","0","0","0","0","0"
"1.83592","0.500044","0.50987","0.0411742","0.539359","0.543548","1.59037","1.70634e-15","3.04158","3.04445","2.92797","6.74727","0","0","0","0","0","0","0","0"
"1.8394","0.500044","0.50987","0.0411682","0.539285","0.543956","1.5841","1.70688e-15","3.04862","3.06051","2.93039","6.73597","0","0","0","0","0","0","0","0"
"1.84268","0.500044","0.510229","0.041171","0.539328","0.544107","1.58225","1.70794e-15","3.04602","3.05799","2.91718","6.75969","0","0","0","0","0","0","0","0"
"1.84602","0.500044","0.510229","0.0411734","0.540109","0.544723","1.60025","1.70539e-15","3.04532","3.06174","2.91162","6.74383","0","0","0","0","0","0","0","0"
"1.8494","0.500044","0.510229","0.0411762","0.541711","0.545708","1.63296","1.70371e-15","3.03687","3.05458","2.92311","6.70695","0","0","0","0","0","0","0","0"
"1.85278","0.500044","0.510229","0.0411787","0.540484","0.544739","1.61861","1.70665e-15","3.03656","3.04725","2.96008","6.70985","0","0","0","0","0","0","0","0"
"1.85627","0.500044","0.510229","0.0411843","0.54024","0.544423","1.61273","1.70886e-15","3.03512","3.0468","2.95407","6.71164","0","0","0","0","0","0","0","0"
"1.8595","0.500044","0.51026","0.0411924","0.542136","0.5463","1.63532","1.70964e-15","3.02926","3.04699","2.99363","6.73508","0","0","0","0","0","0","0","0"
"1.86297","0.500044","0.51026","0.0412019","0.543192","0.546458","1.64884","1.70737e-15","3.02492","3.04203","2.97808","6.67958","0","0","0","0","0","0","0","0"
"1.86632","0.500044","0.51026","0.04121","0.543883","0.546807","1.64017","1.7104e-15","3.02611","3.0408","2.99119","6.71036","0","0","0","0","0","0","0","0"
"1.8698","0.500044","0.51026","0.0412194","0.544238","0.547065","1.63663","1.71601e-15","3.02088","3.03358","2.97481","6.74498","0","0","0","0","0","0","0","0"
"1.8733","0.500044","0.51026","0.0412269","0.545313","0.54815","1.66909","1.71358e-15","3.0286","3.03933","2.97286","6.73059","0","0","0","0","0","0","0","0"
"1.87663","0.500044","0.510403","0.0412349","0.546923","0.549758","1.66642","1.70945e-15","3.02394","3.04339","2.9654","6.69591","0","0","0","0","0","0","0","0"
"1.87993","0.500044","0.510403","0.0412418","0.545321","0.54887","1.65436","1.71139e-15","3.02691","3.04219","2.99187","6.70084","0","0","0","0","0","0","0","0"
"1.88335","0.500044","0.510403","0.0412498","0.54386","0.547189","1.64349","1.71547e-15","3.0332","3.04767","3.00947","6.71681","0","0","0","0","0","0","0","0"
"1.88672","0.500044","0.510403","0.0412567","0.543139","0.547045","1.63061","1.71486e-15","3.03071","3.04249","3.04079","6.71583","0","0","0","0","0","0","0","0"
"1.89038","0.500044","0.510403","0.0412642","0.542581","0.546486","1.6222","1.71101e-15","3.02775","3.03314","3.05282","6.67236","0","0","0","0","0","0","0","0"
"1.8938","0.500044","0.510628","0.0412713","0.544547","0.548559","1.65152","1.71561e-15","3.03182","3.0488","3.03618","6.69852","0","0","0","0","0","0","0","0"
"1.89705","0.500044","0.510628","0.0412774","0.5456","0.549418","1.68273","1.72005e-15","3.02684","3.04122","3.05794","6.74633","0","0","0","0","0","0","0","0"
"1.90122","0.500044","0.510628","0.0412856","0.548404","0.552459","1.67231","1.71974e-15","3.03027","3.03463","3.08138","6.73721","0","0","0","0","0","0","0","0"
"1.9057","0.500044","0.510628","0.0412943","0.547765","0.552189","1.66846","1.71455e-15","3.02834","3.02594","3.06314","6.68536","0","0","0","0","0","0","0","0"
"1.90903","0.500044","0.510779","0.041299","0.547068","0.551476","1.66","1.71738e-15","3.03365","3.04235","3.07423","6.70598","0","0","0","0","0","0","0","0"
"1.91242","0.500044","0.510779","0.0413045","0.546372","0.551118","1.654","1.72159e-15","3.03474","3.04819","3.06903","6.74194","0","0","0","0","0","0","0","0"
"1.9158","0.500044","0.510779","0.0413092","0.545817","0.550576","1.65142","1.72064e-15","3.03584","3.04397","3.05505","6.74504","0","0","0","0","0","0","0","0"
"1.91932","0.500044","0.510779","0.0413147","0.546873","0.551957","1.65297","1.71681e-15","3.02454","3.03414","3.03259","6.7235","0","0","0","0","0","0","0","0"
"1.92267","0.500044","0.510779","0.0413186","0.546512","0.551046","1.65544","1.71597e-15","3.01998","3.0305","3.01297","6.69662","0","0","0","0","0","0","0","0"
"1.92595","0.500044","0.511117","0.0413212","0.547042","0.551656","1.66978","1.71876e-15","3.02696","3.0202","2.99211","6.72991","0","0","0","0","0","0","0","0"
"1.92933","0.500044","0.511117","0.0413234","0.547876","0.552871","1.67958","1.72183e-15","3.01854","3.01409","2.97533","6.72344","0","0","0","0","0","0","0","0"
"1.93272","0.500044","0.511117","0.041326","0.546075","0.550684","1.66419","1.71962e-15","3.01888","3.02141","3.0154","6.70303","0","0","0","0","0","0","0","0"
"1.93612","0.500044","0.511117","0.0413283","0.545686","0.550749","1.65344","1.71612e-15","3.02941","3.03288","3.0396","6.67391","0","0","0","0","0","0","0","0"
"1.93958","0.500044","0.511117","0.0413331","0.545581","0.550515","1.6482","1.71601e-15","3.02973","3.02806","3.03196","6.63546","0","0","0","0","0","0","0","0"
"1.94288","0.500044","0.511561","0.04134","0.544905","0.549759","1.63447","1.72019e-15","3.0264","3.02875","3.0725","6.70539","0","0","0","0","0","0","0","0"
"1.94627","0.500044","0.511561","0.0413479","0.544343","0.548832","1.62094","1.72048e-15","3.02846","3.03474","3.11142","6.70839","0","0","0","0","0","0","0","0"
"1.94965","0.500044","0.511561","0.0413548","0.544521","0.548346","1.62267","1.71723e-15","3.04123","3.04826","3.08788","6.6681","0","0","0","0","0","0","0","0"
"1.95318","0.500044","0.511561","0.0413627","0.544634","0.548239","1.63046","1.71817e-15","3.04143","3.04366","3.05546","6.65289","0","0","0","0","0","0","0","0"
"1.95653","0.500044","0.511561","0.0413689","0.542728","0.54659","1.63002","1.719e-15","3.0485","3.05744","3.0542","6.66903","0","0","0","0","0","0","0","0"
"1.9598","0.500044","0.5116","0.0413753","0.540701","0.544701","1.62062","1.71843e-15","3.05586","3.06037","3.06804","6.69057","0","0","0","0","0","0","0","0"
"1.96318","0.500044","0.5116","0.0413808","0.540096","0.543994","1.62661","1.71532e-15","3.05281","3.05562","3.036","6.67641","0","0","0","0","0","0","0","0"
"1.96658","0.500044","0.5116","0.0413872","0.540204","0.543174","1.62415","1.71276e-15","3.05178","3.05565","3.02449","6.65067","0","0","0","0","0","0","0","0"
"1.96997","0.500044","0.5116","0.0413927","0.541836","0.545888","1.63326","1.7153e-15","3.04352","3.06753","3.04587","6.67558","0","0","0","0","0","0","0","0"
"1.97345","0.500044","0.5116","0.041393","0.54211","0.54663","1.65488","1.71694e-15","3.0488","3.07405","3.04988","6.67298","0","0","0","0","0","0","0","0"
"1.97673","0.500044","0.511251","0.0413894","0.543262","0.548057","1.65772","1.71751e-15","3.04894","3.0745","3.03378","6.68908","0","0","0","0","0","0","0","0"
"1.98012","0.500044","0.511251","0.0413851","0.543093","0.54862","1.64648","1.71404e-15","3.05741","3.08388","3.06126","6.67636","0","0","0","0","0","0","0","0"
"1.98455","0.500044","0.511251","0.0413802","0.544387","0.549752","1.66059","1.71179e-15","3.06621","3.08339","3.04604","6.63966","0","0","0","0","0","0","0","0"
"1.98903","0.500044","0.511251","0.041375","0.542685","0.548796","1.6467","1.71516e-15","3.0628","3.07478","3.07232","6.6565","0","0","0","0","0","0","0","0"
"1.9924","0.500044","0.51055","0.0413722","0.541899","0.547742","1.64308","1.71684e-15","3.06145","3.07296","3.0652","6.69262","0","0","0","0","0","0","0","0"
"1.99578","0.500044","0.51055","0.0413688","0.542217","0.548361","1.63554","1.7173e-15","3.06678","3.07591","3.07455","6.72112","0","0","0","0","0","0","0","0"
"1.99917","0.500044","0.51055","0.041366","0.541087","0.547489","1.62919","1.71471e-15","3.06624","3.07472","3.084","6.71575","0","0","0","0","0","0","0","0"
"2.00255","0.500044","0.51055","0.0413627","0.54124","0.54783","1.63955","1.71211e-15","3.05512","3.06872","3.049","6.69053","0","0","0","0","0","0","0","0"
"2.00603","0.500044","0.51055","0.0413612","0.54022","0.547321","1.63449","1.71372e-15","3.05558","3.06816","3.04796","6.67337","0","0","0","0","0","0","0","0"
"2.00933","0.500044","0.510901","0.0413627","0.540411","0.547747","1.62956","1.71761e-15","3.04482","3.06465","3.04143","6.70925","0","0","0","0","0","0","0","0"
"2.01272","0.500044","0.510901","0.041364","0.541737","0.549272","1.63534","1.7194e-15","3.04795","3.0662","3.02035","6.72948","0","0","0","0","0","0","0","0"
"2.01608","0.500044","0.510901","0.0413655","0.541378","0.549383","1.62432","1.71783e-15","3.04142","3.06811","3.04535","6.69733","0","0","0","0","0","0","0","0"
"2.01948","0.500044","0.510901","0.0413668","0.541639","0.549515","1.61167","1.7158e-15","3.04356","3.06697","3.08416","6.6761","0","0","0","0","0","0","0","0"
"2.02297","0.500044","0.510901","0.041367","0.541313","0.54919","1.60902","1.71401e-15","3.03609","3.07056","3.08395","6.67241","0","0","0","0","0","0","0","0"
"2.02625","0.500044","0.511046","0.0413657","0.541204","0.548753","1.60657","1.71688e-15","3.03237","3.06489","3.07103","6.70465","0","0","0","0","0","0","0","0"
"2.02963","0.500044","0.511046","0.0413643","0.541715","0.54927","1.60164","1.71763e-15","3.02125","3.05894","3.06631","6.74428","0","0","0","0","0","0","0","0"
"2.03302","0.500044","0.511046","0.041363","0.542332","0.549359","1.60343","1.71449e-15","3.03524","3.05843","3.04707","6.73473","0","0","0","0","0","0","0","0"
"2.0364","0.500044","0.511046","0.0413615","0.542998","0.5499","1.60197","1.71252e-15","3.02731","3.05328","3.03412","6.73326","0","0","0","0","0","0","0","0"
"2.03988","0.500044","0.511046","0.0413582","0.542824","0.550011","1.59123","1.71279e-15","3.02191","3.05031","3.06364","6.73429","0","0","0","0","0","0","0","0"
"2.04318","0.500044","0.511191","0.041352","0.544226","0.551427","1.58653","1.71474e-15","3.03304","3.05382","3.06187","6.76581","0","0","0","0","0","0","0","0"
"2.04657","0.500044","0.511191","0.0413467","0.543994","0.551392","1.58517","1.71163e-15","3.02899","3.05422","3.05356","6.75892","0","0","0","0","0","0","0","0"
"2.04998","0.500044","0.511191","0.0413405","0.543889","0.551045","1.57933","1.71125e-15","3.03942","3.05595","3.05634","6.74035","0","0","0","0","0","0","0","0"
"2.05333","0.500044","0.511191","0.0413352","0.544782","0.552051","1.58394","1.71396e-15","3.0405","3.06178","3.03272","6.76375","0","0","0","0","0","0","0","0"
"2.05682","0.500044","0.511191","0.0413262","0.544616","0.552664","1.57932","1.71439e-15","3.03881","3.0668","3.03415","6.77111","0","0","0","0","0","0","0","0"
"2.0601","0.500044","0.51152","0.0413167","0.54351","0.551386","1.57303","1.71437e-15","3.0366","3.06428","3.04254","6.78471","0","0","0","0","0","0","0","0"
"2.0635","0.500044","0.51152","0.0413057","0.543581","0.551839","1.56503","1.71189e-15","3.02882","3.05885","3.05737","6.76066","0","0","0","0","0","0","0","0"
"2.06792","0.500044","0.51152","0.0412931","0.542175","0.550635","1.55212","1.71006e-15","3.03087","3.06294","3.09106","6.72482","0","0","0","0","0","0","0","0"
"2.07237","0.500044","0.51152","0.0412815","0.54093","0.549758","1.54754","1.71322e-15","3.03041","3.06885","3.08632","6.72113","0","0","0","0","0","0","0","0"
"2.07572","0.500044","0.511975","0.0412797","0.542529","0.550495","1.5668","1.71424e-15","3.03371","3.063","3.05462","6.71779","0","0","0","0","0","0","0","0"
"2.07912","0.500044","0.511975","0.0412778","0.543145","0.55025","1.57278","1.71328e-15","3.03671","3.06379","3.05577","6.70743","0","0","0","0","0","0","0","0"
"2.0825","0.500044","0.511975","0.041276","0.543092","0.550242","1.56484","1.71178e-15","3.03658","3.06396","3.07298","6.68279","0","0","0","0","0","0","0","0"
"2.08598","0.500044","0.511975","0.041274","0.542998","0.550104","1.55815","1.71185e-15","3.04424","3.0703","3.08132","6.67136","0","0","0","0","0","0","0","0"
"2.0895","0.500044","0.511975","0.041272","0.543197","0.549887","1.56062","1.71387e-15","3.04271","3.07132","3.05863","6.69935","0","0","0","0","0","0","0","0"
"2.09275","0.500044","0.512094","0.0412687","0.543394","0.550244","1.55628","1.71266e-15","3.03929","3.07246","3.05733","6.71538","0","0","0","0","0","0","0","0"
"2.09613","0.500044","0.512094","0.0412659","0.54405","0.550573","1.5595","1.70983e-15","3.03274","3.06682","3.03459","6.69652","0","0","0","0","0","0","0","0"
"2.09952","0.500044","0.512094","0.0412627","0.54527","0.551031","1.57989","1.7075e-15","3.05451","3.07121","3.04211","6.67693","0","0","0","0","0","0","0","0"
"2.1029","0.500044","0.512094","0.0412599","0.545459","0.551219","1.57656","1.7104e-15","3.05062","3.06329","3.04243","6.69094","0","0","0","0","0","0","0","0"
"2.1064","0.500044","0.512094","0.041255","0.544657","0.549947","1.58192","1.71037e-15","3.05131","3.06339","3.01977","6.72609","0","0","0","0","0","0","0","0"
"2.10967","0.500044","0.511968","0.041249","0.544696","0.550014","1.58464","1.71024e-15","3.04699","3.05738","3.00512","6.73672","0","0","0","0","0","0","0","0"
"2.11305","0.500044","0.511968","0.0412419","0.544305","0.549621","1.5805","1.7072e-15","3.04783","3.05928","3.00651","6.71361","0","0","0","0","0","0","0","0"
"2.11645","0.500044","0.511968","0.0412359","0.544161","0.549585","1.57325","1.70753e-15","3.04176","3.05481","3.01917","6.70583","0","0","0","0","0","0","0","0"
"2.11983","0.500044","0.511968","0.0412288","0.545704","0.551107","1.57857","1.71101e-15","3.04561","3.05222","2.98801","6.72483","0","0","0","0","0","0","0","0"
"2.12335","0.500044","0.511968","0.0412264","0.545553","0.551437","1.57885","1.70864e-15","3.05069","3.06388","2.97999","6.7033","0","0","0","0","0","0","0","0"
"2.12663","0.500044","0.512058","0.0412278","0.545833","0.55151","1.57241","1.70709e-15","3.0502","3.06282","2.98969","6.69444","0","0","0","0","0","0","0","0"
"2.13017","0.500044","0.512058","0.041229","0.546142","0.551073","1.56905","1.71019e-15","3.04954","3.06208","2.98666","6.70956","0","0","0","0","0","0","0","0"
"2.13342","0.500044","0.512058","0.0412303","0.546052","0.551095","1.56464","1.70856e-15","3.04392","3.06217","2.98669","6.7242","0","0","0","0","0","0","0","0"
"2.13678","0.500044","0.512058","0.0412315","0.545271","0.550213","1.55547","1.70662e-15","3.04722","3.06187","3.01123","6.69479","0","0","0","0","0","0","0","0"
"2.14028","0.500044","0.512058","0.0412371","0.546831","0.551544","1.56251","1.707e-15","3.05024","3.06176","3.02508","6.68586","0","0","0","0","0","0","0","0"
"2.14355","0.500044","0.512141","0.0412445","0.54644","0.551573","1.55717","1.70762e-15","3.05817","3.06152","3.02919","6.67188","0","0","0","0","0","0","0","0"
"2.14695","0.500044","0.512141","0.0412531","0.546522","0.551647","1.56051","1.705e-15","3.06195","3.05919","3.01672","6.65635","0","0","0","0","0","0","0","0"
"2.15137","0.500044","0.512141","0.041263","0.546512","0.551765","1.55984","1.70178e-15","3.05341","3.04704","3.01467","6.64879","0","0","0","0","0","0","0","0"
"2.1557","0.500044","0.512141","0.0412748","0.545848","0.551205","1.54855","1.7057e-15","3.05635","3.04401","3.03945","6.68253","0","0","0","0","0","0","0","0"
"2.15892","0.500044","0.512413","0.041284","0.546038","0.551212","1.56409","1.70352e-15","3.06149","3.04655","3.01533","6.68257","0","0","0","0","0","0","0","0"
"2.1623","0.500044","0.512413","0.0412933","0.546944","0.552026","1.573","1.70021e-15","3.05692","3.04266","3.00172","6.66142","0","0","0","0","0","0","0","0"
"2.1657","0.500044","0.512413","0.0413041","0.550328","0.554725","1.5884","1.70054e-15","3.07134","3.03671","2.98867","6.65245","0","0","0","0","0","0","0","0"
"2.16907","0.500044","0.512413","0.0413134","0.549919","0.554399","1.58441","1.70323e-15","3.072","3.03927","2.98716","6.6714","0","0","0","0","0","0","0","0"
"2.17258","0.500044","0.512413","0.0413226","0.549117","0.553503","1.59018","1.70499e-15","3.07618","3.0369","2.96481","6.69671","0","0","0","0","0","0","0","0"
"2.17585","0.500044","0.512614","0.0413269","0.550373","0.554601","1.60606","1.70464e-15","3.08605","3.05592","2.95243","6.67559","0","0","0","0","0","0","0","0"
"2.17923","0.500044","0.512614","0.0413319","0.550466","0.555182","1.60567","1.70274e-15","3.0843","3.04914","2.93778","6.63812","0","0","0","0","0","0","0","0"
"2.18262","0.500044","0.512614","0.0413362","0.551257","0.555807","1.60407","1.7049e-15","3.07969","3.05246","2.935","6.62494","0","0","0","0","0","0","0","0"
"2.186","0.500044","0.512614","0.0413412","0.550634","0.55545","1.59996","1.70959e-15","3.08734","3.05557","2.94748","6.65003","0","0","0","0","0","0","0","0"
"2.18952","0.500044","0.512614","0.0413451","0.550448","0.554986","1.59333","1.71043e-15","3.09031","3.05616","2.95759","6.65625","0","0","0","0","0","0","0","0"
"2.19282","0.500044","0.512915","0.0413487","0.550681","0.554998","1.5965","1.70829e-15","3.096","3.05716","2.93852","6.65278","0","0","0","0","0","0","0","0"
"2.1962","0.500044","0.512915","0.0413523","0.549539","0.553423","1.59663","1.70547e-15","3.09543","3.06186","2.91791","6.62933","0","0","0","0","0","0","0","0"
"2.19958","0.500044","0.512915","0.0413554","0.549304","0.552989","1.59529","1.70357e-15","3.09511","3.06251","2.90707","6.61043","0","0","0","0","0","0","0","0"
"2.20297","0.500044","0.512915","0.041359","0.549294","0.552918","1.59415","1.70545e-15","3.0965","3.05974","2.90646","6.63317","0","0","0","0","0","0","0","0"
"2.20645","0.500044","0.512915","0.0413628","0.550041","0.553702","1.61515","1.70455e-15","3.09458","3.06014","2.91247","6.61253","0","0","0","0","0","0","0","0"
"2.20975","0.500044","0.513338","0.041368","0.549596","0.553354","1.61494","1.70425e-15","3.09145","3.05409","2.90344","6.62933","0","0","0","0","0","0","0","0"
"2.21313","0.500044","0.513338","0.0413724","0.549493","0.552886","1.60874","1.70232e-15","3.10578","3.05655","2.91865","6.60043","0","0","0","0","0","0","0","0"
"2.21653","0.500044","0.513338","0.0413776","0.549464","0.552669","1.61799","1.70235e-15","3.10437","3.05035","2.89191","6.58237","0","0","0","0","0","0","0","0"
"2.21992","0.500044","0.513338","0.041382","0.550645","0.553902","1.63403","1.70541e-15","3.10052","3.04544","2.89608","6.62627","0","0","0","0","0","0","0","0"
"2.23565","0.500044","0.513338","0.0414105","0.551088","0.554363","1.64209","1.70213e-15","3.08095","3.06853","2.87115","6.64329","0","0","0","0","0","0","0","0"
"2.23923","0.500044","0.513295","0.0414228","0.551653","0.555617","1.65309","1.69976e-15","3.09357","3.06636","2.85991","6.61674","0","0","0","0","0","0","0","0"
"2.24253","0.500044","0.513209","0.041429","0.551103","0.555236","1.64287","1.70217e-15","3.09456","3.06467","2.88928","6.64308","0","0","0","0","0","0","0","0"
"2.2459","0.500044","0.513209","0.0414363","0.550959","0.555486","1.63336","1.70416e-15","3.09369","3.08136","2.9122","6.67308","0","0","0","0","0","0","0","0"
"2.24932","0.500044","0.513209","0.0414426","0.550961","0.555446","1.6305","1.70616e-15","3.08931","3.07773","2.90861","6.70678","0","0","0","0","0","0","0","0"
"2.25267","0.500044","0.513209","0.0414498","0.551423","0.556184","1.63044","1.70488e-15","3.09528","3.09109","2.89568","6.72066","0","0","0","0","0","0","0","0"
"2.25618","0.500044","0.513209","0.0414567","0.551183","0.555778","1.63002","1.70212e-15","3.09264","3.08736","2.88411","6.70771","0","0","0","0","0","0","0","0"
"2.25945","0.500044","0.513438","0.041466","0.550821","0.555724","1.62422","1.70095e-15","3.08847","3.0761","2.89217","6.68632","0","0","0","0","0","0","0","0"
"2.26285","0.500044","0.513438","0.041474","0.551205","0.556205","1.638","1.70449e-15","3.08604","3.073","2.87687","6.70006","0","0","0","0","0","0","0","0"
"2.26622","0.500044","0.513438","0.0414833","0.552273","0.557606","1.6522","1.70757e-15","3.08044","3.06729","2.85738","6.7246","0","0","0","0","0","0","0","0"
"2.26962","0.500044","0.513438","0.0414913","0.552575","0.557688","1.65543","1.71071e-15","3.07729","3.0613","2.84797","6.76307","0","0","0","0","0","0","0","0"
"2.27308","0.500044","0.513438","0.0414993","0.552603","0.558395","1.6564","1.70964e-15","3.08648","3.06195","2.83606","6.76889","0","0","0","0","0","0","0","0"
"2.27638","0.500044","0.513763","0.0415048","0.552397","0.558162","1.6491","1.70758e-15","3.09765","3.0711","2.85392","6.75518","0","0","0","0","0","0","0","0"
"2.27975","0.500044","0.513763","0.0415111","0.551836","0.557782","1.64129","1.7046e-15","3.0945","3.06526","2.87019","6.73038","0","0","0","0","0","0","0","0"
"2.2832","0.500044","0.513763","0.0415166","0.552639","0.558937","1.63791","1.70586e-15","3.09152","3.06799","2.87005","6.72898","0","0","0","0","0","0","0","0"
"2.28653","0.500044","0.513763","0.0415229","0.552372","0.558569","1.63001","1.70801e-15","3.0871","3.06559","2.88469","6.73649","0","0","0","0","0","0","0","0"
"2.29003","0.500044","0.513763","0.0415272","0.551993","0.55845","1.62404","1.70874e-15","3.09045","3.06614","2.89298","6.73853","0","0","0","0","0","0","0","0"
"2.2933","0.500044","0.514135","0.0415308","0.551605","0.558345","1.62097","1.70709e-15","3.08721","3.06045","2.88728","6.72519","0","0","0","0","0","0","0","0"
"2.29672","0.500044","0.514135","0.0415338","0.551428","0.557982","1.61342","1.70486e-15","3.09282","3.06137","2.90558","6.70574","0","0","0","0","0","0","0","0"
"2.30027","0.500044","0.514135","0.0415374","0.550891","0.557693","1.60895","1.70526e-15","3.09463","3.06245","2.90513","6.69852","0","0","0","0","0","0","0","0"
"2.30348","0.500044","0.514135","0.0415405","0.550955","0.557713","1.60542","1.70805e-15","3.09293","3.05525","2.90883","6.71293","0","0","0","0","0","0","0","0"
"2.30695","0.500044","0.514135","0.041544","0.551884","0.558936","1.60603","1.70765e-15","3.09548","3.04875","2.90162","6.72317","0","0","0","0","0","0","0","0"
"2.31025","0.500044","0.514532","0.0415471","0.551741","0.559362","1.6095","1.70884e-15","3.09934","3.04847","2.88503","6.73638","0","0","0","0","0","0","0","0"
"2.31363","0.500044","0.514532","0.0415507","0.550879","0.558329","1.61547","1.70482e-15","3.1046","3.05428","2.85905","6.71856","0","0","0","0","0","0","0","0"
"2.31807","0.500044","0.514532","0.0415548","0.550628","0.558424","1.61523","1.70262e-15","3.10683","3.05561","2.847","6.68661","0","0","0","0","0","0","0","0"
"2.32235","0.500044","0.514532","0.0415601","0.550933","0.558857","1.61734","1.70269e-15","3.11021","3.05987","2.82744","6.66419","0","0","0","0","0","0","0","0"
"2.32565","0.500044","0.514769","0.0415652","0.549858","0.557521","1.61623","1.70309e-15","3.11179","3.06568","2.81644","6.68139","0","0","0","0","0","0","0","0"
"2.329","0.500044","0.514769","0.0415703","0.549523","0.557321","1.61978","1.70321e-15","3.11193","3.06321","2.80055","6.68942","0","0","0","0","0","0","0","0"
"2.33235","0.500044","0.514769","0.0415763","0.549382","0.557175","1.6117","1.6995e-15","3.10989","3.06187","2.82292","6.67527","0","0","0","0","0","0","0","0"
"2.33577","0.500044","0.514769","0.0415814","0.549811","0.557237","1.60847","1.69833e-15","3.11333","3.06037","2.82454","6.65288","0","0","0","0","0","0","0","0"
"2.33923","0.500044","0.514769","0.0415844","0.549077","0.556566","1.60735","1.69878e-15","3.12048","3.06372","2.81356","6.64738","0","0","0","0","0","0","0","0"
"2.34255","0.500044","0.514922","0.0415807","0.548362","0.556016","1.60712","1.70021e-15","3.11857","3.06444","2.80661","6.65921","0","0","0","0","0","0","0","0"
"2.3459","0.500044","0.514922","0.0415764","0.54767","0.555119","1.61612","1.70113e-15","3.11909","3.06976","2.7984","6.67565","0","0","0","0","0","0","0","0"
"2.3493","0.500044","0.514922","0.0415728","0.548652","0.555775","1.62163","1.69992e-15","3.11325","3.06104","2.79424","6.67851","0","0","0","0","0","0","0","0"
"2.35268","0.500044","0.514922","0.0415685","0.54809","0.554968","1.6157","1.69667e-15","3.13353","3.09749","2.80236","6.66504","0","0","0","0","0","0","0","0"
"2.35618","0.500044","0.514922","0.0415634","0.547674","0.554445","1.6168","1.69703e-15","3.13416","3.09394","2.78866","6.67017","0","0","0","0","0","0","0","0"
"2.35945","0.500044","0.514795","0.0415542","0.547314","0.553917","1.6117","1.69803e-15","3.12924","3.09591","2.79248","6.68091","0","0","0","0","0","0","0","0"
"2.36287","0.500044","0.514795","0.0415463","0.546288","0.552879","1.60736","1.69977e-15","3.12872","3.09635","2.79925","6.70269","0","0","0","0","0","0","0","0"
"2.36622","0.500044","0.514795","0.0415372","0.545989","0.55275","1.60163","1.6981e-15","3.12278","3.09535","2.8073","6.68511","0","0","0","0","0","0","0","0"
"2.3696","0.500044","0.514795","0.0415293","0.54571","0.553095","1.59817","1.69773e-15","3.12145","3.09158","2.80703","6.65611","0","0","0","0","0","0","0","0"
"2.37308","0.500044","0.514795","0.0415242","0.547038","0.554228","1.59673","1.69775e-15","3.12797","3.08812","2.80278","6.6509","0","0","0","0","0","0","0","0"
"2.37637","0.500044","0.514445","0.0415246","0.547244","0.553821","1.59346","1.6991e-15","3.11944","3.08514","2.8021","6.67173","0","0","0","0","0","0","0","0"
"2.37975","0.500044","0.514445","0.041525","0.547202","0.553866","1.58657","1.69741e-15","3.1213","3.07976","2.81531","6.6719","0","0","0","0","0","0","0","0"
"2.38317","0.500044","0.514445","0.0415253","0.547794","0.554669","1.58237","1.69487e-15","3.11969","3.07844","2.82013","6.65842","0","0","0","0","0","0","0","0"
"2.38653","0.500044","0.514445","0.0415257","0.546227","0.553155","1.57541","1.69459e-15","3.12762","3.08383","2.83211","6.64104","0","0","0","0","0","0","0","0"
"2.39003","0.500044","0.514445","0.0415274","0.546725","0.553848","1.57152","1.6939e-15","3.15627","3.10657","2.83505","6.62865","0","0","0","0","0","0","0","0"
"2.3933","0.500044","0.514144","0.041531","0.54595","0.55315","1.56301","1.69606e-15","3.15507","3.10529","2.85647","6.6306","0","0","0","0","0","0","0","0"
"2.3967","0.500044","0.514144","0.041534","0.545786","0.552845","1.56357","1.69769e-15","3.15739","3.10581","2.85562","6.64858","0","0","0","0","0","0","0","0"
"2.4014","0.500044","0.514144","0.0415385","0.548032","0.554394","1.58665","1.69753e-15","3.1679","3.11401","2.93678","6.67384","0","0","0","0","0","0","0","0"
"2.4057","0.500044","0.514144","0.0415402","0.547162","0.553749","1.57894","1.69361e-15","3.16426","3.10989","2.94773","6.64716","0","0","0","0","0","0","0","0"
"2.40892","0.500044","0.514273","0.0415345","0.546581","0.55325","1.58057","1.69222e-15","3.16759","3.12581","2.93691","6.64129","0","0","0","0","0","0","0","0"
"2.41233","0.500044","0.514273","0.0415288","0.546445","0.553096","1.57828","1.69431e-15","3.17158","3.12783","2.93649","6.65001","0","0","0","0","0","0","0","0"
"2.4157","0.500044","0.514273","0.0415222","0.545736","0.552441","1.57102","1.69673e-15","3.16965","3.12512","2.95346","6.66103","0","0","0","0","0","0","0","0"
"2.4192","0.500044","0.514273","0.0415165","0.545395","0.552387","1.5646","1.69848e-15","3.16466","3.11735","2.9687","6.66966","0","0","0","0","0","0","0","0"
"2.42257","0.500044","0.514273","0.0415064","0.545728","0.552255","1.57265","1.6984e-15","3.16052","3.11321","2.97734","6.67859","0","0","0","0","0","0","0","0"
"2.42588","0.500044","0.514312","0.0414902","0.546005","0.55287","1.57799","1.69738e-15","3.16133","3.12315","2.96191","6.68787","0","0","0","0","0","0","0","0"
"2.42923","0.500044","0.514312","0.0414713","0.54654","0.552889","1.57242","1.6944e-15","3.17678","3.12303","2.97793","6.67221","0","0","0","0","0","0","0","0"
"2.43265","0.500044","0.514312","0.0414551","0.546137","0.552928","1.56635","1.69425e-15","3.17076","3.11793","2.99131","6.65377","0","0","0","0","0","0","0","0"
"2.436","0.500044","0.514312","0.0414362","0.545869","0.552897","1.56312","1.69594e-15","3.17619","3.1219","2.98842","6.65487","0","0","0","0","0","0","0","0"
"2.43952","0.500044","0.514312","0.0414225","0.546124","0.553321","1.56852","1.6977e-15","3.17111","3.1263","2.98766","6.66138","0","0","0","0","0","0","0","0"
"2.44278","0.500044","0.514237","0.0414125","0.546486","0.553435","1.56677","1.69755e-15","3.16898","3.12022","2.98163","6.6715","0","0","0","0","0","0","0","0"
"2.44618","0.500044","0.514237","0.0414039","0.546048","0.552742","1.56688","1.69677e-15","3.16958","3.12564","2.97641","6.65717","0","0","0","0","0","0","0","0"
"2.44953","0.500044","0.514237","0.0413938","0.54633","0.552959","1.5669","1.69374e-15","3.17089","3.12961","2.97114","6.641","0","0","0","0","0","0","0","0"
"2.45293","0.500044","0.514237","0.0413852","0.545587","0.552344","1.55983","1.69285e-15","3.17061","3.12751","2.99017","6.62969","0","0","0","0","0","0","0","0"
"2.45642","0.500044","0.514237","0.0413784","0.545905","0.552528","1.55528","1.69377e-15","3.16716","3.12678","2.99442","6.62572","0","0","0","0","0","0","0","0"
"2.4597","0.500044","0.514299","0.0413763","0.545591","0.552406","1.54817","1.69679e-15","3.16202","3.12433","3.01487","6.63203","0","0","0","0","0","0","0","0"
"2.46308","0.500044","0.514299","0.0413739","0.545322","0.551764","1.54281","1.69782e-15","3.16089","3.12578","3.02341","6.64894","0","0","0","0","0","0","0","0"
"2.4665","0.500044","0.514299","0.0413718","0.544323","0.550916","1.53829","1.69777e-15","3.1651","3.1308","3.03117","6.65049","0","0","0","0","0","0","0","0"
"2.46987","0.500044","0.514299","0.0413693","0.543962","0.550587","1.53643","1.69523e-15","3.16307","3.12351","3.02682","6.63566","0","0","0","0","0","0","0","0"
"2.47337","0.500044","0.514299","0.0413698","0.543742","0.550407","1.5388","1.69331e-15","3.15965","3.11659","3.02589","6.62091","0","0","0","0","0","0","0","0"
"2.47663","0.500044","0.514389","0.0413734","0.544433","0.551182","1.54017","1.69374e-15","3.15477","3.11792","3.01574","6.63639","0","0","0","0","0","0","0","0"
"2.48003","0.500044","0.514389","0.0413765","0.543976","0.550862","1.54193","1.69607e-15","3.15635","3.11691","2.9991","6.64221","0","0","0","0","0","0","0","0"
"2.4847","0.500044","0.514389","0.0413812","0.544246","0.551044","1.55623","1.69895e-15","3.14957","3.11713","3.00353","6.67334","0","0","0","0","0","0","0","0"
"2.48903","0.500044","0.514389","0.0413852","0.544477","0.5511","1.54882","1.69886e-15","3.14746","3.11814","3.01644","6.70193","0","0","0","0","0","0","0","0"
"2.49225","0.500044","0.514198","0.0413865","0.543658","0.550222","1.54869","1.69634e-15","3.14709","3.11976","3.00263","6.68406","0","0","0","0","0","0","0","0"
"2.49567","0.500044","0.514198","0.0413878","0.543945","0.550375","1.54666","1.69486e-15","3.13883","3.11449","2.9992","6.66095","0","0","0","0","0","0","0","0"
"2.49903","0.500044","0.514198","0.0413893","0.54511","0.550826","1.55177","1.69488e-15","3.14117","3.10926","2.98689","6.64029","0","0","0","0","0","0","0","0"
"2.50242","0.500044","0.514198","0.0413906","0.544733","0.550152","1.5538","1.6968e-15","3.13917","3.10836","2.98095","6.64681","0","0","0","0","0","0","0","0"
"2.5059","0.500044","0.514198","0.04139","0.54468","0.550055","1.56207","1.69784e-15","3.14112","3.10525","2.97025","6.65995","0","0","0","0","0","0","0","0"
"2.50918","0.500044","0.514058","0.041385","0.544747","0.550033","1.56233","1.69589e-15","3.14217","3.10865","2.95867","6.6461","0","0","0","0","0","0","0","0"
"2.51257","0.500044","0.514058","0.0413791","0.544648","0.549855","1.5766","1.69408e-15","3.14093","3.10992","2.95195","6.62585","0","0","0","0","0","0","0","0"
"2.51597","0.500044","0.514058","0.041374","0.544423","0.54979","1.572","1.6955e-15","3.14055","3.10488","2.95923","6.6393","0","0","0","0","0","0","0","0"
"2.51933","0.500044","0.514058","0.0413681","0.544264","0.549779","1.56686","1.69789e-15","3.13824","3.1002","2.96977","6.66726","0","0","0","0","0","0","0","0"
"2.52285","0.500044","0.514058","0.0413646","0.544025","0.549547","1.56389","1.6982e-15","3.13982","3.0988","2.97245","6.66049","0","0","0","0","0","0","0","0"
"2.52612","0.500044","0.514027","0.0413642","0.544483","0.549888","1.55834","1.69533e-15","3.13884","3.09774","2.98313","6.64397","0","0","0","0","0","0","0","0"
"2.52948","0.500044","0.514027","0.0413637","0.543979","0.54963","1.55461","1.69589e-15","3.14177","3.09658","2.98509","6.63575","0","0","0","0","0","0","0","0"
"2.53288","0.500044","0.514027","0.0413633","0.54338","0.548909","1.54985","1.69786e-15","3.14008","3.09148","2.99034","6.6707","0","0","0","0","0","0","0","0"
"2.53627","0.500044","0.514027","0.0413629","0.542287","0.547971","1.54411","1.69815e-15","3.14319","3.09315","3.00354","6.67962","0","0","0","0","0","0","0","0"
"2.53975","0.500044","0.514027","0.0413632","0.542628","0.548392","1.5402","1.69586e-15","3.13891","3.08666","3.00716","6.67614","0","0","0","0","0","0","0","0"
"2.54303","0.500044","0.513945","0.0413644","0.543514","0.548855","1.54017","1.69494e-15","3.14328","3.07887","2.99617","6.66522","0","0","0","0","0","0","0","0"
"2.54642","0.500044","0.513945","0.0413657","0.543698","0.549305","1.53609","1.69729e-15","3.14923","3.0866","3.00343","6.67673","0","0","0","0","0","0","0","0"
"2.5498","0.500044","0.513945","0.0413669","0.543395","0.548961","1.53672","1.69967e-15","3.14837","3.08567","2.99064","6.69228","0","0","0","0","0","0","0","0"
"2.55318","0.500044","0.513945","0.0413682","0.543427","0.549003","1.53226","1.70146e-15","3.14473","3.08135","2.99666","6.7178","0","0","0","0","0","0","0","0"
"2.55668","0.500044","0.513945","0.0413691","0.542907","0.548631","1.52534","1.70095e-15","3.14315","3.07982","3.0178","6.72924","0","0","0","0","0","0","0","0"
"2.55995","0.500044","0.513862","0.0413699","0.542445","0.548286","1.52563","1.69857e-15","3.13978","3.07962","3.01769","6.71806","0","0","0","0","0","0","0","0"
"2.56333","0.500044","0.513862","0.0413705","0.542175","0.54796","1.52274","1.69658e-15","3.13713","3.08207","3.01744","6.70437","0","0","0","0","0","0","0","0"
"2.56803","0.500044","0.513862","0.0413715","0.543423","0.548486","1.52728","1.69716e-15","3.13152","3.07778","3.00827","6.71507","0","0","0","0","0","0","0","0"
"2.57237","0.500044","0.513862","0.0413707","0.542775","0.548435","1.52754","1.69961e-15","3.13071","3.07681","2.99735","6.72356","0","0","0","0","0","0","0","0"
"2.57558","0.500044","0.513825","0.0413661","0.542535","0.547888","1.52786","1.69808e-15","3.12771","3.07883","2.9874","6.71187","0","0","0","0","0","0","0","0"
"2.57897","0.500044","0.513825","0.0413616","0.542684","0.548038","1.52317","1.6967e-15","3.12606","3.07958","2.99702","6.69255","0","0","0","0","0","0","0","0"
"2.58237","0.500044","0.513825","0.0413563","0.542604","0.548085","1.5256","1.6974e-15","3.12628","3.08076","2.97843","6.70561","0","0","0","0","0","0","0","0"
"2.58573","0.500044","0.513825","0.0413517","0.54248","0.548092","1.53379","1.69976e-15","3.12377","3.08081","2.95625","6.71978","0","0","0","0","0","0","0","0"
"2.58922","0.500044","0.513825","0.0413445","0.541947","0.5477","1.53266","1.6996e-15","3.1241","3.08146","2.94902","6.73748","0","0","0","0","0","0","0","0"
"2.59252","0.500044","0.513777","0.0413344","0.542328","0.548032","1.53182","1.6984e-15","3.11864","3.0759","2.94782","6.73313","0","0","0","0","0","0","0","0"
"2.5959","0.500044","0.513777","0.0413226","0.54353","0.549079","1.53831","1.69611e-15","3.12397","3.09777","2.94656","6.72058","0","0","0","0","0","0","0","0"
"2.59928","0.500044","0.513777","0.0413124","0.543476","0.549001","1.54416","1.69433e-15","3.12354","3.0967","2.93393","6.70715","0","0","0","0","0","0","0","0"
"2.60267","0.500044","0.513777","0.0413006","0.544602","0.550023","1.55","1.69538e-15","3.11883","3.0949","2.91735","6.69324","0","0","0","0","0","0","0","0"
"2.60617","0.500044","0.513777","0.0412899","0.544417","0.549796","1.5517","1.69628e-15","3.11915","3.10755","2.90737","6.68132","0","0","0","0","0","0","0","0"
"2.60945","0.500044","0.513724","0.0412761","0.544406","0.550229","1.55116","1.6977e-15","3.12275","3.12089","2.90237","6.67598","0","0","0","0","0","0","0","0"
"2.61282","0.500044","0.513724","0.0412642","0.544287","0.550296","1.54856","1.69929e-15","3.11888","3.11769","2.9022","6.68808","0","0","0","0","0","0","0","0"
"2.6162","0.500044","0.513724","0.0412504","0.544491","0.550113","1.54973","1.69937e-15","3.11252","3.11326","2.89535","6.70843","0","0","0","0","0","0","0","0"
"2.61958","0.500044","0.513724","0.0412386","0.54431","0.550036","1.55433","1.6981e-15","3.10869","3.10972","2.88534","6.69575","0","0","0","0","0","0","0","0"
"2.62308","0.500044","0.513724","0.0412277","0.544835","0.550274","1.55214","1.69617e-15","3.10779","3.10955","2.88167","6.68011","0","0","0","0","0","0","0","0"
"2.62635","0.500044","0.513863","0.0412216","0.544378","0.550157","1.55465","1.69512e-15","3.10739","3.10845","2.86695","6.66179","0","0","0","0","0","0","0","0"
"2.62975","0.500044","0.513863","0.0412146","0.543835","0.549646","1.55584","1.69563e-15","3.10547","3.10921","2.86242","6.66693","0","0","0","0","0","0","0","0"
"2.63313","0.500044","0.513863","0.0412085","0.543655","0.549472","1.55023","1.69741e-15","3.11354","3.11354","2.87953","6.67763","0","0","0","0","0","0","0","0"
"2.63652","0.500044","0.513863","0.0412015","0.543782","0.54952","1.54998","1.69946e-15","3.12021","3.11513","2.86782","6.70376","0","0","0","0","0","0","0","0"
"2.64003","0.500044","0.513863","0.0411997","0.542988","0.549275","1.54684","1.70067e-15","3.11965","3.10967","2.8685","6.691","0","0","0","0","0","0","0","0"
"2.64328","0.500044","0.514134","0.0412027","0.542736","0.549092","1.54146","1.70265e-15","3.11525","3.10716","2.87818","6.71629","0","0","0","0","0","0","0","0"
"2.64667","0.500044","0.514134","0.0412052","0.542201","0.54843","1.53844","1.70392e-15","3.12252","3.10925","2.88119","6.74632","0","0","0","0","0","0","0","0"
"2.65137","0.500044","0.514134","0.041209","0.542471","0.548381","1.53146","1.7041e-15","3.12132","3.11109","2.89419","6.75927","0","0","0","0","0","0","0","0"
"2.65567","0.500044","0.514134","0.0412137","0.541359","0.547414","1.52931","1.70173e-15","3.12269","3.11184","2.88734","6.74229","0","0","0","0","0","0","0","0"
"2.65892","0.500044","0.514073","0.0412186","0.541248","0.547042","1.53235","1.69933e-15","3.12302","3.11311","2.86904","6.72638","0","0","0","0","0","0","0","0"
"2.6623","0.500044","0.514073","0.0412236","0.540779","0.54652","1.53332","1.6984e-15","3.11987","3.11053","2.86213","6.70952","0","0","0","0","0","0","0","0"
"2.66573","0.500044","0.514073","0.0412294","0.540485","0.54619","1.53914","1.6975e-15","3.11784","3.107","2.84488","6.69597","0","0","0","0","0","0","0","0"
"2.6691","0.500044","0.514073","0.0412351","0.540618","0.546826","1.53381","1.69913e-15","3.11049","3.09887","2.85559","6.66339","0","0","0","0","0","0","0","0"
"2.6726","0.500044","0.514073","0.0412395","0.541004","0.547182","1.53109","1.69927e-15","3.11199","3.10088","2.85532","6.64504","0","0","0","0","0","0","0","0"
"2.67588","0.500044","0.513801","0.0412432","0.540745","0.546992","1.52564","1.7007e-15","3.10473","3.09489","2.8652","6.65102","0","0","0","0","0","0","0","0"
"2.67925","0.500044","0.513801","0.0412464","0.540755","0.546646","1.52113","1.70153e-15","3.10322","3.09342","2.8721","6.65433","0","0","0","0","0","0","0","0"
"2.68265","0.500044","0.513801","0.0412501","0.540222","0.545925","1.52046","1.70409e-15","3.10322","3.09606","2.87077","6.67904","0","0","0","0","0","0","0","0"
"2.68602","0.500044","0.513801","0.0412533","0.540036","0.545858","1.52432","1.70435e-15","3.10471","3.08825","2.86542","6.68627","0","0","0","0","0","0","0","0"
"2.68953","0.500044","0.513801","0.0412553","0.539425","0.545419","1.5225","1.70243e-15","3.10263","3.08986","2.86435","6.66993","0","0","0","0","0","0","0","0"
"2.6928","0.500044","0.513493","0.0412551","0.539158","0.545621","1.51802","1.70043e-15","3.10034","3.09055","2.87168","6.65476","0","0","0","0","0","0","0","0"
"2.69618","0.500044","0.513493","0.0412548","0.53842","0.545023","1.51231","1.69838e-15","3.10476","3.09367","2.88422","6.6372","0","0","0","0","0","0","0","0"
"2.69957","0.500044","0.513493","0.0412546","0.53878","0.545349","1.50986","1.69656e-15","3.1106","3.09282","2.88665","6.62741","0","0","0","0","0","0","0","0"
"2.70295","0.500044","0.513493","0.0412543","0.537696","0.544144","1.50689","1.69808e-15","3.11264","3.09712","2.88407","6.61553","0","0","0","0","0","0","0","0"
"2.70645","0.500044","0.513493","0.0412527","0.537958","0.54448","1.51008","1.69723e-15","3.10875","3.09959","2.88163","6.60612","0","0","0","0","0","0","0","0"
"2.70973","0.500044","0.513381","0.0412492","0.538035","0.544155","1.5083","1.69979e-15","3.10799","3.09955","2.87668","6.62003","0","0","0","0","0","0","0","0"
"2.71312","0.500044","0.513381","0.0412462","0.538251","0.544564","1.5029","1.70155e-15","3.10608","3.10576","2.88968","6.63339","0","0","0","0","0","0","0","0"
"2.7165","0.500044","0.513381","0.0412427","0.537606","0.54386","1.49897","1.70436e-15","3.10607","3.10658","2.89235","6.64878","0","0","0","0","0","0","0","0"
"2.7199","0.500044","0.513381","0.0412397","0.538203","0.544439","1.4979","1.70506e-15","3.09929","3.10989","2.88677","6.65919","0","0","0","0","0","0","0","0"
"2.72338","0.500044","0.513381","0.0412393","0.538554","0.544694","1.5042","1.7033e-15","3.10001","3.1133","2.88789","6.65315","0","0","0","0","0","0","0","0"
"2.72665","0.500044","0.513116","0.0412411","0.538296","0.544326","1.50626","1.70119e-15","3.10025","3.11058","2.89226","6.63724","0","0","0","0","0","0","0","0"
"2.73005","0.500044","0.513116","0.0412432","0.538925","0.544624","1.50121","1.70002e-15","3.09777","3.10627","2.90138","6.61576","0","0","0","0","0","0","0","0"
"2.73473","0.500044","0.513116","0.0412458","0.539463","0.545116","1.50427","1.70243e-15","3.09529","3.10684","2.90306","6.62405","0","0","0","0","0","0","0","0"
"2.73902","0.500044","0.513116","0.0412487","0.540379","0.545382","1.51139","1.70443e-15","3.09141","3.10972","2.88595","6.62452","0","0","0","0","0","0","0","0"
"2.74227","0.500044","0.512961","0.0412519","0.540347","0.545382","1.51641","1.70463e-15","3.09137","3.11279","2.87488","6.63391","0","0","0","0","0","0","0","0"
"2.74567","0.500044","0.512961","0.0412558","0.539611","0.544646","1.51359","1.70362e-15","3.09092","3.11567","2.87591","6.63065","0","0","0","0","0","0","0","0"
"2.74905","0.500044","0.512961","0.0412591","0.539472","0.544254","1.51515","1.70119e-15","3.08668","3.11083","2.86421","6.62131","0","0","0","0","0","0","0","0"
"2.75243","0.500044","0.512961","0.0412629","0.539685","0.54466","1.51118","1.69917e-15","3.08037","3.11048","2.8725","6.59846","0","0","0","0","0","0","0","0"
"2.75592","0.500044","0.512961","0.0412643","0.540292","0.545122","1.51961","1.69793e-15","3.07537","3.10639","2.86402","6.58449","0","0","0","0","0","0","0","0"
"2.75922","0.500044","0.513049","0.0412613","0.540633","0.545739","1.52908","1.69965e-15","3.07226","3.10356","2.85607","6.58389","0","0","0","0","0","0","0","0"
"2.76258","0.500044","0.513049","0.0412587","0.540107","0.545108","1.52908","1.70109e-15","3.06974","3.10183","2.84679","6.59249","0","0","0","0","0","0","0","0"
"2.76598","0.500044","0.513049","0.0412557","0.540449","0.545236","1.52256","1.70303e-15","3.06753","3.10959","2.86304","6.60454","0","0","0","0","0","0","0","0"
"2.76935","0.500044","0.513049","0.0412531","0.539945","0.544573","1.51886","1.70261e-15","3.0659","3.10834","2.86655","6.61784","0","0","0","0","0","0","0","0"
"2.77287","0.500044","0.513049","0.0412503","0.539716","0.544214","1.52163","1.70196e-15","3.0686","3.10951","2.85577","6.6131","0","0","0","0","0","0","0","0"
"2.77615","0.500044","0.513101","0.0412481","0.539616","0.544372","1.51562","1.70155e-15","3.06587","3.10375","2.87176","6.60828","0","0","0","0","0","0","0","0"
"2.77953","0.500044","0.513101","0.0412456","0.539517","0.544099","1.51481","1.69994e-15","3.07151","3.10315","2.87491","6.59913","0","0","0","0","0","0","0","0"
"2.78292","0.500044","0.513101","0.0412434","0.539419","0.543729","1.5193","1.69741e-15","3.06547","3.10305","2.86268","6.5917","0","0","0","0","0","0","0","0"
"2.7863","0.500044","0.513101","0.0412408","0.539028","0.543702","1.52539","1.69492e-15","3.06751","3.1008","2.84158","6.5802","0","0","0","0","0","0","0","0"
"2.78978","0.500044","0.513101","0.0412402","0.5388","0.543691","1.53425","1.69454e-15","3.064","3.09979","2.82233","6.56481","0","0","0","0","0","0","0","0"
"2.79307","0.500044","0.513055","0.0412414","0.539227","0.544221","1.53014","1.69547e-15","3.06942","3.10178","2.83102","6.55273","0","0","0","0","0","0","0","0"
"2.79645","0.500044","0.513055","0.0412424","0.538839","0.543897","1.52379","1.69669e-15","3.06771","3.10351","2.84842","6.58661","0","0","0","0","0","0","0","0"
"2.79983","0.500044","0.513055","0.0412435","0.539203","0.544077","1.5217","1.69896e-15","3.06262","3.10032","2.84743","6.61516","0","0","0","0","0","0","0","0"
"2.80323","0.500044","0.513055","0.0412445","0.538954","0.543899","1.5212","1.70211e-15","3.05881","3.09743","2.84003","6.65213","0","0","0","0","0","0","0","0"
"2.80672","0.500044","0.513055","0.0412469","0.538945","0.544284","1.52375","1.70323e-15","3.0585","3.10103","2.82972","6.64132","0","0","0","0","0","0","0","0"
"2.81","0.500044","0.512855","0.0412497","0.539285","0.544616","1.53677","1.70492e-15","3.06082","3.09958","2.83656","6.68453","0","0","0","0","0","0","0","0"
"2.81338","0.500044","0.512855","0.041253","0.540006","0.54556","1.55872","1.7055e-15","3.05759","3.10711","2.86586","6.70274","0","0","0","0","0","0","0","0"
"2.81802","0.500044","0.512855","0.0412568","0.539777","0.545489","1.55482","1.70439e-15","3.05613","3.10754","2.87286","6.69811","0","0","0","0","0","0","0","0"
"2.82235","0.500044","0.512855","0.0412621","0.539838","0.545418","1.54608","1.70156e-15","3.04886","3.10155","2.89474","6.67497","0","0","0","0","0","0","0","0"
"2.82552","0.500044","0.512792","0.0412682","0.539313","0.544835","1.54641","1.70361e-15","3.04875","3.10179","2.89576","6.68947","0","0","0","0","0","0","0","0"
"2.8289","0.500044","0.512792","0.0412743","0.539205","0.545182","1.54983","1.70652e-15","3.04467","3.09515","2.87791","6.72267","0","0","0","0","0","0","0","0"
"2.8323","0.500044","0.512792","0.0412814","0.539182","0.545372","1.54909","1.70717e-15","3.04155","3.09248","2.8728","6.74279","0","0","0","0","0","0","0","0"
"2.83568","0.500044","0.512792","0.0412875","0.538905","0.544916","1.54239","1.70563e-15","3.03808","3.09169","2.89202","6.7321","0","0","0","0","0","0","0","0"
"2.83917","0.500044","0.512792","0.0412977","0.538937","0.545139","1.53977","1.7037e-15","3.03926","3.08974","2.89437","6.71353","0","0","0","0","0","0","0","0"
"2.84245","0.500044","0.512904","0.0413133","0.53861","0.544767","1.53574","1.70411e-15","3.03759","3.08756","2.89918","6.70881","0","0","0","0","0","0","0","0"
"2.84583","0.500044","0.512904","0.0413315","0.539106","0.545819","1.52865","1.70558e-15","3.03595","3.08998","2.91835","6.74374","0","0","0","0","0","0","0","0"
"2.84922","0.500044","0.512904","0.0413471","0.539003","0.545502","1.5282","1.70537e-15","3.03446","3.09035","2.90898","6.74959","0","0","0","0","0","0","0","0"
"2.8526","0.500044","0.512904","0.0413653","0.538224","0.545038","1.5278","1.70327e-15","3.03354","3.086","2.90115","6.73719","0","0","0","0","0","0","0","0"
"2.85612","0.500044","0.512904","0.041379","0.538556","0.545512","1.52947","1.70212e-15","3.02532","3.08868","2.89654","6.71039","0","0","0","0","0","0","0","0"
"2.85938","0.500044","0.512847","0.0413901","0.538323","0.54542","1.52464","1.70198e-15","3.02972","3.09093","2.90505","6.6966","0","0","0","0","0","0","0","0"
"2.86277","0.500044","0.512847","0.0413997","0.538341","0.545275","1.52103","1.70487e-15","3.02597","3.0924","2.90868","6.71354","0","0","0","0","0","0","0","0"
"2.86615","0.500044","0.512847","0.0414109","0.53801","0.544882","1.5168","1.70758e-15","3.03162","3.10656","2.91152","6.73755","0","0","0","0","0","0","0","0"
"2.86953","0.500044","0.512847","0.0414205","0.53759","0.544314","1.51471","1.70799e-15","3.0293","3.10402","2.91174","6.759","0","0","0","0","0","0","0","0"
"2.87302","0.500044","0.512847","0.0414316","0.537451","0.544364","1.52026","1.70631e-15","3.02906","3.09672","2.88499","6.74355","0","0","0","0","0","0","0","0"
"2.8763","0.500044","0.512795","0.041441","0.537437","0.544152","1.51608","1.70503e-15","3.0304","3.09523","2.89178","6.72559","0","0","0","0","0","0","0","0"
"2.87968","0.500044","0.512795","0.0414521","0.537202","0.543931","1.51602","1.70409e-15","3.02938","3.09267","2.88448","6.70546","0","0","0","0","0","0","0","0"
"2.88307","0.500044","0.512795","0.0414615","0.537089","0.543944","1.52037","1.70596e-15","3.02965","3.09314","2.86686","6.69735","0","0","0","0","0","0","0","0"
"2.88647","0.500044","0.512795","0.0414726","0.536754","0.543602","1.51574","1.70825e-15","3.02698","3.0905","2.87758","6.72384","0","0","0","0","0","0","0","0"
"2.88997","0.500044","0.512795","0.0414822","0.537242","0.544044","1.51749","1.70758e-15","3.02324","3.08821","2.87206","6.72631","0","0","0","0","0","0","0","0"
"2.89323","0.500044","0.512696","0.0414937","0.537282","0.543993","1.52294","1.7062e-15","3.02801","3.09318","2.85484","6.7329","0","0","0","0","0","0","0","0"
"2.89662","0.500044","0.512696","0.0415035","0.538705","0.544857","1.52197","1.70548e-15","3.03301","3.08849","2.85122","6.72315","0","0","0","0","0","0","0","0"
"2.9013","0.500044","0.512696","0.0415182","0.538231","0.5447","1.52037","1.70321e-15","3.03574","3.08747","2.84579","6.69696","0","0","0","0","0","0","0","0"
"2.90568","0.500044","0.512696","0.04153","0.53893","0.545612","1.51949","1.70248e-15","3.03677","3.08459","2.84086","6.68312","0","0","0","0","0","0","0","0"
"2.90885","0.500044","0.512485","0.0415311","0.53891","0.545232","1.51534","1.7041e-15","3.04721","3.0908","2.8467","6.70783","0","0","0","0","0","0","0","0"
"2.91223","0.500044","0.512485","0.0415321","0.538531","0.545181","1.52475","1.7064e-15","3.04503","3.08741","2.83531","6.71496","0","0","0","0","0","0","0","0"
"2.91563","0.500044","0.512485","0.0415334","0.538698","0.545193","1.53377","1.70821e-15","3.05127","3.09189","2.83362","6.75954","0","0","0","0","0","0","0","0"
"2.91902","0.500044","0.512485","0.0415344","0.539301","0.545962","1.53857","1.7099e-15","3.05516","3.09482","2.83065","6.78898","0","0","0","0","0","0","0","0"
"2.9225","0.500044","0.512485","0.0415348","0.540275","0.546701","1.54905","1.71023e-15","3.04872","3.08952","2.84151","6.80396","0","0","0","0","0","0","0","0"
"2.92578","0.500044","0.512557","0.0415334","0.540039","0.5465","1.54554","1.71032e-15","3.05083","3.09364","2.8447","6.8178","0","0","0","0","0","0","0","0"
"2.92917","0.500044","0.512557","0.0415317","0.540159","0.546739","1.54216","1.70952e-15","3.05194","3.0854","2.84826","6.80326","0","0","0","0","0","0","0","0"
"2.93255","0.500044","0.512557","0.0415303","0.540498","0.547228","1.54777","1.70783e-15","3.05822","3.08381","2.83856","6.78133","0","0","0","0","0","0","0","0"
"2.93593","0.500044","0.512557","0.0415286","0.541007","0.54769","1.54835","1.70599e-15","3.05642","3.08634","2.82765","6.76359","0","0","0","0","0","0","0","0"
"2.93943","0.500044","0.512557","0.0415272","0.540862","0.547647","1.54757","1.70485e-15","3.05702","3.08607","2.82436","6.74545","0","0","0","0","0","0","0","0"
"2.94267","0.500044","0.512704","0.0415257","0.540832","0.547608","1.54534","1.70517e-15","3.0543","3.08592","2.82182","6.74251","0","0","0","0","0","0","0","0"
"2.94602","0.500044","0.512704","0.0415244","0.540729","0.547339","1.54012","1.70769e-15","3.05368","3.08295","2.83259","6.75347","0","0","0","0","0","0","0","0"
"2.94942","0.500044","0.512704","0.0415228","0.540827","0.547598","1.55116","1.71082e-15","3.0507","3.08508","2.83084","6.77279","0","0","0","0","0","0","0","0"
"2.9528","0.500044","0.512704","0.0415215","0.541235","0.547988","1.54618","1.71275e-15","3.04737","3.07959","2.83991","6.79957","0","0","0","0","0","0","0","0"
"2.95628","0.500044","0.512704","0.0415164","0.541861","0.548647","1.54477","1.71319e-15","3.05073","3.07759","2.84441","6.8178","0","0","0","0","0","0","0","0"
"2.95957","0.500044","0.512929","0.0415079","0.542404","0.548553","1.54324","1.71336e-15","3.05362","3.07448","2.84159","6.82303","0","0","0","0","0","0","0","0"
"2.96295","0.500044","0.512929","0.041498","0.543193","0.549437","1.54292","1.71228e-15","3.07069","3.10037","2.83242","6.80906","0","0","0","0","0","0","0","0"
"2.96628","0.500044","0.512929","0.0414894","0.543171","0.549159","1.54732","1.71085e-15","3.07386","3.09811","2.814","6.79666","0","0","0","0","0","0","0","0"
"2.9697","0.500044","0.512929","0.0414795","0.542779","0.549069","1.54362","1.7085e-15","3.07703","3.09795","2.82287","6.78295","0","0","0","0","0","0","0","0"
"2.97318","0.500044","0.512929","0.041474","0.542689","0.54873","1.5458","1.70564e-15","3.07329","3.09777","2.80664","6.76943","0","0","0","0","0","0","0","0"
"2.97647","0.500044","0.513124","0.0414711","0.542762","0.548955","1.54011","1.70466e-15","3.07308","3.09613","2.81782","6.74969","0","0","0","0","0","0","0","0"
"2.97987","0.500044","0.513124","0.0414687","0.542727","0.548928","1.54054","1.70488e-15","3.0694","3.09547","2.80987","6.72625","0","0","0","0","0","0","0","0"
"2.98377","0.500044","0.513124","0.0414653","0.543244","0.549355","1.54151","1.70617e-15","3.06678","3.09082","2.79481","6.75271","0","0","0","0","0","0","0","0"
"2.98715","0.500044","0.513124","0.0414629","0.542999","0.549185","1.54199","1.7081e-15","3.07087","3.09326","2.78277","6.76263","0","0","0","0","0","0","0","0"
"2.99063","0.500044","0.513124","0.0414639","0.542832","0.549253","1.53667","1.70828e-15","3.0678","3.08599","2.79216","6.76248","0","0","0","0","0","0","0","0"
"2.99393","0.500044","0.513395","0.041466","0.542809","0.549091","1.53208","1.7105e-15","3.06439","3.08385","2.7999","6.78374","0","0","0","0","0","0","0","0"
"2.9973","0.500044","0.513395","0.0414686","0.543401","0.549852","1.53602","1.71226e-15","3.06267","3.08001","2.79908","6.79502","0","0","0","0","0","0","0","0"
"3.00302","0.500044","0.513395","0.0414708","0.543859","0.550038","1.54007","1.7146e-15","3.06603","3.08234","2.78746","6.81559","0","0","0","0","0","0","0","0"
"3.00423","0.500044","0.513395","0.0414733","0.543397","0.549682","1.5374","1.71557e-15","3.06716","3.08041","2.78854","6.82855","0","0","0","0","0","0","0","0"
"3.00765","0.500044","0.513395","0.0414808","0.542792","0.54893","1.535","1.71427e-15","3.0654","3.07953","2.78701","6.81287","0","0","0","0","0","0","0","0"
"3.01087","0.500044","0.513483","0.0414907","0.542713","0.548806","1.53272","1.71318e-15","3.06391","3.07824","2.78733","6.80813","0","0","0","0","0","0","0","0"
"3.01423","0.500044","0.513483","0.0414992","0.542268","0.548322","1.53249","1.7114e-15","3.06185","3.07459","2.78641","6.79656","0","0","0","0","0","0","0","0"
"3.01763","0.500044","0.513483","0.0415091","0.542579","0.548861","1.5347","1.70931e-15","3.05942","3.07016","2.80266","6.77222","0","0","0","0","0","0","0","0"
"3.02097","0.500044","0.513483","0.0415176","0.542418","0.549035","1.53227","1.70709e-15","3.06047","3.07225","2.80475","6.75767","0","0","0","0","0","0","0","0"
"3.02445","0.500044","0.513483","0.0415265","0.542913","0.549668","1.53063","1.70569e-15","3.05977","3.07283","2.8009","6.73851","0","0","0","0","0","0","0","0"
"3.02773","0.500044","0.513585","0.041534","0.54289","0.549914","1.52434","1.70687e-15","3.06206","3.07514","2.81804","6.72761","0","0","0","0","0","0","0","0"
"3.03133","0.500044","0.513585","0.0415427","0.542196","0.549178","1.51922","1.70985e-15","3.06222","3.07328","2.82737","6.74475","0","0","0","0","0","0","0","0"
"3.0345","0.500044","0.513585","0.0415502","0.541662","0.548606","1.51408","1.71241e-15","3.0619","3.06958","2.84122","6.75961","0","0","0","0","0","0","0","0"
"3.03903","0.500044","0.513585","0.0415587","0.541168","0.548508","1.51762","1.71483e-15","3.06747","3.07092","2.81996","6.77446","0","0","0","0","0","0","0","0"
"3.04232","0.500044","0.513536","0.0415582","0.541013","0.548097","1.51253","1.715e-15","3.06167","3.06899","2.83046","6.78503","0","0","0","0","0","0","0","0"
"3.0457","0.500044","0.513536","0.0415576","0.54113","0.548243","1.50899","1.71621e-15","3.05803","3.06726","2.83663","6.80849","0","0","0","0","0","0","0","0"
"3.04908","0.500044","0.513536","0.0415571","0.540192","0.54745","1.50343","1.71437e-15","3.05999","3.06599","2.85006","6.7984","0","0","0","0","0","0","0","0"
"3.05247","0.500044","0.513536","0.0415565","0.539237","0.546597","1.49739","1.71235e-15","3.06228","3.06552","2.86277","6.7717","0","0","0","0","0","0","0","0"
"3.05595","0.500044","0.513536","0.0415564","0.538997","0.546724","1.49446","1.71175e-15","3.0641","3.06725","2.8643","6.74793","0","0","0","0","0","0","0","0"
"3.05923","0.500044","0.513542","0.0415571","0.538816","0.54646","1.49004","1.71176e-15","3.05821","3.06416","2.87104","6.73678","0","0","0","0","0","0","0","0"
"3.06263","0.500044","0.513542","0.0415577","0.538874","0.546511","1.48756","1.71346e-15","3.05339","3.05987","2.86879","6.74182","0","0","0","0","0","0","0","0"
"3.06732","0.500044","0.513542","0.0415586","0.537996","0.545496","1.48482","1.71715e-15","3.05438","3.06026","2.86604","6.78335","0","0","0","0","0","0","0","0"
"3.0707","0.500044","0.513542","0.0415593","0.537764","0.545342","1.48654","1.71953e-15","3.05356","3.06115","2.84864","6.80634","0","0","0","0","0","0","0","0"
"3.0742","0.500044","0.513542","0.0415608","0.5377","0.54522","1.48328","1.71919e-15","3.04484","3.05887","2.852","6.78245","0","0","0","0","0","0","0","0"
"3.07747","0.500044","0.513309","0.0415627","0.538534","0.545736","1.48017","1.72071e-15","3.03895","3.05721","2.85372","6.79108","0","0","0","0","0","0","0","0"
"3.08085","0.500044","0.513309","0.0415644","0.537932","0.545222","1.47903","1.72164e-15","3.03759","3.055","2.85131","6.81076","0","0","0","0","0","0","0","0"
"3.08423","0.500044","0.513309","0.0415663","0.538214","0.545962","1.47887","1.72249e-15","3.03626","3.04925","2.85169","6.82525","0","0","0","0","0","0","0","0"
"3.08762","0.500044","0.513309","0.041568","0.537462","0.545261","1.47414","1.72109e-15","3.03914","3.05173","2.86106","6.81633","0","0","0","0","0","0","0","0"
"3.09112","0.500044","0.513309","0.0415686","0.537073","0.544517","1.48151","1.71814e-15","3.04159","3.0506","2.84793","6.80169","0","0","0","0","0","0","0","0"
"3.0944","0.500044","0.512995","0.0415689","0.53823","0.545388","1.49228","1.71619e-15","3.05279","3.04989","2.84833","6.78615","0","0","0","0","0","0","0","0"
"3.09778","0.500044","0.512995","0.0415692","0.537526","0.5449","1.48899","1.71517e-15","3.05567","3.04965","2.85046","6.77361","0","0","0","0","0","0","0","0"
"3.10117","0.500044","0.512995","0.0415696","0.537998","0.545414","1.48931","1.71691e-15","3.05404","3.04638","2.84576","6.78032","0","0","0","0","0","0","0","0"
"3.1057","0.500044","0.512995","0.041567","0.537045","0.544473","1.48525","1.71959e-15","3.05624","3.05304","2.84519","6.78139","0","0","0","0","0","0","0","0"
"3.10903","0.500044","0.512831","0.0415582","0.537746","0.545545","1.48827","1.7201e-15","3.06344","3.05902","2.85401","6.80901","0","0","0","0","0","0","0","0"
"3.11237","0.500044","0.512831","0.0415479","0.537685","0.545517","1.48518","1.72066e-15","3.06101","3.05878","2.85608","6.83463","0","0","0","0","0","0","0","0"
"3.11575","0.500044","0.512831","0.0415391","0.53777","0.545823","1.48599","1.71956e-15","3.06114","3.05605","2.8448","6.8341","0","0","0","0","0","0","0","0"
"3.11915","0.500044","0.512831","0.0415289","0.537652","0.546022","1.48379","1.71818e-15","3.05661","3.05754","2.84211","6.81308","0","0","0","0","0","0","0","0"
"3.12262","0.500044","0.512831","0.0415199","0.537127","0.545696","1.48249","1.71593e-15","3.05452","3.05806","2.83887","6.79956","0","0","0","0","0","0","0","0"
"3.12597","0.500044","0.5127","0.0415089","0.536346","0.545199","1.47768","1.71482e-15","3.05484","3.05714","2.84567","6.78395","0","0","0","0","0","0","0","0"
"3.12928","0.500044","0.5127","0.0414995","0.536935","0.545755","1.48887","1.71446e-15","3.05726","3.06023","2.84194","6.78395","0","0","0","0","0","0","0","0"
"3.13278","0.500044","0.5127","0.0414886","0.537439","0.546463","1.49045","1.71675e-15","3.05486","3.051","2.84143","6.79559","0","0","0","0","0","0","0","0"
"3.13607","0.500044","0.5127","0.0414792","0.537642","0.546846","1.49093","1.71855e-15","3.05368","3.04282","2.83666","6.80334","0","0","0","0","0","0","0","0"
"3.13953","0.500044","0.5127","0.0414738","0.537702","0.547237","1.4911","1.71891e-15","3.0513","3.04654","2.83658","6.79321","0","0","0","0","0","0","0","0"
"3.14283","0.500044","0.512727","0.0414755","0.537967","0.547584","1.49148","1.71907e-15","3.05336","3.04644","2.83607","6.80138","0","0","0","0","0","0","0","0"
"3.14622","0.500044","0.512727","0.0414775","0.537439","0.546955","1.48974","1.71817e-15","3.05266","3.04525","2.83528","6.80163","0","0","0","0","0","0","0","0"
"3.1509","0.500044","0.512727","0.0414801","0.536819","0.546444","1.48837","1.71628e-15","3.05026","3.04063","2.84115","6.76775","0","0","0","0","0","0","0","0"
"3.15428","0.500044","0.512727","0.0414818","0.537067","0.546649","1.48813","1.71489e-15","3.05066","3.04072","2.83786","6.74698","0","0","0","0","0","0","0","0"
"3.15778","0.500044","0.512727","0.0414832","0.536657","0.545946","1.48362","1.71298e-15","3.04892","3.04172","2.84493","6.73477","0","0","0","0","0","0","0","0"
"3.16105","0.500044","0.512833","0.0414843","0.537511","0.546749","1.48313","1.71486e-15","3.0439","3.04296","2.84036","6.74694","0","0","0","0","0","0","0","0"
"3.16445","0.500044","0.512833","0.0414856","0.538051","0.547245","1.47714","1.71653e-15","3.04226","3.04347","2.85408","6.77329","0","0","0","0","0","0","0","0"
"3.16783","0.500044","0.512833","0.0414867","0.538618","0.548153","1.4888","1.7177e-15","3.03908","3.03491","2.87417","6.79701","0","0","0","0","0","0","0","0"
"3.17233","0.500044","0.512833","0.0414884","0.540027","0.549238","1.50486","1.71722e-15","3.04832","3.03237","2.88766","6.79074","0","0","0","0","0","0","0","0"
"3.17565","0.500044","0.512924","0.0414896","0.53974","0.549038","1.50847","1.71511e-15","3.04571","3.0323","2.87083","6.77218","0","0","0","0","0","0","0","0"
"3.17903","0.500044","0.512924","0.041491","0.539417","0.548865","1.50235","1.71597e-15","3.04324","3.0294","2.88502","6.75994","0","0","0","0","0","0","0","0"
"3.18242","0.500044","0.512924","0.0414921","0.539139","0.548705","1.49802","1.71779e-15","3.03967","3.02902","2.89373","6.77042","0","0","0","0","0","0","0","0"
"3.1858","0.500044","0.512924","0.0414935","0.541298","0.550439","1.50273","1.71873e-15","3.05147","3.03437","2.90066","6.79493","0","0","0","0","0","0","0","0"
"3.18928","0.500044","0.512924","0.0414945","0.541067","0.550472","1.50381","1.71787e-15","3.05165","3.02954","2.8974","6.79842","0","0","0","0","0","0","0","0"
"3.19257","0.500044","0.513004","0.0414951","0.540549","0.549819","1.4962","1.71513e-15","3.04942","3.02795","2.92069","6.78575","0","0","0","0","0","0","0","0"
"3.19595","0.500044","0.513004","0.0414956","0.541829","0.55107","1.49666","1.71578e-15","3.05383","3.03496","2.91744","6.77842","0","0","0","0","0","0","0","0"
"3.19935","0.500044","0.513004","0.0414962","0.541837","0.550923","1.50196","1.71808e-15","3.05185","3.03467","2.89948","6.78785","0","0","0","0","0","0","0","0"
"3.20272","0.500044","0.513004","0.0414967","0.541641","0.550757","1.50104","1.71924e-15","3.05083","3.03807","2.89302","6.78918","0","0","0","0","0","0","0","0"
"3.20623","0.500044","0.513004","0.0414962","0.541246","0.550638","1.49962","1.71878e-15","3.05278","3.03669","2.89361","6.77802","0","0","0","0","0","0","0","0"
"3.2095","0.500044","0.513387","0.0414947","0.54101","0.550454","1.4986","1.71715e-15","3.05388","3.04049","2.88914","6.76834","0","0","0","0","0","0","0","0"
"3.21288","0.500044","0.513387","0.0414929","0.541919","0.551213","1.51026","1.71539e-15","3.06364","3.05421","2.89909","6.75111","0","0","0","0","0","0","0","0"
"3.21748","0.500044","0.513387","0.0414913","0.542161","0.55164","1.50931","1.7165e-15","3.0632","3.05646","2.89531","6.74515","0","0","0","0","0","0","0","0"
"3.21965","0.500044","0.513387","0.0414895","0.541472","0.551148","1.51522","1.71887e-15","3.0637","3.05527","2.87586","6.78385","0","0","0","0","0","0","0","0"
"3.22313","0.500044","0.513387","0.0414897","0.542625","0.552171","1.54072","1.71813e-15","3.06753","3.06913","2.96704","6.76987","0","0","0","0","0","0","0","0"
"3.22642","0.500044","0.513693","0.0414921","0.542912","0.552179","1.54904","1.7168e-15","3.07044","3.06971","2.94178","6.75127","0","0","0","0","0","0","0","0"
"3.22977","0.500044","0.513693","0.0414941","0.542256","0.551748","1.54458","1.71613e-15","3.06941","3.06483","2.94912","6.74245","0","0","0","0","0","0","0","0"
"3.23388","0.500044","0.513693","0.0414968","0.541934","0.551561","1.53688","1.71971e-15","3.06495","3.05742","2.96781","6.77438","0","0","0","0","0","0","0","0"
"3.23727","0.500044","0.513693","0.0414988","0.542003","0.551413","1.54207","1.72183e-15","3.0625","3.05755","2.95489","6.79844","0","0","0","0","0","0","0","0"
"3.2408","0.500044","0.513693","0.0414982","0.542358","0.551512","1.55118","1.72083e-15","3.06391","3.05343","2.93097","6.79322","0","0","0","0","0","0","0","0"
"3.24405","0.500044","0.513768","0.0414967","0.542645","0.551478","1.54672","1.71866e-15","3.05937","3.05418","2.93912","6.78405","0","0","0","0","0","0","0","0"
"3.24743","0.500044","0.513768","0.041495","0.542361","0.55162","1.55274","1.71759e-15","3.06332","3.05261","2.91919","6.75666","0","0","0","0","0","0","0","0"
"3.25082","0.500044","0.513768","0.0414935","0.541894","0.551178","1.55242","1.71789e-15","3.06165","3.04969","2.91112","6.74029","0","0","0","0","0","0","0","0"
"3.2542","0.500044","0.513768","0.0414918","0.541814","0.551348","1.54775","1.71951e-15","3.06922","3.05478","2.91812","6.7445","0","0","0","0","0","0","0","0"
"3.25772","0.500044","0.513768","0.0414875","0.541533","0.551188","1.5446","1.72009e-15","3.06722","3.05062","2.92317","6.74007","0","0","0","0","0","0","0","0"
"3.26097","0.500044","0.51379","0.0414818","0.541246","0.550956","1.53824","1.71939e-15","3.06408","3.05134","2.93773","6.73569","0","0","0","0","0","0","0","0"
"3.26437","0.500044","0.51379","0.0414769","0.542438","0.551983","1.53644","1.71745e-15","3.0586","3.04292","2.9338","6.72258","0","0","0","0","0","0","0","0"
"3.26773","0.500044","0.51379","0.0414712","0.542552","0.551707","1.53268","1.71717e-15","3.05271","3.03789","2.93587","6.71564","0","0","0","0","0","0","0","0"
"3.27115","0.500044","0.51379","0.0414663","0.542478","0.55136","1.53025","1.71897e-15","3.05661","3.03613","2.93816","6.72359","0","0","0","0","0","0","0","0"
"3.27462","0.500044","0.51379","0.0414653","0.541946","0.5506","1.52681","1.71862e-15","3.05685","3.0398","2.94648","6.7314","0","0","0","0","0","0","0","0"
"3.2779","0.500044","0.51369","0.0414652","0.54304","0.551693","1.53956","1.71821e-15","3.05733","3.04456","2.95754","6.7335","0","0","0","0","0","0","0","0"
"3.28128","0.500044","0.51369","0.0414649","0.543144","0.55198","1.55139","1.71645e-15","3.05706","3.04788","2.94878","6.71406","0","0","0","0","0","0","0","0"
"3.28468","0.500044","0.51369","0.0414648","0.543179","0.552167","1.54849","1.71592e-15","3.05314","3.04844","2.95001","6.6992","0","0","0","0","0","0","0","0"
"3.28902","0.500044","0.51369","0.0414646","0.5421","0.551521","1.5422","1.71763e-15","3.05451","3.04752","2.95987","6.72949","0","0","0","0","0","0","0","0"
"3.29222","0.500044","0.513736","0.0414647","0.54211","0.55157","1.53898","1.71611e-15","3.053","3.04645","2.96397","6.71857","0","0","0","0","0","0","0","0"
"3.29562","0.500044","0.513736","0.0414649","0.542249","0.551526","1.54155","1.71485e-15","3.05189","3.0438","2.9595","6.70332","0","0","0","0","0","0","0","0"
"3.29898","0.500044","0.513736","0.0414651","0.541543","0.550873","1.5442","1.71673e-15","3.05513","3.04356","2.94449","6.70334","0","0","0","0","0","0","0","0"
"3.30238","0.500044","0.513736","0.0414652","0.541586","0.5511","1.54522","1.71848e-15","3.05186","3.03863","2.9325","6.73503","0","0","0","0","0","0","0","0"
"3.30582","0.500044","0.513736","0.0414645","0.541761","0.55143","1.54263","1.71706e-15","3.04786","3.03744","2.93607","6.72524","0","0","0","0","0","0","0","0"
"3.3092","0.500044","0.513862","0.0414618","0.541365","0.551529","1.53816","1.71578e-15","3.04518","3.0403","2.944","6.71242","0","0","0","0","0","0","0","0"
"3.31268","0.500044","0.513862","0.0414587","0.541321","0.551679","1.53692","1.7168e-15","3.04537","3.04132","2.93551","6.72657","0","0","0","0","0","0","0","0"
"3.3171","0.500044","0.513862","0.0414548","0.540497","0.550483","1.52812","1.71904e-15","3.05085","3.04602","2.95741","6.75916","0","0","0","0","0","0","0","0"
"3.32045","0.500044","0.513862","0.0414522","0.540761","0.551057","1.52355","1.71759e-15","3.04662","3.04263","2.96656","6.74215","0","0","0","0","0","0","0","0"
"3.32397","0.500044","0.513862","0.0414487","0.540718","0.550972","1.51868","1.71614e-15","3.04595","3.03888","2.9742","6.7296","0","0","0","0","0","0","0","0"
"3.32725","0.500044","0.513835","0.0414455","0.540811","0.550944","1.51946","1.71875e-15","3.04357","3.03321","2.96132","6.76777","0","0","0","0","0","0","0","0"
"3.33063","0.500044","0.513835","0.0414418","0.542405","0.552422","1.54458","1.72099e-15","3.05862","3.05403","3.08584","6.77901","0","0","0","0","0","0","0","0"
"3.33403","0.500044","0.513835","0.0414386","0.542762","0.55276","1.54438","1.72016e-15","3.06004","3.05431","3.0764","6.77255","0","0","0","0","0","0","0","0"
"3.33755","0.500044","0.513835","0.0414349","0.542938","0.552903","1.55289","1.7181e-15","3.05954","3.05735","3.0687","6.75441","0","0","0","0","0","0","0","0"
"3.34088","0.500044","0.513835","0.0414343","0.543004","0.55245","1.55696","1.71764e-15","3.05511","3.05558","3.05048","6.7497","0","0","0","0","0","0","0","0"
"3.34415","0.500044","0.513806","0.0414342","0.542521","0.552134","1.55845","1.71983e-15","3.05385","3.05316","3.03229","6.75892","0","0","0","0","0","0","0","0"
"3.34748","0.500044","0.513806","0.0414341","0.542393","0.551952","1.55932","1.72032e-15","3.0493","3.04991","3.01935","6.77067","0","0","0","0","0","0","0","0"
"3.35085","0.500044","0.513806","0.041434","0.542271","0.552002","1.56083","1.71936e-15","3.0479","3.04613","3.00139","6.75869","0","0","0","0","0","0","0","0"
"3.3544","0.500044","0.513806","0.0414339","0.541861","0.551093","1.55517","1.71823e-15","3.04572","3.05251","3.01529","6.74628","0","0","0","0","0","0","0","0"
"3.35782","0.500044","0.513806","0.0414343","0.542457","0.551366","1.55817","1.71907e-15","3.04626","3.04573","2.99854","6.74988","0","0","0","0","0","0","0","0"
"3.3611","0.500044","0.513999","0.0414348","0.54356","0.551772","1.57202","1.72045e-15","3.04359","3.05243","2.99503","6.77212","0","0","0","0","0","0","0","0"
"3.36448","0.500044","0.513999","0.0414354","0.543408","0.551839","1.56794","1.71934e-15","3.04422","3.06038","3.00066","6.75503","0","0","0","0","0","0","0","0"
"3.36787","0.500044","0.513999","0.0414359","0.543215","0.551999","1.56245","1.71876e-15","3.04087","3.05687","3.01371","6.74057","0","0","0","0","0","0","0","0"
"3.37233","0.500044","0.513999","0.0414363","0.542117","0.551135","1.57496","1.72118e-15","3.04359","3.06279","2.97305","6.74645","0","0","0","0","0","0","0","0"
"3.37568","0.500044","0.51411","0.0414358","0.542709","0.551518","1.57673","1.72133e-15","3.05133","3.06094","2.95785","6.76874","0","0","0","0","0","0","0","0"
"3.38258","0.500044","0.51411","0.0414348","0.542602","0.551273","1.57515","1.71859e-15","3.04747","3.05606","2.95229","6.76084","0","0","0","0","0","0","0","0"
"3.3862","0.500044","0.51411","0.0414343","0.54292","0.551404","1.57111","1.71959e-15","3.04654","3.04975","2.95574","6.75721","0","0","0","0","0","0","0","0"
"3.38932","0.500044","0.51411","0.041436","0.542998","0.551439","1.56566","1.72081e-15","3.04341","3.05085","2.96996","6.75746","0","0","0","0","0","0","0","0"
"3.39273","0.500044","0.514067","0.0414432","0.543099","0.551618","1.55915","1.72048e-15","3.03767","3.04207","2.98471","6.7706","0","0","0","0","0","0","0","0"
"3.39613","0.500044","0.514067","0.0414493","0.543435","0.552106","1.55236","1.71952e-15","3.03454","3.03701","3.00495","6.75862","0","0","0","0","0","0","0","0"
"3.40055","0.500044","0.514067","0.0414584","0.542817","0.551754","1.54452","1.71704e-15","3.03501","3.04027","3.0217","6.72472","0","0","0","0","0","0","0","0"
"3.40393","0.500044","0.514067","0.0414645","0.542665","0.551758","1.54505","1.71614e-15","3.03494","3.04367","3.01036","6.71176","0","0","0","0","0","0","0","0"
"3.40742","0.500044","0.514067","0.0414731","0.542952","0.552257","1.54104","1.71553e-15","3.0296","3.0391","3.01347","6.70071","0","0","0","0","0","0","0","0"
"3.4107","0.500044","0.514042","0.0414811","0.5424","0.551663","1.53463","1.71729e-15","3.0343","3.04564","3.03362","6.70566","0","0","0","0","0","0","0","0"
"3.41408","0.500044","0.514042","0.0414903","0.541889","0.551371","1.5314","1.71938e-15","3.03452","3.04568","3.03514","6.7351","0","0","0","0","0","0","0","0"
"3.41747","0.500044","0.514042","0.0414982","0.541572","0.551214","1.53021","1.72019e-15","3.03396","3.04484","3.02688","6.75001","0","0","0","0","0","0","0","0"
"3.42085","0.500044","0.514042","0.0415075","0.542725","0.552166","1.53936","1.71899e-15","3.06287","3.07255","3.05372","6.73478","0","0","0","0","0","0","0","0"
"3.42438","0.500044","0.514042","0.0415147","0.5422","0.551766","1.53576","1.71683e-15","3.06187","3.06921","3.05712","6.71316","0","0","0","0","0","0","0","0"
"3.42763","0.500044","0.514208","0.0415231","0.543372","0.552226","1.5524","1.71671e-15","3.06224","3.06048","3.05945","6.69436","0","0","0","0","0","0","0","0"
"3.43102","0.500044","0.514208","0.0415302","0.544002","0.553415","1.56627","1.71849e-15","3.05535","3.06677","3.05667","6.68375","0","0","0","0","0","0","0","0"
"3.4344","0.500044","0.514208","0.0415386","0.544507","0.553756","1.56456","1.72101e-15","3.0533","3.06591","3.05521","6.7195","0","0","0","0","0","0","0","0"
"3.4378","0.500044","0.514208","0.0415457","0.544026","0.553336","1.55838","1.72099e-15","3.05393","3.06959","3.07137","6.71669","0","0","0","0","0","0","0","0"
"3.44127","0.500044","0.514208","0.041547","0.54424","0.553608","1.55858","1.71899e-15","3.05139","3.06824","3.06054","6.70171","0","0","0","0","0","0","0","0"
"3.44462","0.500044","0.514253","0.0415471","0.545462","0.55472","1.56144","1.71789e-15","3.05259","3.06962","3.04248","6.68235","0","0","0","0","0","0","0","0"
"3.44793","0.500044","0.514253","0.0415472","0.544964","0.554295","1.56144","1.71857e-15","3.05316","3.07386","3.03224","6.68328","0","0","0","0","0","0","0","0"
"3.45133","0.500044","0.514253","0.0415472","0.544923","0.554209","1.55996","1.72042e-15","3.05129","3.06737","3.03288","6.69673","0","0","0","0","0","0","0","0"
"3.45567","0.500044","0.514253","0.0415451","0.545172","0.554066","1.56641","1.72163e-15","3.05447","3.07022","3.01629","6.71721","0","0","0","0","0","0","0","0"
"3.45887","0.500044","0.514474","0.0415385","0.546069","0.554522","1.56982","1.72014e-15","3.05499","3.06945","3.01808","6.72431","0","0","0","0","0","0","0","0"
"3.46227","0.500044","0.514474","0.0415319","0.546246","0.554412","1.5724","1.71809e-15","3.06263","3.06612","3.01836","6.71174","0","0","0","0","0","0","0","0"
"3.46565","0.500044","0.514474","0.0415242","0.546466","0.554761","1.58453","1.71699e-15","3.06985","3.06809","3.02171","6.69641","0","0","0","0","0","0","0","0"
"3.46903","0.500044","0.514474","0.0415176","0.546045","0.554232","1.58173","1.71897e-15","3.067","3.06819","3.02231","6.70666","0","0","0","0","0","0","0","0"
"3.47302","0.500044","0.514474","0.0415116","0.545822","0.553899","1.57671","1.71975e-15","3.06576","3.06856","3.03006","6.69823","0","0","0","0","0","0","0","0"
"3.4758","0.500044","0.514781","0.0415102","0.545858","0.553556","1.57597","1.72048e-15","3.06674","3.0696","3.02078","6.71114","0","0","0","0","0","0","0","0"
"3.47918","0.500044","0.514781","0.0415086","0.546152","0.553525","1.57653","1.71982e-15","3.0625","3.06637","3.00936","6.70971","0","0","0","0","0","0","0","0"
"3.48388","0.500044","0.514781","0.0415065","0.546428","0.553975","1.57527","1.7172e-15","3.05488","3.06759","3.00285","6.68175","0","0","0","0","0","0","0","0"
"3.48727","0.500044","0.514781","0.0415051","0.546025","0.553543","1.56932","1.71703e-15","3.05259","3.06775","3.01754","6.66059","0","0","0","0","0","0","0","0"
"3.49075","0.500044","0.514781","0.041508","0.545935","0.553134","1.57512","1.71769e-15","3.05296","3.07134","3.01019","6.6638","0","0","0","0","0","0","0","0"
"3.49402","0.500044","0.514873","0.0415121","0.545783","0.552685","1.57769","1.71954e-15","3.05109","3.06912","2.99909","6.69238","0","0","0","0","0","0","0","0"
"3.49745","0.500044","0.514873","0.0415169","0.545433","0.552444","1.57331","1.71915e-15","3.05281","3.07645","3.00303","6.6812","0","0","0","0","0","0","0","0"
"3.5008","0.500044","0.514873","0.0415209","0.546106","0.552713","1.56971","1.71686e-15","3.06196","3.0831","3.00999","6.66999","0","0","0","0","0","0","0","0"
"3.50418","0.500044","0.514873","0.0415256","0.545361","0.55207","1.56678","1.71672e-15","3.06124","3.08328","3.00817","6.66934","0","0","0","0","0","0","0","0"
"3.5077","0.500044","0.514873","0.041532","0.545379","0.552025","1.57296","1.71682e-15","3.05632","3.07915","2.98731","6.65977","0","0","0","0","0","0","0","0"
"3.51095","0.500044","0.514828","0.04154","0.544627","0.551271","1.57271","1.7179e-15","3.0598","3.07933","2.97309","6.6728","0","0","0","0","0","0","0","0"
"3.51445","0.500044","0.514828","0.0415469","0.545072","0.551804","1.57971","1.71885e-15","3.06462","3.07994","2.9556","6.68207","0","0","0","0","0","0","0","0"
"3.51772","0.500044","0.514828","0.0415549","0.545695","0.552747","1.58286","1.71732e-15","3.06109","3.0803","2.93952","6.66755","0","0","0","0","0","0","0","0"
"3.52112","0.500044","0.514828","0.0415618","0.545423","0.552323","1.58378","1.71582e-15","3.06379","3.08124","2.93418","6.65784","0","0","0","0","0","0","0","0"
"3.5246","0.500044","0.514828","0.0415682","0.545277","0.552642","1.58409","1.71619e-15","3.05903","3.07429","2.92782","6.6476","0","0","0","0","0","0","0","0"
"3.52788","0.500044","0.514701","0.0415736","0.544798","0.552711","1.58584","1.71783e-15","3.05654","3.07187","2.92399","6.6614","0","0","0","0","0","0","0","0"
"3.53143","0.500044","0.514701","0.0415798","0.54505","0.552765","1.59072","1.71795e-15","3.0535","3.06599","2.90191","6.66909","0","0","0","0","0","0","0","0"
"3.53465","0.500044","0.514701","0.0415852","0.54582","0.552987","1.60506","1.71676e-15","3.0495","3.0634","2.89207","6.65376","0","0","0","0","0","0","0","0"
"3.539","0.500044","0.514701","0.0415921","0.546158","0.552762","1.60497","1.71659e-15","3.05291","3.06198","2.88396","6.63036","0","0","0","0","0","0","0","0"
"3.5422","0.500044","0.514588","0.0415944","0.546062","0.55288","1.60483","1.71755e-15","3.04853","3.05778","2.87843","6.64829","0","0","0","0","0","0","0","0"
"3.54558","0.500044","0.514588","0.0415966","0.545365","0.55211","1.59979","1.71773e-15","3.05054","3.05623","2.88701","6.66161","0","0","0","0","0","0","0","0"
"3.54897","0.500044","0.514588","0.0415992","0.544885","0.551414","1.60169","1.71586e-15","3.05369","3.0606","2.86865","6.63995","0","0","0","0","0","0","0","0"
"3.55235","0.500044","0.514588","0.0416015","0.544187","0.550857","1.59969","1.71675e-15","3.05517","3.05993","2.86462","6.64012","0","0","0","0","0","0","0","0"
"3.55585","0.500044","0.514588","0.0416048","0.543551","0.550554","1.5947","1.71808e-15","3.05846","3.06073","2.87127","6.64328","0","0","0","0","0","0","0","0"
"3.55913","0.500044","0.514652","0.0416093","0.543067","0.550338","1.59233","1.71651e-15","3.05917","3.06037","2.87085","6.63417","0","0","0","0","0","0","0","0"
"3.56252","0.500044","0.514652","0.0416145","0.542428","0.549956","1.58635","1.71457e-15","3.06195","3.05831","2.8817","6.62186","0","0","0","0","0","0","0","0"
"3.5672","0.500044","0.514652","0.0416212","0.541856","0.549856","1.58267","1.71673e-15","3.05854","3.05307","2.88018","6.64515","0","0","0","0","0","0","0","0"
"3.57058","0.500044","0.514652","0.0416257","0.541277","0.549361","1.57893","1.71717e-15","3.05907","3.04958","2.88364","6.65326","0","0","0","0","0","0","0","0"
"3.57407","0.500044","0.514652","0.0416283","0.541263","0.549505","1.57333","1.71452e-15","3.05648","3.0456","2.89375","6.64284","0","0","0","0","0","0","0","0"
"3.57738","0.500044","0.514468","0.0416297","0.541481","0.549692","1.58233","1.71468e-15","3.05202","3.04775","2.87764","6.63285","0","0","0","0","0","0","0","0"
"3.58075","0.500044","0.514468","0.0416313","0.542246","0.550278","1.58956","1.71738e-15","3.05236","3.04604","2.86473","6.65273","0","0","0","0","0","0","0","0"
"3.58413","0.500044","0.514468","0.0416326","0.542675","0.55091","1.60369","1.71656e-15","3.05552","3.05404","2.87437","6.65091","0","0","0","0","0","0","0","0"
"3.58752","0.500044","0.514468","0.0416342","0.543683","0.55202","1.62119","1.71591e-15","3.0538","3.05134","2.88749","6.62741","0","0","0","0","0","0","0","0"
"3.59103","0.500044","0.514468","0.041634","0.546054","0.553712","1.64217","1.71624e-15","3.08545","3.07111","2.93722","6.62125","0","0","0","0","0","0","0","0"
"3.59428","0.500044","0.514092","0.0416332","0.546484","0.554196","1.63792","1.71651e-15","3.08603","3.06295","2.9414","6.61799","0","0","0","0","0","0","0","0"
"3.59767","0.500044","0.514092","0.0416326","0.546184","0.553889","1.63326","1.71523e-15","3.08577","3.06381","2.94713","6.60031","0","0","0","0","0","0","0","0"
"3.6011","0.500044","0.514092","0.0416319","0.546272","0.553984","1.63382","1.71701e-15","3.09034","3.06567","2.94269","6.60326","0","0","0","0","0","0","0","0"
"3.60447","0.500044","0.514092","0.0416313","0.545872","0.553401","1.63047","1.71888e-15","3.09115","3.06586","2.95035","6.63415","0","0","0","0","0","0","0","0"
"3.60795","0.500044","0.514092","0.0416286","0.545499","0.553562","1.6305","1.71612e-15","3.09287","3.06437","2.94293","6.62255","0","0","0","0","0","0","0","0"
"3.61122","0.500044","0.51416","0.0416261","0.545601","0.553379","1.63513","1.71674e-15","3.09","3.06829","2.92286","6.60604","0","0","0","0","0","0","0","0"
"3.6146","0.500044","0.51416","0.0416231","0.545489","0.553463","1.6342","1.71922e-15","3.09239","3.07269","2.91748","6.64299","0","0","0","0","0","0","0","0"
"3.618","0.500044","0.51416","0.0416205","0.545435","0.553297","1.63067","1.71914e-15","3.087","3.07232","2.92357","6.65286","0","0","0","0","0","0","0","0"
"3.62233","0.500044","0.51416","0.0416184","0.544837","0.553004","1.62463","1.71531e-15","3.0893","3.07499","2.93156","6.63976","0","0","0","0","0","0","0","0"
"3.62562","0.500044","0.514555","0.0416209","0.544917","0.553076","1.62401","1.71604e-15","3.09022","3.07338","2.93271","6.64173","0","0","0","0","0","0","0","0"
"3.62902","0.500044","0.514555","0.0416239","0.544169","0.552444","1.61889","1.71687e-15","3.08938","3.07454","2.94015","6.65736","0","0","0","0","0","0","0","0"
"3.6324","0.500044","0.514555","0.0416264","0.543845","0.552185","1.61457","1.71522e-15","3.08606","3.0723","2.94657","6.64628","0","0","0","0","0","0","0","0"
"3.63578","0.500044","0.514555","0.0416293","0.543685","0.552329","1.61054","1.71685e-15","3.08618","3.06997","2.94973","6.65371","0","0","0","0","0","0","0","0"
"3.63928","0.500044","0.514555","0.0416335","0.54397","0.552398","1.61229","1.71754e-15","3.08655","3.06799","2.94478","6.65972","0","0","0","0","0","0","0","0"
"3.64255","0.500044","0.514553","0.0416424","0.543554","0.551986","1.60668","1.71563e-15","3.08729","3.06538","2.95498","6.64727","0","0","0","0","0","0","0","0"
"3.64593","0.500044","0.514553","0.04165","0.544795","0.553318","1.60951","1.71661e-15","3.09996","3.06846","2.9518","6.65863","0","0","0","0","0","0","0","0"
"3.65062","0.500044","0.514553","0.0416614","0.545307","0.554148","1.62054","1.71746e-15","3.09226","3.05614","2.9515","6.68286","0","0","0","0","0","0","0","0"
"3.654","0.500044","0.514553","0.0416703","0.545245","0.554494","1.61502","1.71613e-15","3.09146","3.06067","2.96215","6.67187","0","0","0","0","0","0","0","0"
"3.65748","0.500044","0.514553","0.041678","0.545232","0.554805","1.61185","1.71586e-15","3.08671","3.05289","2.96666","6.66434","0","0","0","0","0","0","0","0"
"3.66075","0.500044","0.514473","0.0416871","0.544063","0.553528","1.60408","1.71749e-15","3.09132","3.05561","2.98699","6.68553","0","0","0","0","0","0","0","0"
"3.66428","0.500044","0.514473","0.0416948","0.544058","0.553007","1.59799","1.71625e-15","3.08874","3.05908","3.0014","6.67016","0","0","0","0","0","0","0","0"
"3.66767","0.500044","0.514473","0.0417039","0.543568","0.552713","1.59393","1.71693e-15","3.08962","3.06075","3.00366","6.66905","0","0","0","0","0","0","0","0"
"3.67107","0.500044","0.514473","0.0417116","0.543179","0.552343","1.58926","1.71915e-15","3.08663","3.05819","3.01075","6.69349","0","0","0","0","0","0","0","0"
"3.67453","0.500044","0.514473","0.0417174","0.543412","0.552222","1.58471","1.71694e-15","3.08512","3.05562","3.01983","6.69326","0","0","0","0","0","0","0","0"
"3.67782","0.500044","0.514681","0.0417219","0.542785","0.551805","1.58043","1.71614e-15","3.08586","3.05289","3.02775","6.67556","0","0","0","0","0","0","0","0"
"3.6812","0.500044","0.514681","0.0417272","0.543236","0.552146","1.57394","1.71821e-15","3.08339","3.05321","3.04383","6.6845","0","0","0","0","0","0","0","0"
"3.68462","0.500044","0.514681","0.0417317","0.544254","0.552939","1.57552","1.71893e-15","3.08048","3.04664","3.0323","6.69261","0","0","0","0","0","0","0","0"
"3.689","0.500044","0.514681","0.0417369","0.546151","0.554648","1.57908","1.71642e-15","3.09327","3.05601","3.009","6.66199","0","0","0","0","0","0","0","0"
"3.69255","0.500044","0.514762","0.0417369","0.546128","0.554813","1.57802","1.71811e-15","3.09608","3.05639","3.00133","6.66624","0","0","0","0","0","0","0","0"
"3.69578","0.500044","0.514762","0.0417367","0.54599","0.554583","1.57832","1.71911e-15","3.09942","3.06111","2.9912","6.68115","0","0","0","0","0","0","0","0"
"3.6992","0.500044","0.514762","0.0417366","0.545484","0.554166","1.57303","1.718e-15","3.09626","3.05795","3.00241","6.66824","0","0","0","0","0","0","0","0"
"3.70255","0.500044","0.514762","0.0417365","0.54542","0.553949","1.56792","1.72025e-15","3.09418","3.05632","3.01186","6.67458","0","0","0","0","0","0","0","0"
"3.706","0.500044","0.514762","0.0417365","0.545081","0.553441","1.56559","1.72012e-15","3.09165","3.054","3.00828","6.68203","0","0","0","0","0","0","0","0"
"3.70943","0.500044","0.514716","0.0417365","0.545562","0.554054","1.56944","1.71863e-15","3.09337","3.06128","2.99794","6.67115","0","0","0","0","0","0","0","0"
"3.71272","0.500044","0.514716","0.0417365","0.544759","0.553398","1.56496","1.72093e-15","3.09613","3.05995","3.00484","6.69387","0","0","0","0","0","0","0","0"
"3.7161","0.500044","0.514716","0.0417364","0.544132","0.552699","1.56116","1.72024e-15","3.09319","3.06014","3.0053","6.7074","0","0","0","0","0","0","0","0"
"3.71948","0.500044","0.514716","0.0417364","0.544175","0.552578","1.55881","1.72011e-15","3.09252","3.06489","3.0064","6.69483","0","0","0","0","0","0","0","0"
"3.72315","0.500044","0.514716","0.0417344","0.544721","0.553447","1.57434","1.72051e-15","3.09327","3.05947","3.0011","6.69104","0","0","0","0","0","0","0","0"
"3.7265","0.500044","0.515077","0.0417296","0.544743","0.553712","1.57428","1.72062e-15","3.0928","3.05956","2.99319","6.6934","0","0","0","0","0","0","0","0"
"3.7298","0.500044","0.515077","0.0417255","0.544462","0.553744","1.56808","1.71981e-15","3.09154","3.05698","3.00964","6.67597","0","0","0","0","0","0","0","0"
"3.73397","0.500044","0.515077","0.04172","0.544275","0.553432","1.56251","1.72142e-15","3.0931","3.05937","3.01628","6.70161","0","0","0","0","0","0","0","0"
"3.73735","0.500044","0.515077","0.0417152","0.544643","0.5538","1.56761","1.72166e-15","3.09065","3.05726","3.0057","6.70531","0","0","0","0","0","0","0","0"
"3.74085","0.500044","0.515077","0.0417127","0.54463","0.553482","1.5674","1.7198e-15","3.09179","3.05441","2.99474","6.69688","0","0","0","0","0","0","0","0"
"3.74413","0.500044","0.515073","0.0417102","0.544876","0.55375","1.57335","1.72288e-15","3.09094","3.05531","2.98566","6.72616","0","0","0","0","0","0","0","0"
"3.74752","0.500044","0.515073","0.0417081","0.545144","0.553877","1.5676","1.72252e-15","3.08882","3.05539","3.00028","6.73272","0","0","0","0","0","0","0","0"
"3.7509","0.500044","0.515073","0.0417056","0.545589","0.554424","1.56077","1.72069e-15","3.09809","3.06663","3.021","6.72358","0","0","0","0","0","0","0","0"
"3.75428","0.500044","0.515073","0.0417035","0.545468","0.554034","1.56203","1.72235e-15","3.10112","3.06654","3.01043","6.73809","0","0","0","0","0","0","0","0"
"3.75777","0.500044","0.515073","0.041696","0.545181","0.553539","1.56102","1.72149e-15","3.09563","3.06377","3.00191","6.7387","0","0","0","0","0","0","0","0"
"3.76105","0.500044","0.515126","0.0416889","0.545994","0.554435","1.56111","1.71937e-15","3.09459","3.06108","2.98992","6.7254","0","0","0","0","0","0","0","0"
"3.76443","0.500044","0.515126","0.0416805","0.545667","0.554094","1.56617","1.72004e-15","3.09245","3.05489","2.97878","6.72873","0","0","0","0","0","0","0","0"
"3.76783","0.500044","0.515126","0.0416733","0.545284","0.55359","1.56296","1.72121e-15","3.09117","3.05327","2.97942","6.75223","0","0","0","0","0","0","0","0"
"3.77232","0.500044","0.515126","0.0416647","0.544959","0.553293","1.5675","1.71899e-15","3.0967","3.05175","2.96593","6.73624","0","0","0","0","0","0","0","0"
"3.77563","0.500044","0.515284","0.0416638","0.545159","0.553804","1.56932","1.71925e-15","3.0946","3.05191","2.96007","6.7465","0","0","0","0","0","0","0","0"
"3.77902","0.500044","0.515284","0.0416628","0.544775","0.553514","1.56538","1.72055e-15","3.09278","3.04873","2.96399","6.7804","0","0","0","0","0","0","0","0"
"3.78242","0.500044","0.515284","0.0416619","0.544727","0.553702","1.5625","1.71872e-15","3.09399","3.05267","2.9656","6.76916","0","0","0","0","0","0","0","0"
"3.78578","0.500044","0.515284","0.0416609","0.54481","0.554404","1.561","1.71809e-15","3.09945","3.05709","2.96","6.76351","0","0","0","0","0","0","0","0"
"3.7893","0.500044","0.515284","0.0416614","0.545165","0.554459","1.5613","1.719e-15","3.10165","3.05705","2.94869","6.74967","0","0","0","0","0","0","0","0"
"3.79257","0.500044","0.515364","0.0416653","0.544574","0.554346","1.55837","1.71897e-15","3.10124","3.05396","2.94895","6.74402","0","0","0","0","0","0","0","0"
"3.79595","0.500044","0.515364","0.0416687","0.544605","0.554666","1.56163","1.71736e-15","3.09779","3.04984","2.93306","6.72851","0","0","0","0","0","0","0","0"
"3.79935","0.500044","0.515364","0.0416726","0.544178","0.554159","1.55908","1.71794e-15","3.10318","3.05323","2.93449","6.73219","0","0","0","0","0","0","0","0"
"3.80272","0.500044","0.515364","0.0416759","0.544146","0.554205","1.56529","1.71942e-15","3.10293","3.04884","2.93758","6.73943","0","0","0","0","0","0","0","0"
"3.80622","0.500044","0.515364","0.0416768","0.544632","0.55516","1.56299","1.71828e-15","3.10634","3.04561","2.93766","6.7283","0","0","0","0","0","0","0","0"
"3.8095","0.500044","0.515336","0.0416741","0.543806","0.554576","1.56027","1.71831e-15","3.10627","3.04424","2.93657","6.71314","0","0","0","0","0","0","0","0"
"3.81288","0.500044","0.515336","0.0416709","0.543324","0.553933","1.55992","1.72057e-15","3.10501","3.0414","2.93103","6.69969","0","0","0","0","0","0","0","0"
"3.8173","0.500044","0.515336","0.0416673","0.545923","0.556347","1.58049","1.7192e-15","3.1369","3.07662","3.0351","6.69286","0","0","0","0","0","0","0","0"
"3.82068","0.500044","0.515336","0.0416641","0.546045","0.556368","1.57391","1.7202e-15","3.12922","3.06837","3.05292","6.67906","0","0","0","0","0","0","0","0"
"3.82418","0.500044","0.515336","0.0416619","0.545573","0.555934","1.57384","1.71909e-15","3.12812","3.06927","3.04886","6.66544","0","0","0","0","0","0","0","0"
"3.82747","0.500044","0.515425","0.0416596","0.545601","0.555853","1.57773","1.71972e-15","3.12415","3.06229","3.05306","6.64984","0","0","0","0","0","0","0","0"
"3.83085","0.500044","0.515425","0.0416576","0.545194","0.555726","1.57428","1.72078e-15","3.12248","3.06422","3.0562","6.66423","0","0","0","0","0","0","0","0"
"3.83423","0.500044","0.515425","0.0416553","0.545003","0.555696","1.56977","1.71952e-15","3.12025","3.0623","3.06075","6.65074","0","0","0","0","0","0","0","0"
"3.83762","0.500044","0.515425","0.0416533","0.544567","0.555338","1.5625","1.72182e-15","3.1181","3.06088","3.084","6.65682","0","0","0","0","0","0","0","0"
"3.8411","0.500044","0.515425","0.0416503","0.544252","0.555012","1.56209","1.72122e-15","3.11532","3.05918","3.07512","6.65129","0","0","0","0","0","0","0","0"
"3.84438","0.500044","0.515515","0.0416476","0.543444","0.55427","1.55808","1.71917e-15","3.11658","3.06092","3.07903","6.63637","0","0","0","0","0","0","0","0"
"3.84777","0.500044","0.515515","0.0416444","0.544558","0.554981","1.56503","1.72094e-15","3.12574","3.07625","3.07608","6.66588","0","0","0","0","0","0","0","0"
"3.85115","0.500044","0.515515","0.0416417","0.544016","0.554721","1.56778","1.72308e-15","3.12563","3.07605","3.05792","6.70123","0","0","0","0","0","0","0","0"
"3.85567","0.500044","0.515515","0.0416375","0.544401","0.554856","1.5759","1.7199e-15","3.12792","3.08136","3.02955","6.68803","0","0","0","0","0","0","0","0"
"3.85897","0.500044","0.515598","0.041634","0.544414","0.55496","1.57607","1.71983e-15","3.12195","3.07582","3.01904","6.69043","0","0","0","0","0","0","0","0"
"3.86237","0.500044","0.515598","0.04163","0.543947","0.554637","1.56987","1.72253e-15","3.12279","3.07693","3.03192","6.72805","0","0","0","0","0","0","0","0"
"3.86573","0.500044","0.515598","0.0416266","0.543412","0.554225","1.56446","1.72156e-15","3.1257","3.0768","3.04358","6.73353","0","0","0","0","0","0","0","0"
"3.86913","0.500044","0.515598","0.0416225","0.543588","0.554271","1.56119","1.72027e-15","3.12438","3.07359","3.0433","6.71918","0","0","0","0","0","0","0","0"
"3.87262","0.500044","0.515598","0.0416194","0.543708","0.554378","1.55983","1.71998e-15","3.11808","3.06781","3.03715","6.71869","0","0","0","0","0","0","0","0"
"3.8759","0.500044","0.515468","0.0416163","0.544419","0.554866","1.55893","1.72063e-15","3.11323","3.06377","3.02618","6.72932","0","0","0","0","0","0","0","0"
"3.87928","0.500044","0.515468","0.0416136","0.544412","0.554687","1.55622","1.71935e-15","3.11678","3.06397","3.03152","6.73028","0","0","0","0","0","0","0","0"
"3.88268","0.500044","0.515468","0.0416106","0.544632","0.554797","1.55181","1.71769e-15","3.11066","3.06289","3.03573","6.71045","0","0","0","0","0","0","0","0"
"3.88605","0.500044","0.515468","0.0416079","0.544636","0.555241","1.55093","1.71925e-15","3.10792","3.05702","3.0273","6.7335","0","0","0","0","0","0","0","0"
"3.88953","0.500044","0.515468","0.0416087","0.544888","0.554871","1.54899","1.72016e-15","3.10633","3.05211","3.02905","6.73438","0","0","0","0","0","0","0","0"
"3.89282","0.500044","0.515414","0.0416138","0.545625","0.555383","1.56778","1.71912e-15","3.11397","3.05691","3.0776","6.71965","0","0","0","0","0","0","0","0"
"3.89622","0.500044","0.515414","0.0416198","0.545818","0.55608","1.58489","1.71894e-15","3.1123","3.05367","3.0707","6.72398","0","0","0","0","0","0","0","0"
"3.90063","0.500044","0.515414","0.0416266","0.545302","0.555605","1.57622","1.72165e-15","3.10867","3.05267","3.09456","6.7526","0","0","0","0","0","0","0","0"
"3.90402","0.500044","0.515414","0.0416326","0.544699","0.554858","1.57021","1.71996e-15","3.10767","3.05288","3.10771","6.74592","0","0","0","0","0","0","0","0"
"3.90752","0.500044","0.515414","0.0416379","0.545437","0.555235","1.57054","1.7188e-15","3.10639","3.05374","3.10246","6.73352","0","0","0","0","0","0","0","0"
"3.9108","0.500044","0.515544","0.0416442","0.546329","0.555957","1.57051","1.72131e-15","3.11765","3.05448","3.0983","6.75806","0","0","0","0","0","0","0","0"
"3.91418","0.500044","0.515544","0.0416495","0.54589","0.555466","1.56555","1.72203e-15","3.11842","3.05479","3.10875","6.78947","0","0","0","0","0","0","0","0"
"3.91757","0.500044","0.515544","0.0416558","0.546123","0.55555","1.56869","1.71987e-15","3.11969","3.05177","3.08577","6.77412","0","0","0","0","0","0","0","0"
"3.92095","0.500044","0.515544","0.0416611","0.546365","0.555783","1.56525","1.71963e-15","3.11502","3.05047","3.08765","6.76464","0","0","0","0","0","0","0","0"
"3.92443","0.500044","0.515544","0.0416613","0.545458","0.554641","1.56071","1.71982e-15","3.12062","3.06131","3.09265","6.76545","0","0","0","0","0","0","0","0"
"3.92772","0.500044","0.51569","0.0416605","0.54598","0.554849","1.56092","1.72082e-15","3.11618","3.0577","3.08286","6.79041","0","0","0","0","0","0","0","0"
"3.93123","0.500044","0.51569","0.0416596","0.54556","0.55464","1.56133","1.71951e-15","3.11696","3.06242","3.07216","6.76993","0","0","0","0","0","0","0","0"
"3.93448","0.500044","0.51569","0.0416588","0.545998","0.554985","1.55664","1.71924e-15","3.11759","3.05925","3.08119","6.75083","0","0","0","0","0","0","0","0"
"3.93898","0.500044","0.51569","0.0416585","0.544806","0.553825","1.55238","1.72126e-15","3.12154","3.062","3.08684","6.74891","0","0","0","0","0","0","0","0"
"3.9423","0.500044","0.515761","0.0416602","0.543896","0.553136","1.54543","1.71979e-15","3.12071","3.05978","3.10941","6.74226","0","0","0","0","0","0","0","0"
"3.94568","0.500044","0.515761","0.0416622","0.543532","0.552728","1.53914","1.7187e-15","3.11983","3.06136","3.12389","6.73425","0","0","0","0","0","0","0","0"
"3.94907","0.500044","0.515761","0.0416639","0.543366","0.552512","1.53359","1.72076e-15","3.12183","3.05896","3.13764","6.75789","0","0","0","0","0","0","0","0"
"3.95247","0.500044","0.515761","0.0416658","0.542928","0.552308","1.53014","1.72183e-15","3.12054","3.05701","3.14482","6.78454","0","0","0","0","0","0","0","0"
"3.95595","0.500044","0.515761","0.0416678","0.54379","0.552943","1.54004","1.71968e-15","3.11938","3.06154","3.15957","6.77657","0","0","0","0","0","0","0","0"
"3.95923","0.500044","0.515676","0.0416705","0.54439","0.553966","1.55221","1.72069e-15","3.12188","3.06031","3.20566","6.78546","0","0","0","0","0","0","0","0"
"3.96262","0.500044","0.515676","0.0416728","0.545641","0.554203","1.57261","1.72145e-15","3.12537","3.06437","3.25125","6.78206","0","0","0","0","0","0","0","0"
"3.96602","0.500044","0.515676","0.0416756","0.5467","0.555074","1.58476","1.71896e-15","3.12018","3.05726","3.22393","6.77441","0","0","0","0","0","0","0","0"
"3.96938","0.500044","0.515676","0.0416779","0.545781","0.554944","1.58104","1.7204e-15","3.1244","3.05588","3.22716","6.78875","0","0","0","0","0","0","0","0"
"3.97288","0.500044","0.515676","0.0416796","0.5459","0.5553","1.58021","1.72048e-15","3.12056","3.05402","3.21901","6.79725","0","0","0","0","0","0","0","0"
"3.97615","0.500044","0.515416","0.0416796","0.545548","0.555243","1.57479","1.71855e-15","3.11736","3.04972","3.23223","6.78575","0","0","0","0","0","0","0","0"
"3.97957","0.500044","0.515416","0.0416798","0.545309","0.555246","1.57544","1.71855e-15","3.11427","3.04657","3.21486","6.79093","0","0","0","0","0","0","0","0"
"3.98397","0.500044","0.515416","0.0416799","0.544682","0.554688","1.57168","1.72013e-15","3.11236","3.04519","3.21194","6.78769","0","0","0","0","0","0","0","0"
"3.98735","0.500044","0.515416","0.04168","0.544829","0.554803","1.58163","1.71855e-15","3.11532","3.0514","3.19886","6.77569","0","0","0","0","0","0","0","0"
"3.99085","0.500044","0.515416","0.0416725","0.544527","0.554556","1.58349","1.71769e-15","3.11197","3.04913","3.18884","6.77299","0","0","0","0","0","0","0","0"
"3.99412","0.500044","0.515518","0.0416621","0.5437","0.553701","1.58052","1.71923e-15","3.1156","3.0565","3.18702","6.78355","0","0","0","0","0","0","0","0"
"3.9975","0.500044","0.515518","0.0416532","0.543557","0.553624","1.58206","1.7187e-15","3.119","3.05478","3.16714","6.78918","0","0","0","0","0","0","0","0"
"4.00088","0.500044","0.515518","0.0416427","0.543223","0.553215","1.5828","1.7176e-15","3.12185","3.05623","3.15038","6.75583","0","0","0","0","0","0","0","0"
"4.00428","0.500044","0.515518","0.0416338","0.543226","0.553269","1.58549","1.71908e-15","3.1178","3.0549","3.13949","6.73631","0","0","0","0","0","0","0","0"
"4.00775","0.500044","0.515518","0.0416333","0.542714","0.552919","1.58369","1.71862e-15","3.11727","3.05333","3.134","6.72009","0","0","0","0","0","0","0","0"
"4.01105","0.500044","0.515551","0.0416344","0.542274","0.55227","1.57767","1.71655e-15","3.11477","3.05425","3.14939","6.70221","0","0","0","0","0","0","0","0"
"4.01443","0.500044","0.515551","0.0416356","0.542751","0.55298","1.57365","1.71836e-15","3.11256","3.05783","3.15242","6.7162","0","0","0","0","0","0","0","0"
"4.01782","0.500044","0.515551","0.0416366","0.542789","0.552605","1.58383","1.71873e-15","3.11264","3.05763","3.13496","6.73629","0","0","0","0","0","0","0","0"
"4.02232","0.500044","0.515551","0.041639","0.543358","0.553619","1.58416","1.71808e-15","3.10546","3.04824","3.12328","6.70753","0","0","0","0","0","0","0","0"
"4.02575","0.500044","0.51528","0.0416424","0.542479","0.552626","1.57856","1.71921e-15","3.10478","3.05269","3.13664","6.72176","0","0","0","0","0","0","0","0"
"4.02913","0.500044","0.51528","0.0416465","0.54217","0.552338","1.57577","1.71784e-15","3.10454","3.053","3.13588","6.71541","0","0","0","0","0","0","0","0"
"4.03253","0.500044","0.51528","0.0416499","0.541509","0.55156","1.57008","1.71856e-15","3.10541","3.05869","3.1492","6.73133","0","0","0","0","0","0","0","0"
"4.0359","0.500044","0.51528","0.0416539","0.540823","0.551037","1.56234","1.72057e-15","3.10736","3.06623","3.17238","6.73557","0","0","0","0","0","0","0","0"
"4.03942","0.500044","0.51528","0.0416563","0.540126","0.550171","1.56106","1.71819e-15","3.10687","3.07068","3.1716","6.7246","0","0","0","0","0","0","0","0"
"4.04268","0.500044","0.515093","0.0416567","0.539738","0.550164","1.55731","1.71839e-15","3.10388","3.06757","3.17559","6.7281","0","0","0","0","0","0","0","0"
"4.04605","0.500044","0.515093","0.041657","0.540393","0.551111","1.55493","1.71907e-15","3.1065","3.07267","3.17273","6.74302","0","0","0","0","0","0","0","0"
"4.0494","0.500044","0.515093","0.0416574","0.540037","0.550743","1.55563","1.71786e-15","3.10397","3.06939","3.1524","6.72556","0","0","0","0","0","0","0","0"
"4.05277","0.500044","0.515093","0.0416577","0.53998","0.550306","1.56346","1.7197e-15","3.10001","3.06776","3.13397","6.73618","0","0","0","0","0","0","0","0"
"4.05625","0.500044","0.515093","0.0416588","0.540592","0.551285","1.56137","1.72073e-15","3.09673","3.06891","3.12701","6.72393","0","0","0","0","0","0","0","0"
"4.05955","0.500044","0.514846","0.0416604","0.54067","0.551076","1.56924","1.7193e-15","3.09229","3.06663","3.10412","6.71576","0","0","0","0","0","0","0","0"
"4.06292","0.500044","0.514846","0.0416624","0.540629","0.550912","1.57877","1.71779e-15","3.0906","3.06552","3.07161","6.69856","0","0","0","0","0","0","0","0"
"4.06713","0.500044","0.514846","0.0416646","0.540426","0.550921","1.57609","1.71931e-15","3.08423","3.0623","3.06781","6.72148","0","0","0","0","0","0","0","0"
"4.07048","0.500044","0.514846","0.0416662","0.539781","0.550588","1.57167","1.71902e-15","3.08752","3.06642","3.07493","6.73651","0","0","0","0","0","0","0","0"
"4.07397","0.500044","0.514846","0.0416709","0.540024","0.551045","1.57293","1.71582e-15","3.08215","3.05621","3.05834","6.7237","0","0","0","0","0","0","0","0"
"4.07725","0.500044","0.514576","0.0416759","0.540041","0.551496","1.56869","1.71612e-15","3.0779","3.05394","3.06613","6.71741","0","0","0","0","0","0","0","0"
"4.08063","0.500044","0.514576","0.0416817","0.540333","0.551531","1.56959","1.71774e-15","3.07186","3.05101","3.05444","6.73644","0","0","0","0","0","0","0","0"
"4.08402","0.500044","0.514576","0.0416867","0.539697","0.550547","1.56495","1.71528e-15","3.07483","3.05607","3.06273","6.73433","0","0","0","0","0","0","0","0"
"4.0874","0.500044","0.514576","0.0416926","0.5397","0.550135","1.5598","1.71518e-15","3.07399","3.05196","3.06945","6.72672","0","0","0","0","0","0","0","0"
"4.09088","0.500044","0.514576","0.0416938","0.53949","0.54996","1.55498","1.71452e-15","3.07372","3.05508","3.07856","6.73057","0","0","0","0","0","0","0","0"
"4.09418","0.500044","0.514529","0.0416944","0.538799","0.548877","1.55134","1.71283e-15","3.07137","3.05916","3.0785","6.71847","0","0","0","0","0","0","0","0"
"4.09755","0.500044","0.514529","0.0416948","0.53823","0.54819","1.54881","1.7135e-15","3.06944","3.06017","3.0756","6.7171","0","0","0","0","0","0","0","0"
"4.10095","0.500044","0.514529","0.0416954","0.53861","0.54867","1.54221","1.71506e-15","3.07401","3.06598","3.09211","6.74214","0","0","0","0","0","0","0","0"
"4.10435","0.500044","0.514529","0.0416959","0.53901","0.549088","1.53954","1.7136e-15","3.07377","3.07125","3.09253","6.7352","0","0","0","0","0","0","0","0"
"4.10782","0.500044","0.514529","0.0416971","0.538916","0.548925","1.54094","1.71256e-15","3.0789","3.0698","3.08803","6.7396","0","0","0","0","0","0","0","0"
"4.1111","0.500044","0.514449","0.0416983","0.539079","0.549113","1.54107","1.71451e-15","3.0754","3.06619","3.07613","6.76127","0","0","0","0","0","0","0","0"
"4.11448","0.500044","0.514449","0.0416996","0.539477","0.54953","1.53814","1.71343e-15","3.07368","3.0638","3.07361","6.76265","0","0","0","0","0","0","0","0"
"4.11788","0.500044","0.514449","0.0417008","0.538968","0.549241","1.54208","1.71266e-15","3.0717","3.06636","3.05189","6.74571","0","0","0","0","0","0","0","0"
"4.12232","0.500044","0.514449","0.0417031","0.54066","0.550419","1.55592","1.71494e-15","3.09544","3.06723","3.04355","6.75192","0","0","0","0","0","0","0","0"
"4.12568","0.500044","0.514212","0.0417058","0.54101","0.550806","1.56934","1.71257e-15","3.09969","3.06587","3.04831","6.74205","0","0","0","0","0","0","0","0"
"4.12907","0.500044","0.514212","0.0417089","0.540255","0.549962","1.56908","1.7126e-15","3.10014","3.06478","3.03496","6.72859","0","0","0","0","0","0","0","0"
"4.1324","0.500044","0.514212","0.0417115","0.540495","0.549824","1.57602","1.7146e-15","3.10963","3.06548","3.02206","6.72734","0","0","0","0","0","0","0","0"
"4.13575","0.500044","0.514212","0.0417147","0.539764","0.549136","1.57133","1.71452e-15","3.11101","3.06886","3.02698","6.73362","0","0","0","0","0","0","0","0"
"4.13933","0.500044","0.514212","0.0417158","0.540665","0.550225","1.57327","1.71372e-15","3.11144","3.08377","3.01453","6.70995","0","0","0","0","0","0","0","0"
"4.14255","0.500044","0.514211","0.0417136","0.540315","0.549801","1.56561","1.71523e-15","3.11268","3.08803","3.03601","6.71366","0","0","0","0","0","0","0","0"
"4.14593","0.500044","0.514211","0.0417117","0.539549","0.549148","1.55999","1.7145e-15","3.11102","3.08444","3.04905","6.69978","0","0","0","0","0","0","0","0"
"4.15075","0.500044","0.514211","0.0417088","0.539489","0.548887","1.55614","1.71374e-15","3.12137","3.09744","3.05009","6.67882","0","0","0","0","0","0","0","0"
"4.154","0.500044","0.514211","0.0417066","0.539689","0.548954","1.56784","1.71597e-15","3.11478","3.08867","3.02363","6.69862","0","0","0","0","0","0","0","0"
"4.15788","0.500044","0.514211","0.0416965","0.540288","0.549927","1.57278","1.71475e-15","3.11624","3.09327","3.01334","6.68518","0","0","0","0","0","0","0","0"
"4.16087","0.500044","0.514286","0.0416829","0.539667","0.54972","1.57894","1.71372e-15","3.11541","3.0889","2.98194","6.67266","0","0","0","0","0","0","0","0"
"4.16423","0.500044","0.514286","0.0416712","0.540699","0.551053","1.57743","1.71573e-15","3.12128","3.09779","2.97775","6.6828","0","0","0","0","0","0","0","0"
"4.16768","0.500044","0.514286","0.0416575","0.541178","0.551441","1.58537","1.71493e-15","3.12347","3.09549","2.9864","6.69474","0","0","0","0","0","0","0","0"
"4.17103","0.500044","0.514286","0.0416458","0.541489","0.551433","1.58032","1.71363e-15","3.11775","3.09221","2.9956","6.68149","0","0","0","0","0","0","0","0"
"4.17452","0.500044","0.514286","0.0416441","0.540701","0.550621","1.57275","1.71387e-15","3.1192","3.09163","3.01635","6.67275","0","0","0","0","0","0","0","0"
"4.17778","0.500044","0.514227","0.0416443","0.541","0.55077","1.57056","1.71433e-15","3.11768","3.08755","3.01216","6.65872","0","0","0","0","0","0","0","0"
"4.18117","0.500044","0.514227","0.0416446","0.541016","0.551287","1.56756","1.71208e-15","3.11752","3.08104","3.01705","6.64082","0","0","0","0","0","0","0","0"
"4.18472","0.500044","0.514227","0.0416448","0.541148","0.551218","1.56216","1.71264e-15","3.12679","3.0877","3.02867","6.63842","0","0","0","0","0","0","0","0"
"4.18898","0.500044","0.514227","0.0416477","0.542878","0.552945","1.57748","1.71269e-15","3.1488","3.09017","3.07747","6.65998","0","0","0","0","0","0","0","0"
"4.19237","0.500044","0.514383","0.0416554","0.542661","0.552983","1.57342","1.71087e-15","3.15075","3.0901","3.08711","6.65308","0","0","0","0","0","0","0","0"
"4.19575","0.500044","0.514383","0.0416643","0.542837","0.553286","1.58055","1.71333e-15","3.15469","3.09615","3.08711","6.66268","0","0","0","0","0","0","0","0"
"4.19915","0.500044","0.514383","0.041672","0.542329","0.55292","1.58173","1.71399e-15","3.15291","3.09498","3.07081","6.66303","0","0","0","0","0","0","0","0"
"4.20253","0.500044","0.514383","0.041681","0.542446","0.55327","1.58431","1.71239e-15","3.15018","3.09006","3.06593","6.6471","0","0","0","0","0","0","0","0"
"4.20602","0.500044","0.514383","0.0416886","0.542729","0.553698","1.5834","1.71305e-15","3.14429","3.09242","3.05901","6.64288","0","0","0","0","0","0","0","0"
"4.2093","0.500044","0.514626","0.041697","0.542462","0.55327","1.57738","1.71276e-15","3.13886","3.08752","3.07107","6.64806","0","0","0","0","0","0","0","0"
"4.21268","0.500044","0.514626","0.0417043","0.542382","0.553106","1.58196","1.71115e-15","3.13722","3.08352","3.05402","6.63206","0","0","0","0","0","0","0","0"
"4.21607","0.500044","0.514626","0.0417127","0.542793","0.55362","1.59614","1.71382e-15","3.138","3.08654","3.02849","6.64815","0","0","0","0","0","0","0","0"
"4.21945","0.500044","0.514626","0.04172","0.541975","0.552892","1.59108","1.7152e-15","3.14064","3.08779","3.03922","6.66661","0","0","0","0","0","0","0","0"
"4.22293","0.500044","0.514626","0.0417252","0.541608","0.552503","1.5894","1.71307e-15","3.14043","3.08767","3.03545","6.64909","0","0","0","0","0","0","0","0"
"4.22622","0.500044","0.514914","0.0417259","0.54165","0.552814","1.58764","1.71454e-15","3.14241","3.08935","3.03524","6.66227","0","0","0","0","0","0","0","0"
"4.2296","0.500044","0.514914","0.0417267","0.540863","0.552091","1.58792","1.71691e-15","3.14214","3.08752","3.02851","6.69484","0","0","0","0","0","0","0","0"
"4.23377","0.500044","0.514914","0.0417276","0.542362","0.553137","1.6208","1.71538e-15","3.14717","3.08269","3.0685","6.68031","0","0","0","0","0","0","0","0"
"4.23715","0.500044","0.514914","0.0417283","0.541509","0.552326","1.61749","1.71592e-15","3.14959","3.08636","3.07191","6.66939","0","0","0","0","0","0","0","0"
"4.24065","0.500044","0.514914","0.0417238","0.541243","0.552081","1.61179","1.71626e-15","3.15351","3.08574","3.08124","6.66783","0","0","0","0","0","0","0","0"
"4.24393","0.500044","0.514928","0.0417181","0.540335","0.551349","1.60733","1.71501e-15","3.15613","3.0886","3.08818","6.66501","0","0","0","0","0","0","0","0"
"4.24732","0.500044","0.514928","0.0417115","0.540279","0.551363","1.60362","1.71579e-15","3.15082","3.08347","3.09146","6.67263","0","0","0","0","0","0","0","0"
"4.2507","0.500044","0.514928","0.0417058","0.540382","0.55139","1.60663","1.71718e-15","3.15017","3.0789","3.07528","6.68824","0","0","0","0","0","0","0","0"
"4.25408","0.500044","0.514928","0.0416992","0.54047","0.551742","1.60975","1.71578e-15","3.15745","3.08436","3.0571","6.69848","0","0","0","0","0","0","0","0"
"4.25757","0.500044","0.514928","0.0416985","0.541303","0.553016","1.61954","1.71467e-15","3.16411","3.1097","3.03946","6.68961","0","0","0","0","0","0","0","0"
"4.26098","0.500044","0.514725","0.041699","0.540929","0.552687","1.62098","1.71594e-15","3.16327","3.12256","3.02331","6.68982","0","0","0","0","0","0","0","0"
"4.26423","0.500044","0.514725","0.0416994","0.541828","0.553244","1.63069","1.71527e-15","3.16013","3.12105","3.00002","6.6889","0","0","0","0","0","0","0","0"
"4.26763","0.500044","0.514725","0.0416999","0.542201","0.553591","1.62559","1.71447e-15","3.16691","3.12937","3.01526","6.68152","0","0","0","0","0","0","0","0"
"4.27103","0.500044","0.514725","0.0417003","0.541121","0.552337","1.61919","1.71579e-15","3.16916","3.13604","3.03137","6.6809","0","0","0","0","0","0","0","0"
"4.27462","0.500044","0.514725","0.0417027","0.540773","0.552048","1.61404","1.71416e-15","3.1652","3.13557","3.04","6.68112","0","0","0","0","0","0","0","0"
"4.27788","0.500044","0.514475","0.0417051","0.540322","0.551641","1.6099","1.71331e-15","3.16923","3.13686","3.04417","6.65861","0","0","0","0","0","0","0","0"
"4.28127","0.500044","0.514475","0.0417079","0.540507","0.551826","1.60356","1.7143e-15","3.17601","3.14706","3.05762","6.66032","0","0","0","0","0","0","0","0"
"4.28467","0.500044","0.514475","0.0417103","0.540449","0.551761","1.6003","1.71697e-15","3.1758","3.14588","3.05848","6.68088","0","0","0","0","0","0","0","0"
"4.28898","0.500044","0.514475","0.0417137","0.539915","0.550961","1.59194","1.71482e-15","3.17433","3.15586","3.08174","6.66099","0","0","0","0","0","0","0","0"
"4.2922","0.500044","0.514564","0.0417159","0.54136","0.551994","1.61004","1.71585e-15","3.18251","3.16173","3.116","6.66854","0","0","0","0","0","0","0","0"
"4.2956","0.500044","0.514564","0.041718","0.542193","0.55256","1.62484","1.71751e-15","3.17824","3.15893","3.09648","6.69607","0","0","0","0","0","0","0","0"
"4.29898","0.500044","0.514564","0.0417205","0.543259","0.553657","1.63201","1.71599e-15","3.1764","3.1536","3.08043","6.67925","0","0","0","0","0","0","0","0"
"4.30237","0.500044","0.514564","0.0417226","0.543377","0.553967","1.63127","1.71631e-15","3.17181","3.15165","3.07475","6.68315","0","0","0","0","0","0","0","0"
"4.30585","0.500044","0.514564","0.041725","0.542717","0.553487","1.62861","1.71809e-15","3.17205","3.14841","3.07016","6.70505","0","0","0","0","0","0","0","0"
"4.30913","0.500044","0.514451","0.0417268","0.542642","0.553462","1.62285","1.71661e-15","3.1709","3.15089","3.08299","6.68914","0","0","0","0","0","0","0","0"
"4.31252","0.500044","0.514451","0.0417289","0.542411","0.553055","1.63101","1.71646e-15","3.17236","3.14534","3.09492","6.6886","0","0","0","0","0","0","0","0"
"4.3172","0.500044","0.514451","0.0417317","0.542031","0.552799","1.63344","1.71889e-15","3.17077","3.15111","3.09847","6.69333","0","0","0","0","0","0","0","0"
"4.3206","0.500044","0.514451","0.0417335","0.541646","0.552708","1.62708","1.7171e-15","3.17254","3.14674","3.11467","6.68735","0","0","0","0","0","0","0","0"
"4.32408","0.500044","0.514451","0.0417349","0.541157","0.551895","1.62235","1.71626e-15","3.17064","3.1479","3.11907","6.67726","0","0","0","0","0","0","0","0"
"4.32737","0.500044","0.514627","0.0417359","0.541271","0.551922","1.62181","1.71871e-15","3.17241","3.14234","3.11175","6.69421","0","0","0","0","0","0","0","0"
"4.33075","0.500044","0.514627","0.041737","0.542266","0.552908","1.62013","1.71853e-15","3.16905","3.13584","3.11155","6.68875","0","0","0","0","0","0","0","0"
"4.33413","0.500044","0.514627","0.0417379","0.542328","0.552802","1.6322","1.71669e-15","3.16156","3.13486","3.08698","6.67103","0","0","0","0","0","0","0","0"
"4.33752","0.500044","0.514627","0.041739","0.54198","0.552507","1.63056","1.71738e-15","3.15971","3.13086","3.08029","6.66281","0","0","0","0","0","0","0","0"
"4.34103","0.500044","0.514627","0.0417447","0.542576","0.553105","1.63339","1.71788e-15","3.16453","3.14033","3.0605","6.66444","0","0","0","0","0","0","0","0"
"4.34428","0.500044","0.51472","0.0417525","0.542338","0.552656","1.63548","1.71784e-15","3.16109","3.13671","3.04453","6.68202","0","0","0","0","0","0","0","0"
"4.34768","0.500044","0.51472","0.0417592","0.5435","0.55359","1.64339","1.71521e-15","3.16884","3.13748","3.02109","6.67739","0","0","0","0","0","0","0","0"
"4.35105","0.500044","0.51472","0.041767","0.54403","0.553722","1.65137","1.71545e-15","3.16098","3.1325","3.00499","6.66038","0","0","0","0","0","0","0","0"
"4.35445","0.500044","0.51472","0.0417737","0.545076","0.555035","1.66201","1.71726e-15","3.16733","3.13401","2.9972","6.65605","0","0","0","0","0","0","0","0"
"4.35795","0.500044","0.51472","0.0417805","0.54492","0.555009","1.65881","1.71514e-15","3.16182","3.12496","3.00199","6.63324","0","0","0","0","0","0","0","0"
"4.36122","0.500044","0.514633","0.0417862","0.546272","0.555696","1.67733","1.71306e-15","3.15833","3.12327","2.99921","6.61776","0","0","0","0","0","0","0","0"
"4.3646","0.500044","0.514633","0.0417929","0.545723","0.555758","1.67277","1.71545e-15","3.15927","3.12547","3.00595","6.63556","0","0","0","0","0","0","0","0"
"4.36798","0.500044","0.514633","0.0417986","0.544922","0.55536","1.66739","1.71778e-15","3.15819","3.12235","3.01602","6.66923","0","0","0","0","0","0","0","0"
"4.37233","0.500044","0.514633","0.0418041","0.544595","0.554736","1.66023","1.71652e-15","3.15003","3.11759","3.02754","6.65023","0","0","0","0","0","0","0","0"
"4.37555","0.500044","0.514854","0.041801","0.543832","0.553954","1.65794","1.71716e-15","3.15058","3.11684","3.02516","6.65019","0","0","0","0","0","0","0","0"
"4.37905","0.500044","0.514854","0.0417978","0.54323","0.553368","1.65018","1.71974e-15","3.14992","3.11788","3.04874","6.67353","0","0","0","0","0","0","0","0"
"4.38232","0.500044","0.514854","0.0417941","0.542548","0.552913","1.64812","1.71912e-15","3.15147","3.11345","3.04263","6.67861","0","0","0","0","0","0","0","0"
"4.39952","0.500044","0.514854","0.0417841","0.539942","0.550751","1.62072","1.71958e-15","3.13842","3.10247","3.0993","6.68339","0","0","0","0","0","0","0","0"
"4.40308","0.500044","0.515103","0.0417826","0.539495","0.550143","1.62157","1.72017e-15","3.14637","3.11011","3.08574","6.70365","0","0","0","0","0","0","0","0"
"4.4066","0.500044","0.515103","0.041786","0.540029","0.550387","1.61578","1.71765e-15","3.1392","3.10604","3.09892","6.6934","0","0","0","0","0","0","0","0"
"4.40987","0.500044","0.514767","0.0417954","0.539837","0.550389","1.60756","1.7184e-15","3.13725","3.09904","3.12417","6.68247","0","0","0","0","0","0","0","0"
"4.41325","0.500044","0.514767","0.0418034","0.53936","0.549898","1.60124","1.72022e-15","3.1374","3.10105","3.14027","6.69877","0","0","0","0","0","0","0","0"
"4.41663","0.500044","0.514767","0.0418128","0.54004","0.550269","1.60814","1.71869e-15","3.14269","3.102","3.12269","6.68513","0","0","0","0","0","0","0","0"
"4.42002","0.500044","0.514767","0.0418208","0.540863","0.551133","1.61216","1.71892e-15","3.13705","3.09788","3.1056","6.67355","0","0","0","0","0","0","0","0"
"4.4235","0.500044","0.514767","0.0418302","0.541625","0.551992","1.61862","1.71942e-15","3.13553","3.1059","3.09121","6.69092","0","0","0","0","0","0","0","0"
"4.42678","0.500044","0.514316","0.0418382","0.541912","0.55234","1.61656","1.71963e-15","3.13212","3.10542","3.08748","6.71383","0","0","0","0","0","0","0","0"
"4.43023","0.500044","0.514316","0.0418475","0.541206","0.551625","1.61004","1.71756e-15","3.13481","3.10517","3.10151","6.70275","0","0","0","0","0","0","0","0"
"4.43358","0.500044","0.514316","0.0418556","0.54114","0.551622","1.60895","1.71937e-15","3.13403","3.1057","3.09275","6.72002","0","0","0","0","0","0","0","0"
"4.43695","0.500044","0.514316","0.041865","0.541054","0.551488","1.60143","1.71981e-15","3.13603","3.11099","3.1136","6.73267","0","0","0","0","0","0","0","0"
"4.44045","0.500044","0.514316","0.0418667","0.541264","0.551646","1.5954","1.71706e-15","3.13446","3.1055","3.1283","6.72255","0","0","0","0","0","0","0","0"
"4.44372","0.500044","0.514202","0.0418652","0.540705","0.551028","1.58993","1.71813e-15","3.132","3.10775","3.13798","6.73133","0","0","0","0","0","0","0","0"
"4.4471","0.500044","0.514202","0.0418638","0.541445","0.551629","1.59461","1.7187e-15","3.12762","3.1073","3.11473","6.74447","0","0","0","0","0","0","0","0"
"4.4505","0.500044","0.514202","0.0418622","0.541849","0.551851","1.6023","1.7168e-15","3.12733","3.1038","3.09258","6.72834","0","0","0","0","0","0","0","0"
"4.45388","0.500044","0.514202","0.0418609","0.541513","0.551637","1.60198","1.71833e-15","3.12316","3.09841","3.08972","6.74215","0","0","0","0","0","0","0","0"
"4.45737","0.500044","0.514202","0.0418574","0.541032","0.551241","1.5956","1.71823e-15","3.12076","3.10044","3.1044","6.73918","0","0","0","0","0","0","0","0"
"4.46067","0.500044","0.514382","0.0418537","0.541036","0.551297","1.59171","1.71787e-15","3.11616","3.09521","3.10908","6.71437","0","0","0","0","0","0","0","0"
"4.46403","0.500044","0.514382","0.0418495","0.541049","0.551645","1.58553","1.71965e-15","3.11362","3.10472","3.12215","6.72314","0","0","0","0","0","0","0","0"
"4.46742","0.500044","0.514382","0.0418458","0.541072","0.551611","1.58376","1.71977e-15","3.11171","3.10432","3.11869","6.72298","0","0","0","0","0","0","0","0"
"4.4708","0.500044","0.514382","0.0418416","0.540949","0.551591","1.57618","1.71981e-15","3.10567","3.09705","3.1418","6.71675","0","0","0","0","0","0","0","0"
"4.47432","0.500044","0.514382","0.0418418","0.540734","0.551353","1.57649","1.72028e-15","3.10059","3.09364","3.13224","6.72544","0","0","0","0","0","0","0","0"
"4.47757","0.500044","0.514431","0.0418431","0.540889","0.551461","1.57649","1.71871e-15","3.09503","3.09249","3.1188","6.71138","0","0","0","0","0","0","0","0"
"4.48387","0.500044","0.514431","0.0418453","0.539875","0.55031","1.57225","1.71962e-15","3.0922","3.09141","3.11783","6.73853","0","0","0","0","0","0","0","0"
"4.48725","0.500044","0.514431","0.0418463","0.540683","0.550699","1.58675","1.71792e-15","3.08949","3.09169","3.1576","6.72316","0","0","0","0","0","0","0","0"
"4.49075","0.500044","0.514431","0.0418484","0.541889","0.551856","1.60439","1.71781e-15","3.08829","3.09161","3.166","6.71736","0","0","0","0","0","0","0","0"
"4.49403","0.500044","0.514458","0.0418504","0.542165","0.552116","1.60368","1.71694e-15","3.08477","3.09469","3.15387","6.72298","0","0","0","0","0","0","0","0"
"4.49742","0.500044","0.514458","0.0418527","0.541954","0.552114","1.59683","1.71688e-15","3.0851","3.08736","3.17308","6.71944","0","0","0","0","0","0","0","0"
"4.5008","0.500044","0.514458","0.0418547","0.541898","0.552049","1.59708","1.71872e-15","3.08946","3.08868","3.15854","6.73592","0","0","0","0","0","0","0","0"
"4.50418","0.500044","0.514458","0.041857","0.542304","0.552358","1.5967","1.71658e-15","3.09354","3.09464","3.1479","6.73483","0","0","0","0","0","0","0","0"
"4.50768","0.500044","0.514458","0.04186","0.542726","0.55297","1.59682","1.71641e-15","3.09179","3.09503","3.13751","6.72779","0","0","0","0","0","0","0","0"
"4.51095","0.500044","0.514354","0.0418637","0.542541","0.552982","1.58965","1.7154e-15","3.09082","3.08994","3.15613","6.73328","0","0","0","0","0","0","0","0"
"4.51433","0.500044","0.514354","0.0418669","0.542277","0.552841","1.58943","1.71526e-15","3.08891","3.08623","3.14543","6.72565","0","0","0","0","0","0","0","0"
"4.51772","0.500044","0.514354","0.0418707","0.542907","0.553371","1.59876","1.71791e-15","3.09264","3.08779","3.1408","6.74112","0","0","0","0","0","0","0","0"
"4.5211","0.500044","0.514354","0.0418739","0.543313","0.5541","1.59596","1.71714e-15","3.09363","3.08733","3.14162","6.74614","0","0","0","0","0","0","0","0"
"4.5246","0.500044","0.514354","0.0418736","0.543458","0.554236","1.59727","1.71543e-15","3.0938","3.09415","3.12178","6.74526","0","0","0","0","0","0","0","0"
"4.52788","0.500044","0.514429","0.0418728","0.543548","0.554538","1.6001","1.71709e-15","3.09117","3.09469","3.09931","6.75328","0","0","0","0","0","0","0","0"
"4.53133","0.500044","0.514429","0.0418718","0.543324","0.554244","1.59493","1.71632e-15","3.08801","3.09563","3.10909","6.75505","0","0","0","0","0","0","0","0"
"4.53472","0.500044","0.514429","0.0418709","0.54345","0.55418","1.58965","1.71527e-15","3.0909","3.09797","3.12111","6.74101","0","0","0","0","0","0","0","0"
"4.53898","0.500044","0.514429","0.0418699","0.542462","0.553022","1.59416","1.71595e-15","3.09153","3.10151","3.09474","6.75063","0","0","0","0","0","0","0","0"
"4.54227","0.500044","0.514701","0.0418696","0.543164","0.553473","1.59833","1.71379e-15","3.08441","3.0985","3.07718","6.73784","0","0","0","0","0","0","0","0"
"4.54565","0.500044","0.514701","0.0418691","0.54351","0.554354","1.59311","1.7146e-15","3.07881","3.09559","3.08497","6.73253","0","0","0","0","0","0","0","0"
"4.54903","0.500044","0.514701","0.0418687","0.543426","0.554031","1.58975","1.71527e-15","3.07783","3.0965","3.08769","6.73112","0","0","0","0","0","0","0","0"
"4.55243","0.500044","0.514701","0.0418683","0.543429","0.553892","1.58949","1.71332e-15","3.0784","3.09004","3.07375","6.70939","0","0","0","0","0","0","0","0"
"4.55592","0.500044","0.514701","0.0418687","0.543844","0.554105","1.58367","1.71344e-15","3.07247","3.08511","3.08871","6.69676","0","0","0","0","0","0","0","0"
"4.5592","0.500044","0.514914","0.0418712","0.544021","0.55421","1.59189","1.71319e-15","3.06704","3.08063","3.07325","6.68778","0","0","0","0","0","0","0","0"
"4.56258","0.500044","0.514914","0.0418733","0.546097","0.555994","1.61373","1.71203e-15","3.09724","3.10169","3.09767","6.67058","0","0","0","0","0","0","0","0"
"4.56727","0.500044","0.514914","0.0418765","0.546935","0.557041","1.62125","1.71428e-15","3.08853","3.09322","3.08956","6.68152","0","0","0","0","0","0","0","0"
"4.57065","0.500044","0.514914","0.0418789","0.54625","0.556197","1.61486","1.71329e-15","3.08411","3.09129","3.10342","6.66869","0","0","0","0","0","0","0","0"
"4.57413","0.500044","0.514914","0.0418824","0.545798","0.555699","1.61203","1.71206e-15","3.0824","3.09277","3.10319","6.66012","0","0","0","0","0","0","0","0"
"4.57743","0.500044","0.514986","0.0418868","0.545889","0.555829","1.61454","1.71481e-15","3.08208","3.09258","3.08409","6.67292","0","0","0","0","0","0","0","0"
"4.5808","0.500044","0.514986","0.0418906","0.545968","0.555966","1.61218","1.71346e-15","3.08051","3.091","3.08091","6.66254","0","0","0","0","0","0","0","0"
"4.5842","0.500044","0.514986","0.041895","0.546632","0.556747","1.60703","1.71317e-15","3.07854","3.08626","3.09197","6.65725","0","0","0","0","0","0","0","0"
"4.58758","0.500044","0.514986","0.0418988","0.546767","0.556835","1.60636","1.71527e-15","3.07639","3.08317","3.08354","6.69392","0","0","0","0","0","0","0","0"
"4.59107","0.500044","0.514986","0.0419068","0.546895","0.557046","1.60428","1.71358e-15","3.07718","3.07833","3.08175","6.6765","0","0","0","0","0","0","0","0"
"4.59435","0.500044","0.515299","0.0419141","0.547007","0.556873","1.59871","1.71337e-15","3.07245","3.0735","3.09505","6.6609","0","0","0","0","0","0","0","0"
"4.59773","0.500044","0.515299","0.0419227","0.546448","0.556438","1.59369","1.71612e-15","3.07188","3.06987","3.10087","6.69345","0","0","0","0","0","0","0","0"
"4.60112","0.500044","0.515299","0.04193","0.54534","0.555561","1.5892","1.71559e-15","3.07594","3.07138","3.10758","6.68338","0","0","0","0","0","0","0","0"
"4.60565","0.500044","0.515299","0.0419404","0.545185","0.555286","1.58557","1.71541e-15","3.07706","3.07518","3.10575","6.67375","0","0","0","0","0","0","0","0"
"4.60893","0.500044","0.51556","0.0419456","0.544944","0.555329","1.58311","1.71609e-15","3.0768","3.07126","3.10354","6.67596","0","0","0","0","0","0","0","0"
"4.61232","0.500044","0.51556","0.0419517","0.544383","0.55507","1.57727","1.71462e-15","3.07412","3.06937","3.11639","6.6543","0","0","0","0","0","0","0","0"
"4.6157","0.500044","0.51556","0.0419569","0.545013","0.555556","1.57944","1.71574e-15","3.07799","3.07504","3.10239","6.65483","0","0","0","0","0","0","0","0"
"4.6191","0.500044","0.51556","0.041963","0.543943","0.554456","1.5809","1.71738e-15","3.07863","3.08038","3.08423","6.68392","0","0","0","0","0","0","0","0"
"4.62258","0.500044","0.51556","0.041967","0.544009","0.55454","1.5829","1.71611e-15","3.07872","3.07752","3.08793","6.66645","0","0","0","0","0","0","0","0"
"4.62587","0.500044","0.515693","0.0419689","0.545122","0.555783","1.57907","1.71622e-15","3.08203","3.09196","3.08821","6.66136","0","0","0","0","0","0","0","0"
"4.62925","0.500044","0.515693","0.0419704","0.54477","0.55571","1.57472","1.71764e-15","3.07832","3.09035","3.09434","6.683","0","0","0","0","0","0","0","0"
"4.63265","0.500044","0.515693","0.0419722","0.54488","0.555822","1.57033","1.71596e-15","3.08251","3.09643","3.10078","6.67468","0","0","0","0","0","0","0","0"
"4.63602","0.500044","0.515693","0.0419738","0.54449","0.555284","1.56565","1.71596e-15","3.07901","3.09446","3.10959","6.67667","0","0","0","0","0","0","0","0"
"4.6395","0.500044","0.515693","0.0419754","0.54405","0.554691","1.55829","1.71683e-15","3.0776","3.09449","3.13021","6.6754","0","0","0","0","0","0","0","0"
"4.64287","0.500044","0.515549","0.0419767","0.543248","0.553967","1.55354","1.71547e-15","3.07821","3.09412","3.13844","6.66535","0","0","0","0","0","0","0","0"
"4.6462","0.500044","0.515549","0.0419782","0.542471","0.553226","1.55144","1.71678e-15","3.08135","3.09891","3.13361","6.67957","0","0","0","0","0","0","0","0"
"4.6506","0.500044","0.515549","0.0419798","0.54217","0.553004","1.54865","1.71753e-15","3.07855","3.09598","3.13153","6.6992","0","0","0","0","0","0","0","0"
"4.65398","0.500044","0.515549","0.0419813","0.541496","0.552522","1.54193","1.71557e-15","3.07497","3.09286","3.14863","6.68707","0","0","0","0","0","0","0","0"
"4.65747","0.500044","0.515549","0.041977","0.540394","0.551436","1.53616","1.71519e-15","3.07978","3.09632","3.16413","6.68294","0","0","0","0","0","0","0","0"
"4.66075","0.500044","0.515617","0.0419708","0.540505","0.551408","1.53185","1.71669e-15","3.07683","3.09629","3.16877","6.70121","0","0","0","0","0","0","0","0"
"4.66413","0.500044","0.515617","0.0419654","0.540863","0.551183","1.53949","1.71487e-15","3.07417","3.09324","3.15198","6.68776","0","0","0","0","0","0","0","0"
"4.66753","0.500044","0.515617","0.0419591","0.540862","0.551594","1.54903","1.71661e-15","3.06905","3.09165","3.11918","6.68813","0","0","0","0","0","0","0","0"
"4.67092","0.500044","0.515617","0.0419538","0.541131","0.551721","1.54867","1.71738e-15","3.07208","3.09356","3.11417","6.70771","0","0","0","0","0","0","0","0"
"4.6744","0.500044","0.515617","0.0419466","0.540794","0.551468","1.5441","1.71519e-15","3.06864","3.08835","3.11978","6.69101","0","0","0","0","0","0","0","0"
"4.67768","0.500044","0.515308","0.0419402","0.540036","0.550875","1.54061","1.71606e-15","3.07074","3.0922","3.12336","6.68412","0","0","0","0","0","0","0","0"
"4.68107","0.500044","0.515308","0.0419329","0.539837","0.551003","1.54368","1.71653e-15","3.07281","3.0974","3.12557","6.6953","0","0","0","0","0","0","0","0"
"4.68445","0.500044","0.515308","0.0419265","0.539964","0.551342","1.54171","1.71477e-15","3.07703","3.09649","3.12443","6.68599","0","0","0","0","0","0","0","0"
"4.68898","0.500044","0.515308","0.0419157","0.539944","0.551148","1.53941","1.71568e-15","3.08136","3.09796","3.11375","6.67468","0","0","0","0","0","0","0","0"
"4.69227","0.500044","0.514889","0.0419053","0.540903","0.552007","1.53973","1.71581e-15","3.09498","3.12617","3.09862","6.68195","0","0","0","0","0","0","0","0"
"4.69565","0.500044","0.514889","0.0418932","0.540647","0.551473","1.54974","1.71409e-15","3.09152","3.12486","3.07115","6.66391","0","0","0","0","0","0","0","0"
"4.69903","0.500044","0.514889","0.0418828","0.541511","0.552057","1.56883","1.715e-15","3.0857","3.12442","3.0775","6.67264","0","0","0","0","0","0","0","0"
"4.70257","0.500044","0.514889","0.0418706","0.541883","0.552642","1.5826","1.71647e-15","3.08866","3.12957","3.11132","6.68637","0","0","0","0","0","0","0","0"
"4.7059","0.500044","0.514889","0.0418595","0.541623","0.552399","1.57968","1.71528e-15","3.08715","3.12381","3.11246","6.66015","0","0","0","0","0","0","0","0"
"4.70918","0.500044","0.51476","0.041845","0.542045","0.552709","1.5752","1.71697e-15","3.08369","3.11652","3.11758","6.65291","0","0","0","0","0","0","0","0"
"4.71257","0.500044","0.51476","0.0418325","0.541285","0.552276","1.57023","1.7183e-15","3.08335","3.11498","3.12817","6.65935","0","0","0","0","0","0","0","0"
"4.71597","0.500044","0.51476","0.0418179","0.540937","0.551919","1.56589","1.71737e-15","3.08528","3.12007","3.13104","6.64265","0","0","0","0","0","0","0","0"
"4.71947","0.500044","0.51476","0.0418054","0.540384","0.551543","1.56142","1.71919e-15","3.08386","3.11986","3.13943","6.65487","0","0","0","0","0","0","0","0"
"4.72283","0.500044","0.51476","0.041797","0.539163","0.550461","1.55625","1.71858e-15","3.09105","3.12453","3.14701","6.64247","0","0","0","0","0","0","0","0"
"4.72612","0.500044","0.514798","0.041797","0.539581","0.550845","1.56132","1.71754e-15","3.08791","3.11762","3.12268","6.62899","0","0","0","0","0","0","0","0"
"4.7295","0.500044","0.514798","0.0417969","0.538877","0.550393","1.55588","1.72008e-15","3.08912","3.11779","3.13304","6.64113","0","0","0","0","0","0","0","0"
"4.73393","0.500044","0.514798","0.0417968","0.539474","0.551299","1.55035","1.71955e-15","3.10089","3.13044","3.14069","6.64413","0","0","0","0","0","0","0","0"
"4.73732","0.500044","0.514798","0.0417968","0.539323","0.551197","1.5473","1.71994e-15","3.09726","3.12182","3.14118","6.62792","0","0","0","0","0","0","0","0"
"4.74082","0.500044","0.514798","0.0417971","0.539223","0.550916","1.55045","1.71992e-15","3.09532","3.11894","3.12859","6.62426","0","0","0","0","0","0","0","0"
"4.74408","0.500044","0.514748","0.0417975","0.539281","0.550646","1.56166","1.71851e-15","3.08835","3.11443","3.09588","6.59518","0","0","0","0","0","0","0","0"
"4.74747","0.500044","0.514748","0.0417979","0.539852","0.551384","1.57159","1.71903e-15","3.08102","3.10983","3.07668","6.61076","0","0","0","0","0","0","0","0"
"4.75085","0.500044","0.514748","0.0417983","0.539786","0.551565","1.5682","1.72031e-15","3.07925","3.10594","3.07601","6.63145","0","0","0","0","0","0","0","0"
"4.75423","0.500044","0.514748","0.0417987","0.53899","0.550757","1.56137","1.71931e-15","3.08045","3.10702","3.09664","6.6165","0","0","0","0","0","0","0","0"
"4.75773","0.500044","0.514748","0.0418039","0.538358","0.550511","1.55473","1.72049e-15","3.07976","3.10553","3.11263","6.62104","0","0","0","0","0","0","0","0"
"4.761","0.500044","0.514542","0.0418091","0.537725","0.549657","1.55008","1.72002e-15","3.07867","3.10416","3.12057","6.62298","0","0","0","0","0","0","0","0"
"4.7644","0.500044","0.514542","0.0418151","0.538329","0.550408","1.54725","1.72103e-15","3.07217","3.09966","3.12164","6.6161","0","0","0","0","0","0","0","0"
"4.76778","0.500044","0.514542","0.0418203","0.538106","0.55014","1.54117","1.72319e-15","3.07472","3.10475","3.13869","6.635","0","0","0","0","0","0","0","0"
"4.77232","0.500044","0.514542","0.0418261","0.537617","0.55013","1.53574","1.72027e-15","3.07352","3.10651","3.14298","6.61865","0","0","0","0","0","0","0","0"
"4.77558","0.500044","0.514517","0.0418255","0.538113","0.550396","1.54119","1.72121e-15","3.07143","3.10189","3.13788","6.64144","0","0","0","0","0","0","0","0"
"4.77898","0.500044","0.514517","0.0418247","0.538573","0.550932","1.54727","1.72273e-15","3.08067","3.10706","3.12817","6.64993","0","0","0","0","0","0","0","0"
"4.78237","0.500044","0.514517","0.041824","0.538459","0.550697","1.54418","1.72083e-15","3.07796","3.10443","3.12994","6.63403","0","0","0","0","0","0","0","0"
"4.78575","0.500044","0.514517","0.0418232","0.538881","0.550994","1.56329","1.7228e-15","3.08658","3.10566","3.19841","6.64338","0","0","0","0","0","0","0","0"
"4.78925","0.500044","0.514517","0.0418245","0.539593","0.551689","1.5713","1.72331e-15","3.09044","3.11809","3.21226","6.64037","0","0","0","0","0","0","0","0"
"4.79252","0.500044","0.514399","0.0418304","0.539663","0.551561","1.57319","1.72209e-15","3.08455","3.11242","3.21752","6.64374","0","0","0","0","0","0","0","0"
"4.7959","0.500044","0.514399","0.0418355","0.539355","0.551399","1.57835","1.72441e-15","3.08135","3.10738","3.21386","6.65391","0","0","0","0","0","0","0","0"
"4.79932","0.500044","0.514399","0.0418415","0.539134","0.551263","1.57892","1.72485e-15","3.08517","3.10653","3.19732","6.66578","0","0","0","0","0","0","0","0"
"4.80273","0.500044","0.514399","0.0418466","0.539875","0.552196","1.58032","1.72307e-15","3.08242","3.09621","3.18396","6.64755","0","0","0","0","0","0","0","0"
"4.80623","0.500044","0.514399","0.0418519","0.539885","0.552549","1.57642","1.72393e-15","3.08077","3.09441","3.18571","6.63204","0","0","0","0","0","0","0","0"
"4.8095","0.500044","0.514454","0.0418557","0.540799","0.553341","1.5885","1.72441e-15","3.08331","3.09755","3.1719","6.64461","0","0","0","0","0","0","0","0"
"4.8129","0.500044","0.514454","0.0418601","0.541724","0.554484","1.59986","1.72306e-15","3.08335","3.10087","3.17025","6.62536","0","0","0","0","0","0","0","0"
"4.81732","0.500044","0.514454","0.0418651","0.541252","0.554444","1.5944","1.72499e-15","3.08613","3.10133","3.18015","6.63911","0","0","0","0","0","0","0","0"
"4.8208","0.500044","0.514454","0.0418695","0.542453","0.555531","1.60305","1.72501e-15","3.08232","3.09503","3.16891","6.63317","0","0","0","0","0","0","0","0"
"4.8242","0.500044","0.514454","0.0418731","0.542257","0.555601","1.60317","1.72297e-15","3.07832","3.08941","3.15836","6.61517","0","0","0","0","0","0","0","0"
"4.82748","0.500044","0.514555","0.0418771","0.541881","0.555226","1.59589","1.72496e-15","3.07507","3.08637","3.17756","6.61711","0","0","0","0","0","0","0","0"
"4.83087","0.500044","0.514555","0.0418806","0.541632","0.555004","1.59046","1.725e-15","3.06965","3.08654","3.19039","6.62261","0","0","0","0","0","0","0","0"
"4.83425","0.500044","0.514555","0.0418847","0.541479","0.554717","1.58477","1.7228e-15","3.074","3.08988","3.2011","6.60901","0","0","0","0","0","0","0","0"
"4.83777","0.500044","0.514555","0.0418882","0.541427","0.554434","1.58273","1.72525e-15","3.06743","3.0858","3.19815","6.62411","0","0","0","0","0","0","0","0"
"4.84112","0.500044","0.514555","0.0418905","0.541634","0.554593","1.58986","1.724e-15","3.07134","3.08367","3.20168","6.61945","0","0","0","0","0","0","0","0"
"4.8444","0.500044","0.515028","0.0418923","0.54088","0.553912","1.58639","1.72261e-15","3.07877","3.08602","3.20279","6.60256","0","0","0","0","0","0","0","0"
"4.8478","0.500044","0.515028","0.0418944","0.540688","0.554056","1.58239","1.72381e-15","3.07682","3.09175","3.20719","6.62321","0","0","0","0","0","0","0","0"
"4.85117","0.500044","0.515028","0.0418962","0.540356","0.553772","1.57972","1.72491e-15","3.07549","3.08986","3.2045","6.65083","0","0","0","0","0","0","0","0"
"4.85585","0.500044","0.515217","0.0418991","0.539558","0.553042","1.57533","1.72223e-15","3.07651","3.08712","3.20488","6.64063","0","0","0","0","0","0","0","0"
"4.85893","0.500044","0.515217","0.0419017","0.540131","0.553621","1.58025","1.72269e-15","3.07745","3.08551","3.17916","6.64339","0","0","0","0","0","0","0","0"
"4.86243","0.500044","0.515217","0.0419046","0.540359","0.55424","1.57597","1.72356e-15","3.07541","3.08321","3.18346","6.67225","0","0","0","0","0","0","0","0"
"4.86582","0.500044","0.515217","0.0419072","0.540811","0.554657","1.57728","1.72193e-15","3.07235","3.07472","3.17657","6.65978","0","0","0","0","0","0","0","0"
"4.8692","0.500044","0.515217","0.0419102","0.540565","0.554284","1.57664","1.72301e-15","3.0719","3.07217","3.16497","6.66762","0","0","0","0","0","0","0","0"
"4.8727","0.500044","0.515217","0.0419141","0.540195","0.554081","1.57511","1.72289e-15","3.06835","3.07019","3.16127","6.68271","0","0","0","0","0","0","0","0"
"4.87613","0.500044","0.51506","0.0419218","0.540179","0.554087","1.57074","1.71944e-15","3.06866","3.06828","3.16503","6.67113","0","0","0","0","0","0","0","0"
"4.87937","0.500044","0.51506","0.0419284","0.541079","0.554482","1.5672","1.72043e-15","3.06903","3.06196","3.17265","6.67211","0","0","0","0","0","0","0","0"
"4.88275","0.500044","0.51506","0.0419361","0.54098","0.554658","1.56722","1.72152e-15","3.06387","3.05475","3.16472","6.69045","0","0","0","0","0","0","0","0"
"4.88613","0.500044","0.51506","0.0419428","0.540679","0.554147","1.56151","1.71992e-15","3.06007","3.05453","3.17836","6.68415","0","0","0","0","0","0","0","0"
"4.88962","0.500044","0.51506","0.0419494","0.540099","0.553195","1.56392","1.71996e-15","3.05872","3.05705","3.15604","6.67064","0","0","0","0","0","0","0","0"
"4.89292","0.500044","0.515075","0.0419537","0.539754","0.55299","1.56801","1.72188e-15","3.06097","3.05554","3.13583","6.71062","0","0","0","0","0","0","0","0"
"4.89628","0.500044","0.515075","0.0419588","0.539428","0.552844","1.56849","1.72076e-15","3.05777","3.05486","3.12265","6.71519","0","0","0","0","0","0","0","0"
"4.90045","0.500044","0.515075","0.0419646","0.53908","0.553118","1.56302","1.72021e-15","3.06306","3.06393","3.12896","6.69982","0","0","0","0","0","0","0","0"
"4.90383","0.500044","0.515075","0.041969","0.538778","0.552799","1.55875","1.72192e-15","3.05952","3.06111","3.13459","6.7146","0","0","0","0","0","0","0","0"
"4.90732","0.500044","0.515075","0.0419703","0.539074","0.552922","1.56458","1.72141e-15","3.05631","3.05815","3.11211","6.71096","0","0","0","0","0","0","0","0"
"4.91062","0.500044","0.515184","0.0419702","0.539169","0.553074","1.56064","1.7194e-15","3.05639","3.05468","3.11739","6.69258","0","0","0","0","0","0","0","0"
"4.91398","0.500044","0.515184","0.04197","0.53975","0.55349","1.5586","1.72059e-15","3.0631","3.05972","3.11177","6.67312","0","0","0","0","0","0","0","0"
"4.91738","0.500044","0.515184","0.0419698","0.542302","0.555496","1.58023","1.72124e-15","3.10588","3.08029","3.21974","6.70376","0","0","0","0","0","0","0","0"
"4.92077","0.500044","0.515184","0.0419696","0.54259","0.555917","1.57375","1.7193e-15","3.10673","3.08581","3.23511","6.68804","0","0","0","0","0","0","0","0"
"4.92428","0.500044","0.515184","0.041967","0.54207","0.555352","1.57028","1.72023e-15","3.10646","3.08608","3.23614","6.67892","0","0","0","0","0","0","0","0"
"4.92753","0.500044","0.515028","0.0419634","0.542725","0.556301","1.57783","1.72066e-15","3.10025","3.0772","3.21585","6.68889","0","0","0","0","0","0","0","0"
"4.93092","0.500044","0.515028","0.0419603","0.542625","0.556258","1.57918","1.71917e-15","3.09955","3.07445","3.19882","6.67394","0","0","0","0","0","0","0","0"
"4.9343","0.500044","0.515028","0.0419567","0.543508","0.55669","1.58667","1.71918e-15","3.09963","3.0782","3.17385","6.64679","0","0","0","0","0","0","0","0"
"4.9377","0.500044","0.515028","0.0419536","0.544288","0.557555","1.60223","1.72178e-15","3.09885","3.07767","3.17543","6.6608","0","0","0","0","0","0","0","0"
"4.94117","0.500044","0.515028","0.0419519","0.544928","0.558018","1.60103","1.71953e-15","3.10365","3.0905","3.17547","6.65716","0","0","0","0","0","0","0","0"
"4.94447","0.500044","0.515215","0.0419508","0.545153","0.558265","1.6074","1.71806e-15","3.10232","3.08861","3.16021","6.64026","0","0","0","0","0","0","0","0"
"4.94785","0.500044","0.515215","0.0419494","0.545462","0.558141","1.61054","1.71843e-15","3.09838","3.08701","3.13916","6.64183","0","0","0","0","0","0","0","0"
"4.95123","0.500044","0.515215","0.0419482","0.54488","0.557795","1.60723","1.71926e-15","3.09732","3.08399","3.14097","6.66765","0","0","0","0","0","0","0","0"
"4.95563","0.500044","0.515215","0.0419459","0.545526","0.558483","1.60407","1.71659e-15","3.09811","3.09331","3.14051","6.65851","0","0","0","0","0","0","0","0"
"4.95903","0.500044","0.515677","0.0419432","0.545655","0.558876","1.60005","1.71678e-15","3.09918","3.10556","3.1511","6.66306","0","0","0","0","0","0","0","0"
"4.96242","0.500044","0.515677","0.0419401","0.545315","0.558966","1.5982","1.71797e-15","3.09964","3.09905","3.15141","6.67281","0","0","0","0","0","0","0","0"
"4.96582","0.500044","0.515677","0.0419374","0.544935","0.558325","1.59641","1.7161e-15","3.09843","3.09836","3.14356","6.66343","0","0","0","0","0","0","0","0"
"4.9692","0.500044","0.515677","0.0419343","0.544455","0.557898","1.59227","1.71621e-15","3.09744","3.09737","3.14522","6.66915","0","0","0","0","0","0","0","0"
"4.97272","0.500044","0.515677","0.0419324","0.544289","0.557615","1.58742","1.7167e-15","3.09632","3.09732","3.15417","6.67003","0","0","0","0","0","0","0","0"
"4.97597","0.500044","0.516078","0.041932","0.54505","0.558117","1.59304","1.71426e-15","3.09158","3.09259","3.13926","6.67506","0","0","0","0","0","0","0","0"
"4.97937","0.500044","0.516078","0.0419318","0.544959","0.558416","1.5898","1.71297e-15","3.08811","3.0917","3.14325","6.66081","0","0","0","0","0","0","0","0"
"4.98378","0.500044","0.516078","0.0419313","0.545201","0.558356","1.59306","1.71507e-15","3.08477","3.08574","3.11378","6.68461","0","0","0","0","0","0","0","0"
"4.98717","0.500044","0.516078","0.041931","0.545174","0.558366","1.59074","1.71439e-15","3.08024","3.07972","3.11175","6.69115","0","0","0","0","0","0","0","0"
"4.99067","0.500044","0.516078","0.0419342","0.545417","0.55874","1.58508","1.71234e-15","3.08048","3.08147","3.12399","6.67684","0","0","0","0","0","0","0","0"
"4.99395","0.500044","0.516243","0.0419382","0.545466","0.558799","1.58248","1.71394e-15","3.07476","3.07798","3.12743","6.68254","0","0","0","0","0","0","0","0"
"4.99732","0.500044","0.516243","0.0419428","0.545509","0.558524","1.58423","1.71507e-15","3.07547","3.08671","3.10645","6.68611","0","0","0","0","0","0","0","0"
"5.0007","0.500044","0.516243","0.0419467","0.545514","0.558773","1.5916","1.7135e-15","3.07368","3.08515","3.08405","6.66508","0","0","0","0","0","0","0","0"
"5.0041","0.500044","0.516243","0.0419513","0.545254","0.558341","1.5878","1.71476e-15","3.07243","3.08007","3.08504","6.6689","0","0","0","0","0","0","0","0"
"5.0076","0.500044","0.516243","0.041951","0.545158","0.558099","1.59185","1.71422e-15","3.07052","3.07438","3.0661","6.6589","0","0","0","0","0","0","0","0"
"5.01085","0.500044","0.516367","0.0419497","0.54506","0.557966","1.591","1.71185e-15","3.06854","3.07281","3.05668","6.65467","0","0","0","0","0","0","0","0"
"5.01425","0.500044","0.516367","0.0419486","0.545291","0.558356","1.58848","1.71271e-15","3.06751","3.0701","3.05856","6.64856","0","0","0","0","0","0","0","0"
"5.01763","0.500044","0.516367","0.0419473","0.545392","0.558376","1.58297","1.71438e-15","3.06032","3.06576","3.06835","6.66207","0","0","0","0","0","0","0","0"
"5.02103","0.500044","0.516367","0.0419462","0.545238","0.558592","1.58686","1.71323e-15","3.0593","3.06093","3.05199","6.64708","0","0","0","0","0","0","0","0"
"5.02452","0.500044","0.516367","0.0419418","0.545287","0.558709","1.58885","1.71253e-15","3.05475","3.05669","3.0343","6.64665","0","0","0","0","0","0","0","0"
"5.02792","0.500044","0.516459","0.0419376","0.54509","0.55829","1.58304","1.71409e-15","3.05962","3.0617","3.04842","6.66493","0","0","0","0","0","0","0","0"
"5.03117","0.500044","0.516459","0.0419327","0.544808","0.558057","1.5775","1.71357e-15","3.05462","3.05899","3.05831","6.66604","0","0","0","0","0","0","0","0"
"5.03457","0.500044","0.516459","0.0419285","0.545303","0.558658","1.57991","1.71319e-15","3.05696","3.06155","3.04645","6.6488","0","0","0","0","0","0","0","0"
"5.03898","0.500044","0.516459","0.0419235","0.545846","0.559236","1.58548","1.71498e-15","3.0552","3.05217","3.0168","6.65667","0","0","0","0","0","0","0","0"
"5.04237","0.500044","0.516445","0.0419231","0.545417","0.559167","1.59112","1.71273e-15","3.05516","3.05195","3.00433","6.64359","0","0","0","0","0","0","0","0"
"5.04575","0.500044","0.516445","0.0419227","0.544945","0.558869","1.58611","1.71284e-15","3.05804","3.0512","3.01139","6.63521","0","0","0","0","0","0","0","0"
"5.04915","0.500044","0.516445","0.0419224","0.544629","0.558728","1.5818","1.71421e-15","3.05771","3.05654","3.01738","6.65197","0","0","0","0","0","0","0","0"
"5.05253","0.500044","0.516445","0.041922","0.544572","0.558719","1.57857","1.71267e-15","3.05475","3.05635","3.01652","6.63504","0","0","0","0","0","0","0","0"
"5.05603","0.500044","0.516445","0.04192","0.544986","0.559102","1.57595","1.71361e-15","3.05468","3.05184","3.01573","6.6257","0","0","0","0","0","0","0","0"
"5.0593","0.500044","0.516529","0.041914","0.544977","0.558837","1.57247","1.71294e-15","3.05488","3.05246","3.01434","6.62152","0","0","0","0","0","0","0","0"
"5.06268","0.500044","0.516529","0.0419089","0.544932","0.55862","1.57811","1.71116e-15","3.05091","3.04799","3.01686","6.61512","0","0","0","0","0","0","0","0"
"5.06712","0.500044","0.516529","0.0419012","0.5469","0.559783","1.61034","1.71322e-15","3.05065","3.05028","3.04886","6.61954","0","0","0","0","0","0","0","0"
"5.0705","0.500044","0.516529","0.0418961","0.547446","0.560127","1.60914","1.71224e-15","3.05081","3.05245","3.05099","6.62413","0","0","0","0","0","0","0","0"
"5.07398","0.500044","0.516529","0.041888","0.547123","0.559785","1.60372","1.71059e-15","3.04854","3.05233","3.05965","6.61643","0","0","0","0","0","0","0","0"
"5.07727","0.500044","0.516623","0.0418804","0.546934","0.559668","1.60542","1.71168e-15","3.0459","3.04914","3.04124","6.62107","0","0","0","0","0","0","0","0"
"5.08065","0.500044","0.516623","0.0418715","0.547135","0.559894","1.6017","1.70996e-15","3.04686","3.05337","3.04344","6.6053","0","0","0","0","0","0","0","0"
"5.08403","0.500044","0.516623","0.0418639","0.548217","0.560757","1.61148","1.71114e-15","3.04141","3.05853","3.03657","6.62053","0","0","0","0","0","0","0","0"
"5.08742","0.500044","0.516623","0.041855","0.549153","0.561042","1.61789","1.71236e-15","3.04422","3.05844","3.01896","6.63861","0","0","0","0","0","0","0","0"
"5.09093","0.500044","0.516623","0.0418546","0.549691","0.561977","1.62914","1.71107e-15","3.05152","3.0587","3.01952","6.62418","0","0","0","0","0","0","0","0"
"5.0942","0.500044","0.516792","0.0418557","0.549121","0.561396","1.6211","1.71273e-15","3.0531","3.05897","3.0418","6.63241","0","0","0","0","0","0","0","0"
"5.09758","0.500044","0.516792","0.0418567","0.549095","0.561357","1.62849","1.7123e-15","3.04887","3.05913","3.03949","6.62762","0","0","0","0","0","0","0","0"
"5.10097","0.500044","0.516792","0.0418578","0.548898","0.561632","1.63737","1.71212e-15","3.04331","3.05236","3.02665","6.61466","0","0","0","0","0","0","0","0"
"5.10435","0.500044","0.516792","0.0418588","0.548529","0.561513","1.63266","1.71434e-15","3.04117","3.04706","3.0351","6.62854","0","0","0","0","0","0","0","0"
"5.10785","0.500044","0.516792","0.0418589","0.548191","0.56099","1.62531","1.71244e-15","3.04007","3.04502","3.05327","6.60787","0","0","0","0","0","0","0","0"
"5.11112","0.500044","0.517094","0.0418589","0.547765","0.560698","1.62054","1.71337e-15","3.03772","3.04023","3.06064","6.58399","0","0","0","0","0","0","0","0"
"5.11452","0.500044","0.517094","0.0418589","0.547852","0.560637","1.61451","1.71425e-15","3.04137","3.04074","3.07459","6.56843","0","0","0","0","0","0","0","0"
"5.1179","0.500044","0.517094","0.0418589","0.547336","0.560238","1.61014","1.71351e-15","3.04227","3.04371","3.08024","6.5504","0","0","0","0","0","0","0","0"
"5.12232","0.500044","0.517094","0.0418609","0.547374","0.560211","1.6034","1.71459e-15","3.04548","3.04949","3.09645","6.53839","0","0","0","0","0","0","0","0"
"5.1257","0.500044","0.517329","0.0418667","0.547467","0.560201","1.60067","1.71249e-15","3.05039","3.04858","3.09785","6.5282","0","0","0","0","0","0","0","0"
"5.12908","0.500044","0.517329","0.0418735","0.547573","0.560639","1.60707","1.71363e-15","3.05416","3.04767","3.07414","6.53172","0","0","0","0","0","0","0","0"
"5.13248","0.500044","0.517329","0.0418794","0.547216","0.560145","1.60178","1.71425e-15","3.0509","3.04866","3.08562","6.54315","0","0","0","0","0","0","0","0"
"5.13587","0.500044","0.517329","0.0418862","0.547008","0.560282","1.60281","1.71218e-15","3.05489","3.04623","3.06608","6.53311","0","0","0","0","0","0","0","0"
"5.13937","0.500044","0.517329","0.041893","0.546651","0.560149","1.59923","1.71301e-15","3.05592","3.04608","3.07238","6.53188","0","0","0","0","0","0","0","0"
"5.14258","0.500044","0.517279","0.0419033","0.546348","0.560153","1.59698","1.71109e-15","3.05163","3.04117","3.06717","6.52984","0","0","0","0","0","0","0","0"
"5.14613","0.500044","0.517279","0.0419135","0.546528","0.560273","1.59254","1.71198e-15","3.04633","3.03469","3.07182","6.541","0","0","0","0","0","0","0","0"
"5.15057","0.500044","0.517279","0.0419252","0.546322","0.560018","1.60355","1.71118e-15","3.047","3.03015","3.05563","6.54556","0","0","0","0","0","0","0","0"
"5.15395","0.500044","0.517279","0.0419355","0.546033","0.559904","1.60521","1.71072e-15","3.04562","3.03052","3.05005","6.52879","0","0","0","0","0","0","0","0"
"5.15743","0.500044","0.517279","0.0419432","0.546973","0.560965","1.60386","1.70982e-15","3.05673","3.04216","3.05608","6.51992","0","0","0","0","0","0","0","0"
"5.16072","0.500044","0.517306","0.0419519","0.546603","0.560688","1.59909","1.70902e-15","3.0552","3.04066","3.06076","6.49519","0","0","0","0","0","0","0","0"
"5.1641","0.500044","0.517306","0.0419594","0.54621","0.560268","1.60365","1.71011e-15","3.05322","3.04054","3.03382","6.48817","0","0","0","0","0","0","0","0"
"5.16748","0.500044","0.517306","0.0419681","0.546056","0.559981","1.59837","1.70916e-15","3.0529","3.04177","3.04124","6.48783","0","0","0","0","0","0","0","0"
"5.17087","0.500044","0.517306","0.0419755","0.545966","0.559582","1.59752","1.71043e-15","3.04917","3.04011","3.03316","6.5032","0","0","0","0","0","0","0","0"
"5.17437","0.500044","0.517306","0.0419831","0.546212","0.559381","1.59309","1.70823e-15","3.04796","3.04095","3.03691","6.4929","0","0","0","0","0","0","0","0"
"5.17765","0.500044","0.517297","0.0419894","0.545698","0.558706","1.59868","1.70896e-15","3.04685","3.04449","3.0136","6.49449","0","0","0","0","0","0","0","0"
"5.18103","0.500044","0.517297","0.0419967","0.545205","0.558042","1.59297","1.70809e-15","3.04702","3.04168","3.02399","6.48283","0","0","0","0","0","0","0","0"
"5.18442","0.500044","0.517297","0.042003","0.545366","0.558473","1.58721","1.70882e-15","3.04473","3.04111","3.03713","6.49176","0","0","0","0","0","0","0","0"
"5.18898","0.500044","0.517297","0.042012","0.545111","0.558491","1.58742","1.70802e-15","3.041","3.04016","3.04094","6.46657","0","0","0","0","0","0","0","0"
"5.19223","0.500044","0.517307","0.0420169","0.545393","0.558125","1.58757","1.70648e-15","3.03791","3.04309","3.0278","6.45307","0","0","0","0","0","0","0","0"
"5.19562","0.500044","0.517307","0.0420225","0.545696","0.558119","1.59591","1.70759e-15","3.03239","3.0404","3.00756","6.45241","0","0","0","0","0","0","0","0"
"5.199","0.500044","0.517307","0.0420274","0.5457","0.558215","1.60595","1.70593e-15","3.02655","3.03356","2.98867","6.4491","0","0","0","0","0","0","0","0"
"5.2024","0.500044","0.517307","0.0420331","0.54483","0.557431","1.59853","1.70733e-15","3.02884","3.03306","3.00729","6.44804","0","0","0","0","0","0","0","0"
"5.20588","0.500044","0.517307","0.0420368","0.544303","0.557104","1.59257","1.70504e-15","3.03289","3.04041","3.02271","6.44358","0","0","0","0","0","0","0","0"
"5.20915","0.500044","0.517127","0.0420385","0.544055","0.556832","1.58625","1.70595e-15","3.03565","3.04456","3.03559","6.456","0","0","0","0","0","0","0","0"
"5.21253","0.500044","0.517127","0.0420401","0.544745","0.557667","1.58019","1.70452e-15","3.03073","3.04017","3.05149","6.43767","0","0","0","0","0","0","0","0"
"5.21588","0.500044","0.517127","0.0420416","0.543848","0.556761","1.57452","1.70656e-15","3.03214","3.04108","3.0641","6.43991","0","0","0","0","0","0","0","0"
"5.2194","0.500044","0.517127","0.0420433","0.543366","0.556546","1.56922","1.70625e-15","3.02876","3.03785","3.07321","6.44116","0","0","0","0","0","0","0","0"
"5.22287","0.500044","0.517127","0.0420455","0.543346","0.556144","1.57572","1.70499e-15","3.0269","3.038","3.05546","6.42941","0","0","0","0","0","0","0","0"
"5.22617","0.500044","0.517014","0.0420479","0.543061","0.555913","1.578","1.7042e-15","3.03166","3.0387","3.05892","6.43964","0","0","0","0","0","0","0","0"
"5.22955","0.500044","0.517014","0.0420507","0.54359","0.556692","1.58333","1.7055e-15","3.02881","3.0431","3.04038","6.44423","0","0","0","0","0","0","0","0"
"5.23397","0.500044","0.517014","0.0420539","0.543737","0.556995","1.57888","1.70568e-15","3.02789","3.0414","3.04329","6.46697","0","0","0","0","0","0","0","0"
"5.23735","0.500044","0.517014","0.0420567","0.543238","0.556486","1.57525","1.70781e-15","3.02626","3.04168","3.04253","6.48073","0","0","0","0","0","0","0","0"
"5.24103","0.500044","0.517014","0.0420595","0.543806","0.556788","1.58404","1.70627e-15","3.02743","3.04032","3.02224","6.48054","0","0","0","0","0","0","0","0"
"5.24433","0.500044","0.516877","0.042062","0.543499","0.556358","1.58314","1.70665e-15","3.02805","3.04192","3.01267","6.47045","0","0","0","0","0","0","0","0"
"5.24767","0.500044","0.516877","0.0420645","0.544129","0.556829","1.58041","1.70804e-15","3.02804","3.03953","3.01039","6.5056","0","0","0","0","0","0","0","0"
"5.25117","0.500044","0.516877","0.0420673","0.54353","0.55616","1.57699","1.70666e-15","3.02639","3.04137","3.01091","6.49845","0","0","0","0","0","0","0","0"
"5.25563","0.500044","0.516877","0.0420717","0.543422","0.55636","1.59386","1.70741e-15","3.02486","3.03998","3.00035","6.50647","0","0","0","0","0","0","0","0"
"5.259","0.500044","0.51684","0.0420764","0.543694","0.556664","1.59869","1.70541e-15","3.02501","3.03736","2.98219","6.49346","0","0","0","0","0","0","0","0"
"5.26238","0.500044","0.51684","0.0420818","0.543257","0.556365","1.59078","1.70801e-15","3.02357","3.03753","3.00391","6.52459","0","0","0","0","0","0","0","0"
"5.26962","0.500044","0.51684","0.0420919","0.54414","0.557322","1.58765","1.70879e-15","3.03908","3.03624","3.02054","6.52135","0","0","0","0","0","0","0","0"
"5.27357","0.500044","0.51684","0.042096","0.543834","0.557132","1.58632","1.70935e-15","3.03867","3.03381","3.01747","6.53629","0","0","0","0","0","0","0","0"
"5.27603","0.500044","0.516869","0.0420994","0.543317","0.55711","1.57971","1.70715e-15","3.0408","3.03353","3.03383","6.53331","0","0","0","0","0","0","0","0"
"5.2794","0.500044","0.516869","0.0421023","0.542908","0.556589","1.57427","1.70878e-15","3.04286","3.03058","3.04608","6.54605","0","0","0","0","0","0","0","0"
"5.28278","0.500044","0.516869","0.0421057","0.54331","0.557013","1.5751","1.70733e-15","3.04535","3.02823","3.0301","6.53511","0","0","0","0","0","0","0","0"
"5.28612","0.500044","0.516869","0.0421087","0.542849","0.556356","1.57173","1.70807e-15","3.04654","3.03153","3.03441","6.52401","0","0","0","0","0","0","0","0"
"5.28973","0.500044","0.516869","0.0421094","0.542402","0.555788","1.57446","1.70763e-15","3.04374","3.03129","3.02821","6.51133","0","0","0","0","0","0","0","0"
"5.293","0.500044","0.516848","0.042107","0.542625","0.555846","1.58027","1.70796e-15","3.04055","3.0284","3.00507","6.4985","0","0","0","0","0","0","0","0"
"5.29683","0.500044","0.516848","0.0421043","0.543342","0.556788","1.5847","1.70869e-15","3.03208","3.02277","2.98824","6.5232","0","0","0","0","0","0","0","0"
"5.29975","0.500044","0.516848","0.0421019","0.543277","0.556646","1.57882","1.7071e-15","3.03152","3.02223","3.00233","6.50466","0","0","0","0","0","0","0","0"
"5.30313","0.500044","0.516848","0.0420991","0.543146","0.556369","1.58227","1.7088e-15","3.03197","3.02038","2.98717","6.54011","0","0","0","0","0","0","0","0"
"5.30663","0.500044","0.516848","0.0420973","0.543362","0.556439","1.58825","1.70691e-15","3.03179","3.0197","2.9739","6.53692","0","0","0","0","0","0","0","0"
"5.3099","0.500044","0.516881","0.0420959","0.543119","0.556256","1.58348","1.70751e-15","3.03913","3.02053","2.97998","6.53595","0","0","0","0","0","0","0","0"
"5.31328","0.500044","0.516881","0.0420947","0.543875","0.556498","1.58384","1.70757e-15","3.04334","3.02652","2.97198","6.54622","0","0","0","0","0","0","0","0"
"5.3172","0.500044","0.516881","0.0420931","0.544308","0.556633","1.60016","1.70738e-15","3.04345","3.0223","2.95907","6.54684","0","0","0","0","0","0","0","0"
"5.32062","0.500044","0.516881","0.0420917","0.543618","0.555944","1.59671","1.70697e-15","3.0515","3.02721","2.9627","6.55547","0","0","0","0","0","0","0","0"
"5.32413","0.500044","0.516881","0.0420856","0.54396","0.556127","1.59873","1.70533e-15","3.05333","3.0243","2.95043","6.5469","0","0","0","0","0","0","0","0"
"5.32738","0.500044","0.516836","0.0420774","0.543646","0.555873","1.59763","1.70533e-15","3.04861","3.02337","2.94708","6.55068","0","0","0","0","0","0","0","0"
"5.33082","0.500044","0.516836","0.0420704","0.543713","0.556199","1.6008","1.70531e-15","3.04612","3.02156","2.93703","6.542","0","0","0","0","0","0","0","0"
"5.3342","0.500044","0.516836","0.0420622","0.543924","0.556739","1.60388","1.70542e-15","3.0528","3.02003","2.93106","6.54008","0","0","0","0","0","0","0","0"
"5.33752","0.500044","0.516836","0.0420552","0.543151","0.556057","1.59956","1.70516e-15","3.05494","3.02196","2.93805","6.53577","0","0","0","0","0","0","0","0"
"5.34105","0.500044","0.516836","0.042051","0.542794","0.555885","1.60193","1.70505e-15","3.05548","3.02477","2.92523","6.54198","0","0","0","0","0","0","0","0"
"5.34428","0.500044","0.516861","0.042048","0.543279","0.556123","1.60015","1.70348e-15","3.05852","3.02533","2.92087","6.52402","0","0","0","0","0","0","0","0"
"5.3477","0.500044","0.516861","0.0420445","0.543662","0.555976","1.60556","1.70607e-15","3.05652","3.03279","2.89714","6.54784","0","0","0","0","0","0","0","0"
"5.35107","0.500044","0.516861","0.0420415","0.543456","0.556028","1.60802","1.70477e-15","3.05447","3.03074","2.87867","6.53365","0","0","0","0","0","0","0","0"
"5.35563","0.500044","0.516861","0.0420378","0.542479","0.555299","1.6002","1.70541e-15","3.05697","3.02931","2.89484","6.52717","0","0","0","0","0","0","0","0"
"5.35892","0.500044","0.516819","0.0420373","0.542414","0.555304","1.59774","1.70344e-15","3.05363","3.02402","2.89141","6.52572","0","0","0","0","0","0","0","0"
"5.3623","0.500044","0.516819","0.0420368","0.543362","0.555958","1.60902","1.70428e-15","3.05887","3.02337","2.91288","6.52934","0","0","0","0","0","0","0","0"
"5.36582","0.500044","0.516819","0.0420363","0.543665","0.556529","1.61404","1.70453e-15","3.06271","3.03123","2.92699","6.52868","0","0","0","0","0","0","0","0"
"5.36907","0.500044","0.516819","0.0420358","0.543481","0.556391","1.61633","1.70318e-15","3.0629","3.03128","2.9187","6.51503","0","0","0","0","0","0","0","0"
"5.37257","0.500044","0.516819","0.0420373","0.542955","0.555684","1.61663","1.70378e-15","3.05989","3.03144","2.9089","6.51001","0","0","0","0","0","0","0","0"
"5.37585","0.500044","0.516764","0.0420438","0.542086","0.554678","1.60981","1.70293e-15","3.06373","3.03369","2.92378","6.50402","0","0","0","0","0","0","0","0"
"5.37923","0.500044","0.516764","0.0420493","0.542646","0.55466","1.60539","1.70335e-15","3.06006","3.03593","2.92968","6.49802","0","0","0","0","0","0","0","0"
"5.38262","0.500044","0.516764","0.0420558","0.542412","0.554666","1.6083","1.70558e-15","3.05556","3.03177","2.91767","6.5418","0","0","0","0","0","0","0","0"
"5.386","0.500044","0.516764","0.0420613","0.542275","0.55484","1.60381","1.70423e-15","3.05586","3.03235","2.92568","6.52699","0","0","0","0","0","0","0","0"
"5.38948","0.500044","0.516764","0.0420669","0.542449","0.555191","1.59872","1.70337e-15","3.05241","3.02598","2.9336","6.52363","0","0","0","0","0","0","0","0"
"5.39277","0.500044","0.516711","0.0420708","0.542076","0.554893","1.6022","1.70377e-15","3.05094","3.0266","2.91437","6.53564","0","0","0","0","0","0","0","0"
"5.39622","0.500044","0.516711","0.0420752","0.542661","0.556174","1.60627","1.70223e-15","3.04597","3.02517","2.90028","6.517","0","0","0","0","0","0","0","0"
"5.40063","0.500044","0.516711","0.0420803","0.54303","0.556551","1.60219","1.70463e-15","3.04087","3.01997","2.90014","6.53226","0","0","0","0","0","0","0","0"
"5.40403","0.500044","0.516711","0.0420848","0.542657","0.555964","1.60386","1.70293e-15","3.04196","3.02152","2.89792","6.53414","0","0","0","0","0","0","0","0"
"5.40758","0.500044","0.516711","0.0420839","0.543518","0.556675","1.60028","1.70306e-15","3.04625","3.02122","2.89937","6.53495","0","0","0","0","0","0","0","0"
"5.41082","0.500044","0.516568","0.0420818","0.542462","0.555695","1.5971","1.70315e-15","3.04888","3.02279","2.8968","6.52176","0","0","0","0","0","0","0","0"
"5.4142","0.500044","0.516568","0.0420801","0.542155","0.555612","1.5899","1.70386e-15","3.04476","3.01995","2.91828","6.50932","0","0","0","0","0","0","0","0"
"5.41758","0.500044","0.516568","0.042078","0.541502","0.554648","1.58294","1.705e-15","3.04387","3.02324","2.9345","6.5274","0","0","0","0","0","0","0","0"
"5.42097","0.500044","0.516568","0.0420762","0.54071","0.553903","1.57772","1.70396e-15","3.04757","3.0232","2.94582","6.51436","0","0","0","0","0","0","0","0"
"5.42445","0.500044","0.516568","0.0420749","0.540316","0.553948","1.57091","1.7038e-15","3.04516","3.02359","2.96357","6.52185","0","0","0","0","0","0","0","0"
"5.42773","0.500044","0.516648","0.0420738","0.540215","0.553707","1.57383","1.70251e-15","3.03881","3.02254","2.95508","6.52082","0","0","0","0","0","0","0","0"
"5.43112","0.500044","0.516648","0.0420725","0.540939","0.554332","1.5881","1.70344e-15","3.04205","3.01664","2.96991","6.52278","0","0","0","0","0","0","0","0"
"5.4345","0.500044","0.516648","0.0420714","0.540954","0.554346","1.59486","1.70461e-15","3.03949","3.02268","2.96149","6.54874","0","0","0","0","0","0","0","0"
"5.43895","0.500044","0.516648","0.0420691","0.542261","0.555688","1.59181","1.70251e-15","3.04352","3.01856","2.97023","6.5287","0","0","0","0","0","0","0","0"
"5.44232","0.500044","0.51658","0.042066","0.542234","0.555566","1.59055","1.70403e-15","3.04249","3.0165","2.96511","6.5357","0","0","0","0","0","0","0","0"
"5.44572","0.500044","0.51658","0.0420623","0.541379","0.554873","1.58337","1.70284e-15","3.04393","3.01964","2.98333","6.54102","0","0","0","0","0","0","0","0"
"5.45083","0.500044","0.51658","0.0420592","0.54236","0.555709","1.58683","1.7038e-15","3.04057","3.01298","2.97622","6.53839","0","0","0","0","0","0","0","0"
"5.45247","0.500044","0.51658","0.0420556","0.541387","0.554563","1.58037","1.70578e-15","3.04597","3.01728","2.99064","6.57763","0","0","0","0","0","0","0","0"
"5.45595","0.500044","0.51658","0.0420532","0.541725","0.554856","1.57821","1.70403e-15","3.04193","3.01246","2.99341","6.5572","0","0","0","0","0","0","0","0"
"5.4592","0.500044","0.516403","0.0420523","0.541462","0.554951","1.57437","1.70482e-15","3.04279","3.01407","2.99679","6.55705","0","0","0","0","0","0","0","0"
"5.46278","0.500044","0.516403","0.0420514","0.540835","0.554636","1.57103","1.70469e-15","3.04311","3.0162","2.9966","6.55469","0","0","0","0","0","0","0","0"
"5.46615","0.500044","0.516403","0.0420505","0.541447","0.555079","1.56889","1.70252e-15","3.0452","3.01364","2.99278","6.54496","0","0","0","0","0","0","0","0"
"5.46955","0.500044","0.516403","0.0420497","0.541558","0.555035","1.56606","1.70472e-15","3.04556","3.01379","2.997","6.57708","0","0","0","0","0","0","0","0"
"5.47302","0.500044","0.516403","0.0420494","0.542234","0.555623","1.56612","1.70267e-15","3.04178","3.00684","2.98346","6.56595","0","0","0","0","0","0","0","0"
"5.47633","0.500044","0.516551","0.0420498","0.542949","0.555823","1.56796","1.70356e-15","3.03675","3.0031","2.97594","6.55874","0","0","0","0","0","0","0","0"
"5.4797","0.500044","0.516551","0.0420504","0.542292","0.555222","1.56175","1.70386e-15","3.03935","2.99979","2.98956","6.56742","0","0","0","0","0","0","0","0"
"5.48387","0.500044","0.516551","0.0420509","0.542239","0.555216","1.55848","1.70268e-15","3.04327","2.99993","2.98897","6.55476","0","0","0","0","0","0","0","0"
"5.48727","0.500044","0.516551","0.0420514","0.542844","0.556022","1.56068","1.70432e-15","3.05048","3.0049","2.97493","6.57755","0","0","0","0","0","0","0","0"
"5.49073","0.500044","0.516551","0.042054","0.542314","0.555336","1.55675","1.70246e-15","3.04901","3.00438","2.9774","6.56697","0","0","0","0","0","0","0","0"
"5.49412","0.500044","0.516594","0.0420576","0.541462","0.554282","1.55054","1.70377e-15","3.04852","3.00791","2.99092","6.57972","0","0","0","0","0","0","0","0"
"5.4975","0.500044","0.516594","0.0420606","0.541978","0.55469","1.5497","1.70506e-15","3.04635","3.00536","2.99207","6.60136","0","0","0","0","0","0","0","0"
"5.50095","0.500044","0.516594","0.0420641","0.541274","0.554123","1.54689","1.70356e-15","3.04557","3.00408","2.99206","6.58438","0","0","0","0","0","0","0","0"
"5.50428","0.500044","0.516594","0.0420671","0.541664","0.554626","1.54357","1.7049e-15","3.04261","3.00408","2.99665","6.59944","0","0","0","0","0","0","0","0"
"5.50777","0.500044","0.516594","0.0420652","0.541339","0.554118","1.53896","1.70391e-15","3.04399","3.00433","3.00312","6.60985","0","0","0","0","0","0","0","0"
"5.51103","0.500044","0.516753","0.0420628","0.540835","0.553795","1.53298","1.7025e-15","3.04381","3.00378","3.01854","6.59559","0","0","0","0","0","0","0","0"
"5.51438","0.500044","0.516753","0.04206","0.540727","0.553527","1.53019","1.70451e-15","3.044","3.00538","3.01741","6.61699","0","0","0","0","0","0","0","0"
"5.51782","0.500044","0.516753","0.0420576","0.540756","0.553737","1.52841","1.70459e-15","3.04582","3.00317","3.01397","6.62695","0","0","0","0","0","0","0","0"
"5.52228","0.500044","0.516753","0.0420527","0.540444","0.55328","1.52072","1.70321e-15","3.04465","2.99806","3.03151","6.60501","0","0","0","0","0","0","0","0"
"5.52562","0.500044","0.516683","0.0420466","0.540974","0.553381","1.5242","1.70438e-15","3.06796","3.0299","3.05844","6.61391","0","0","0","0","0","0","0","0"
"5.52902","0.500044","0.516683","0.0420394","0.540769","0.553561","1.52492","1.70415e-15","3.06488","3.03131","3.04581","6.61709","0","0","0","0","0","0","0","0"
"5.5324","0.500044","0.516683","0.0420332","0.541003","0.554013","1.52437","1.70568e-15","3.06339","3.03006","3.04676","6.61426","0","0","0","0","0","0","0","0"
"5.53578","0.500044","0.516683","0.042026","0.540704","0.553949","1.52167","1.706e-15","3.06312","3.02619","3.04229","6.62269","0","0","0","0","0","0","0","0"
"5.53927","0.500044","0.516683","0.0420204","0.540352","0.553723","1.51954","1.70437e-15","3.06175","3.0238","3.04562","6.60556","0","0","0","0","0","0","0","0"
"5.54255","0.500044","0.516526","0.0420151","0.54128","0.554226","1.53141","1.70516e-15","3.05402","3.01845","3.02221","6.60535","0","0","0","0","0","0","0","0"
"5.54593","0.500044","0.516526","0.0420105","0.541684","0.5543","1.53686","1.704e-15","3.05421","3.01938","3.00367","6.59123","0","0","0","0","0","0","0","0"

