"Time","Demand 1","Control 1","Output Drive 1","Channel 1","Channel 2","Channel 3","Channel 4","Channel 1 Kurtosis","Channel 2 Kurtosis","Channel 3 Kurtosis","Channel 4 Kurtosis","Rear Input 1","Rear Input 2","Rear Input 3","Rear Input 4","Rear Input 5","Rear Input 6","Rear Input 7","Rear Input 8"
"0.000666667","0.125011","0.171784","0","0.130958","0.196712","0.172025","1.8859e-15","2.41152","2.92224","3.48068","8.34858","0","0","0","0","0","0","0","0"
"0.000666667","0.125011","0.171784","0","0.130958","0.196712","0.172025","1.8859e-15","2.41152","2.92224","3.48068","8.34858","0","0","0","0","0","0","0","0"
"0.000733333","0.125011","0.171784","0","0.130958","0.196712","0.172025","1.8859e-15","2.41152","2.92224","3.48068","8.34858","0","0","0","0","0","0","0","0"
"0.00536667","0.125011","0.168188","0","0.136846","0.214198","0.171148","1.60315e-15","2.0565","2.39965","3.29524","5.51681","0","0","0","0","0","0","0","0"
"0.00873333","0.125011","0.168188","0","0.139549","0.208627","0.194025","1.57034e-15","2.35396","2.92336","3.67063","5.95219","0","0","0","0","0","0","0","0"
"0.0120833","0.125011","0.168188","0","0.142884","0.21776","0.219339","1.8586e-15","2.42236","2.50317","6.75576","5.27242","0","0","0","0","0","0","0","0"
"0.01655","0.125011","0.168188","1.19209e-05","0.145027","0.197609","0.146549","1.52981e-15","2.27849","2.89376","4.03817","2.86075","0","0","0","0","0","0","0","0"
"0.0196667","0.125011","0.165715","1.27372e-05","0.138702","0.202592","0.168187","1.87881e-15","2.5706","3.01143","4.48221","8.32581","0","0","0","0","0","0","0","0"
"0.0231667","0.125011","0.165715","1.37604e-05","0.14074","0.18836","0.199727","1.82941e-15","2.54077","2.42698","2.90495","9.29076","0","0","0","0","0","0","0","0"
"0.02655","0.125011","0.165715","1.48657e-05","0.136756","0.196413","0.18587","1.53502e-15","2.61928","2.85529","2.72152","5.64314","0","0","0","0","0","0","0","0"
"0.0299333","0.125011","0.165715","1.58836e-05","0.130272","0.209009","0.185567","1.79308e-15","2.56688","2.95517","3.71662","8.93352","0","0","0","0","0","0","0","0"
"0.0365","0.125011","0.165715","1.83345e-05","0.147534","0.221287","0.190152","1.50394e-15","2.80174","2.49101","4.41283","4.06248","0","0","0","0","0","0","0","0"
"0.03985","0.125011","0.121963","1.95899e-05","0.127241","0.185112","0.140055","1.62076e-15","2.23689","2.67411","3.28894","5.36143","0","0","0","0","0","0","0","0"
"0.0433667","0.125011","0.121963","2.11636e-05","0.139577","0.223303","0.201552","1.93091e-15","2.4017","2.60244","2.69589","10.3726","0","0","0","0","0","0","0","0"
"0.0467","0.125011","0.121963","2.26127e-05","0.148575","0.233546","0.235523","1.99912e-15","2.50042","2.45598","5.65902","8.81236","0","0","0","0","0","0","0","0"
"0.0501833","0.125011","0.121963","2.44292e-05","0.134122","0.202211","0.184775","1.45133e-15","2.58883","2.61341","2.81628","2.98373","0","0","0","0","0","0","0","0"
"0.0536333","0.125011","0.11889","2.63916e-05","0.143402","0.205528","0.146255","1.56908e-15","3.09971","2.87031","4.78164","9.19089","0","0","0","0","0","0","0","0"
"0.0570167","0.125011","0.11889","2.81987e-05","0.137385","0.191138","0.193912","1.7789e-15","2.67139","2.44981","4.91105","7.99757","0","0","0","0","0","0","0","0"
"0.0604","0.125011","0.11889","3.04639e-05","0.143102","0.217774","0.250011","1.66196e-15","2.45455","2.29831","11.7201","9.83558","0","0","0","0","0","0","0","0"
"0.0639","0.125011","0.11889","3.25498e-05","0.129152","0.226753","0.221899","1.53554e-15","2.47965","3.22119","3.89283","3.94461","0","0","0","0","0","0","0","0"
"0.0673833","0.125011","0.11889","3.51646e-05","0.1348","0.19984","0.152418","1.858e-15","2.46617","2.4134","4.08889","9.06026","0","0","0","0","0","0","0","0"
"0.0706667","0.125011","0.161735","3.75723e-05","0.129531","0.210708","0.18839","1.79835e-15","2.49217","2.30946","3.11672","9.48213","0","0","0","0","0","0","0","0"
"0.07405","0.125011","0.161735","4.05906e-05","0.131215","0.190595","0.16074","1.46491e-15","2.39881","3.57762","6.06623","3.77753","0","0","0","0","0","0","0","0"
"0.07745","0.125011","0.161735","4.33699e-05","0.138998","0.226179","0.176377","1.81804e-15","2.60211","2.47263","5.31144","9.73335","0","0","0","0","0","0","0","0"
"0.0808333","0.125011","0.161735","4.68538e-05","0.147906","0.230492","0.230912","1.78476e-15","2.40896","2.81972","6.72581","6.92302","0","0","0","0","0","0","0","0"
"0.0843333","0.125011","0.161735","5.00619e-05","0.139883","0.220377","0.198662","1.66874e-15","2.33821","2.2569","3.81034","7.81835","0","0","0","0","0","0","0","0"
"0.0876","0.125011","0.167818","5.40835e-05","0.1493","0.199399","0.237769","1.91577e-15","2.80155","3.19302","11.1768","10.7139","0","0","0","0","0","0","0","0"
"0.0909833","0.125011","0.167818","5.77866e-05","0.145709","0.221552","0.204603","1.80223e-15","2.46172","2.63423","2.64889","7.95998","0","0","0","0","0","0","0","0"
"0.0943667","0.125011","0.167818","6.24287e-05","0.147659","0.229163","0.168596","1.72551e-15","2.37865","3.51112","9.79408","8.56791","0","0","0","0","0","0","0","0"
"0.09775","0.125011","0.167818","6.67033e-05","0.133284","0.196255","0.213004","1.93123e-15","2.43818","2.68057","8.09129","7.95092","0","0","0","0","0","0","0","0"
"0.10125","0.125011","0.167818","7.20616e-05","0.14742","0.230838","0.192197","1.83819e-15","2.0797","2.2688","2.75776","6.98509","0","0","0","0","0","0","0","0"
"0.104533","0.125011","0.168307","7.69958e-05","0.135223","0.230087","0.218609","1.42635e-15","2.29297","2.89786","4.20383","4.55763","0","0","0","0","0","0","0","0"
"0.1079","0.125011","0.168307","8.31809e-05","0.151923","0.200486","0.177364","1.76717e-15","2.45944","2.7176","11.52","10.114","0","0","0","0","0","0","0","0"
"0.1113","0.125011","0.168307","8.88764e-05","0.134666","0.18754","0.182376","1.8793e-15","2.9034","2.89234","5.8503","8.34838","0","0","0","0","0","0","0","0"
"0.114683","0.125011","0.168307","9.60159e-05","0.126379","0.184067","0.163031","1.62738e-15","2.32169","3.74084","3.86198","5.97276","0","0","0","0","0","0","0","0"
"0.119983","0.125011","0.168307","0.000107221","0.13913","0.209711","0.218093","1.83405e-15","2.35587","2.9861","3.22095","10.5321","0","0","0","0","0","0","0","0"
"0.123283","0.125011","0.170033","0.000114563","0.148865","0.216982","0.206548","1.92289e-15","2.56884","2.30787","6.42866","7.55225","0","0","0","0","0","0","0","0"
"0.126667","0.125011","0.170033","0.000123766","0.131464","0.214289","0.204875","1.79057e-15","2.77491","2.89754","2.7574","8.30433","0","0","0","0","0","0","0","0"
"0.13005","0.125011","0.170033","0.00013224","0.131395","0.19684","0.224651","1.63703e-15","2.6448","2.29967","5.77411","4.17695","0","0","0","0","0","0","0","0"
"0.133533","0.125011","0.170033","0.000142863","0.144047","0.234643","0.169577","1.49461e-15","2.57532","2.51373","5.34201","2.9229","0","0","0","0","0","0","0","0"
"0.136817","0.125011","0.170845","0.000152646","0.134295","0.184842","0.168086","1.94563e-15","2.57605","2.48648","8.29704","8.16307","0","0","0","0","0","0","0","0"
"0.1402","0.125011","0.170845","0.000164908","0.161855","0.207912","0.16228","1.70435e-15","2.92696","2.69991","5.06627","4.98325","0","0","0","0","0","0","0","0"
"0.143583","0.125011","0.170845","0.000176199","0.12755","0.208233","0.218656","1.65135e-15","2.31542","3.52313","7.01739","5.14292","0","0","0","0","0","0","0","0"
"0.146967","0.125011","0.170845","0.000190353","0.135696","0.179565","0.183524","1.92373e-15","2.71354","2.7301","2.25836","8.13711","0","0","0","0","0","0","0","0"
"0.150483","0.125011","0.170845","0.000203387","0.147734","0.228329","0.232317","1.6209e-15","2.78504","2.88431","5.97626","3.64096","0","0","0","0","0","0","0","0"
"0.153733","0.125011","0.168421","0.000219725","0.124635","0.195925","0.162255","1.67023e-15","2.76829","2.15886","3.072","5.60935","0","0","0","0","0","0","0","0"
"0.157133","0.125011","0.168421","0.00023477","0.141703","0.193385","0.198339","1.84679e-15","2.43823","2.67813","5.93921","8.29086","0","0","0","0","0","0","0","0"
"0.160517","0.125011","0.168421","0.00025363","0.1418","0.201867","0.150241","1.66228e-15","2.37574","2.34465","8.00458","5.57252","0","0","0","0","0","0","0","0"
"0.1639","0.125011","0.168421","0.000270996","0.147033","0.180358","0.164213","1.76472e-15","2.71145","2.90703","4.53514","5.68136","0","0","0","0","0","0","0","0"
"0.167383","0.125011","0.168421","0.000292766","0.144649","0.23792","0.175135","1.49186e-15","2.4095","2.26191","2.68609","3.21223","0","0","0","0","0","0","0","0"
"0.170667","0.125011","0.164534","0.000312812","0.132028","0.222737","0.228638","1.67748e-15","2.92194","2.50468","4.05484","5.57328","0","0","0","0","0","0","0","0"
"0.17405","0.125011","0.164534","0.00033794","0.147831","0.180076","0.222503","1.75316e-15","2.18293","2.53787","11.5637","5.10798","0","0","0","0","0","0","0","0"
"0.17745","0.125011","0.164534","0.000361079","0.140458","0.201175","0.214425","1.87207e-15","2.29565","3.10525","4.06877","8.84074","0","0","0","0","0","0","0","0"
"0.180817","0.125011","0.164534","0.000390085","0.137374","0.225541","0.166052","1.61323e-15","2.32322","2.527","6.12485","4.45539","0","0","0","0","0","0","0","0"
"0.184333","0.125011","0.164534","0.000416795","0.118128","0.215841","0.195242","1.47239e-15","2.63517","2.5011","3.22595","3.28811","0","0","0","0","0","0","0","0"
"0.1876","0.125011","0.165083","0.000450276","0.134685","0.17462","0.138403","1.85076e-15","2.57338","3.18579","6.97152","9.85268","0","0","0","0","0","0","0","0"
"0.190983","0.125011","0.165083","0.000481107","0.153164","0.19187","0.214416","1.47147e-15","2.29535","2.62232","10.0572","3.93778","0","0","0","0","0","0","0","0"
"0.194367","0.125011","0.165083","0.000519755","0.146932","0.240464","0.237978","1.96384e-15","2.41567","2.81798","8.12846","9.08489","0","0","0","0","0","0","0","0"
"0.19775","0.125011","0.165083","0.000555344","0.135883","0.249497","0.182114","1.78401e-15","2.21343","2.42814","2.91546","7.31701","0","0","0","0","0","0","0","0"
"0.203317","0.125011","0.165083","0.000627038","0.129167","0.207075","0.195545","1.92442e-15","2.74538","2.90938","7.97192","7.50627","0","0","0","0","0","0","0","0"
"0.206617","0.125011","0.166971","0.000669972","0.141055","0.194954","0.168292","1.77489e-15","2.45254","2.73507","6.00404","6.97427","0","0","0","0","0","0","0","0"
"0.209983","0.125011","0.166971","0.000723792","0.145946","0.231788","0.177099","1.59138e-15","2.80181","3.22514","5.74266","4.70653","0","0","0","0","0","0","0","0"
"0.213383","0.125011","0.166971","0.000773351","0.154556","0.247959","0.189011","1.86803e-15","2.91636","2.73072","4.14342","9.01917","0","0","0","0","0","0","0","0"
"0.216867","0.125011","0.166971","0.000835475","0.141125","0.180469","0.207139","1.57029e-15","2.77923","2.59652","3.43035","3.42911","0","0","0","0","0","0","0","0"
"0.22015","0.125011","0.170513","0.000892681","0.141754","0.211715","0.24618","1.68144e-15","2.20129","2.61607","4.66504","5.65449","0","0","0","0","0","0","0","0"
"0.223533","0.125011","0.170513","0.000964391","0.161312","0.213896","0.217497","1.88524e-15","2.71585","2.33163","6.36484","13.0189","0","0","0","0","0","0","0","0"
"0.226917","0.125011","0.170513","0.00103042","0.129812","0.188488","0.186911","1.49737e-15","2.97447","2.93294","5.47148","4.44195","0","0","0","0","0","0","0","0"
"0.2303","0.125011","0.170513","0.0011132","0.162334","0.219723","0.19112","1.87035e-15","2.6134","3.11119","9.80749","8.10751","0","0","0","0","0","0","0","0"
"0.233817","0.125011","0.170513","0.00118942","0.133666","0.194689","0.199747","1.73687e-15","2.47781","3.02225","2.39115","4.75168","0","0","0","0","0","0","0","0"
"0.237067","0.125011","0.172144","0.00128497","0.153837","0.244893","0.1732","1.60119e-15","2.1428","2.78936","4.47325","4.77316","0","0","0","0","0","0","0","0"
"0.24045","0.125011","0.172144","0.00137295","0.150357","0.240489","0.244424","1.85121e-15","2.60551","2.15711","8.43285","9.38505","0","0","0","0","0","0","0","0"
"0.24385","0.125011","0.172144","0.00148324","0.166937","0.226852","0.248422","1.79151e-15","2.72455","2.61207","12.3695","6.84227","0","0","0","0","0","0","0","0"
"0.247217","0.125011","0.172144","0.0015848","0.162263","0.237544","0.259976","1.69857e-15","2.31533","2.50353","3.69357","3.59026","0","0","0","0","0","0","0","0"
"0.250717","0.125011","0.172144","0.00171211","0.161954","0.230272","0.191194","1.54855e-15","2.60401","3.10632","7.04448","3.99939","0","0","0","0","0","0","0","0"
"0.254","0.125011","0.169693","0.00182934","0.148673","0.224892","0.196954","1.86062e-15","2.37797","2.83737","3.42153","11.0734","0","0","0","0","0","0","0","0"
"0.257383","0.125011","0.169693","0.0019763","0.129974","0.208101","0.185302","1.64919e-15","3.14502","2.89084","13.2247","4.40105","0","0","0","0","0","0","0","0"
"0.260767","0.125011","0.169693","0.00211162","0.151077","0.254197","0.212256","1.69428e-15","2.45602","2.16423","6.77766","7.04675","0","0","0","0","0","0","0","0"
"0.26415","0.125011","0.169693","0.00228124","0.187782","0.226258","0.255911","1.98004e-15","2.55944","2.74524","6.24876","8.57793","0","0","0","0","0","0","0","0"
"0.267667","0.125011","0.169693","0.00241559","0.167437","0.177674","0.190342","1.53636e-15","2.30014","2.51504","3.23984","3.17611","0","0","0","0","0","0","0","0"
"0.27145","0.125011","0.171779","0.00256902","0.134531","0.180261","0.200041","1.62325e-15","3.26603","2.50066","2.68869","6.34167","0","0","0","0","0","0","0","0"
"0.274833","0.125011","0.171779","0.0026841","0.154894","0.197891","0.239378","1.85736e-15","2.70495","2.77397","12.2139","10.6766","0","0","0","0","0","0","0","0"
"0.278217","0.125011","0.171779","0.00281836","0.180513","0.253119","0.29439","1.8443e-15","2.28769","2.65077","4.81672","7.88502","0","0","0","0","0","0","0","0"
"0.281617","0.125011","0.171779","0.00293343","0.14367","0.2382","0.243694","1.57413e-15","2.7001","2.68055","4.07809","4.16076","0","0","0","0","0","0","0","0"
"0.286667","0.125011","0.171779","0.00309473","0.162036","0.198382","0.192909","1.5603e-15","3.22811","2.75381","5.71122","6.59107","0","0","0","0","0","0","0","0"
"0.28995","0.125011","0.176737","0.00318693","0.166478","0.220759","0.218579","1.71053e-15","2.9333","2.94247","5.5723","7.45735","0","0","0","0","0","0","0","0"
"0.293317","0.125011","0.176737","0.0032945","0.163869","0.217255","0.252684","1.76842e-15","2.96675","2.82899","11.1519","7.55097","0","0","0","0","0","0","0","0"
"0.2967","0.125011","0.176737","0.0033867","0.171564","0.224663","0.441448","1.70568e-15","2.95132","3.17651","3.27373","6.57037","0","0","0","0","0","0","0","0"
"0.3002","0.125011","0.176737","0.00349162","0.170478","0.232668","0.523455","1.69063e-15","2.72649","3.19428","2.56299","6.5597","0","0","0","0","0","0","0","0"
"0.303483","0.125011","0.180091","0.00357587","0.174347","0.239985","0.933146","1.74763e-15","2.79393","3.20618","4.12145","6.92175","0","0","0","0","0","0","0","0"
"0.306867","0.125011","0.180091","0.00367417","0.17788","0.24009","1.48389","1.72391e-15","2.69647","3.06297","2.12821","6.33547","0","0","0","0","0","0","0","0"
"0.31025","0.125011","0.180091","0.00375842","0.183419","0.2452","1.48109","1.74647e-15","2.82106","3.09697","1.86517","7.32677","0","0","0","0","0","0","0","0"
"0.313633","0.125011","0.180091","0.00385671","0.179078","0.240322","1.27284","1.76857e-15","2.8206","2.91581","2.29761","7.92608","0","0","0","0","0","0","0","0"
"0.31715","0.125011","0.180091","0.00393524","0.180243","0.235544","1.07772","1.71416e-15","2.70759","2.90552","3.11271","6.99805","0","0","0","0","0","0","0","0"
"0.3204","0.125011","0.182653","0.00401349","0.180153","0.237392","0.929603","1.73106e-15","2.69944","2.85178","4.08344","7.41909","0","0","0","0","0","0","0","0"
"0.323783","0.125011","0.182653","0.00408056","0.180603","0.234248","0.836751","1.72005e-15","2.81089","2.84507","4.81556","7.09549","0","0","0","0","0","0","0","0"
"0.327183","0.125011","0.182653","0.00415881","0.18394","0.239667","0.806785","1.72141e-15","2.80497","2.85851","4.44389","7.33572","0","0","0","0","0","0","0","0"
"0.330567","0.125011","0.182653","0.00422588","0.186917","0.242334","1.02853","1.74449e-15","3.27915","2.85152","3.24399","7.14204","0","0","0","0","0","0","0","0"
"0.33405","0.125011","0.182653","0.00429972","0.18691","0.244603","1.09664","1.70516e-15","3.18828","2.79007","2.48016","6.61353","0","0","0","0","0","0","0","0"
"0.3374","0.125011","0.187407","0.00435798","0.189485","0.245675","1.03019","1.74119e-15","3.07583","2.73325","2.65418","7.21872","0","0","0","0","0","0","0","0"
"0.340783","0.125011","0.187407","0.00442594","0.192207","0.248675","0.92588","1.71816e-15","3.4666","3.02071","3.21566","7.03447","0","0","0","0","0","0","0","0"
"0.344183","0.125011","0.187407","0.0044842","0.194928","0.25011","0.851126","1.72186e-15","3.28087","2.92592","3.69542","7.37302","0","0","0","0","0","0","0","0"
"0.347617","0.125011","0.187407","0.00455217","0.192349","0.24842","0.776501","1.74297e-15","3.29717","2.9097","4.23965","7.53259","0","0","0","0","0","0","0","0"
"0.351067","0.125011","0.187407","0.00460144","0.191028","0.248388","0.836575","1.71566e-15","3.2513","2.94113","5.808","7.14632","0","0","0","0","0","0","0","0"
"0.354317","0.125011","0.191241","0.00464844","0.195957","0.253169","1.22877","1.71682e-15","3.20268","2.87695","3.68369","7.07011","0","0","0","0","0","0","0","0"
"0.357717","0.125011","0.191241","0.00468873","0.192618","0.250619","1.27495","1.73722e-15","3.18886","2.85292","3.06918","7.2951","0","0","0","0","0","0","0","0"
"0.361083","0.125011","0.191241","0.00473574","0.189904","0.249245","1.19305","1.71317e-15","3.17198","2.8995","3.33491","7.34349","0","0","0","0","0","0","0","0"
"0.364483","0.125011","0.191241","0.00477603","0.188922","0.246503","1.10371","1.73749e-15","3.10775","2.92037","3.8544","7.63395","0","0","0","0","0","0","0","0"
"0.370033","0.125011","0.191241","0.00483485","0.187992","0.247659","0.998393","1.71834e-15","2.99957","2.82052","4.37472","7.37708","0","0","0","0","0","0","0","0"
"0.37335","0.125011","0.194985","0.00486385","0.18883","0.248793","0.942049","1.7439e-15","2.98792","2.8559","4.80064","7.68633","0","0","0","0","0","0","0","0"
"0.3767","0.125011","0.194985","0.00489769","0.192428","0.25071","0.91132","1.72704e-15","3.03085","2.9165","4.74009","7.58921","0","0","0","0","0","0","0","0"
"0.380117","0.125011","0.194985","0.0049267","0.192019","0.248343","0.88619","1.71878e-15","3.11401","2.9151","4.68482","7.70873","0","0","0","0","0","0","0","0"
"0.383583","0.125011","0.194985","0.00495401","0.19002","0.245637","0.879787","1.73916e-15","3.0883","2.8871","4.25633","7.55467","0","0","0","0","0","0","0","0"
"0.386883","0.125011","0.198081","0.00496487","0.190684","0.247498","0.884909","1.72611e-15","3.09368","2.89479","3.83463","7.35594","0","0","0","0","0","0","0","0"
"0.39025","0.125011","0.198081","0.0049816","0.188369","0.244835","0.87591","1.70631e-15","3.08545","2.9469","3.5624","7.31016","0","0","0","0","0","0","0","0"
"0.39365","0.125011","0.198081","0.00500254","0.187209","0.242613","0.830595","1.72458e-15","3.01739","2.90503","3.87083","7.69166","0","0","0","0","0","0","0","0"
"0.397017","0.125011","0.198081","0.00504958","0.184894","0.240915","0.862451","1.74002e-15","2.98121","2.89125","4.0947","7.79696","0","0","0","0","0","0","0","0"
"0.400533","0.125011","0.198081","0.00514926","0.183009","0.238198","0.966181","1.72562e-15","2.98548","2.861","3.18575","7.58494","0","0","0","0","0","0","0","0"
"0.403783","0.125011","0.199941","0.0051627","0.181501","0.237208","0.968688","1.71919e-15","2.97902","2.86187","2.91988","7.69458","0","0","0","0","0","0","0","0"
"0.4072","0.125011","0.199941","0.00517793","0.182323","0.240001","0.94327","1.74748e-15","2.93729","2.84351","2.93178","7.90134","0","0","0","0","0","0","0","0"
"0.410567","0.125011","0.199941","0.00520443","0.181372","0.237615","0.885384","1.72154e-15","2.92984","2.85581","3.25227","7.67395","0","0","0","0","0","0","0","0"
"0.413967","0.125011","0.199941","0.00524859","0.181252","0.235673","0.839292","1.72913e-15","2.91986","2.86656","3.53322","7.81425","0","0","0","0","0","0","0","0"
"0.417433","0.125011","0.199941","0.00534859","0.18326","0.239082","0.790434","1.72746e-15","3.01333","2.92668","3.86497","7.61528","0","0","0","0","0","0","0","0"
"0.420733","0.125011","0.20051","0.00536076","0.184517","0.238207","0.761245","1.71252e-15","3.02904","2.92464","3.99257","7.40788","0","0","0","0","0","0","0","0"
"0.4241","0.125011","0.20051","0.00537974","0.18611","0.23936","0.718009","1.71297e-15","2.99911","2.8638","4.35291","7.3399","0","0","0","0","0","0","0","0"
"0.4275","0.125011","0.20051","0.00540409","0.185731","0.238196","0.709013","1.74131e-15","3.02741","2.87979","4.18098","7.8738","0","0","0","0","0","0","0","0"
"0.431","0.125011","0.20051","0.00546357","0.191469","0.24208","0.697775","1.73827e-15","3.44376","2.97714","4.07472","7.75986","0","0","0","0","0","0","0","0"
"0.434383","0.125011","0.20051","0.00554531","0.19381","0.243918","0.693865","1.71277e-15","3.49771","3.03749","3.87333","7.54112","0","0","0","0","0","0","0","0"
"0.43765","0.125011","0.200177","0.00556035","0.194654","0.244218","0.654607","1.74096e-15","3.52058","3.01957","4.21001","7.63849","0","0","0","0","0","0","0","0"
"0.44105","0.125011","0.200177","0.00557761","0.195536","0.24673","0.626818","1.74242e-15","3.37738","3.04133","4.43092","7.60263","0","0","0","0","0","0","0","0"
"0.444417","0.125011","0.200177","0.00560846","0.195413","0.246977","0.599369","1.71558e-15","3.29941","3.03572","4.62326","7.60359","0","0","0","0","0","0","0","0"
"0.447817","0.125011","0.200177","0.00566453","0.194497","0.245677","0.604513","1.73722e-15","3.21107","3.02449","4.18637","7.77003","0","0","0","0","0","0","0","0"
"0.453367","0.125011","0.200177","0.00574296","0.195685","0.24687","0.58198","1.71337e-15","3.11474","3.0372","4.15208","7.46152","0","0","0","0","0","0","0","0"
"0.456667","0.125011","0.201036","0.00575911","0.19442","0.245219","0.586011","1.71549e-15","3.13704","3.01927","3.84858","7.43207","0","0","0","0","0","0","0","0"
"0.460033","0.125011","0.201036","0.00578653","0.194027","0.244139","0.559277","1.73871e-15","3.08596","2.95526","4.02953","7.67574","0","0","0","0","0","0","0","0"
"0.46345","0.125011","0.201036","0.00582929","0.193461","0.243752","0.573674","1.76591e-15","3.08016","2.98804","3.60996","7.7629","0","0","0","0","0","0","0","0"
"0.4669","0.125011","0.201036","0.00589993","0.195313","0.246082","0.630107","1.73587e-15","3.2384","2.99476","3.0919","7.47505","0","0","0","0","0","0","0","0"
"0.470217","0.125011","0.203162","0.00591287","0.194312","0.245823","0.678438","1.7277e-15","3.20531","2.98055","2.61753","7.42445","0","0","0","0","0","0","0","0"
"0.473567","0.125011","0.203162","0.00593279","0.192952","0.24591","0.735973","1.74832e-15","3.20005","3.01356","2.23996","7.70317","0","0","0","0","0","0","0","0"
"0.476983","0.125011","0.203162","0.00595773","0.191253","0.24525","0.781743","1.75168e-15","3.13096","3.0195","2.06375","7.50158","0","0","0","0","0","0","0","0"
"0.48035","0.125011","0.203162","0.00601375","0.188888","0.242616","0.815661","1.72973e-15","3.13058","2.96921","1.89766","7.42536","0","0","0","0","0","0","0","0"
"0.48385","0.125011","0.203162","0.00607373","0.188937","0.242309","0.832722","1.74838e-15","3.09617","3.00429","1.79829","7.51897","0","0","0","0","0","0","0","0"
"0.487117","0.125011","0.204319","0.00608959","0.187535","0.239766","0.814905","1.72492e-15","3.0956","3.0058","1.82291","7.26468","0","0","0","0","0","0","0","0"
"0.490517","0.125011","0.204319","0.00610756","0.188487","0.24114","0.791011","1.71753e-15","3.09598","3.01331","1.87706","7.38061","0","0","0","0","0","0","0","0"
"0.4939","0.125011","0.204319","0.00613881","0.192714","0.247762","0.769379","1.74421e-15","3.15003","3.04914","1.93934","7.89239","0","0","0","0","0","0","0","0"
"0.4973","0.125011","0.204319","0.0061909","0.190163","0.248553","0.751826","1.73518e-15","3.14849","2.96679","2.02803","7.68538","0","0","0","0","0","0","0","0"
"0.500767","0.125011","0.204319","0.00628085","0.186596","0.243577","0.800174","1.71335e-15","3.1434","3.03557","2.2157","7.48868","0","0","0","0","0","0","0","0"
"0.504067","0.125011","0.204984","0.00629514","0.191563","0.249497","0.905133","1.73705e-15","3.14641","3.02839","2.2629","7.89391","0","0","0","0","0","0","0","0"
"0.507433","0.125011","0.204984","0.00631743","0.193638","0.2499","0.872685","1.71328e-15","3.12467","2.96171","2.32032","7.69474","0","0","0","0","0","0","0","0"
"0.510833","0.125011","0.204984","0.00634602","0.191008","0.247273","0.823182","1.72082e-15","3.16522","2.965","2.57102","7.7726","0","0","0","0","0","0","0","0"
"0.5142","0.125011","0.204984","0.00640045","0.19315","0.248319","0.771331","1.74261e-15","3.18284","2.96162","2.86172","7.89767","0","0","0","0","0","0","0","0"
"0.5177","0.125011","0.204984","0.00642778","0.195831","0.248953","0.733502","1.72021e-15","3.24709","3.06155","3.09068","7.66048","0","0","0","0","0","0","0","0"
"0.520983","0.125011","0.205395","0.00643367","0.19711","0.250866","0.704408","1.7175e-15","3.18434","3.06898","3.17893","7.58007","0","0","0","0","0","0","0","0"
"0.524367","0.125011","0.205395","0.00643871","0.196448","0.252622","0.691225","1.73782e-15","3.13693","3.01671","3.11659","7.55209","0","0","0","0","0","0","0","0"
"0.52775","0.125011","0.205395","0.0064446","0.198799","0.252398","0.691697","1.70919e-15","3.11803","3.01575","2.92232","7.46572","0","0","0","0","0","0","0","0"
"0.531117","0.125011","0.205395","0.00644964","0.196979","0.251234","0.691683","1.72866e-15","3.11855","3.01067","2.74714","7.6293","0","0","0","0","0","0","0","0"
"0.5367","0.125011","0.205395","0.00645519","0.194708","0.247169","0.690259","1.7212e-15","3.05396","3.01433","2.50811","7.40429","0","0","0","0","0","0","0","0"
"0.540017","0.125011","0.20662","0.00645746","0.196809","0.248363","0.692347","1.71282e-15","3.04256","3.13819","2.41918","7.20927","0","0","0","0","0","0","0","0"
"0.543367","0.125011","0.20662","0.0064601","0.194649","0.246886","0.679538","1.73057e-15","3.04955","3.16282","2.40286","7.08867","0","0","0","0","0","0","0","0"
"0.546767","0.125011","0.20662","0.00646237","0.19337","0.245533","0.655203","1.73392e-15","3.00282","3.10909","2.51077","7.05347","0","0","0","0","0","0","0","0"
"0.550233","0.125011","0.20662","0.00646836","0.190357","0.244457","0.617126","1.71302e-15","2.99872","3.07296","2.76681","6.91134","0","0","0","0","0","0","0","0"
"0.55355","0.125011","0.208137","0.00648169","0.188616","0.242575","0.586431","1.73072e-15","2.99229","3.09029","2.98887","7.15721","0","0","0","0","0","0","0","0"
"0.5569","0.125011","0.208137","0.00649734","0.185694","0.241622","0.557807","1.74084e-15","2.99654","3.08559","3.17817","7.26368","0","0","0","0","0","0","0","0"
"0.560317","0.125011","0.208137","0.00651075","0.186645","0.240307","0.547147","1.71854e-15","2.94636","3.05634","3.17758","7.08331","0","0","0","0","0","0","0","0"
"0.563683","0.125011","0.208137","0.0065264","0.189777","0.24465","0.544426","1.72301e-15","2.92975","2.93138","3.15814","7.11375","0","0","0","0","0","0","0","0"
"0.567183","0.125011","0.208137","0.00653949","0.1914","0.245641","0.530815","1.74006e-15","2.89391","2.89289","3.19368","7.26715","0","0","0","0","0","0","0","0"
"0.57045","0.125011","0.2082","0.00655656","0.190897","0.245569","0.507507","1.73862e-15","2.87338","2.87304","3.36793","7.13808","0","0","0","0","0","0","0","0"
"0.573867","0.125011","0.2082","0.00657462","0.192213","0.24672","0.500027","1.72514e-15","2.82547","2.84654","3.335","6.92583","0","0","0","0","0","0","0","0"
"0.577217","0.125011","0.2082","0.00659602","0.191586","0.242981","0.494398","1.70732e-15","2.82376","2.88299","3.29188","6.88567","0","0","0","0","0","0","0","0"
"0.580633","0.125011","0.2082","0.00661436","0.191238","0.246007","0.482398","1.71868e-15","2.80342","2.82107","3.34819","7.30797","0","0","0","0","0","0","0","0"
"0.5841","0.125011","0.2082","0.00663301","0.193577","0.245381","0.462879","1.72027e-15","2.78864","2.81443","3.48096","7.37716","0","0","0","0","0","0","0","0"
"0.5874","0.125011","0.207452","0.0066481","0.192315","0.243997","0.448613","1.72796e-15","2.79481","2.81221","3.5437","7.29527","0","0","0","0","0","0","0","0"
"0.590767","0.125011","0.207452","0.00667164","0.192448","0.244149","0.444593","1.71085e-15","2.77197","2.80839","3.43337","7.21521","0","0","0","0","0","0","0","0"
"0.594167","0.125011","0.207452","0.00669542","0.190231","0.242721","0.440521","1.73584e-15","2.78352","2.78784","3.3474","7.56713","0","0","0","0","0","0","0","0"
"0.597533","0.125011","0.207452","0.00672317","0.192273","0.245209","0.446671","1.75475e-15","2.82986","2.98947","3.22805","7.53426","0","0","0","0","0","0","0","0"
"0.601033","0.125011","0.207452","0.00674159","0.192112","0.246739","0.446682","1.72414e-15","2.8337","2.97539","3.18315","7.34011","0","0","0","0","0","0","0","0"
"0.6043","0.125011","0.207521","0.00675932","0.191998","0.247056","0.445147","1.71763e-15","2.79221","2.99736","3.10813","7.36185","0","0","0","0","0","0","0","0"
"0.607717","0.125011","0.207521","0.00677512","0.191577","0.247571","0.442406","1.73918e-15","2.8484","3.00564","3.06541","7.5833","0","0","0","0","0","0","0","0"
"0.611083","0.125011","0.207521","0.00679356","0.192372","0.247789","0.450211","1.7143e-15","2.8035","2.98725","2.93783","7.43245","0","0","0","0","0","0","0","0"
"0.614483","0.125011","0.207521","0.00680937","0.191177","0.246494","0.445898","1.72224e-15","2.8176","2.97352","2.94701","7.59582","0","0","0","0","0","0","0","0"
"0.61875","0.125011","0.207521","0.00682344","0.188119","0.243735","0.437001","1.7231e-15","2.8516","2.95377","2.95398","7.60072","0","0","0","0","0","0","0","0"
"0.622017","0.125011","0.207557","0.00683209","0.187661","0.238591","0.424227","1.70772e-15","2.82711","2.95686","3.00625","7.40336","0","0","0","0","0","0","0","0"
"0.625417","0.125011","0.207557","0.00683949","0.187042","0.239663","0.416338","1.69706e-15","2.81551","2.95676","3.06083","7.27225","0","0","0","0","0","0","0","0"
"0.628783","0.125011","0.207557","0.00684814","0.186629","0.240418","0.408451","1.71222e-15","2.79814","2.94172","3.14365","7.63335","0","0","0","0","0","0","0","0"
"0.63325","0.125011","0.207557","0.00685554","0.185118","0.239908","0.402632","1.73994e-15","2.82904","2.89531","3.13888","7.63374","0","0","0","0","0","0","0","0"
"0.6367","0.125011","0.207557","0.00687522","0.185723","0.238375","0.427744","1.70351e-15","2.81271","2.90222","3.0759","7.49209","0","0","0","0","0","0","0","0"
"0.64","0.125011","0.208014","0.00688937","0.184478","0.2365","0.55455","1.72146e-15","2.79744","2.88992","3.96497","7.92786","0","0","0","0","0","0","0","0"
"0.643367","0.125011","0.208014","0.00690588","0.184598","0.236333","0.587424","1.73646e-15","2.79733","2.85185","3.35744","7.92396","0","0","0","0","0","0","0","0"
"0.646767","0.125011","0.208014","0.00692004","0.184844","0.237905","0.573963","1.74279e-15","2.79903","2.97435","3.3727","7.8061","0","0","0","0","0","0","0","0"
"0.650233","0.125011","0.208014","0.00693596","0.183113","0.238839","0.540428","1.7133e-15","2.82749","2.98226","3.68929","7.52717","0","0","0","0","0","0","0","0"
"0.65355","0.125011","0.207322","0.00694837","0.1809","0.238671","0.519727","1.72302e-15","2.83801","3.00656","3.83155","7.64021","0","0","0","0","0","0","0","0"
"0.656917","0.125011","0.207322","0.00696284","0.180718","0.238059","0.499434","1.73975e-15","2.87662","2.96235","3.96312","7.65649","0","0","0","0","0","0","0","0"
"0.660317","0.125011","0.207322","0.00697524","0.181316","0.238259","0.484211","1.73008e-15","2.89991","2.93692","4.01584","7.40812","0","0","0","0","0","0","0","0"
"0.663667","0.125011","0.207322","0.00698971","0.178396","0.236458","0.46666","1.73258e-15","2.89813","2.92651","4.08015","7.44351","0","0","0","0","0","0","0","0"
"0.667183","0.125011","0.207322","0.00699779","0.178989","0.235325","0.456971","1.75877e-15","2.918","2.946","4.04964","7.46021","0","0","0","0","0","0","0","0"
"0.67045","0.125011","0.206296","0.00699715","0.179882","0.237626","0.458346","1.74122e-15","2.8868","2.89091","3.84927","7.22351","0","0","0","0","0","0","0","0"
"0.67385","0.125011","0.206296","0.0069966","0.177977","0.234932","0.447758","1.71776e-15","2.92071","2.87617","3.85607","7.13111","0","0","0","0","0","0","0","0"
"0.677217","0.125011","0.206296","0.00699595","0.177147","0.235715","0.450311","1.71567e-15","2.94846","2.88788","3.78323","7.30368","0","0","0","0","0","0","0","0"
"0.680633","0.125011","0.206296","0.0069954","0.17791","0.237995","0.439028","1.74734e-15","2.88871","2.86567","3.82196","7.46352","0","0","0","0","0","0","0","0"
"0.6841","0.125011","0.206296","0.00699525","0.182781","0.242276","0.428974","1.74159e-15","2.94191","2.87078","3.88766","7.37549","0","0","0","0","0","0","0","0"
"0.687383","0.125011","0.205412","0.00699568","0.181639","0.239438","0.416978","1.71857e-15","2.94186","2.87406","3.93509","7.20649","0","0","0","0","0","0","0","0"
"0.69075","0.125011","0.205412","0.00699619","0.180924","0.239811","0.405889","1.71292e-15","2.91769","2.88868","3.95668","7.34869","0","0","0","0","0","0","0","0"
"0.694167","0.125011","0.205412","0.00699662","0.180884","0.239288","0.395052","1.73077e-15","2.88154","2.88102","4.01736","7.55271","0","0","0","0","0","0","0","0"
"0.697533","0.125011","0.205412","0.00699712","0.180391","0.237504","0.384725","1.73732e-15","2.83747","2.86347","4.06912","7.46309","0","0","0","0","0","0","0","0"
"0.702083","0.125011","0.205412","0.00698831","0.178075","0.237095","0.369618","1.71419e-15","2.83827","2.87625","4.16145","7.20907","0","0","0","0","0","0","0","0"
"0.70535","0.125011","0.204573","0.00697568","0.177388","0.235756","0.364309","1.73088e-15","2.86064","2.90343","4.23427","7.39195","0","0","0","0","0","0","0","0"
"0.708733","0.125011","0.204573","0.00696485","0.180901","0.237499","0.359365","1.74757e-15","2.84565","2.92328","4.24442","7.40803","0","0","0","0","0","0","0","0"
"0.712133","0.125011","0.204573","0.00695221","0.180218","0.236607","0.354228","1.71459e-15","2.85259","2.96258","4.1142","7.27134","0","0","0","0","0","0","0","0"
"0.716583","0.125011","0.204573","0.00694138","0.179644","0.235034","0.344114","1.71824e-15","2.86246","3.02025","4.16168","7.18297","0","0","0","0","0","0","0","0"
"0.720033","0.125011","0.204573","0.00692989","0.180207","0.235906","0.348091","1.7127e-15","2.87229","2.93419","3.93277","6.78535","0","0","0","0","0","0","0","0"
"0.723317","0.125011","0.204563","0.00692263","0.177079","0.23305","0.338025","1.69605e-15","2.90169","2.94726","4.03422","6.65995","0","0","0","0","0","0","0","0"
"0.7267","0.125011","0.204563","0.00691415","0.17729","0.233412","0.338382","1.72164e-15","2.86552","2.91512","3.85478","7.20126","0","0","0","0","0","0","0","0"
"0.7301","0.125011","0.204563","0.00690689","0.179574","0.236624","0.342752","1.74053e-15","2.81846","2.84686","3.64312","7.59355","0","0","0","0","0","0","0","0"
"0.733567","0.125011","0.204563","0.00690521","0.180376","0.233396","0.33557","1.72072e-15","2.74782","2.88885","3.72795","7.27595","0","0","0","0","0","0","0","0"
"0.736867","0.125011","0.203759","0.00692035","0.179791","0.231697","0.33924","1.73393e-15","2.7638","2.87779","3.62872","7.47894","0","0","0","0","0","0","0","0"
"0.74025","0.125011","0.203759","0.00694054","0.17934","0.232883","0.330691","1.74259e-15","2.79714","2.84851","3.64908","7.56521","0","0","0","0","0","0","0","0"
"0.743617","0.125011","0.203759","0.00695785","0.180697","0.235037","0.333005","1.72756e-15","2.75116","2.85546","3.50695","7.53203","0","0","0","0","0","0","0","0"
"0.747017","0.125011","0.203759","0.00697805","0.179086","0.234954","0.333763","1.73861e-15","2.792","2.88339","3.34843","7.82679","0","0","0","0","0","0","0","0"
"0.750517","0.125011","0.203759","0.00699403","0.179285","0.233595","0.33399","1.74238e-15","2.84747","2.91992","3.39265","7.71329","0","0","0","0","0","0","0","0"
"0.753783","0.125011","0.202929","0.00701174","0.178794","0.235443","0.329334","1.71388e-15","2.86406","2.98461","3.47178","7.71271","0","0","0","0","0","0","0","0"
"0.757167","0.125011","0.202929","0.0070275","0.181072","0.234867","0.361367","1.73997e-15","2.83963","2.96132","5.67761","7.86487","0","0","0","0","0","0","0","0"
"0.76055","0.125011","0.202929","0.00704588","0.180638","0.233536","0.445573","1.72082e-15","2.85171","2.94684","4.29969","7.64791","0","0","0","0","0","0","0","0"
"0.76395","0.125011","0.202929","0.00706164","0.182466","0.233506","0.466475","1.70985e-15","2.91338","3.04059","3.9114","7.62721","0","0","0","0","0","0","0","0"
"0.767433","0.125011","0.202929","0.00707899","0.182618","0.234144","0.460625","1.72332e-15","2.8826","3.01589","3.76302","7.56179","0","0","0","0","0","0","0","0"
"0.7707","0.125011","0.202289","0.0070951","0.184187","0.235287","0.457356","1.7266e-15","2.94574","3.01663","3.68586","7.46493","0","0","0","0","0","0","0","0"
"0.774083","0.125011","0.202289","0.00712022","0.183346","0.23458","0.436715","1.71166e-15","2.96107","2.97695","3.91384","7.66052","0","0","0","0","0","0","0","0"
"0.777467","0.125011","0.202289","0.00714626","0.183813","0.234592","0.426429","1.74206e-15","2.94571","2.9203","3.90481","7.94314","0","0","0","0","0","0","0","0"
"0.780883","0.125011","0.202289","0.00717664","0.184107","0.234005","0.411377","1.7214e-15","2.93699","2.90189","4.01087","7.93258","0","0","0","0","0","0","0","0"
"0.7854","0.125011","0.202289","0.00719946","0.184024","0.235919","0.396372","1.71486e-15","2.86339","2.89311","4.07214","7.66538","0","0","0","0","0","0","0","0"
"0.788667","0.125011","0.202062","0.00721319","0.187544","0.240631","0.407838","1.7215e-15","2.98025","2.92221","3.92192","7.55094","0","0","0","0","0","0","0","0"
"0.79205","0.125011","0.202062","0.00722496","0.187009","0.237637","0.403548","1.71327e-15","2.96521","2.89926","3.81127","7.64277","0","0","0","0","0","0","0","0"
"0.79545","0.125011","0.202062","0.00723868","0.188912","0.238097","0.395549","1.73125e-15","2.93688","2.8946","3.78041","7.81927","0","0","0","0","0","0","0","0"
"0.799917","0.125011","0.202062","0.00725045","0.187747","0.237596","0.388565","1.71684e-15","2.94871","2.89913","3.74478","7.70319","0","0","0","0","0","0","0","0"
"0.803367","0.125011","0.202062","0.00725705","0.186519","0.236589","0.380537","1.73353e-15","2.92224","2.88755","3.69983","7.79806","0","0","0","0","0","0","0","0"
"0.806667","0.125011","0.201977","0.00726052","0.186494","0.235883","0.369855","1.72124e-15","2.93592","2.88899","3.78071","7.56629","0","0","0","0","0","0","0","0"
"0.810033","0.125011","0.201977","0.00726458","0.186704","0.237366","0.360784","1.74229e-15","2.93885","2.94399","3.78","7.596","0","0","0","0","0","0","0","0"
"0.813417","0.125011","0.201977","0.00726805","0.189388","0.239238","0.372662","1.74084e-15","2.9963","2.94586","3.56891","7.5096","0","0","0","0","0","0","0","0"
"0.8169","0.125011","0.201977","0.0072735","0.189435","0.241965","0.368274","1.72475e-15","3.00356","2.98354","3.65675","7.45567","0","0","0","0","0","0","0","0"
"0.820217","0.125011","0.202446","0.00728115","0.189736","0.240969","0.357872","1.73628e-15","3.02102","2.97192","3.70648","7.48781","0","0","0","0","0","0","0","0"
"0.823567","0.125011","0.202446","0.00729007","0.191527","0.241722","0.35576","1.71279e-15","2.99533","3.01732","3.62562","7.4289","0","0","0","0","0","0","0","0"
"0.826983","0.125011","0.202446","0.007299","0.192048","0.242683","0.358271","1.74329e-15","2.94607","3.02385","3.59079","7.49948","0","0","0","0","0","0","0","0"
"0.83035","0.125011","0.202446","0.00730664","0.193867","0.242646","0.35048","1.7365e-15","2.9334","2.95829","3.59452","7.28683","0","0","0","0","0","0","0","0"
"0.833867","0.125011","0.202446","0.0073099","0.19089","0.239585","0.346932","1.71068e-15","2.95571","2.96735","3.53297","7.06235","0","0","0","0","0","0","0","0"
"0.837133","0.125011","0.202707","0.00730623","0.192704","0.242411","0.349668","1.73121e-15","2.90727","3.12878","3.52223","7.25703","0","0","0","0","0","0","0","0"
"0.840533","0.125011","0.202707","0.00730194","0.191041","0.242297","0.346602","1.72164e-15","2.92868","3.07606","3.67065","7.00489","0","0","0","0","0","0","0","0"
"0.8439","0.125011","0.202707","0.00729826","0.190056","0.240169","0.343306","1.73372e-15","2.89972","3.06818","3.69044","7.25874","0","0","0","0","0","0","0","0"
"0.8473","0.125011","0.202707","0.00729398","0.19221","0.240976","0.340838","1.74106e-15","2.92834","3.00119","3.60337","7.33274","0","0","0","0","0","0","0","0"
"0.850767","0.125011","0.202707","0.00728317","0.190792","0.24132","0.337686","1.71797e-15","2.93522","2.9985","3.54284","7.07981","0","0","0","0","0","0","0","0"
"0.854067","0.125011","0.203475","0.00726224","0.192279","0.243905","0.330866","1.74562e-15","2.93739","3.0977","3.52247","7.51713","0","0","0","0","0","0","0","0"
"0.857383","0.125011","0.203475","0.00724431","0.193076","0.244058","0.342701","1.72624e-15","2.92631","3.02201","3.66424","7.30131","0","0","0","0","0","0","0","0"
"0.860883","0.125011","0.203475","0.00722338","0.191874","0.242169","0.35946","1.7459e-15","2.92546","3.051","3.64716","7.74886","0","0","0","0","0","0","0","0"
"0.864283","0.125011","0.203475","0.00720545","0.191135","0.239823","0.36067","1.75078e-15","2.9762","2.99257","3.56217","7.64169","0","0","0","0","0","0","0","0"
"0.8688","0.125011","0.203475","0.00717371","0.192378","0.243068","0.352015","1.74196e-15","2.99001","3.01731","3.54966","7.60763","0","0","0","0","0","0","0","0"
"0.872083","0.125011","0.203943","0.00715095","0.195027","0.24314","0.357992","1.73873e-15","2.95668","3.05892","3.52822","7.4919","0","0","0","0","0","0","0","0"
"0.875467","0.125011","0.203943","0.00712438","0.19589","0.243035","0.362189","1.74694e-15","2.97219","3.02993","3.42781","7.75808","0","0","0","0","0","0","0","0"
"0.878817","0.125011","0.203943","0.00710162","0.194233","0.242701","0.355356","1.75017e-15","2.95311","3.00617","3.43038","7.74895","0","0","0","0","0","0","0","0"
"0.883367","0.125011","0.203943","0.00707357","0.194812","0.243098","0.348702","1.74421e-15","2.9488","3.08887","3.33729","7.80357","0","0","0","0","0","0","0","0"
"0.886617","0.125011","0.204344","0.00706912","0.192007","0.241654","0.348551","1.73047e-15","2.97965","3.07527","3.50174","7.62089","0","0","0","0","0","0","0","0"
"0.890017","0.125011","0.204344","0.00706392","0.193882","0.245059","0.3499","1.72568e-15","2.98687","3.02647","3.45924","7.4036","0","0","0","0","0","0","0","0"
"0.893383","0.125011","0.204344","0.00705947","0.193176","0.243282","0.344342","1.72898e-15","3.00616","3.00523","3.44041","7.3204","0","0","0","0","0","0","0","0"
"0.8967","0.125011","0.204344","0.00705502","0.192325","0.242521","0.348536","1.72309e-15","2.98803","2.966","3.35931","7.11615","0","0","0","0","0","0","0","0"
"0.900183","0.125011","0.204344","0.00705446","0.192495","0.242175","0.343813","1.74245e-15","2.93253","2.90423","3.37583","7.02421","0","0","0","0","0","0","0","0"
"0.903417","0.125011","0.20446","0.00706393","0.191441","0.242597","0.337437","1.73205e-15","3.04695","2.90764","3.3474","7.10918","0","0","0","0","0","0","0","0"
"0.906767","0.125011","0.20446","0.00707497","0.190979","0.240786","0.33479","1.73958e-15","2.99627","2.90082","3.35481","7.12166","0","0","0","0","0","0","0","0"
"0.9103","0.125011","0.20446","0.00708444","0.191253","0.240924","0.329883","1.72699e-15","2.98573","2.94567","3.40295","6.99134","0","0","0","0","0","0","0","0"
"0.913667","0.125011","0.20446","0.00709549","0.18891","0.23825","0.323998","1.74681e-15","2.94334","2.93245","3.34621","7.06378","0","0","0","0","0","0","0","0"
"0.917183","0.125011","0.20446","0.00710054","0.188658","0.238968","0.322241","1.72684e-15","2.92877","2.85284","3.54957","6.8923","0","0","0","0","0","0","0","0"
"0.920383","0.125011","0.204471","0.00709615","0.189667","0.240227","0.325783","1.73906e-15","2.98337","2.80528","3.49947","7.18957","0","0","0","0","0","0","0","0"
"0.92375","0.125011","0.204471","0.00709239","0.190558","0.241732","0.321919","1.72762e-15","2.96784","2.80476","3.52629","7.3299","0","0","0","0","0","0","0","0"
"0.9271","0.125011","0.204471","0.007088","0.190721","0.241034","0.322461","1.75211e-15","2.8923","2.81079","3.41676","7.43693","0","0","0","0","0","0","0","0"
"0.930483","0.125011","0.204471","0.00708424","0.191672","0.241909","0.334083","1.74384e-15","2.90327","2.82463","3.41163","7.35652","0","0","0","0","0","0","0","0"
"0.933933","0.125011","0.204471","0.00707364","0.192129","0.241829","0.32975","1.7487e-15","2.93124","2.81064","3.363","7.23608","0","0","0","0","0","0","0","0"
"0.937433","0.125011","0.204295","0.00705476","0.190401","0.241715","0.324779","1.74547e-15","2.94808","2.80378","3.42934","7.12964","0","0","0","0","0","0","0","0"
"0.940817","0.125011","0.204295","0.00703858","0.191275","0.241693","0.320805","1.76094e-15","2.94366","2.83715","3.41145","7.4434","0","0","0","0","0","0","0","0"
"0.9442","0.125011","0.204295","0.0070197","0.193048","0.24107","0.316445","1.75038e-15","2.99185","2.83863","3.35131","7.61206","0","0","0","0","0","0","0","0"
"0.9476","0.125011","0.204295","0.00700352","0.193984","0.2423","0.311554","1.75807e-15","2.95727","2.79352","3.38509","7.50912","0","0","0","0","0","0","0","0"
"0.952083","0.125011","0.204295","0.00699312","0.194338","0.242572","0.326469","1.74432e-15","2.98032","2.72897","3.18383","7.31073","0","0","0","0","0","0","0","0"
"0.955433","0.125011","0.204316","0.00699081","0.194778","0.243379","0.322775","1.73619e-15","2.96969","2.808","3.22277","7.2302","0","0","0","0","0","0","0","0"
"0.958783","0.125011","0.204316","0.00698811","0.192467","0.243063","0.3206","1.74108e-15","2.97392","2.83474","3.24706","7.55422","0","0","0","0","0","0","0","0"
"0.962133","0.125011","0.204316","0.0069858","0.192115","0.244003","0.318877","1.75158e-15","2.9769","2.76436","3.23941","7.51293","0","0","0","0","0","0","0","0"
"0.966683","0.125011","0.204316","0.0069859","0.191515","0.240175","0.311672","1.73217e-15","3.01196","2.76793","3.18026","7.42298","0","0","0","0","0","0","0","0"
"0.969983","0.125011","0.2042","0.0069943","0.189181","0.23904","0.304068","1.72134e-15","3.00464","2.75958","3.22019","7.22728","0","0","0","0","0","0","0","0"
"0.973517","0.125011","0.2042","0.0070041","0.187586","0.238968","0.300436","1.72075e-15","2.99147","2.75144","3.18595","7.424","0","0","0","0","0","0","0","0"
"0.97675","0.125011","0.2042","0.0070125","0.186169","0.24012","0.296509","1.73609e-15","2.99977","2.74567","3.19714","7.53219","0","0","0","0","0","0","0","0"
"0.980133","0.125011","0.2042","0.00702231","0.186608","0.238053","0.302028","1.72486e-15","2.954","2.72249","3.05246","7.49847","0","0","0","0","0","0","0","0"
"0.983617","0.125011","0.2042","0.00703212","0.1853","0.238702","0.307985","1.73562e-15","2.91994","2.72125","3.0881","7.52662","0","0","0","0","0","0","0","0"
"0.9869","0.125011","0.204386","0.00704687","0.183967","0.238615","0.303927","1.72283e-15","2.91638","2.73427","3.11836","7.26862","0","0","0","0","0","0","0","0"
"0.9903","0.125011","0.204386","0.0070595","0.182817","0.238207","0.298484","1.74632e-15","2.87895","2.76745","3.11205","7.57057","0","0","0","0","0","0","0","0"
"0.993683","0.125011","0.204386","0.00707425","0.184445","0.237752","0.294945","1.73896e-15","2.8937","2.80112","3.10678","7.34432","0","0","0","0","0","0","0","0"
"0.997067","0.125011","0.204386","0.00708689","0.188139","0.240087","0.298127","1.76091e-15","2.83175","2.7539","3.09438","7.6549","0","0","0","0","0","0","0","0"
"1.00055","0.125011","0.204386","0.00709127","0.191339","0.242013","0.298239","1.7339e-15","2.86854","2.8286","3.18217","7.54166","0","0","0","0","0","0","0","0"
"1.00385","0.125011","0.203979","0.00708318","0.190934","0.241732","0.294586","1.74527e-15","2.84379","2.85008","3.19667","7.50127","0","0","0","0","0","0","0","0"
"1.00727","0.125011","0.203979","0.00707374","0.189106","0.242154","0.292639","1.73409e-15","2.84193","2.82126","3.21216","7.3629","0","0","0","0","0","0","0","0"
"1.0106","0.125011","0.203979","0.00706565","0.188977","0.240819","0.296687","1.74741e-15","2.81778","2.82025","3.29214","7.5259","0","0","0","0","0","0","0","0"
"1.01398","0.125011","0.203979","0.00705621","0.185739","0.238626","0.300298","1.76598e-15","2.81585","2.78412","3.22246","7.52169","0","0","0","0","0","0","0","0"
"1.01748","0.125011","0.203979","0.0070492","0.186802","0.241261","0.302568","1.73709e-15","2.90924","2.78507","3.14376","7.29486","0","0","0","0","0","0","0","0"
"1.02075","0.125011","0.203682","0.00704229","0.188015","0.239481","0.300933","1.75162e-15","2.89777","2.79987","3.13436","7.40718","0","0","0","0","0","0","0","0"
"1.02428","0.125011","0.203682","0.00703637","0.186547","0.237206","0.303549","1.7657e-15","2.91656","2.79127","3.04665","7.42151","0","0","0","0","0","0","0","0"
"1.02753","0.125011","0.203682","0.00702946","0.185548","0.237454","0.308679","1.74731e-15","2.91427","2.84338","2.9069","7.23195","0","0","0","0","0","0","0","0"
"1.03092","0.125011","0.203682","0.00702354","0.185122","0.236768","0.304252","1.76e-15","2.90728","2.86452","2.97528","7.34364","0","0","0","0","0","0","0","0"
"1.03545","0.125011","0.203682","0.00702329","0.181705","0.232849","0.298658","1.75676e-15","2.92646","2.85559","2.94408","7.21515","0","0","0","0","0","0","0","0"
"1.03873","0.125011","0.204129","0.00702599","0.179319","0.232068","0.303332","1.74131e-15","2.94997","2.86123","2.94031","7.0995","0","0","0","0","0","0","0","0"
"1.04212","0.125011","0.204129","0.00702915","0.180601","0.231907","0.302743","1.75575e-15","2.85991","2.82219","2.90299","7.51109","0","0","0","0","0","0","0","0"
"1.04552","0.125011","0.204129","0.00703186","0.181119","0.231236","0.308819","1.76083e-15","2.84556","2.8029","2.98885","7.46783","0","0","0","0","0","0","0","0"
"1.05003","0.125011","0.204129","0.00703949","0.17847","0.229855","0.297797","1.7482e-15","2.89034","2.82523","3.0558","7.41113","0","0","0","0","0","0","0","0"
"1.05332","0.125011","0.203462","0.00705344","0.176264","0.229379","0.301069","1.73685e-15","2.89084","2.83778","3.01197","7.4936","0","0","0","0","0","0","0","0"
"1.0567","0.125011","0.203462","0.00706972","0.177342","0.229906","0.301425","1.73631e-15","2.87357","2.87386","2.99691","7.64024","0","0","0","0","0","0","0","0"
"1.06005","0.125011","0.203462","0.00708367","0.178484","0.230559","0.301576","1.75169e-15","2.86916","2.81858","3.10001","7.81288","0","0","0","0","0","0","0","0"
"1.06343","0.125011","0.203462","0.00709995","0.178587","0.229523","0.297786","1.73044e-15","2.90551","2.77256","3.09646","7.71944","0","0","0","0","0","0","0","0"
"1.06692","0.125011","0.203462","0.00710874","0.177726","0.230203","0.294239","1.72811e-15","2.87337","2.78594","3.07874","7.41553","0","0","0","0","0","0","0","0"
"1.07022","0.125011","0.201724","0.00710694","0.176556","0.22706","0.293672","1.70409e-15","2.8893","2.80504","3.06428","7.18074","0","0","0","0","0","0","0","0"
"1.07358","0.125011","0.201724","0.0071054","0.175517","0.225306","0.299473","1.71376e-15","2.89053","2.79265","3.11442","7.20151","0","0","0","0","0","0","0","0"
"1.07698","0.125011","0.201724","0.00710361","0.174297","0.22505","0.310991","1.70631e-15","2.91791","2.80163","2.88915","7.00561","0","0","0","0","0","0","0","0"
"1.08035","0.125011","0.201724","0.00710207","0.177113","0.225954","0.311462","1.71149e-15","2.87374","2.89583","3.11297","7.28652","0","0","0","0","0","0","0","0"
"1.08385","0.125011","0.201724","0.00709927","0.177563","0.229912","0.309492","1.71216e-15","2.81608","2.93215","3.07429","7.01883","0","0","0","0","0","0","0","0"
"1.08712","0.125011","0.20008","0.00709574","0.17731","0.229467","0.302779","1.71413e-15","2.7945","2.9254","3.13306","7.06828","0","0","0","0","0","0","0","0"
"1.09052","0.125011","0.20008","0.00709162","0.181633","0.233526","0.308518","1.72601e-15","2.90626","2.90658","3.09423","6.79235","0","0","0","0","0","0","0","0"
"1.09388","0.125011","0.20008","0.00708809","0.181792","0.23323","0.317942","1.71448e-15","2.85646","2.86092","3.17887","6.72007","0","0","0","0","0","0","0","0"
"1.0973","0.125011","0.20008","0.00708397","0.180765","0.232974","0.316165","1.74317e-15","2.83714","2.83435","3.14062","7.13495","0","0","0","0","0","0","0","0"
"1.10077","0.125011","0.20008","0.00708535","0.18014","0.233928","0.313728","1.71509e-15","2.82233","2.80527","3.11976","6.88104","0","0","0","0","0","0","0","0"
"1.10615","0.125011","0.198624","0.00709688","0.181788","0.235598","0.313361","1.73809e-15","2.80984","2.77686","3.18691","6.97323","0","0","0","0","0","0","0","0"
"1.10952","0.125011","0.198624","0.00710317","0.18309","0.236865","0.312889","1.7195e-15","2.87041","2.87296","3.19345","6.82842","0","0","0","0","0","0","0","0"
"1.11292","0.125011","0.198624","0.00711051","0.183183","0.234548","0.316908","1.7394e-15","2.84","2.88525","3.19702","7.18975","0","0","0","0","0","0","0","0"
"1.1187","0.125011","0.198624","0.00712654","0.184582","0.237722","0.307204","1.71648e-15","2.81616","2.94783","3.23713","7.01734","0","0","0","0","0","0","0","0"
"1.12225","0.125011","0.198477","0.00714165","0.183213","0.236254","0.301108","1.73569e-15","2.82462","2.91748","3.27892","7.09234","0","0","0","0","0","0","0","0"
"1.12563","0.125011","0.198477","0.00715676","0.182871","0.235254","0.295118","1.72336e-15","2.80862","2.9036","3.27431","6.95265","0","0","0","0","0","0","0","0"
"1.12903","0.125011","0.198477","0.00716971","0.184272","0.236652","0.301923","1.73374e-15","2.85428","2.84827","3.29054","7.14067","0","0","0","0","0","0","0","0"
"1.13333","0.125011","0.198477","0.00718437","0.184596","0.236511","0.299406","1.73972e-15","2.8319","2.85839","3.28181","7.05698","0","0","0","0","0","0","0","0"
"1.13657","0.125011","0.198879","0.00718119","0.182722","0.236104","0.301419","1.73351e-15","2.82767","2.87332","3.25381","7.203","0","0","0","0","0","0","0","0"
"1.13995","0.125011","0.198879","0.00717847","0.183801","0.23541","0.305977","1.74626e-15","2.84557","2.87968","3.18686","7.36717","0","0","0","0","0","0","0","0"
"1.14333","0.125011","0.198879","0.00717529","0.184446","0.237364","0.318289","1.73564e-15","2.82891","2.89411","3.21738","7.41804","0","0","0","0","0","0","0","0"
"1.14673","0.125011","0.198879","0.00717256","0.182522","0.235974","0.3175","1.75255e-15","2.84468","2.89161","3.1562","7.61587","0","0","0","0","0","0","0","0"
"1.15022","0.125011","0.198879","0.00716778","0.181621","0.233623","0.32499","1.73772e-15","2.81948","2.91066","3.11348","7.36133","0","0","0","0","0","0","0","0"
"1.1535","0.125011","0.19915","0.00716024","0.183567","0.235603","0.337588","1.75049e-15","2.81497","2.91352","3.24087","7.48296","0","0","0","0","0","0","0","0"
"1.15688","0.125011","0.19915","0.00715144","0.185837","0.237274","0.332007","1.7486e-15","2.85837","3.01729","3.24176","7.5297","0","0","0","0","0","0","0","0"
"1.16028","0.125011","0.19915","0.0071439","0.187836","0.239954","0.330358","1.7518e-15","2.95212","3.01094","3.23369","7.52213","0","0","0","0","0","0","0","0"
"1.16365","0.125011","0.19915","0.0071351","0.189343","0.239436","0.32739","1.76122e-15","2.9583","2.98393","3.19894","7.55869","0","0","0","0","0","0","0","0"
"1.16717","0.125011","0.19915","0.00712816","0.189785","0.239705","0.322803","1.74407e-15","2.9859","3.0168","3.22766","7.38942","0","0","0","0","0","0","0","0"
"1.17043","0.125011","0.199303","0.00712143","0.189525","0.239683","0.32454","1.75424e-15","2.98541","2.98527","3.3083","7.55376","0","0","0","0","0","0","0","0"
"1.17382","0.125011","0.199303","0.00711567","0.189605","0.238876","0.319551","1.754e-15","2.96372","2.97684","3.31876","7.4521","0","0","0","0","0","0","0","0"
"1.1772","0.125011","0.199303","0.00710895","0.191937","0.241147","0.31758","1.74997e-15","3.02577","2.93655","3.30048","7.55985","0","0","0","0","0","0","0","0"
"1.18058","0.125011","0.199303","0.00710319","0.190901","0.241103","0.313514","1.76577e-15","3.03042","2.8864","3.27976","7.66934","0","0","0","0","0","0","0","0"
"1.18407","0.125011","0.199303","0.00709886","0.190085","0.239597","0.315873","1.75306e-15","3.00693","2.88006","3.25848","7.51198","0","0","0","0","0","0","0","0"
"1.18968","0.250022","0.199716","0.00745899","0.189236","0.238663","0.31256","1.77114e-15","2.98757","2.90377","3.23313","7.53132","0","0","0","0","0","0","0","0"
"1.19308","0.250022","0.199716","0.00793433","0.189172","0.238362","0.312749","1.76138e-15","2.9891","2.89155","3.20692","7.49167","0","0","0","0","0","0","0","0"
"1.19643","0.250022","0.199716","0.00904383","0.190803","0.240648","0.31898","1.76852e-15","2.94156","2.86931","3.09733","7.59934","0","0","0","0","0","0","0","0"
"1.20215","0.250022","0.199716","0.0121905","0.196884","0.242925","0.327838","1.76115e-15","2.90281","2.91048","3.09014","7.47052","0","0","0","0","0","0","0","0"
"1.20572","0.250022","0.202124","0.0126974","0.210836","0.256965","0.378018","1.7995e-15","3.29362","2.846","3.08807","7.90757","0","0","0","0","0","0","0","0"
"1.20937","0.250022","0.202124","0.0132507","0.234552","0.275902","0.408794","1.74935e-15","3.30047","2.81756","2.92454","7.49421","0","0","0","0","0","0","0","0"
"1.21272","0.250022","0.202124","0.0136934","0.242195","0.284534","0.49256","1.75877e-15","3.14933","2.97386","3.83934","7.87241","0","0","0","0","0","0","0","0"
"1.21668","0.250022","0.202124","0.0141102","0.248097","0.288268","0.502502","1.75469e-15","3.32092","3.21751","3.50011","7.86971","0","0","0","0","0","0","0","0"
"1.22008","0.250022","0.203094","0.0141411","0.246761","0.284625","0.510343","1.74639e-15","3.34926","3.21999","3.37461","7.99326","0","0","0","0","0","0","0","0"
"1.22343","0.250022","0.203094","0.0141868","0.251995","0.296068","0.509134","1.78021e-15","3.3709","3.09577","3.27124","8.09792","0","0","0","0","0","0","0","0"
"1.22697","0.250022","0.203094","0.0142276","0.255195","0.299716","0.515797","1.75043e-15","3.38747","3.08573","3.38443","7.7611","0","0","0","0","0","0","0","0"
"1.23033","0.250022","0.203094","0.0142752","0.259187","0.301928","0.519844","1.77938e-15","3.31606","3.09034","3.3755","8.06415","0","0","0","0","0","0","0","0"
"1.23383","0.250022","0.203094","0.014302","0.259157","0.303244","0.533108","1.75968e-15","3.15644","3.08266","3.11394","7.63142","0","0","0","0","0","0","0","0"
"1.2371","0.250022","0.210516","0.0143007","0.26069","0.306769","0.540434","1.76487e-15","3.08272","3.06306","2.90697","7.74019","0","0","0","0","0","0","0","0"
"1.2405","0.250022","0.210516","0.0142995","0.263127","0.306863","0.564361","1.77258e-15","3.03358","2.96854","2.8161","7.51287","0","0","0","0","0","0","0","0"
"1.24387","0.250022","0.210516","0.0142982","0.268094","0.310086","0.556285","1.74332e-15","2.9907","2.92263","3.01057","7.56694","0","0","0","0","0","0","0","0"
"1.24725","0.250022","0.210516","0.0142971","0.266981","0.311055","0.554195","1.77571e-15","3.02158","2.96356","2.9534","7.73343","0","0","0","0","0","0","0","0"
"1.25075","0.250022","0.210516","0.0143101","0.275237","0.313981","0.556472","1.72505e-15","2.94039","2.94078","3.0842","7.53179","0","0","0","0","0","0","0","0"
"1.25403","0.250022","0.222273","0.0143416","0.27157","0.311662","0.555426","1.74719e-15","2.9541","2.93298","3.0239","8.05349","0","0","0","0","0","0","0","0"
"1.25742","0.250022","0.222273","0.0143792","0.270499","0.308622","0.555395","1.75381e-15","2.90045","2.92714","2.94139","7.94452","0","0","0","0","0","0","0","0"
"1.2608","0.250022","0.222273","0.0144114","0.27799","0.31559","0.549949","1.72468e-15","2.89947","2.92093","2.94502","7.67213","0","0","0","0","0","0","0","0"
"1.26418","0.250022","0.222273","0.0144491","0.27795","0.317496","0.562511","1.74638e-15","2.90197","2.93529","3.05293","7.9436","0","0","0","0","0","0","0","0"
"1.2677","0.250022","0.222273","0.0144792","0.279538","0.316898","0.55471","1.74085e-15","2.9475","2.99577","3.03686","7.70073","0","0","0","0","0","0","0","0"
"1.27095","0.250022","0.232925","0.0145155","0.279367","0.314589","0.574569","1.72347e-15","2.92121","3.01714","3.00467","7.77013","0","0","0","0","0","0","0","0"
"1.27433","0.250022","0.232925","0.0145468","0.276429","0.311798","0.617437","1.74499e-15","2.95396","3.02471","2.89246","7.80759","0","0","0","0","0","0","0","0"
"1.27773","0.250022","0.232925","0.0145833","0.274478","0.310929","0.601588","1.72648e-15","2.94806","3.02857","2.91575","7.60551","0","0","0","0","0","0","0","0"
"1.28113","0.250022","0.232925","0.0146146","0.272719","0.309927","0.591579","1.74859e-15","2.94965","3.02839","2.90881","7.52763","0","0","0","0","0","0","0","0"
"1.28563","0.250022","0.232925","0.0146602","0.272623","0.309418","0.585913","1.71437e-15","2.96462","3.05219","2.8017","7.31035","0","0","0","0","0","0","0","0"
"1.28892","0.250022","0.242337","0.0146937","0.274476","0.310896","0.576668","1.7244e-15","2.97897","3.11621","2.85123","7.43259","0","0","0","0","0","0","0","0"
"1.2923","0.250022","0.242337","0.0147328","0.273794","0.311975","0.592256","1.7244e-15","2.96758","3.14004","2.80665","7.46557","0","0","0","0","0","0","0","0"
"1.29572","0.250022","0.242337","0.0147663","0.274492","0.311104","0.585377","1.72015e-15","2.89542","3.08618","2.79611","7.58896","0","0","0","0","0","0","0","0"
"1.30003","0.250022","0.242337","0.0148143","0.280454","0.316713","0.593743","1.73068e-15","2.91714","3.0282","2.79922","7.68016","0","0","0","0","0","0","0","0"
"1.30325","0.250022","0.249287","0.0148408","0.276932","0.314466","0.592398","1.71982e-15","2.92245","3.0225","2.79282","7.81425","0","0","0","0","0","0","0","0"
"1.3066","0.250022","0.249287","0.0148674","0.279178","0.314434","0.589946","1.74103e-15","2.91334","3.01218","2.83389","7.92699","0","0","0","0","0","0","0","0"
"1.31018","0.250022","0.249287","0.0148984","0.277352","0.313693","0.569602","1.72071e-15","2.94089","3.02398","2.90539","7.81519","0","0","0","0","0","0","0","0"
"1.31357","0.250022","0.249287","0.0149293","0.276355","0.312013","0.54962","1.74715e-15","2.95438","3.0366","2.98432","8.00553","0","0","0","0","0","0","0","0"
"1.31705","0.250022","0.249287","0.0149565","0.27677","0.314468","0.546262","1.74216e-15","2.95077","2.99177","2.91062","7.89188","0","0","0","0","0","0","0","0"
"1.32033","0.250022","0.254571","0.0149956","0.276662","0.314958","0.541274","1.74718e-15","2.93769","2.95122","2.9171","7.99575","0","0","0","0","0","0","0","0"
"1.32372","0.250022","0.254571","0.0150398","0.275091","0.313375","0.544353","1.75217e-15","2.96287","2.96095","2.80411","7.98448","0","0","0","0","0","0","0","0"
"1.3271","0.250022","0.254571","0.0151134","0.273197","0.312372","0.549334","1.73099e-15","2.93807","2.96051","2.74764","7.77194","0","0","0","0","0","0","0","0"
"1.33048","0.250022","0.254571","0.0151825","0.277128","0.314321","0.574178","1.75071e-15","2.98574","2.90998","2.7698","7.94639","0","0","0","0","0","0","0","0"
"1.33398","0.250022","0.254571","0.0152434","0.279779","0.317905","0.573507","1.73365e-15","3.03694","3.00818","2.69354","7.75485","0","0","0","0","0","0","0","0"
"1.33727","0.250022","0.2598","0.0152745","0.277362","0.316547","0.574103","1.73979e-15","3.02614","2.97514","2.6446","7.79737","0","0","0","0","0","0","0","0"
"1.34065","0.250022","0.2598","0.0153108","0.280106","0.321224","0.601762","1.73907e-15","3.09664","2.95095","2.51672","7.80758","0","0","0","0","0","0","0","0"
"1.34403","0.250022","0.2598","0.015342","0.279498","0.31866","0.591062","1.73286e-15","3.07715","2.92143","2.53411","7.93372","0","0","0","0","0","0","0","0"
"1.34742","0.250022","0.2598","0.0153783","0.281951","0.320807","0.576035","1.75902e-15","3.05037","2.85265","2.62511","7.98544","0","0","0","0","0","0","0","0"
"1.3509","0.250022","0.2598","0.0153987","0.27964","0.319803","0.586934","1.73626e-15","3.08572","2.86799","2.60451","7.66072","0","0","0","0","0","0","0","0"
"1.35418","0.250022","0.263811","0.0154099","0.278943","0.317384","0.566503","1.75554e-15","3.02826","2.84497","2.70091","7.83002","0","0","0","0","0","0","0","0"
"1.35757","0.250022","0.263811","0.0154196","0.280594","0.318678","0.562736","1.73942e-15","3.03765","2.84899","2.75159","7.66724","0","0","0","0","0","0","0","0"
"1.36095","0.250022","0.263811","0.0154308","0.278581","0.315784","0.539656","1.75895e-15","2.98346","2.91745","2.88208","7.83179","0","0","0","0","0","0","0","0"
"1.36435","0.250022","0.263811","0.0154405","0.276243","0.314112","0.53088","1.74931e-15","2.97374","2.89137","2.87712","7.61138","0","0","0","0","0","0","0","0"
"1.36887","0.250022","0.263811","0.0154703","0.272621","0.310418","0.54648","1.74738e-15","2.94146","2.98483","2.76136","7.6973","0","0","0","0","0","0","0","0"
"1.37215","0.250022","0.267911","0.0154954","0.271665","0.312337","0.53294","1.73587e-15","2.99102","3.02203","2.83339","7.48073","0","0","0","0","0","0","0","0"
"1.37553","0.250022","0.267911","0.0155246","0.271918","0.312916","0.524578","1.75521e-15","3.01361","2.99575","2.83356","7.82992","0","0","0","0","0","0","0","0"
"1.37893","0.250022","0.267911","0.0155497","0.273393","0.311925","0.518115","1.74336e-15","3.0205","2.99051","2.81809","7.72732","0","0","0","0","0","0","0","0"
"1.38335","0.250022","0.267911","0.0155785","0.275478","0.316551","0.531197","1.75496e-15","3.04625","2.92337","2.72409","7.5579","0","0","0","0","0","0","0","0"
"1.38673","0.250022","0.270416","0.0155772","0.283751","0.321893","0.540617","1.73646e-15","3.0418","2.90286","2.73205","7.36083","0","0","0","0","0","0","0","0"
"1.39012","0.250022","0.270416","0.0155757","0.282986","0.318518","0.557811","1.7448e-15","3.03","2.93492","2.74031","7.51155","0","0","0","0","0","0","0","0"
"1.39352","0.250022","0.270416","0.0155744","0.283851","0.319705","0.560518","1.75437e-15","2.99582","2.9316","2.68863","7.58982","0","0","0","0","0","0","0","0"
"1.3969","0.250022","0.270416","0.0155729","0.283523","0.318204","0.551927","1.74035e-15","2.95671","2.90319","2.70996","7.5855","0","0","0","0","0","0","0","0"
"1.40038","0.250022","0.270416","0.0155697","0.281775","0.313756","0.547813","1.76472e-15","2.94767","2.92413","2.71336","7.55516","0","0","0","0","0","0","0","0"
"1.40367","0.250022","0.271969","0.0155615","0.282766","0.312558","0.593448","1.74216e-15","2.94878","2.88337","2.99168","7.42921","0","0","0","0","0","0","0","0"
"1.40705","0.250022","0.271969","0.0155544","0.286688","0.313924","0.581567","1.76318e-15","2.97901","2.87799","3.01211","7.63664","0","0","0","0","0","0","0","0"
"1.41043","0.250022","0.271969","0.0155462","0.288079","0.316054","0.593589","1.75212e-15","3.06194","2.96696","2.97609","7.4399","0","0","0","0","0","0","0","0"
"1.41382","0.250022","0.271969","0.0155392","0.284794","0.309829","0.59737","1.76013e-15","3.07878","2.99206","2.89265","7.5118","0","0","0","0","0","0","0","0"
"1.4173","0.250022","0.271969","0.0155318","0.280547","0.306769","0.604627","1.76977e-15","3.10888","3.0363","2.99292","7.40496","0","0","0","0","0","0","0","0"
"1.4206","0.250022","0.275381","0.0155266","0.279005","0.305465","0.607432","1.7658e-15","3.09927","3.03775","2.8839","7.22135","0","0","0","0","0","0","0","0"
"1.42398","0.250022","0.275381","0.0155205","0.281763","0.310491","0.62142","1.75692e-15","3.10723","3.00551","2.93892","7.14099","0","0","0","0","0","0","0","0"
"1.42737","0.250022","0.275381","0.0155152","0.280754","0.307824","0.611404","1.77221e-15","3.12328","2.99509","2.91818","7.47959","0","0","0","0","0","0","0","0"
"1.43075","0.250022","0.275381","0.0155091","0.279082","0.305199","0.59935","1.78531e-15","3.1354","2.96213","2.92853","7.85092","0","0","0","0","0","0","0","0"
"1.43423","0.250022","0.275381","0.0155108","0.277507","0.302299","0.587021","1.75968e-15","3.11698","2.96647","2.92602","7.64169","0","0","0","0","0","0","0","0"
"1.43973","0.250022","0.276969","0.0155267","0.281628","0.308758","0.59429","1.75727e-15","3.13346","2.95578","2.8872","7.56517","0","0","0","0","0","0","0","0"
"1.44298","0.250022","0.276969","0.0155354","0.279295","0.308233","0.571841","1.77711e-15","3.1159","2.91665","3.00948","7.79966","0","0","0","0","0","0","0","0"
"1.44637","0.250022","0.276969","0.0155455","0.281461","0.310268","0.59568","1.77332e-15","3.07938","2.86554","3.11471","7.61851","0","0","0","0","0","0","0","0"
"1.45217","0.250022","0.276969","0.0155722","0.282958","0.316937","0.629249","1.74987e-15","3.03538","2.97782","3.02161","7.34952","0","0","0","0","0","0","0","0"
"1.45568","0.250022","0.276817","0.0155948","0.280912","0.322074","0.621256","1.77666e-15","3.03621","3.0127","3.03127","7.5259","0","0","0","0","0","0","0","0"
"1.45908","0.250022","0.276817","0.0156142","0.27985","0.322235","0.601678","1.76807e-15","3.0527","2.95548","3.1315","7.35022","0","0","0","0","0","0","0","0"
"1.46245","0.250022","0.276817","0.0156368","0.287131","0.33145","0.600257","1.75732e-15","3.05597","3.09348","3.02715","7.4146","0","0","0","0","0","0","0","0"
"1.46665","0.250022","0.276817","0.0156574","0.290491","0.337252","0.601565","1.77079e-15","3.01509","3.10617","2.97547","7.3702","0","0","0","0","0","0","0","0"
"1.47003","0.250022","0.277115","0.0156656","0.289791","0.340428","0.638668","1.75574e-15","2.98043","3.10293","2.91559","7.14086","0","0","0","0","0","0","0","0"
"1.47342","0.250022","0.277115","0.0156738","0.288224","0.341775","0.626443","1.76175e-15","2.99486","3.09467","2.97405","6.96449","0","0","0","0","0","0","0","0"
"1.4768","0.250022","0.277115","0.0156808","0.290209","0.349633","0.621394","1.76978e-15","3.08229","3.0482","2.93472","6.91404","0","0","0","0","0","0","0","0"
"1.48018","0.250022","0.277115","0.0156889","0.289997","0.355955","0.625398","1.75596e-15","3.0858","2.99259","2.90481","6.82393","0","0","0","0","0","0","0","0"
"1.48367","0.250022","0.277115","0.0156927","0.288558","0.35998","0.620622","1.75751e-15","3.08592","2.99612","2.87399","6.87238","0","0","0","0","0","0","0","0"
"1.48695","0.250022","0.279558","0.0156896","0.289392","0.367731","0.632429","1.74978e-15","3.07816","2.95523","2.8505","6.90033","0","0","0","0","0","0","0","0"
"1.49035","0.250022","0.279558","0.0156869","0.291481","0.375053","0.655726","1.75156e-15","3.07061","2.98635","2.96139","7.05542","0","0","0","0","0","0","0","0"
"1.49373","0.250022","0.279558","0.0156838","0.290368","0.379184","0.657795","1.7643e-15","3.08551","3.00089","2.90782","7.11685","0","0","0","0","0","0","0","0"
"1.49712","0.250022","0.279558","0.0156811","0.292405","0.386784","1.00486","1.76203e-15","3.08174","3.05093","8.25415","7.10573","0","0","0","0","0","0","0","0"
"1.5006","0.250022","0.279558","0.0156774","0.294691","0.39662","1.44077","1.76792e-15","3.13041","3.02068","6.43521","7.11079","0","0","0","0","0","0","0","0"
"1.50388","0.250022","0.284016","0.0156736","0.293258","0.397117","1.94211","1.75951e-15","3.11705","2.99644","4.98588","7.03229","0","0","0","0","0","0","0","0"
"1.50743","0.250022","0.284016","0.0156692","0.293943","0.402448","2.56933","1.76848e-15","3.05805","2.91598","4.24799","7.27663","0","0","0","0","0","0","0","0"
"1.51065","0.250022","0.284016","0.0156653","0.295859","0.401165","2.87418","1.77145e-15","3.06625","2.90364","3.50709","7.35312","0","0","0","0","0","0","0","0"
"1.51403","0.250022","0.284016","0.0156609","0.298198","0.402386","2.89509","1.76115e-15","3.05614","2.88252","3.26936","7.2965","0","0","0","0","0","0","0","0"
"1.51753","0.250022","0.284016","0.0156471","0.30111","0.403866","2.80156","1.75701e-15","3.09072","2.87377","3.43279","7.30219","0","0","0","0","0","0","0","0"
"1.52082","0.250022","0.28997","0.0156195","0.299094","0.402416","2.68267","1.75124e-15","3.07345","2.83617","3.72716","7.2328","0","0","0","0","0","0","0","0"
"1.5242","0.250022","0.28997","0.0155959","0.299589","0.406032","2.59841","1.75191e-15","3.05551","2.81906","3.9207","7.37595","0","0","0","0","0","0","0","0"
"1.52758","0.250022","0.28997","0.0155683","0.299353","0.405013","2.52527","1.76043e-15","3.01872","2.82553","4.0328","7.42406","0","0","0","0","0","0","0","0"
"1.53097","0.250022","0.28997","0.0155446","0.299194","0.406657","2.47696","1.74896e-15","2.99528","2.83867","4.05599","7.3088","0","0","0","0","0","0","0","0"
"1.5355","0.250022","0.28997","0.0153485","0.298262","0.40355","2.42202","1.75547e-15","2.98268","2.81981","4.01455","7.32755","0","0","0","0","0","0","0","0"
"1.53878","0.250022","0.295586","0.0151642","0.296852","0.403129","2.38976","1.75245e-15","2.97155","2.81735","3.97665","7.2675","0","0","0","0","0","0","0","0"
"1.54217","0.250022","0.295586","0.0149491","0.298166","0.402453","2.35056","1.75372e-15","2.9715","2.79864","3.95266","7.31311","0","0","0","0","0","0","0","0"
"1.54557","0.250022","0.295586","0.0147648","0.297725","0.403199","2.31779","1.7613e-15","2.98918","2.84578","3.93513","7.31296","0","0","0","0","0","0","0","0"
"1.55002","0.250022","0.295586","0.0144787","0.297743","0.403001","2.25967","1.75168e-15","2.98921","2.83017","3.96042","7.3359","0","0","0","0","0","0","0","0"
"1.55337","0.250022","0.299373","0.0142655","0.295924","0.401449","2.22056","1.74957e-15","2.98591","2.82228","3.9938","7.25946","0","0","0","0","0","0","0","0"
"1.55675","0.250022","0.299373","0.0140168","0.295974","0.399572","2.16759","1.75248e-15","2.99","2.8597","4.0873","7.47679","0","0","0","0","0","0","0","0"
"1.56013","0.250022","0.299373","0.0138036","0.294753","0.400656","2.11758","1.75559e-15","2.97983","2.8671","4.20511","7.48581","0","0","0","0","0","0","0","0"
"1.56352","0.250022","0.299373","0.013555","0.292065","0.396255","2.06328","1.75355e-15","2.98872","2.89284","4.33257","7.48844","0","0","0","0","0","0","0","0"
"1.56702","0.250022","0.299373","0.0133592","0.290027","0.395858","2.01865","1.76218e-15","2.98934","2.90831","4.43924","7.6151","0","0","0","0","0","0","0","0"
"1.57028","0.250022","0.301845","0.0131716","0.287768","0.393726","1.96735","1.75443e-15","2.99602","2.91656","4.58771","7.61326","0","0","0","0","0","0","0","0"
"1.57368","0.250022","0.301845","0.0130107","0.28499","0.391034","1.9191","1.76431e-15","3.01565","2.91829","4.76549","7.64363","0","0","0","0","0","0","0","0"
"1.57707","0.250022","0.301845","0.0128231","0.284034","0.390726","1.86106","1.76007e-15","3.01449","2.91621","5.01321","7.56848","0","0","0","0","0","0","0","0"
"1.58045","0.250022","0.301845","0.0126623","0.283566","0.391231","1.81395","1.76993e-15","3.01053","2.91098","5.22254","7.70008","0","0","0","0","0","0","0","0"
"1.58393","0.250022","0.301845","0.012511","0.28364","0.39132","1.75993","1.75595e-15","3.01533","2.90631","5.48354","7.57846","0","0","0","0","0","0","0","0"
"1.58722","0.250022","0.303106","0.0124228","0.282687","0.390972","1.71607","1.76289e-15","3.02301","2.92438","5.72325","7.68035","0","0","0","0","0","0","0","0"
"1.5906","0.250022","0.303106","0.01232","0.281403","0.391292","1.66553","1.75705e-15","3.02433","2.90681","6.02604","7.58468","0","0","0","0","0","0","0","0"
"1.59398","0.250022","0.303106","0.0122319","0.281948","0.389946","1.62827","1.7587e-15","3.01183","2.90104","6.22927","7.59906","0","0","0","0","0","0","0","0"
"1.59737","0.250022","0.303106","0.0121291","0.283038","0.389978","1.58588","1.75758e-15","3.03932","2.9126","6.47337","7.53073","0","0","0","0","0","0","0","0"
"1.60085","0.250022","0.303106","0.0120742","0.2828","0.391292","1.5456","1.74824e-15","3.03447","2.87935","6.76832","7.52138","0","0","0","0","0","0","0","0"
"1.60622","0.500044","0.303143","0.0139921","0.2851","0.394793","1.50414","1.74201e-15","3.02084","2.85686","6.96637","7.45027","0","0","0","0","0","0","0","0"
"1.6096","0.500044","0.303143","0.0167315","0.286256","0.395094","1.53743","1.74929e-15","3.01826","2.85095","6.26395","7.52285","0","0","0","0","0","0","0","0"
"1.613","0.500044","0.303143","0.020936","0.288287","0.398143","1.5294","1.7432e-15","2.99276","2.85079","6.08458","7.50867","0","0","0","0","0","0","0","0"
"1.61878","0.500044","0.303143","0.0239804","0.312485","0.415437","1.41914","1.75027e-15","3.10748","2.85097","6.71312","7.59032","0","0","0","0","0","0","0","0"
"1.62207","0.500044","0.303192","0.0240216","0.353619","0.451795","1.3625","1.71838e-15","3.25606","2.97228","6.19457","7.2946","0","0","0","0","0","0","0","0"
"1.62545","0.500044","0.303192","0.0240696","0.376793","0.468908","1.22749","1.76539e-15","3.24883","3.16617","6.79706","7.78569","0","0","0","0","0","0","0","0"
"1.62885","0.500044","0.303192","0.0241108","0.38562","0.48114","1.18296","1.76982e-15","3.03929","3.02897","6.23157","7.27268","0","0","0","0","0","0","0","0"
"1.63342","0.500044","0.303192","0.0243468","0.386494","0.466268","1.10426","1.72462e-15","2.915","2.97741","5.72462","7.30362","0","0","0","0","0","0","0","0"
"1.63665","0.500044","0.310809","0.0249106","0.400633","0.474918","1.0558","1.72105e-15","2.9854","2.99539","5.40871","7.33808","0","0","0","0","0","0","0","0"
"1.64003","0.500044","0.310809","0.0255683","0.431141","0.499994","1.11706","1.69481e-15","3.30308","3.26951","4.51247","7.22864","0","0","0","0","0","0","0","0"
"1.64342","0.500044","0.310809","0.0261321","0.457439","0.529836","1.13198","1.76674e-15","3.38728","3.17552","4.08019","7.7338","0","0","0","0","0","0","0","0"
"1.64682","0.500044","0.310809","0.0267898","0.459752","0.526222","1.08702","1.72964e-15","3.35499","3.15438","3.91845","7.13496","0","0","0","0","0","0","0","0"
"1.65032","0.500044","0.310809","0.0272112","0.473621","0.533688","1.07566","1.70991e-15","3.24767","3.23335","3.69491","6.92592","0","0","0","0","0","0","0","0"
"1.65358","0.500044","0.342947","0.0272948","0.475175","0.539211","1.12344","1.753e-15","3.35009","3.20449","3.11938","6.90821","0","0","0","0","0","0","0","0"
"1.65697","0.500044","0.342947","0.0273753","0.476169","0.549458","1.03644","1.72198e-15","3.19692","3.13251","3.38272","6.60252","0","0","0","0","0","0","0","0"
"1.66035","0.500044","0.342947","0.0275154","0.471824","0.540925","1.02781","1.75828e-15","3.15251","3.01212","3.31642","7.49399","0","0","0","0","0","0","0","0"
"1.66373","0.500044","0.342947","0.0277489","0.486115","0.554272","0.991336","1.77515e-15","3.00494","3.02807","3.20626","7.56936","0","0","0","0","0","0","0","0"
"1.66727","0.500044","0.342947","0.0283585","0.506709","0.574273","0.962697","1.71082e-15","2.90916","2.95847","3.05482","7.10215","0","0","0","0","0","0","0","0"
"1.67077","0.500044","0.384131","0.0284354","0.523805","0.599227","0.97225","1.75498e-15","3.08417","3.16374","3.02856","7.48931","0","0","0","0","0","0","0","0"
"1.67415","0.500044","0.384131","0.0285237","0.549562","0.62116","1.04055","1.74583e-15","3.47137","3.37807","3.03765","6.81815","0","0","0","0","0","0","0","0"
"1.67753","0.500044","0.384131","0.0286814","0.546628","0.6175","1.07732","1.76023e-15","3.29804","3.32109","2.97906","7.15327","0","0","0","0","0","0","0","0"
"1.68093","0.500044","0.384131","0.0289681","0.54251","0.614586","1.03481","1.77057e-15","3.39189","3.42815","3.11273","7.30433","0","0","0","0","0","0","0","0"
"1.68442","0.500044","0.384131","0.0295409","0.528649","0.600158","0.969843","1.72056e-15","3.37419","3.42893","3.25771","7.03734","0","0","0","0","0","0","0","0"
"1.6877","0.500044","0.417275","0.0296108","0.514368","0.589579","0.99301","1.74303e-15","3.31817","3.36631","3.01166","7.28434","0","0","0","0","0","0","0","0"
"1.69108","0.500044","0.417275","0.0297213","0.512044","0.588302","1.03998","1.72132e-15","3.25192","3.38276","2.95759","7.48988","0","0","0","0","0","0","0","0"
"1.69447","0.500044","0.417275","0.029867","0.520991","0.595401","1.07437","1.74435e-15","3.20869","3.27294","2.75579","7.76211","0","0","0","0","0","0","0","0"
"1.69785","0.500044","0.417275","0.0302661","0.523433","0.598145","1.11635","1.71515e-15","3.18803","3.11613","2.84662","7.46492","0","0","0","0","0","0","0","0"
"1.70212","0.500044","0.417275","0.0307844","0.533866","0.595222","1.07274","1.71383e-15","3.20233","3.0894","2.90692","7.84037","0","0","0","0","0","0","0","0"
"1.7054","0.500044","0.448147","0.0308635","0.527687","0.589543","1.09842","1.69651e-15","3.19912","3.02774","2.74952","7.47495","0","0","0","0","0","0","0","0"
"1.70878","0.500044","0.448147","0.0309926","0.532805","0.598255","1.08439","1.72522e-15","3.19902","3.11684","2.84736","7.62079","0","0","0","0","0","0","0","0"
"1.71218","0.500044","0.448147","0.0311751","0.540637","0.605091","1.05176","1.74199e-15","3.05925","3.03689","2.87388","7.63621","0","0","0","0","0","0","0","0"
"1.71668","0.500044","0.448147","0.0320119","0.530321","0.592283","1.03182","1.71748e-15","3.0261","3.00897","3.04121","7.46074","0","0","0","0","0","0","0","0"
"1.71998","0.500044","0.467067","0.0320821","0.53152","0.596719","1.11417","1.73344e-15","3.01808","2.99619","3.08641","7.75064","0","0","0","0","0","0","0","0"
"1.72337","0.500044","0.467067","0.0321901","0.524412","0.587672","1.09154","1.70958e-15","2.96857","2.96875","3.0152","7.51576","0","0","0","0","0","0","0","0"
"1.72677","0.500044","0.467067","0.0323255","0.526432","0.591289","1.11162","1.72849e-15","2.935","2.88822","2.97684","7.98576","0","0","0","0","0","0","0","0"
"1.73013","0.500044","0.467067","0.0326294","0.536402","0.599832","1.14762","1.72973e-15","3.04086","3.04185","3.555","7.88745","0","0","0","0","0","0","0","0"
"1.73363","0.500044","0.467067","0.0333351","0.530275","0.596448","1.11216","1.72103e-15","3.05853","3.08251","3.63021","7.59257","0","0","0","0","0","0","0","0"
"1.73692","0.500044","0.479645","0.0334221","0.526587","0.590932","1.08777","1.75089e-15","3.03614","3.06361","3.64666","7.73948","0","0","0","0","0","0","0","0"
"1.7403","0.500044","0.479645","0.0335208","0.528615","0.594403","1.08371","1.73744e-15","3.01345","3.04867","3.56884","7.59588","0","0","0","0","0","0","0","0"
"1.74368","0.500044","0.479645","0.0336923","0.529075","0.593277","1.56841","1.76259e-15","3.05722","3.06626","11.0094","8.0203","0","0","0","0","0","0","0","0"
"1.74707","0.500044","0.479645","0.0339782","0.520962","0.584299","2.68077","1.75346e-15","3.0818","3.05703","5.75523","7.87655","0","0","0","0","0","0","0","0"
"1.75055","0.500044","0.479645","0.0347246","0.515725","0.580836","3.25646","1.74791e-15","3.07172","3.00505","4.03707","7.82409","0","0","0","0","0","0","0","0"
"1.75383","0.500044","0.489824","0.0348037","0.517361","0.584713","3.58111","1.73935e-15","3.04505","2.98853","3.22353","7.59187","0","0","0","0","0","0","0","0"
"1.75722","0.500044","0.489824","0.0349269","0.519205","0.593041","4.3031","1.76363e-15","2.98838","2.90643","3.03119","7.83263","0","0","0","0","0","0","0","0"
"1.7606","0.500044","0.489824","0.035085","0.513923","0.590306","8.21931","1.7587e-15","2.98293","2.95452","6.04147","7.81805","0","0","0","0","0","0","0","0"
"1.764","0.500044","0.489824","0.0354556","0.516957","0.592147","10.8647","1.76117e-15","2.92449","2.92964","3.63931","7.78556","0","0","0","0","0","0","0","0"
"1.76748","0.500044","0.489824","0.0357087","0.514127","0.586583","11.0061","1.7593e-15","2.91853","2.91748","3.21198","7.75055","0","0","0","0","0","0","0","0"
"1.77077","0.500044","0.49745","0.0357938","0.510616","0.583539","10.4522","1.74884e-15","2.92122","2.87281","3.40178","7.90354","0","0","0","0","0","0","0","0"
"1.77415","0.500044","0.49745","0.0358667","0.512895","0.581235","9.79836","1.77212e-15","2.91145","2.90571","3.85013","8.03242","0","0","0","0","0","0","0","0"
"1.77753","0.500044","0.49745","0.0359517","0.510093","0.579544","9.10034","1.75603e-15","2.90425","2.89485","4.42311","7.94474","0","0","0","0","0","0","0","0"
"1.78092","0.500044","0.49745","0.0360246","0.506662","0.58533","8.62961","1.77444e-15","2.91605","2.93757","4.78877","7.94192","0","0","0","0","0","0","0","0"
"1.78545","0.500044","0.49745","0.0360198","0.506344","0.585129","8.12313","1.75242e-15","2.91721","2.90837","5.02387","7.76827","0","0","0","0","0","0","0","0"
"1.78873","0.500044","0.502292","0.0359785","0.509475","0.582429","7.87863","1.7649e-15","2.95723","3.01229","5.00949","7.98444","0","0","0","0","0","0","0","0"
"1.79212","0.500044","0.502292","0.0359303","0.515764","0.583858","7.64666","1.75193e-15","2.87145","2.98786","4.89844","7.89424","0","0","0","0","0","0","0","0"
"1.79552","0.500044","0.502292","0.0358891","0.514895","0.582887","7.44988","1.75714e-15","2.8639","2.95227","4.80976","8.07253","0","0","0","0","0","0","0","0"
"1.8","0.500044","0.502292","0.0357949","0.513906","0.577413","7.14502","1.7449e-15","2.84027","2.99302","4.72335","7.89101","0","0","0","0","0","0","0","0"
"1.80332","0.500044","0.505612","0.035657","0.512538","0.573775","6.92542","1.75505e-15","2.8534","2.96875","4.72172","8.18765","0","0","0","0","0","0","0","0"
"1.8067","0.500044","0.505612","0.0354961","0.508762","0.569564","6.65869","1.74688e-15","2.87029","2.95974","4.77097","8.01668","0","0","0","0","0","0","0","0"
"1.81008","0.500044","0.505612","0.0353581","0.502455","0.567863","6.40682","1.75955e-15","2.85087","2.94659","4.89264","8.17798","0","0","0","0","0","0","0","0"
"1.81347","0.500044","0.505612","0.0351972","0.506006","0.567038","6.11808","1.76057e-15","2.85529","2.92874","5.06317","7.90599","0","0","0","0","0","0","0","0"
"1.81697","0.500044","0.505612","0.0350747","0.512267","0.581114","5.85968","1.76526e-15","3.00035","2.96319","5.28293","7.9071","0","0","0","0","0","0","0","0"
"1.82025","0.500044","0.50864","0.0349678","0.512459","0.575844","5.55907","1.75555e-15","3.00842","2.96258","5.5982","7.59787","0","0","0","0","0","0","0","0"
"1.82363","0.500044","0.50864","0.0348762","0.512027","0.573667","5.29764","1.76389e-15","2.97462","2.99289","5.94854","7.59253","0","0","0","0","0","0","0","0"
"1.82708","0.500044","0.50864","0.0347692","0.509132","0.568406","5.01105","1.75442e-15","3.00047","2.98441","6.37693","7.2966","0","0","0","0","0","0","0","0"
"1.8304","0.500044","0.50864","0.0346776","0.504398","0.571261","4.76339","1.75459e-15","3.04913","3.04793","6.84039","7.32772","0","0","0","0","0","0","0","0"
"1.83388","0.500044","0.50864","0.0346086","0.504944","0.565178","4.48245","1.75151e-15","2.99095","3.04539","7.4728","7.23557","0","0","0","0","0","0","0","0"
"1.83717","0.500044","0.510263","0.0345928","0.503308","0.565374","4.27327","1.74718e-15","2.96423","2.98468","7.9333","7.29612","0","0","0","0","0","0","0","0"
"1.84055","0.500044","0.510263","0.0345744","0.502283","0.563167","3.9961","1.75615e-15","2.98678","3.00917","8.87249","7.41323","0","0","0","0","0","0","0","0"
"1.84407","0.500044","0.510263","0.0345587","0.505386","0.568098","3.79698","1.74447e-15","2.98107","3.07756","9.53639","7.42641","0","0","0","0","0","0","0","0"
"1.84732","0.500044","0.510263","0.0345403","0.502826","0.567939","3.57598","1.76651e-15","2.98765","3.09213","10.3826","7.61528","0","0","0","0","0","0","0","0"
"1.85077","0.500044","0.510263","0.0345547","0.502618","0.568061","3.36194","1.74435e-15","3.07484","3.05938","11.6175","7.5407","0","0","0","0","0","0","0","0"
"1.85413","0.500044","0.511791","0.0346066","0.5059","0.571553","3.14895","1.76806e-15","2.98319","3.00073","12.9109","7.764","0","0","0","0","0","0","0","0"
"1.85748","0.500044","0.511791","0.0346511","0.502714","0.574042","3.02459","1.75157e-15","2.98369","3.0442","13.3226","7.54987","0","0","0","0","0","0","0","0"
"1.86083","0.500044","0.511791","0.0347031","0.499958","0.571879","2.82987","1.75248e-15","2.98498","3.09654","14.869","7.6904","0","0","0","0","0","0","0","0"
"1.8642","0.500044","0.511791","0.0347476","0.49884","0.574802","2.70848","1.75265e-15","2.96291","3.07666","15.533","7.50626","0","0","0","0","0","0","0","0"
"1.86875","0.500044","0.511791","0.0348409","0.494972","0.572575","2.52241","1.74325e-15","2.95047","3.05527","16.917","7.46639","0","0","0","0","0","0","0","0"
"1.87202","0.500044","0.511663","0.0349304","0.496877","0.569496","2.45967","1.73258e-15","2.94679","3.03388","16.4485","7.30119","0","0","0","0","0","0","0","0"
"1.87537","0.500044","0.511663","0.0350412","0.519112","0.587839","2.44842","1.75415e-15","3.15256","3.2103","14.9357","7.68556","0","0","0","0","0","0","0","0"
"1.8787","0.500044","0.511663","0.0351723","0.522559","0.585403","2.81979","1.73549e-15","3.09612","3.1522","8.65241","7.62811","0","0","0","0","0","0","0","0"
"1.88208","0.500044","0.511663","0.0352846","0.52019","0.58055","2.78527","1.75191e-15","3.07416","3.11671","8.08841","7.80048","0","0","0","0","0","0","0","0"
"1.88558","0.500044","0.511663","0.0353754","0.51926","0.586922","2.66633","1.73302e-15","3.09773","3.08357","8.30282","7.56086","0","0","0","0","0","0","0","0"
"1.88887","0.500044","0.512463","0.0354633","0.522597","0.587094","2.52408","1.7373e-15","3.11647","3.04502","9.04862","7.64829","0","0","0","0","0","0","0","0"
"1.89225","0.500044","0.512463","0.0355692","0.518468","0.585012","2.51309","1.75122e-15","3.10311","3.01347","8.17101","7.48774","0","0","0","0","0","0","0","0"
"1.89563","0.500044","0.512463","0.0356599","0.525183","0.590876","2.45535","1.74475e-15","3.07791","2.91551","7.99095","7.50685","0","0","0","0","0","0","0","0"
"1.90002","0.500044","0.512463","0.0357855","0.523936","0.590735","2.26807","1.75785e-15","3.06396","2.97267","8.99532","7.36997","0","0","0","0","0","0","0","0"
"1.90323","0.500044","0.514886","0.0358448","0.525023","0.595274","2.18669","1.7529e-15","3.02608","2.97431","9.16366","7.44455","0","0","0","0","0","0","0","0"
"1.90652","0.500044","0.514886","0.0359041","0.526341","0.59079","2.17167","1.77352e-15","3.00654","2.95872","8.48085","7.49019","0","0","0","0","0","0","0","0"
"1.90997","0.500044","0.514886","0.0359732","0.521755","0.59006","2.10938","1.75641e-15","3.01488","2.94922","8.36401","7.42153","0","0","0","0","0","0","0","0"
"1.91382","0.500044","0.514886","0.0360325","0.525335","0.594097","2.3418","1.77847e-15","3.03126","2.91885","6.17257","7.54152","0","0","0","0","0","0","0","0"
"1.91683","0.500044","0.514886","0.036099","0.525208","0.597218","2.43807","1.75573e-15","2.97315","2.87479","5.00129","7.29643","0","0","0","0","0","0","0","0"
"1.92193","0.500044","0.519369","0.0361842","0.520231","0.587076","2.35348","1.76683e-15","2.96441","2.87844","4.81849","7.22207","0","0","0","0","0","0","0","0"
"1.92532","0.500044","0.519369","0.0362353","0.518391","0.587452","2.3371","1.76002e-15","2.93","2.91822","4.66738","7.27877","0","0","0","0","0","0","0","0"
"1.92872","0.500044","0.519369","0.0362949","0.515025","0.586407","2.35557","1.76987e-15","2.89645","2.91892","4.30745","7.50596","0","0","0","0","0","0","0","0"
"1.93207","0.500044","0.519369","0.036346","0.521808","0.593874","2.28833","1.75928e-15","2.91425","2.84541","4.34019","7.49711","0","0","0","0","0","0","0","0"
"1.93572","0.500044","0.519369","0.0363857","0.5355","0.605317","2.2737","1.74064e-15","2.97915","2.89707","4.12445","7.39742","0","0","0","0","0","0","0","0"
"1.93898","0.500044","0.522682","0.0364221","0.537711","0.608856","2.20207","1.74664e-15","3.05477","3.0449","4.17889","7.67232","0","0","0","0","0","0","0","0"
"1.94238","0.500044","0.522682","0.0364533","0.534333","0.603653","2.68772","1.75339e-15","3.05092","3.00892","8.23364","7.65815","0","0","0","0","0","0","0","0"
"1.9459","0.500044","0.522682","0.0364897","0.529328","0.598135","3.81717","1.75039e-15","3.01595","3.00931","4.74468","7.73514","0","0","0","0","0","0","0","0"
"1.95212","0.500044","0.522682","0.0364881","0.525278","0.595855","3.72749","1.73572e-15","3.02228","3.00837","4.45298","7.79848","0","0","0","0","0","0","0","0"
"1.9554","0.500044","0.524382","0.0364554","0.526899","0.595614","3.56586","1.75464e-15","3.00957","2.9773","4.79537","7.86891","0","0","0","0","0","0","0","0"
"1.95878","0.500044","0.524382","0.0364172","0.528405","0.596107","3.75222","1.75413e-15","3.03966","2.93406","4.16467","7.97169","0","0","0","0","0","0","0","0"
"1.96217","0.500044","0.524382","0.0363845","0.529769","0.600402","3.75585","1.76562e-15","3.00734","2.94147","3.90185","8.06125","0","0","0","0","0","0","0","0"
"1.96667","0.500044","0.524382","0.0363347","0.528506","0.597956","3.52446","1.75559e-15","2.97543","2.91604","4.31519","7.79528","0","0","0","0","0","0","0","0"
"1.97013","0.500044","0.527239","0.0363","0.525291","0.59324","3.42183","1.74668e-15","2.97813","2.94931","4.44698","7.65711","0","0","0","0","0","0","0","0"
"1.97353","0.500044","0.527239","0.0362594","0.533119","0.597869","3.30279","1.76007e-15","2.9475","2.96534","4.62462","7.791","0","0","0","0","0","0","0","0"
"1.97692","0.500044","0.527239","0.0362247","0.529571","0.598683","3.17524","1.74881e-15","2.98939","3.01367","4.93467","7.5833","0","0","0","0","0","0","0","0"
"1.9803","0.500044","0.527239","0.0361842","0.528424","0.598073","3.05577","1.75823e-15","3.00154","3.0097","5.17502","7.64987","0","0","0","0","0","0","0","0"
"1.9838","0.500044","0.527239","0.0361558","0.523357","0.592539","3.01027","1.74223e-15","3.00156","2.99455","5.06521","7.476","0","0","0","0","0","0","0","0"
"1.99772","0.500044","0.527239","0.0360875","0.522634","0.587958","3.14318","1.75212e-15","2.98007","2.94807","3.58973","7.75645","0","0","0","0","0","0","0","0"
"2.00072","0.500044","0.52888","0.0360806","0.521747","0.586346","3.17404","1.75127e-15","2.99101","2.96253","3.32173","7.58439","0","0","0","0","0","0","0","0"
"2.00395","0.500044","0.530436","0.0360879","0.519537","0.585784","3.11641","1.75514e-15","2.97722","2.95747","3.34559","7.5943","0","0","0","0","0","0","0","0"
"2.00745","0.500044","0.530436","0.0360964","0.521929","0.587945","3.07555","1.75249e-15","2.98512","2.99687","3.31652","7.49118","0","0","0","0","0","0","0","0"
"2.01083","0.500044","0.530436","0.0361049","0.51671","0.581608","3.00795","1.76314e-15","2.98961","2.99376","3.35271","7.54215","0","0","0","0","0","0","0","0"
"2.01417","0.500044","0.530436","0.0361122","0.511286","0.576269","2.9569","1.75188e-15","3.00288","3.01603","3.36332","7.40338","0","0","0","0","0","0","0","0"
"2.01767","0.500044","0.530436","0.0361162","0.511712","0.577633","2.91233","1.76474e-15","2.98988","3.01597","3.36166","7.51638","0","0","0","0","0","0","0","0"
"2.02127","0.500044","0.530273","0.036117","0.512413","0.578134","2.82404","1.7571e-15","2.98172","2.9996","3.48094","7.38811","0","0","0","0","0","0","0","0"
"2.02465","0.500044","0.530273","0.0361176","0.510796","0.576659","3.21465","1.76423e-15","2.98034","2.9712","3.52929","7.38805","0","0","0","0","0","0","0","0"
"2.02803","0.500044","0.530273","0.0361183","0.508944","0.573978","3.32075","1.77006e-15","2.99492","3.00491","3.16507","7.4803","0","0","0","0","0","0","0","0"
"2.03147","0.500044","0.530273","0.0361189","0.505985","0.572298","3.25196","1.76787e-15","3.00757","2.99203","3.22721","7.39164","0","0","0","0","0","0","0","0"
"2.03542","0.500044","0.530273","0.0361118","0.508918","0.572087","3.12451","1.76313e-15","3.02308","3.046","3.45327","7.37228","0","0","0","0","0","0","0","0"
"2.0387","0.500044","0.529167","0.0361044","0.512506","0.578763","3.05257","1.75857e-15","3.03462","3.04788","3.5592","7.46513","0","0","0","0","0","0","0","0"
"2.04208","0.500044","0.529167","0.0360959","0.507175","0.572117","2.95071","1.75958e-15","3.04904","3.05604","3.77325","7.50601","0","0","0","0","0","0","0","0"
"2.04547","0.500044","0.529167","0.0360886","0.510911","0.577433","2.88368","1.76872e-15","3.10695","3.09348","3.88555","7.56316","0","0","0","0","0","0","0","0"
"2.05","0.500044","0.529167","0.0360776","0.507073","0.571841","3.28552","1.75805e-15","3.08145","3.08919","4.2753","7.58507","0","0","0","0","0","0","0","0"
"2.05335","0.500044","0.52764","0.0360701","0.507061","0.572114","3.69566","1.74996e-15","3.07581","3.05127","4.03228","7.54882","0","0","0","0","0","0","0","0"
"2.0567","0.500044","0.52764","0.0360614","0.509631","0.57462","4.06928","1.75767e-15","3.05811","3.06458","3.49101","7.64091","0","0","0","0","0","0","0","0"
"2.06007","0.500044","0.52764","0.036054","0.51039","0.575541","4.04361","1.75131e-15","3.09089","3.04853","3.4239","7.60301","0","0","0","0","0","0","0","0"
"2.06342","0.500044","0.52764","0.0360453","0.509672","0.574792","3.91679","1.75413e-15","3.11617","3.06818","3.61875","7.64371","0","0","0","0","0","0","0","0"
"2.067","0.500044","0.52764","0.0360405","0.515981","0.577187","3.85997","1.74628e-15","3.07721","3.04792","3.63987","7.60605","0","0","0","0","0","0","0","0"
"2.07023","0.500044","0.526973","0.0360414","0.51952","0.579039","3.79939","1.74103e-15","3.05513","3.04606","3.65479","7.55039","0","0","0","0","0","0","0","0"
"2.0736","0.500044","0.526973","0.0360421","0.515542","0.576322","3.77712","1.74428e-15","3.06575","3.03082","3.58263","7.596","0","0","0","0","0","0","0","0"
"2.07692","0.500044","0.526973","0.0360429","0.516371","0.578534","3.76516","1.74242e-15","3.06991","3.03388","3.48184","7.56255","0","0","0","0","0","0","0","0"
"2.08027","0.500044","0.526973","0.0360438","0.517974","0.5819","3.75965","1.74161e-15","3.03839","3.01114","3.34518","7.53768","0","0","0","0","0","0","0","0"
"2.08388","0.500044","0.526973","0.0360447","0.514652","0.578654","3.75444","1.74285e-15","3.05","3.00061","3.21704","7.44983","0","0","0","0","0","0","0","0"
"2.08718","0.500044","0.526838","0.0360456","0.516843","0.58003","3.75565","1.74212e-15","3.02633","3.02094","3.12718","7.46828","0","0","0","0","0","0","0","0"
"2.09053","0.500044","0.526838","0.0360466","0.517921","0.582435","3.73376","1.74217e-15","3.00774","3.00037","3.05734","7.42912","0","0","0","0","0","0","0","0"
"2.09388","0.500044","0.526838","0.0360475","0.517157","0.5811","3.7033","1.74752e-15","3.00063","3.00335","3.02734","7.55654","0","0","0","0","0","0","0","0"
"2.09745","0.500044","0.526838","0.0360486","0.518242","0.583463","3.66094","1.74003e-15","2.99126","2.96601","3.01169","7.56336","0","0","0","0","0","0","0","0"
"2.10097","0.500044","0.526838","0.036041","0.517752","0.584123","3.60738","1.73932e-15","3.01214","2.97643","3.04875","7.55513","0","0","0","0","0","0","0","0"
"2.10422","0.500044","0.527452","0.0360222","0.519804","0.586652","3.52134","1.74277e-15","2.99148","3.00858","3.16597","7.6814","0","0","0","0","0","0","0","0"
"2.1076","0.500044","0.527452","0.0360061","0.518632","0.586234","3.45039","1.73945e-15","2.98117","3.00677","3.26668","7.66855","0","0","0","0","0","0","0","0"
"2.11098","0.500044","0.527452","0.0359873","0.516768","0.581248","3.37443","1.74753e-15","2.99913","3.01784","3.3709","7.73977","0","0","0","0","0","0","0","0"
"2.11438","0.500044","0.527452","0.0359712","0.518368","0.585105","3.42301","1.74385e-15","2.97004","3.01855","3.90541","7.71654","0","0","0","0","0","0","0","0"
"2.1189","0.500044","0.527452","0.0359488","0.520887","0.586064","8.32764","1.74237e-15","2.97125","3.01827","13.3746","7.7582","0","0","0","0","0","0","0","0"
"2.12227","0.500044","0.527893","0.035932","0.5211","0.585902","10.1149","1.74599e-15","2.98781","3.01744","8.27762","7.8237","0","0","0","0","0","0","0","0"
"2.12565","0.500044","0.527893","0.0359176","0.519739","0.586011","10.6366","1.73987e-15","2.99758","3.01982","6.89002","7.77584","0","0","0","0","0","0","0","0"
"2.12905","0.500044","0.527893","0.0359008","0.51982","0.586675","10.8018","1.74433e-15","2.9776","2.99668","6.26942","7.74419","0","0","0","0","0","0","0","0"
"2.13332","0.500044","0.527893","0.0358841","0.515194","0.582896","10.5219","1.74009e-15","2.98527","2.99789","6.525","7.68919","0","0","0","0","0","0","0","0"
"2.14718","0.500044","0.527893","0.0358539","0.517448","0.590368","9.83646","1.73792e-15","2.98847","3.02672","7.00719","7.54583","0","0","0","0","0","0","0","0"
"2.15022","0.500044","0.528378","0.0358481","0.516353","0.590265","9.76841","1.7344e-15","2.97318","3.05086","6.89826","7.5248","0","0","0","0","0","0","0","0"
"2.15347","0.500044","0.528426","0.0358448","0.517095","0.591202","9.70812","1.73049e-15","2.95156","3.03098","6.78417","7.4329","0","0","0","0","0","0","0","0"
"2.15682","0.500044","0.528426","0.0358409","0.517226","0.589915","9.63331","1.73208e-15","2.97885","3.03175","6.67116","7.48013","0","0","0","0","0","0","0","0"
"2.16017","0.500044","0.528426","0.0358375","0.517164","0.589739","9.55899","1.73002e-15","2.97216","3.03863","6.60302","7.47474","0","0","0","0","0","0","0","0"
"2.16367","0.500044","0.528426","0.0358336","0.518613","0.59098","9.44991","1.73026e-15","2.96067","3.01547","6.5796","7.42425","0","0","0","0","0","0","0","0"
"2.16717","0.500044","0.528426","0.0358242","0.51778","0.591701","9.32331","1.72809e-15","2.95972","3.02367","6.60453","7.40836","0","0","0","0","0","0","0","0"
"2.17043","0.500044","0.528543","0.0358097","0.518172","0.59068","9.20946","1.7256e-15","2.96385","3.03501","6.6567","7.32591","0","0","0","0","0","0","0","0"
"2.17383","0.500044","0.528543","0.0357928","0.518651","0.593924","9.06114","1.73042e-15","2.96521","3.02596","6.76534","7.39398","0","0","0","0","0","0","0","0"
"2.1772","0.500044","0.528543","0.0357783","0.521936","0.595898","8.92519","1.7294e-15","2.94105","2.99967","6.89149","7.38384","0","0","0","0","0","0","0","0"
"2.1806","0.500044","0.528543","0.0357614","0.522744","0.597215","8.76283","1.72894e-15","2.93801","2.97555","7.0615","7.33461","0","0","0","0","0","0","0","0"
"2.18407","0.500044","0.528543","0.0357435","0.5231","0.59881","8.60976","1.72468e-15","2.93371","2.9535","7.26272","7.31021","0","0","0","0","0","0","0","0"
"2.18737","0.500044","0.528889","0.0357185","0.523678","0.598957","8.43869","1.72256e-15","2.92862","2.98549","7.50592","7.33905","0","0","0","0","0","0","0","0"
"2.19073","0.500044","0.528889","0.0356971","0.52724","0.601337","8.29951","1.72643e-15","2.91345","2.99714","7.70435","7.26442","0","0","0","0","0","0","0","0"
"2.19415","0.500044","0.528889","0.0356721","0.526158","0.602408","8.12873","1.72417e-15","2.91108","3.01563","7.9848","7.27688","0","0","0","0","0","0","0","0"
"2.19752","0.500044","0.528889","0.0356507","0.528515","0.603817","7.98839","1.7277e-15","2.91002","2.98864","8.22048","7.23591","0","0","0","0","0","0","0","0"
"2.20335","0.500044","0.528889","0.0356159","0.52996","0.607728","7.94069","1.72176e-15","2.89505","2.99633","7.99889","7.13102","0","0","0","0","0","0","0","0"
"2.20665","0.500044","0.529476","0.0355948","0.533016","0.612587","10.2577","1.72583e-15","2.9071","3.03337","7.55384","7.17167","0","0","0","0","0","0","0","0"
"2.21002","0.500044","0.529476","0.0355767","0.540943","0.620349","10.9823","1.72143e-15","3.05183","3.08674","6.26974","7.10933","0","0","0","0","0","0","0","0"
"2.21342","0.500044","0.529476","0.0355555","0.544476","0.62712","11.0539","1.72643e-15","3.10379","3.08201","5.92592","7.09295","0","0","0","0","0","0","0","0"
"2.21688","0.500044","0.529476","0.0355415","0.54725","0.631438","10.9133","1.72005e-15","3.09788","3.04726","6.01496","7.01144","0","0","0","0","0","0","0","0"
"2.22018","0.500044","0.530817","0.0355345","0.551075","0.637329","11.4937","1.72414e-15","3.08167","3.0302","5.31131","7.07723","0","0","0","0","0","0","0","0"
"2.22355","0.500044","0.530817","0.0355285","0.55367","0.639948","12.655","1.7192e-15","3.08656","3.01111","4.6848","7.03556","0","0","0","0","0","0","0","0"
"2.22695","0.500044","0.530817","0.0355216","0.55743","0.645392","12.9355","1.72732e-15","3.07595","2.98774","4.29939","7.11363","0","0","0","0","0","0","0","0"
"2.23033","0.500044","0.530817","0.0355156","0.561861","0.648566","12.8576","1.72229e-15","3.08922","2.9698","4.26751","7.14571","0","0","0","0","0","0","0","0"
"2.23383","0.500044","0.530817","0.035511","0.564061","0.655053","12.5986","1.72516e-15","3.0883","2.97313","4.43174","7.14901","0","0","0","0","0","0","0","0"
"2.2371","0.500044","0.533931","0.0355098","0.564161","0.655686","12.4167","1.72136e-15","3.08884","2.96334","4.53242","7.14457","0","0","0","0","0","0","0","0"
"2.24063","0.500044","0.533931","0.0355084","0.563481","0.656842","12.2944","1.72805e-15","3.08415","2.94869","4.5338","7.25962","0","0","0","0","0","0","0","0"
"2.24387","0.500044","0.533931","0.0355073","0.568731","0.662186","12.2561","1.72323e-15","3.09662","2.94283","4.45473","7.20185","0","0","0","0","0","0","0","0"
"2.24727","0.500044","0.533931","0.0355059","0.571333","0.66981","12.2468","1.72662e-15","3.09909","2.95471","4.32462","7.20606","0","0","0","0","0","0","0","0"
"2.25075","0.500044","0.533931","0.0354969","0.573179","0.673657","12.2454","1.7199e-15","3.12144","2.94651","4.20962","7.16424","0","0","0","0","0","0","0","0"
"2.25403","0.500044","0.539279","0.0354771","0.574865","0.676607","12.2112","1.71999e-15","3.11154","2.9397","4.12291","7.1747","0","0","0","0","0","0","0","0"
"2.25742","0.500044","0.539279","0.0354602","0.576383","0.67971","12.051","1.72197e-15","3.09908","2.92917","4.20083","7.24086","0","0","0","0","0","0","0","0"
"2.26082","0.500044","0.539279","0.0354405","0.576124","0.680812","11.8364","1.72021e-15","3.08833","2.91294","4.33517","7.2433","0","0","0","0","0","0","0","0"
"2.26418","0.500044","0.539279","0.0354236","0.57548","0.680679","11.6556","1.72231e-15","3.10169","2.89976","4.45381","7.29356","0","0","0","0","0","0","0","0"
"2.2677","0.500044","0.539279","0.0353864","0.576404","0.680509","11.4323","1.71761e-15","3.09216","2.89124","4.62202","7.24535","0","0","0","0","0","0","0","0"
"2.27095","0.500044","0.544017","0.0353432","0.576029","0.680918","11.257","1.72362e-15","3.08458","2.88364","4.75504","7.30788","0","0","0","0","0","0","0","0"
"2.27435","0.500044","0.544017","0.0352929","0.575162","0.681383","11.0483","1.71958e-15","3.07515","2.87324","4.92844","7.26655","0","0","0","0","0","0","0","0"
"2.27772","0.500044","0.544017","0.0352497","0.577825","0.6825","11.0269","1.724e-15","3.09063","2.88206","4.87019","7.29452","0","0","0","0","0","0","0","0"
"2.28112","0.500044","0.544017","0.0351994","0.579051","0.682719","11.1955","1.72365e-15","3.06505","2.87301","4.53968","7.25799","0","0","0","0","0","0","0","0"
"2.28668","0.500044","0.544017","0.0351326","0.577556","0.681651","11.0083","1.71973e-15","3.0625","2.8797","4.61111","7.16258","0","0","0","0","0","0","0","0"
"2.28998","0.500044","0.54835","0.0350868","0.577374","0.679634","10.8148","1.72711e-15","3.05373","2.8844","4.76704","7.20661","0","0","0","0","0","0","0","0"
"2.29335","0.500044","0.54835","0.0350475","0.575174","0.677212","10.6964","1.72277e-15","3.05356","2.88484","4.82695","7.16559","0","0","0","0","0","0","0","0"
"2.29675","0.500044","0.54835","0.0350017","0.572986","0.674373","10.623","1.72689e-15","3.05362","2.88884","4.79497","7.15009","0","0","0","0","0","0","0","0"
"2.30022","0.500044","0.54835","0.0349662","0.572393","0.673121","10.5959","1.72437e-15","3.0427","2.8901","4.71331","7.07807","0","0","0","0","0","0","0","0"
"2.30352","0.500044","0.550905","0.0349334","0.570851","0.672217","10.5842","1.72419e-15","3.04543","2.89763","4.59852","7.09202","0","0","0","0","0","0","0","0"
"2.30688","0.500044","0.550905","0.0349053","0.570715","0.671426","10.5735","1.72559e-15","3.03631","2.89432","4.50448","7.10676","0","0","0","0","0","0","0","0"
"2.31028","0.500044","0.550905","0.0348725","0.56917","0.669626","10.552","1.7288e-15","3.03037","2.89831","4.41001","7.07586","0","0","0","0","0","0","0","0"
"2.31365","0.500044","0.550905","0.0348444","0.566567","0.665717","10.5175","1.73063e-15","3.04198","2.91238","4.35189","7.06326","0","0","0","0","0","0","0","0"
"2.31715","0.500044","0.550905","0.0348134","0.566091","0.663654","10.4533","1.72611e-15","3.0239","2.90299","4.3183","7.0075","0","0","0","0","0","0","0","0"
"2.32043","0.500044","0.552042","0.034789","0.566698","0.664155","10.3897","1.72455e-15","3.01959","2.94003","4.30513","6.97357","0","0","0","0","0","0","0","0"
"2.32383","0.500044","0.552042","0.0347605","0.56508","0.663198","10.3034","1.72804e-15","3.02563","2.93714","4.30765","7.05592","0","0","0","0","0","0","0","0"
"2.3272","0.500044","0.552042","0.0347361","0.564785","0.661296","10.2183","1.72509e-15","3.02465","2.94607","4.32769","7.02464","0","0","0","0","0","0","0","0"
"2.3306","0.500044","0.552042","0.0347076","0.561526","0.657934","10.1046","1.72906e-15","3.03166","2.95624","4.37395","7.08056","0","0","0","0","0","0","0","0"
"2.33407","0.500044","0.552042","0.0346859","0.558262","0.655091","9.99872","1.72545e-15","3.0443","2.96176","4.43009","7.07754","0","0","0","0","0","0","0","0"
"2.33737","0.500044","0.552034","0.0346638","0.556648","0.652783","9.8619","1.72428e-15","3.04207","2.97363","4.52588","7.07314","0","0","0","0","0","0","0","0"
"2.34073","0.500044","0.552034","0.0346448","0.554624","0.650719","9.72876","1.72432e-15","3.0442","2.97938","4.64096","7.08995","0","0","0","0","0","0","0","0"
"2.34415","0.500044","0.552034","0.0346227","0.552127","0.646647","9.57324","1.72366e-15","3.04897","2.99451","4.78381","7.05947","0","0","0","0","0","0","0","0"
"2.34752","0.500044","0.552034","0.0346037","0.55039","0.645135","9.43701","1.72445e-15","3.04463","2.98679","4.91972","7.07637","0","0","0","0","0","0","0","0"
"2.35102","0.500044","0.552034","0.0345834","0.549195","0.642611","9.28254","1.72014e-15","3.052","2.99992","5.07956","7.03586","0","0","0","0","0","0","0","0"
"2.35428","0.500044","0.551878","0.0345672","0.547674","0.640139","9.15868","1.72012e-15","3.04718","3.00536","5.20989","7.02371","0","0","0","0","0","0","0","0"
"2.35768","0.500044","0.551878","0.0345482","0.547364","0.6387","9.01712","1.72313e-15","3.04679","3.0095","5.36415","7.04003","0","0","0","0","0","0","0","0"
"2.36105","0.500044","0.551878","0.034532","0.546091","0.636656","8.89791","1.72032e-15","3.06693","3.01951","5.49905","7.0233","0","0","0","0","0","0","0","0"
"2.36445","0.500044","0.551878","0.0345131","0.544993","0.633637","8.76213","1.72388e-15","3.06812","3.02891","5.65749","7.09242","0","0","0","0","0","0","0","0"
"2.37002","0.500044","0.551878","0.0344996","0.541713","0.629593","8.5647","1.72255e-15","3.06891","3.0351","5.91485","7.07924","0","0","0","0","0","0","0","0"
"2.3733","0.500044","0.550587","0.0344926","0.541774","0.629178","8.43006","1.72188e-15","3.06437","3.02019","6.10224","7.06468","0","0","0","0","0","0","0","0"
"2.37668","0.500044","0.550587","0.0344865","0.541034","0.627547","8.31864","1.72112e-15","3.06491","3.01905","6.26074","7.04699","0","0","0","0","0","0","0","0"
"2.38008","0.500044","0.550587","0.0344795","0.539935","0.62615","8.22047","1.72368e-15","3.07903","3.05713","6.36355","7.07531","0","0","0","0","0","0","0","0"
"2.38357","0.500044","0.550587","0.0344774","0.537723","0.624385","8.16377","1.71788e-15","3.08821","3.06819","6.37299","7.02328","0","0","0","0","0","0","0","0"
"2.38685","0.500044","0.549168","0.0344842","0.536246","0.62236","8.05661","1.72172e-15","3.0866","3.06521","6.51323","7.10011","0","0","0","0","0","0","0","0"
"2.39022","0.500044","0.549168","0.03449","0.537621","0.62291","7.95526","1.71917e-15","3.08451","3.05843","6.67058","7.1034","0","0","0","0","0","0","0","0"
"2.39362","0.500044","0.549168","0.0344969","0.539662","0.624691","7.85944","1.71821e-15","3.07434","3.03711","6.79049","7.09983","0","0","0","0","0","0","0","0"
"2.39698","0.500044","0.549168","0.0345027","0.53773","0.622653","8.20297","1.72085e-15","3.09036","3.03782","6.64645","7.12917","0","0","0","0","0","0","0","0"
"2.40052","0.500044","0.549168","0.0345135","0.536429","0.621395","10.2902","1.71906e-15","3.08895","3.03157","7.66966","7.09817","0","0","0","0","0","0","0","0"
"2.40377","0.500044","0.547964","0.0345272","0.535541","0.621772","11.0063","1.72311e-15","3.09355","3.05069","6.63959","7.06589","0","0","0","0","0","0","0","0"
"2.40717","0.500044","0.547964","0.0345433","0.535125","0.62054","11.2171","1.72042e-15","3.09636","3.0471","6.14686","7.016","0","0","0","0","0","0","0","0"
"2.41053","0.500044","0.547964","0.034557","0.535391","0.618958","11.4145","1.72224e-15","3.08876","3.04128","5.74538","7.08672","0","0","0","0","0","0","0","0"
"2.41393","0.500044","0.547964","0.0345731","0.534539","0.617876","11.3103","1.72044e-15","3.10902","3.05807","5.79142","7.05042","0","0","0","0","0","0","0","0"
"2.41742","0.500044","0.547964","0.0345862","0.534222","0.616508","11.1698","1.7176e-15","3.11532","3.0764","5.93203","7.02599","0","0","0","0","0","0","0","0"
"2.4207","0.500044","0.547289","0.0346008","0.532109","0.614896","11.0459","1.71681e-15","3.12075","3.06711","6.02431","7.02143","0","0","0","0","0","0","0","0"
"2.42407","0.500044","0.547289","0.0346133","0.532116","0.614565","10.9846","1.71773e-15","3.15563","3.08585","6.01552","7.05425","0","0","0","0","0","0","0","0"
"2.42748","0.500044","0.547289","0.0346278","0.534057","0.616254","10.9498","1.71857e-15","3.14938","3.08039","5.93466","7.0381","0","0","0","0","0","0","0","0"
"2.43085","0.500044","0.547289","0.0346403","0.532767","0.613855","10.9374","1.72103e-15","3.15391","3.08336","5.83414","7.04678","0","0","0","0","0","0","0","0"
"2.43435","0.500044","0.547289","0.0346434","0.5316","0.612257","10.9284","1.7204e-15","3.14859","3.07617","5.71101","7.01723","0","0","0","0","0","0","0","0"
"2.43762","0.500044","0.546843","0.0346385","0.531187","0.610951","10.9155","1.72376e-15","3.16502","3.09034","5.61881","7.05618","0","0","0","0","0","0","0","0"
"2.44102","0.500044","0.546843","0.0346329","0.529752","0.609903","10.8879","1.72322e-15","3.16518","3.08149","5.53505","7.05055","0","0","0","0","0","0","0","0"
"2.44438","0.500044","0.546843","0.0346281","0.530522","0.610573","10.8515","1.7255e-15","3.1528","3.06189","5.48691","7.02917","0","0","0","0","0","0","0","0"
"2.44778","0.500044","0.546843","0.0346225","0.530279","0.610092","10.7922","1.72478e-15","3.15059","3.08017","5.46084","7.06054","0","0","0","0","0","0","0","0"
"2.45333","0.500044","0.546843","0.0345985","0.527833","0.607484","10.6513","1.72351e-15","3.15384","3.08529","5.53246","7.00793","0","0","0","0","0","0","0","0"
"2.45663","0.500044","0.546285","0.034579","0.527748","0.607093","10.5498","1.72712e-15","3.14697","3.07709","5.59282","7.01553","0","0","0","0","0","0","0","0"
"2.46","0.500044","0.546285","0.0345622","0.528612","0.606899","10.4544","1.72639e-15","3.15495","3.07142","5.66435","7.03026","0","0","0","0","0","0","0","0"
"2.4634","0.500044","0.546285","0.0345426","0.52841","0.60635","10.3261","1.72763e-15","3.14956","3.06755","5.78722","7.02243","0","0","0","0","0","0","0","0"
"2.46688","0.500044","0.546285","0.0345315","0.528138","0.606003","10.2092","1.72978e-15","3.14404","3.06521","5.91299","7.00256","0","0","0","0","0","0","0","0"
"2.47018","0.500044","0.545731","0.034532","0.528457","0.604828","10.0745","1.72947e-15","3.14747","3.06454","6.06738","6.97434","0","0","0","0","0","0","0","0"
"2.47355","0.500044","0.545731","0.0345323","0.527673","0.605212","9.96372","1.73134e-15","3.15209","3.06511","6.19501","7.01068","0","0","0","0","0","0","0","0"
"2.47695","0.500044","0.545731","0.0345327","0.528837","0.606885","9.84144","1.73112e-15","3.13751","3.06723","6.33364","6.98886","0","0","0","0","0","0","0","0"
"2.48032","0.500044","0.545731","0.0345331","0.528386","0.60669","9.73533","1.73339e-15","3.13789","3.05819","6.4613","6.97423","0","0","0","0","0","0","0","0"
"2.48383","0.500044","0.545731","0.0345367","0.52879","0.606362","9.60699","1.72956e-15","3.14287","3.05686","6.63032","6.96156","0","0","0","0","0","0","0","0"
"2.4871","0.500044","0.545198","0.0345435","0.528425","0.605785","9.5012","1.72925e-15","3.14528","3.05223","6.77387","6.96103","0","0","0","0","0","0","0","0"
"2.4905","0.500044","0.545198","0.0345514","0.52657","0.602712","9.38214","1.73222e-15","3.15525","3.07035","6.93682","6.95721","0","0","0","0","0","0","0","0"
"2.49385","0.500044","0.545198","0.0345582","0.52563","0.601526","9.28457","1.73095e-15","3.15158","3.06481","7.06971","6.9312","0","0","0","0","0","0","0","0"
"2.49727","0.500044","0.545198","0.0345661","0.525831","0.601926","9.2735","1.73169e-15","3.14028","3.05625","6.96139","6.96496","0","0","0","0","0","0","0","0"
"2.50073","0.500044","0.545198","0.0345761","0.526144","0.602383","9.65285","1.7302e-15","3.13017","3.05108","6.25748","6.93482","0","0","0","0","0","0","0","0"
"2.50403","0.500044","0.544972","0.0345915","0.526653","0.603617","9.90774","1.72764e-15","3.12422","3.05203","5.73623","6.93074","0","0","0","0","0","0","0","0"
"2.5074","0.500044","0.544972","0.0346046","0.525572","0.60215","10.3847","1.72967e-15","3.12259","3.05253","5.22394","6.92323","0","0","0","0","0","0","0","0"
"2.5108","0.500044","0.544972","0.03462","0.525023","0.601585","10.4647","1.72779e-15","3.11942","3.05817","5.01089","6.87515","0","0","0","0","0","0","0","0"
"2.51418","0.500044","0.544972","0.0346332","0.525179","0.601747","10.4175","1.73008e-15","3.10446","3.05449","4.99888","6.92975","0","0","0","0","0","0","0","0"
"2.51768","0.500044","0.544972","0.0346507","0.524007","0.601509","10.2941","1.73044e-15","3.09667","3.04439","5.10899","6.922","0","0","0","0","0","0","0","0"
"2.52095","0.500044","0.54443","0.0346671","0.522777","0.60168","10.1921","1.7277e-15","3.09896","3.05557","5.20223","6.90025","0","0","0","0","0","0","0","0"
"2.52435","0.500044","0.54443","0.0346863","0.523259","0.603799","10.1082","1.73013e-15","3.10149","3.06957","5.24585","6.92183","0","0","0","0","0","0","0","0"
"2.52772","0.500044","0.54443","0.0347027","0.523488","0.60373","10.0622","1.73105e-15","3.09663","3.06722","5.23519","6.91321","0","0","0","0","0","0","0","0"
"2.53107","0.500044","0.54443","0.0347191","0.524642","0.606205","10.0347","1.73086e-15","3.0949","3.07642","5.19226","6.93619","0","0","0","0","0","0","0","0"
"2.53542","0.500044","0.54443","0.0347375","0.525353","0.607692","9.97825","1.73016e-15","3.08844","3.08309","5.15743","6.9065","0","0","0","0","0","0","0","0"
"2.5387","0.500044","0.54378","0.0347478","0.526478","0.608917","9.90874","1.73121e-15","3.07515","3.07614","5.19512","6.92571","0","0","0","0","0","0","0","0"
"2.54208","0.500044","0.54378","0.0347597","0.527367","0.609161","9.8157","1.73438e-15","3.06496","3.0808","5.26434","6.98949","0","0","0","0","0","0","0","0"
"2.54548","0.500044","0.54378","0.0347699","0.528095","0.6102","9.73338","1.7337e-15","3.05755","3.08457","5.3311","7.00877","0","0","0","0","0","0","0","0"
"2.55","0.500044","0.54378","0.0347845","0.52908","0.61214","9.6743","1.737e-15","3.0523","3.0943","5.30964","7.03841","0","0","0","0","0","0","0","0"
"2.55328","0.500044","0.543662","0.0347926","0.528366","0.611626","9.67662","1.73463e-15","3.05664","3.08667","5.23187","7.02841","0","0","0","0","0","0","0","0"
"2.55667","0.500044","0.543662","0.0348021","0.528944","0.613301","9.74309","1.73772e-15","3.05332","3.08359","5.03629","7.10066","0","0","0","0","0","0","0","0"
"2.56005","0.500044","0.543662","0.0348102","0.530079","0.614007","9.69162","1.73716e-15","3.03868","3.07788","5.04482","7.09088","0","0","0","0","0","0","0","0"
"2.5634","0.500044","0.543662","0.0348197","0.533821","0.616757","9.59438","1.73667e-15","3.04838","3.08855","5.12767","7.12744","0","0","0","0","0","0","0","0"
"2.56685","0.500044","0.543662","0.0348267","0.533234","0.616647","9.50217","1.73921e-15","3.05115","3.08236","5.21994","7.11305","0","0","0","0","0","0","0","0"
"2.5702","0.500044","0.544218","0.0348324","0.535269","0.61961","9.40421","1.73657e-15","3.05905","3.08455","5.31336","7.07488","0","0","0","0","0","0","0","0"
"2.57357","0.500044","0.544218","0.0348373","0.537875","0.620815","9.35017","1.73961e-15","3.07008","3.10025","5.33216","7.10438","0","0","0","0","0","0","0","0"
"2.57695","0.500044","0.544218","0.0348422","0.538387","0.620992","9.32306","1.74047e-15","3.07908","3.09624","5.29829","7.0716","0","0","0","0","0","0","0","0"
"2.58043","0.500044","0.544218","0.0348479","0.539454","0.622659","9.30891","1.73837e-15","3.07857","3.10411","5.22597","7.07899","0","0","0","0","0","0","0","0"
"2.58392","0.500044","0.544218","0.034854","0.540659","0.623656","9.30262","1.73979e-15","3.08234","3.0993","5.14003","7.08261","0","0","0","0","0","0","0","0"
"2.58722","0.500044","0.544816","0.0348597","0.541474","0.623543","9.29901","1.73708e-15","3.0811","3.0908","5.06692","7.07104","0","0","0","0","0","0","0","0"
"2.59058","0.500044","0.544816","0.0348664","0.540808","0.624419","9.27024","1.742e-15","3.08481","3.07771","5.02744","7.0894","0","0","0","0","0","0","0","0"
"2.59397","0.500044","0.544816","0.0348722","0.540269","0.623944","9.23645","1.74086e-15","3.08023","3.08406","5.01055","7.07074","0","0","0","0","0","0","0","0"
"2.59735","0.500044","0.544816","0.0348789","0.539484","0.624107","9.14183","1.74504e-15","3.07503","3.07198","5.1026","7.07589","0","0","0","0","0","0","0","0"
"2.60083","0.500044","0.544816","0.0348809","0.538907","0.623848","9.13041","1.74144e-15","3.07306","3.07292","5.04491","7.04209","0","0","0","0","0","0","0","0"
"2.60412","0.500044","0.545941","0.034879","0.537798","0.622523","9.21257","1.7455e-15","3.07767","3.07795","4.89576","7.12849","0","0","0","0","0","0","0","0"
"2.6075","0.500044","0.545941","0.0348774","0.538555","0.62303","9.27662","1.74303e-15","3.0692","3.06678","4.73863","7.1108","0","0","0","0","0","0","0","0"
"2.61103","0.500044","0.545941","0.0348755","0.539521","0.624398","9.26051","1.74588e-15","3.06658","3.06059","4.68523","7.16323","0","0","0","0","0","0","0","0"
"2.61432","0.500044","0.545941","0.0348738","0.540203","0.624887","9.18389","1.74536e-15","3.0563","3.05229","4.75064","7.1509","0","0","0","0","0","0","0","0"
"2.61882","0.500044","0.545941","0.0348678","0.538135","0.622691","9.05985","1.74514e-15","3.05665","3.05581","4.87262","7.14871","0","0","0","0","0","0","0","0"
"2.6221","0.500044","0.546689","0.0348625","0.538324","0.622177","8.99867","1.7443e-15","3.0554","3.04962","4.91345","7.12409","0","0","0","0","0","0","0","0"
"2.6256","0.500044","0.546689","0.0348564","0.538316","0.621947","8.95409","1.74512e-15","3.05347","3.04755","4.90974","7.15605","0","0","0","0","0","0","0","0"
"2.629","0.500044","0.546689","0.0348511","0.538378","0.62162","8.92977","1.7444e-15","3.05128","3.04622","4.87981","7.14644","0","0","0","0","0","0","0","0"
"2.6333","0.500044","0.546689","0.0348448","0.538163","0.621023","8.90274","1.74545e-15","3.04595","3.04041","4.83159","7.14471","0","0","0","0","0","0","0","0"
"2.63653","0.500044","0.546828","0.0348438","0.539462","0.621468","8.87741","1.74288e-15","3.061","3.04401","4.7937","7.12148","0","0","0","0","0","0","0","0"
"2.64003","0.500044","0.546828","0.0348429","0.539224","0.620802","8.85144","1.74499e-15","3.05654","3.03753","4.76952","7.16272","0","0","0","0","0","0","0","0"
"2.6433","0.500044","0.546828","0.0348418","0.537896","0.618954","8.81353","1.74349e-15","3.06431","3.03973","4.75575","7.14735","0","0","0","0","0","0","0","0"
"2.6601","0.500044","0.546828","0.0348469","0.53443","0.615617","8.6592","1.74319e-15","3.08655","3.05533","4.74256","7.15725","0","0","0","0","0","0","0","0"
"2.66023","0.500044","0.546862","0.0348496","0.533677","0.61449","8.61609","1.74715e-15","3.08994","3.05367","4.75516","7.17152","0","0","0","0","0","0","0","0"
"2.66357","0.500044","0.546862","0.0348528","0.533546","0.614329","8.53121","1.74739e-15","3.08424","3.04653","4.84249","7.16271","0","0","0","0","0","0","0","0"
"2.66715","0.500044","0.546862","0.0348582","0.532167","0.612555","8.44287","1.74793e-15","3.0834","3.05259","4.94126","7.1508","0","0","0","0","0","0","0","0"
"2.67042","0.500044","0.546688","0.0348653","0.531719","0.611703","8.66126","1.74562e-15","3.07986","3.05311","5.02658","7.13833","0","0","0","0","0","0","0","0"
"2.67382","0.500044","0.546688","0.0348736","0.530811","0.610939","9.7268","1.74713e-15","3.07944","3.0538","5.60945","7.14052","0","0","0","0","0","0","0","0"
"2.67718","0.500044","0.546688","0.0348808","0.530533","0.609933","10.2695","1.74463e-15","3.07772","3.05285","5.31204","7.12208","0","0","0","0","0","0","0","0"
"2.68058","0.500044","0.546688","0.0348891","0.529397","0.609179","10.349","1.74471e-15","3.08267","3.06008","5.11961","7.1422","0","0","0","0","0","0","0","0"
"2.68405","0.500044","0.546688","0.0348974","0.528799","0.608666","10.6005","1.74484e-15","3.08345","3.05058","4.83732","7.11023","0","0","0","0","0","0","0","0"
"2.68737","0.500044","0.545992","0.0349087","0.528035","0.607439","10.6134","1.74563e-15","3.08589","3.05217","4.75305","7.12247","0","0","0","0","0","0","0","0"
"2.69072","0.500044","0.545992","0.0349183","0.528789","0.607087","10.5264","1.74755e-15","3.09059","3.04599","4.82604","7.12355","0","0","0","0","0","0","0","0"
"2.69413","0.500044","0.545992","0.0349295","0.52803","0.605935","10.4457","1.74531e-15","3.09453","3.0496","4.87716","7.11518","0","0","0","0","0","0","0","0"
"2.6975","0.500044","0.545992","0.0349391","0.527814","0.605562","10.4206","1.74658e-15","3.09377","3.05153","4.84905","7.13508","0","0","0","0","0","0","0","0"
"2.70333","0.500044","0.545992","0.0349491","0.526482","0.60378","10.4488","1.7441e-15","3.08888","3.0496","4.6898","7.1403","0","0","0","0","0","0","0","0"
"2.70663","0.500044","0.545047","0.0349535","0.526278","0.603903","10.4694","1.74602e-15","3.08444","3.04852","4.58954","7.13163","0","0","0","0","0","0","0","0"
"2.71007","0.500044","0.545047","0.0349574","0.526631","0.604198","10.4573","1.7443e-15","3.07494","3.04621","4.54503","7.12335","0","0","0","0","0","0","0","0"
"2.7134","0.500044","0.545047","0.0349619","0.525843","0.603427","10.4511","1.74626e-15","3.07672","3.04726","4.48371","7.14572","0","0","0","0","0","0","0","0"
"2.71687","0.500044","0.545047","0.034961","0.525594","0.603504","10.4188","1.74245e-15","3.07017","3.04603","4.47123","7.12129","0","0","0","0","0","0","0","0"
"2.72017","0.500044","0.544212","0.034949","0.525416","0.603037","10.3331","1.74384e-15","3.07305","3.05064","4.53104","7.18117","0","0","0","0","0","0","0","0"
"2.72353","0.500044","0.544212","0.0349387","0.525016","0.603441","10.2519","1.74185e-15","3.06811","3.04258","4.59745","7.16131","0","0","0","0","0","0","0","0"
"2.72693","0.500044","0.544212","0.0349267","0.525085","0.602543","10.1578","1.74355e-15","3.06892","3.04107","4.67638","7.18618","0","0","0","0","0","0","0","0"
"2.7303","0.500044","0.544212","0.0349164","0.524866","0.602142","10.0735","1.74166e-15","3.07795","3.03744","4.75315","7.14115","0","0","0","0","0","0","0","0"
"2.73382","0.500044","0.544212","0.0349052","0.523801","0.600632","9.97745","1.74041e-15","3.07879","3.04058","4.84172","7.1351","0","0","0","0","0","0","0","0"
"2.73708","0.500044","0.5436","0.0348965","0.523599","0.600029","9.89693","1.73948e-15","3.07969","3.0479","4.91821","7.12075","0","0","0","0","0","0","0","0"
"2.7405","0.500044","0.5436","0.0348863","0.522816","0.598493","9.81138","1.73969e-15","3.08079","3.04807","4.99382","7.14553","0","0","0","0","0","0","0","0"
"2.74392","0.500044","0.5436","0.0348776","0.52228","0.597908","9.733","1.73935e-15","3.07986","3.04645","5.07111","7.14786","0","0","0","0","0","0","0","0"
"2.74727","0.500044","0.5436","0.0348675","0.521918","0.597206","9.64069","1.73848e-15","3.08671","3.05467","5.16622","7.15577","0","0","0","0","0","0","0","0"
"2.75073","0.500044","0.5436","0.034862","0.521186","0.59638","9.56474","1.73934e-15","3.09027","3.05319","5.24408","7.13059","0","0","0","0","0","0","0","0"
"2.75403","0.500044","0.543202","0.0348591","0.520793","0.595625","9.48146","1.73821e-15","3.08675","3.05327","5.32775","7.07655","0","0","0","0","0","0","0","0"
"2.7574","0.500044","0.543202","0.0348567","0.522162","0.597261","9.41888","1.7391e-15","3.08318","3.03922","5.38243","7.07523","0","0","0","0","0","0","0","0"
"2.76092","0.500044","0.543202","0.0348539","0.523101","0.598012","9.34407","1.73721e-15","3.07901","3.04357","5.4523","7.05738","0","0","0","0","0","0","0","0"
"2.76417","0.500044","0.543202","0.0348515","0.523252","0.597545","9.27312","1.73678e-15","3.0801","3.03644","5.52956","7.09504","0","0","0","0","0","0","0","0"
"2.76767","0.500044","0.543202","0.0348524","0.523302","0.597594","9.18907","1.73717e-15","3.07075","3.03045","5.62601","7.06901","0","0","0","0","0","0","0","0"
"2.77093","0.500044","0.542463","0.0348555","0.522828","0.597078","9.12204","1.73518e-15","3.06595","3.02641","5.70056","7.05219","0","0","0","0","0","0","0","0"
"2.77433","0.500044","0.542463","0.0348591","0.522642","0.596373","9.03941","1.73761e-15","3.06408","3.02863","5.80144","7.07931","0","0","0","0","0","0","0","0"
"2.7777","0.500044","0.542463","0.0348621","0.523431","0.596239","8.96953","1.73571e-15","3.07958","3.03749","5.88845","7.06651","0","0","0","0","0","0","0","0"
"2.78112","0.500044","0.542463","0.0348657","0.522577","0.595019","8.89106","1.73476e-15","3.07768","3.04219","5.98531","7.08133","0","0","0","0","0","0","0","0"
"2.78675","0.500044","0.542463","0.0348794","0.523166","0.594883","8.79842","1.73334e-15","3.07582","3.04456","6.07886","7.05377","0","0","0","0","0","0","0","0"
"2.78997","0.500044","0.542058","0.0348904","0.52333","0.594713","8.73701","1.73328e-15","3.06452","3.03643","6.13834","7.06349","0","0","0","0","0","0","0","0"
"2.79333","0.500044","0.542058","0.0348999","0.523108","0.594733","8.68063","1.73449e-15","3.06265","3.03878","6.20074","7.09689","0","0","0","0","0","0","0","0"
"2.79675","0.500044","0.542058","0.034911","0.521951","0.593686","8.61753","1.73401e-15","3.06518","3.03858","6.26819","7.0727","0","0","0","0","0","0","0","0"
"2.8002","0.500044","0.542058","0.0349211","0.521502","0.592682","8.55694","1.73298e-15","3.06493","3.04181","6.3463","7.05095","0","0","0","0","0","0","0","0"
"2.80362","0.500044","0.541907","0.0349342","0.521618","0.592684","8.48259","1.73544e-15","3.05633","3.04068","6.45307","7.09043","0","0","0","0","0","0","0","0"
"2.80687","0.500044","0.541907","0.0349454","0.521849","0.592601","8.41904","1.73265e-15","3.06767","3.04876","6.54703","7.07335","0","0","0","0","0","0","0","0"
"2.81027","0.500044","0.541907","0.0349585","0.522861","0.593704","8.34383","1.73386e-15","3.08947","3.05969","6.66367","7.11973","0","0","0","0","0","0","0","0"
"2.81365","0.500044","0.541907","0.0349698","0.522378","0.59296","8.28169","1.7345e-15","3.08245","3.05552","6.75949","7.10269","0","0","0","0","0","0","0","0"
"2.81715","0.500044","0.541907","0.034984","0.521994","0.592761","8.21545","1.73068e-15","3.08124","3.0614","6.85451","7.08171","0","0","0","0","0","0","0","0"
"2.82053","0.500044","0.541478","0.0349975","0.52208","0.592088","8.16064","1.73166e-15","3.08694","3.0595","6.93345","7.09559","0","0","0","0","0","0","0","0"
"2.82382","0.500044","0.541478","0.0350133","0.521082","0.59112","8.09049","1.7303e-15","3.09026","3.05879","7.04954","7.07472","0","0","0","0","0","0","0","0"
"2.82718","0.500044","0.541478","0.0350268","0.521316","0.59076","8.03127","1.73095e-15","3.08264","3.05219","7.14908","7.10164","0","0","0","0","0","0","0","0"
"2.83058","0.500044","0.541478","0.0350426","0.520765","0.590261","7.96375","1.73116e-15","3.08076","3.06307","7.26332","7.08303","0","0","0","0","0","0","0","0"
"2.83407","0.500044","0.541478","0.0350558","0.52026","0.589369","7.90755","1.72865e-15","3.08122","3.06424","7.3582","7.07685","0","0","0","0","0","0","0","0"
"2.83737","0.500044","0.541096","0.0350708","0.519497","0.588866","7.84479","1.73031e-15","3.07798","3.05924","7.46398","7.07529","0","0","0","0","0","0","0","0"
"2.84072","0.500044","0.541096","0.0350837","0.518794","0.588006","7.79063","1.72755e-15","3.07788","3.05818","7.55869","7.06196","0","0","0","0","0","0","0","0"
"2.84413","0.500044","0.541096","0.0350988","0.518861","0.588169","7.7255","1.72963e-15","3.07384","3.05924","7.68028","7.10368","0","0","0","0","0","0","0","0"
"2.8475","0.500044","0.541096","0.0351117","0.517493","0.586942","7.67755","1.72823e-15","3.07805","3.06228","7.75642","7.08454","0","0","0","0","0","0","0","0"
"2.85102","0.500044","0.541096","0.0351265","0.518425","0.588195","7.61354","1.72764e-15","3.06993","3.05758","7.88073","7.06845","0","0","0","0","0","0","0","0"
"2.85427","0.500044","0.540667","0.0351389","0.518074","0.587898","7.55962","1.72716e-15","3.06977","3.0552","7.98822","7.05862","0","0","0","0","0","0","0","0"
"2.85767","0.500044","0.540667","0.0351534","0.517487","0.587805","7.49886","1.72758e-15","3.07014","3.06311","8.1084","7.10805","0","0","0","0","0","0","0","0"
"2.86103","0.500044","0.540667","0.0351658","0.516567","0.586771","7.45086","1.72753e-15","3.07444","3.06918","8.19693","7.13577","0","0","0","0","0","0","0","0"
"2.86445","0.500044","0.540667","0.0351803","0.515613","0.585638","7.40035","1.72558e-15","3.07981","3.07342","8.27926","7.13985","0","0","0","0","0","0","0","0"
"2.87","0.500044","0.540667","0.0352037","0.515684","0.585457","7.33136","1.72417e-15","3.07279","3.07646","8.38819","7.11683","0","0","0","0","0","0","0","0"
"2.8733","0.500044","0.539993","0.0352206","0.514967","0.584507","7.28575","1.72635e-15","3.07152","3.07402","8.45637","7.17631","0","0","0","0","0","0","0","0"
"2.87667","0.500044","0.539993","0.035235","0.515244","0.584512","7.24499","1.72681e-15","3.06867","3.07217","8.52364","7.17869","0","0","0","0","0","0","0","0"
"2.88007","0.500044","0.539993","0.0352518","0.515067","0.584531","7.19648","1.72534e-15","3.06843","3.0758","8.60864","7.18315","0","0","0","0","0","0","0","0"
"2.88353","0.500044","0.539993","0.0352675","0.51618","0.585722","7.15173","1.72553e-15","3.06675","3.06815","8.69834","7.18441","0","0","0","0","0","0","0","0"
"2.88683","0.500044","0.539477","0.0352888","0.515733","0.585588","7.09937","1.72438e-15","3.07592","3.07431","8.80836","7.15587","0","0","0","0","0","0","0","0"
"2.89027","0.500044","0.539477","0.035307","0.516964","0.586835","7.22445","1.72309e-15","3.08409","3.0665","8.3969","7.18537","0","0","0","0","0","0","0","0"
"2.8936","0.500044","0.539477","0.0353283","0.516637","0.586494","8.03154","1.72626e-15","3.0821","3.06635","8.46873","7.2321","0","0","0","0","0","0","0","0"
"2.89697","0.500044","0.539477","0.0353465","0.516383","0.586754","8.85981","1.72679e-15","3.0846","3.0609","8.21358","7.21914","0","0","0","0","0","0","0","0"
"2.90048","0.500044","0.539477","0.0353642","0.515822","0.586248","9.50568","1.72427e-15","3.08392","3.05616","7.39507","7.19134","0","0","0","0","0","0","0","0"
"2.90373","0.500044","0.538921","0.0353753","0.516699","0.587608","9.846","1.72585e-15","3.08648","3.05159","6.85449","7.21409","0","0","0","0","0","0","0","0"
"2.90715","0.500044","0.538921","0.0353864","0.516498","0.587908","9.89719","1.72639e-15","3.0836","3.05382","6.6694","7.21225","0","0","0","0","0","0","0","0"
"2.91052","0.500044","0.538921","0.0353994","0.51646","0.587987","9.85798","1.72498e-15","3.08259","3.06093","6.67171","7.22228","0","0","0","0","0","0","0","0"
"2.91395","0.500044","0.538921","0.0354124","0.516479","0.587675","9.81872","1.72714e-15","3.0887","3.0703","6.67994","7.25769","0","0","0","0","0","0","0","0"
"2.91743","0.500044","0.538921","0.0354226","0.51615","0.587537","9.90366","1.72598e-15","3.09635","3.07671","6.43882","7.24658","0","0","0","0","0","0","0","0"
"2.92072","0.500044","0.538792","0.0354336","0.51653","0.588307","9.84781","1.72695e-15","3.0948","3.07166","6.48276","7.24343","0","0","0","0","0","0","0","0"
"2.9241","0.500044","0.538792","0.035443","0.516354","0.588785","9.79075","1.72825e-15","3.09399","3.07476","6.54377","7.23168","0","0","0","0","0","0","0","0"
"2.9275","0.500044","0.538792","0.035454","0.516944","0.589435","9.77179","1.72666e-15","3.10045","3.0844","6.49869","7.20038","0","0","0","0","0","0","0","0"
"2.93087","0.500044","0.538792","0.0354634","0.516648","0.589818","9.73109","1.72629e-15","3.09897","3.09322","6.52276","7.20568","0","0","0","0","0","0","0","0"
"2.93437","0.500044","0.538792","0.0354671","0.518006","0.591636","9.67916","1.72727e-15","3.10018","3.10584","6.55879","7.19617","0","0","0","0","0","0","0","0"
"2.93765","0.500044","0.538648","0.0354656","0.518081","0.592374","9.66306","1.72766e-15","3.0923","3.10638","6.52125","7.18467","0","0","0","0","0","0","0","0"
"2.94103","0.500044","0.538648","0.0354639","0.518643","0.593078","9.64074","1.72462e-15","3.09407","3.10045","6.48593","7.1783","0","0","0","0","0","0","0","0"
"2.94442","0.500044","0.538648","0.0354625","0.519909","0.594666","9.64996","1.72608e-15","3.10059","3.10303","6.39141","7.20079","0","0","0","0","0","0","0","0"
"2.9478","0.500044","0.538648","0.0354608","0.520052","0.595849","9.67976","1.72916e-15","3.09752","3.09509","6.24396","7.20161","0","0","0","0","0","0","0","0"
"2.95337","0.500044","0.538648","0.035443","0.522784","0.60128","9.72725","1.72667e-15","3.10268","3.10691","6.03271","7.17074","0","0","0","0","0","0","0","0"
"2.95665","0.500044","0.53858","0.0354278","0.52491","0.60455","9.75344","1.72877e-15","3.11889","3.12468","5.90485","7.20817","0","0","0","0","0","0","0","0"
"2.96003","0.500044","0.53858","0.0354148","0.526233","0.606543","9.76449","1.72739e-15","3.11955","3.11309","5.81766","7.19251","0","0","0","0","0","0","0","0"
"2.96343","0.500044","0.53858","0.0353996","0.527533","0.608849","9.76468","1.72994e-15","3.11577","3.09863","5.74258","7.20896","0","0","0","0","0","0","0","0"
"2.9669","0.500044","0.53858","0.0353849","0.528589","0.610559","9.75396","1.7282e-15","3.11362","3.09075","5.70026","7.19784","0","0","0","0","0","0","0","0"
"2.97018","0.500044","0.539041","0.0353639","0.530029","0.612649","9.73141","1.72878e-15","3.12609","3.0777","5.67281","7.2108","0","0","0","0","0","0","0","0"
"2.97358","0.500044","0.539041","0.0353458","0.530518","0.61364","9.70342","1.72765e-15","3.12594","3.0697","5.66676","7.20008","0","0","0","0","0","0","0","0"
"2.97697","0.500044","0.539041","0.0353247","0.53342","0.616321","9.66156","1.72892e-15","3.14548","3.08407","5.67984","7.22891","0","0","0","0","0","0","0","0"
"2.98035","0.500044","0.539041","0.0353067","0.53427","0.616933","9.61774","1.72814e-15","3.14318","3.08465","5.7086","7.23091","0","0","0","0","0","0","0","0"
"2.98383","0.500044","0.539041","0.035277","0.53481","0.618579","9.56406","1.7281e-15","3.14892","3.08081","5.74883","7.2182","0","0","0","0","0","0","0","0"
"2.98712","0.500044","0.54048","0.0352419","0.53641","0.621156","9.51586","1.7281e-15","3.16097","3.0789","5.79018","7.2108","0","0","0","0","0","0","0","0"
"2.9905","0.500044","0.54048","0.0352008","0.53633","0.622318","9.45683","1.72994e-15","3.15852","3.07634","5.84611","7.22005","0","0","0","0","0","0","0","0"
"2.99388","0.500044","0.54048","0.0351657","0.538186","0.624171","9.40346","1.7295e-15","3.16349","3.09013","5.90183","7.20701","0","0","0","0","0","0","0","0"
"2.99728","0.500044","0.54048","0.0351246","0.539868","0.627523","9.34229","1.73071e-15","3.16489","3.09376","5.96598","7.22576","0","0","0","0","0","0","0","0"
"3.0008","0.500044","0.54048","0.0350863","0.541604","0.631899","9.28691","1.73055e-15","3.17362","3.13582","6.02974","7.22541","0","0","0","0","0","0","0","0"
"3.00405","0.500044","0.542212","0.035038","0.542291","0.633294","9.22017","1.73098e-15","3.18009","3.12544","6.1127","7.224","0","0","0","0","0","0","0","0"
"3.00743","0.500044","0.542212","0.0349966","0.542083","0.633887","9.16311","1.73327e-15","3.17907","3.11726","6.18533","7.23505","0","0","0","0","0","0","0","0"
"3.01082","0.500044","0.542212","0.0349482","0.544961","0.636266","9.09883","1.73283e-15","3.18551","3.11429","6.26623","7.23628","0","0","0","0","0","0","0","0"
"3.0142","0.500044","0.542212","0.0349068","0.54574","0.637981","9.04391","1.73554e-15","3.18731","3.1087","6.3369","7.24122","0","0","0","0","0","0","0","0"
"3.0177","0.500044","0.542212","0.0348703","0.546299","0.63928","8.97871","1.73331e-15","3.18175","3.10066","6.42508","7.22658","0","0","0","0","0","0","0","0"
"3.02097","0.500044","0.54385","0.0348465","0.547623","0.640746","8.92328","1.73576e-15","3.19111","3.10174","6.50218","7.2421","0","0","0","0","0","0","0","0"
"3.02437","0.500044","0.54385","0.0348188","0.549397","0.642398","8.86017","1.73434e-15","3.18988","3.10035","6.59002","7.23444","0","0","0","0","0","0","0","0"
"3.02775","0.500044","0.54385","0.034795","0.550366","0.64334","8.80686","1.73641e-15","3.18363","3.0929","6.66496","7.24769","0","0","0","0","0","0","0","0"
"3.03113","0.500044","0.54385","0.0347673","0.550429","0.643912","8.7599","1.73533e-15","3.17688","3.08131","6.70935","7.22436","0","0","0","0","0","0","0","0"
"3.03645","0.500044","0.54385","0.0347428","0.551272","0.643767","8.7288","1.73557e-15","3.16838","3.0761","6.675","7.21467","0","0","0","0","0","0","0","0"
"3.03972","0.500044","0.545753","0.0347303","0.551679","0.644498","8.68512","1.73408e-15","3.16417","3.06968","6.72541","7.21564","0","0","0","0","0","0","0","0"
"3.04312","0.500044","0.545753","0.0347157","0.551079","0.644249","8.63927","1.73637e-15","3.16132","3.06902","6.77038","7.23333","0","0","0","0","0","0","0","0"
"3.0465","0.500044","0.545753","0.0347033","0.55029","0.643829","8.60126","1.73592e-15","3.16245","3.06936","6.80567","7.22463","0","0","0","0","0","0","0","0"
"3.04998","0.500044","0.545753","0.0346889","0.549946","0.64365","9.09989","1.73759e-15","3.16266","3.06703","6.57123","7.23213","0","0","0","0","0","0","0","0"
"3.05327","0.500044","0.547279","0.0346769","0.548782","0.642889","9.58287","1.73568e-15","3.16648","3.06822","6.3119","7.21741","0","0","0","0","0","0","0","0"
"3.05665","0.500044","0.547279","0.034663","0.548311","0.642792","10.7744","1.73884e-15","3.16513","3.06318","7.48902","7.26045","0","0","0","0","0","0","0","0"
"3.06003","0.500044","0.547279","0.0346511","0.547605","0.641629","11.0453","1.73794e-15","3.16522","3.06472","7.03181","7.24109","0","0","0","0","0","0","0","0"
"3.06343","0.500044","0.547279","0.0346372","0.547763","0.641244","11.1158","1.7389e-15","3.16301","3.06634","6.81461","7.25182","0","0","0","0","0","0","0","0"
"3.06692","0.500044","0.547279","0.0346225","0.547819","0.640611","11.0884","1.73949e-15","3.15632","3.06507","6.80334","7.26098","0","0","0","0","0","0","0","0"
"3.0702","0.500044","0.54795","0.034599","0.54678","0.639382","11.0131","1.73702e-15","3.15536","3.06498","6.89124","7.25787","0","0","0","0","0","0","0","0"
"3.07358","0.500044","0.54795","0.034579","0.546216","0.638259","10.9709","1.74025e-15","3.15438","3.06838","6.91423","7.29033","0","0","0","0","0","0","0","0"
"3.07697","0.500044","0.54795","0.0345555","0.546158","0.637396","10.9581","1.7391e-15","3.1611","3.07382","6.85859","7.26432","0","0","0","0","0","0","0","0"
"3.08035","0.500044","0.54795","0.0345354","0.545989","0.637099","10.9716","1.74151e-15","3.15824","3.07022","6.76034","7.27777","0","0","0","0","0","0","0","0"
"3.08383","0.500044","0.54795","0.0345088","0.544958","0.636006","10.9981","1.74036e-15","3.15922","3.07484","6.62589","7.26309","0","0","0","0","0","0","0","0"
"3.08712","0.500044","0.547856","0.0344822","0.54433","0.635065","11.0239","1.74125e-15","3.15689","3.07433","6.50874","7.27185","0","0","0","0","0","0","0","0"
"3.09052","0.500044","0.547856","0.0344513","0.544161","0.634438","11.047","1.74125e-15","3.15296","3.07666","6.3879","7.27136","0","0","0","0","0","0","0","0"
"3.09388","0.500044","0.547856","0.0344248","0.544661","0.634491","11.0583","1.74216e-15","3.14666","3.07241","6.30185","7.30679","0","0","0","0","0","0","0","0"
"3.09727","0.500044","0.547856","0.0343938","0.543939","0.633449","11.0599","1.74207e-15","3.14725","3.075","6.22496","7.30134","0","0","0","0","0","0","0","0"
"3.10077","0.500044","0.547856","0.0343721","0.543581","0.632703","11.048","1.74031e-15","3.14423","3.07487","6.18539","7.27897","0","0","0","0","0","0","0","0"
"3.10405","0.500044","0.547516","0.0343523","0.543368","0.632039","11.0156","1.74238e-15","3.14314","3.07317","6.17623","7.28779","0","0","0","0","0","0","0","0"
"3.10743","0.500044","0.547516","0.0343354","0.543087","0.631292","10.9817","1.74178e-15","3.14014","3.07595","6.18126","7.28307","0","0","0","0","0","0","0","0"
"3.11082","0.500044","0.547516","0.0343157","0.542084","0.629856","10.9368","1.74327e-15","3.14241","3.08267","6.1986","7.29471","0","0","0","0","0","0","0","0"
"3.1142","0.500044","0.547516","0.0342987","0.541167","0.628883","10.8938","1.74166e-15","3.14206","3.08526","6.22335","7.28294","0","0","0","0","0","0","0","0"
"3.12005","0.500044","0.547516","0.0342909","0.540448","0.628221","10.7919","1.74041e-15","3.13507","3.08243","6.32225","7.27594","0","0","0","0","0","0","0","0"
"3.12332","0.500044","0.547156","0.0342914","0.539642","0.627119","10.7266","1.74245e-15","3.13637","3.08439","6.38886","7.2713","0","0","0","0","0","0","0","0"
"3.1267","0.500044","0.547156","0.0342919","0.540058","0.627097","10.6711","1.74078e-15","3.13543","3.08341","6.44596","7.27547","0","0","0","0","0","0","0","0"
"3.1301","0.500044","0.547156","0.0342925","0.539674","0.62634","10.6055","1.74266e-15","3.13334","3.08172","6.51635","7.28507","0","0","0","0","0","0","0","0"
"3.13358","0.500044","0.547156","0.0342982","0.538708","0.625392","10.5444","1.74077e-15","3.13608","3.08486","6.59005","7.26339","0","0","0","0","0","0","0","0"
"3.13698","0.500044","0.546756","0.0343171","0.538174","0.624263","10.4746","1.74138e-15","3.13509","3.08745","6.67541","7.26451","0","0","0","0","0","0","0","0"
"3.14023","0.500044","0.546756","0.0343332","0.538184","0.623981","10.4164","1.74068e-15","3.14033","3.08995","6.74653","7.24523","0","0","0","0","0","0","0","0"
"3.14363","0.500044","0.546756","0.0343521","0.537665","0.62347","10.3495","1.74271e-15","3.14037","3.08804","6.82854","7.22204","0","0","0","0","0","0","0","0"
"3.14702","0.500044","0.546756","0.0343683","0.537421","0.622803","10.2935","1.7421e-15","3.13694","3.08604","6.89729","7.21194","0","0","0","0","0","0","0","0"
"3.15048","0.500044","0.546756","0.0343888","0.537426","0.622523","10.2273","1.7427e-15","3.13606","3.08772","6.98157","7.20772","0","0","0","0","0","0","0","0"
"3.15378","0.500044","0.546248","0.0344081","0.537094","0.622483","10.1699","1.74196e-15","3.13454","3.08638","7.05841","7.21303","0","0","0","0","0","0","0","0"
"3.15718","0.500044","0.546248","0.0344306","0.536567","0.622064","10.1042","1.7435e-15","3.13134","3.09684","7.14666","7.23532","0","0","0","0","0","0","0","0"
"3.16055","0.500044","0.546248","0.0344499","0.535834","0.621455","10.0484","1.74212e-15","3.13133","3.0948","7.22265","7.23169","0","0","0","0","0","0","0","0"
"3.16393","0.500044","0.546248","0.0344725","0.534742","0.619958","9.98353","1.74449e-15","3.13307","3.09676","7.31276","7.23207","0","0","0","0","0","0","0","0"
"3.16743","0.500044","0.546248","0.0344907","0.534368","0.619819","9.9272","1.74255e-15","3.13068","3.09722","7.39405","7.20599","0","0","0","0","0","0","0","0"
"3.1707","0.500044","0.545856","0.0345106","0.53504","0.620071","9.86308","1.74465e-15","3.12544","3.08995","7.48767","7.23985","0","0","0","0","0","0","0","0"
"3.17408","0.500044","0.545856","0.0345276","0.534461","0.619436","9.80842","1.74309e-15","3.12858","3.08845","7.56894","7.22516","0","0","0","0","0","0","0","0"
"3.17748","0.500044","0.545856","0.0345475","0.533803","0.618138","9.74483","1.74529e-15","3.12832","3.09224","7.6655","7.22794","0","0","0","0","0","0","0","0"
"3.18087","0.500044","0.545856","0.0345646","0.533638","0.617782","9.69117","1.74422e-15","3.13225","3.09243","7.74763","7.21163","0","0","0","0","0","0","0","0"
"3.18435","0.500044","0.545856","0.0345826","0.533623","0.617821","9.63515","1.74425e-15","3.12637","3.09183","7.82505","7.20638","0","0","0","0","0","0","0","0"
"3.18763","0.500044","0.545493","0.0345969","0.533203","0.617693","9.59101","1.74279e-15","3.12869","3.0934","7.88108","7.20588","0","0","0","0","0","0","0","0"
"3.19103","0.500044","0.545493","0.0346136","0.532789","0.61708","9.53155","1.74365e-15","3.12354","3.09083","7.97387","7.21872","0","0","0","0","0","0","0","0"
"3.1944","0.500044","0.545493","0.0346279","0.532368","0.6162","9.47958","1.74247e-15","3.12187","3.09064","8.05861","7.2271","0","0","0","0","0","0","0","0"
"3.1978","0.500044","0.545493","0.0346446","0.532444","0.616503","9.41884","1.7446e-15","3.12294","3.08758","8.16026","7.23167","0","0","0","0","0","0","0","0"
"3.2018","0.500044","0.545493","0.034665","0.532173","0.615823","9.3583","1.74299e-15","3.12181","3.08896","8.26389","7.2251","0","0","0","0","0","0","0","0"
"3.20508","0.500044","0.545085","0.0346868","0.532034","0.615233","9.29914","1.74509e-15","3.11629","3.08763","8.36532","7.23971","0","0","0","0","0","0","0","0"
"3.20847","0.500044","0.545085","0.0347055","0.531449","0.614565","9.24872","1.74356e-15","3.11417","3.08864","8.45331","7.2349","0","0","0","0","0","0","0","0"
"3.21187","0.500044","0.545085","0.0347273","0.531925","0.614234","9.19264","1.74626e-15","3.12112","3.09026","8.54836","7.25502","0","0","0","0","0","0","0","0"
"3.21523","0.500044","0.545085","0.034746","0.532627","0.614226","9.1428","1.74483e-15","3.12512","3.09339","8.63825","7.23705","0","0","0","0","0","0","0","0"
"3.21873","0.500044","0.545085","0.0347656","0.532532","0.614039","9.08582","1.74329e-15","3.12587","3.10008","8.74117","7.23208","0","0","0","0","0","0","0","0"
"3.22202","0.500044","0.544795","0.0347822","0.532024","0.613191","9.03688","1.74571e-15","3.12429","3.107","8.83184","7.25218","0","0","0","0","0","0","0","0"
"3.2254","0.500044","0.544795","0.0348014","0.53276","0.613593","8.9803","1.74448e-15","3.12743","3.11159","8.93814","7.24667","0","0","0","0","0","0","0","0"
"3.22878","0.500044","0.544795","0.034818","0.53284","0.613363","8.93312","1.74645e-15","3.12996","3.11369","9.02613","7.26565","0","0","0","0","0","0","0","0"
"3.2333","0.500044","0.544795","0.0348424","0.532092","0.612806","8.86052","1.74546e-15","3.12736","3.11128","9.16909","7.24838","0","0","0","0","0","0","0","0"
"3.2366","0.500044","0.544574","0.0348576","0.531857","0.612197","8.8128","1.74605e-15","3.12407","3.11159","9.26415","7.25855","0","0","0","0","0","0","0","0"
"3.24012","0.500044","0.544574","0.0348755","0.531307","0.611665","8.75609","1.74545e-15","3.12366","3.11256","9.38214","7.25044","0","0","0","0","0","0","0","0"
"3.24337","0.500044","0.544574","0.0348908","0.531458","0.611323","8.70894","1.74587e-15","3.1294","3.11321","9.4794","7.26893","0","0","0","0","0","0","0","0"
"3.24675","0.500044","0.544574","0.0349086","0.531983","0.611355","8.6533","1.74712e-15","3.13045","3.10843","9.59839","7.26302","0","0","0","0","0","0","0","0"
"3.25023","0.500044","0.544574","0.0349242","0.531294","0.610423","8.60548","1.74588e-15","3.12954","3.10873","9.70338","7.24656","0","0","0","0","0","0","0","0"
"3.25352","0.500044","0.544462","0.0349434","0.531226","0.610423","8.55006","1.7472e-15","3.12639","3.10677","9.82716","7.24937","0","0","0","0","0","0","0","0"
"3.25703","0.500044","0.544462","0.0349598","0.531416","0.610368","8.50451","1.74494e-15","3.12814","3.10512","9.92675","7.23905","0","0","0","0","0","0","0","0"
"3.26028","0.500044","0.544462","0.0349789","0.531947","0.610629","8.45427","1.74621e-15","3.14236","3.10471","10.0321","7.25629","0","0","0","0","0","0","0","0"
"3.26367","0.500044","0.544462","0.0349953","0.531368","0.609903","8.40746","1.74449e-15","3.14113","3.10372","10.1423","7.24115","0","0","0","0","0","0","0","0"
"3.26717","0.500044","0.544462","0.0350153","0.530825","0.609214","8.35294","1.74358e-15","3.14105","3.10495","10.2735","7.21902","0","0","0","0","0","0","0","0"
"3.27045","0.500044","0.544192","0.0350334","0.530536","0.608758","8.30693","1.74548e-15","3.14013","3.10123","10.3851","7.22456","0","0","0","0","0","0","0","0"
"3.27383","0.500044","0.544192","0.0350545","0.530333","0.608212","8.2535","1.74397e-15","3.13851","3.0971","10.5172","7.21259","0","0","0","0","0","0","0","0"
"3.27722","0.500044","0.544192","0.0350726","0.530607","0.608364","8.20804","1.74514e-15","3.13619","3.09118","10.6315","7.23485","0","0","0","0","0","0","0","0"
"3.28062","0.500044","0.544192","0.0350937","0.529814","0.607354","8.15528","1.74546e-15","3.1343","3.0916","10.7666","7.23809","0","0","0","0","0","0","0","0"
"3.28643","0.500044","0.544192","0.0351292","0.529738","0.607006","8.07352","1.74499e-15","3.13163","3.09324","10.9798","7.23205","0","0","0","0","0","0","0","0"
"3.28972","0.500044","0.543979","0.0351491","0.529314","0.606667","8.02938","1.74586e-15","3.12642","3.08989","11.0973","7.23406","0","0","0","0","0","0","0","0"
"3.29312","0.500044","0.543979","0.0351723","0.528872","0.605928","7.97836","1.74456e-15","3.12288","3.09499","11.235","7.22211","0","0","0","0","0","0","0","0"
"3.29648","0.500044","0.543979","0.0351922","0.528854","0.605555","7.93478","1.74617e-15","3.11976","3.09381","11.355","7.23251","0","0","0","0","0","0","0","0"
"3.29998","0.500044","0.543979","0.0352112","0.528475","0.605102","7.88523","1.74619e-15","3.12272","3.09441","11.4909","7.21681","0","0","0","0","0","0","0","0"
"3.30325","0.500044","0.543661","0.0352185","0.528681","0.604805","7.84191","1.74469e-15","3.11606","3.09097","11.615","7.20903","0","0","0","0","0","0","0","0"
"3.30665","0.500044","0.543661","0.035227","0.528832","0.605047","7.79109","1.74686e-15","3.11508","3.08727","11.7651","7.2545","0","0","0","0","0","0","0","0"
"3.31003","0.500044","0.543661","0.0352342","0.528403","0.604698","7.74844","1.7472e-15","3.11709","3.08298","11.8913","7.24144","0","0","0","0","0","0","0","0"
"3.31342","0.500044","0.543661","0.0352427","0.529472","0.605315","7.6991","1.74592e-15","3.11244","3.07795","12.0395","7.2227","0","0","0","0","0","0","0","0"
"3.3169","0.500044","0.543661","0.0352496","0.529692","0.605562","7.65683","1.74758e-15","3.10783","3.07781","12.1694","7.2245","0","0","0","0","0","0","0","0"
"3.3202","0.500044","0.543305","0.0352569","0.529899","0.606154","7.60735","1.74711e-15","3.11766","3.09368","12.3258","7.20953","0","0","0","0","0","0","0","0"
"3.32357","0.500044","0.543305","0.0352631","0.5291","0.605385","7.56517","1.74552e-15","3.12033","3.0935","12.4615","7.21401","0","0","0","0","0","0","0","0"
"3.32695","0.500044","0.543305","0.0352703","0.529497","0.605458","7.52005","1.74805e-15","3.1194","3.0937","12.5966","7.26222","0","0","0","0","0","0","0","0"
"3.33033","0.500044","0.543305","0.0352765","0.529425","0.605011","7.48036","1.74764e-15","3.11782","3.09104","12.7218","7.262","0","0","0","0","0","0","0","0"
"3.33385","0.500044","0.543305","0.0352837","0.529147","0.604598","7.43198","1.74564e-15","3.12004","3.08761","12.8854","7.23106","0","0","0","0","0","0","0","0"
"3.33712","0.500044","0.543141","0.0352898","0.528848","0.604219","7.3912","1.74649e-15","3.12189","3.08436","13.0244","7.22258","0","0","0","0","0","0","0","0"
"3.3405","0.500044","0.543141","0.035297","0.528611","0.604285","7.34337","1.74529e-15","3.12055","3.07983","13.1921","7.20906","0","0","0","0","0","0","0","0"
"3.34392","0.500044","0.543141","0.0353032","0.528394","0.604359","7.30284","1.74457e-15","3.11755","3.07962","13.3361","7.21068","0","0","0","0","0","0","0","0"
"3.34727","0.500044","0.543141","0.0353104","0.527983","0.603755","7.25553","1.74661e-15","3.11682","3.07939","13.5083","7.24116","0","0","0","0","0","0","0","0"
"3.35075","0.500044","0.543141","0.0353187","0.528351","0.603603","7.21727","1.74528e-15","3.11843","3.0805","13.6422","7.22062","0","0","0","0","0","0","0","0"
"3.35405","0.500044","0.543205","0.0353308","0.528193","0.603333","7.17097","1.74495e-15","3.11848","3.07902","13.8148","7.2323","0","0","0","0","0","0","0","0"
"3.35743","0.500044","0.543205","0.0353412","0.528478","0.603191","7.1316","1.74681e-15","3.11875","3.07706","13.9639","7.25295","0","0","0","0","0","0","0","0"
"3.36082","0.500044","0.543205","0.0353534","0.528212","0.602424","7.08687","1.74581e-15","3.11889","3.0775","14.1325","7.23564","0","0","0","0","0","0","0","0"
"3.3642","0.500044","0.543205","0.0353638","0.528391","0.602195","7.04786","1.74658e-15","3.11639","3.07537","14.2859","7.23791","0","0","0","0","0","0","0","0"
"3.37003","0.500044","0.543205","0.0353799","0.528484","0.602049","6.97917","1.74616e-15","3.11171","3.07434","14.5525","7.23094","0","0","0","0","0","0","0","0"
"3.37332","0.500044","0.54299","0.0353895","0.528459","0.602144","6.93739","1.74596e-15","3.10811","3.07269","14.7115","7.23","0","0","0","0","0","0","0","0"
"3.3767","0.500044","0.54299","0.0353977","0.528474","0.602097","6.89997","1.74776e-15","3.10957","3.0738","14.8645","7.25433","0","0","0","0","0","0","0","0"
"3.38008","0.500044","0.54299","0.0354072","0.528268","0.60178","6.85702","1.7471e-15","3.11026","3.07458","15.0411","7.24643","0","0","0","0","0","0","0","0"
"3.38357","0.500044","0.54299","0.035415","0.528131","0.601333","6.81977","1.74544e-15","3.10656","3.07337","15.2","7.22591","0","0","0","0","0","0","0","0"
"3.38687","0.500044","0.542764","0.035423","0.528374","0.601721","6.77685","1.74635e-15","3.1087","3.06947","15.3848","7.26402","0","0","0","0","0","0","0","0"
"3.39023","0.500044","0.542764","0.0354298","0.527865","0.601385","6.74083","1.74704e-15","3.10947","3.06767","15.54","7.27036","0","0","0","0","0","0","0","0"
"3.39363","0.500044","0.542764","0.0354378","0.527701","0.60118","6.7002","1.74524e-15","3.10687","3.06256","15.7123","7.255","0","0","0","0","0","0","0","0"
"3.39703","0.500044","0.542764","0.0354446","0.527475","0.601626","6.66389","1.74632e-15","3.1091","3.05843","15.8773","7.27796","0","0","0","0","0","0","0","0"
"3.40048","0.500044","0.542764","0.0354541","0.526742","0.600775","6.62254","1.74639e-15","3.11524","3.05672","16.0647","7.26904","0","0","0","0","0","0","0","0"
"3.40378","0.500044","0.542574","0.035464","0.526537","0.600927","6.58678","1.74458e-15","3.11307","3.06173","16.2322","7.26467","0","0","0","0","0","0","0","0"
"3.40717","0.500044","0.542574","0.0354755","0.527555","0.601213","6.54752","1.74668e-15","3.11603","3.06042","16.4078","7.29783","0","0","0","0","0","0","0","0"
"3.41055","0.500044","0.542574","0.0354854","0.526623","0.599926","6.51226","1.74745e-15","3.11842","3.06634","16.5779","7.29341","0","0","0","0","0","0","0","0"
"3.41395","0.500044","0.542574","0.0354969","0.526256","0.59952","6.47211","1.74598e-15","3.11499","3.06327","16.7708","7.27264","0","0","0","0","0","0","0","0"
"3.41743","0.500044","0.542574","0.0355081","0.525724","0.598905","6.43703","1.74516e-15","3.11979","3.06835","16.9471","7.29294","0","0","0","0","0","0","0","0"
"3.4207","0.500044","0.54239","0.0355229","0.525228","0.598222","6.39662","1.7474e-15","3.12169","3.06953","17.152","7.30912","0","0","0","0","0","0","0","0"
"3.4241","0.500044","0.54239","0.0355355","0.525378","0.598147","6.36318","1.74556e-15","3.12507","3.06489","17.319","7.29442","0","0","0","0","0","0","0","0"
"3.42748","0.500044","0.54239","0.0355503","0.524783","0.597346","6.32271","1.74547e-15","3.13295","3.0762","17.5343","7.30181","0","0","0","0","0","0","0","0"
"3.43095","0.500044","0.54239","0.035563","0.524242","0.596537","6.28799","1.7471e-15","3.12971","3.07466","17.7237","7.32927","0","0","0","0","0","0","0","0"
"3.43448","0.500044","0.54239","0.0355749","0.52405","0.596227","6.24749","1.74517e-15","3.13304","3.07619","17.9498","7.30645","0","0","0","0","0","0","0","0"
"3.43772","0.500044","0.542068","0.0355832","0.523982","0.595822","6.21367","1.74528e-15","3.12728","3.07398","18.1378","7.3211","0","0","0","0","0","0","0","0"
"3.4411","0.500044","0.542068","0.035593","0.523852","0.59586","6.17393","1.7476e-15","3.12503","3.06877","18.3659","7.34787","0","0","0","0","0","0","0","0"
"3.44448","0.500044","0.542068","0.0356014","0.524328","0.596166","6.14136","1.74697e-15","3.12249","3.07159","18.5482","7.32544","0","0","0","0","0","0","0","0"
"3.44788","0.500044","0.542068","0.0356112","0.524004","0.595539","6.10195","1.74608e-15","3.12429","3.06842","18.783","7.34372","0","0","0","0","0","0","0","0"
"3.45318","0.500044","0.542068","0.0356277","0.524257","0.595653","6.04774","1.74513e-15","3.1284","3.06726","19.1029","7.32926","0","0","0","0","0","0","0","0"
"3.45648","0.500044","0.541469","0.035638","0.524357","0.595317","6.0149","1.744e-15","3.12791","3.066","19.3044","7.31748","0","0","0","0","0","0","0","0"
"3.46","0.500044","0.541469","0.03565","0.5239","0.594642","5.97707","1.74566e-15","3.1256","3.06548","19.5389","7.3346","0","0","0","0","0","0","0","0"
"3.46323","0.500044","0.541469","0.0356602","0.524844","0.59545","5.94524","1.74694e-15","3.1243","3.06712","19.7367","7.33354","0","0","0","0","0","0","0","0"
"3.46672","0.500044","0.541469","0.0356728","0.525048","0.595846","5.91114","1.74519e-15","3.12274","3.0608","19.9326","7.30464","0","0","0","0","0","0","0","0"
"3.47002","0.500044","0.541035","0.0356849","0.525414","0.595574","5.88925","1.74579e-15","3.1164","3.0659","20.0057","7.32911","0","0","0","0","0","0","0","0"
"3.4734","0.500044","0.541035","0.0356991","0.525451","0.59556","5.85619","1.74729e-15","3.11539","3.05875","20.1941","7.34933","0","0","0","0","0","0","0","0"
"3.47678","0.500044","0.541035","0.0357112","0.525681","0.595704","5.82524","1.74626e-15","3.11341","3.05391","20.3954","7.32619","0","0","0","0","0","0","0","0"
"3.48017","0.500044","0.541035","0.0357253","0.525581","0.59563","5.78804","1.74707e-15","3.11223","3.05435","20.651","7.34097","0","0","0","0","0","0","0","0"
"3.48365","0.500044","0.541035","0.0357369","0.525454","0.595271","5.75711","1.74812e-15","3.11703","3.05334","20.8616","7.3385","0","0","0","0","0","0","0","0"
"3.48693","0.500044","0.540918","0.0357495","0.525236","0.594985","5.72088","1.7469e-15","3.11113","3.04897","21.1152","7.32112","0","0","0","0","0","0","0","0"
"3.49032","0.500044","0.540918","0.0357602","0.52583","0.595323","5.68962","1.74549e-15","3.10629","3.04992","21.3409","7.31348","0","0","0","0","0","0","0","0"
"3.49377","0.500044","0.540918","0.0357728","0.525842","0.59521","5.65353","1.74703e-15","3.10149","3.04876","21.6048","7.34394","0","0","0","0","0","0","0","0"
"3.4971","0.500044","0.540918","0.0357835","0.526413","0.595642","5.62326","1.74767e-15","3.10583","3.05492","21.826","7.35561","0","0","0","0","0","0","0","0"
"3.50058","0.500044","0.540918","0.035796","0.525754","0.594934","5.58814","1.74491e-15","3.10497","3.05713","22.0872","7.33304","0","0","0","0","0","0","0","0"
"3.50387","0.500044","0.540974","0.0358065","0.525357","0.594378","5.55807","1.74577e-15","3.10625","3.06241","22.3157","7.33544","0","0","0","0","0","0","0","0"
"3.50725","0.500044","0.540974","0.0358187","0.525615","0.594102","5.52256","1.74821e-15","3.10565","3.06356","22.5957","7.32688","0","0","0","0","0","0","0","0"
"3.51063","0.500044","0.540974","0.0358293","0.526088","0.594068","5.49592","1.74719e-15","3.102","3.06189","22.7789","7.30778","0","0","0","0","0","0","0","0"
"3.51402","0.500044","0.540974","0.0358415","0.526058","0.594141","5.4616","1.7461e-15","3.10572","3.05971","23.0513","7.30742","0","0","0","0","0","0","0","0"
"3.5175","0.500044","0.540974","0.0358545","0.52669","0.594509","5.43474","1.74649e-15","3.10984","3.06029","23.2472","7.31197","0","0","0","0","0","0","0","0"
"3.52078","0.500044","0.540938","0.0358727","0.526613","0.59444","5.40279","1.74628e-15","3.11518","3.06028","23.4907","7.30023","0","0","0","0","0","0","0","0"
"3.52418","0.500044","0.540938","0.0358882","0.526008","0.59387","5.37605","1.7458e-15","3.11273","3.06116","23.6929","7.30021","0","0","0","0","0","0","0","0"
"3.52755","0.500044","0.540938","0.0359063","0.525288","0.592813","5.34236","1.74794e-15","3.11237","3.06147","23.9786","7.32594","0","0","0","0","0","0","0","0"
"3.53095","0.500044","0.540938","0.0359218","0.525483","0.592965","5.31522","1.74936e-15","3.11559","3.06317","24.1977","7.33408","0","0","0","0","0","0","0","0"
"3.53652","0.500044","0.540938","0.0359407","0.525357","0.593106","5.26494","1.74624e-15","3.10596","3.07429","24.6208","7.31406","0","0","0","0","0","0","0","0"
"3.53983","0.500044","0.54081","0.0359491","0.526665","0.594231","5.23847","1.74745e-15","3.12857","3.08616","24.8406","7.33017","0","0","0","0","0","0","0","0"
"3.54318","0.500044","0.54081","0.0359588","0.526162","0.594004","5.20571","1.74912e-15","3.12596","3.08038","25.1385","7.34444","0","0","0","0","0","0","0","0"
"3.54657","0.500044","0.54081","0.0359672","0.525622","0.593241","5.1778","1.74721e-15","3.12603","3.08019","25.3968","7.33439","0","0","0","0","0","0","0","0"
"3.55005","0.500044","0.54081","0.0359755","0.525192","0.592933","5.14551","1.74598e-15","3.12099","3.07536","25.6996","7.31533","0","0","0","0","0","0","0","0"
"3.55335","0.500044","0.540633","0.0359796","0.524864","0.592706","5.11829","1.74716e-15","3.11943","3.0744","25.9562","7.33458","0","0","0","0","0","0","0","0"
"3.55672","0.500044","0.540633","0.0359844","0.525011","0.59282","5.08585","1.74757e-15","3.11543","3.06503","26.2766","7.33631","0","0","0","0","0","0","0","0"
"3.5601","0.500044","0.540633","0.0359885","0.524649","0.592772","5.05806","1.74578e-15","3.11355","3.06349","26.5572","7.32337","0","0","0","0","0","0","0","0"
"3.56345","0.500044","0.540633","0.0359932","0.524725","0.593143","5.02666","1.74605e-15","3.10823","3.05694","26.871","7.34368","0","0","0","0","0","0","0","0"
"3.56692","0.500044","0.540633","0.0359978","0.525545","0.593526","5.00083","1.74799e-15","3.10242","3.06437","27.123","7.33075","0","0","0","0","0","0","0","0"
"3.57027","0.500044","0.540479","0.036004","0.525108","0.592783","4.96899","1.74652e-15","3.10263","3.06263","27.4608","7.30276","0","0","0","0","0","0","0","0"
"3.57365","0.500044","0.540479","0.0360094","0.524976","0.592558","4.94156","1.74581e-15","3.09993","3.06174","27.7605","7.30959","0","0","0","0","0","0","0","0"
"3.57703","0.500044","0.540479","0.0360156","0.524934","0.592439","4.91302","1.74671e-15","3.10081","3.06051","28.0398","7.32869","0","0","0","0","0","0","0","0"
"3.58038","0.500044","0.540479","0.036021","0.525916","0.593382","4.88971","1.74654e-15","3.11042","3.065","28.2583","7.32396","0","0","0","0","0","0","0","0"
"3.584","0.500044","0.540479","0.0360279","0.525701","0.592906","4.85856","1.7452e-15","3.11009","3.06672","28.6107","7.30107","0","0","0","0","0","0","0","0"
"3.5873","0.500044","0.540349","0.0360346","0.525982","0.59261","4.83602","1.74713e-15","3.10458","3.06314","28.8215","7.32383","0","0","0","0","0","0","0","0"
"3.59067","0.500044","0.540349","0.0360425","0.525487","0.592219","4.80595","1.748e-15","3.10342","3.07297","29.163","7.3386","0","0","0","0","0","0","0","0"
"3.59407","0.500044","0.540349","0.0360492","0.524937","0.591703","4.78293","1.74614e-15","3.10326","3.07304","29.3955","7.32469","0","0","0","0","0","0","0","0"
"3.59745","0.500044","0.540349","0.036057","0.525474","0.592303","4.75458","1.74681e-15","3.10739","3.07594","29.7093","7.33222","0","0","0","0","0","0","0","0"
"3.60095","0.500044","0.540349","0.0360624","0.525985","0.592533","4.73283","1.74826e-15","3.10322","3.07305","29.9203","7.32446","0","0","0","0","0","0","0","0"
"3.60417","0.500044","0.540304","0.036067","0.52627","0.592832","4.70649","1.74724e-15","3.10211","3.07058","30.1966","7.31355","0","0","0","0","0","0","0","0"
"3.60752","0.500044","0.540304","0.036071","0.526351","0.592709","4.6815","1.74588e-15","3.10063","3.07147","30.5004","7.29596","0","0","0","0","0","0","0","0"
"3.61088","0.500044","0.540304","0.0360756","0.525887","0.59189","4.6529","1.74645e-15","3.09702","3.07232","30.8486","7.3143","0","0","0","0","0","0","0","0"
"3.61427","0.500044","0.540304","0.0360796","0.525908","0.591999","4.6282","1.74797e-15","3.09465","3.07094","31.1587","7.32758","0","0","0","0","0","0","0","0"
"3.61983","0.500044","0.540304","0.036091","0.525488","0.59161","4.58513","1.74563e-15","3.09487","3.06854","31.6841","7.30485","0","0","0","0","0","0","0","0"
"3.62313","0.500044","0.540184","0.036098","0.526021","0.591958","4.56161","1.7439e-15","3.09466","3.062","31.9796","7.29031","0","0","0","0","0","0","0","0"
"3.6265","0.500044","0.540184","0.0361062","0.52639","0.591777","4.53428","1.74368e-15","3.08998","3.06234","32.3296","7.30872","0","0","0","0","0","0","0","0"
"3.6299","0.500044","0.540184","0.0361132","0.527112","0.592553","4.51395","1.74556e-15","3.09149","3.06583","32.5479","7.32377","0","0","0","0","0","0","0","0"
"3.63338","0.500044","0.540184","0.0361201","0.5275","0.592783","4.48936","1.74644e-15","3.08769","3.06191","32.8325","7.3196","0","0","0","0","0","0","0","0"
"3.63675","0.500044","0.540068","0.0361233","0.52755","0.592851","4.46537","1.74439e-15","3.08534","3.05974","33.1672","7.30194","0","0","0","0","0","0","0","0"
"3.64005","0.500044","0.540068","0.036127","0.527272","0.592542","4.43723","1.74317e-15","3.08404","3.05839","33.5716","7.29119","0","0","0","0","0","0","0","0"
"3.64343","0.500044","0.540068","0.0361302","0.527804","0.59283","4.41491","1.7452e-15","3.08862","3.0693","33.8715","7.33103","0","0","0","0","0","0","0","0"
"3.64678","0.500044","0.540068","0.0361339","0.528057","0.592957","4.38731","1.74746e-15","3.08907","3.06433","34.2774","7.35319","0","0","0","0","0","0","0","0"
"3.65025","0.500044","0.540068","0.0361387","0.528076","0.593495","4.36636","1.74649e-15","3.09206","3.06081","34.5487","7.34215","0","0","0","0","0","0","0","0"
"3.65358","0.500044","0.540016","0.0361479","0.528527","0.593524","4.34047","1.74455e-15","3.08554","3.06232","34.9178","7.3358","0","0","0","0","0","0","0","0"
"3.65702","0.500044","0.540016","0.0361558","0.528545","0.593687","4.31949","1.74525e-15","3.08634","3.06072","35.202","7.34444","0","0","0","0","0","0","0","0"
"3.6604","0.500044","0.540016","0.036165","0.527794","0.593378","4.29297","1.74833e-15","3.08725","3.05597","35.6081","7.37621","0","0","0","0","0","0","0","0"
"3.66373","0.500044","0.540016","0.0361729","0.527417","0.592698","4.26963","1.74831e-15","3.08758","3.06116","35.9846","7.37571","0","0","0","0","0","0","0","0"
"3.66717","0.500044","0.540016","0.0361812","0.527998","0.593381","4.2447","1.74488e-15","3.09533","3.0717","36.356","7.3549","0","0","0","0","0","0","0","0"
"3.67053","0.500044","0.540201","0.0361871","0.528048","0.593255","4.22475","1.74489e-15","3.09478","3.06954","36.6324","7.36582","0","0","0","0","0","0","0","0"
"3.675","0.500044","0.540201","0.0361941","0.528092","0.592795","4.20112","1.74735e-15","3.10134","3.06738","36.9742","7.40904","0","0","0","0","0","0","0","0"
"3.67787","0.500044","0.540201","0.0362001","0.528228","0.592966","4.17999","1.74652e-15","3.09686","3.07035","37.3042","7.40471","0","0","0","0","0","0","0","0"
"3.68068","0.500044","0.540201","0.036207","0.528578","0.593504","4.15473","1.74427e-15","3.09106","3.06351","37.7201","7.39318","0","0","0","0","0","0","0","0"
"3.68422","0.500044","0.540201","0.0362144","0.528888","0.59372","4.13375","1.74267e-15","3.09065","3.07014","38.0601","7.38116","0","0","0","0","0","0","0","0"
"3.68747","0.500044","0.540295","0.0362248","0.529627","0.594498","4.10946","1.74478e-15","3.08383","3.06603","38.4583","7.37237","0","0","0","0","0","0","0","0"
"3.69092","0.500044","0.540295","0.0362336","0.529606","0.594783","4.08855","1.74549e-15","3.07846","3.06472","38.8109","7.36996","0","0","0","0","0","0","0","0"
"3.69427","0.500044","0.540295","0.0362439","0.529782","0.59452","4.06481","1.7433e-15","3.07922","3.06755","39.2062","7.34989","0","0","0","0","0","0","0","0"
"3.69847","0.500044","0.540295","0.0362528","0.530171","0.59467","4.04524","1.74307e-15","3.07626","3.07749","39.5225","7.34748","0","0","0","0","0","0","0","0"
"3.7019","0.500044","0.540295","0.036265","0.529992","0.595109","4.01709","1.74347e-15","3.07014","3.07819","40.035","7.35992","0","0","0","0","0","0","0","0"
"3.70525","0.500044","0.540285","0.0362761","0.530327","0.595952","3.99275","1.74294e-15","3.06287","3.07283","40.4838","7.34323","0","0","0","0","0","0","0","0"
"3.70862","0.500044","0.540285","0.0362855","0.52989","0.595319","3.97113","1.74132e-15","3.06251","3.07211","40.9083","7.32346","0","0","0","0","0","0","0","0"
"3.71198","0.500044","0.540285","0.0362965","0.52913","0.594354","3.94642","1.74115e-15","3.06382","3.07721","41.3938","7.3238","0","0","0","0","0","0","0","0"
"3.71537","0.500044","0.540285","0.036306","0.528617","0.59412","3.92719","1.74285e-15","3.06529","3.07711","41.7374","7.34735","0","0","0","0","0","0","0","0"
"3.71885","0.500044","0.540285","0.0363176","0.527962","0.593253","3.90351","1.74344e-15","3.06543","3.07956","42.2","7.33155","0","0","0","0","0","0","0","0"
"3.72208","0.500044","0.540541","0.0363277","0.528217","0.592898","3.88684","1.74205e-15","3.06425","3.08082","42.4481","7.31123","0","0","0","0","0","0","0","0"
"3.72562","0.500044","0.540541","0.0363394","0.528589","0.593274","3.86657","1.74164e-15","3.06713","3.07413","42.7793","7.30678","0","0","0","0","0","0","0","0"
"3.729","0.500044","0.540541","0.0363511","0.52914","0.593399","3.84836","1.74406e-15","3.07097","3.07145","43.0267","7.32308","0","0","0","0","0","0","0","0"
"3.73328","0.500044","0.540541","0.0363627","0.528756","0.593434","3.8289","1.74457e-15","3.06886","3.06945","43.3357","7.31803","0","0","0","0","0","0","0","0"
"3.73655","0.500044","0.540556","0.0363732","0.528443","0.593143","3.80638","1.74182e-15","3.06641","3.0659","43.79","7.30252","0","0","0","0","0","0","0","0"
"3.73995","0.500044","0.540556","0.0363837","0.52823","0.592903","3.78354","1.7424e-15","3.06636","3.07124","44.2704","7.29979","0","0","0","0","0","0","0","0"
"3.74333","0.500044","0.540556","0.0363927","0.528325","0.593687","3.76373","1.74427e-15","3.06706","3.06706","44.7027","7.29791","0","0","0","0","0","0","0","0"
"3.74677","0.500044","0.540556","0.0364033","0.528449","0.593931","3.74236","1.74354e-15","3.06581","3.06565","45.1348","7.29618","0","0","0","0","0","0","0","0"
"3.75025","0.500044","0.540556","0.0364117","0.527876","0.593633","3.72226","1.74189e-15","3.06528","3.06434","45.5998","7.27936","0","0","0","0","0","0","0","0"
"3.75353","0.500044","0.540253","0.03642","0.52785","0.593491","3.70148","1.74188e-15","3.06271","3.06171","46.023","7.29421","0","0","0","0","0","0","0","0"
"3.75693","0.500044","0.540253","0.0364272","0.528034","0.593976","3.6859","1.74368e-15","3.06501","3.06358","46.2826","7.31098","0","0","0","0","0","0","0","0"
"3.76032","0.500044","0.540253","0.0364356","0.52759","0.593321","3.66497","1.74157e-15","3.06525","3.06333","46.7298","7.29564","0","0","0","0","0","0","0","0"
"3.7637","0.500044","0.540253","0.0364427","0.527697","0.593467","3.64808","1.74096e-15","3.06445","3.06234","47.0684","7.29184","0","0","0","0","0","0","0","0"
"3.77003","0.500044","0.540253","0.0364497","0.527443","0.592888","3.62885","1.74168e-15","3.06006","3.06011","47.4462","7.29709","0","0","0","0","0","0","0","0"
"3.77122","0.500044","0.540253","0.0364549","0.52775","0.592874","3.60949","1.74187e-15","3.06309","3.05877","47.8396","7.29217","0","0","0","0","0","0","0","0"
"3.7741","0.500044","0.54022","0.0364593","0.527968","0.593303","3.5907","1.74075e-15","3.06115","3.05334","48.3007","7.27423","0","0","0","0","0","0","0","0"
"3.77752","0.500044","0.54022","0.0364645","0.5279","0.59324","3.56951","1.73993e-15","3.05808","3.05235","48.8111","7.27571","0","0","0","0","0","0","0","0"
"3.78095","0.500044","0.54022","0.0364689","0.528661","0.593978","3.55097","1.74118e-15","3.05905","3.05207","49.2796","7.31029","0","0","0","0","0","0","0","0"
"3.78645","0.500044","0.54022","0.0364767","0.528449","0.594023","3.5177","1.74149e-15","3.05937","3.04035","50.123","7.27967","0","0","0","0","0","0","0","0"
"3.78973","0.500044","0.540121","0.036481","0.528168","0.593809","3.50007","1.7406e-15","3.05811","3.03724","50.5668","7.27252","0","0","0","0","0","0","0","0"
"3.79312","0.500044","0.540121","0.0364859","0.528386","0.593613","3.48322","1.74198e-15","3.0554","3.03258","50.8798","7.30187","0","0","0","0","0","0","0","0"
"3.7965","0.500044","0.540121","0.0364901","0.528053","0.593518","3.4661","1.7443e-15","3.05565","3.02997","51.3108","7.32374","0","0","0","0","0","0","0","0"
"3.79998","0.500044","0.540121","0.0364952","0.52828","0.593718","3.44582","1.74495e-15","3.04854","3.03005","51.8425","7.31869","0","0","0","0","0","0","0","0"
"3.80328","0.500044","0.540029","0.0365","0.528643","0.594686","3.44123","1.74346e-15","3.04928","3.03839","51.5531","7.29804","0","0","0","0","0","0","0","0"
"3.80665","0.500044","0.540029","0.0365057","0.528464","0.594577","3.44015","1.74094e-15","3.04523","3.03915","50.9652","7.28062","0","0","0","0","0","0","0","0"
"3.81018","0.500044","0.540029","0.0365105","0.528116","0.594506","3.42595","1.74015e-15","3.04379","3.03579","51.235","7.28377","0","0","0","0","0","0","0","0"
"3.81343","0.500044","0.540029","0.0365161","0.527411","0.593698","3.40669","1.74184e-15","3.04405","3.03913","51.719","7.30839","0","0","0","0","0","0","0","0"
"3.81715","0.500044","0.540029","0.0365219","0.527714","0.594016","3.39275","1.74266e-15","3.04243","3.0336","51.9856","7.30557","0","0","0","0","0","0","0","0"
"3.8202","0.500044","0.540068","0.0365308","0.528257","0.594585","3.37306","1.74198e-15","3.03974","3.04097","52.5145","7.2896","0","0","0","0","0","0","0","0"
"3.82358","0.500044","0.540068","0.0365385","0.528456","0.594489","3.35583","1.74031e-15","3.04237","3.04112","53.0003","7.28026","0","0","0","0","0","0","0","0"
"3.82697","0.500044","0.540068","0.0365474","0.528002","0.593901","3.33807","1.73984e-15","3.04556","3.04166","53.4299","7.29505","0","0","0","0","0","0","0","0"
"3.83037","0.500044","0.540068","0.036555","0.528129","0.593989","3.32312","1.74156e-15","3.04292","3.04641","53.7889","7.31778","0","0","0","0","0","0","0","0"
"3.83383","0.500044","0.540068","0.0365638","0.528589","0.594492","3.30794","1.74218e-15","3.05616","3.0459","54.0686","7.32711","0","0","0","0","0","0","0","0"
"3.83748","0.500044","0.540069","0.036571","0.528764","0.594593","3.2949","1.74031e-15","3.05136","3.04887","54.3156","7.31553","0","0","0","0","0","0","0","0"
"3.84052","0.500044","0.540069","0.0365795","0.528473","0.593956","3.2773","1.73922e-15","3.04942","3.04536","54.7669","7.31341","0","0","0","0","0","0","0","0"
"3.84388","0.500044","0.540069","0.0365867","0.52882","0.594166","3.26754","1.74117e-15","3.05135","3.04884","54.8068","7.3394","0","0","0","0","0","0","0","0"
"3.84728","0.500044","0.540069","0.0365952","0.528269","0.593736","3.24866","1.74303e-15","3.05395","3.05138","55.3585","7.35249","0","0","0","0","0","0","0","0"
"3.85078","0.500044","0.540069","0.0366025","0.528187","0.593595","3.23413","1.74168e-15","3.05446","3.04983","55.7284","7.32437","0","0","0","0","0","0","0","0"
"3.85405","0.500044","0.54008","0.0366112","0.528209","0.593503","3.21643","1.74047e-15","3.05315","3.04357","56.2216","7.32265","0","0","0","0","0","0","0","0"
"3.85758","0.500044","0.54008","0.0366186","0.528562","0.593407","3.20078","1.74233e-15","3.0494","3.041","56.6863","7.33656","0","0","0","0","0","0","0","0"
"3.8616","0.500044","0.54008","0.0366273","0.528874","0.594049","3.1828","1.74453e-15","3.04484","3.04185","57.22","7.3243","0","0","0","0","0","0","0","0"
"3.86422","0.500044","0.54008","0.0366348","0.528435","0.593461","3.16871","1.74407e-15","3.04634","3.04551","57.5916","7.31278","0","0","0","0","0","0","0","0"
"3.86978","0.500044","0.54008","0.0366471","0.528733","0.593649","3.14532","1.73986e-15","3.04186","3.04003","58.1123","7.2962","0","0","0","0","0","0","0","0"
"3.87307","0.500044","0.539997","0.0366536","0.528617","0.593489","3.12933","1.74073e-15","3.04315","3.04195","58.6437","7.31597","0","0","0","0","0","0","0","0"
"3.87645","0.500044","0.539997","0.0366611","0.529158","0.59454","3.11219","1.74309e-15","3.05585","3.04652","59.1631","7.37168","0","0","0","0","0","0","0","0"
"3.87983","0.500044","0.539997","0.0366676","0.528801","0.593904","3.09847","1.74341e-15","3.05621","3.04893","59.5431","7.3448","0","0","0","0","0","0","0","0"
"3.88333","0.500044","0.539997","0.0366748","0.529673","0.594225","3.0815","1.74047e-15","3.05575","3.04645","60.0712","7.32021","0","0","0","0","0","0","0","0"
"3.8866","0.500044","0.539864","0.0366804","0.529285","0.593884","3.06885","1.73942e-15","3.05419","3.04224","60.3843","7.31196","0","0","0","0","0","0","0","0"
"3.88998","0.500044","0.539864","0.0366868","0.528704","0.59333","3.05049","1.74005e-15","3.05166","3.04493","61.0419","7.33291","0","0","0","0","0","0","0","0"
"3.89337","0.500044","0.539864","0.0366924","0.527962","0.592716","3.03543","1.74181e-15","3.05608","3.05044","61.5644","7.37337","0","0","0","0","0","0","0","0"
"3.89677","0.500044","0.539864","0.0366988","0.528062","0.592704","3.01729","1.74401e-15","3.05385","3.04483","62.2333","7.3716","0","0","0","0","0","0","0","0"
"3.9003","0.500044","0.539864","0.0367041","0.527445","0.592765","3.00264","1.74212e-15","3.05626","3.04473","62.7454","7.348","0","0","0","0","0","0","0","0"
"3.90353","0.500044","0.539886","0.0367096","0.527844","0.593217","2.98552","1.7412e-15","3.04755","3.04258","63.3572","7.3406","0","0","0","0","0","0","0","0"
"3.90692","0.500044","0.539886","0.0367143","0.528623","0.594287","2.97171","1.74322e-15","3.05188","3.04097","63.8201","7.36848","0","0","0","0","0","0","0","0"
"3.9103","0.500044","0.539886","0.0367198","0.527932","0.594022","2.9536","1.74496e-15","3.05302","3.03719","64.5441","7.36668","0","0","0","0","0","0","0","0"
"3.9137","0.500044","0.539886","0.0367245","0.528119","0.593877","2.94313","1.74397e-15","3.04794","3.03568","64.7359","7.35673","0","0","0","0","0","0","0","0"
"3.91725","0.500044","0.539886","0.0367297","0.529433","0.594287","2.93384","1.74152e-15","3.05136","3.03559","64.7105","7.33622","0","0","0","0","0","0","0","0"
"3.92045","0.500044","0.539761","0.0367339","0.529459","0.594435","2.92485","1.74279e-15","3.04695","3.03264","64.78","7.35618","0","0","0","0","0","0","0","0"
"3.92385","0.500044","0.539761","0.0367389","0.529212","0.594453","2.90844","1.74506e-15","3.04431","3.0301","65.3879","7.3727","0","0","0","0","0","0","0","0"
"3.92723","0.500044","0.539761","0.0367431","0.529279","0.594301","2.89495","1.74522e-15","3.04269","3.02572","65.8681","7.37082","0","0","0","0","0","0","0","0"
"3.93062","0.500044","0.539761","0.036748","0.529628","0.594294","2.88126","1.74297e-15","3.0405","3.02426","66.2542","7.36208","0","0","0","0","0","0","0","0"
"3.93413","0.500044","0.539761","0.0367515","0.529616","0.594609","2.86712","1.74266e-15","3.03807","3.01954","66.8126","7.36074","0","0","0","0","0","0","0","0"
"3.93738","0.500044","0.539709","0.0367549","0.529522","0.594823","2.85058","1.7457e-15","3.03492","3.02289","67.4823","7.38834","0","0","0","0","0","0","0","0"
"3.94078","0.500044","0.539709","0.0367578","0.530251","0.595351","2.84098","1.74575e-15","3.03908","3.02679","67.6352","7.39248","0","0","0","0","0","0","0","0"
"3.94608","0.500044","0.539709","0.0367612","0.530866","0.595688","2.82735","1.74285e-15","3.04025","3.03534","68.0488","7.3754","0","0","0","0","0","0","0","0"
"3.94753","0.500044","0.539709","0.0367641","0.531004","0.595627","2.81494","1.74211e-15","3.03715","3.03275","68.481","7.37528","0","0","0","0","0","0","0","0"
"3.9531","0.500044","0.539709","0.0367627","0.530858","0.594768","2.8022","1.7442e-15","3.03738","3.03737","68.3192","7.4047","0","0","0","0","0","0","0","0"
"3.95638","0.500044","0.539852","0.0367605","0.530928","0.595079","2.79115","1.74554e-15","3.03843","3.04264","68.6309","7.4094","0","0","0","0","0","0","0","0"
"3.95985","0.500044","0.539852","0.036758","0.530806","0.595269","2.78057","1.74336e-15","3.04635","3.0432","68.7755","7.38876","0","0","0","0","0","0","0","0"
"3.96315","0.500044","0.539852","0.0367559","0.530341","0.594315","2.76829","1.74286e-15","3.04596","3.04833","69.2192","7.38756","0","0","0","0","0","0","0","0"
"3.96663","0.500044","0.539852","0.0367538","0.529885","0.59409","2.75238","1.74415e-15","3.04731","3.04741","69.9071","7.39572","0","0","0","0","0","0","0","0"
"3.96993","0.500044","0.539953","0.0367528","0.529499","0.593877","2.73907","1.74505e-15","3.04378","3.04775","70.4761","7.40741","0","0","0","0","0","0","0","0"
"3.97332","0.500044","0.539953","0.0367517","0.529986","0.5941","2.73056","1.74454e-15","3.04577","3.04024","70.4331","7.39806","0","0","0","0","0","0","0","0"
"3.9767","0.500044","0.539953","0.0367507","0.529485","0.594156","2.71695","1.7427e-15","3.0464","3.03865","71.0486","7.38395","0","0","0","0","0","0","0","0"
"3.98008","0.500044","0.539953","0.0367495","0.529404","0.593943","2.70316","1.74186e-15","3.04648","3.03944","71.5619","7.37672","0","0","0","0","0","0","0","0"
"3.98357","0.500044","0.539953","0.0367491","0.529033","0.593408","2.69253","1.74302e-15","3.05072","3.0416","71.8858","7.37321","0","0","0","0","0","0","0","0"
"3.98685","0.500044","0.539925","0.03675","0.529599","0.593509","2.68371","1.74441e-15","3.04973","3.0354","71.8906","7.39128","0","0","0","0","0","0","0","0"
"3.99023","0.500044","0.539925","0.0367508","0.529787","0.59411","2.67152","1.74392e-15","3.04921","3.03407","72.3909","7.38542","0","0","0","0","0","0","0","0"
"3.99365","0.500044","0.539925","0.0367517","0.530591","0.594637","2.65961","1.74167e-15","3.04987","3.03737","72.7356","7.36961","0","0","0","0","0","0","0","0"
"3.99702","0.500044","0.539925","0.0367525","0.530317","0.594009","2.64715","1.74196e-15","3.0531","3.03787","73.2836","7.37928","0","0","0","0","0","0","0","0"
"4.0005","0.500044","0.539925","0.0367557","0.530508","0.594443","2.63237","1.743e-15","3.0494","3.04011","73.9635","7.38349","0","0","0","0","0","0","0","0"
"4.00373","0.500044","0.539708","0.0367613","0.530637","0.594569","2.62066","1.74403e-15","3.05064","3.04109","74.452","7.38822","0","0","0","0","0","0","0","0"
"4.0072","0.500044","0.539708","0.0367677","0.530968","0.595329","2.61233","1.74218e-15","3.05374","3.04285","74.4296","7.36804","0","0","0","0","0","0","0","0"
"4.01067","0.500044","0.539708","0.0367733","0.530812","0.595352","2.60391","1.74174e-15","3.05129","3.04533","74.5562","7.36283","0","0","0","0","0","0","0","0"
"4.01397","0.500044","0.539708","0.0367797","0.531062","0.595528","2.59392","1.74384e-15","3.04764","3.04429","74.727","7.37049","0","0","0","0","0","0","0","0"
"4.01745","0.500044","0.539708","0.0367845","0.53122","0.595684","2.58361","1.7444e-15","3.05003","3.04324","75.0779","7.36972","0","0","0","0","0","0","0","0"
"4.02075","0.500044","0.539726","0.0367891","0.530533","0.595376","2.57164","1.74247e-15","3.05253","3.04362","75.4865","7.34864","0","0","0","0","0","0","0","0"
"4.02415","0.500044","0.539726","0.036793","0.530217","0.594812","2.55977","1.74283e-15","3.05207","3.03993","76.0352","7.35619","0","0","0","0","0","0","0","0"
"4.02758","0.500044","0.539726","0.0367976","0.530446","0.595192","2.55116","1.745e-15","3.04796","3.03563","76.0643","7.37491","0","0","0","0","0","0","0","0"
"4.03097","0.500044","0.539726","0.0368016","0.529943","0.594613","2.54027","1.74539e-15","3.04631","3.03792","76.5103","7.37086","0","0","0","0","0","0","0","0"
"4.0366","0.500044","0.539726","0.0368123","0.530246","0.59494","2.52178","1.74283e-15","3.04399","3.04175","77.1703","7.36184","0","0","0","0","0","0","0","0"
"4.04017","0.500044","0.539893","0.03682","0.530009","0.594818","2.50859","1.74557e-15","3.04553","3.03672","77.7772","7.37858","0","0","0","0","0","0","0","0"
"4.04358","0.500044","0.539893","0.0368266","0.529712","0.594869","2.50014","1.74722e-15","3.04218","3.03142","77.9529","7.3742","0","0","0","0","0","0","0","0"
"4.04693","0.500044","0.539893","0.0368343","0.529635","0.594774","2.48684","1.74422e-15","3.04283","3.0324","78.5933","7.36417","0","0","0","0","0","0","0","0"
"4.05047","0.500044","0.539893","0.0368406","0.529868","0.594664","2.47557","1.74313e-15","3.04763","3.04126","79.1364","7.34442","0","0","0","0","0","0","0","0"
"4.05372","0.500044","0.539867","0.0368473","0.529851","0.594487","2.46411","1.74432e-15","3.04805","3.04068","79.5679","7.34164","0","0","0","0","0","0","0","0"
"4.05712","0.500044","0.539867","0.0368529","0.52979","0.594263","2.45288","1.7462e-15","3.04635","3.03836","80.1264","7.34027","0","0","0","0","0","0","0","0"
"4.06392","0.500044","0.539867","0.0368653","0.530041","0.594295","2.43308","1.74255e-15","3.05375","3.04362","80.7738","7.33488","0","0","0","0","0","0","0","0"
"4.06738","0.500044","0.539867","0.0368727","0.530686","0.59457","2.42639","1.74225e-15","3.05256","3.04164","80.6112","7.33478","0","0","0","0","0","0","0","0"
"4.07063","0.500044","0.53976","0.03688","0.530453","0.595264","2.41764","1.74436e-15","3.04884","3.04841","80.8699","7.34618","0","0","0","0","0","0","0","0"
"4.07402","0.500044","0.53976","0.0368884","0.530364","0.59516","2.40448","1.74456e-15","3.05061","3.05671","81.5744","7.32207","0","0","0","0","0","0","0","0"
"4.07742","0.500044","0.53976","0.0368957","0.53012","0.594564","2.3936","1.74327e-15","3.05145","3.05525","82.1371","7.29439","0","0","0","0","0","0","0","0"
"4.0808","0.500044","0.53976","0.0369042","0.53098","0.595285","2.38747","1.74087e-15","3.05695","3.06266","81.9096","7.2918","0","0","0","0","0","0","0","0"
"4.0843","0.500044","0.53976","0.0369107","0.530936","0.595365","2.37717","1.73952e-15","3.05414","3.06214","82.405","7.28676","0","0","0","0","0","0","0","0"
"4.08827","0.500044","0.539721","0.0369176","0.531898","0.596305","2.36961","1.74182e-15","3.05812","3.05822","82.3788","7.29712","0","0","0","0","0","0","0","0"
"4.09097","0.500044","0.539721","0.0369235","0.531755","0.596592","2.36039","1.74372e-15","3.05894","3.06354","82.7372","7.30558","0","0","0","0","0","0","0","0"
"4.09433","0.500044","0.539721","0.0369304","0.531514","0.596083","2.34652","1.7411e-15","3.05598","3.0653","83.6031","7.29135","0","0","0","0","0","0","0","0"
"4.09772","0.500044","0.539721","0.0369363","0.531277","0.595925","2.3361","1.74004e-15","3.05575","3.06351","84.1511","7.29243","0","0","0","0","0","0","0","0"
"4.1012","0.500044","0.539721","0.0369435","0.530814","0.595916","2.32437","1.74036e-15","3.05534","3.0629","84.7413","7.29895","0","0","0","0","0","0","0","0"
"4.10452","0.500044","0.539837","0.0369497","0.530823","0.595828","2.31484","1.74266e-15","3.05684","3.05749","85.1791","7.31378","0","0","0","0","0","0","0","0"
"4.10788","0.500044","0.539837","0.036957","0.529736","0.594898","2.30153","1.74201e-15","3.05973","3.05789","86.0278","7.2992","0","0","0","0","0","0","0","0"
"4.11127","0.500044","0.539837","0.0369633","0.528775","0.593918","2.29058","1.74052e-15","3.06046","3.05798","86.7004","7.28397","0","0","0","0","0","0","0","0"
"4.11465","0.500044","0.539837","0.0369705","0.529187","0.593761","2.28435","1.73891e-15","3.06201","3.05441","86.5141","7.27567","0","0","0","0","0","0","0","0"
"4.11997","0.500044","0.539837","0.0369801","0.529742","0.594638","2.2728","1.73853e-15","3.05308","3.04778","86.6495","7.29398","0","0","0","0","0","0","0","0"
"4.12327","0.500044","0.539984","0.0369857","0.530239","0.594489","2.26568","1.74136e-15","3.05614","3.04695","86.7648","7.29177","0","0","0","0","0","0","0","0"
"4.12662","0.500044","0.539984","0.0369922","0.530058","0.594335","2.25558","1.74073e-15","3.05147","3.04842","87.1777","7.28297","0","0","0","0","0","0","0","0"
"4.13015","0.500044","0.539984","0.0369978","0.529479","0.594148","2.24689","1.73936e-15","3.05267","3.04539","87.5423","7.26604","0","0","0","0","0","0","0","0"
"4.1335","0.500044","0.539984","0.0370051","0.529851","0.594271","2.23715","1.73734e-15","3.05207","3.05285","87.915","7.25443","0","0","0","0","0","0","0","0"
"4.1368","0.500044","0.539761","0.0370129","0.530293","0.594918","2.23227","1.7387e-15","3.04467","3.05475","87.7069","7.28679","0","0","0","0","0","0","0","0"
"4.14017","0.500044","0.539761","0.0370221","0.530579","0.594997","2.23083","1.74058e-15","3.0392","3.05254","86.8105","7.32116","0","0","0","0","0","0","0","0"
"4.14355","0.500044","0.539761","0.0370299","0.530778","0.595507","2.22922","1.74038e-15","3.03823","3.05603","86.1086","7.30981","0","0","0","0","0","0","0","0"
"4.14708","0.500044","0.539761","0.037039","0.530606","0.595436","2.21709","1.73732e-15","3.03912","3.05379","86.8567","7.29325","0","0","0","0","0","0","0","0"
"4.15047","0.500044","0.539761","0.0370463","0.530693","0.59522","2.20725","1.73694e-15","3.03888","3.05165","87.425","7.28697","0","0","0","0","0","0","0","0"
"4.1537","0.500044","0.539575","0.0370538","0.53043","0.594805","2.19585","1.73722e-15","3.0403","3.0571","88.0894","7.30545","0","0","0","0","0","0","0","0"
"4.15712","0.500044","0.539575","0.0370602","0.52982","0.594446","2.18656","1.73983e-15","3.04004","3.05244","88.5918","7.31563","0","0","0","0","0","0","0","0"
"4.16048","0.500044","0.539575","0.0370677","0.530321","0.594536","2.17818","1.7394e-15","3.03442","3.0473","88.7914","7.30764","0","0","0","0","0","0","0","0"
"4.16402","0.500044","0.539575","0.037074","0.53003","0.593871","2.17002","1.73729e-15","3.0324","3.0459","89.1258","7.29648","0","0","0","0","0","0","0","0"
"4.16735","0.500044","0.539575","0.0370799","0.530062","0.594207","2.16031","1.73575e-15","3.02943","3.0435","89.556","7.28783","0","0","0","0","0","0","0","0"
"4.17065","0.500044","0.539628","0.0370832","0.53022","0.594055","2.15143","1.73843e-15","3.02944","3.04099","90.0236","7.32185","0","0","0","0","0","0","0","0"
"4.17523","0.500044","0.539628","0.0370871","0.530326","0.594277","2.14375","1.74075e-15","3.02808","3.03477","90.135","7.34273","0","0","0","0","0","0","0","0"
"4.17742","0.500044","0.539628","0.0370903","0.531173","0.594977","2.14266","1.74034e-15","3.03211","3.03871","89.3221","7.32933","0","0","0","0","0","0","0","0"
"4.18078","0.500044","0.539628","0.0370942","0.530976","0.59515","2.13893","1.73831e-15","3.0319","3.03056","88.7843","7.32564","0","0","0","0","0","0","0","0"
"4.1843","0.500044","0.539628","0.0370953","0.531283","0.595157","2.12961","1.73811e-15","3.02872","3.02776","89.3357","7.3327","0","0","0","0","0","0","0","0"
"4.18757","0.500044","0.539581","0.0370941","0.531859","0.594967","2.12219","1.73985e-15","3.02797","3.0358","89.4138","7.35388","0","0","0","0","0","0","0","0"
"4.19097","0.500044","0.539581","0.0370931","0.53132","0.594679","2.11419","1.73932e-15","3.02582","3.03278","89.7595","7.34075","0","0","0","0","0","0","0","0"
"4.19433","0.500044","0.539581","0.0370919","0.530894","0.594132","2.10705","1.73772e-15","3.02929","3.03473","89.8005","7.31839","0","0","0","0","0","0","0","0"
"4.19772","0.500044","0.539581","0.0370909","0.530855","0.593816","2.09864","1.738e-15","3.02565","3.03517","90.2262","7.33739","0","0","0","0","0","0","0","0"
"4.20328","0.500044","0.539581","0.0370909","0.530935","0.594213","2.0818","1.73905e-15","3.02913","3.02951","91.2752","7.3552","0","0","0","0","0","0","0","0"
"4.20663","0.500044","0.539597","0.0370912","0.530541","0.593666","2.07787","1.74052e-15","3.02809","3.03494","90.9471","7.34155","0","0","0","0","0","0","0","0"
"4.20995","0.500044","0.539597","0.0370916","0.530272","0.593637","2.06872","1.73811e-15","3.02697","3.04025","91.359","7.32452","0","0","0","0","0","0","0","0"
"4.21333","0.500044","0.539597","0.037092","0.529301","0.592785","2.06191","1.73609e-15","3.03145","3.04108","91.5383","7.32106","0","0","0","0","0","0","0","0"
"4.21682","0.500044","0.539597","0.0370918","0.529685","0.59279","2.0588","1.73604e-15","3.03006","3.03658","90.9052","7.31697","0","0","0","0","0","0","0","0"
"4.2201","0.500044","0.539624","0.0370903","0.529676","0.592812","2.06721","1.73873e-15","3.02706","3.03173","88.5008","7.35454","0","0","0","0","0","0","0","0"
"4.2235","0.500044","0.539624","0.0370886","0.530503","0.593993","2.05879","1.73938e-15","3.02146","3.02551","88.7849","7.36531","0","0","0","0","0","0","0","0"
"4.22688","0.500044","0.539624","0.0370871","0.530429","0.593385","2.0537","1.73736e-15","3.02167","3.02702","88.671","7.35495","0","0","0","0","0","0","0","0"
"4.23027","0.500044","0.539624","0.0370854","0.530429","0.593678","2.04383","1.7366e-15","3.01989","3.02441","89.2164","7.35587","0","0","0","0","0","0","0","0"
"4.23377","0.500044","0.539624","0.0370853","0.531187","0.59475","2.03764","1.73686e-15","3.01685","3.02253","89.2989","7.358","0","0","0","0","0","0","0","0"
"4.23703","0.500044","0.53937","0.0370885","0.530811","0.594738","2.02747","1.73777e-15","3.01934","3.0369","89.9144","7.35886","0","0","0","0","0","0","0","0"
"4.24042","0.500044","0.53937","0.0370912","0.530197","0.593506","2.01983","1.73743e-15","3.01966","3.0414","90.2616","7.34488","0","0","0","0","0","0","0","0"
"4.24382","0.500044","0.53937","0.0370943","0.530559","0.5937","2.0157","1.73515e-15","3.02253","3.04686","89.8242","7.32418","0","0","0","0","0","0","0","0"
"4.24722","0.500044","0.53937","0.037097","0.531436","0.595013","2.01401","1.7351e-15","3.01618","3.04425","89.1327","7.34017","0","0","0","0","0","0","0","0"
"4.25082","0.500044","0.53937","0.0370995","0.531065","0.594919","2.00772","1.73595e-15","3.01583","3.03845","89.0852","7.34783","0","0","0","0","0","0","0","0"
"4.25397","0.500044","0.539295","0.037101","0.530983","0.594334","2.00227","1.73791e-15","3.01798","3.03704","89.0545","7.37414","0","0","0","0","0","0","0","0"
"4.25735","0.500044","0.539295","0.0371027","0.531057","0.594246","1.99711","1.73672e-15","3.0275","3.03934","88.8137","7.3552","0","0","0","0","0","0","0","0"
"4.26073","0.500044","0.539295","0.0371042","0.530853","0.594505","1.98911","1.73556e-15","3.02389","3.03536","89.2416","7.33662","0","0","0","0","0","0","0","0"
"4.26412","0.500044","0.539295","0.037106","0.531425","0.59521","1.98427","1.73579e-15","3.02677","3.02933","88.9484","7.33005","0","0","0","0","0","0","0","0"
"4.26763","0.500044","0.539295","0.0371058","0.531604","0.595644","1.9793","1.73637e-15","3.02993","3.03577","88.8496","7.32089","0","0","0","0","0","0","0","0"
"4.2709","0.500044","0.539418","0.0371038","0.531958","0.595407","1.97567","1.73664e-15","3.02537","3.03205","88.3479","7.31145","0","0","0","0","0","0","0","0"
"4.27428","0.500044","0.539418","0.037102","0.532239","0.59517","1.97115","1.73523e-15","3.03397","3.03967","88.171","7.29369","0","0","0","0","0","0","0","0"
"4.27767","0.500044","0.539418","0.0370999","0.532384","0.595765","1.96607","1.73597e-15","3.02974","3.03986","87.9314","7.2985","0","0","0","0","0","0","0","0"
"4.28105","0.500044","0.539418","0.0370982","0.531933","0.595378","1.96848","1.73817e-15","3.02963","3.0407","86.5627","7.3124","0","0","0","0","0","0","0","0"
"4.28662","0.500044","0.539418","0.0370875","0.53332","0.596348","1.96734","1.73821e-15","3.03489","3.03843","85.0303","7.31157","0","0","0","0","0","0","0","0"
"4.28992","0.500044","0.539524","0.0370802","0.533625","0.596427","1.96303","1.73715e-15","3.03612","3.04313","84.8271","7.30021","0","0","0","0","0","0","0","0"
"4.30378","0.500044","0.539524","0.0370557","0.53362","0.596454","1.93766","1.73841e-15","3.03863","3.0433","85.1216","7.30686","0","0","0","0","0","0","0","0"
"4.30682","0.500044","0.539719","0.0370535","0.533067","0.595885","1.92896","1.73983e-15","3.03393","3.04157","85.5384","7.34598","0","0","0","0","0","0","0","0"
"4.3102","0.500044","0.539719","0.0370517","0.532386","0.595475","1.92052","1.74203e-15","3.03233","3.03844","86.0747","7.35805","0","0","0","0","0","0","0","0"
"4.3136","0.500044","0.539719","0.0370495","0.533247","0.595122","1.92967","1.74105e-15","3.028","3.03919","83.4329","7.34857","0","0","0","0","0","0","0","0"
"4.3171","0.500044","0.539719","0.0370488","0.533799","0.595639","1.92501","1.7401e-15","3.03213","3.04209","83.3118","7.33522","0","0","0","0","0","0","0","0"
"4.32037","0.500044","0.53992","0.0370506","0.533381","0.595491","1.91755","1.74054e-15","3.02901","3.03829","83.5169","7.3473","0","0","0","0","0","0","0","0"
"4.32375","0.500044","0.53992","0.0370523","0.533737","0.596036","1.91163","1.74128e-15","3.02562","3.03489","83.6137","7.34551","0","0","0","0","0","0","0","0"
"4.32742","0.500044","0.53992","0.0370541","0.533421","0.595963","1.90395","1.73925e-15","3.02478","3.04115","83.8642","7.32983","0","0","0","0","0","0","0","0"
"4.33055","0.500044","0.53992","0.0370557","0.533022","0.595577","1.89764","1.73893e-15","3.02244","3.03919","84.0365","7.32711","0","0","0","0","0","0","0","0"
"4.33402","0.500044","0.53992","0.0370579","0.532916","0.595527","1.89025","1.73892e-15","3.01958","3.03243","84.247","7.33767","0","0","0","0","0","0","0","0"
"4.3373","0.500044","0.539908","0.03706","0.53292","0.595749","1.88377","1.73984e-15","3.02874","3.03151","84.4592","7.32855","0","0","0","0","0","0","0","0"
"4.34068","0.500044","0.539908","0.0370625","0.533125","0.595806","1.87692","1.73786e-15","3.02767","3.02911","84.5831","7.31444","0","0","0","0","0","0","0","0"
"4.34408","0.500044","0.539908","0.0370646","0.532855","0.595268","1.88106","1.7381e-15","3.02903","3.02846","82.9448","7.33119","0","0","0","0","0","0","0","0"
"4.34745","0.500044","0.539908","0.0370671","0.532689","0.59528","1.88629","1.73972e-15","3.03006","3.03163","81.0104","7.34722","0","0","0","0","0","0","0","0"
"4.35097","0.500044","0.539908","0.0370672","0.532564","0.595238","1.88516","1.74007e-15","3.02896","3.03221","80.3159","7.3301","0","0","0","0","0","0","0","0"
"4.35422","0.500044","0.539869","0.0370649","0.53197","0.594984","1.88395","1.73795e-15","3.03354","3.03099","79.4937","7.30564","0","0","0","0","0","0","0","0"
"4.35763","0.500044","0.539869","0.037063","0.531793","0.594683","1.87621","1.73624e-15","3.03346","3.03037","79.908","7.29271","0","0","0","0","0","0","0","0"
"4.361","0.500044","0.539869","0.0370606","0.532035","0.594343","1.8712","1.73602e-15","3.04201","3.03204","79.7224","7.31365","0","0","0","0","0","0","0","0"
"4.36437","0.500044","0.539869","0.0370587","0.532126","0.594199","1.8677","1.7383e-15","3.03783","3.02922","79.4333","7.32635","0","0","0","0","0","0","0","0"
"4.36995","0.500044","0.539869","0.037057","0.532408","0.594405","1.85999","1.73819e-15","3.04218","3.03036","79.1265","7.31761","0","0","0","0","0","0","0","0"
"4.37323","0.500044","0.539797","0.0370565","0.53233","0.594118","1.85423","1.73675e-15","3.04139","3.02915","79.2222","7.29437","0","0","0","0","0","0","0","0"
"4.37662","0.500044","0.539797","0.0370559","0.531878","0.593671","1.85207","1.73663e-15","3.04293","3.03262","78.5679","7.31572","0","0","0","0","0","0","0","0"
"4.38017","0.500044","0.539797","0.0370553","0.531577","0.593037","1.84482","1.73866e-15","3.04295","3.02928","78.772","7.32729","0","0","0","0","0","0","0","0"
"4.38365","0.500044","0.539797","0.0370544","0.531815","0.5933","1.8385","1.73856e-15","3.04725","3.03986","78.9684","7.30762","0","0","0","0","0","0","0","0"
"4.38693","0.500044","0.539607","0.0370524","0.532061","0.593577","1.83328","1.73656e-15","3.05117","3.04221","78.8363","7.29959","0","0","0","0","0","0","0","0"
"4.39032","0.500044","0.539607","0.0370507","0.532542","0.593976","1.82833","1.73747e-15","3.04918","3.04357","78.8074","7.32293","0","0","0","0","0","0","0","0"
"4.3937","0.500044","0.539607","0.0370487","0.533374","0.594428","1.82669","1.7395e-15","3.05706","3.03975","78.0772","7.36072","0","0","0","0","0","0","0","0"
"4.39962","0.500044","0.539607","0.037047","0.533904","0.594598","1.82453","1.7417e-15","3.06111","3.03707","77.5853","7.37162","0","0","0","0","0","0","0","0"
"4.40057","0.500044","0.539607","0.0370463","0.534219","0.594791","1.82153","1.74046e-15","3.07163","3.04308","77.0949","7.35527","0","0","0","0","0","0","0","0"
"4.40542","0.500044","0.539468","0.0370471","0.535248","0.595756","1.82209","1.73847e-15","3.07896","3.04727","76.1669","7.3423","0","0","0","0","0","0","0","0"
"4.40723","0.500044","0.539468","0.0370481","0.53511","0.595866","1.82112","1.73914e-15","3.07863","3.05362","75.3609","7.37761","0","0","0","0","0","0","0","0"
"4.4106","0.500044","0.539468","0.037049","0.534721","0.595654","1.81322","1.74198e-15","3.07662","3.05421","75.8248","7.41602","0","0","0","0","0","0","0","0"
"4.41393","0.500044","0.539468","0.0370499","0.534191","0.594493","1.80441","1.7423e-15","3.07679","3.05645","76.3075","7.42887","0","0","0","0","0","0","0","0"
"4.4174","0.500044","0.539468","0.0370511","0.535166","0.595266","1.79879","1.73987e-15","3.09021","3.06121","76.4037","7.41193","0","0","0","0","0","0","0","0"
"4.42077","0.500044","0.539552","0.0370527","0.534352","0.594389","1.79323","1.73949e-15","3.09403","3.061","76.3525","7.39726","0","0","0","0","0","0","0","0"
"4.42415","0.500044","0.539552","0.0370541","0.534668","0.594911","1.7936","1.74122e-15","3.09597","3.05612","75.4565","7.42339","0","0","0","0","0","0","0","0"
"4.42753","0.500044","0.539552","0.0370557","0.535754","0.595585","1.79634","1.74333e-15","3.0922","3.06331","74.0571","7.43984","0","0","0","0","0","0","0","0"
"4.43088","0.500044","0.539552","0.0370571","0.535495","0.595394","1.79603","1.74275e-15","3.0896","3.06423","73.2987","7.41503","0","0","0","0","0","0","0","0"
"4.43435","0.500044","0.539552","0.0370573","0.535677","0.595655","1.79541","1.74134e-15","3.08336","3.06557","72.4673","7.39653","0","0","0","0","0","0","0","0"
"4.43768","0.500044","0.53986","0.0370565","0.53528","0.595458","1.78975","1.74226e-15","3.08138","3.06068","72.5692","7.38348","0","0","0","0","0","0","0","0"
"4.44103","0.500044","0.53986","0.0370555","0.534603","0.595187","1.78072","1.74342e-15","3.08349","3.06818","73.0869","7.36908","0","0","0","0","0","0","0","0"
"4.44438","0.500044","0.53986","0.0370547","0.534432","0.594782","1.77581","1.74238e-15","3.08399","3.06859","73.0773","7.34663","0","0","0","0","0","0","0","0"
"4.44793","0.500044","0.53986","0.0370537","0.534484","0.594563","1.77005","1.74124e-15","3.07827","3.06381","73.0717","7.34204","0","0","0","0","0","0","0","0"
"4.45325","0.500044","0.53986","0.0370477","0.534837","0.595519","1.76551","1.74106e-15","3.08332","3.08303","72.4843","7.35238","0","0","0","0","0","0","0","0"
"4.45653","0.500044","0.539902","0.0370434","0.535316","0.59574","1.76126","1.74354e-15","3.08546","3.08","72.3747","7.35683","0","0","0","0","0","0","0","0"
"4.45992","0.500044","0.539902","0.0370384","0.534823","0.595393","1.75723","1.74405e-15","3.08433","3.08115","72.0969","7.35207","0","0","0","0","0","0","0","0"
"4.4633","0.500044","0.539902","0.0370341","0.534572","0.59535","1.74994","1.74323e-15","3.08476","3.08244","72.4859","7.33414","0","0","0","0","0","0","0","0"
"4.46678","0.500044","0.539902","0.0370302","0.534794","0.595364","1.74348","1.74131e-15","3.08584","3.08433","72.6106","7.31331","0","0","0","0","0","0","0","0"
"4.47008","0.500044","0.53986","0.037029","0.535275","0.595893","1.73961","1.74263e-15","3.09402","3.08293","72.4452","7.34565","0","0","0","0","0","0","0","0"
"4.47345","0.500044","0.53986","0.0370276","0.535768","0.596682","1.81342","1.74471e-15","3.09511","3.08201","62.0271","7.36462","0","0","0","0","0","0","0","0"
"4.47683","0.500044","0.53986","0.0370264","0.535454","0.596359","1.87397","1.74405e-15","3.0911","3.07955","54.3907","7.34734","0","0","0","0","0","0","0","0"
"4.48018","0.500044","0.53986","0.037025","0.535254","0.595991","1.89329","1.74194e-15","3.09009","3.07586","51.6571","7.34598","0","0","0","0","0","0","0","0"
"4.48373","0.500044","0.53986","0.0370245","0.535572","0.596108","1.8934","1.74182e-15","3.0873","3.07167","51.0891","7.35564","0","0","0","0","0","0","0","0"
"4.48698","0.500044","0.539862","0.0370256","0.535479","0.595746","2.02591","1.74285e-15","3.08329","3.07508","40.9257","7.36938","0","0","0","0","0","0","0","0"
"4.49037","0.500044","0.539862","0.0370266","0.535312","0.595535","2.07737","1.74296e-15","3.08199","3.07483","36.9999","7.35685","0","0","0","0","0","0","0","0"
"4.49375","0.500044","0.539862","0.0370277","0.535228","0.595286","2.09245","1.74119e-15","3.08029","3.06921","35.5807","7.33424","0","0","0","0","0","0","0","0"
"4.49713","0.500044","0.539862","0.0370286","0.535689","0.595284","2.08743","1.74105e-15","3.0805","3.06616","35.5299","7.35226","0","0","0","0","0","0","0","0"
"4.50062","0.500044","0.539862","0.0370297","0.535141","0.595177","2.18337","1.74272e-15","3.07841","3.06253","30.2909","7.35055","0","0","0","0","0","0","0","0"
"4.50392","0.500044","0.540051","0.0370306","0.535133","0.595567","2.19739","1.74354e-15","3.07601","3.05931","29.293","7.34253","0","0","0","0","0","0","0","0"
"4.5073","0.500044","0.540051","0.0370317","0.534347","0.595038","2.19059","1.7416e-15","3.07836","3.06666","29.2774","7.32448","0","0","0","0","0","0","0","0"
"4.51068","0.500044","0.540051","0.0370326","0.534104","0.59458","2.18461","1.74221e-15","3.08209","3.08097","29.2751","7.34566","0","0","0","0","0","0","0","0"
"4.51407","0.500044","0.540051","0.0370337","0.534435","0.594511","2.17932","1.74419e-15","3.08947","3.07579","29.185","7.35224","0","0","0","0","0","0","0","0"
"4.51758","0.500044","0.540051","0.0370361","0.533968","0.594014","2.17895","1.74356e-15","3.08834","3.07467","28.898","7.33036","0","0","0","0","0","0","0","0"
"4.52083","0.500044","0.540004","0.0370406","0.534534","0.595034","2.18832","1.74177e-15","3.08539","3.08918","28.1159","7.31255","0","0","0","0","0","0","0","0"
"4.52507","0.500044","0.540004","0.0370444","0.534493","0.594598","2.18375","1.74193e-15","3.09028","3.08854","28.0457","7.32624","0","0","0","0","0","0","0","0"
"4.52817","0.500044","0.540004","0.0370489","0.533662","0.594262","2.17475","1.74517e-15","3.08933","3.08499","28.1452","7.37984","0","0","0","0","0","0","0","0"
"4.53098","0.500044","0.540004","0.0370527","0.533949","0.594445","2.16962","1.74543e-15","3.08418","3.08585","28.1014","7.36602","0","0","0","0","0","0","0","0"
"4.53657","0.500044","0.540004","0.0370575","0.533964","0.594475","2.17459","1.74317e-15","3.07504","3.08483","27.351","7.36493","0","0","0","0","0","0","0","0"
"4.53985","0.500044","0.539823","0.0370596","0.533472","0.593975","2.17143","1.74567e-15","3.07508","3.08446","27.2141","7.39856","0","0","0","0","0","0","0","0"
"4.54323","0.500044","0.539823","0.0370621","0.53336","0.594591","2.1714","1.74659e-15","3.07317","3.0862","26.8933","7.4141","0","0","0","0","0","0","0","0"
"4.54668","0.500044","0.539823","0.0370643","0.533731","0.595075","2.17041","1.74551e-15","3.06815","3.08011","26.6618","7.39277","0","0","0","0","0","0","0","0"
"4.5501","0.500044","0.539823","0.0370675","0.53419","0.595004","2.17289","1.74562e-15","3.0689","3.076","26.2369","7.37876","0","0","0","0","0","0","0","0"
"4.55338","0.500044","0.539684","0.0370717","0.533882","0.594522","2.17326","1.7465e-15","3.07233","3.07652","25.9503","7.39103","0","0","0","0","0","0","0","0"
"4.55677","0.500044","0.539684","0.0370766","0.534423","0.595522","2.16616","1.74826e-15","3.06489","3.06724","25.9559","7.40491","0","0","0","0","0","0","0","0"
"4.56015","0.500044","0.539684","0.0370808","0.534758","0.595686","2.15801","1.74639e-15","3.06348","3.06987","26.0573","7.38485","0","0","0","0","0","0","0","0"
"4.56355","0.500044","0.539684","0.0370857","0.534988","0.595848","2.15338","1.74779e-15","3.05754","3.06822","25.9533","7.42492","0","0","0","0","0","0","0","0"
"4.56705","0.500044","0.539684","0.0370897","0.535686","0.596367","2.15031","1.74941e-15","3.05719","3.07247","25.8241","7.41384","0","0","0","0","0","0","0","0"
"4.57032","0.500044","0.539668","0.0370938","0.53623","0.596737","2.14903","1.74675e-15","3.06198","3.06466","25.5731","7.39955","0","0","0","0","0","0","0","0"
"4.57372","0.500044","0.539668","0.0370973","0.53555","0.59605","2.14671","1.74664e-15","3.06083","3.06977","25.4111","7.39848","0","0","0","0","0","0","0","0"
"4.57708","0.500044","0.539668","0.0371014","0.536242","0.596868","2.14834","1.74888e-15","3.06604","3.07334","25.0418","7.41128","0","0","0","0","0","0","0","0"
"4.58047","0.500044","0.539668","0.0371049","0.536079","0.596845","2.1488","1.74964e-15","3.06842","3.08031","24.7685","7.41027","0","0","0","0","0","0","0","0"
"4.58395","0.500044","0.539668","0.037107","0.536803","0.597049","2.15458","1.7471e-15","3.07357","3.07924","24.2459","7.38479","0","0","0","0","0","0","0","0"
"4.58898","0.500044","0.539829","0.0371066","0.536808","0.597104","2.15301","1.74818e-15","3.06957","3.0769","24.0629","7.38","0","0","0","0","0","0","0","0"
"4.59063","0.500044","0.539829","0.0371061","0.537325","0.597373","2.15006","1.75065e-15","3.0689","3.0774","23.8972","7.40605","0","0","0","0","0","0","0","0"
"4.59402","0.500044","0.539829","0.0371057","0.537752","0.598412","2.14562","1.75141e-15","3.07793","3.07943","23.8376","7.40334","0","0","0","0","0","0","0","0"
"4.5974","0.500044","0.539829","0.0371052","0.538093","0.598588","2.1397","1.74983e-15","3.08707","3.08368","23.7989","7.37317","0","0","0","0","0","0","0","0"
"4.60092","0.500044","0.539829","0.0371051","0.538333","0.598781","2.13349","1.74762e-15","3.08646","3.07857","23.8134","7.35126","0","0","0","0","0","0","0","0"
"4.60417","0.500044","0.540154","0.0371053","0.538297","0.599063","2.12916","1.74678e-15","3.08344","3.07373","23.709","7.36137","0","0","0","0","0","0","0","0"
"4.60755","0.500044","0.540154","0.0371055","0.538492","0.599488","2.12794","1.74899e-15","3.08085","3.07157","23.5175","7.38364","0","0","0","0","0","0","0","0"
"4.61093","0.500044","0.540154","0.0371057","0.537982","0.599161","2.12622","1.75071e-15","3.07796","3.0661","23.3088","7.37806","0","0","0","0","0","0","0","0"
"4.61433","0.500044","0.540154","0.0371059","0.538625","0.599742","2.11958","1.7492e-15","3.07428","3.0666","23.3438","7.34699","0","0","0","0","0","0","0","0"
"4.61992","0.500044","0.540154","0.0371054","0.538999","0.600394","2.1107","1.74512e-15","3.07126","3.06569","23.2737","7.33072","0","0","0","0","0","0","0","0"
"4.62318","0.500044","0.540499","0.037105","0.538626","0.599955","2.10438","1.74568e-15","3.07152","3.06682","23.2972","7.34758","0","0","0","0","0","0","0","0"
"4.62657","0.500044","0.540499","0.0371045","0.538639","0.59977","2.09337","1.74761e-15","3.06741","3.06322","23.4812","7.36955","0","0","0","0","0","0","0","0"
"4.62995","0.500044","0.540499","0.037104","0.538761","0.600656","2.08431","1.74866e-15","3.07016","3.0724","23.6259","7.36867","0","0","0","0","0","0","0","0"
"4.63343","0.500044","0.540499","0.0371041","0.538854","0.600244","2.07836","1.74671e-15","3.06956","3.07562","23.6026","7.3423","0","0","0","0","0","0","0","0"
"4.63673","0.500044","0.540863","0.0371054","0.538518","0.599775","2.07542","1.74613e-15","3.06766","3.07851","23.4865","7.33179","0","0","0","0","0","0","0","0"
"4.64015","0.500044","0.540863","0.037107","0.539048","0.600382","2.06478","1.74722e-15","3.06622","3.07754","23.6637","7.36104","0","0","0","0","0","0","0","0"
"4.64348","0.500044","0.540863","0.0371084","0.53836","0.60001","2.10944","1.74993e-15","3.06866","3.07404","22.2922","7.36854","0","0","0","0","0","0","0","0"
"4.64687","0.500044","0.540863","0.0371099","0.537797","0.599258","2.74866","1.75025e-15","3.06665","3.07017","23.8286","7.35828","0","0","0","0","0","0","0","0"
"4.65038","0.500044","0.540863","0.0371117","0.537822","0.599617","2.96911","1.74815e-15","3.06829","3.06931","19.6947","7.3343","0","0","0","0","0","0","0","0"
"4.65365","0.500044","0.541069","0.0371147","0.537431","0.599259","3.03647","1.7471e-15","3.06378","3.0682","18.088","7.34192","0","0","0","0","0","0","0","0"
"4.65703","0.500044","0.541069","0.0371172","0.537492","0.599625","3.03922","1.7482e-15","3.05986","3.06771","17.8479","7.36708","0","0","0","0","0","0","0","0"
"4.66042","0.500044","0.541069","0.0371202","0.538532","0.60074","3.02805","1.75061e-15","3.05523","3.07546","17.881","7.37355","0","0","0","0","0","0","0","0"
"4.6638","0.500044","0.541069","0.0371228","0.537772","0.600193","3.01635","1.75251e-15","3.05434","3.07693","17.9585","7.37339","0","0","0","0","0","0","0","0"
"4.6673","0.500044","0.541069","0.0371258","0.5376","0.599764","2.99918","1.75043e-15","3.05515","3.07678","18.1337","7.34614","0","0","0","0","0","0","0","0"
"4.67057","0.500044","0.541087","0.0371284","0.537273","0.599267","2.98694","1.74943e-15","3.05193","3.0766","18.2276","7.37165","0","0","0","0","0","0","0","0"
"4.67395","0.500044","0.541087","0.0371315","0.537335","0.59949","2.98408","1.75227e-15","3.05159","3.07248","18.0774","7.40442","0","0","0","0","0","0","0","0"
"4.67737","0.500044","0.541087","0.0371341","0.537313","0.599134","2.98138","1.75312e-15","3.04975","3.07245","17.9503","7.39137","0","0","0","0","0","0","0","0"
"4.68073","0.500044","0.541087","0.0371371","0.537591","0.59929","2.98255","1.75097e-15","3.05117","3.06916","17.7111","7.37837","0","0","0","0","0","0","0","0"
"4.68423","0.500044","0.541087","0.0371378","0.538113","0.599788","2.9881","1.74908e-15","3.05169","3.07047","17.419","7.36771","0","0","0","0","0","0","0","0"
"4.6875","0.500044","0.541081","0.0371362","0.538398","0.600043","2.9931","1.75134e-15","3.048","3.07362","17.1152","7.38916","0","0","0","0","0","0","0","0"
"4.69088","0.500044","0.541081","0.0371349","0.538638","0.600351","2.99484","1.75221e-15","3.04895","3.07209","16.9105","7.38634","0","0","0","0","0","0","0","0"
"4.69427","0.500044","0.541081","0.0371333","0.538467","0.599874","2.9901","1.75089e-15","3.04921","3.07183","16.8112","7.37366","0","0","0","0","0","0","0","0"
"4.69765","0.500044","0.541081","0.037132","0.537888","0.599068","2.98198","1.75192e-15","3.04989","3.07371","16.8101","7.38143","0","0","0","0","0","0","0","0"
"4.70323","0.500044","0.541081","0.0371313","0.538164","0.599322","2.97096","1.75224e-15","3.04072","3.07027","16.7293","7.37645","0","0","0","0","0","0","0","0"
"4.70652","0.500044","0.541125","0.0371313","0.538181","0.599348","2.96372","1.75015e-15","3.03738","3.07167","16.7116","7.35966","0","0","0","0","0","0","0","0"
"4.70988","0.500044","0.541125","0.0371312","0.538514","0.59923","2.95843","1.74933e-15","3.0359","3.06462","16.6261","7.35556","0","0","0","0","0","0","0","0"
"4.7144","0.500044","0.541125","0.0371312","0.538866","0.599125","2.95276","1.75129e-15","3.03312","3.06139","16.5775","7.39529","0","0","0","0","0","0","0","0"
"4.71675","0.500044","0.541125","0.0371304","0.539068","0.600351","2.94457","1.75329e-15","3.03146","3.0636","16.5544","7.39756","0","0","0","0","0","0","0","0"
"4.72005","0.500044","0.541253","0.0371281","0.539018","0.600443","2.93195","1.75296e-15","3.03217","3.06203","16.6533","7.37982","0","0","0","0","0","0","0","0"
"4.72343","0.500044","0.541253","0.0371253","0.538988","0.600182","2.91775","1.75113e-15","3.03225","3.05769","16.76","7.3596","0","0","0","0","0","0","0","0"
"4.72682","0.500044","0.541253","0.0371229","0.539255","0.600889","2.90575","1.74997e-15","3.0357","3.0602","16.8494","7.34474","0","0","0","0","0","0","0","0"
"4.7302","0.500044","0.541253","0.0371202","0.539135","0.600903","2.89242","1.74946e-15","3.0327","3.05479","16.9417","7.34143","0","0","0","0","0","0","0","0"
"4.73367","0.500044","0.541253","0.0371185","0.539754","0.601316","2.88308","1.75011e-15","3.03383","3.05609","16.9741","7.35264","0","0","0","0","0","0","0","0"
"4.73723","0.500044","0.541303","0.0371184","0.539283","0.600795","2.867","1.75076e-15","3.03793","3.05491","17.1317","7.36798","0","0","0","0","0","0","0","0"
"4.74062","0.500044","0.541303","0.0371183","0.539139","0.600725","2.85218","1.74843e-15","3.03866","3.05644","17.2632","7.35839","0","0","0","0","0","0","0","0"
"4.74397","0.500044","0.541303","0.0371182","0.540139","0.601055","2.84377","1.74714e-15","3.03605","3.05522","17.2787","7.34459","0","0","0","0","0","0","0","0"
"4.74752","0.500044","0.541303","0.037118","0.540426","0.601143","2.83448","1.74875e-15","3.03335","3.05697","17.286","7.36125","0","0","0","0","0","0","0","0"
"4.751","0.500044","0.541303","0.037121","0.540983","0.601804","2.82506","1.74976e-15","3.03855","3.06116","17.2964","7.35984","0","0","0","0","0","0","0","0"
"4.75428","0.500044","0.541531","0.0371255","0.540682","0.601525","2.81418","1.75026e-15","3.04472","3.06408","17.372","7.3441","0","0","0","0","0","0","0","0"
"4.75767","0.500044","0.541531","0.0371307","0.540062","0.600803","2.79944","1.7487e-15","3.04579","3.07174","17.5104","7.32285","0","0","0","0","0","0","0","0"
"4.76105","0.500044","0.541531","0.0371352","0.539905","0.60093","2.79029","1.74719e-15","3.04263","3.07271","17.5473","7.31896","0","0","0","0","0","0","0","0"
"4.76453","0.500044","0.541531","0.0371404","0.539912","0.600986","2.77691","1.74785e-15","3.0396","3.06946","17.6564","7.33075","0","0","0","0","0","0","0","0"
"4.76802","0.500044","0.541531","0.0371458","0.539742","0.600819","2.76502","1.74771e-15","3.04208","3.06874","17.7618","7.31815","0","0","0","0","0","0","0","0"
"4.7713","0.500044","0.541807","0.0371526","0.540097","0.600805","2.75425","1.74951e-15","3.03998","3.06788","17.81","7.33142","0","0","0","0","0","0","0","0"
"4.77468","0.500044","0.541807","0.0371584","0.53971","0.600693","2.74163","1.74782e-15","3.03972","3.06881","17.9375","7.31213","0","0","0","0","0","0","0","0"
"4.77808","0.500044","0.541807","0.0371652","0.539674","0.600508","2.72616","1.74621e-15","3.04464","3.07853","18.1087","7.30527","0","0","0","0","0","0","0","0"
"4.78147","0.500044","0.541807","0.037171","0.540045","0.601165","2.71336","1.74642e-15","3.0419","3.06897","18.2465","7.32348","0","0","0","0","0","0","0","0"
"4.78652","0.500044","0.541807","0.0371769","0.539185","0.60072","2.69738","1.74797e-15","3.03995","3.06252","18.3417","7.31213","0","0","0","0","0","0","0","0"
"4.78982","0.500044","0.541934","0.0371798","0.53952","0.600777","2.68714","1.7482e-15","3.03822","3.06029","18.4164","7.29533","0","0","0","0","0","0","0","0"
"4.79318","0.500044","0.541934","0.0371832","0.539995","0.601126","2.68094","1.74607e-15","3.03751","3.06091","18.3561","7.27158","0","0","0","0","0","0","0","0"
"4.79928","0.500044","0.541934","0.0371861","0.539596","0.601106","2.67143","1.74443e-15","3.03963","3.06525","18.414","7.27607","0","0","0","0","0","0","0","0"
"4.80075","0.500044","0.541934","0.0371887","0.540649","0.602056","2.65859","1.74441e-15","3.03282","3.05741","18.5295","7.26403","0","0","0","0","0","0","0","0"
"4.80335","0.500044","0.54192","0.0371891","0.540874","0.602401","2.65349","1.74628e-15","3.03224","3.06375","18.4749","7.28776","0","0","0","0","0","0","0","0"
"4.80673","0.500044","0.54192","0.0371895","0.540776","0.602305","2.6409","1.74657e-15","3.03037","3.06089","18.5856","7.27811","0","0","0","0","0","0","0","0"
"4.8104","0.500044","0.54192","0.0371899","0.540952","0.602541","2.63037","1.74496e-15","3.03122","3.062","18.6764","7.25617","0","0","0","0","0","0","0","0"
"4.8135","0.500044","0.54192","0.0371903","0.540459","0.601972","2.61632","1.74368e-15","3.02818","3.06434","18.8328","7.2366","0","0","0","0","0","0","0","0"
"4.81727","0.500044","0.54192","0.0371913","0.540553","0.601688","2.60392","1.74306e-15","3.0249","3.06211","18.9793","7.22168","0","0","0","0","0","0","0","0"
"4.8203","0.500044","0.542058","0.0371936","0.53932","0.600645","2.58978","1.74495e-15","3.02722","3.06139","19.1448","7.24462","0","0","0","0","0","0","0","0"
"4.82368","0.500044","0.542058","0.0371956","0.539439","0.601171","2.58453","1.74777e-15","3.03039","3.0635","19.0938","7.27863","0","0","0","0","0","0","0","0"
"4.82707","0.500044","0.542058","0.037198","0.53911","0.600759","2.57325","1.74715e-15","3.03557","3.06697","19.1816","7.26752","0","0","0","0","0","0","0","0"
"4.83045","0.500044","0.542058","0.0372","0.539398","0.601181","2.56138","1.74509e-15","3.03624","3.07056","19.3215","7.2593","0","0","0","0","0","0","0","0"
"4.8341","0.500044","0.542058","0.037202","0.539836","0.601863","2.54863","1.74325e-15","3.03787","3.07485","19.4557","7.24103","0","0","0","0","0","0","0","0"
"4.8372","0.500044","0.542277","0.0372032","0.539396","0.601353","2.53598","1.74506e-15","3.03837","3.07335","19.6243","7.27706","0","0","0","0","0","0","0","0"
"4.84058","0.500044","0.542277","0.0372047","0.539747","0.601799","2.52552","1.74736e-15","3.03865","3.07057","19.6964","7.30734","0","0","0","0","0","0","0","0"
"4.84397","0.500044","0.542277","0.037206","0.539633","0.601483","2.51572","1.74925e-15","3.04083","3.0707","19.7829","7.32744","0","0","0","0","0","0","0","0"
"4.84735","0.500044","0.542277","0.0372074","0.53958","0.601112","2.50289","1.74889e-15","3.04196","3.06804","19.9304","7.32823","0","0","0","0","0","0","0","0"
"4.85087","0.500044","0.542277","0.0372094","0.539975","0.601396","2.5065","1.74641e-15","3.04937","3.08008","19.6799","7.31018","0","0","0","0","0","0","0","0"
"4.85413","0.500044","0.542193","0.0372126","0.541252","0.601725","2.59351","1.74653e-15","3.0553","3.08131","19.0143","7.34918","0","0","0","0","0","0","0","0"
"4.85752","0.500044","0.542193","0.0372154","0.541726","0.602514","3.1919","1.74849e-15","3.06245","3.10655","19.784","7.36901","0","0","0","0","0","0","0","0"
"4.8609","0.500044","0.542193","0.0372186","0.542008","0.603067","3.50991","1.74873e-15","3.06582","3.10311","16.1483","7.36777","0","0","0","0","0","0","0","0"
"4.86428","0.500044","0.542193","0.0372213","0.542432","0.603781","3.60291","1.74725e-15","3.07029","3.11926","14.8016","7.34507","0","0","0","0","0","0","0","0"
"4.86985","0.500044","0.542193","0.0372224","0.541829","0.603618","3.8632","1.74652e-15","3.0696","3.11631","12.5895","7.35078","0","0","0","0","0","0","0","0"
"4.87313","0.500044","0.542281","0.0372222","0.542114","0.603722","3.88891","1.749e-15","3.0654","3.11085","12.1932","7.36549","0","0","0","0","0","0","0","0"
"4.87652","0.500044","0.542281","0.037222","0.541629","0.602714","3.87072","1.74956e-15","3.06463","3.11027","12.2641","7.36372","0","0","0","0","0","0","0","0"
"4.87992","0.500044","0.542281","0.0372217","0.541084","0.602314","3.85677","1.74808e-15","3.06916","3.11473","12.3068","7.34596","0","0","0","0","0","0","0","0"
"4.88382","0.500044","0.542281","0.0372204","0.540485","0.601702","3.83857","1.74648e-15","3.07196","3.1126","12.3799","7.32202","0","0","0","0","0","0","0","0"
"4.8867","0.500044","0.542619","0.0372169","0.539909","0.601366","3.84526","1.74633e-15","3.0712","3.10851","12.1842","7.32429","0","0","0","0","0","0","0","0"
"4.89007","0.500044","0.542619","0.0372129","0.539556","0.60127","3.82738","1.74897e-15","3.06892","3.10224","12.2539","7.3482","0","0","0","0","0","0","0","0"
"4.8935","0.500044","0.542619","0.0372095","0.539514","0.601202","3.8138","1.75011e-15","3.07248","3.09945","12.2942","7.34339","0","0","0","0","0","0","0","0"
"4.89683","0.500044","0.542619","0.0372054","0.539025","0.600751","3.81541","1.7484e-15","3.07319","3.10367","12.133","7.32406","0","0","0","0","0","0","0","0"
"4.90037","0.500044","0.542619","0.0372014","0.538899","0.600508","3.81737","1.74636e-15","3.07178","3.10126","11.9919","7.30589","0","0","0","0","0","0","0","0"
"4.9036","0.500044","0.542734","0.0371953","0.539007","0.60074","3.79738","1.7463e-15","3.07175","3.09477","12.0875","7.3125","0","0","0","0","0","0","0","0"
"4.90698","0.500044","0.542734","0.0371901","0.538338","0.600272","3.77838","1.7482e-15","3.07109","3.0959","12.1945","7.33903","0","0","0","0","0","0","0","0"
"4.91037","0.500044","0.542734","0.037184","0.539025","0.600917","3.76891","1.75007e-15","3.07652","3.09945","12.1651","7.3592","0","0","0","0","0","0","0","0"
"4.91377","0.500044","0.542734","0.0371788","0.538108","0.599805","3.77172","1.75032e-15","3.08061","3.10231","12.0099","7.34565","0","0","0","0","0","0","0","0"
"4.91725","0.500044","0.542734","0.0371738","0.537887","0.599352","3.78219","1.74733e-15","3.07534","3.0999","11.7578","7.32636","0","0","0","0","0","0","0","0"
"4.92053","0.500044","0.542337","0.0371706","0.537742","0.599232","3.7928","1.74768e-15","3.07314","3.09439","11.5275","7.31766","0","0","0","0","0","0","0","0"
"4.92392","0.500044","0.542337","0.037167","0.537566","0.598769","3.81036","1.74968e-15","3.07052","3.08977","11.2221","7.34143","0","0","0","0","0","0","0","0"
"4.9273","0.500044","0.542337","0.0371638","0.537817","0.59923","3.79736","1.75146e-15","3.06815","3.08354","11.2524","7.34721","0","0","0","0","0","0","0","0"
"4.93068","0.500044","0.542337","0.0371602","0.538116","0.599524","3.78074","1.75164e-15","3.07183","3.0861","11.3067","7.33528","0","0","0","0","0","0","0","0"
"4.93423","0.500044","0.542337","0.0371574","0.538181","0.599493","3.76117","1.74934e-15","3.0716","3.08063","11.4146","7.31748","0","0","0","0","0","0","0","0"
"4.93803","0.500044","0.542109","0.0371546","0.53779","0.599325","3.74584","1.7496e-15","3.06746","3.07768","11.4546","7.34845","0","0","0","0","0","0","0","0"
"4.94085","0.500044","0.542109","0.0371523","0.537426","0.598819","3.73672","1.75099e-15","3.06662","3.07636","11.4432","7.37806","0","0","0","0","0","0","0","0"
"4.94427","0.500044","0.542109","0.0371495","0.536796","0.598373","3.72763","1.74911e-15","3.06924","3.08207","11.4115","7.36103","0","0","0","0","0","0","0","0"
"4.9476","0.500044","0.542109","0.0371471","0.536598","0.59802","3.72347","1.74761e-15","3.0674","3.07773","11.3428","7.35705","0","0","0","0","0","0","0","0"
"4.95318","0.500044","0.542109","0.0371483","0.536268","0.598267","3.71049","1.74875e-15","3.06331","3.07824","11.2834","7.38803","0","0","0","0","0","0","0","0"
"4.9565","0.500044","0.541934","0.03715","0.536238","0.598083","3.69794","1.74969e-15","3.05897","3.07445","11.3124","7.37945","0","0","0","0","0","0","0","0"
"4.95985","0.500044","0.541934","0.0371521","0.53662","0.598359","3.68365","1.74738e-15","3.05462","3.07907","11.3444","7.35962","0","0","0","0","0","0","0","0"
"4.96323","0.500044","0.541934","0.0371538","0.536852","0.59894","3.666","1.74664e-15","3.05408","3.08635","11.4352","7.35464","0","0","0","0","0","0","0","0"
"4.96672","0.500044","0.541934","0.0371559","0.537508","0.599762","3.86975","1.74844e-15","3.05082","3.08297","11.3492","7.34979","0","0","0","0","0","0","0","0"
"4.97002","0.500044","0.541833","0.0371576","0.537771","0.59975","4.03555","1.74856e-15","3.04655","3.08072","10.3277","7.33552","0","0","0","0","0","0","0","0"
"4.97338","0.500044","0.541833","0.0371595","0.538765","0.600446","4.12076","1.74656e-15","3.05186","3.07742","9.67279","7.324","0","0","0","0","0","0","0","0"
"4.97677","0.500044","0.541833","0.0371613","0.540285","0.601331","4.136","1.7475e-15","3.06665","3.07675","9.497","7.34984","0","0","0","0","0","0","0","0"
"4.98017","0.500044","0.541833","0.0371632","0.540842","0.601779","4.11478","1.74945e-15","3.06219","3.07422","9.56967","7.35667","0","0","0","0","0","0","0","0"
"4.98367","0.500044","0.541833","0.0371667","0.541111","0.602663","4.0996","1.74789e-15","3.05789","3.0694","9.60627","7.32719","0","0","0","0","0","0","0","0"
"4.9869","0.500044","0.541795","0.0371747","0.540313","0.601743","4.08916","1.74664e-15","3.0574","3.06879","9.58466","7.34833","0","0","0","0","0","0","0","0"
"4.99025","0.500044","0.541795","0.0371816","0.540698","0.601991","4.08913","1.74893e-15","3.06207","3.06463","9.49269","7.38717","0","0","0","0","0","0","0","0"
"4.99365","0.500044","0.541795","0.0371897","0.540714","0.601398","4.09543","1.74951e-15","3.05841","3.06288","9.33907","7.38016","0","0","0","0","0","0","0","0"
"4.99705","0.500044","0.541795","0.0371966","0.541577","0.602202","4.10257","1.74768e-15","3.05309","3.05945","9.19445","7.36525","0","0","0","0","0","0","0","0"
"5.00053","0.500044","0.541795","0.0372023","0.541681","0.602649","4.10324","1.74698e-15","3.0547","3.0569","9.0844","7.37363","0","0","0","0","0","0","0","0"
"5.00377","0.500044","0.542309","0.0372046","0.541651","0.602848","4.10317","1.74876e-15","3.05044","3.05474","8.99722","7.35402","0","0","0","0","0","0","0","0"
"5.00715","0.500044","0.542309","0.0372073","0.540914","0.602477","4.10046","1.74655e-15","3.05303","3.05224","8.91536","7.33021","0","0","0","0","0","0","0","0"
"5.01053","0.500044","0.542309","0.0372096","0.540462","0.601948","4.09664","1.74708e-15","3.05027","3.05317","8.85807","7.33883","0","0","0","0","0","0","0","0"
"5.01393","0.500044","0.542309","0.0372123","0.541222","0.602208","4.09281","1.7499e-15","3.04376","3.04881","8.79126","7.36672","0","0","0","0","0","0","0","0"
"5.01742","0.500044","0.542309","0.0372126","0.5407","0.601845","4.08273","1.74789e-15","3.04163","3.04664","8.78365","7.3562","0","0","0","0","0","0","0","0"
"5.0207","0.500044","0.542741","0.0372106","0.541258","0.602328","4.06576","1.74743e-15","3.04736","3.05511","8.81728","7.36197","0","0","0","0","0","0","0","0"
"5.02408","0.500044","0.542741","0.0372089","0.541068","0.602658","4.05243","1.74953e-15","3.04905","3.05975","8.83736","7.3892","0","0","0","0","0","0","0","0"
"5.02747","0.500044","0.542741","0.0372069","0.541323","0.602749","4.0347","1.75094e-15","3.04006","3.05543","8.87933","7.39901","0","0","0","0","0","0","0","0"
"5.03085","0.500044","0.542741","0.0372052","0.540774","0.602002","4.01581","1.75126e-15","3.04236","3.06104","8.94662","7.39186","0","0","0","0","0","0","0","0"
"5.03663","0.500044","0.542741","0.0372023","0.541645","0.603006","4.11415","1.75003e-15","3.04245","3.05223","8.36743","7.39234","0","0","0","0","0","0","0","0"
"5.04002","0.500044","0.542929","0.0372005","0.542254","0.60345","4.16142","1.75255e-15","3.0458","3.0598","8.01832","7.44103","0","0","0","0","0","0","0","0"
"5.0434","0.500044","0.542929","0.037199","0.541974","0.602813","4.27398","1.75347e-15","3.04561","3.06053","7.58041","7.44065","0","0","0","0","0","0","0","0"
"5.04678","0.500044","0.542929","0.0371972","0.54232","0.603709","4.29522","1.75106e-15","3.05317","3.06654","7.38916","7.4229","0","0","0","0","0","0","0","0"
"5.05027","0.500044","0.542929","0.037195","0.542204","0.603645","4.37288","1.75136e-15","3.05325","3.07062","7.06344","7.42584","0","0","0","0","0","0","0","0"
"5.05355","0.500044","0.543009","0.0371905","0.542072","0.60355","4.3952","1.75197e-15","3.05284","3.07017","6.88349","7.43638","0","0","0","0","0","0","0","0"
"5.05693","0.500044","0.543009","0.0371867","0.541746","0.603542","4.39001","1.75052e-15","3.05171","3.06834","6.85068","7.42504","0","0","0","0","0","0","0","0"
"5.06027","0.500044","0.543009","0.0371823","0.54243","0.603822","4.38502","1.75214e-15","3.05542","3.06796","6.80773","7.43507","0","0","0","0","0","0","0","0"
"5.06377","0.500044","0.543009","0.0371785","0.542451","0.603562","4.36873","1.75324e-15","3.05905","3.07287","6.83602","7.42499","0","0","0","0","0","0","0","0"
"5.06725","0.500044","0.543009","0.0371751","0.54263","0.603212","4.35458","1.75052e-15","3.0597","3.07636","6.84154","7.40841","0","0","0","0","0","0","0","0"
"5.07052","0.500044","0.543206","0.0371734","0.54226","0.602969","4.38507","1.75164e-15","3.06026","3.07505","6.70305","7.42917","0","0","0","0","0","0","0","0"
"5.0739","0.500044","0.543206","0.0371713","0.541888","0.602557","4.39385","1.75215e-15","3.05639","3.07623","6.60038","7.4314","0","0","0","0","0","0","0","0"
"5.0773","0.500044","0.543206","0.0371696","0.541453","0.602568","4.37178","1.75089e-15","3.05876","3.07694","6.65938","7.41503","0","0","0","0","0","0","0","0"
"5.08068","0.500044","0.543206","0.0371676","0.541514","0.602422","4.36269","1.75093e-15","3.05736","3.07672","6.64119","7.42831","0","0","0","0","0","0","0","0"
"5.0842","0.500044","0.543206","0.0371639","0.541665","0.60277","4.34207","1.75179e-15","3.06648","3.08098","6.69298","7.42557","0","0","0","0","0","0","0","0"
"5.08758","0.500044","0.543335","0.0371574","0.541353","0.602233","4.33069","1.75096e-15","3.06276","3.08035","6.6831","7.40235","0","0","0","0","0","0","0","0"
"5.09085","0.500044","0.543335","0.0371519","0.541478","0.60235","4.32735","1.75157e-15","3.06081","3.07793","6.63988","7.41791","0","0","0","0","0","0","0","0"
"5.09422","0.500044","0.543335","0.0371454","0.541583","0.602506","4.41765","1.75376e-15","3.05823","3.0742","6.33296","7.43263","0","0","0","0","0","0","0","0"
"5.09762","0.500044","0.543335","0.0371398","0.541996","0.602768","4.42679","1.75304e-15","3.06714","3.08464","6.24489","7.40869","0","0","0","0","0","0","0","0"
"5.1011","0.500044","0.543335","0.037132","0.541729","0.602372","4.40426","1.74966e-15","3.06516","3.07827","6.29228","7.39737","0","0","0","0","0","0","0","0"
"5.10438","0.500044","0.543261","0.0371243","0.541834","0.602322","4.38442","1.75167e-15","3.06649","3.07755","6.33599","7.41858","0","0","0","0","0","0","0","0"
"5.10777","0.500044","0.543261","0.0371154","0.541771","0.602474","4.37105","1.75361e-15","3.06641","3.07508","6.33571","7.42637","0","0","0","0","0","0","0","0"
"5.11115","0.500044","0.543261","0.0371078","0.541172","0.601786","4.37638","1.75224e-15","3.07178","3.07306","6.25491","7.41611","0","0","0","0","0","0","0","0"
"5.11453","0.500044","0.543261","0.0370989","0.540776","0.601246","4.39593","1.75375e-15","3.07162","3.07411","6.10381","7.43813","0","0","0","0","0","0","0","0"
"5.11985","0.500044","0.543261","0.037086","0.540381","0.601199","4.43694","1.7518e-15","3.06711","3.07741","5.85303","7.4133","0","0","0","0","0","0","0","0"
"5.12315","0.500044","0.543235","0.0370783","0.541019","0.601858","4.46145","1.75114e-15","3.06937","3.08606","5.71019","7.41618","0","0","0","0","0","0","0","0"
"5.12652","0.500044","0.543235","0.0370693","0.540856","0.601553","4.48555","1.75295e-15","3.06817","3.08564","5.56651","7.42915","0","0","0","0","0","0","0","0"
"5.1299","0.500044","0.543235","0.0370615","0.540265","0.60114","4.48215","1.75189e-15","3.06443","3.08498","5.53859","7.41683","0","0","0","0","0","0","0","0"
"5.1334","0.500044","0.543235","0.0370542","0.540618","0.601432","4.45904","1.75105e-15","3.06675","3.08145","5.58198","7.40754","0","0","0","0","0","0","0","0"
"5.13668","0.500044","0.543245","0.0370515","0.54116","0.602478","4.44807","1.75191e-15","3.06016","3.08001","5.58117","7.41567","0","0","0","0","0","0","0","0"
"5.14005","0.500044","0.543245","0.0370483","0.540948","0.602405","4.43942","1.75019e-15","3.06177","3.07983","5.56388","7.39957","0","0","0","0","0","0","0","0"
"5.14343","0.500044","0.543245","0.0370455","0.541172","0.602414","4.42527","1.75172e-15","3.0551","3.07835","5.57601","7.4262","0","0","0","0","0","0","0","0"
"5.14682","0.500044","0.543245","0.0370423","0.541273","0.602517","4.40141","1.75154e-15","3.05144","3.08237","5.62477","7.40906","0","0","0","0","0","0","0","0"
"5.1503","0.500044","0.543245","0.0370421","0.540898","0.603065","4.37969","1.75053e-15","3.04863","3.07344","5.67315","7.39707","0","0","0","0","0","0","0","0"
"5.1536","0.500044","0.543174","0.0370475","0.540626","0.602213","4.35665","1.75074e-15","3.04818","3.07321","5.71928","7.38998","0","0","0","0","0","0","0","0"
"5.15698","0.500044","0.543174","0.0370521","0.541187","0.602902","4.34509","1.75026e-15","3.04221","3.0672","5.72262","7.39184","0","0","0","0","0","0","0","0"
"5.16037","0.500044","0.543174","0.0370575","0.54038","0.602195","4.33083","1.75157e-15","3.04488","3.07184","5.7271","7.39571","0","0","0","0","0","0","0","0"
"5.16377","0.500044","0.543174","0.0370622","0.540304","0.602166","4.31793","1.7501e-15","3.04063","3.06666","5.73524","7.38422","0","0","0","0","0","0","0","0"
"5.16723","0.500044","0.543174","0.0370684","0.540272","0.602159","4.29365","1.75162e-15","3.04052","3.06403","5.78995","7.39554","0","0","0","0","0","0","0","0"
"5.17052","0.500044","0.543322","0.0370747","0.540753","0.602282","4.27401","1.75166e-15","3.03507","3.06296","5.83197","7.37356","0","0","0","0","0","0","0","0"
"5.1739","0.500044","0.543322","0.0370821","0.540806","0.602885","4.25369","1.7528e-15","3.03144","3.0538","5.86868","7.38154","0","0","0","0","0","0","0","0"
"5.1773","0.500044","0.543322","0.0370884","0.540096","0.601673","4.23806","1.75225e-15","3.03349","3.05955","5.89109","7.36505","0","0","0","0","0","0","0","0"
"5.18068","0.500044","0.543322","0.0370957","0.541094","0.602652","4.22609","1.7516e-15","3.04168","3.05605","5.88672","7.37638","0","0","0","0","0","0","0","0"
"5.18418","0.500044","0.543322","0.0370988","0.540535","0.601847","4.21088","1.75198e-15","3.04304","3.05843","5.90772","7.38324","0","0","0","0","0","0","0","0"
"5.18745","0.500044","0.543408","0.0370987","0.540845","0.602554","4.18563","1.75116e-15","3.03952","3.06141","5.97261","7.38031","0","0","0","0","0","0","0","0"
"5.19083","0.500044","0.543408","0.0370986","0.540901","0.602533","4.16656","1.75308e-15","3.03538","3.06797","6.0157","7.3901","0","0","0","0","0","0","0","0"
"5.19422","0.500044","0.543408","0.0370984","0.540611","0.602906","4.14525","1.75177e-15","3.02932","3.07327","6.06145","7.36963","0","0","0","0","0","0","0","0"
"5.1976","0.500044","0.543408","0.0370983","0.540139","0.601968","4.12322","1.75329e-15","3.02903","3.07591","6.12261","7.3653","0","0","0","0","0","0","0","0"
"5.20318","0.500044","0.543408","0.037092","0.539115","0.600949","4.18174","1.75219e-15","3.037","3.08279","5.86674","7.36552","0","0","0","0","0","0","0","0"
"5.20647","0.500044","0.543389","0.0370873","0.539208","0.601299","4.17785","1.7522e-15","3.0356","3.0811","5.83411","7.36789","0","0","0","0","0","0","0","0"
"5.20983","0.500044","0.543389","0.0370819","0.538947","0.601375","4.15468","1.75272e-15","3.03385","3.07447","5.88797","7.37957","0","0","0","0","0","0","0","0"
"5.21323","0.500044","0.543389","0.0370772","0.539182","0.601486","4.14049","1.75423e-15","3.02824","3.07672","5.90579","7.38568","0","0","0","0","0","0","0","0"
"5.21672","0.500044","0.543389","0.0370732","0.539509","0.601664","4.17057","1.75293e-15","3.02319","3.07212","5.74926","7.35877","0","0","0","0","0","0","0","0"
"5.22","0.500044","0.543418","0.0370729","0.539291","0.601683","4.15899","1.75421e-15","3.02748","3.07561","5.75395","7.35929","0","0","0","0","0","0","0","0"
"5.22338","0.500044","0.543418","0.0370725","0.539681","0.602181","4.13567","1.75236e-15","3.02388","3.07481","5.80864","7.35155","0","0","0","0","0","0","0","0"
"5.22677","0.500044","0.543418","0.0370722","0.53945","0.6022","4.12042","1.75389e-15","3.02332","3.08031","5.83124","7.39392","0","0","0","0","0","0","0","0"
"5.23015","0.500044","0.543418","0.0370718","0.539059","0.602171","4.11098","1.7525e-15","3.02535","3.07899","5.81596","7.38828","0","0","0","0","0","0","0","0"
"5.23367","0.500044","0.543418","0.0370711","0.539398","0.601905","4.10677","1.75308e-15","3.02953","3.08174","5.78776","7.39415","0","0","0","0","0","0","0","0"
"5.23693","0.500044","0.543286","0.0370692","0.53904","0.601897","4.27217","1.7525e-15","3.0286","3.08095","5.59986","7.3835","0","0","0","0","0","0","0","0"
"5.24032","0.500044","0.543286","0.0370676","0.538544","0.60139","4.32226","1.75325e-15","3.02939","3.08054","5.4065","7.3954","0","0","0","0","0","0","0","0"
"5.2437","0.500044","0.543286","0.0370657","0.537412","0.600421","4.44327","1.75366e-15","3.0303","3.08248","5.18135","7.38956","0","0","0","0","0","0","0","0"
"5.24708","0.500044","0.543286","0.0370641","0.537804","0.600497","4.56915","1.75303e-15","3.02444","3.08129","5.03783","7.39686","0","0","0","0","0","0","0","0"
"5.25058","0.500044","0.543286","0.0370625","0.536785","0.59995","4.58514","1.75382e-15","3.0258","3.08206","4.94842","7.40625","0","0","0","0","0","0","0","0"
"5.25385","0.500044","0.543363","0.0370615","0.536573","0.599991","4.56233","1.75319e-15","3.02529","3.07899","4.99193","7.37991","0","0","0","0","0","0","0","0"
"5.25723","0.500044","0.543363","0.0370603","0.536496","0.599646","4.53857","1.75402e-15","3.02419","3.07586","5.03185","7.37456","0","0","0","0","0","0","0","0"
"5.26063","0.500044","0.543363","0.0370592","0.535941","0.599056","4.53456","1.75555e-15","3.02484","3.0803","5.00394","7.38292","0","0","0","0","0","0","0","0"
"5.26402","0.500044","0.543363","0.037058","0.535904","0.598586","4.53084","1.75347e-15","3.02732","3.08038","4.97168","7.36806","0","0","0","0","0","0","0","0"
"5.2793","0.500044","0.543363","0.0370642","0.535209","0.597711","4.44919","1.75328e-15","3.02399","3.07418","5.09924","7.37877","0","0","0","0","0","0","0","0"
"5.28087","0.500044","0.543195","0.037066","0.534555","0.597225","4.43418","1.75505e-15","3.02287","3.07058","5.11364","7.38746","0","0","0","0","0","0","0","0"
"5.2866","0.500044","0.543195","0.0370677","0.535561","0.598469","4.39814","1.75298e-15","3.02481","3.06146","5.17848","7.39675","0","0","0","0","0","0","0","0"
"5.29013","0.500044","0.542803","0.0370685","0.535638","0.598706","4.37868","1.75437e-15","3.02721","3.06455","5.20617","7.40235","0","0","0","0","0","0","0","0"
"5.29352","0.500044","0.542803","0.0370691","0.535246","0.598271","4.35676","1.75307e-15","3.02859","3.06433","5.25249","7.37973","0","0","0","0","0","0","0","0"
"5.2969","0.500044","0.542803","0.0370699","0.534466","0.59754","4.3373","1.75483e-15","3.02874","3.0642","5.27961","7.40036","0","0","0","0","0","0","0","0"
"5.30042","0.500044","0.542803","0.0370711","0.534342","0.597428","4.32007","1.75483e-15","3.02833","3.07248","5.30664","7.38365","0","0","0","0","0","0","0","0"
"5.30367","0.500044","0.542516","0.0370736","0.534027","0.597091","4.33305","1.75325e-15","3.03525","3.06886","5.23964","7.37725","0","0","0","0","0","0","0","0"
"5.30705","0.500044","0.542516","0.0370757","0.533815","0.596897","4.37024","1.75567e-15","3.03253","3.0658","5.10598","7.39367","0","0","0","0","0","0","0","0"
"5.31045","0.500044","0.542516","0.0370782","0.53453","0.597591","4.4043","1.7557e-15","3.04373","3.0765","5.00905","7.37287","0","0","0","0","0","0","0","0"
"5.31383","0.500044","0.542516","0.0370804","0.533948","0.596998","4.40686","1.75464e-15","3.04367","3.07475","4.963","7.37649","0","0","0","0","0","0","0","0"
"5.31732","0.500044","0.542516","0.0370835","0.534557","0.597081","4.43249","1.75469e-15","3.04665","3.06909","4.87045","7.37607","0","0","0","0","0","0","0","0"
"5.3206","0.500044","0.542452","0.0370868","0.535099","0.597772","4.44365","1.75384e-15","3.04506","3.06875","4.81975","7.36546","0","0","0","0","0","0","0","0"
"5.32398","0.500044","0.542452","0.0370908","0.535436","0.59806","4.42845","1.75414e-15","3.04546","3.07031","4.83079","7.39285","0","0","0","0","0","0","0","0"
"5.32732","0.500044","0.542452","0.0370941","0.535611","0.597914","4.41154","1.75471e-15","3.04119","3.06494","4.85321","7.40705","0","0","0","0","0","0","0","0"
"5.33067","0.500044","0.542452","0.0370981","0.535265","0.597591","4.39505","1.75294e-15","3.04096","3.0623","4.86822","7.38496","0","0","0","0","0","0","0","0"
"5.33437","0.500044","0.542452","0.0370983","0.534944","0.597251","4.38823","1.7523e-15","3.03821","3.06178","4.84625","7.37806","0","0","0","0","0","0","0","0"
"5.33765","0.500044","0.542314","0.0370961","0.534511","0.596693","4.4054","1.75398e-15","3.03618","3.0596","4.75278","7.38974","0","0","0","0","0","0","0","0"
"5.34103","0.500044","0.542314","0.0370935","0.534965","0.597244","4.44393","1.75305e-15","3.03312","3.05752","4.61362","7.36994","0","0","0","0","0","0","0","0"
"5.34437","0.500044","0.542314","0.0370913","0.536007","0.598395","4.49148","1.75477e-15","3.0279","3.05067","4.48615","7.39535","0","0","0","0","0","0","0","0"
"5.34795","0.500044","0.542314","0.0370888","0.536043","0.597798","4.51902","1.75423e-15","3.02317","3.04859","4.39265","7.39074","0","0","0","0","0","0","0","0"
"5.35142","0.500044","0.542314","0.037089","0.535657","0.597167","4.53189","1.75246e-15","3.02229","3.04619","4.32384","7.38093","0","0","0","0","0","0","0","0"
"5.35477","0.500044","0.542428","0.0370906","0.535582","0.597149","4.56028","1.75229e-15","3.0234","3.04466","4.21848","7.39253","0","0","0","0","0","0","0","0"
"5.3581","0.500044","0.542428","0.037092","0.535278","0.5966","4.589","1.75084e-15","3.02354","3.04525","4.12412","7.37674","0","0","0","0","0","0","0","0"
"5.36147","0.500044","0.542428","0.0370937","0.536084","0.59725","4.62315","1.75263e-15","3.0271","3.05352","4.02639","7.41375","0","0","0","0","0","0","0","0"
"5.36488","0.500044","0.542428","0.0370951","0.53624","0.597763","4.64067","1.75123e-15","3.02411","3.05237","3.9684","7.39129","0","0","0","0","0","0","0","0"
"5.36993","0.500044","0.542428","0.0370905","0.535878","0.597352","4.6541","1.75137e-15","3.02272","3.04996","3.89159","7.36946","0","0","0","0","0","0","0","0"
"5.37317","0.500044","0.542479","0.0370868","0.536258","0.597497","4.66021","1.75031e-15","3.01692","3.04627","3.84947","7.35017","0","0","0","0","0","0","0","0"
"5.37658","0.500044","0.542479","0.0370824","0.535601","0.597446","4.66293","1.7501e-15","3.01592","3.04329","3.81259","7.34568","0","0","0","0","0","0","0","0"
"5.37997","0.500044","0.542479","0.0370786","0.535341","0.596989","4.64109","1.75218e-15","3.01354","3.04208","3.84244","7.3468","0","0","0","0","0","0","0","0"
"5.38347","0.500044","0.542479","0.0370758","0.535281","0.597371","4.61556","1.75148e-15","3.00964","3.03783","3.87749","7.32641","0","0","0","0","0","0","0","0"
"5.38675","0.500044","0.542509","0.0370769","0.535405","0.59707","4.59948","1.75215e-15","3.01235","3.04093","3.89113","7.33801","0","0","0","0","0","0","0","0"
"5.39013","0.500044","0.542509","0.0370782","0.535632","0.597257","4.9483","1.75067e-15","3.01194","3.04138","5.10264","7.33763","0","0","0","0","0","0","0","0"
"5.39352","0.500044","0.542509","0.0370793","0.535874","0.597803","5.16294","1.75222e-15","3.01933","3.03929","5.09629","7.3624","0","0","0","0","0","0","0","0"
"5.39698","0.500044","0.542509","0.0370805","0.535417","0.59755","5.20723","1.75116e-15","3.01703","3.03862","4.94854","7.33758","0","0","0","0","0","0","0","0"
"5.40043","0.500044","0.542509","0.0370797","0.535824","0.597904","5.20085","1.75025e-15","3.01502","3.03512","4.91921","7.3215","0","0","0","0","0","0","0","0"
"5.40387","0.500044","0.542501","0.0370767","0.535606","0.597609","5.17722","1.751e-15","3.0159","3.03989","4.95427","7.32227","0","0","0","0","0","0","0","0"
"5.40725","0.500044","0.542501","0.0370732","0.535445","0.597755","5.14673","1.74927e-15","3.01495","3.04128","5.00668","7.32048","0","0","0","0","0","0","0","0"
"5.4107","0.500044","0.542501","0.0370702","0.535541","0.597469","5.11919","1.75079e-15","3.01085","3.03807","5.05794","7.34284","0","0","0","0","0","0","0","0"
"5.41397","0.500044","0.542501","0.0370667","0.535106","0.597434","5.10643","1.75006e-15","3.01311","3.04376","5.05335","7.32383","0","0","0","0","0","0","0","0"
"5.42775","0.500044","0.542501","0.0370702","0.534573","0.595725","5.14313","1.74987e-15","3.01153","3.04017","4.93911","7.31945","0","0","0","0","0","0","0","0"
"5.43093","0.500044","0.542501","0.0370715","0.534833","0.595574","5.20267","1.74819e-15","3.00899","3.0369","4.79471","7.30195","0","0","0","0","0","0","0","0"
"5.43462","0.500044","0.542501","0.0370753","0.534816","0.595553","5.19252","1.74795e-15","3.01019","3.03743","4.78396","7.29963","0","0","0","0","0","0","0","0"
"5.4379","0.500044","0.542503","0.0370807","0.534196","0.594876","5.18449","1.74781e-15","3.0116","3.03885","4.76547","7.29838","0","0","0","0","0","0","0","0"
"5.44128","0.500044","0.542503","0.0370853","0.534405","0.595587","5.17395","1.74791e-15","3.01321","3.04594","4.76857","7.29684","0","0","0","0","0","0","0","0"
"5.44468","0.500044","0.542503","0.0370907","0.534082","0.594729","5.15718","1.75016e-15","3.01319","3.04432","4.77512","7.32477","0","0","0","0","0","0","0","0"
"5.44808","0.500044","0.542503","0.0370954","0.533969","0.594959","5.13429","1.74897e-15","3.0071","3.03874","4.80738","7.30687","0","0","0","0","0","0","0","0"
"5.4531","0.500044","0.542503","0.0371014","0.533198","0.593641","5.09784","1.74918e-15","3.00488","3.04083","4.85719","7.32243","0","0","0","0","0","0","0","0"
"5.4564","0.500044","0.542318","0.0371047","0.533106","0.59391","5.07825","1.75038e-15","3.00432","3.0343","4.87903","7.32167","0","0","0","0","0","0","0","0"
"5.45978","0.500044","0.542318","0.0371086","0.532902","0.593616","5.06025","1.75059e-15","3.00211","3.02905","4.88863","7.34175","0","0","0","0","0","0","0","0"
"5.46317","0.500044","0.542318","0.037112","0.532117","0.592947","5.05189","1.75257e-15","3.00067","3.02827","4.87334","7.3565","0","0","0","0","0","0","0","0"
"5.46665","0.500044","0.542318","0.0371148","0.531805","0.592579","5.02347","1.75062e-15","3.0012","3.02777","4.92","7.329","0","0","0","0","0","0","0","0"
"5.46995","0.500044","0.542072","0.0371148","0.532223","0.592476","5.00216","1.75196e-15","2.99995","3.02532","4.94982","7.35358","0","0","0","0","0","0","0","0"
"5.47332","0.500044","0.542072","0.0371149","0.531894","0.592865","4.97358","1.75217e-15","3.00213","3.02243","4.99888","7.34375","0","0","0","0","0","0","0","0"
"5.47672","0.500044","0.542072","0.0371149","0.531983","0.592714","4.95038","1.75258e-15","3.00257","3.02216","5.03706","7.3601","0","0","0","0","0","0","0","0"
"5.4801","0.500044","0.542072","0.0371149","0.531434","0.592141","4.92835","1.7533e-15","3.00591","3.02092","5.06403","7.37764","0","0","0","0","0","0","0","0"
"5.48358","0.500044","0.542072","0.0371143","0.531446","0.592277","4.90686","1.7512e-15","3.00881","3.01846","5.09664","7.36548","0","0","0","0","0","0","0","0"
"5.48687","0.500044","0.541668","0.0371122","0.531355","0.592457","4.87962","1.75221e-15","3.00733","3.01564","5.14387","7.38649","0","0","0","0","0","0","0","0"
"5.49025","0.500044","0.541668","0.0371105","0.531199","0.591913","4.87542","1.75095e-15","3.0065","3.01501","5.11657","7.36299","0","0","0","0","0","0","0","0"
"5.49363","0.500044","0.541668","0.0371084","0.531772","0.592436","4.84999","1.75273e-15","3.01614","3.02975","5.15794","7.37315","0","0","0","0","0","0","0","0"
"5.49777","0.500044","0.541668","0.0371066","0.531742","0.592294","4.83465","1.75285e-15","3.01494","3.03058","5.17212","7.36627","0","0","0","0","0","0","0","0"
"5.5005","0.500044","0.541668","0.0371056","0.531882","0.592388","4.81811","1.75102e-15","3.01149","3.02485","5.18264","7.34454","0","0","0","0","0","0","0","0"
"5.5038","0.500044","0.541339","0.037106","0.531291","0.591705","4.79675","1.75337e-15","3.0117","3.02357","5.21728","7.34459","0","0","0","0","0","0","0","0"
"5.50718","0.500044","0.541339","0.0371064","0.532439","0.593044","4.77152","1.75239e-15","3.01575","3.02777","5.26066","7.33288","0","0","0","0","0","0","0","0"
"5.51057","0.500044","0.541339","0.0371068","0.532403","0.59305","4.7624","1.75174e-15","3.01316","3.02787","5.25256","7.33084","0","0","0","0","0","0","0","0"
"5.51395","0.500044","0.541339","0.0371072","0.532078","0.593227","4.87764","1.75361e-15","3.01315","3.02987","5.07424","7.33616","0","0","0","0","0","0","0","0"
"5.51743","0.500044","0.541339","0.0371081","0.532677","0.593763","5.07776","1.75203e-15","3.00973","3.0289","5.36169","7.32853","0","0","0","0","0","0","0","0"
"5.52072","0.500044","0.541204","0.0371097","0.533227","0.593962","5.19708","1.75186e-15","3.00397","3.02514","5.17576","7.33073","0","0","0","0","0","0","0","0"
"5.5241","0.500044","0.541204","0.0371111","0.533739","0.594689","5.1857","1.75364e-15","3.00315","3.02141","5.17136","7.33432","0","0","0","0","0","0","0","0"
"5.52748","0.500044","0.541204","0.0371126","0.533444","0.593932","5.15843","1.75323e-15","3.00432","3.01954","5.21374","7.31841","0","0","0","0","0","0","0","0"
"5.53087","0.500044","0.541204","0.037114","0.533098","0.593653","5.15186","1.75211e-15","3.00112","3.01598","5.19306","7.31908","0","0","0","0","0","0","0","0"
"5.53645","0.500044","0.541204","0.0371175","0.533147","0.593365","5.20944","1.75234e-15","3.00022","3.0138","4.97267","7.3288","0","0","0","0","0","0","0","0"
"5.53973","0.500044","0.541247","0.0371197","0.53305","0.592997","5.22317","1.75153e-15","3.0021","3.01367","4.8981","7.3172","0","0","0","0","0","0","0","0"
"5.54322","0.500044","0.541247","0.0371222","0.533146","0.593427","5.20453","1.75347e-15","3.00503","3.02247","4.90793","7.34509","0","0","0","0","0","0","0","0"
"5.5466","0.500044","0.541247","0.0371243","0.533032","0.593479","5.20562","1.75301e-15","3.00219","3.02374","4.86504","7.32058","0","0","0","0","0","0","0","0"
"5.5501","0.500044","0.541247","0.0371271","0.533552","0.593796","5.17762","1.75188e-15","3.0012","3.01945","4.90855","7.30303","0","0","0","0","0","0","0","0"
"5.5534","0.500044","0.541393","0.0371303","0.533479","0.593672","5.15261","1.75279e-15","3.00337","3.01959","4.949","7.29085","0","0","0","0","0","0","0","0"
"5.55677","0.500044","0.541393","0.037134","0.534379","0.594149","5.13309","1.75069e-15","3.01295","3.01644","4.96512","7.29689","0","0","0","0","0","0","0","0"
"5.56015","0.500044","0.541393","0.0371371","0.534075","0.593472","5.11466","1.7521e-15","3.01132","3.0158","4.98411","7.31402","0","0","0","0","0","0","0","0"
"5.56353","0.500044","0.541393","0.0371408","0.533422","0.593101","5.09705","1.75113e-15","3.01374","3.01397","4.99214","7.3146","0","0","0","0","0","0","0","0"
"5.56705","0.500044","0.541393","0.0371445","0.53337","0.59305","5.10466","1.75082e-15","3.01377","3.01254","4.93116","7.30108","0","0","0","0","0","0","0","0"
"5.5703","0.500044","0.541325","0.0371501","0.533389","0.593584","5.12973","1.74967e-15","3.01414","3.01741","4.86315","7.29266","0","0","0","0","0","0","0","0"
"5.5737","0.500044","0.541325","0.0371549","0.533288","0.593584","5.33186","1.74899e-15","3.01275","3.01291","4.84508","7.29487","0","0","0","0","0","0","0","0"
"5.57708","0.500044","0.541325","0.0371605","0.533221","0.593355","5.40137","1.75189e-15","3.01043","3.01176","4.69744","7.30068","0","0","0","0","0","0","0","0"
"5.58047","0.500044","0.541325","0.0371653","0.5328","0.593375","5.37752","1.75034e-15","3.01377","3.0162","4.72878","7.28159","0","0","0","0","0","0","0","0"
"5.58395","0.500044","0.541325","0.0371692","0.533046","0.593359","5.35051","1.74944e-15","3.01086","3.01189","4.76374","7.2817","0","0","0","0","0","0","0","0"
"5.58723","0.500044","0.541264","0.0371707","0.53388","0.593898","5.32917","1.74902e-15","3.01144","3.00952","4.78888","7.27011","0","0","0","0","0","0","0","0"
"5.59062","0.500044","0.541264","0.0371725","0.533451","0.593315","5.30159","1.74923e-15","3.0151","3.01141","4.8267","7.27218","0","0","0","0","0","0","0","0"
"5.59402","0.500044","0.541264","0.037174","0.533609","0.593427","5.3366","1.75048e-15","3.01452","3.01492","4.72809","7.27862","0","0","0","0","0","0","0","0"
"5.59738","0.500044","0.541264","0.0371757","0.533575","0.593323","5.32351","1.74998e-15","3.0119","3.0138","4.72113","7.28393","0","0","0","0","0","0","0","0"
"5.6009","0.500044","0.541264","0.0371751","0.532805","0.59276","5.29817","1.7499e-15","3.01342","3.01465","4.75935","7.27276","0","0","0","0","0","0","0","0"
"5.60415","0.500044","0.541119","0.0371719","0.532596","0.592749","5.27017","1.74809e-15","3.01075","3.00896","4.79886","7.26619","0","0","0","0","0","0","0","0"
"5.60755","0.500044","0.541119","0.0371691","0.533434","0.593665","5.25878","1.74964e-15","3.0061","3.0065","4.79371","7.30219","0","0","0","0","0","0","0","0"
"5.61093","0.500044","0.541119","0.0371659","0.532796","0.593657","5.25548","1.74911e-15","3.00993","3.00919","4.75893","7.28815","0","0","0","0","0","0","0","0"
"5.61432","0.500044","0.541119","0.0371632","0.533407","0.593636","5.23999","1.74962e-15","3.01285","3.00357","4.76662","7.30486","0","0","0","0","0","0","0","0"
"5.61988","0.500044","0.541119","0.037152","0.533626","0.594381","5.20043","1.74802e-15","3.01763","3.00492","4.81597","7.3014","0","0","0","0","0","0","0","0"
"5.62318","0.500044","0.541081","0.0371447","0.533003","0.593531","5.1812","1.75004e-15","3.02024","3.00541","4.83586","7.31893","0","0","0","0","0","0","0","0"
"5.62655","0.500044","0.541081","0.0371361","0.532781","0.59363","5.19117","1.74857e-15","3.02299","3.00411","4.76748","7.30179","0","0","0","0","0","0","0","0"
"5.62993","0.500044","0.541081","0.0371287","0.532741","0.593838","5.17944","1.74911e-15","3.02706","3.00334","4.76811","7.30993","0","0","0","0","0","0","0","0"
"5.63343","0.500044","0.541081","0.0371208","0.531855","0.592943","5.18681","1.7492e-15","3.02777","3.00608","4.76729","7.3115","0","0","0","0","0","0","0","0"
"5.63672","0.500044","0.541039","0.0371155","0.531321","0.592512","5.21324","1.74942e-15","3.03028","3.00734","4.67871","7.30765","0","0","0","0","0","0","0","0"
"5.6401","0.500044","0.541039","0.0371093","0.532956","0.594297","5.18652","1.75199e-15","3.03653","3.01257","4.71462","7.32132","0","0","0","0","0","0","0","0"
"5.64348","0.500044","0.541039","0.037104","0.533032","0.59425","5.16676","1.75115e-15","3.03392","3.01293","4.7364","7.29904","0","0","0","0","0","0","0","0"
"5.64687","0.500044","0.541039","0.0370978","0.534209","0.594764","5.14802","1.75322e-15","3.03321","3.01925","4.74972","7.31377","0","0","0","0","0","0","0","0"
"5.65047","0.500044","0.541039","0.0370944","0.53338","0.593998","5.11978","1.7519e-15","3.03695","3.02002","4.79265","7.29055","0","0","0","0","0","0","0","0"
"5.65375","0.500044","0.540953","0.0370947","0.533561","0.594425","5.0978","1.75336e-15","3.04013","3.02287","4.82237","7.31169","0","0","0","0","0","0","0","0"
"5.65713","0.500044","0.540953","0.0370951","0.532566","0.593809","5.06615","1.75271e-15","3.04151","3.0216","4.8794","7.31142","0","0","0","0","0","0","0","0"
"5.66052","0.500044","0.540953","0.0370954","0.532514","0.593668","5.04567","1.75231e-15","3.0376","3.02208","4.90517","7.31894","0","0","0","0","0","0","0","0"
"5.6639","0.500044","0.540953","0.0370958","0.532776","0.594058","5.03428","1.75299e-15","3.0308","3.02053","4.89567","7.31812","0","0","0","0","0","0","0","0"
"5.66738","0.500044","0.540953","0.0370977","0.533047","0.594166","5.0186","1.7509e-15","3.0284","3.0218","4.90637","7.30207","0","0","0","0","0","0","0","0"
"5.67067","0.500044","0.540904","0.037102","0.533324","0.594235","4.99054","1.75152e-15","3.02552","3.01645","4.95265","7.30864","0","0","0","0","0","0","0","0"
"5.67405","0.500044","0.540904","0.0371056","0.533541","0.594536","4.96608","1.75107e-15","3.02253","3.01195","4.99467","7.29907","0","0","0","0","0","0","0","0"
"5.67745","0.500044","0.540904","0.0371099","0.533524","0.594431","4.94293","1.75291e-15","3.0215","3.01022","5.02483","7.32731","0","0","0","0","0","0","0","0"
"5.6809","0.500044","0.540904","0.0371135","0.533855","0.5949","4.96282","1.75106e-15","3.01728","3.00624","4.96892","7.3101","0","0","0","0","0","0","0","0"
"5.68438","0.500044","0.540904","0.0371153","0.534364","0.595234","5.03809","1.75063e-15","3.0213","3.01445","4.82032","7.3176","0","0","0","0","0","0","0","0"
"5.68767","0.500044","0.540917","0.0371153","0.534118","0.595055","5.01527","1.75099e-15","3.02381","3.02262","4.8549","7.30843","0","0","0","0","0","0","0","0"
"5.69102","0.500044","0.540917","0.0371152","0.533998","0.594573","4.98837","1.74943e-15","3.02291","3.01875","4.89649","7.31529","0","0","0","0","0","0","0","0"
"5.69437","0.500044","0.540917","0.0371152","0.534934","0.595859","4.98061","1.75161e-15","3.02441","3.0188","4.88693","7.3316","0","0","0","0","0","0","0","0"
"5.69772","0.500044","0.540917","0.0371152","0.534397","0.595312","5.0373","1.75058e-15","3.02847","3.02297","4.73009","7.31147","0","0","0","0","0","0","0","0"
"5.70313","0.500044","0.540917","0.0371158","0.534735","0.596034","5.00242","1.75092e-15","3.022","3.01975","4.77588","7.30698","0","0","0","0","0","0","0","0"
"5.70642","0.500044","0.540963","0.0371163","0.534197","0.595632","5.00088","1.74917e-15","3.02102","3.01764","4.74138","7.28941","0","0","0","0","0","0","0","0"
"5.70977","0.500044","0.540963","0.0371169","0.534065","0.595276","5.00117","1.75056e-15","3.0177","3.01549","4.69991","7.31856","0","0","0","0","0","0","0","0"
"5.71313","0.500044","0.540963","0.0371174","0.534175","0.595156","4.98642","1.75231e-15","3.01385","3.01272","4.7081","7.32444","0","0","0","0","0","0","0","0"
"5.71662","0.500044","0.540963","0.0371181","0.534289","0.595427","4.96043","1.75034e-15","3.01057","3.00827","4.74729","7.30457","0","0","0","0","0","0","0","0"
"5.71992","0.500044","0.541128","0.0371192","0.533556","0.595204","4.93931","1.7508e-15","3.012","3.01362","4.77725","7.30821","0","0","0","0","0","0","0","0"
"5.72328","0.500044","0.541128","0.0371205","0.533522","0.595094","4.93088","1.75144e-15","3.01119","3.00909","4.7577","7.30048","0","0","0","0","0","0","0","0"
"5.72663","0.500044","0.541128","0.0371215","0.533352","0.594987","4.93721","1.7501e-15","3.01241","3.00949","4.701","7.29173","0","0","0","0","0","0","0","0"
"5.73002","0.500044","0.541128","0.0371228","0.533271","0.595358","4.95588","1.75084e-15","3.01449","3.02091","4.61746","7.30799","0","0","0","0","0","0","0","0"
"5.7335","0.500044","0.541128","0.0371239","0.533295","0.595758","4.95356","1.74989e-15","3.01468","3.02391","4.5867","7.28764","0","0","0","0","0","0","0","0"
"5.73678","0.500044","0.541182","0.0371255","0.532978","0.595343","4.97321","1.74854e-15","3.0134","3.02357","4.50631","7.29486","0","0","0","0","0","0","0","0"
"5.74015","0.500044","0.541182","0.0371268","0.532745","0.594696","4.96786","1.7494e-15","3.01386","3.0223","4.49163","7.29264","0","0","0","0","0","0","0","0"
"5.74735","0.500044","0.541182","0.0371297","0.533144","0.595726","4.9233","1.74751e-15","3.01752","3.02531","4.54909","7.27771","0","0","0","0","0","0","0","0"
"5.7509","0.500044","0.541182","0.037131","0.533123","0.595611","4.91329","1.74719e-15","3.01351","3.02089","4.5391","7.25134","0","0","0","0","0","0","0","0"
"5.7537","0.500044","0.541089","0.0371317","0.532906","0.59561","4.90875","1.74727e-15","3.01575","3.02027","4.52214","7.2721","0","0","0","0","0","0","0","0"
"5.75715","0.500044","0.541089","0.0371327","0.532357","0.594921","4.94112","1.74832e-15","3.01818","3.02272","4.46145","7.28077","0","0","0","0","0","0","0","0"
"5.7605","0.500044","0.541089","0.0371334","0.531862","0.594403","4.95357","1.74569e-15","3.01934","3.02317","4.40219","7.27907","0","0","0","0","0","0","0","0"
"5.76388","0.500044","0.541089","0.0371344","0.532495","0.594676","4.92681","1.74802e-15","3.01851","3.02013","4.44078","7.30225","0","0","0","0","0","0","0","0"
"5.76735","0.500044","0.541089","0.0371358","0.533032","0.595258","5.04038","1.74663e-15","3.0206","3.02224","4.41957","7.28377","0","0","0","0","0","0","0","0"
"5.77065","0.500044","0.541023","0.0371381","0.532608","0.595138","5.04163","1.74748e-15","3.02649","3.02646","4.38573","7.30031","0","0","0","0","0","0","0","0"
"5.77402","0.500044","0.541023","0.0371402","0.533026","0.595294","5.02259","1.74745e-15","3.02448","3.02726","4.40554","7.2961","0","0","0","0","0","0","0","0"
"5.77742","0.500044","0.541023","0.0371425","0.532819","0.595623","5.01978","1.74727e-15","3.0213","3.02119","4.37396","7.30238","0","0","0","0","0","0","0","0"
"5.7808","0.500044","0.541023","0.0371446","0.533692","0.596176","5.00961","1.74759e-15","3.03709","3.02816","4.37062","7.28594","0","0","0","0","0","0","0","0"
"5.78662","0.500044","0.541023","0.0371478","0.53319","0.595567","5.0396","1.74661e-15","3.03348","3.0299","4.29962","7.28387","0","0","0","0","0","0","0","0"
"5.79027","0.500044","0.540938","0.0371498","0.533407","0.595556","5.02067","1.7452e-15","3.03249","3.03164","4.31521","7.26855","0","0","0","0","0","0","0","0"
"5.79328","0.500044","0.540938","0.0371515","0.53358","0.595815","5.00681","1.74585e-15","3.03272","3.0333","4.32035","7.28392","0","0","0","0","0","0","0","0"
"5.79673","0.500044","0.540938","0.0371535","0.533577","0.595534","4.99881","1.74448e-15","3.03287","3.03132","4.30685","7.26972","0","0","0","0","0","0","0","0"
"5.80015","0.500044","0.540938","0.0371553","0.533215","0.595016","4.97874","1.74273e-15","3.03261","3.0324","4.33087","7.26553","0","0","0","0","0","0","0","0"
"5.80345","0.500044","0.541028","0.0371575","0.532814","0.595186","4.96732","1.74344e-15","3.03787","3.03942","4.3229","7.2595","0","0","0","0","0","0","0","0"
"5.80687","0.500044","0.541028","0.0371594","0.533391","0.595348","4.98834","1.74206e-15","3.04615","3.04298","4.25673","7.24934","0","0","0","0","0","0","0","0"
"5.81022","0.500044","0.541028","0.0371616","0.533688","0.595997","4.96532","1.74358e-15","3.04515","3.0463","4.28225","7.25081","0","0","0","0","0","0","0","0"
"5.8136","0.500044","0.541028","0.0371635","0.533491","0.595942","4.94297","1.74201e-15","3.04435","3.0447","4.31226","7.23671","0","0","0","0","0","0","0","0"
"5.81708","0.500044","0.541028","0.0371621","0.533094","0.595687","4.91577","1.7406e-15","3.04478","3.04577","4.35189","7.24234","0","0","0","0","0","0","0","0"
"5.82037","0.500044","0.541106","0.0371568","0.533841","0.595973","4.89901","1.74143e-15","3.04562","3.04152","4.36642","7.24519","0","0","0","0","0","0","0","0"
"5.82375","0.500044","0.541106","0.0371506","0.534068","0.596779","4.88745","1.74025e-15","3.04944","3.03861","4.35931","7.23841","0","0","0","0","0","0","0","0"
"5.82715","0.500044","0.541106","0.0371453","0.533927","0.596535","4.88849","1.7409e-15","3.05027","3.03722","4.32795","7.24189","0","0","0","0","0","0","0","0"
"5.83053","0.500044","0.541106","0.0371391","0.534227","0.596903","4.86428","1.74001e-15","3.04988","3.04007","4.3597","7.22572","0","0","0","0","0","0","0","0"
"5.83402","0.500044","0.541106","0.0371368","0.533889","0.596823","4.84199","1.73919e-15","3.04892","3.03836","4.39153","7.21292","0","0","0","0","0","0","0","0"
"5.8373","0.500044","0.541057","0.0371377","0.533658","0.596536","4.8169","1.73998e-15","3.04662","3.03478","4.42662","7.22024","0","0","0","0","0","0","0","0"
"5.84068","0.500044","0.541057","0.0371384","0.533829","0.596998","4.87038","1.7391e-15","3.04522","3.02962","4.32073","7.23064","0","0","0","0","0","0","0","0"
"5.84408","0.500044","0.541057","0.0371392","0.534811","0.598098","4.86381","1.74102e-15","3.04786","3.03238","4.31191","7.23728","0","0","0","0","0","0","0","0"
"5.84745","0.500044","0.541057","0.03714","0.534757","0.598388","4.85255","1.7394e-15","3.04798","3.04213","4.31057","7.2296","0","0","0","0","0","0","0","0"
"5.85098","0.500044","0.541057","0.0371425","0.534249","0.59816","4.85089","1.74066e-15","3.05023","3.03866","4.28183","7.20818","0","0","0","0","0","0","0","0"
"5.85422","0.500044","0.541187","0.0371457","0.534464","0.598354","4.83115","1.73919e-15","3.04684","3.04264","4.30534","7.2044","0","0","0","0","0","0","0","0"
"5.85762","0.500044","0.541187","0.0371495","0.534631","0.598207","4.80801","1.74095e-15","3.04122","3.04107","4.33423","7.20792","0","0","0","0","0","0","0","0"
"5.86098","0.500044","0.541187","0.0371527","0.534604","0.597967","4.79726","1.73894e-15","3.03642","3.04304","4.33235","7.1945","0","0","0","0","0","0","0","0"
"5.86443","0.500044","0.541187","0.0371564","0.534365","0.597422","4.77584","1.74189e-15","3.03722","3.0402","4.35605","7.19339","0","0","0","0","0","0","0","0"
"5.86838","0.500044","0.541187","0.0371601","0.534077","0.596899","4.74966","1.7397e-15","3.03458","3.04103","4.39565","7.17806","0","0","0","0","0","0","0","0"
"5.87167","0.500044","0.541386","0.0371637","0.535132","0.598456","4.72854","1.74059e-15","3.04916","3.04005","4.41882","7.18925","0","0","0","0","0","0","0","0"
"5.87505","0.500044","0.541386","0.0371669","0.535464","0.598867","4.71127","1.73947e-15","3.04624","3.03053","4.43681","7.18854","0","0","0","0","0","0","0","0"
"5.8786","0.500044","0.541386","0.0371705","0.534865","0.597905","4.68766","1.74145e-15","3.04409","3.03377","4.46924","7.19965","0","0","0","0","0","0","0","0"
"5.88182","0.500044","0.541386","0.0371736","0.53458","0.59784","4.67435","1.74057e-15","3.04501","3.03171","4.47606","7.19146","0","0","0","0","0","0","0","0"
"5.88532","0.500044","0.541386","0.037176","0.535211","0.598632","4.69813","1.74069e-15","3.0428","3.02708","4.37684","7.19663","0","0","0","0","0","0","0","0"
"5.8886","0.500044","0.541507","0.0371778","0.535239","0.598345","4.69907","1.73854e-15","3.04145","3.02653","4.34412","7.18572","0","0","0","0","0","0","0","0"
"5.892","0.500044","0.541507","0.0371799","0.535925","0.599469","4.69566","1.74046e-15","3.04987","3.0527","4.3132","7.22513","0","0","0","0","0","0","0","0"
"5.89537","0.500044","0.541507","0.0371817","0.535293","0.598296","4.67922","1.73934e-15","3.05091","3.05355","4.32816","7.20683","0","0","0","0","0","0","0","0"
"5.89992","0.500044","0.541507","0.0371834","0.53518","0.598298","4.68659","1.74172e-15","3.05471","3.05496","4.26515","7.20571","0","0","0","0","0","0","0","0"
"5.90318","0.500044","0.541554","0.0371822","0.534707","0.59807","4.74195","1.74099e-15","3.05589","3.05162","4.15219","7.20875","0","0","0","0","0","0","0","0"
"5.90657","0.500044","0.541554","0.0371809","0.535043","0.598061","4.74543","1.7422e-15","3.0677","3.06639","4.10915","7.21661","0","0","0","0","0","0","0","0"
"5.9117","0.500044","0.541554","0.0371797","0.534373","0.597226","4.72241","1.74075e-15","3.06764","3.06594","4.14338","7.22002","0","0","0","0","0","0","0","0"
"5.91333","0.500044","0.541554","0.0371783","0.534888","0.597688","4.7109","1.74144e-15","3.07871","3.07411","4.13929","7.21182","0","0","0","0","0","0","0","0"
"5.91682","0.500044","0.541554","0.0371764","0.535025","0.59801","4.69506","1.73971e-15","3.07404","3.06879","4.15171","7.19986","0","0","0","0","0","0","0","0"
"5.92005","0.500044","0.541652","0.0371734","0.535258","0.598713","4.69802","1.74042e-15","3.07764","3.06908","4.11254","7.18839","0","0","0","0","0","0","0","0"
"5.9236","0.500044","0.541652","0.0371698","0.534724","0.598056","4.71411","1.73971e-15","3.0884","3.07578","4.04136","7.18107","0","0","0","0","0","0","0","0"
"5.92698","0.500044","0.541652","0.0371662","0.533571","0.597168","4.72348","1.74032e-15","3.09016","3.07677","3.99225","7.2003","0","0","0","0","0","0","0","0"
"5.93037","0.500044","0.541652","0.0371631","0.53426","0.597743","4.7068","1.73991e-15","3.08653","3.07294","4.00743","7.20847","0","0","0","0","0","0","0","0"
"5.93407","0.500044","0.541652","0.0371613","0.534205","0.597469","4.6857","1.74029e-15","3.08579","3.07079","4.03052","7.18218","0","0","0","0","0","0","0","0"
"5.93733","0.500044","0.541579","0.0371618","0.53422","0.597186","4.66493","1.73965e-15","3.09867","3.07439","4.05298","7.19197","0","0","0","0","0","0","0","0"
"5.94072","0.500044","0.541579","0.0371622","0.533379","0.596502","4.65205","1.74044e-15","3.1","3.07917","4.05721","7.21055","0","0","0","0","0","0","0","0"
"5.94412","0.500044","0.541579","0.0371627","0.533404","0.596364","4.66956","1.74021e-15","3.10079","3.07483","3.98719","7.21441","0","0","0","0","0","0","0","0"
"5.9475","0.500044","0.541579","0.0371632","0.533373","0.59625","4.6523","1.74135e-15","3.09653","3.07038","4.00546","7.22053","0","0","0","0","0","0","0","0"
"5.95307","0.500044","0.541579","0.0371689","0.534307","0.596883","4.80141","1.74099e-15","3.09769","3.07399","4.11515","7.20915","0","0","0","0","0","0","0","0"
"5.9563","0.500044","0.541521","0.0371731","0.533733","0.596783","4.90835","1.74127e-15","3.09848","3.0708","4.03729","7.19184","0","0","0","0","0","0","0","0"
"5.9597","0.500044","0.541521","0.037178","0.533186","0.59605","4.90418","1.7427e-15","3.09644","3.07116","4.01659","7.21364","0","0","0","0","0","0","0","0"
"5.96312","0.500044","0.541521","0.0371822","0.533661","0.596472","4.88858","1.74169e-15","3.09451","3.0692","4.03281","7.20038","0","0","0","0","0","0","0","0"
"5.9666","0.500044","0.541521","0.0371878","0.533878","0.596846","4.87523","1.74159e-15","3.09476","3.06721","4.03411","7.20674","0","0","0","0","0","0","0","0"
"5.97007","0.500044","0.541349","0.0371941","0.534127","0.596907","4.86189","1.74269e-15","3.0937","3.06346","4.03738","7.21458","0","0","0","0","0","0","0","0"
"5.97338","0.500044","0.541349","0.0372016","0.533473","0.596133","4.83822","1.74318e-15","3.09459","3.06272","4.06548","7.21156","0","0","0","0","0","0","0","0"
"5.9769","0.500044","0.541349","0.0372091","0.533151","0.596075","4.83051","1.74308e-15","3.09532","3.05848","4.05162","7.19459","0","0","0","0","0","0","0","0"
"5.98028","0.500044","0.541349","0.0372155","0.53327","0.59651","4.81473","1.74478e-15","3.09023","3.05625","4.06649","7.20413","0","0","0","0","0","0","0","0"
"5.98383","0.500044","0.541349","0.0372228","0.532958","0.596311","4.79777","1.74382e-15","3.09257","3.06127","4.07499","7.20061","0","0","0","0","0","0","0","0"
"5.98712","0.500044","0.541259","0.0372288","0.532361","0.596043","4.79336","1.74437e-15","3.09453","3.06505","4.057","7.20551","0","0","0","0","0","0","0","0"
"5.99052","0.500044","0.541259","0.0372359","0.532475","0.596154","4.78576","1.74497e-15","3.09852","3.06431","4.0622","7.21857","0","0","0","0","0","0","0","0"
"5.9939","0.500044","0.541259","0.0372419","0.533185","0.596847","4.79041","1.74413e-15","3.10603","3.06778","4.03108","7.21742","0","0","0","0","0","0","0","0"
"6.00088","0.500044","0.541259","0.0372531","0.532291","0.596115","4.76823","1.74515e-15","3.11113","3.07967","4.03154","7.23785","0","0","0","0","0","0","0","0"
"6.00487","0.500044","0.541181","0.0372554","0.53251","0.596005","4.80008","1.74632e-15","3.10719","3.08443","3.93545","7.24539","0","0","0","0","0","0","0","0"
"6.00768","0.500044","0.541181","0.0372578","0.53282","0.596185","4.79791","1.74761e-15","3.10807","3.08482","3.91234","7.24952","0","0","0","0","0","0","0","0"
"6.01107","0.500044","0.541181","0.0372598","0.532877","0.596358","4.77818","1.74688e-15","3.10161","3.07824","3.9344","7.26197","0","0","0","0","0","0","0","0"
"6.01445","0.500044","0.541181","0.0372622","0.532851","0.596335","4.77112","1.74952e-15","3.10296","3.07695","3.91788","7.27281","0","0","0","0","0","0","0","0"
"6.01795","0.500044","0.541181","0.0372631","0.532344","0.595732","4.75165","1.74725e-15","3.10174","3.07377","3.93965","7.26158","0","0","0","0","0","0","0","0"
"6.02145","0.500044","0.541073","0.0372636","0.532088","0.595797","4.77005","1.74949e-15","3.10156","3.0718","3.89846","7.28824","0","0","0","0","0","0","0","0"
"6.02462","0.500044","0.541073","0.037264","0.531923","0.595776","4.81776","1.7475e-15","3.10714","3.07804","3.82019","7.27623","0","0","0","0","0","0","0","0"
"6.028","0.500044","0.541073","0.0372645","0.532407","0.596325","4.79498","1.74831e-15","3.11003","3.07215","3.84586","7.28163","0","0","0","0","0","0","0","0"
"6.0314","0.500044","0.541073","0.0372649","0.532714","0.596195","4.79541","1.74952e-15","3.11261","3.06978","3.81923","7.27998","0","0","0","0","0","0","0","0"
"6.03643","0.500044","0.541073","0.0372633","0.53215","0.59642","4.7718","1.74725e-15","3.11887","3.0586","3.83279","7.28732","0","0","0","0","0","0","0","0"
"6.0398","0.500044","0.541008","0.0372619","0.531916","0.596029","4.75298","1.74902e-15","3.11704","3.05915","3.85254","7.28725","0","0","0","0","0","0","0","0"
"6.0431","0.500044","0.541008","0.0372604","0.531815","0.595579","4.7402","1.74825e-15","3.11427","3.06454","3.85342","7.26807","0","0","0","0","0","0","0","0"
"6.04665","0.500044","0.541008","0.037259","0.532713","0.596202","4.7301","1.75028e-15","3.1239","3.06346","3.85491","7.29207","0","0","0","0","0","0","0","0"
"6.04998","0.500044","0.541008","0.0372556","0.532608","0.596304","4.7243","1.75043e-15","3.12008","3.06169","3.83733","7.26865","0","0","0","0","0","0","0","0"
"6.05327","0.500044","0.540942","0.0372486","0.533217","0.597246","4.70057","1.7505e-15","3.1284","3.06942","3.87183","7.27201","0","0","0","0","0","0","0","0"
"6.05665","0.500044","0.540942","0.0372404","0.532718","0.596369","4.70301","1.75113e-15","3.12472","3.07019","3.8382","7.28649","0","0","0","0","0","0","0","0"
"6.06003","0.500044","0.540942","0.0372334","0.533189","0.597127","4.69666","1.75047e-15","3.12978","3.06969","3.8375","7.29511","0","0","0","0","0","0","0","0"
"6.06358","0.500044","0.540942","0.0372252","0.533183","0.597529","4.71651","1.75121e-15","3.12755","3.07185","3.77113","7.2994","0","0","0","0","0","0","0","0"
"6.0669","0.500044","0.540942","0.0372188","0.533191","0.597597","4.76257","1.74994e-15","3.1252","3.06597","3.68639","7.28553","0","0","0","0","0","0","0","0"
"6.07032","0.500044","0.540927","0.0372127","0.533856","0.59842","4.8106","1.75041e-15","3.13036","3.06678","3.58797","7.28586","0","0","0","0","0","0","0","0"
"6.07357","0.500044","0.540927","0.0372075","0.53414","0.598237","4.8223","1.74879e-15","3.13593","3.06553","3.54685","7.28525","0","0","0","0","0","0","0","0"
"6.07697","0.500044","0.540927","0.0372014","0.533667","0.59779","4.8079","1.75091e-15","3.13534","3.06538","3.54976","7.31132","0","0","0","0","0","0","0","0"
"6.0804","0.500044","0.540927","0.0371962","0.533637","0.597278","4.78428","1.75008e-15","3.13846","3.06766","3.58009","7.29549","0","0","0","0","0","0","0","0"
"6.08382","0.500044","0.540927","0.0371904","0.533716","0.597083","4.78704","1.74967e-15","3.1372","3.06709","3.55087","7.28482","0","0","0","0","0","0","0","0"
"6.08712","0.500044","0.541064","0.0371859","0.533373","0.597032","4.76376","1.74997e-15","3.13719","3.06562","3.58056","7.27483","0","0","0","0","0","0","0","0"
"6.09053","0.500044","0.541064","0.0371806","0.534403","0.597532","4.73824","1.74846e-15","3.14477","3.07464","3.61153","7.2755","0","0","0","0","0","0","0","0"
"6.09388","0.500044","0.541064","0.0371761","0.53439","0.597664","4.72247","1.75096e-15","3.14893","3.07896","3.62237","7.29134","0","0","0","0","0","0","0","0"
"6.09737","0.500044","0.541064","0.0371708","0.534603","0.597733","4.74479","1.75073e-15","3.14509","3.08242","3.55782","7.27536","0","0","0","0","0","0","0","0"
"6.10075","0.500044","0.541064","0.0371681","0.535111","0.597917","4.72537","1.74955e-15","3.13787","3.08123","3.57975","7.27734","0","0","0","0","0","0","0","0"
"6.10407","0.500044","0.541222","0.0371671","0.534513","0.597728","4.70445","1.75008e-15","3.13919","3.08391","3.5998","7.27313","0","0","0","0","0","0","0","0"
"6.10743","0.500044","0.541222","0.0371662","0.534368","0.597106","4.73992","1.74895e-15","3.14099","3.08459","3.54222","7.26337","0","0","0","0","0","0","0","0"
"6.11082","0.500044","0.541222","0.0371652","0.534267","0.597187","4.7225","1.75121e-15","3.13923","3.08907","3.5529","7.28267","0","0","0","0","0","0","0","0"
"6.1142","0.500044","0.541222","0.0371644","0.534324","0.597284","4.70655","1.7496e-15","3.14171","3.08595","3.56457","7.26857","0","0","0","0","0","0","0","0"
"6.11977","0.500044","0.541222","0.0371645","0.533744","0.596647","4.69084","1.74825e-15","3.1443","3.08386","3.55751","7.25013","0","0","0","0","0","0","0","0"
"6.12305","0.500044","0.541226","0.037165","0.533898","0.596481","4.67129","1.74824e-15","3.14365","3.08409","3.57849","7.25391","0","0","0","0","0","0","0","0"
"6.12643","0.500044","0.541226","0.0371655","0.534021","0.596271","4.64761","1.7489e-15","3.13955","3.08261","3.60716","7.24319","0","0","0","0","0","0","0","0"
"6.12982","0.500044","0.541226","0.0371659","0.533599","0.596302","4.6899","1.7482e-15","3.14358","3.08316","3.56693","7.25047","0","0","0","0","0","0","0","0"
"6.13332","0.500044","0.541226","0.0371676","0.533088","0.596328","4.71846","1.74785e-15","3.14148","3.07833","3.53618","7.24564","0","0","0","0","0","0","0","0"
"6.13658","0.500044","0.541253","0.0371714","0.532872","0.596448","4.73338","1.74685e-15","3.14124","3.09057","3.50055","7.24277","0","0","0","0","0","0","0","0"
"6.13998","0.500044","0.541253","0.0371758","0.532241","0.596016","4.71029","1.74908e-15","3.14291","3.09036","3.52504","7.25008","0","0","0","0","0","0","0","0"
"6.14337","0.500044","0.541253","0.0371797","0.532068","0.595619","4.70392","1.74769e-15","3.14062","3.0887","3.51445","7.23954","0","0","0","0","0","0","0","0"
"6.14675","0.500044","0.541253","0.0371841","0.532269","0.595518","4.72313","1.74937e-15","3.14254","3.08295","3.46226","7.27578","0","0","0","0","0","0","0","0"
"6.15023","0.500044","0.541253","0.0371884","0.532502","0.595397","4.70625","1.74783e-15","3.15469","3.08339","3.47657","7.25612","0","0","0","0","0","0","0","0"
"6.15352","0.500044","0.541066","0.0371947","0.532541","0.595722","4.71657","1.74825e-15","3.14767","3.08186","3.45498","7.27035","0","0","0","0","0","0","0","0"
"6.1569","0.500044","0.541066","0.0372001","0.532078","0.595022","4.77994","1.74695e-15","3.14912","3.08459","3.37762","7.25723","0","0","0","0","0","0","0","0"
"6.1603","0.500044","0.541066","0.0372063","0.531689","0.595002","4.77074","1.74836e-15","3.15097","3.09182","3.37675","7.27429","0","0","0","0","0","0","0","0"
"6.16367","0.500044","0.541066","0.0372117","0.531708","0.594725","4.76183","1.74744e-15","3.14672","3.08952","3.37302","7.2727","0","0","0","0","0","0","0","0"
"6.16717","0.500044","0.541066","0.0372167","0.531264","0.594243","4.80231","1.74719e-15","3.1473","3.08958","3.29936","7.26504","0","0","0","0","0","0","0","0"
"6.17052","0.500044","0.540802","0.0372195","0.530919","0.59381","4.8548","1.74671e-15","3.14909","3.09736","3.2338","7.25162","0","0","0","0","0","0","0","0"
"6.1739","0.500044","0.540802","0.0372229","0.529865","0.592861","4.83257","1.74846e-15","3.15277","3.09805","3.25355","7.26972","0","0","0","0","0","0","0","0"
"6.17727","0.500044","0.540802","0.0372257","0.530539","0.593058","4.81235","1.74821e-15","3.15095","3.09284","3.27325","7.26346","0","0","0","0","0","0","0","0"
"6.18065","0.500044","0.540802","0.037229","0.530831","0.59329","4.80702","1.74973e-15","3.14935","3.08983","3.26018","7.2765","0","0","0","0","0","0","0","0"
"6.18413","0.500044","0.540802","0.0372302","0.530133","0.592943","4.7864","1.74788e-15","3.15034","3.08769","3.28224","7.26481","0","0","0","0","0","0","0","0"
"6.18742","0.500044","0.540588","0.0372296","0.529962","0.593","4.7617","1.748e-15","3.14818","3.08307","3.30909","7.27612","0","0","0","0","0","0","0","0"
"6.19082","0.500044","0.540588","0.0372291","0.529961","0.593047","4.76789","1.74753e-15","3.1558","3.08915","3.28918","7.26787","0","0","0","0","0","0","0","0"
"6.1942","0.500044","0.540588","0.0372285","0.530874","0.593228","4.74237","1.74962e-15","3.15469","3.09481","3.31773","7.2931","0","0","0","0","0","0","0","0"
"6.19758","0.500044","0.540588","0.037228","0.5313","0.59352","4.73399","1.74906e-15","3.15783","3.09381","3.31825","7.27839","0","0","0","0","0","0","0","0"
"6.20392","0.500044","0.540588","0.0372277","0.530875","0.592894","4.70778","1.74854e-15","3.15824","3.09115","3.32874","7.28132","0","0","0","0","0","0","0","0"
"6.2072","0.500044","0.540223","0.0372276","0.53061","0.592492","4.70714","1.74937e-15","3.1528","3.08858","3.30687","7.28977","0","0","0","0","0","0","0","0"
"6.2106","0.500044","0.540223","0.0372275","0.531067","0.592807","4.68567","1.74835e-15","3.14774","3.08155","3.33116","7.28441","0","0","0","0","0","0","0","0"
"6.21398","0.500044","0.540223","0.0372275","0.531206","0.59306","4.6612","1.7496e-15","3.14486","3.07464","3.35896","7.29296","0","0","0","0","0","0","0","0"
"6.21747","0.500044","0.540223","0.0372276","0.530872","0.592818","4.64021","1.74786e-15","3.14285","3.07392","3.38268","7.29851","0","0","0","0","0","0","0","0"
"6.22075","0.500044","0.540048","0.037228","0.531638","0.593414","4.62099","1.74966e-15","3.1381","3.07143","3.39775","7.30416","0","0","0","0","0","0","0","0"
"6.22408","0.500044","0.540048","0.0372283","0.532319","0.594518","4.60731","1.74902e-15","3.15244","3.07978","3.40598","7.30505","0","0","0","0","0","0","0","0"
"6.22768","0.500044","0.540048","0.0372287","0.532028","0.594356","4.58214","1.74989e-15","3.15382","3.08496","3.43721","7.3142","0","0","0","0","0","0","0","0"
"6.23107","0.500044","0.540048","0.0372291","0.53129","0.593738","4.59014","1.74896e-15","3.15205","3.08093","3.39497","7.30757","0","0","0","0","0","0","0","0"
"6.23455","0.500044","0.540048","0.037227","0.531201","0.593889","4.6281","1.7482e-15","3.15184","3.08289","3.32379","7.28665","0","0","0","0","0","0","0","0"
"6.23783","0.500044","0.540061","0.037223","0.530993","0.594079","4.61913","1.74897e-15","3.14919","3.07808","3.32069","7.28381","0","0","0","0","0","0","0","0"
"6.24122","0.500044","0.540061","0.0372196","0.532056","0.595044","4.60669","1.74818e-15","3.14181","3.07659","3.32591","7.28136","0","0","0","0","0","0","0","0"
"6.2446","0.500044","0.540061","0.0372156","0.531321","0.593971","4.61902","1.74922e-15","3.1414","3.07613","3.29723","7.28526","0","0","0","0","0","0","0","0"
"6.248","0.500044","0.540061","0.0372122","0.531406","0.593913","4.62815","1.74941e-15","3.14177","3.0748","3.26274","7.28503","0","0","0","0","0","0","0","0"
"6.25147","0.500044","0.540061","0.0372081","0.531603","0.594192","4.61197","1.74774e-15","3.14297","3.06822","3.27261","7.28119","0","0","0","0","0","0","0","0"
"6.25477","0.500044","0.540209","0.0372046","0.531821","0.593889","4.61854","1.74677e-15","3.13511","3.06632","3.24245","7.27515","0","0","0","0","0","0","0","0"
"6.25815","0.500044","0.540209","0.0372005","0.531716","0.594106","4.60765","1.74753e-15","3.13103","3.06088","3.24517","7.27568","0","0","0","0","0","0","0","0"
"6.26155","0.500044","0.540209","0.0371969","0.531274","0.594158","4.64736","1.74661e-15","3.13505","3.06052","3.19022","7.27319","0","0","0","0","0","0","0","0"
"6.26492","0.500044","0.540209","0.0371928","0.531601","0.59481","4.62595","1.74802e-15","3.12981","3.05401","3.21008","7.27602","0","0","0","0","0","0","0","0"
"6.2684","0.500044","0.540209","0.0371877","0.53202","0.595139","4.61107","1.74568e-15","3.12837","3.04716","3.22027","7.27469","0","0","0","0","0","0","0","0"
"6.27168","0.500044","0.540234","0.0371813","0.532019","0.595449","4.64354","1.74726e-15","3.1256","3.05152","3.15672","7.28938","0","0","0","0","0","0","0","0"
"6.2751","0.500044","0.540234","0.0371759","0.531576","0.595391","4.70938","1.74574e-15","3.12899","3.05104","3.08856","7.2815","0","0","0","0","0","0","0","0"
"6.27845","0.500044","0.540234","0.0371695","0.531147","0.595375","4.72408","1.74747e-15","3.1275","3.04776","3.05283","7.30861","0","0","0","0","0","0","0","0"
"6.28183","0.500044","0.540234","0.0371641","0.530674","0.594998","4.77335","1.74602e-15","3.12429","3.04744","3.00585","7.30616","0","0","0","0","0","0","0","0"
"6.28663","0.500044","0.540234","0.0371624","0.530952","0.595369","4.75627","1.74388e-15","3.12138","3.05333","3.01242","7.29579","0","0","0","0","0","0","0","0"
"6.28992","0.500044","0.540253","0.0371618","0.532203","0.596336","4.76986","1.74477e-15","3.12266","3.06733","2.98375","7.30707","0","0","0","0","0","0","0","0"
"6.2933","0.500044","0.540253","0.0371612","0.532247","0.59661","4.75555","1.7437e-15","3.11658","3.06268","2.99123","7.29021","0","0","0","0","0","0","0","0"
"6.29668","0.500044","0.540253","0.0371605","0.531269","0.595182","4.73155","1.74541e-15","3.11821","3.06547","3.01454","7.29181","0","0","0","0","0","0","0","0"
"6.30018","0.500044","0.540253","0.0371601","0.530974","0.59458","4.7137","1.7439e-15","3.11705","3.06588","3.02889","7.26546","0","0","0","0","0","0","0","0"
"6.30347","0.500044","0.540325","0.0371599","0.531007","0.594727","4.69896","1.74387e-15","3.11389","3.06052","3.03735","7.25102","0","0","0","0","0","0","0","0"
"6.30683","0.500044","0.540325","0.0371598","0.530924","0.595104","4.68579","1.74325e-15","3.11236","3.0588","3.0463","7.25705","0","0","0","0","0","0","0","0"
"6.31023","0.500044","0.540325","0.0371597","0.531274","0.595947","4.67101","1.74267e-15","3.10672","3.05435","3.05149","7.26291","0","0","0","0","0","0","0","0"
"6.31362","0.500044","0.540325","0.0371595","0.531516","0.596279","4.70781","1.74241e-15","3.10794","3.06045","3.00016","7.26874","0","0","0","0","0","0","0","0"
"6.3171","0.500044","0.540325","0.0371605","0.5311","0.59622","4.70818","1.74278e-15","3.10511","3.06102","2.99163","7.27285","0","0","0","0","0","0","0","0"
"6.32038","0.500044","0.540315","0.0371625","0.531118","0.595967","4.68898","1.74378e-15","3.10334","3.06383","3.00864","7.28988","0","0","0","0","0","0","0","0"
"6.32377","0.500044","0.540315","0.0371649","0.531148","0.595554","4.66807","1.74346e-15","3.1088","3.06196","3.02798","7.28283","0","0","0","0","0","0","0","0"
"6.32715","0.500044","0.540315","0.0371669","0.530965","0.595788","4.65066","1.74482e-15","3.10619","3.05749","3.04185","7.3009","0","0","0","0","0","0","0","0"
"6.33055","0.500044","0.540315","0.0371693","0.53122","0.596127","4.64661","1.74458e-15","3.10158","3.05599","3.03206","7.28739","0","0","0","0","0","0","0","0"
"6.33408","0.500044","0.540315","0.0371684","0.531772","0.596892","4.66668","1.74503e-15","3.10103","3.05388","3.01572","7.28638","0","0","0","0","0","0","0","0"
"6.33737","0.500044","0.540287","0.0371642","0.53104","0.596222","4.69991","1.74457e-15","3.10084","3.04952","2.96813","7.29265","0","0","0","0","0","0","0","0"
"6.34075","0.500044","0.540287","0.0371605","0.531439","0.596195","4.68515","1.74532e-15","3.10488","3.04923","2.97664","7.2885","0","0","0","0","0","0","0","0"
"6.34413","0.500044","0.540287","0.0371562","0.531406","0.596128","4.67311","1.74586e-15","3.10272","3.05141","2.98402","7.30972","0","0","0","0","0","0","0","0"
"6.34752","0.500044","0.540287","0.0371525","0.531626","0.596183","4.66457","1.74486e-15","3.09388","3.04691","2.97902","7.30071","0","0","0","0","0","0","0","0"
"6.351","0.500044","0.540287","0.0371478","0.531218","0.595834","4.6496","1.74398e-15","3.09247","3.04802","2.98529","7.28395","0","0","0","0","0","0","0","0"
"6.3543","0.500044","0.54033","0.0371435","0.531053","0.595715","4.65056","1.74346e-15","3.09308","3.04304","2.96898","7.27773","0","0","0","0","0","0","0","0"
"6.35768","0.500044","0.54033","0.0371384","0.53091","0.595397","4.65977","1.74436e-15","3.09055","3.04008","2.95264","7.31057","0","0","0","0","0","0","0","0"
"6.36107","0.500044","0.54033","0.0371341","0.531411","0.59548","4.75024","1.74519e-15","3.09246","3.03605","2.96461","7.3261","0","0","0","0","0","0","0","0"
"6.36445","0.500044","0.54033","0.037129","0.530908","0.59506","4.75379","1.74371e-15","3.09032","3.0338","2.9438","7.31786","0","0","0","0","0","0","0","0"
"6.36977","0.500044","0.54033","0.0371274","0.531178","0.595336","4.72721","1.74272e-15","3.09341","3.03488","2.96365","7.31786","0","0","0","0","0","0","0","0"
"6.37305","0.500044","0.540316","0.0371273","0.531564","0.595856","4.70754","1.74385e-15","3.09053","3.04118","2.98128","7.33254","0","0","0","0","0","0","0","0"
"6.37643","0.500044","0.540316","0.0371272","0.531492","0.596099","4.68833","1.74311e-15","3.09177","3.0383","2.99461","7.32781","0","0","0","0","0","0","0","0"
"6.37982","0.500044","0.540316","0.0371271","0.531138","0.595708","4.67625","1.74524e-15","3.09258","3.03747","2.99797","7.32622","0","0","0","0","0","0","0","0"
"6.3833","0.500044","0.540316","0.0371276","0.530981","0.595621","4.68106","1.74363e-15","3.09269","3.04272","2.97014","7.30655","0","0","0","0","0","0","0","0"
"6.38658","0.500044","0.540205","0.0371293","0.53157","0.596202","4.69523","1.74396e-15","3.09232","3.04165","2.93336","7.29468","0","0","0","0","0","0","0","0"
"6.38997","0.500044","0.540205","0.0371313","0.532482","0.597131","4.6825","1.74429e-15","3.09197","3.04182","2.93646","7.31396","0","0","0","0","0","0","0","0"
"6.39335","0.500044","0.540205","0.0371329","0.532134","0.596625","4.677","1.74413e-15","3.09062","3.04071","2.92937","7.30248","0","0","0","0","0","0","0","0"
"6.39673","0.500044","0.540205","0.0371349","0.531762","0.59614","4.69193","1.74501e-15","3.08828","3.04187","2.89807","7.30656","0","0","0","0","0","0","0","0"
"6.40023","0.500044","0.540205","0.0371358","0.53181","0.596521","4.67173","1.74538e-15","3.08658","3.04171","2.9172","7.30383","0","0","0","0","0","0","0","0"
"6.4035","0.500044","0.540193","0.0371351","0.531172","0.595831","4.67305","1.74675e-15","3.08934","3.04115","2.89682","7.31958","0","0","0","0","0","0","0","0"
"6.4069","0.500044","0.540193","0.0371345","0.532202","0.596241","4.67671","1.74573e-15","3.09102","3.03956","2.89161","7.31346","0","0","0","0","0","0","0","0"
"6.41028","0.500044","0.540193","0.0371338","0.531806","0.595932","4.6728","1.74757e-15","3.09064","3.04038","2.88449","7.32723","0","0","0","0","0","0","0","0"
"6.41367","0.500044","0.540193","0.0371332","0.532068","0.596266","4.65426","1.74756e-15","3.088","3.03999","2.89993","7.31163","0","0","0","0","0","0","0","0"
"6.41715","0.500044","0.540193","0.0371344","0.531664","0.595887","4.63505","1.74719e-15","3.08375","3.03889","2.91265","7.30238","0","0","0","0","0","0","0","0"
"6.42043","0.500044","0.540312","0.0371378","0.531805","0.595585","4.63018","1.74703e-15","3.08389","3.03488","2.90262","7.30249","0","0","0","0","0","0","0","0"
"6.42382","0.500044","0.540312","0.0371417","0.531618","0.595194","4.66226","1.74777e-15","3.08169","3.03174","2.85755","7.31135","0","0","0","0","0","0","0","0"
"6.42722","0.500044","0.540312","0.0371451","0.531365","0.594766","4.71148","1.74622e-15","3.081","3.03005","2.84264","7.30938","0","0","0","0","0","0","0","0"
"6.43058","0.500044","0.540312","0.037149","0.530701","0.59475","4.71725","1.74676e-15","3.08246","3.03488","2.83258","7.32077","0","0","0","0","0","0","0","0"
"6.43408","0.500044","0.540312","0.0371508","0.530268","0.594345","4.70049","1.74516e-15","3.08273","3.03208","2.84463","7.3137","0","0","0","0","0","0","0","0"
"6.43737","0.500044","0.540274","0.0371509","0.530145","0.594526","4.68363","1.74646e-15","3.07896","3.02337","2.85377","7.30915","0","0","0","0","0","0","0","0"
"6.44075","0.500044","0.540274","0.037151","0.529694","0.593902","4.68326","1.74701e-15","3.08315","3.0209","2.84129","7.31728","0","0","0","0","0","0","0","0"
"6.44413","0.500044","0.540274","0.0371512","0.530027","0.593984","4.66122","1.7474e-15","3.08407","3.02466","2.86012","7.31565","0","0","0","0","0","0","0","0"
"6.44752","0.500044","0.540274","0.0371513","0.530558","0.594505","4.64388","1.74685e-15","3.08666","3.02876","2.87374","7.32247","0","0","0","0","0","0","0","0"
"6.45308","0.500044","0.540274","0.0371534","0.530636","0.594864","4.62251","1.74708e-15","3.07502","3.01967","2.88702","7.30409","0","0","0","0","0","0","0","0"
"6.45638","0.500044","0.540094","0.0371549","0.530586","0.594865","4.60689","1.74868e-15","3.07372","3.01933","2.89831","7.31926","0","0","0","0","0","0","0","0"
"6.45977","0.500044","0.540094","0.0371567","0.530541","0.594333","4.59461","1.74908e-15","3.07727","3.03188","2.90142","7.34286","0","0","0","0","0","0","0","0"
"6.46315","0.500044","0.540094","0.0371582","0.530459","0.594419","4.62415","1.7493e-15","3.07052","3.03017","2.85914","7.36413","0","0","0","0","0","0","0","0"
"6.46663","0.500044","0.540094","0.0371604","0.530425","0.595099","4.65185","1.74988e-15","3.07259","3.02756","2.82826","7.35813","0","0","0","0","0","0","0","0"
"6.46993","0.500044","0.539861","0.0371632","0.530687","0.595409","4.63462","1.74878e-15","3.09064","3.03041","2.84171","7.35577","0","0","0","0","0","0","0","0"
"6.4733","0.500044","0.539861","0.0371665","0.530874","0.595459","4.60926","1.7506e-15","3.08907","3.03325","2.86793","7.36079","0","0","0","0","0","0","0","0"
"6.47668","0.500044","0.539861","0.0371693","0.5305","0.595377","4.59707","1.74866e-15","3.08683","3.03474","2.87823","7.34624","0","0","0","0","0","0","0","0"
"6.48007","0.500044","0.539861","0.0371726","0.530335","0.59521","4.58145","1.74988e-15","3.08776","3.03137","2.88751","7.34999","0","0","0","0","0","0","0","0"
"6.48355","0.500044","0.539861","0.0371753","0.530237","0.59521","4.56302","1.74817e-15","3.08439","3.0273","2.90343","7.32865","0","0","0","0","0","0","0","0"
"6.48683","0.500044","0.539867","0.0371781","0.530058","0.594843","4.55151","1.74939e-15","3.08295","3.02542","2.90478","7.35125","0","0","0","0","0","0","0","0"
"6.49023","0.500044","0.539867","0.0371804","0.529799","0.594345","4.53598","1.74892e-15","3.08045","3.02216","2.91676","7.33422","0","0","0","0","0","0","0","0"
"6.49357","0.500044","0.539867","0.0371832","0.529845","0.594294","4.51023","1.75122e-15","3.07686","3.01958","2.94552","7.36255","0","0","0","0","0","0","0","0"
"6.49693","0.500044","0.539867","0.0371856","0.530618","0.595072","4.56543","1.75055e-15","3.07676","3.01721","2.94119","7.34556","0","0","0","0","0","0","0","0"
"6.50062","0.500044","0.539867","0.0371881","0.530861","0.595355","4.56668","1.74961e-15","3.07376","3.01423","2.92796","7.3443","0","0","0","0","0","0","0","0"
"6.5039","0.500044","0.539863","0.0371898","0.531079","0.595542","4.54605","1.74859e-15","3.072","3.01398","2.94907","7.33201","0","0","0","0","0","0","0","0"
"6.50723","0.500044","0.539863","0.0371918","0.530812","0.595315","4.5336","1.75036e-15","3.06725","3.01302","2.95203","7.36909","0","0","0","0","0","0","0","0"
"6.51098","0.500044","0.539863","0.0371939","0.531119","0.59543","4.52542","1.74905e-15","3.07003","3.0152","2.948","7.36024","0","0","0","0","0","0","0","0"
"6.51422","0.500044","0.539863","0.0371956","0.531384","0.595424","4.53119","1.75081e-15","3.07476","3.01708","2.92819","7.37445","0","0","0","0","0","0","0","0"
"6.5177","0.500044","0.539863","0.0372012","0.531716","0.595805","4.58293","1.74912e-15","3.07539","3.01557","2.91467","7.35874","0","0","0","0","0","0","0","0"
"6.52117","0.500044","0.539806","0.0372094","0.532024","0.595595","4.57569","1.75036e-15","3.07552","3.02022","2.9074","7.36994","0","0","0","0","0","0","0","0"
"6.52457","0.500044","0.539806","0.0372165","0.531404","0.5955","4.56549","1.7485e-15","3.07607","3.01709","2.90745","7.36171","0","0","0","0","0","0","0","0"
"6.52795","0.500044","0.539806","0.0372248","0.531177","0.595136","4.55326","1.75004e-15","3.07709","3.01698","2.90976","7.38471","0","0","0","0","0","0","0","0"
"6.53133","0.500044","0.539806","0.0372318","0.531841","0.59553","4.56882","1.74851e-15","3.07521","3.00715","2.88156","7.37808","0","0","0","0","0","0","0","0"
"6.53638","0.500044","0.539806","0.0372429","0.531601","0.595884","4.54806","1.74766e-15","3.07676","3.00665","2.89577","7.35562","0","0","0","0","0","0","0","0"
"6.53962","0.500044","0.539937","0.0372494","0.5321","0.596122","4.53253","1.74827e-15","3.07723","3.00802","2.90617","7.38174","0","0","0","0","0","0","0","0"
"6.54297","0.500044","0.539937","0.0372559","0.532087","0.595757","4.53076","1.74853e-15","3.07785","3.00871","2.90221","7.38474","0","0","0","0","0","0","0","0"
"6.54653","0.500044","0.539937","0.0372635","0.53227","0.596155","4.56524","1.75021e-15","3.075","3.01012","2.8752","7.39939","0","0","0","0","0","0","0","0"
"6.55095","0.500044","0.539937","0.0372687","0.53312","0.59658","4.5561","1.7484e-15","3.07295","3.01766","2.87483","7.39376","0","0","0","0","0","0","0","0"
"6.55333","0.500044","0.539976","0.0372679","0.533161","0.596602","4.53366","1.74822e-15","3.06809","3.01723","2.89973","7.39954","0","0","0","0","0","0","0","0"
"6.55665","0.500044","0.539976","0.0372671","0.53203","0.595901","4.5207","1.74739e-15","3.07262","3.01915","2.90494","7.40116","0","0","0","0","0","0","0","0"
"6.56003","0.500044","0.539976","0.0372664","0.533538","0.596586","4.51263","1.7484e-15","3.07643","3.01874","2.90557","7.41997","0","0","0","0","0","0","0","0"
"6.56342","0.500044","0.539976","0.0372655","0.532888","0.595484","4.49981","1.74738e-15","3.07584","3.01991","2.90798","7.418","0","0","0","0","0","0","0","0"
"6.5669","0.500044","0.539976","0.0372651","0.533575","0.596295","4.48611","1.74853e-15","3.08021","3.02407","2.91763","7.41123","0","0","0","0","0","0","0","0"
"6.57025","0.500044","0.540053","0.0372653","0.533539","0.596726","4.47073","1.74804e-15","3.07623","3.02178","2.92838","7.41515","0","0","0","0","0","0","0","0"
"6.57357","0.500044","0.540053","0.0372656","0.534283","0.597433","4.4568","1.74875e-15","3.07768","3.02419","2.93605","7.41273","0","0","0","0","0","0","0","0"
"6.57695","0.500044","0.540053","0.0372658","0.534242","0.597533","4.44116","1.74952e-15","3.07668","3.02111","2.94516","7.41707","0","0","0","0","0","0","0","0"
"6.58035","0.500044","0.540053","0.037266","0.534541","0.598002","4.44145","1.74983e-15","3.07335","3.0185","2.92905","7.41804","0","0","0","0","0","0","0","0"
"6.58383","0.500044","0.540053","0.037265","0.534651","0.598327","4.44706","1.74908e-15","3.06963","3.02328","2.91454","7.40611","0","0","0","0","0","0","0","0"
"6.58712","0.500044","0.540168","0.0372625","0.534568","0.598612","4.43367","1.74898e-15","3.06882","3.01942","2.9234","7.39781","0","0","0","0","0","0","0","0"
"6.5905","0.500044","0.540168","0.0372596","0.53452","0.598536","4.41972","1.75068e-15","3.06787","3.02004","2.92987","7.41292","0","0","0","0","0","0","0","0"
"6.59388","0.500044","0.540168","0.0372572","0.534611","0.598522","4.40565","1.74938e-15","3.06286","3.01689","2.9398","7.40446","0","0","0","0","0","0","0","0"
"6.59727","0.500044","0.540168","0.0372543","0.535054","0.598872","4.38707","1.74996e-15","3.05594","3.01423","2.95491","7.41588","0","0","0","0","0","0","0","0"
"6.60075","0.500044","0.540168","0.0372517","0.53516","0.599258","4.37463","1.74823e-15","3.05237","3.01598","2.96337","7.39474","0","0","0","0","0","0","0","0"
"6.60403","0.500044","0.540387","0.0372484","0.535088","0.599174","4.43901","1.74837e-15","3.04818","3.01043","2.9982","7.38739","0","0","0","0","0","0","0","0"
"6.60743","0.500044","0.540387","0.0372456","0.534101","0.598204","4.48455","1.74892e-15","3.05189","3.01238","2.95896","7.38424","0","0","0","0","0","0","0","0"
"6.61082","0.500044","0.540387","0.0372423","0.533934","0.597878","4.4681","1.74803e-15","3.05595","3.01126","2.96796","7.39233","0","0","0","0","0","0","0","0"
"6.6142","0.500044","0.540387","0.0372395","0.534143","0.598224","4.46017","1.74883e-15","3.05013","3.00769","2.96399","7.40496","0","0","0","0","0","0","0","0"
"6.61977","0.500044","0.540387","0.0372319","0.534059","0.597899","4.63014","1.74867e-15","3.04306","3.00966","3.00902","7.42068","0","0","0","0","0","0","0","0"
"6.62307","0.500044","0.540683","0.0372272","0.534294","0.598352","4.7233","1.74787e-15","3.03945","3.00999","3.11338","7.40304","0","0","0","0","0","0","0","0"
"6.62643","0.500044","0.540683","0.0372217","0.534072","0.597585","4.70764","1.74871e-15","3.03384","3.00798","3.12411","7.40234","0","0","0","0","0","0","0","0"
"6.62982","0.500044","0.540683","0.037217","0.533424","0.597503","4.74849","1.74778e-15","3.03476","3.00536","3.06299","7.4067","0","0","0","0","0","0","0","0"
"6.63332","0.500044","0.540683","0.037212","0.533409","0.597333","4.75876","1.74743e-15","3.03293","3.00527","3.04374","7.4008","0","0","0","0","0","0","0","0"
"6.6366","0.500044","0.540714","0.0372088","0.534074","0.598634","4.80591","1.74846e-15","3.04117","3.01128","2.9968","7.40338","0","0","0","0","0","0","0","0"
"6.63998","0.500044","0.540714","0.037205","0.533869","0.598168","4.84452","1.74788e-15","3.03875","3.00843","2.96616","7.40596","0","0","0","0","0","0","0","0"
"6.64337","0.500044","0.540714","0.0372018","0.533265","0.597446","4.82603","1.74941e-15","3.03987","3.01528","2.98096","7.41344","0","0","0","0","0","0","0","0"
"6.64675","0.500044","0.540714","0.037198","0.532856","0.597489","4.86651","1.74903e-15","3.04209","3.02019","2.94599","7.42013","0","0","0","0","0","0","0","0"
"6.65042","0.500044","0.540714","0.0371948","0.533478","0.597917","4.87889","1.74921e-15","3.03682","3.0209","2.92369","7.40374","0","0","0","0","0","0","0","0"
"6.65365","0.500044","0.540575","0.0371913","0.5333","0.597858","4.85981","1.74936e-15","3.03356","3.01793","2.93668","7.40271","0","0","0","0","0","0","0","0"
"6.65703","0.500044","0.540575","0.0371883","0.532832","0.59685","4.84039","1.74874e-15","3.03837","3.01917","2.95319","7.3838","0","0","0","0","0","0","0","0"
"6.66043","0.500044","0.540575","0.0371847","0.53246","0.596443","4.82924","1.74971e-15","3.03721","3.0181","2.9523","7.40154","0","0","0","0","0","0","0","0"
"6.66382","0.500044","0.540575","0.0371817","0.532228","0.596219","4.81068","1.74868e-15","3.03442","3.02199","2.967","7.40287","0","0","0","0","0","0","0","0"
"6.66732","0.500044","0.540575","0.0371771","0.531587","0.596022","4.80155","1.74786e-15","3.0387","3.02122","2.96103","7.39789","0","0","0","0","0","0","0","0"
"6.67062","0.500044","0.540517","0.0371709","0.532393","0.596988","4.79348","1.74844e-15","3.03363","3.01863","2.95915","7.41374","0","0","0","0","0","0","0","0"
"6.67398","0.500044","0.540517","0.0371657","0.53257","0.596801","4.77503","1.74702e-15","3.03592","3.0163","2.97398","7.39623","0","0","0","0","0","0","0","0"
"6.6774","0.500044","0.540517","0.0371595","0.532663","0.596756","4.75089","1.74765e-15","3.03255","3.01275","2.99738","7.40056","0","0","0","0","0","0","0","0"
"6.68075","0.500044","0.540517","0.0371542","0.532422","0.596354","4.73117","1.74661e-15","3.03245","3.00832","3.0153","7.39731","0","0","0","0","0","0","0","0"
"6.68425","0.500044","0.540517","0.0371473","0.532459","0.596994","4.72905","1.74536e-15","3.03144","3.00504","3.0072","7.39342","0","0","0","0","0","0","0","0"
"6.68753","0.500044","0.540355","0.0371409","0.532575","0.597341","4.70692","1.7463e-15","3.02768","2.99909","3.03056","7.40571","0","0","0","0","0","0","0","0"
"6.69097","0.500044","0.540355","0.0371334","0.532394","0.596884","4.68583","1.7457e-15","3.02694","2.99789","3.04819","7.39722","0","0","0","0","0","0","0","0"
"6.69428","0.500044","0.540355","0.0371269","0.532228","0.596532","4.6822","1.74698e-15","3.02841","2.99929","3.04253","7.40886","0","0","0","0","0","0","0","0"
"6.6977","0.500044","0.540355","0.0371194","0.531859","0.596451","4.65758","1.74643e-15","3.02529","2.99917","3.06821","7.40911","0","0","0","0","0","0","0","0"
"6.70323","0.500044","0.540355","0.0371178","0.530973","0.595698","4.62583","1.74579e-15","3.03193","3.00528","3.09802","7.39822","0","0","0","0","0","0","0","0"
"6.70655","0.500044","0.540281","0.0371183","0.531057","0.595456","4.64138","1.74571e-15","3.03064","3.00994","3.12134","7.40088","0","0","0","0","0","0","0","0"
"6.70992","0.500044","0.540281","0.0371188","0.531596","0.595951","4.75334","1.74588e-15","3.02104","3.00404","3.242","7.42159","0","0","0","0","0","0","0","0"
"6.71333","0.500044","0.540281","0.0371193","0.531695","0.596884","4.74709","1.7451e-15","3.02355","3.00711","3.23744","7.419","0","0","0","0","0","0","0","0"
"6.7168","0.500044","0.540281","0.0371211","0.532071","0.597212","4.75661","1.74536e-15","3.02162","3.00158","3.21786","7.41452","0","0","0","0","0","0","0","0"
"6.7201","0.500044","0.540279","0.0371266","0.531799","0.596622","4.74298","1.74599e-15","3.02162","3.00198","3.22548","7.43166","0","0","0","0","0","0","0","0"
"6.72345","0.500044","0.540279","0.0371313","0.531501","0.595998","4.72661","1.74525e-15","3.02492","3.00311","3.23755","7.42377","0","0","0","0","0","0","0","0"
"6.72687","0.500044","0.540279","0.0371368","0.53153","0.595863","4.84119","1.74674e-15","3.02434","3.00479","3.24704","7.44576","0","0","0","0","0","0","0","0"
"6.73025","0.500044","0.540279","0.0371415","0.532204","0.596349","4.829","1.746e-15","3.01618","3.00451","3.25423","7.4246","0","0","0","0","0","0","0","0"
"6.73373","0.500044","0.540279","0.0371452","0.533007","0.597566","4.83619","1.74681e-15","3.03059","3.00268","3.22604","7.42152","0","0","0","0","0","0","0","0"
"6.737","0.500044","0.540154","0.0371463","0.532483","0.597281","4.81907","1.74639e-15","3.03306","3.00076","3.2418","7.41846","0","0","0","0","0","0","0","0"
"6.7404","0.500044","0.540154","0.0371477","0.533869","0.598375","4.81737","1.74677e-15","3.0548","3.00651","3.23268","7.40468","0","0","0","0","0","0","0","0"
"6.74377","0.500044","0.540154","0.0371488","0.533016","0.598048","4.81308","1.74733e-15","3.05502","3.0068","3.22581","7.41608","0","0","0","0","0","0","0","0"
"6.74718","0.500044","0.540154","0.0371502","0.532731","0.5979","4.80551","1.74643e-15","3.05336","3.00874","3.23244","7.40718","0","0","0","0","0","0","0","0"
"6.75065","0.500044","0.540154","0.0371507","0.533265","0.5987","4.8578","1.74599e-15","3.0496","3.00705","3.21853","7.40307","0","0","0","0","0","0","0","0"
"6.75395","0.500044","0.540228","0.0371506","0.532251","0.597817","4.88876","1.74608e-15","3.04925","3.00681","3.1889","7.41532","0","0","0","0","0","0","0","0"
"6.75747","0.500044","0.540228","0.0371506","0.531663","0.597115","4.88717","1.7462e-15","3.05324","3.01284","3.18203","7.41095","0","0","0","0","0","0","0","0"
"6.76073","0.500044","0.540228","0.0371505","0.532092","0.597652","4.92346","1.74689e-15","3.04865","3.00924","3.13754","7.42746","0","0","0","0","0","0","0","0"
"6.76408","0.500044","0.540228","0.0371504","0.532091","0.59746","4.93094","1.74632e-15","3.04342","3.00791","3.11576","7.41581","0","0","0","0","0","0","0","0"
"6.7676","0.500044","0.540228","0.03715","0.532302","0.597331","4.95892","1.74647e-15","3.04016","3.00354","3.05889","7.41448","0","0","0","0","0","0","0","0"
"6.77087","0.500044","0.540432","0.0371496","0.531969","0.596775","4.93864","1.74583e-15","3.04026","3.00264","3.0797","7.4128","0","0","0","0","0","0","0","0"
"6.77425","0.500044","0.540432","0.037149","0.531556","0.596374","4.95566","1.747e-15","3.04347","3.00388","3.03749","7.41348","0","0","0","0","0","0","0","0"
"6.77762","0.500044","0.540432","0.0371485","0.531027","0.596102","4.95564","1.74856e-15","3.04714","3.00134","3.02565","7.45102","0","0","0","0","0","0","0","0"
"6.78103","0.500044","0.540432","0.037148","0.530377","0.595812","4.9429","1.74805e-15","3.05152","2.99929","3.03133","7.44212","0","0","0","0","0","0","0","0"
"6.79718","0.500044","0.540432","0.0371248","0.530898","0.595763","5.10684","1.74826e-15","3.06109","2.99377","3.27871","7.44367","0","0","0","0","0","0","0","0"
"6.80012","0.500044","0.54039","0.0371196","0.530369","0.59507","5.11651","1.74712e-15","3.06232","2.99416","3.26766","7.43387","0","0","0","0","0","0","0","0"
"6.80335","0.500044","0.540179","0.0371139","0.531461","0.5958","5.16668","1.7471e-15","3.06011","2.99344","3.22439","7.42278","0","0","0","0","0","0","0","0"
"6.80687","0.500044","0.540179","0.0371072","0.531231","0.595682","5.15739","1.7474e-15","3.05897","2.99032","3.21801","7.43732","0","0","0","0","0","0","0","0"
"6.81025","0.500044","0.540179","0.0371005","0.53071","0.595067","5.29196","1.74747e-15","3.05952","2.98915","3.20914","7.41837","0","0","0","0","0","0","0","0"
"6.81367","0.500044","0.540179","0.0370948","0.531214","0.595225","5.38788","1.74943e-15","3.06115","2.98725","3.17284","7.43153","0","0","0","0","0","0","0","0"
"6.81712","0.500044","0.540179","0.0370885","0.53175","0.59575","5.37086","1.74691e-15","3.06598","2.99492","3.18037","7.41386","0","0","0","0","0","0","0","0"
"6.8204","0.500044","0.53998","0.0370835","0.531801","0.59616","5.35299","1.74855e-15","3.06266","2.99299","3.19158","7.42455","0","0","0","0","0","0","0","0"
"6.8238","0.500044","0.53998","0.0370778","0.531694","0.596114","5.33424","1.74933e-15","3.05798","2.98841","3.19969","7.44085","0","0","0","0","0","0","0","0"
"6.82718","0.500044","0.53998","0.0370728","0.531379","0.595923","5.33345","1.74871e-15","3.05749","2.98917","3.18378","7.4385","0","0","0","0","0","0","0","0"
"6.83057","0.500044","0.53998","0.0370671","0.531641","0.595709","5.31578","1.74981e-15","3.0541","2.98839","3.19039","7.45598","0","0","0","0","0","0","0","0"
"6.83405","0.500044","0.53998","0.0370663","0.532165","0.596563","5.31753","1.74806e-15","3.04814","2.98047","3.17354","7.44091","0","0","0","0","0","0","0","0"
"6.83733","0.500044","0.5399","0.0370703","0.531568","0.59635","5.29667","1.74964e-15","3.04686","2.97855","3.18628","7.45986","0","0","0","0","0","0","0","0"
"6.84072","0.500044","0.5399","0.0370737","0.531842","0.59628","5.29506","1.74859e-15","3.04459","2.97798","3.17119","7.45203","0","0","0","0","0","0","0","0"
"6.8441","0.500044","0.5399","0.0370777","0.531411","0.596294","5.2835","1.75126e-15","3.04439","2.98668","3.17208","7.45896","0","0","0","0","0","0","0","0"
"6.8475","0.500044","0.5399","0.0370811","0.531514","0.596385","5.30641","1.74983e-15","3.04213","2.98255","3.15074","7.4414","0","0","0","0","0","0","0","0"
"6.85098","0.500044","0.5399","0.0370848","0.531822","0.596956","5.31786","1.75108e-15","3.03734","2.97714","3.13725","7.45834","0","0","0","0","0","0","0","0"
"6.85428","0.500044","0.539965","0.0370878","0.531895","0.596978","5.31584","1.75135e-15","3.04034","2.97795","3.12245","7.46146","0","0","0","0","0","0","0","0"
"6.85765","0.500044","0.539965","0.0370913","0.533013","0.59822","5.32958","1.75211e-15","3.04717","2.99051","3.10413","7.46775","0","0","0","0","0","0","0","0"
"6.86103","0.500044","0.539965","0.0370943","0.532704","0.597505","5.41145","1.75309e-15","3.04782","2.99276","3.07763","7.49579","0","0","0","0","0","0","0","0"
"6.86455","0.500044","0.539965","0.0370978","0.532332","0.596999","5.43856","1.75324e-15","3.0549","3.00068","3.06541","7.47997","0","0","0","0","0","0","0","0"
"6.8698","0.500044","0.539965","0.0371028","0.531702","0.596769","5.41232","1.75216e-15","3.05988","3.00287","3.07864","7.46645","0","0","0","0","0","0","0","0"
"6.87302","0.500044","0.540043","0.0371058","0.531699","0.597147","5.40029","1.75378e-15","3.06044","2.99783","3.08089","7.46024","0","0","0","0","0","0","0","0"
"6.8764","0.500044","0.540043","0.0371093","0.531776","0.596932","5.46913","1.75355e-15","3.05738","2.9987","3.0326","7.43908","0","0","0","0","0","0","0","0"
"6.87978","0.500044","0.540043","0.0371123","0.532158","0.597225","5.66146","1.75504e-15","3.05747","2.99638","3.17492","7.46021","0","0","0","0","0","0","0","0"
"6.88327","0.500044","0.540043","0.0371149","0.532151","0.597311","5.84257","1.75345e-15","3.06287","3.00129","3.30286","7.43593","0","0","0","0","0","0","0","0"
"6.88657","0.500044","0.540166","0.0371154","0.531537","0.596773","5.89074","1.75462e-15","3.06509","2.99927","3.26114","7.40802","0","0","0","0","0","0","0","0"
"6.88995","0.500044","0.540166","0.037116","0.530885","0.596017","5.87076","1.75395e-15","3.06746","3.00406","3.27114","7.39436","0","0","0","0","0","0","0","0"
"6.89333","0.500044","0.540166","0.0371165","0.530475","0.595433","5.84653","1.75506e-15","3.0656","3.00222","3.29029","7.39005","0","0","0","0","0","0","0","0"
"6.89672","0.500044","0.540166","0.037117","0.53103","0.595498","5.82525","1.7548e-15","3.06209","3.01263","3.30847","7.38337","0","0","0","0","0","0","0","0"
"6.9002","0.500044","0.540166","0.0371179","0.531392","0.59594","5.877","1.75491e-15","3.05833","3.00854","3.28952","7.39091","0","0","0","0","0","0","0","0"
"6.90348","0.500044","0.540114","0.0371196","0.530729","0.595175","5.85172","1.7553e-15","3.05877","3.00838","3.30604","7.41635","0","0","0","0","0","0","0","0"
"6.90687","0.500044","0.540114","0.0371211","0.530336","0.594996","5.8249","1.75436e-15","3.05911","3.00778","3.33077","7.40871","0","0","0","0","0","0","0","0"
"6.91025","0.500044","0.540114","0.0371228","0.529395","0.594234","5.80679","1.75577e-15","3.06371","3.01293","3.34415","7.42786","0","0","0","0","0","0","0","0"
"6.91363","0.500044","0.540114","0.0371243","0.529785","0.594047","5.85786","1.75456e-15","3.05914","3.01053","3.30026","7.41908","0","0","0","0","0","0","0","0"
"6.91713","0.500044","0.540114","0.037126","0.529537","0.593866","5.83326","1.75483e-15","3.05745","3.01192","3.31713","7.41173","0","0","0","0","0","0","0","0"
"6.92042","0.500044","0.539912","0.0371274","0.528685","0.593372","5.84514","1.75402e-15","3.06073","3.01933","3.30033","7.40363","0","0","0","0","0","0","0","0"
"6.92378","0.500044","0.539912","0.037129","0.529691","0.594019","5.81603","1.7552e-15","3.06845","3.01876","3.3252","7.42181","0","0","0","0","0","0","0","0"
"6.92718","0.500044","0.539912","0.0371304","0.52958","0.593896","5.80006","1.75463e-15","3.06435","3.01678","3.33182","7.42959","0","0","0","0","0","0","0","0"
"6.93057","0.500044","0.539912","0.037132","0.529925","0.594175","5.76683","1.75599e-15","3.06041","3.00947","3.36527","7.45064","0","0","0","0","0","0","0","0"
"6.93407","0.500044","0.539912","0.0371311","0.52925","0.59376","5.78336","1.75402e-15","3.06483","3.01494","3.33561","7.425","0","0","0","0","0","0","0","0"
"6.93747","0.500044","0.539555","0.0371272","0.528925","0.593744","5.78253","1.75501e-15","3.0641","3.01158","3.32124","7.4208","0","0","0","0","0","0","0","0"
"6.94073","0.500044","0.539555","0.0371238","0.528966","0.594033","5.76597","1.75417e-15","3.06239","3.01199","3.32882","7.42917","0","0","0","0","0","0","0","0"
"6.9441","0.500044","0.539555","0.0371199","0.529172","0.59435","5.75647","1.7553e-15","3.06229","3.01979","3.32045","7.42777","0","0","0","0","0","0","0","0"
"6.9475","0.500044","0.539555","0.0371165","0.528973","0.594189","5.73674","1.75506e-15","3.06065","3.01766","3.33197","7.43511","0","0","0","0","0","0","0","0"
"6.95307","0.500044","0.539555","0.037117","0.528718","0.593881","5.76529","1.75326e-15","3.05627","3.02036","3.26868","7.41145","0","0","0","0","0","0","0","0"
"6.95637","0.500044","0.539314","0.0371186","0.528059","0.593423","5.7417","1.75432e-15","3.058","3.02429","3.28772","7.4368","0","0","0","0","0","0","0","0"
"6.95973","0.500044","0.539314","0.0371205","0.528772","0.594025","5.73168","1.75361e-15","3.06034","3.02451","3.28409","7.41826","0","0","0","0","0","0","0","0"
"6.96312","0.500044","0.539314","0.0371221","0.52897","0.593974","5.71258","1.75582e-15","3.05552","3.02341","3.29531","7.42817","0","0","0","0","0","0","0","0"
"6.9666","0.500044","0.539314","0.0371241","0.528413","0.593611","5.69843","1.75467e-15","3.05614","3.02188","3.29655","7.40568","0","0","0","0","0","0","0","0"
"6.9699","0.500044","0.539256","0.0371262","0.527887","0.59256","5.75735","1.7558e-15","3.05721","3.02519","3.23258","7.4141","0","0","0","0","0","0","0","0"
"6.97327","0.500044","0.539256","0.0371285","0.527915","0.592289","5.74813","1.75515e-15","3.05627","3.02706","3.22571","7.40633","0","0","0","0","0","0","0","0"
"6.97665","0.500044","0.539256","0.0371306","0.529008","0.593217","5.73028","1.75621e-15","3.06658","3.02514","3.2364","7.4211","0","0","0","0","0","0","0","0"
"6.98005","0.500044","0.539256","0.037133","0.529193","0.593266","5.72657","1.75668e-15","3.07283","3.0261","3.24802","7.41533","0","0","0","0","0","0","0","0"
"6.98353","0.500044","0.539256","0.0371352","0.529528","0.593536","5.8126","1.75783e-15","3.08121","3.02255","3.22756","7.41945","0","0","0","0","0","0","0","0"
"6.98682","0.500044","0.53914","0.0371384","0.52916","0.59344","5.79215","1.75728e-15","3.08674","3.03194","3.23938","7.43815","0","0","0","0","0","0","0","0"
"6.9902","0.500044","0.53914","0.0371411","0.530481","0.594696","5.81151","1.75752e-15","3.09438","3.03197","3.21516","7.43953","0","0","0","0","0","0","0","0"
"6.99358","0.500044","0.53914","0.0371442","0.530367","0.594051","5.80111","1.75715e-15","3.08835","3.03229","3.21743","7.44249","0","0","0","0","0","0","0","0"
"6.99698","0.500044","0.53914","0.0371469","0.529905","0.593468","5.78435","1.75686e-15","3.08721","3.03208","3.22644","7.45219","0","0","0","0","0","0","0","0"
"7.00045","0.500044","0.53914","0.0371475","0.529034","0.593204","5.79895","1.7557e-15","3.08585","3.03011","3.19424","7.442","0","0","0","0","0","0","0","0"
"7.00373","0.500044","0.539006","0.037145","0.528729","0.592689","5.96465","1.75485e-15","3.08473","3.02919","3.23545","7.43399","0","0","0","0","0","0","0","0"
"7.00712","0.500044","0.539006","0.037142","0.528662","0.592962","6.14549","1.75646e-15","3.0815","3.02858","3.34253","7.4552","0","0","0","0","0","0","0","0"
"7.01052","0.500044","0.539006","0.0371395","0.529424","0.593124","6.14982","1.75525e-15","3.08435","3.02408","3.3274","7.46134","0","0","0","0","0","0","0","0"
"7.0139","0.500044","0.539006","0.0371366","0.529623","0.592867","6.13076","1.7557e-15","3.07952","3.01953","3.33317","7.47385","0","0","0","0","0","0","0","0"
"7.01738","0.500044","0.539006","0.0371345","0.529876","0.592897","6.114","1.75386e-15","3.0741","3.01716","3.34145","7.4524","0","0","0","0","0","0","0","0"
"7.02067","0.500044","0.539059","0.0371324","0.530047","0.593007","6.0906","1.75371e-15","3.07608","3.01643","3.3538","7.45038","0","0","0","0","0","0","0","0"
"7.02405","0.500044","0.539059","0.0371306","0.530014","0.59252","6.15892","1.75408e-15","3.0753","3.01574","3.28752","7.45551","0","0","0","0","0","0","0","0"
"7.02743","0.500044","0.539059","0.0371286","0.530316","0.593071","6.14869","1.75216e-15","3.07838","3.01821","3.28347","7.44632","0","0","0","0","0","0","0","0"
"7.03082","0.500044","0.539059","0.0371268","0.530173","0.59248","6.14182","1.75353e-15","3.07748","3.01977","3.30306","7.46441","0","0","0","0","0","0","0","0"
"7.0364","0.500044","0.539059","0.0371247","0.53024","0.592326","6.34135","1.75345e-15","3.06831","3.01451","3.23386","7.45685","0","0","0","0","0","0","0","0"
"7.03968","0.500044","0.538921","0.0371239","0.530284","0.592953","6.3381","1.75286e-15","3.06492","3.02253","3.21973","7.44853","0","0","0","0","0","0","0","0"
"7.04307","0.500044","0.538921","0.0371228","0.530299","0.593098","6.30876","1.75401e-15","3.0634","3.01961","3.24061","7.44192","0","0","0","0","0","0","0","0"
"7.04645","0.500044","0.538921","0.0371219","0.530631","0.593714","6.30219","1.75397e-15","3.0614","3.0136","3.22908","7.45833","0","0","0","0","0","0","0","0"
"7.04993","0.500044","0.538921","0.0371204","0.530585","0.593757","6.29716","1.75369e-15","3.06059","3.0105","3.21441","7.44977","0","0","0","0","0","0","0","0"
"7.05323","0.500044","0.538912","0.0371181","0.531114","0.59423","6.27601","1.75476e-15","3.05904","3.01497","3.22549","7.46685","0","0","0","0","0","0","0","0"
"7.0566","0.500044","0.538912","0.0371155","0.530729","0.593655","6.2408","1.75459e-15","3.06341","3.01428","3.25665","7.45502","0","0","0","0","0","0","0","0"
"7.05998","0.500044","0.538912","0.0371132","0.531035","0.593967","6.214","1.75694e-15","3.06503","3.01284","3.27794","7.47895","0","0","0","0","0","0","0","0"
"7.06338","0.500044","0.538912","0.0371105","0.531183","0.59443","6.19743","1.75587e-15","3.06252","3.01628","3.27902","7.45965","0","0","0","0","0","0","0","0"
"7.06687","0.500044","0.538912","0.0371089","0.531191","0.594019","6.18966","1.75638e-15","3.05815","3.01318","3.2739","7.46102","0","0","0","0","0","0","0","0"
"7.07015","0.500044","0.538964","0.0371087","0.531823","0.594619","6.18628","1.75525e-15","3.06632","3.03059","3.25664","7.45961","0","0","0","0","0","0","0","0"
"7.07353","0.500044","0.538964","0.0371085","0.532416","0.595019","6.19257","1.75703e-15","3.05973","3.02528","3.23679","7.46346","0","0","0","0","0","0","0","0"
"7.07692","0.500044","0.538964","0.0371083","0.532117","0.594804","6.16425","1.75668e-15","3.06508","3.03141","3.25738","7.44291","0","0","0","0","0","0","0","0"
"7.08032","0.500044","0.538964","0.0371081","0.532672","0.595314","6.19647","1.7585e-15","3.06039","3.02554","3.20866","7.43061","0","0","0","0","0","0","0","0"
"7.08378","0.500044","0.538964","0.0371084","0.53314","0.596277","6.19855","1.7563e-15","3.06266","3.0237","3.18198","7.4074","0","0","0","0","0","0","0","0"
"7.08707","0.500044","0.539087","0.0371092","0.533241","0.596282","6.17508","1.75633e-15","3.06223","3.01889","3.19746","7.4046","0","0","0","0","0","0","0","0"
"7.09045","0.500044","0.539087","0.0371102","0.532912","0.595912","6.14152","1.75697e-15","3.0609","3.01629","3.2271","7.41405","0","0","0","0","0","0","0","0"
"7.09385","0.500044","0.539087","0.037111","0.532821","0.595849","6.1196","1.75695e-15","3.05826","3.01267","3.24055","7.41085","0","0","0","0","0","0","0","0"
"7.09723","0.500044","0.539087","0.037112","0.533555","0.596598","6.14322","1.75889e-15","3.05895","3.01484","3.20696","7.4039","0","0","0","0","0","0","0","0"
"7.10072","0.500044","0.539087","0.0371121","0.532961","0.59613","6.12342","1.75685e-15","3.05892","3.02005","3.2179","7.38242","0","0","0","0","0","0","0","0"
"7.104","0.500044","0.539329","0.0371115","0.533198","0.596484","6.11196","1.75717e-15","3.05805","3.02939","3.21544","7.37993","0","0","0","0","0","0","0","0"
"7.1074","0.500044","0.539329","0.0371109","0.53278","0.596045","6.09793","1.75825e-15","3.05445","3.02958","3.21783","7.40083","0","0","0","0","0","0","0","0"
"7.11077","0.500044","0.539329","0.0371103","0.533091","0.596343","6.0705","1.75811e-15","3.06027","3.02817","3.23683","7.39368","0","0","0","0","0","0","0","0"
"7.11415","0.500044","0.539329","0.0371098","0.533832","0.597255","6.05355","1.75961e-15","3.05112","3.03418","3.24413","7.40873","0","0","0","0","0","0","0","0"
"7.11973","0.500044","0.539329","0.0371074","0.533351","0.596911","6.00579","1.75921e-15","3.04658","3.03682","3.28355","7.40479","0","0","0","0","0","0","0","0"
"7.12302","0.500044","0.53959","0.0371059","0.534193","0.597685","6.00974","1.75849e-15","3.04996","3.03628","3.26361","7.39263","0","0","0","0","0","0","0","0"
"7.1264","0.500044","0.53959","0.0371041","0.534316","0.598467","5.99407","1.7602e-15","3.06023","3.03823","3.26341","7.38805","0","0","0","0","0","0","0","0"
"7.12978","0.500044","0.53959","0.0371025","0.534039","0.598069","5.98408","1.75953e-15","3.05733","3.03676","3.25926","7.38352","0","0","0","0","0","0","0","0"
"7.13327","0.500044","0.53959","0.037101","0.534581","0.598437","5.9576","1.76035e-15","3.06428","3.03614","3.2799","7.37287","0","0","0","0","0","0","0","0"
"7.13655","0.500044","0.53971","0.0371001","0.534222","0.598406","5.94296","1.76017e-15","3.06458","3.03294","3.2827","7.39152","0","0","0","0","0","0","0","0"
"7.13993","0.500044","0.53971","0.037099","0.533791","0.598457","5.93044","1.76033e-15","3.06156","3.02817","3.27837","7.37983","0","0","0","0","0","0","0","0"
"7.14332","0.500044","0.53971","0.0370982","0.53459","0.599152","5.90976","1.76159e-15","3.06028","3.02632","3.29211","7.41607","0","0","0","0","0","0","0","0"
"7.1467","0.500044","0.53971","0.0370971","0.535054","0.599493","5.88024","1.76053e-15","3.06179","3.02381","3.31756","7.42086","0","0","0","0","0","0","0","0"
"7.15018","0.500044","0.53971","0.037097","0.534416","0.599179","5.85594","1.76188e-15","3.06278","3.02363","3.33787","7.42652","0","0","0","0","0","0","0","0"
"7.15347","0.500044","0.539985","0.0370985","0.534721","0.598926","5.85079","1.76103e-15","3.05732","3.02629","3.32484","7.42268","0","0","0","0","0","0","0","0"
"7.15685","0.500044","0.539985","0.0370998","0.53541","0.599535","5.83164","1.76151e-15","3.06391","3.04347","3.33695","7.42318","0","0","0","0","0","0","0","0"
"7.16023","0.500044","0.539985","0.0371014","0.535306","0.599303","5.82431","1.76216e-15","3.0605","3.04382","3.3274","7.42089","0","0","0","0","0","0","0","0"
"7.16363","0.500044","0.539985","0.0371027","0.535464","0.600101","5.81672","1.76164e-15","3.05547","3.04637","3.32275","7.42131","0","0","0","0","0","0","0","0"
"7.16715","0.500044","0.539985","0.0371003","0.535813","0.600081","5.8362","1.76161e-15","3.05295","3.04337","3.29179","7.41363","0","0","0","0","0","0","0","0"
"7.1704","0.500044","0.540159","0.0370938","0.535848","0.600178","5.83115","1.76048e-15","3.0528","3.04088","3.28276","7.40836","0","0","0","0","0","0","0","0"
"7.17378","0.500044","0.540159","0.0370861","0.536836","0.601259","5.80923","1.76192e-15","3.04512","3.0364","3.29493","7.42664","0","0","0","0","0","0","0","0"
"7.17718","0.500044","0.540159","0.0370795","0.537104","0.601344","5.78332","1.76209e-15","3.04778","3.03453","3.3191","7.43362","0","0","0","0","0","0","0","0"
"7.18057","0.500044","0.540159","0.0370719","0.537148","0.601231","5.81378","1.762e-15","3.04315","3.02837","3.30271","7.41792","0","0","0","0","0","0","0","0"
"7.18405","0.500044","0.540159","0.0370668","0.53715","0.601032","5.79352","1.7628e-15","3.04456","3.02751","3.31803","7.41626","0","0","0","0","0","0","0","0"
"7.18733","0.500044","0.540355","0.0370626","0.536869","0.600628","5.80204","1.7626e-15","3.05206","3.02554","3.28666","7.39726","0","0","0","0","0","0","0","0"
"7.19073","0.500044","0.540355","0.037059","0.536955","0.600587","5.78456","1.76403e-15","3.04687","3.03102","3.29476","7.43158","0","0","0","0","0","0","0","0"
"7.1941","0.500044","0.540355","0.0370548","0.536968","0.601041","5.76126","1.76256e-15","3.04411","3.02973","3.3113","7.42112","0","0","0","0","0","0","0","0"
"7.19748","0.500044","0.540355","0.0370512","0.536274","0.600493","5.73908","1.76332e-15","3.0478","3.03046","3.3289","7.41401","0","0","0","0","0","0","0","0"
"7.20305","0.500044","0.540355","0.0370462","0.536127","0.600092","5.71556","1.76333e-15","3.04894","3.02583","3.33431","7.39605","0","0","0","0","0","0","0","0"
"7.20633","0.500044","0.540672","0.0370437","0.535367","0.599568","5.72449","1.76196e-15","3.05133","3.02371","3.31382","7.3835","0","0","0","0","0","0","0","0"
"7.20972","0.500044","0.540672","0.0370408","0.535762","0.599627","5.71054","1.76353e-15","3.05213","3.02168","3.31354","7.39674","0","0","0","0","0","0","0","0"
"7.21312","0.500044","0.540672","0.0370383","0.535464","0.59994","5.6962","1.76325e-15","3.05135","3.01762","3.322","7.40039","0","0","0","0","0","0","0","0"
"7.2166","0.500044","0.540672","0.037036","0.535347","0.599859","5.71171","1.7639e-15","3.04769","3.01137","3.28506","7.40107","0","0","0","0","0","0","0","0"
"7.21988","0.500044","0.540744","0.0370351","0.534898","0.599612","5.69345","1.7636e-15","3.04885","3.01499","3.29746","7.41502","0","0","0","0","0","0","0","0"
"7.22327","0.500044","0.540744","0.0370342","0.53519","0.599851","5.68945","1.7634e-15","3.04621","3.01101","3.28622","7.42795","0","0","0","0","0","0","0","0"
"7.2266","0.500044","0.540744","0.0370333","0.535555","0.599872","5.69052","1.76344e-15","3.0503","3.00648","3.27197","7.4371","0","0","0","0","0","0","0","0"
"7.23022","0.500044","0.540744","0.0370324","0.536271","0.600701","5.71717","1.76433e-15","3.04834","2.99956","3.27625","7.42013","0","0","0","0","0","0","0","0"
"7.23373","0.500044","0.540744","0.0370318","0.536013","0.600393","5.75136","1.765e-15","3.04932","3.00043","3.23882","7.41837","0","0","0","0","0","0","0","0"
"7.23697","0.500044","0.540611","0.0370318","0.536761","0.601588","5.7776","1.76397e-15","3.04647","2.9982","3.19493","7.41231","0","0","0","0","0","0","0","0"
"7.24032","0.500044","0.540611","0.0370318","0.536496","0.601572","5.76216","1.76546e-15","3.04275","2.99599","3.20339","7.42708","0","0","0","0","0","0","0","0"
"7.24387","0.500044","0.540611","0.0370318","0.536678","0.601293","5.73434","1.7638e-15","3.04044","2.99414","3.22779","7.41732","0","0","0","0","0","0","0","0"
"7.24725","0.500044","0.540611","0.0370319","0.537027","0.601315","5.76395","1.76461e-15","3.03621","2.99653","3.18342","7.41284","0","0","0","0","0","0","0","0"
"7.25073","0.500044","0.540611","0.0370324","0.536641","0.60129","5.73806","1.76241e-15","3.04132","2.99586","3.20794","7.40146","0","0","0","0","0","0","0","0"
"7.25405","0.500044","0.540645","0.0370336","0.536639","0.601079","5.78511","1.76272e-15","3.0383","2.9963","3.2006","7.40111","0","0","0","0","0","0","0","0"
"7.25743","0.500044","0.540645","0.0370346","0.536342","0.601057","5.75941","1.76336e-15","3.03895","2.99755","3.22329","7.43249","0","0","0","0","0","0","0","0"
"7.26082","0.500044","0.540645","0.0370359","0.535957","0.600837","5.75218","1.76341e-15","3.03543","2.99347","3.21642","7.41903","0","0","0","0","0","0","0","0"
"7.2642","0.500044","0.540645","0.0370369","0.535531","0.600324","5.73621","1.76516e-15","3.03549","2.99096","3.22374","7.4287","0","0","0","0","0","0","0","0"
"7.2677","0.500044","0.540645","0.0370364","0.535707","0.600696","5.70685","1.76339e-15","3.0367","2.99962","3.24957","7.42222","0","0","0","0","0","0","0","0"
"7.27098","0.500044","0.540859","0.0370349","0.535158","0.600281","5.72405","1.76479e-15","3.03741","3.00363","3.21387","7.44263","0","0","0","0","0","0","0","0"
"7.27437","0.500044","0.540859","0.0370331","0.535316","0.600521","5.72765","1.7641e-15","3.03972","3.0085","3.19388","7.44932","0","0","0","0","0","0","0","0"
"7.27775","0.500044","0.540859","0.0370316","0.535201","0.600962","5.7653","1.76591e-15","3.03918","3.01807","3.15717","7.4661","0","0","0","0","0","0","0","0"
"7.28113","0.500044","0.540859","0.0370298","0.534602","0.599971","5.7358","1.76644e-15","3.04116","3.01988","3.18274","7.46702","0","0","0","0","0","0","0","0"
"7.28643","0.500044","0.540859","0.0370239","0.535965","0.601718","5.74684","1.76504e-15","3.0507","3.03855","3.17825","7.46274","0","0","0","0","0","0","0","0"
"7.28973","0.500044","0.540819","0.0370198","0.536361","0.602145","5.80879","1.7661e-15","3.04492","3.03923","3.15436","7.47825","0","0","0","0","0","0","0","0"
"7.29312","0.500044","0.540819","0.0370151","0.536058","0.602059","5.82983","1.76551e-15","3.04258","3.03155","3.11877","7.49389","0","0","0","0","0","0","0","0"
"7.29652","0.500044","0.540819","0.037011","0.536515","0.602489","5.86394","1.76597e-15","3.04069","3.0307","3.08454","7.48966","0","0","0","0","0","0","0","0"
"7.3","0.500044","0.540819","0.0370064","0.535875","0.601611","5.85607","1.76482e-15","3.04049","3.02859","3.08156","7.49764","0","0","0","0","0","0","0","0"
"7.30328","0.500044","0.540731","0.0370026","0.535645","0.601509","5.84898","1.76443e-15","3.0409","3.029","3.08322","7.49045","0","0","0","0","0","0","0","0"
"7.30665","0.500044","0.540731","0.0369983","0.535534","0.60121","5.87636","1.7649e-15","3.03902","3.0256","3.081","7.49336","0","0","0","0","0","0","0","0"
"7.31005","0.500044","0.540731","0.0369946","0.53589","0.601279","5.90918","1.76357e-15","3.03764","3.02795","3.04181","7.48039","0","0","0","0","0","0","0","0"
"7.31343","0.500044","0.540731","0.0369903","0.536049","0.601373","5.91672","1.76498e-15","3.03631","3.03254","3.02647","7.48844","0","0","0","0","0","0","0","0"
"7.31692","0.500044","0.540731","0.0369875","0.535419","0.601029","5.89592","1.76298e-15","3.03714","3.03063","3.04028","7.4711","0","0","0","0","0","0","0","0"
"7.3202","0.500044","0.5409","0.0369866","0.53601","0.601676","5.88754","1.76405e-15","3.03971","3.02731","3.03835","7.49371","0","0","0","0","0","0","0","0"
"7.3236","0.500044","0.5409","0.0369858","0.536674","0.602079","5.93305","1.7628e-15","3.04986","3.02804","2.99523","7.49144","0","0","0","0","0","0","0","0"
"7.32698","0.500044","0.5409","0.0369849","0.537381","0.603098","5.91332","1.76381e-15","3.05378","3.03113","3.00429","7.49426","0","0","0","0","0","0","0","0"
"7.33037","0.500044","0.5409","0.036984","0.536766","0.602749","5.88391","1.76309e-15","3.05366","3.02776","3.03163","7.49282","0","0","0","0","0","0","0","0"
"7.33383","0.500044","0.5409","0.0369844","0.536848","0.602968","5.8764","1.76294e-15","3.07151","3.04394","3.03042","7.49398","0","0","0","0","0","0","0","0"
"7.33712","0.500044","0.540912","0.0369861","0.535981","0.602474","5.85687","1.76356e-15","3.07432","3.04274","3.04143","7.51548","0","0","0","0","0","0","0","0"
"7.34052","0.500044","0.540912","0.0369881","0.535788","0.602262","5.83216","1.76347e-15","3.07418","3.04326","3.05797","7.52347","0","0","0","0","0","0","0","0"
"7.3439","0.500044","0.540912","0.0369898","0.535738","0.601871","5.81171","1.76503e-15","3.07037","3.04381","3.07161","7.53048","0","0","0","0","0","0","0","0"
"7.34728","0.500044","0.540912","0.0369918","0.535805","0.601214","5.83027","1.76534e-15","3.06537","3.04359","3.04693","7.52301","0","0","0","0","0","0","0","0"
"7.35077","0.500044","0.540912","0.0369925","0.535306","0.600874","5.83928","1.7649e-15","3.06452","3.04587","3.01973","7.50377","0","0","0","0","0","0","0","0"
"7.35405","0.500044","0.541064","0.0369922","0.53502","0.600578","5.82779","1.76602e-15","3.06341","3.04553","3.01941","7.52258","0","0","0","0","0","0","0","0"
"7.35743","0.500044","0.541064","0.0369919","0.535775","0.601089","5.82352","1.76477e-15","3.06876","3.05308","3.01281","7.51295","0","0","0","0","0","0","0","0"
"7.36082","0.500044","0.541064","0.0369916","0.535265","0.600896","5.79572","1.76598e-15","3.06461","3.04851","3.03445","7.52742","0","0","0","0","0","0","0","0"
"7.3642","0.500044","0.541064","0.0369913","0.53488","0.600389","5.76978","1.76465e-15","3.06451","3.04732","3.05689","7.52016","0","0","0","0","0","0","0","0"
"7.36978","0.500044","0.541064","0.0369956","0.535422","0.600784","5.72429","1.76319e-15","3.07544","3.05836","3.09621","7.51595","0","0","0","0","0","0","0","0"
"7.37307","0.500044","0.541032","0.0369989","0.535372","0.601096","5.72784","1.76493e-15","3.07042","3.05356","3.07939","7.53481","0","0","0","0","0","0","0","0"
"7.37645","0.500044","0.541032","0.0370028","0.535787","0.600962","5.70741","1.76373e-15","3.07352","3.04927","3.09161","7.52707","0","0","0","0","0","0","0","0"
"7.37983","0.500044","0.541032","0.0370061","0.535773","0.601036","5.68525","1.76531e-15","3.0702","3.04633","3.10803","7.53889","0","0","0","0","0","0","0","0"
"7.38332","0.500044","0.541032","0.0370107","0.535949","0.601264","5.68194","1.76361e-15","3.06977","3.04195","3.1029","7.51338","0","0","0","0","0","0","0","0"
"7.3866","0.500044","0.540786","0.0370164","0.536409","0.601958","5.705","1.76419e-15","3.06987","3.04733","3.074","7.50383","0","0","0","0","0","0","0","0"
"7.38998","0.500044","0.540786","0.0370231","0.53632","0.601488","5.68398","1.76468e-15","3.07295","3.04882","3.08572","7.51334","0","0","0","0","0","0","0","0"
"7.39337","0.500044","0.540786","0.0370288","0.535748","0.600769","5.69414","1.76477e-15","3.07431","3.05058","3.05542","7.5075","0","0","0","0","0","0","0","0"
"7.39675","0.500044","0.540786","0.0370355","0.535377","0.600489","5.69919","1.76617e-15","3.07339","3.05607","3.03411","7.52298","0","0","0","0","0","0","0","0"
"7.40025","0.500044","0.540786","0.0370411","0.535239","0.600126","5.68766","1.76419e-15","3.07389","3.05325","3.03384","7.50833","0","0","0","0","0","0","0","0"
"7.40353","0.500044","0.540842","0.0370476","0.535141","0.599907","5.72465","1.7653e-15","3.07576","3.05296","2.9858","7.52988","0","0","0","0","0","0","0","0"
"7.40692","0.500044","0.540842","0.0370532","0.535295","0.600136","5.79321","1.76426e-15","3.07882","3.04909","3.02736","7.51552","0","0","0","0","0","0","0","0"
"7.4103","0.500044","0.540842","0.0370597","0.535892","0.601085","5.8521","1.76573e-15","3.07415","3.04118","3.02756","7.52051","0","0","0","0","0","0","0","0"
"7.4137","0.500044","0.540842","0.0370653","0.536174","0.601191","5.82856","1.7652e-15","3.07347","3.03533","3.04441","7.52418","0","0","0","0","0","0","0","0"
"7.41718","0.500044","0.540842","0.0370698","0.535902","0.601424","5.82479","1.76481e-15","3.06798","3.03133","3.03299","7.50508","0","0","0","0","0","0","0","0"
"7.42047","0.500044","0.540885","0.0370714","0.535994","0.600615","5.80776","1.76494e-15","3.06442","3.03497","3.0412","7.51337","0","0","0","0","0","0","0","0"
"7.42385","0.500044","0.540885","0.0370732","0.536104","0.600538","5.87717","1.76524e-15","3.05957","3.03071","3.01523","7.50121","0","0","0","0","0","0","0","0"
"7.42723","0.500044","0.540885","0.0370748","0.537016","0.601357","5.91822","1.76631e-15","3.05211","3.02898","2.9827","7.51031","0","0","0","0","0","0","0","0"
"7.43062","0.500044","0.540885","0.0370766","0.536348","0.601064","6.00762","1.76556e-15","3.05198","3.02656","2.94182","7.5049","0","0","0","0","0","0","0","0"
"7.4341","0.500044","0.540885","0.0370774","0.535998","0.600924","6.0882","1.76526e-15","3.05342","3.02668","2.92437","7.49807","0","0","0","0","0","0","0","0"
"7.4374","0.500044","0.540882","0.0370774","0.535704","0.600781","6.14388","1.76429e-15","3.05085","3.024","2.88684","7.48118","0","0","0","0","0","0","0","0"
"7.44078","0.500044","0.540882","0.0370773","0.536002","0.601269","6.13443","1.76616e-15","3.05123","3.02594","2.88408","7.47572","0","0","0","0","0","0","0","0"
"7.44418","0.500044","0.540882","0.0370773","0.536313","0.601609","6.11511","1.76518e-15","3.05385","3.02658","2.89227","7.46145","0","0","0","0","0","0","0","0"
"7.44755","0.500044","0.540882","0.0370773","0.536539","0.601226","6.13806","1.76649e-15","3.05295","3.02341","2.8655","7.45262","0","0","0","0","0","0","0","0"
"7.45312","0.500044","0.540882","0.0370767","0.53659","0.601564","6.10553","1.76637e-15","3.05328","3.02692","2.87954","7.43791","0","0","0","0","0","0","0","0"
"7.45638","0.500044","0.541027","0.0370763","0.536267","0.601277","6.07771","1.76553e-15","3.0547","3.02817","2.90232","7.42322","0","0","0","0","0","0","0","0"
"7.45978","0.500044","0.541027","0.0370759","0.535494","0.60074","6.04664","1.76572e-15","3.05533","3.02604","2.92705","7.41839","0","0","0","0","0","0","0","0"
"7.46317","0.500044","0.541027","0.0370755","0.536212","0.601131","6.02253","1.76456e-15","3.05186","3.02169","2.94421","7.39853","0","0","0","0","0","0","0","0"
"7.46665","0.500044","0.541027","0.037075","0.536218","0.600946","5.99313","1.76599e-15","3.05261","3.02799","2.96735","7.41556","0","0","0","0","0","0","0","0"
"7.46995","0.500044","0.541095","0.0370746","0.536033","0.600513","5.97234","1.76471e-15","3.05189","3.02733","2.98059","7.40399","0","0","0","0","0","0","0","0"
"7.47332","0.500044","0.541095","0.0370741","0.536197","0.600827","5.95823","1.76583e-15","3.04867","3.02584","2.98328","7.41009","0","0","0","0","0","0","0","0"
"7.4767","0.500044","0.541095","0.0370736","0.537954","0.602541","5.9876","1.76534e-15","3.05445","3.03593","2.9574","7.39707","0","0","0","0","0","0","0","0"
"7.48008","0.500044","0.541095","0.0370731","0.538936","0.60304","5.97283","1.76578e-15","3.05281","3.02778","2.96061","7.39268","0","0","0","0","0","0","0","0"
"7.48357","0.500044","0.541095","0.0370722","0.538247","0.602655","5.95911","1.76427e-15","3.05175","3.02721","2.96392","7.38066","0","0","0","0","0","0","0","0"
"7.48687","0.500044","0.541124","0.0370701","0.538611","0.602808","5.98348","1.76294e-15","3.07558","3.03123","2.92856","7.37208","0","0","0","0","0","0","0","0"
"7.49025","0.500044","0.541124","0.0370683","0.538461","0.602915","5.97235","1.76415e-15","3.08004","3.03617","2.92761","7.38959","0","0","0","0","0","0","0","0"
"7.49358","0.500044","0.541124","0.0370663","0.537485","0.601805","5.94526","1.76369e-15","3.08431","3.03803","2.9479","7.37301","0","0","0","0","0","0","0","0"
"7.49695","0.500044","0.541124","0.0370645","0.537613","0.601685","5.92205","1.76583e-15","3.08861","3.03517","2.96396","7.39542","0","0","0","0","0","0","0","0"
"7.5005","0.500044","0.541124","0.037062","0.537599","0.601682","5.92638","1.76308e-15","3.08183","3.03139","2.94142","7.37819","0","0","0","0","0","0","0","0"
"7.50378","0.500044","0.54128","0.0370595","0.537728","0.601848","5.94222","1.76355e-15","3.07927","3.03483","2.93474","7.3801","0","0","0","0","0","0","0","0"
"7.50717","0.500044","0.54128","0.0370566","0.538119","0.60217","5.92513","1.76361e-15","3.08301","3.0348","2.9542","7.38227","0","0","0","0","0","0","0","0"
"7.51055","0.500044","0.54128","0.0370541","0.537993","0.60192","5.93928","1.76306e-15","3.08169","3.03609","2.9427","7.38241","0","0","0","0","0","0","0","0"
"7.51393","0.500044","0.54128","0.0370512","0.538257","0.602521","5.92387","1.76484e-15","3.07318","3.02782","2.94733","7.40681","0","0","0","0","0","0","0","0"
"7.51737","0.500044","0.54128","0.0370504","0.538068","0.602448","5.94588","1.76339e-15","3.08018","3.02897","2.9176","7.39192","0","0","0","0","0","0","0","0"
"7.52073","0.500044","0.54146","0.0370513","0.537825","0.6023","5.92562","1.76318e-15","3.07672","3.02783","2.92648","7.37629","0","0","0","0","0","0","0","0"
"7.52407","0.500044","0.54146","0.0370521","0.538118","0.602464","5.91422","1.7635e-15","3.07713","3.02399","2.93013","7.37586","0","0","0","0","0","0","0","0"
"7.52765","0.500044","0.54146","0.0370531","0.538277","0.602067","5.90434","1.76319e-15","3.07702","3.02269","2.93259","7.35911","0","0","0","0","0","0","0","0"
"7.53102","0.500044","0.54146","0.037054","0.538933","0.602983","5.8969","1.76454e-15","3.07897","3.04172","2.92692","7.36419","0","0","0","0","0","0","0","0"
"7.5366","0.500044","0.54146","0.0370542","0.538219","0.60249","5.89755","1.76387e-15","3.07967","3.03625","2.92898","7.37799","0","0","0","0","0","0","0","0"
"7.53987","0.500044","0.541477","0.0370541","0.538228","0.602362","5.90555","1.76311e-15","3.08557","3.04795","2.91552","7.37235","0","0","0","0","0","0","0","0"
"7.54325","0.500044","0.541477","0.0370541","0.53863","0.602359","5.88673","1.76348e-15","3.08976","3.04026","2.92562","7.39114","0","0","0","0","0","0","0","0"
"7.54665","0.500044","0.541477","0.037054","0.538211","0.602212","5.8756","1.76308e-15","3.08799","3.03433","2.92516","7.38862","0","0","0","0","0","0","0","0"
"7.5501","0.500044","0.541477","0.0370532","0.538088","0.602084","5.88021","1.76222e-15","3.08753","3.03218","2.9061","7.37497","0","0","0","0","0","0","0","0"
"7.55355","0.500044","0.541618","0.0370503","0.538596","0.602872","5.86738","1.76466e-15","3.08561","3.03326","2.90792","7.38552","0","0","0","0","0","0","0","0"
"7.55698","0.500044","0.541618","0.0370479","0.538309","0.602139","5.84176","1.76323e-15","3.08161","3.03465","2.92937","7.37564","0","0","0","0","0","0","0","0"
"7.56037","0.500044","0.541618","0.037045","0.538224","0.602216","5.86389","1.7647e-15","3.08214","3.02927","2.91323","7.38345","0","0","0","0","0","0","0","0"
"7.56375","0.500044","0.541618","0.0370426","0.538615","0.602558","5.93485","1.76461e-15","3.07646","3.02483","2.92246","7.37402","0","0","0","0","0","0","0","0"
"7.56745","0.500044","0.541618","0.0370401","0.538403","0.602467","5.94307","1.76452e-15","3.07718","3.02076","2.9212","7.36866","0","0","0","0","0","0","0","0"
"7.57073","0.500044","0.541638","0.0370381","0.539205","0.602278","5.95437","1.76576e-15","3.08052","3.01571","2.94396","7.39348","0","0","0","0","0","0","0","0"
"7.57407","0.500044","0.541638","0.0370365","0.538964","0.602163","6.01499","1.76527e-15","3.07665","3.01204","2.96359","7.37499","0","0","0","0","0","0","0","0"
"7.57742","0.500044","0.541638","0.0370345","0.538781","0.60197","6.0027","1.76583e-15","3.08102","3.01956","2.96752","7.37535","0","0","0","0","0","0","0","0"
"7.5808","0.500044","0.541638","0.0370328","0.539877","0.60271","5.99403","1.76515e-15","3.07973","3.01869","2.9653","7.36797","0","0","0","0","0","0","0","0"
"7.58432","0.500044","0.541638","0.0370342","0.539464","0.60213","6.01139","1.76438e-15","3.07713","3.01657","2.93457","7.36335","0","0","0","0","0","0","0","0"
"7.58765","0.500044","0.541666","0.0370376","0.539414","0.602088","6.00482","1.76555e-15","3.07405","3.01201","2.93437","7.3619","0","0","0","0","0","0","0","0"
"7.59453","0.500044","0.541666","0.0370449","0.539411","0.601953","5.98007","1.76547e-15","3.07166","3.02417","2.93556","7.36611","0","0","0","0","0","0","0","0"
"7.59825","0.500044","0.541666","0.0370488","0.539442","0.60233","5.99781","1.7665e-15","3.07226","3.02739","2.90795","7.38178","0","0","0","0","0","0","0","0"
"7.60135","0.500044","0.541666","0.0370521","0.539347","0.602337","6.00512","1.76523e-15","3.07406","3.02787","2.89337","7.36811","0","0","0","0","0","0","0","0"
"7.60468","0.500044","0.541723","0.0370559","0.540358","0.602577","5.99722","1.76604e-15","3.07118","3.03766","2.89507","7.37126","0","0","0","0","0","0","0","0"
"7.60807","0.500044","0.541723","0.0370591","0.540438","0.602879","6.00229","1.76661e-15","3.06811","3.03102","2.89334","7.37596","0","0","0","0","0","0","0","0"
"7.61138","0.500044","0.541723","0.0370629","0.540033","0.60257","5.98603","1.767e-15","3.06866","3.02862","2.89915","7.3921","0","0","0","0","0","0","0","0"
"7.61478","0.500044","0.541723","0.0370662","0.539627","0.602168","5.96518","1.76821e-15","3.06893","3.02673","2.91449","7.40332","0","0","0","0","0","0","0","0"
"7.61988","0.500044","0.541723","0.0370695","0.539852","0.602421","5.92218","1.76827e-15","3.06219","3.02519","2.95176","7.39215","0","0","0","0","0","0","0","0"
"7.62313","0.500044","0.541747","0.0370711","0.539325","0.602117","5.90336","1.76696e-15","3.06222","3.02714","2.96648","7.38342","0","0","0","0","0","0","0","0"
"7.62652","0.500044","0.541747","0.0370731","0.539065","0.60181","5.89416","1.76706e-15","3.05813","3.02543","2.96648","7.39129","0","0","0","0","0","0","0","0"
"7.6299","0.500044","0.541747","0.0370748","0.539446","0.602198","5.96828","1.76759e-15","3.06413","3.03209","2.94918","7.38497","0","0","0","0","0","0","0","0"
"7.63338","0.500044","0.541747","0.0370762","0.538831","0.601843","5.97446","1.7668e-15","3.06182","3.02882","2.92907","7.3595","0","0","0","0","0","0","0","0"
"7.63668","0.500044","0.541812","0.0370764","0.539559","0.602553","5.95531","1.76776e-15","3.063","3.04551","2.93949","7.35807","0","0","0","0","0","0","0","0"
"7.64005","0.500044","0.541812","0.0370767","0.539533","0.60241","5.9419","1.76794e-15","3.06699","3.04118","2.93991","7.38003","0","0","0","0","0","0","0","0"
"7.64345","0.500044","0.541812","0.0370769","0.539723","0.602356","5.95227","1.76776e-15","3.0649","3.0392","2.92296","7.36849","0","0","0","0","0","0","0","0"
"7.64683","0.500044","0.541812","0.0370772","0.539625","0.601668","5.94611","1.7689e-15","3.06115","3.04346","2.92016","7.36486","0","0","0","0","0","0","0","0"
"7.65035","0.500044","0.541812","0.0370773","0.539041","0.601058","5.92156","1.76792e-15","3.06102","3.04541","2.93827","7.34824","0","0","0","0","0","0","0","0"
"7.6536","0.500044","0.541758","0.0370773","0.539669","0.601027","5.8913","1.76658e-15","3.06012","3.04524","2.96235","7.3348","0","0","0","0","0","0","0","0"
"7.657","0.500044","0.541758","0.0370773","0.540048","0.601667","5.87698","1.76838e-15","3.06423","3.03824","2.96789","7.34451","0","0","0","0","0","0","0","0"
"7.66037","0.500044","0.541758","0.0370773","0.539256","0.600987","5.92441","1.76953e-15","3.06503","3.03996","2.96499","7.35183","0","0","0","0","0","0","0","0"
"7.66378","0.500044","0.541758","0.0370773","0.538962","0.601149","5.91804","1.76864e-15","3.0625","3.03896","2.96815","7.35545","0","0","0","0","0","0","0","0"
"7.66725","0.500044","0.541758","0.0370772","0.538297","0.600679","5.90394","1.76949e-15","3.06254","3.03868","2.97182","7.34701","0","0","0","0","0","0","0","0"
"7.67053","0.500044","0.54178","0.0370769","0.538397","0.60064","5.89703","1.7691e-15","3.07178","3.04753","2.97408","7.34765","0","0","0","0","0","0","0","0"
"7.67392","0.500044","0.54178","0.0370766","0.537529","0.599553","5.89311","1.76822e-15","3.07451","3.05237","2.97036","7.34636","0","0","0","0","0","0","0","0"
"7.6774","0.500044","0.54178","0.0370763","0.537502","0.599148","5.88922","1.76906e-15","3.07882","3.05185","2.96235","7.3546","0","0","0","0","0","0","0","0"
"7.68068","0.500044","0.54178","0.037076","0.538363","0.600175","5.89666","1.76928e-15","3.08168","3.05424","2.95003","7.35368","0","0","0","0","0","0","0","0"
"7.6842","0.500044","0.54178","0.0370754","0.537579","0.599456","5.87477","1.76799e-15","3.08337","3.04991","2.96664","7.33673","0","0","0","0","0","0","0","0"
"7.68747","0.500044","0.541693","0.0370744","0.537662","0.599438","5.84977","1.76728e-15","3.07913","3.04188","2.98344","7.33082","0","0","0","0","0","0","0","0"
"7.69085","0.500044","0.541693","0.0370736","0.538094","0.599764","5.83806","1.76801e-15","3.08632","3.05148","2.98447","7.33431","0","0","0","0","0","0","0","0"
"7.69423","0.500044","0.541693","0.0370726","0.537948","0.599893","5.82196","1.76714e-15","3.08233","3.05406","2.99011","7.33596","0","0","0","0","0","0","0","0"
"7.69762","0.500044","0.541693","0.0370717","0.538325","0.600234","5.82167","1.76829e-15","3.08325","3.05156","2.9804","7.34242","0","0","0","0","0","0","0","0"
"7.70318","0.500044","0.541693","0.0370689","0.539075","0.600732","5.78787","1.76599e-15","3.07528","3.04892","2.9983","7.33412","0","0","0","0","0","0","0","0"
"7.70648","0.500044","0.541417","0.0370671","0.538869","0.600811","5.77617","1.76696e-15","3.08009","3.05767","3.0034","7.33008","0","0","0","0","0","0","0","0"
"7.70985","0.500044","0.541417","0.037065","0.539235","0.601234","5.83916","1.76714e-15","3.07775","3.05723","2.99946","7.34459","0","0","0","0","0","0","0","0"
"7.71325","0.500044","0.541417","0.0370632","0.539765","0.601669","5.82006","1.76685e-15","3.08339","3.05538","3.0118","7.3383","0","0","0","0","0","0","0","0"
"7.71672","0.500044","0.541417","0.0370608","0.539641","0.601275","5.80007","1.76829e-15","3.08009","3.06587","3.02099","7.32594","0","0","0","0","0","0","0","0"
"7.72002","0.500044","0.541421","0.037058","0.538898","0.600628","5.79251","1.76844e-15","3.08167","3.06644","3.01803","7.3266","0","0","0","0","0","0","0","0"
"7.7234","0.500044","0.541421","0.0370549","0.538598","0.600358","5.8056","1.76874e-15","3.08045","3.0625","2.99761","7.33048","0","0","0","0","0","0","0","0"
"7.72685","0.500044","0.541421","0.0370517","0.537898","0.599635","5.77845","1.76972e-15","3.07921","3.06121","3.01947","7.32429","0","0","0","0","0","0","0","0"
"7.73022","0.500044","0.541421","0.037049","0.537511","0.599186","5.75806","1.76973e-15","3.07679","3.06346","3.03448","7.327","0","0","0","0","0","0","0","0"
"7.73372","0.500044","0.541421","0.0370474","0.537866","0.59926","5.74811","1.76811e-15","3.07911","3.06643","3.03446","7.30507","0","0","0","0","0","0","0","0"
"7.737","0.500044","0.54168","0.0370479","0.537478","0.599328","5.74512","1.76862e-15","3.07783","3.06073","3.0275","7.30988","0","0","0","0","0","0","0","0"
"7.74038","0.500044","0.54168","0.0370484","0.536872","0.598617","5.72444","1.76905e-15","3.07874","3.05928","3.04132","7.29973","0","0","0","0","0","0","0","0"
"7.74377","0.500044","0.54168","0.0370488","0.53744","0.599265","5.70234","1.76859e-15","3.07588","3.06744","3.05944","7.29319","0","0","0","0","0","0","0","0"
"7.74715","0.500044","0.54168","0.0370493","0.538383","0.599565","5.67721","1.76999e-15","3.09208","3.07571","3.07742","7.30466","0","0","0","0","0","0","0","0"
"7.75065","0.500044","0.54168","0.0370505","0.5387","0.599796","5.66965","1.76726e-15","3.09437","3.07727","3.07223","7.28878","0","0","0","0","0","0","0","0"
"7.75393","0.500044","0.541554","0.0370527","0.53963","0.600497","5.67082","1.76823e-15","3.10314","3.0728","3.06418","7.29373","0","0","0","0","0","0","0","0"
"7.75793","0.500044","0.541554","0.0370546","0.539624","0.600915","5.65906","1.76793e-15","3.10693","3.07462","3.07015","7.29256","0","0","0","0","0","0","0","0"
"7.7607","0.500044","0.541554","0.0370569","0.539883","0.601097","5.6384","1.76767e-15","3.10406","3.06994","3.0857","7.26965","0","0","0","0","0","0","0","0"
"7.76407","0.500044","0.541554","0.0370588","0.539719","0.600975","5.62373","1.76784e-15","3.10208","3.06886","3.09176","7.26995","0","0","0","0","0","0","0","0"
"7.76757","0.500044","0.541554","0.0370591","0.539241","0.600832","5.63047","1.7656e-15","3.09929","3.06867","3.08144","7.26543","0","0","0","0","0","0","0","0"
"7.77085","0.500044","0.541402","0.0370582","0.53863","0.600356","5.64905","1.76698e-15","3.09794","3.06871","3.07717","7.27183","0","0","0","0","0","0","0","0"
"7.77418","0.500044","0.541402","0.0370573","0.53858","0.600387","5.65611","1.76778e-15","3.10236","3.06925","3.06974","7.23386","0","0","0","0","0","0","0","0"
"7.77757","0.500044","0.541402","0.0370562","0.538488","0.600064","5.64485","1.76626e-15","3.09477","3.06846","3.06972","7.2039","0","0","0","0","0","0","0","0"
"7.78095","0.500044","0.541402","0.0370553","0.538523","0.600672","5.62194","1.76521e-15","3.09106","3.07529","3.09001","7.18325","0","0","0","0","0","0","0","0"
"7.78652","0.500044","0.541402","0.037052","0.538082","0.600397","5.65162","1.76286e-15","3.09185","3.07113","3.05907","7.16967","0","0","0","0","0","0","0","0"
"7.78975","0.500044","0.541678","0.0370499","0.538141","0.600451","5.63773","1.7639e-15","3.09002","3.06653","3.06712","7.19517","0","0","0","0","0","0","0","0"
"7.79323","0.500044","0.541678","0.0370474","0.538236","0.600621","5.65302","1.76581e-15","3.08802","3.06188","3.05314","7.20368","0","0","0","0","0","0","0","0"
"7.79663","0.500044","0.541678","0.037045","0.539241","0.600887","5.63192","1.76856e-15","3.09679","3.0579","3.066","7.21382","0","0","0","0","0","0","0","0"
"7.80012","0.500044","0.541678","0.0370431","0.539399","0.601128","5.6202","1.76983e-15","3.09359","3.05528","3.06988","7.19139","0","0","0","0","0","0","0","0"
"7.8034","0.500044","0.541669","0.0370414","0.539164","0.600845","5.60157","1.7707e-15","3.09442","3.05727","3.08029","7.18275","0","0","0","0","0","0","0","0"
"7.80678","0.500044","0.541669","0.0370399","0.538861","0.600587","5.60619","1.76961e-15","3.09451","3.05849","3.06439","7.16498","0","0","0","0","0","0","0","0"
"7.81017","0.500044","0.541669","0.0370382","0.540067","0.601455","5.6036","1.76818e-15","3.09036","3.055","3.05326","7.14092","0","0","0","0","0","0","0","0"
"7.81355","0.500044","0.541669","0.0370368","0.540468","0.601888","5.59049","1.76629e-15","3.09195","3.05696","3.06018","7.12349","0","0","0","0","0","0","0","0"
"7.81705","0.500044","0.541669","0.0370375","0.540962","0.602548","5.61286","1.76501e-15","3.09591","3.06224","3.03091","7.10132","0","0","0","0","0","0","0","0"
"7.82032","0.500044","0.541695","0.0370411","0.541313","0.602657","5.60335","1.76472e-15","3.09345","3.06205","3.03391","7.10035","0","0","0","0","0","0","0","0"
"7.82372","0.500044","0.541695","0.0370452","0.540712","0.602624","5.63781","1.76552e-15","3.09521","3.06147","2.99541","7.08928","0","0","0","0","0","0","0","0"
"7.82705","0.500044","0.541695","0.0370487","0.540268","0.602226","5.66722","1.76733e-15","3.09428","3.05947","2.96833","7.07041","0","0","0","0","0","0","0","0"
"7.83042","0.500044","0.541695","0.0370523","0.540031","0.602303","5.69299","1.7669e-15","3.0902","3.05405","2.93552","7.06358","0","0","0","0","0","0","0","0"
"7.83387","0.500044","0.541695","0.037056","0.539619","0.602085","5.67073","1.76656e-15","3.08992","3.05618","2.95381","7.05045","0","0","0","0","0","0","0","0"
"7.83712","0.500044","0.541951","0.0370587","0.539453","0.601645","5.66385","1.76678e-15","3.09106","3.0604","2.95707","7.04744","0","0","0","0","0","0","0","0"
"7.84057","0.500044","0.541951","0.0370618","0.539148","0.601659","5.69946","1.76851e-15","3.09115","3.05918","2.92867","7.05954","0","0","0","0","0","0","0","0"
"7.84395","0.500044","0.541951","0.0370645","0.538797","0.601295","5.6851","1.76764e-15","3.08889","3.05889","2.93374","7.04878","0","0","0","0","0","0","0","0"
"7.84733","0.500044","0.541951","0.0370677","0.538587","0.600989","5.66408","1.76984e-15","3.09484","3.06485","2.94707","7.05025","0","0","0","0","0","0","0","0"
"7.8508","0.500044","0.541951","0.0370683","0.538808","0.601466","5.66232","1.76781e-15","3.09367","3.06191","2.94301","7.03048","0","0","0","0","0","0","0","0"
"7.85432","0.500044","0.542161","0.0370665","0.538687","0.601061","5.65173","1.76944e-15","3.08961","3.0605","2.94726","7.02699","0","0","0","0","0","0","0","0"
"7.8577","0.500044","0.542161","0.0370648","0.539411","0.601562","5.64034","1.76899e-15","3.08842","3.06005","2.94998","7.03291","0","0","0","0","0","0","0","0"
"7.86108","0.500044","0.542161","0.0370633","0.539137","0.601115","5.62703","1.76974e-15","3.0891","3.06262","2.95987","7.02632","0","0","0","0","0","0","0","0"
"7.86442","0.500044","0.542161","0.0370615","0.53911","0.601314","5.69995","1.76833e-15","3.0896","3.06874","2.96821","7.02599","0","0","0","0","0","0","0","0"
"7.86993","0.500044","0.542161","0.0370621","0.539279","0.601633","5.69293","1.76718e-15","3.08564","3.06689","2.95895","7.01419","0","0","0","0","0","0","0","0"
"7.87318","0.500044","0.541976","0.0370631","0.539396","0.601781","5.70114","1.76932e-15","3.07914","3.05945","2.95537","7.02097","0","0","0","0","0","0","0","0"
"7.87665","0.500044","0.541976","0.037064","0.539333","0.601866","5.6809","1.77062e-15","3.0752","3.05259","2.97205","7.03283","0","0","0","0","0","0","0","0"
"7.88232","0.500044","0.541976","0.037065","0.538901","0.601598","5.67611","1.77288e-15","3.07594","3.05267","2.97069","7.03256","0","0","0","0","0","0","0","0"
"7.88382","0.500044","0.541976","0.0370654","0.539258","0.601779","5.69441","1.77462e-15","3.07006","3.04834","2.96039","7.02198","0","0","0","0","0","0","0","0"
"7.88692","0.500044","0.541921","0.0370647","0.540423","0.603096","5.70624","1.77647e-15","3.07473","3.05151","2.96287","7.04885","0","0","0","0","0","0","0","0"
"7.8919","0.500044","0.541921","0.0370641","0.540807","0.603253","5.6919","1.77571e-15","3.07457","3.063","2.97398","7.03605","0","0","0","0","0","0","0","0"
"7.89372","0.500044","0.541921","0.0370634","0.54022","0.60267","5.67084","1.77384e-15","3.0762","3.06342","2.98907","7.00904","0","0","0","0","0","0","0","0"
"7.89708","0.500044","0.541921","0.0370628","0.539664","0.602222","5.69064","1.77206e-15","3.07379","3.06488","2.97836","6.99158","0","0","0","0","0","0","0","0"
"7.90058","0.500044","0.541921","0.0370611","0.540029","0.60206","5.68326","1.77012e-15","3.07244","3.06121","2.97783","6.97575","0","0","0","0","0","0","0","0"
"7.90385","0.500044","0.54201","0.0370586","0.539253","0.601571","5.70349","1.76967e-15","3.0739","3.06498","2.95177","6.97238","0","0","0","0","0","0","0","0"
"7.90723","0.500044","0.54201","0.0370557","0.53894","0.601381","5.68063","1.77146e-15","3.07558","3.06583","2.9669","7.03065","0","0","0","0","0","0","0","0"
"7.91063","0.500044","0.54201","0.0370532","0.538673","0.601053","5.68178","1.77308e-15","3.07727","3.06234","2.95616","7.04983","0","0","0","0","0","0","0","0"
"7.91402","0.500044","0.54201","0.0370503","0.538177","0.60051","5.65736","1.77667e-15","3.07665","3.06056","2.97657","7.0784","0","0","0","0","0","0","0","0"
"7.91767","0.500044","0.54201","0.0370478","0.539293","0.601847","5.65495","1.77803e-15","3.07548","3.05993","2.9681","7.06221","0","0","0","0","0","0","0","0"
"7.92078","0.500044","0.54218","0.0370447","0.538962","0.601359","5.64534","1.77746e-15","3.07184","3.05663","2.97154","7.04853","0","0","0","0","0","0","0","0"
"7.92435","0.500044","0.54218","0.0370421","0.538654","0.601184","5.65149","1.77931e-15","3.07239","3.05141","2.95998","7.07939","0","0","0","0","0","0","0","0"
"7.92755","0.500044","0.54218","0.0370391","0.538166","0.600811","5.66717","1.77908e-15","3.07204","3.04874","2.96813","7.07479","0","0","0","0","0","0","0","0"
"7.93108","0.500044","0.54218","0.0370365","0.537858","0.600632","5.68813","1.78018e-15","3.07098","3.04468","2.94196","7.08024","0","0","0","0","0","0","0","0"
"7.93442","0.500044","0.54218","0.0370318","0.537463","0.600365","5.69132","1.77901e-15","3.07025","3.04495","2.92324","7.0723","0","0","0","0","0","0","0","0"
"7.93775","0.500044","0.542047","0.0370268","0.536898","0.599667","5.68239","1.77846e-15","3.06952","3.04445","2.92391","7.06487","0","0","0","0","0","0","0","0"
"7.9411","0.500044","0.542047","0.0370209","0.536712","0.599377","5.68337","1.78007e-15","3.06577","3.04288","2.91772","7.08752","0","0","0","0","0","0","0","0"
"7.94448","0.500044","0.542047","0.0370159","0.537223","0.599786","5.67989","1.78018e-15","3.06475","3.05261","2.91918","7.09792","0","0","0","0","0","0","0","0"
"7.94787","0.500044","0.542047","0.03701","0.538316","0.600677","5.67466","1.78176e-15","3.08109","3.05703","2.92404","7.09837","0","0","0","0","0","0","0","0"
"7.95318","0.500044","0.542047","0.0370038","0.53849","0.601704","5.68875","1.78148e-15","3.08294","3.05506","2.90944","7.07197","0","0","0","0","0","0","0","0"
"7.95647","0.500044","0.541908","0.0370004","0.539241","0.602305","5.69741","1.78137e-15","3.08504","3.05801","2.90109","7.03872","0","0","0","0","0","0","0","0"
"7.95985","0.500044","0.541908","0.0369965","0.540072","0.602374","5.71781","1.78025e-15","3.08247","3.05392","2.88505","7.00713","0","0","0","0","0","0","0","0"
"7.96323","0.500044","0.541908","0.0369931","0.540424","0.602791","5.77529","1.77959e-15","3.08199","3.05131","2.85739","6.99466","0","0","0","0","0","0","0","0"
"7.96672","0.500044","0.541908","0.0369907","0.540272","0.602391","5.81239","1.78108e-15","3.08277","3.04864","2.8417","7.01043","0","0","0","0","0","0","0","0"
"7.97","0.500044","0.541788","0.0369917","0.540873","0.603215","5.79382","1.7836e-15","3.07795","3.04734","2.85379","7.03459","0","0","0","0","0","0","0","0"
"7.97338","0.500044","0.541788","0.036993","0.541364","0.603829","5.79191","1.78603e-15","3.07022","3.04367","2.85393","7.06461","0","0","0","0","0","0","0","0"
"7.97677","0.500044","0.541788","0.036994","0.540993","0.603302","5.77696","1.78471e-15","3.06831","3.04366","2.86168","7.04884","0","0","0","0","0","0","0","0"
"7.98015","0.500044","0.541788","0.0369952","0.5407","0.60285","5.76244","1.78284e-15","3.066","3.04317","2.86612","7.03498","0","0","0","0","0","0","0","0"
"7.9838","0.500044","0.541788","0.0369955","0.54112","0.602956","5.754","1.78141e-15","3.06595","3.03963","2.86725","7.02638","0","0","0","0","0","0","0","0"
"7.98708","0.500044","0.542118","0.0369938","0.540608","0.602458","5.75335","1.78289e-15","3.06251","3.03827","2.86727","7.04086","0","0","0","0","0","0","0","0"
"7.99032","0.500044","0.542118","0.0369925","0.540031","0.601846","5.77447","1.78288e-15","3.06219","3.03767","2.8811","7.04314","0","0","0","0","0","0","0","0"
"7.9937","0.500044","0.542118","0.0369909","0.540205","0.602384","5.80168","1.78289e-15","3.06026","3.03621","2.84291","7.0359","0","0","0","0","0","0","0","0"
"7.99732","0.500044","0.542118","0.0369895","0.541087","0.602561","5.88372","1.78368e-15","3.06501","3.03712","2.84619","7.04368","0","0","0","0","0","0","0","0"
"8.00168","0.500044","0.542118","0.036986","0.541253","0.602474","5.94314","1.78182e-15","3.06534","3.04308","2.83747","7.02293","0","0","0","0","0","0","0","0"
"8.00385","0.500044","0.542341","0.0369809","0.541333","0.602248","5.92655","1.78271e-15","3.06386","3.04132","2.84458","7.0069","0","0","0","0","0","0","0","0"
"8.00723","0.500044","0.542341","0.0369749","0.541357","0.602199","5.90683","1.78265e-15","3.06334","3.03291","2.85281","7.00274","0","0","0","0","0","0","0","0"
"8.01063","0.500044","0.542341","0.0369698","0.54106","0.602244","5.89166","1.78212e-15","3.06708","3.03383","2.85909","6.9983","0","0","0","0","0","0","0","0"
"8.014","0.500044","0.542341","0.0369638","0.541553","0.602983","5.89442","1.78265e-15","3.06486","3.02924","2.8443","7.00213","0","0","0","0","0","0","0","0"
"8.01753","0.500044","0.542341","0.0369583","0.540832","0.602111","5.88257","1.78209e-15","3.06713","3.03007","2.84432","6.99488","0","0","0","0","0","0","0","0"
"8.02078","0.500044","0.542295","0.0369515","0.540134","0.601565","5.85826","1.78171e-15","3.07431","3.03192","2.86051","6.98866","0","0","0","0","0","0","0","0"
"8.02417","0.500044","0.542295","0.0369456","0.539773","0.601125","5.85194","1.78285e-15","3.07826","3.02851","2.85706","6.9991","0","0","0","0","0","0","0","0"
"8.02755","0.500044","0.542295","0.0369387","0.539826","0.601323","5.83153","1.78339e-15","3.07946","3.04999","2.86899","7.00561","0","0","0","0","0","0","0","0"
"8.03135","0.500044","0.542295","0.0369328","0.540038","0.601729","5.80849","1.78259e-15","3.07626","3.05427","2.88676","7.00543","0","0","0","0","0","0","0","0"
"8.03652","0.500044","0.542295","0.0369234","0.539445","0.601134","5.76754","1.78189e-15","3.07549","3.05021","2.91733","7.00636","0","0","0","0","0","0","0","0"
"8.0398","0.500044","0.542347","0.0369186","0.539703","0.601475","5.75858","1.78248e-15","3.07274","3.04652","2.91944","7.00453","0","0","0","0","0","0","0","0"
"8.04317","0.500044","0.542347","0.0369129","0.540172","0.601801","5.77097","1.78406e-15","3.07383","3.04825","2.89258","7.01231","0","0","0","0","0","0","0","0"
"8.04657","0.500044","0.542347","0.0369081","0.540195","0.601409","5.76107","1.78307e-15","3.08058","3.0513","2.89455","7.01466","0","0","0","0","0","0","0","0"
"8.05007","0.500044","0.542347","0.0369035","0.540117","0.601684","5.76258","1.78367e-15","3.08326","3.05574","2.87586","7.01283","0","0","0","0","0","0","0","0"
"8.05385","0.500044","0.542208","0.0369018","0.5407","0.602045","5.75607","1.78403e-15","3.07792","3.05786","2.8761","7.02931","0","0","0","0","0","0","0","0"
"8.05672","0.500044","0.542208","0.0368999","0.540701","0.602183","5.74451","1.78344e-15","3.06911","3.06001","2.87725","7.03733","0","0","0","0","0","0","0","0"
"8.0601","0.500044","0.542208","0.0368983","0.540727","0.60167","5.73331","1.78387e-15","3.06505","3.05753","2.87894","7.05131","0","0","0","0","0","0","0","0"
"8.06348","0.500044","0.542208","0.0368964","0.540945","0.60205","5.74484","1.78428e-15","3.06719","3.05519","2.86217","7.07603","0","0","0","0","0","0","0","0"
"8.067","0.500044","0.542208","0.036896","0.541283","0.6021","5.72669","1.78238e-15","3.0626","3.05397","2.87443","7.0593","0","0","0","0","0","0","0","0"
"8.07103","0.500044","0.542201","0.0368987","0.541827","0.602719","5.71204","1.78221e-15","3.05966","3.04969","2.87524","7.05776","0","0","0","0","0","0","0","0"
"8.07363","0.500044","0.542201","0.036901","0.541121","0.601824","5.71312","1.78152e-15","3.06408","3.05061","2.87591","7.05598","0","0","0","0","0","0","0","0"
"8.07703","0.500044","0.542201","0.0369036","0.540978","0.602373","5.69102","1.78038e-15","3.0602","3.04233","2.89018","7.05265","0","0","0","0","0","0","0","0"
"8.08042","0.500044","0.542201","0.0369059","0.540931","0.60215","5.69948","1.78194e-15","3.05476","3.03786","2.8827","7.06179","0","0","0","0","0","0","0","0"
"8.08398","0.500044","0.542201","0.0369084","0.541028","0.602205","5.69879","1.78023e-15","3.0488","3.03725","2.86987","7.04943","0","0","0","0","0","0","0","0"
"8.08903","0.500044","0.542359","0.0369105","0.540915","0.602286","5.73572","1.78169e-15","3.045","3.03587","2.86463","7.05766","0","0","0","0","0","0","0","0"
"8.09057","0.500044","0.542359","0.0369129","0.541766","0.602934","5.80594","1.78112e-15","3.04364","3.03174","2.85574","7.07274","0","0","0","0","0","0","0","0"
"8.09395","0.500044","0.542359","0.0369149","0.54232","0.603028","5.79784","1.77999e-15","3.04817","3.02755","2.85795","7.0691","0","0","0","0","0","0","0","0"
"8.09733","0.500044","0.542359","0.0369174","0.542125","0.60294","5.7785","1.78098e-15","3.04711","3.02252","2.86903","7.09533","0","0","0","0","0","0","0","0"
"8.10085","0.500044","0.542359","0.0369204","0.542541","0.603014","5.75644","1.7793e-15","3.04265","3.01843","2.88851","7.0913","0","0","0","0","0","0","0","0"
"8.10412","0.500044","0.542482","0.0369251","0.543006","0.602855","5.74925","1.77955e-15","3.04965","3.0185","2.89026","7.10006","0","0","0","0","0","0","0","0"
"8.10748","0.500044","0.542482","0.0369291","0.543882","0.603451","5.74689","1.77872e-15","3.06505","3.027","2.88499","7.0955","0","0","0","0","0","0","0","0"
"8.11088","0.500044","0.542482","0.0369338","0.54333","0.60299","5.72807","1.77912e-15","3.06731","3.02937","2.89738","7.10141","0","0","0","0","0","0","0","0"
"8.11427","0.500044","0.542482","0.0369378","0.543137","0.602881","5.70736","1.77947e-15","3.06815","3.03069","2.91216","7.10161","0","0","0","0","0","0","0","0"
"8.11983","0.500044","0.542482","0.0369449","0.543146","0.603066","5.70038","1.77939e-15","3.06462","3.02579","2.90283","7.10848","0","0","0","0","0","0","0","0"
"8.12313","0.500044","0.542652","0.0369488","0.543203","0.602839","5.68133","1.78021e-15","3.06105","3.01957","2.91594","7.12075","0","0","0","0","0","0","0","0"
"8.1265","0.500044","0.542652","0.0369532","0.542955","0.60204","5.69602","1.78031e-15","3.05838","3.01838","2.90062","7.12669","0","0","0","0","0","0","0","0"
"8.12988","0.500044","0.542652","0.0369571","0.542771","0.602062","5.6741","1.77988e-15","3.05635","3.01374","2.91759","7.1316","0","0","0","0","0","0","0","0"
"8.13332","0.500044","0.542652","0.0369608","0.543148","0.602164","5.65312","1.78094e-15","3.05417","3.01723","2.93215","7.12713","0","0","0","0","0","0","0","0"
"8.13662","0.500044","0.542836","0.0369623","0.54267","0.602124","5.63193","1.77896e-15","3.05582","3.01942","2.94795","7.11383","0","0","0","0","0","0","0","0"
"8.13998","0.500044","0.542836","0.0369641","0.543335","0.602352","5.6242","1.77967e-15","3.06192","3.01883","2.95236","7.12378","0","0","0","0","0","0","0","0"
"8.14338","0.500044","0.542836","0.0369656","0.542968","0.602135","5.61453","1.77889e-15","3.05992","3.01775","2.95438","7.10756","0","0","0","0","0","0","0","0"
"8.14687","0.500044","0.542836","0.0369673","0.542519","0.601952","5.62054","1.78084e-15","3.06137","3.0184","2.9348","7.13424","0","0","0","0","0","0","0","0"
"8.15037","0.500044","0.542836","0.0369683","0.542113","0.601708","5.60027","1.77902e-15","3.05929","3.01591","2.94926","7.11464","0","0","0","0","0","0","0","0"
"8.15363","0.500044","0.542834","0.036968","0.54215","0.601963","5.57848","1.77947e-15","3.0575","3.01818","2.9657","7.11497","0","0","0","0","0","0","0","0"
"8.15703","0.500044","0.542834","0.0369678","0.542355","0.602087","5.5641","1.77843e-15","3.05823","3.01721","2.97598","7.12017","0","0","0","0","0","0","0","0"
"8.1604","0.500044","0.542834","0.0369675","0.54209","0.60129","5.55239","1.77852e-15","3.05482","3.02052","2.97762","7.142","0","0","0","0","0","0","0","0"
"8.16382","0.500044","0.542834","0.0369673","0.542606","0.601809","5.53885","1.77735e-15","3.0634","3.01847","2.98221","7.1397","0","0","0","0","0","0","0","0"
"8.16732","0.500044","0.542834","0.0369674","0.542634","0.60141","5.53624","1.77816e-15","3.05994","3.01849","2.97443","7.13273","0","0","0","0","0","0","0","0"
"8.17058","0.500044","0.542785","0.036968","0.542346","0.601667","5.52217","1.77659e-15","3.06043","3.01966","2.9895","7.12128","0","0","0","0","0","0","0","0"
"8.17397","0.500044","0.542785","0.0369685","0.541607","0.601003","5.52467","1.77781e-15","3.05953","3.01769","2.97367","7.12898","0","0","0","0","0","0","0","0"
"8.17737","0.500044","0.542785","0.0369691","0.541138","0.60084","5.50927","1.77592e-15","3.05959","3.01825","2.97913","7.10169","0","0","0","0","0","0","0","0"
"8.18073","0.500044","0.542785","0.0369696","0.540581","0.600497","5.50172","1.77633e-15","3.05754","3.01445","2.97934","7.10271","0","0","0","0","0","0","0","0"
"8.18422","0.500044","0.542785","0.0369718","0.540323","0.600172","5.48029","1.77474e-15","3.05591","3.01559","2.99556","7.08791","0","0","0","0","0","0","0","0"
"8.1875","0.500044","0.542733","0.0369748","0.539947","0.599845","5.46311","1.77595e-15","3.0558","3.0189","3.0067","7.09346","0","0","0","0","0","0","0","0"
"8.1909","0.500044","0.542733","0.0369783","0.539922","0.599947","5.45568","1.77453e-15","3.05693","3.01485","3.02915","7.09208","0","0","0","0","0","0","0","0"
"8.19428","0.500044","0.542733","0.0369812","0.539368","0.599529","5.49307","1.77419e-15","3.05942","3.01396","3.05985","7.07274","0","0","0","0","0","0","0","0"
"8.19762","0.500044","0.542733","0.0369842","0.539607","0.599294","5.57936","1.77334e-15","3.05427","3.01648","3.03467","7.0578","0","0","0","0","0","0","0","0"
"8.2032","0.500044","0.542733","0.0369897","0.539466","0.598889","5.57668","1.77193e-15","3.05054","3.01682","3.03708","7.01949","0","0","0","0","0","0","0","0"
"8.20648","0.500044","0.542588","0.0369927","0.539874","0.599267","5.55852","1.77128e-15","3.04593","3.02075","3.04852","7.01703","0","0","0","0","0","0","0","0"
"8.20987","0.500044","0.542588","0.0369963","0.539393","0.598989","5.60686","1.77044e-15","3.04967","3.02273","3.05566","7.01381","0","0","0","0","0","0","0","0"
"8.21325","0.500044","0.542588","0.0369993","0.539482","0.599336","5.62718","1.77036e-15","3.04688","3.02072","3.02276","7.02261","0","0","0","0","0","0","0","0"
"8.21673","0.500044","0.542588","0.0370022","0.53929","0.599394","5.77276","1.76964e-15","3.05151","3.01752","3.05313","7.02617","0","0","0","0","0","0","0","0"
"8.22003","0.500044","0.542269","0.0370035","0.53869","0.599032","5.7666","1.7713e-15","3.05281","3.02012","3.04719","7.04481","0","0","0","0","0","0","0","0"
"8.22342","0.500044","0.542269","0.0370049","0.538869","0.599416","5.75211","1.77328e-15","3.05434","3.02486","3.05457","7.09054","0","0","0","0","0","0","0","0"
"8.22683","0.500044","0.542269","0.0370062","0.53884","0.599259","5.78085","1.77536e-15","3.04958","3.02083","3.04536","7.09829","0","0","0","0","0","0","0","0"
"8.23018","0.500044","0.542269","0.0370077","0.539011","0.600091","5.75651","1.77532e-15","3.04598","3.02647","3.06175","7.10484","0","0","0","0","0","0","0","0"
"8.2337","0.500044","0.542269","0.0370099","0.538172","0.599052","5.7391","1.7763e-15","3.05023","3.02982","3.07117","7.10562","0","0","0","0","0","0","0","0"
"8.23697","0.500044","0.542096","0.0370146","0.538815","0.59951","5.77257","1.7762e-15","3.06604","3.05046","3.03397","7.11789","0","0","0","0","0","0","0","0"
"8.24037","0.500044","0.542096","0.0370186","0.538483","0.599144","5.76972","1.77692e-15","3.06332","3.04828","3.02422","7.13205","0","0","0","0","0","0","0","0"
"8.24373","0.500044","0.542096","0.0370233","0.538728","0.599224","5.7691","1.77731e-15","3.06327","3.0414","3.01071","7.13851","0","0","0","0","0","0","0","0"
"8.24713","0.500044","0.542096","0.0370273","0.538015","0.598794","5.75951","1.77691e-15","3.06358","3.04139","3.00926","7.1333","0","0","0","0","0","0","0","0"
"8.2506","0.500044","0.542096","0.0370341","0.538004","0.5987","5.73948","1.77518e-15","3.06538","3.03646","3.01935","7.12436","0","0","0","0","0","0","0","0"
"8.25392","0.500044","0.542029","0.0370423","0.53884","0.599235","5.82964","1.77517e-15","3.07","3.04052","3.0908","7.11795","0","0","0","0","0","0","0","0"
"8.25727","0.500044","0.542029","0.0370518","0.5391","0.599732","5.85468","1.77532e-15","3.0778","3.04523","3.07573","7.14064","0","0","0","0","0","0","0","0"
"8.26065","0.500044","0.542029","0.03706","0.539911","0.600416","5.88911","1.77482e-15","3.07965","3.04097","3.0581","7.13794","0","0","0","0","0","0","0","0"
"8.26403","0.500044","0.542029","0.0370696","0.540134","0.600378","5.88938","1.77585e-15","3.07542","3.0435","3.04718","7.14936","0","0","0","0","0","0","0","0"
"8.26753","0.500044","0.542029","0.0370784","0.541167","0.600847","5.89029","1.77428e-15","3.07754","3.04677","3.03871","7.1262","0","0","0","0","0","0","0","0"
"8.2708","0.500044","0.541953","0.0370894","0.541297","0.601265","5.87752","1.77488e-15","3.06996","3.04159","3.04994","7.12079","0","0","0","0","0","0","0","0"
"8.2742","0.500044","0.541953","0.0370988","0.541639","0.601952","5.85801","1.77396e-15","3.06705","3.0404","3.06083","7.14431","0","0","0","0","0","0","0","0"
"8.27757","0.500044","0.541953","0.0371098","0.541761","0.6021","5.84036","1.7741e-15","3.06417","3.03848","3.06812","7.14938","0","0","0","0","0","0","0","0"
"8.28097","0.500044","0.541953","0.0371192","0.54229","0.602637","5.81743","1.7747e-15","3.06166","3.04484","3.08631","7.16279","0","0","0","0","0","0","0","0"
"8.28653","0.500044","0.541953","0.0371284","0.543585","0.603768","5.78308","1.77431e-15","3.06795","3.03308","3.1097","7.14685","0","0","0","0","0","0","0","0"
"8.28982","0.500044","0.542148","0.0371318","0.542869","0.602793","5.77122","1.77519e-15","3.06862","3.03518","3.11074","7.15103","0","0","0","0","0","0","0","0"
"8.2932","0.500044","0.542148","0.0371357","0.542846","0.602433","5.75403","1.7756e-15","3.06253","3.03452","3.11691","7.1714","0","0","0","0","0","0","0","0"
"8.29658","0.500044","0.542148","0.037139","0.543096","0.602665","5.73856","1.77517e-15","3.06037","3.0381","3.12537","7.16379","0","0","0","0","0","0","0","0"
"8.30007","0.500044","0.542148","0.0371425","0.542932","0.602104","5.73087","1.77666e-15","3.05754","3.03519","3.12729","7.15936","0","0","0","0","0","0","0","0"
"8.30337","0.500044","0.542654","0.0371445","0.542806","0.601869","5.71895","1.77512e-15","3.05505","3.03322","3.12937","7.15529","0","0","0","0","0","0","0","0"
"8.30675","0.500044","0.542654","0.0371468","0.542565","0.60186","5.69569","1.77571e-15","3.05331","3.03366","3.14873","7.15885","0","0","0","0","0","0","0","0"
"8.31013","0.500044","0.542654","0.0371488","0.542556","0.602205","5.73035","1.7753e-15","3.04849","3.0278","3.11971","7.16382","0","0","0","0","0","0","0","0"
"8.31352","0.500044","0.542654","0.0371512","0.542705","0.60197","5.77333","1.77627e-15","3.04533","3.02565","3.1515","7.16077","0","0","0","0","0","0","0","0"
"8.31705","0.500044","0.542654","0.0371516","0.542935","0.602624","5.78176","1.77441e-15","3.04238","3.02396","3.15931","7.1259","0","0","0","0","0","0","0","0"
"8.32033","0.500044","0.542946","0.0371498","0.54247","0.602054","5.78492","1.77286e-15","3.03911","3.02191","3.14523","7.11422","0","0","0","0","0","0","0","0"
"8.32372","0.500044","0.542946","0.0371478","0.542146","0.601537","5.86088","1.77261e-15","3.03636","3.0216","3.13293","7.1112","0","0","0","0","0","0","0","0"
"8.3271","0.500044","0.542946","0.037146","0.543016","0.602193","5.88357","1.77384e-15","3.04154","3.02862","3.09953","7.12973","0","0","0","0","0","0","0","0"
"8.33048","0.500044","0.542946","0.037144","0.542526","0.601552","5.92019","1.77628e-15","3.03808","3.02786","3.07029","7.12097","0","0","0","0","0","0","0","0"
"8.33397","0.500044","0.542946","0.0371426","0.542006","0.600987","5.91842","1.7762e-15","3.03765","3.02668","3.05682","7.1066","0","0","0","0","0","0","0","0"
"8.33725","0.500044","0.542862","0.0371415","0.54244","0.601874","5.89242","1.77761e-15","3.03606","3.02434","3.07512","7.10126","0","0","0","0","0","0","0","0"
"8.34063","0.500044","0.542862","0.0371406","0.542287","0.601755","5.87904","1.777e-15","3.03232","3.03047","3.0834","7.08781","0","0","0","0","0","0","0","0"
"8.34408","0.500044","0.542862","0.0371395","0.542471","0.601988","5.87137","1.77428e-15","3.03452","3.0325","3.08032","7.06815","0","0","0","0","0","0","0","0"
"8.34747","0.500044","0.542862","0.0371385","0.54274","0.601826","5.98746","1.7731e-15","3.03534","3.03352","3.09454","7.04583","0","0","0","0","0","0","0","0"
"8.35095","0.500044","0.542862","0.0371414","0.54187","0.601045","5.98895","1.77079e-15","3.03733","3.0372","3.08058","7.03441","0","0","0","0","0","0","0","0"
"8.35423","0.500044","0.542813","0.0371463","0.542741","0.602177","6.01815","1.77149e-15","3.04274","3.03409","3.05903","7.03662","0","0","0","0","0","0","0","0"
"8.35763","0.500044","0.542813","0.0371521","0.543392","0.602566","6.05331","1.77267e-15","3.03902","3.02959","3.0476","7.06062","0","0","0","0","0","0","0","0"
"8.36102","0.500044","0.542813","0.0371571","0.543197","0.602244","6.08427","1.77488e-15","3.04366","3.03023","3.06808","7.09791","0","0","0","0","0","0","0","0"
"8.3644","0.500044","0.542813","0.0371628","0.543124","0.602344","6.1019","1.77723e-15","3.04179","3.02808","3.05338","7.09878","0","0","0","0","0","0","0","0"
"8.3697","0.500044","0.542813","0.037171","0.544427","0.603336","6.08783","1.77679e-15","3.03588","3.02565","3.05111","7.07648","0","0","0","0","0","0","0","0"
"8.37298","0.500044","0.542797","0.0371759","0.544266","0.602856","6.06495","1.77588e-15","3.0372","3.03283","3.06779","7.05728","0","0","0","0","0","0","0","0"
"8.37638","0.500044","0.542797","0.0371815","0.544129","0.602101","6.06099","1.77449e-15","3.03706","3.03209","3.06077","7.0443","0","0","0","0","0","0","0","0"
"8.37977","0.500044","0.542797","0.0371864","0.544077","0.602026","6.10313","1.77422e-15","3.03851","3.03678","3.0151","7.05454","0","0","0","0","0","0","0","0"
"8.38325","0.500044","0.542797","0.0371903","0.544325","0.602385","6.09466","1.77454e-15","3.03255","3.03903","3.02206","7.06618","0","0","0","0","0","0","0","0"
"8.38653","0.500044","0.542982","0.03719","0.543539","0.601897","6.07341","1.77607e-15","3.03453","3.03877","3.03523","7.07379","0","0","0","0","0","0","0","0"
"8.38992","0.500044","0.542982","0.0371896","0.543625","0.601279","6.0693","1.77809e-15","3.03598","3.04043","3.02405","7.09386","0","0","0","0","0","0","0","0"
"8.3933","0.500044","0.542982","0.0371893","0.543281","0.601214","6.05105","1.7788e-15","3.03553","3.03782","3.03597","7.09147","0","0","0","0","0","0","0","0"
"8.39668","0.500044","0.542982","0.0371889","0.544161","0.602115","6.04118","1.77779e-15","3.03819","3.04012","3.03305","7.07226","0","0","0","0","0","0","0","0"
"8.40018","0.500044","0.542982","0.0371883","0.543535","0.60153","6.033","1.77955e-15","3.03613","3.03825","3.02782","7.09104","0","0","0","0","0","0","0","0"
"8.40347","0.500044","0.543141","0.0371873","0.543208","0.601372","6.04377","1.77965e-15","3.03404","3.03385","3.01759","7.08198","0","0","0","0","0","0","0","0"
"8.40685","0.500044","0.543141","0.0371864","0.54259","0.60069","6.05151","1.78111e-15","3.03529","3.03377","3.00625","7.08181","0","0","0","0","0","0","0","0"
"8.41023","0.500044","0.543141","0.0371854","0.54233","0.600144","6.03824","1.78137e-15","3.03419","3.03491","3.0053","7.08672","0","0","0","0","0","0","0","0"
"8.41362","0.500044","0.543141","0.0371845","0.542239","0.600115","6.05026","1.78023e-15","3.03091","3.03036","2.99167","7.0808","0","0","0","0","0","0","0","0"
"8.41712","0.500044","0.543141","0.0371846","0.542213","0.600364","6.02562","1.78016e-15","3.03249","3.03282","3.00745","7.09025","0","0","0","0","0","0","0","0"
"8.42038","0.500044","0.543081","0.0371858","0.541582","0.600027","6.0341","1.77941e-15","3.03049","3.0295","3.01861","7.07251","0","0","0","0","0","0","0","0"
"8.42377","0.500044","0.543081","0.0371872","0.541072","0.599931","6.10002","1.78135e-15","3.03227","3.01995","3.05995","7.06639","0","0","0","0","0","0","0","0"
"8.42717","0.500044","0.543081","0.0371884","0.540889","0.599743","6.14603","1.7839e-15","3.03077","3.02376","3.02825","7.07952","0","0","0","0","0","0","0","0"
"8.43055","0.500044","0.543081","0.0371898","0.541738","0.600321","6.28013","1.78524e-15","3.02329","3.01627","3.11944","7.07313","0","0","0","0","0","0","0","0"
"8.43403","0.500044","0.543081","0.0371928","0.541106","0.600075","6.26944","1.78353e-15","3.02141","3.01295","3.11787","7.05592","0","0","0","0","0","0","0","0"
"8.43732","0.500044","0.542854","0.0371986","0.541019","0.60003","6.25501","1.78127e-15","3.02043","3.02251","3.11678","7.04029","0","0","0","0","0","0","0","0"
"8.4407","0.500044","0.542854","0.0372035","0.541373","0.600247","6.26498","1.77867e-15","3.01992","3.02292","3.09308","7.0295","0","0","0","0","0","0","0","0"
"8.44408","0.500044","0.542854","0.0372092","0.540824","0.599339","6.25904","1.77677e-15","3.02826","3.0271","3.08658","7.01385","0","0","0","0","0","0","0","0"
"8.44747","0.500044","0.542854","0.0372141","0.54098","0.599635","6.27824","1.77639e-15","3.02508","3.03084","3.08555","6.99773","0","0","0","0","0","0","0","0"
"8.45322","0.500044","0.542854","0.0372194","0.540942","0.599721","6.29316","1.77527e-15","3.02476","3.02065","3.07056","7.01594","0","0","0","0","0","0","0","0"
"8.4567","0.500044","0.542641","0.0372219","0.543255","0.60163","6.28686","1.77819e-15","3.0621","3.06381","3.07089","7.02431","0","0","0","0","0","0","0","0"
"8.46003","0.500044","0.542641","0.037224","0.542773","0.60231","6.277","1.77845e-15","3.06319","3.07062","3.06913","7.02223","0","0","0","0","0","0","0","0"
"8.46362","0.500044","0.542641","0.0372265","0.542833","0.602747","6.25339","1.78044e-15","3.05948","3.06364","3.08092","7.03235","0","0","0","0","0","0","0","0"
"8.46707","0.500044","0.542641","0.0372282","0.542325","0.601823","6.22566","1.77855e-15","3.05958","3.06807","3.10008","7.0258","0","0","0","0","0","0","0","0"
"8.4704","0.500044","0.542575","0.037229","0.542076","0.601225","6.2062","1.77859e-15","3.0588","3.06816","3.1102","7.03136","0","0","0","0","0","0","0","0"
"8.47388","0.500044","0.542575","0.0372299","0.541723","0.601292","6.17548","1.78038e-15","3.06022","3.06625","3.13615","7.06498","0","0","0","0","0","0","0","0"
"8.47728","0.500044","0.542575","0.0372306","0.542186","0.602154","6.15382","1.77955e-15","3.07155","3.06508","3.15001","7.05556","0","0","0","0","0","0","0","0"
"8.48065","0.500044","0.542575","0.0372315","0.542324","0.601848","6.12725","1.78128e-15","3.06608","3.06029","3.16809","7.07031","0","0","0","0","0","0","0","0"
"8.48412","0.500044","0.542575","0.0372295","0.542266","0.602158","6.11962","1.77969e-15","3.06261","3.05899","3.16112","7.04545","0","0","0","0","0","0","0","0"
"8.48767","0.500044","0.542717","0.0372241","0.542179","0.601779","6.12268","1.78068e-15","3.06302","3.06051","3.14422","7.07142","0","0","0","0","0","0","0","0"
"8.49105","0.500044","0.542717","0.0372187","0.542545","0.602027","6.09742","1.77971e-15","3.06463","3.05658","3.16113","7.0626","0","0","0","0","0","0","0","0"
"8.49443","0.500044","0.542717","0.0372141","0.542349","0.601845","6.08129","1.78009e-15","3.06354","3.05531","3.16608","7.07446","0","0","0","0","0","0","0","0"
"8.49843","0.500044","0.542717","0.0372087","0.542451","0.601462","6.06558","1.77998e-15","3.08201","3.06605","3.16924","7.08749","0","0","0","0","0","0","0","0"
"8.50133","0.500044","0.542717","0.0372049","0.54235","0.601407","6.12628","1.77882e-15","3.08136","3.06393","3.19132","7.07426","0","0","0","0","0","0","0","0"
"8.50458","0.500044","0.542767","0.0372009","0.542075","0.601635","6.1649","1.77924e-15","3.07867","3.0611","3.17551","7.0616","0","0","0","0","0","0","0","0"
"8.50797","0.500044","0.542767","0.0371975","0.542148","0.601161","6.17235","1.78059e-15","3.07876","3.06188","3.16051","7.06043","0","0","0","0","0","0","0","0"
"8.51135","0.500044","0.542767","0.0371935","0.542289","0.601524","6.15588","1.78279e-15","3.07427","3.0611","3.16359","7.09879","0","0","0","0","0","0","0","0"
"8.51473","0.500044","0.542767","0.03719","0.541597","0.601165","6.19223","1.78493e-15","3.07338","3.06129","3.13306","7.11954","0","0","0","0","0","0","0","0"
"8.51822","0.500044","0.542767","0.0371855","0.542158","0.601223","6.18686","1.78541e-15","3.0697","3.0605","3.12758","7.10332","0","0","0","0","0","0","0","0"
"8.5215","0.500044","0.542763","0.0371815","0.542388","0.601538","6.16827","1.78447e-15","3.06574","3.06022","3.13646","7.08585","0","0","0","0","0","0","0","0"
"8.52488","0.500044","0.542763","0.0371768","0.542731","0.601784","6.1582","1.78243e-15","3.06452","3.05635","3.13304","7.06444","0","0","0","0","0","0","0","0"
"8.52827","0.500044","0.542763","0.0371727","0.542691","0.602093","6.25359","1.78136e-15","3.05979","3.05399","3.13182","7.05911","0","0","0","0","0","0","0","0"
"8.53165","0.500044","0.542763","0.037168","0.542713","0.601896","6.23831","1.78208e-15","3.05418","3.04836","3.13449","7.08028","0","0","0","0","0","0","0","0"
"8.53645","0.500044","0.542763","0.0371644","0.542222","0.601665","6.30268","1.78286e-15","3.06006","3.04546","3.12791","7.07781","0","0","0","0","0","0","0","0"
"8.53973","0.500044","0.542743","0.0371621","0.542385","0.601469","6.28604","1.78286e-15","3.064","3.04702","3.13409","7.07789","0","0","0","0","0","0","0","0"
"8.54312","0.500044","0.542743","0.0371595","0.542353","0.601438","6.30501","1.78369e-15","3.06363","3.0443","3.1107","7.08304","0","0","0","0","0","0","0","0"
"8.5465","0.500044","0.542743","0.0371573","0.542291","0.60123","6.30223","1.7831e-15","3.06654","3.04067","3.1039","7.08886","0","0","0","0","0","0","0","0"
"8.54998","0.500044","0.542743","0.0371563","0.542358","0.600973","6.27905","1.78325e-15","3.06516","3.03963","3.11462","7.08426","0","0","0","0","0","0","0","0"
"8.55327","0.500044","0.542823","0.0371589","0.541901","0.600788","6.29794","1.78334e-15","3.06648","3.04012","3.08019","7.1018","0","0","0","0","0","0","0","0"
"8.55665","0.500044","0.542823","0.0371619","0.541188","0.600283","6.28792","1.7834e-15","3.06715","3.03499","3.08188","7.11311","0","0","0","0","0","0","0","0"
"8.56003","0.500044","0.542823","0.0371644","0.54135","0.600282","6.29687","1.78296e-15","3.06476","3.0304","3.06612","7.11959","0","0","0","0","0","0","0","0"
"8.56342","0.500044","0.542823","0.0371674","0.542002","0.601329","6.34343","1.78302e-15","3.06797","3.03899","3.03777","7.11751","0","0","0","0","0","0","0","0"
"8.56693","0.500044","0.542823","0.0371686","0.54137","0.600345","6.34591","1.78239e-15","3.06655","3.0411","3.03206","7.11479","0","0","0","0","0","0","0","0"
"8.5702","0.500044","0.542777","0.0371667","0.541811","0.600878","6.33196","1.7802e-15","3.08029","3.03575","3.03138","7.0983","0","0","0","0","0","0","0","0"
"8.57358","0.500044","0.542777","0.0371652","0.541269","0.600475","6.30834","1.78064e-15","3.08083","3.03234","3.04574","7.11306","0","0","0","0","0","0","0","0"
"8.57697","0.500044","0.542777","0.0371633","0.54108","0.600438","6.31178","1.77909e-15","3.07965","3.03922","3.04247","7.10624","0","0","0","0","0","0","0","0"
"8.58035","0.500044","0.542777","0.0371617","0.54129","0.600901","6.29648","1.78012e-15","3.07752","3.03417","3.04629","7.12246","0","0","0","0","0","0","0","0"
"8.58383","0.500044","0.542777","0.0371575","0.541871","0.601179","6.27216","1.77857e-15","3.08116","3.03703","3.06214","7.10774","0","0","0","0","0","0","0","0"
"8.58712","0.500044","0.542591","0.0371512","0.541906","0.600741","6.27735","1.77992e-15","3.07796","3.03303","3.05676","7.10788","0","0","0","0","0","0","0","0"
"8.5905","0.500044","0.542591","0.0371439","0.541305","0.600199","6.25996","1.77926e-15","3.08017","3.0334","3.06161","7.10542","0","0","0","0","0","0","0","0"
"8.5939","0.500044","0.542591","0.0371376","0.540766","0.59993","6.25123","1.78026e-15","3.07991","3.0359","3.05859","7.11647","0","0","0","0","0","0","0","0"
"8.59728","0.500044","0.542591","0.0371302","0.540427","0.599707","6.23441","1.77921e-15","3.08165","3.03124","3.0614","7.11827","0","0","0","0","0","0","0","0"
"8.60078","0.500044","0.542591","0.0371248","0.540125","0.599798","6.25859","1.77766e-15","3.07934","3.02948","3.04069","7.1134","0","0","0","0","0","0","0","0"
"8.60405","0.500044","0.542583","0.0371196","0.540675","0.59981","6.24024","1.77807e-15","3.0719","3.02769","3.04929","7.12847","0","0","0","0","0","0","0","0"
"8.60743","0.500044","0.542583","0.0371151","0.540733","0.600125","6.22754","1.77799e-15","3.07229","3.02705","3.05145","7.13988","0","0","0","0","0","0","0","0"
"8.61082","0.500044","0.542583","0.0371099","0.540786","0.600396","6.20809","1.77866e-15","3.07387","3.02828","3.05986","7.14373","0","0","0","0","0","0","0","0"
"8.6142","0.500044","0.542583","0.0371054","0.540981","0.600884","6.21986","1.77862e-15","3.07263","3.03269","3.04115","7.16515","0","0","0","0","0","0","0","0"
"8.61977","0.500044","0.542583","0.0371005","0.540441","0.600463","6.25296","1.77746e-15","3.07023","3.03023","3.01801","7.17749","0","0","0","0","0","0","0","0"
"8.62307","0.500044","0.542514","0.0370985","0.539434","0.599533","6.26508","1.77828e-15","3.07265","3.03221","3.04733","7.18234","0","0","0","0","0","0","0","0"
"8.62643","0.500044","0.542514","0.0370962","0.539151","0.599","6.285","1.778e-15","3.07111","3.03307","3.04241","7.18236","0","0","0","0","0","0","0","0"
"8.62983","0.500044","0.542514","0.0370942","0.538546","0.598646","6.25971","1.77831e-15","3.07438","3.03149","3.06057","7.18182","0","0","0","0","0","0","0","0"
"8.63332","0.500044","0.542514","0.0370912","0.538967","0.59915","6.24222","1.77693e-15","3.0781","3.03077","3.06514","7.16763","0","0","0","0","0","0","0","0"
"8.6366","0.500044","0.542433","0.0370871","0.538853","0.59901","6.22194","1.77676e-15","3.07472","3.0287","3.0768","7.15151","0","0","0","0","0","0","0","0"
"8.63998","0.500044","0.542433","0.0370825","0.537919","0.597794","6.24908","1.77557e-15","3.07537","3.0309","3.05069","7.13792","0","0","0","0","0","0","0","0"
"8.64337","0.500044","0.542433","0.0370784","0.537756","0.597903","6.23244","1.77745e-15","3.07479","3.02764","3.05919","7.17562","0","0","0","0","0","0","0","0"
"8.64675","0.500044","0.542433","0.0370738","0.538284","0.598339","6.21862","1.77555e-15","3.08798","3.03229","3.05793","7.16709","0","0","0","0","0","0","0","0"
"8.65027","0.500044","0.542433","0.0370705","0.538244","0.598618","6.2201","1.77697e-15","3.08225","3.0287","3.04286","7.18436","0","0","0","0","0","0","0","0"
"8.65587","0.500044","0.542222","0.0370684","0.53776","0.598049","6.2962","1.77494e-15","3.08076","3.02811","3.0496","7.16157","0","0","0","0","0","0","0","0"
"8.65692","0.500044","0.542222","0.0370667","0.537973","0.598793","6.29654","1.77538e-15","3.07308","3.02313","3.03687","7.15076","0","0","0","0","0","0","0","0"
"8.6603","0.500044","0.542222","0.0370646","0.538116","0.597998","6.37658","1.77661e-15","3.07222","3.02543","3.05355","7.15333","0","0","0","0","0","0","0","0"
"8.66368","0.500044","0.542222","0.0370628","0.537662","0.597389","6.3647","1.77716e-15","3.06957","3.02771","3.05296","7.164","0","0","0","0","0","0","0","0"
"8.66717","0.500044","0.542222","0.0370619","0.538222","0.597623","6.50097","1.77663e-15","3.07353","3.03196","3.04591","7.16504","0","0","0","0","0","0","0","0"
"8.67045","0.500044","0.541941","0.0370623","0.538895","0.598524","6.49479","1.77813e-15","3.0732","3.02583","3.03697","7.1986","0","0","0","0","0","0","0","0"
"8.67383","0.500044","0.541941","0.0370628","0.53951","0.598871","6.54288","1.77932e-15","3.06795","3.01772","3.03536","7.21355","0","0","0","0","0","0","0","0"
"8.67723","0.500044","0.541941","0.0370632","0.539393","0.598717","6.52516","1.77913e-15","3.06912","3.01846","3.04148","7.2286","0","0","0","0","0","0","0","0"
"8.6806","0.500044","0.541941","0.0370637","0.539716","0.599285","6.56718","1.77899e-15","3.06717","3.01968","2.99316","7.25313","0","0","0","0","0","0","0","0"
"8.68412","0.500044","0.541941","0.0370626","0.539964","0.599506","6.61007","1.77787e-15","3.06094","3.02029","2.95163","7.25498","0","0","0","0","0","0","0","0"
"8.68738","0.500044","0.541849","0.0370595","0.539839","0.599269","6.69899","1.77859e-15","3.05773","3.0237","2.94753","7.25549","0","0","0","0","0","0","0","0"
"8.69078","0.500044","0.541849","0.0370569","0.539719","0.599673","6.69549","1.78004e-15","3.0567","3.02765","2.94124","7.25427","0","0","0","0","0","0","0","0"
"8.69415","0.500044","0.541849","0.0370539","0.539607","0.599683","6.66541","1.77895e-15","3.0517","3.02965","2.95945","7.2481","0","0","0","0","0","0","0","0"
"8.69763","0.500044","0.541849","0.0370512","0.539699","0.599514","6.64341","1.78088e-15","3.05049","3.03389","2.97287","7.24866","0","0","0","0","0","0","0","0"
"8.70207","0.500044","0.541849","0.0370496","0.539723","0.600039","6.64237","1.78012e-15","3.04651","3.02768","2.96374","7.24983","0","0","0","0","0","0","0","0"
"8.70535","0.500044","0.541929","0.0370492","0.539796","0.59995","6.614","1.78066e-15","3.0469","3.0295","2.98327","7.25564","0","0","0","0","0","0","0","0"
"8.70873","0.500044","0.541929","0.0370487","0.540144","0.599963","6.58087","1.78059e-15","3.04973","3.0282","3.00744","7.24997","0","0","0","0","0","0","0","0"
"8.71212","0.500044","0.541929","0.0370484","0.539611","0.599759","6.55967","1.78122e-15","3.05276","3.02799","3.0173","7.25164","0","0","0","0","0","0","0","0"
"8.71652","0.500044","0.541929","0.037048","0.539623","0.599483","6.57305","1.77975e-15","3.05311","3.02445","2.99094","7.24712","0","0","0","0","0","0","0","0"
"8.71967","0.500044","0.5421","0.0370481","0.538935","0.598643","6.56283","1.77866e-15","3.05201","3.0265","2.98854","7.2355","0","0","0","0","0","0","0","0"
"8.72305","0.500044","0.5421","0.0370481","0.539189","0.599105","6.54527","1.77887e-15","3.04719","3.02357","2.99474","7.2562","0","0","0","0","0","0","0","0"
"8.72643","0.500044","0.5421","0.0370483","0.53933","0.598985","6.52966","1.77823e-15","3.0549","3.02031","2.99645","7.26933","0","0","0","0","0","0","0","0"
"8.72982","0.500044","0.5421","0.0370483","0.53863","0.598237","6.5085","1.77711e-15","3.05733","3.02164","3.00681","7.29391","0","0","0","0","0","0","0","0"
"8.73332","0.500044","0.5421","0.037047","0.539154","0.598516","6.53755","1.77692e-15","3.06657","3.01896","2.96801","7.28827","0","0","0","0","0","0","0","0"
"8.7366","0.500044","0.54214","0.0370429","0.539027","0.597852","6.52358","1.77694e-15","3.06488","3.01934","2.97076","7.29704","0","0","0","0","0","0","0","0"
"8.73998","0.500044","0.54214","0.0370381","0.538697","0.597685","6.5118","1.77712e-15","3.0624","3.01941","2.96671","7.29557","0","0","0","0","0","0","0","0"
"8.74337","0.500044","0.54214","0.037034","0.538716","0.59777","6.51221","1.77641e-15","3.06003","3.01604","2.95263","7.30284","0","0","0","0","0","0","0","0"
"8.74675","0.500044","0.54214","0.0370292","0.539039","0.598269","6.49724","1.77721e-15","3.05619","3.0124","2.96186","7.30212","0","0","0","0","0","0","0","0"
"8.75027","0.500044","0.54214","0.0370257","0.539452","0.598236","6.47554","1.77478e-15","3.05114","3.01286","2.97326","7.29051","0","0","0","0","0","0","0","0"
"8.75523","0.500044","0.541927","0.0370228","0.539847","0.598124","6.47106","1.77488e-15","3.05605","3.00934","2.96687","7.28258","0","0","0","0","0","0","0","0"
"8.7569","0.500044","0.541927","0.0370204","0.5398","0.598139","6.47975","1.77373e-15","3.05261","3.00923","2.94984","7.27349","0","0","0","0","0","0","0","0"
"8.7603","0.500044","0.541927","0.0370175","0.539466","0.598417","6.52383","1.77428e-15","3.05184","3.01016","2.93088","7.27618","0","0","0","0","0","0","0","0"
"8.76368","0.500044","0.541927","0.0370151","0.540009","0.598956","6.50129","1.77385e-15","3.05755","3.00556","2.94358","7.27198","0","0","0","0","0","0","0","0"
"8.76717","0.500044","0.541927","0.0370121","0.53959","0.598672","6.52945","1.77509e-15","3.05208","3.00644","2.92067","7.27386","0","0","0","0","0","0","0","0"
"8.77058","0.500044","0.541813","0.0370094","0.53903","0.598063","6.51819","1.77365e-15","3.04967","3.00586","2.91968","7.26005","0","0","0","0","0","0","0","0"
"8.77383","0.500044","0.541813","0.0370062","0.539588","0.598798","6.54725","1.77583e-15","3.04347","3.0052","2.90799","7.2726","0","0","0","0","0","0","0","0"
"8.77722","0.500044","0.541813","0.0370035","0.540166","0.599914","6.54565","1.77973e-15","3.04456","3.00184","2.90707","7.28261","0","0","0","0","0","0","0","0"
"8.7806","0.500044","0.541813","0.0370003","0.540654","0.600366","6.54062","1.78131e-15","3.05079","3.00622","2.89896","7.27318","0","0","0","0","0","0","0","0"
"8.78643","0.500044","0.541813","0.0369992","0.541165","0.60057","6.53808","1.78277e-15","3.04473","2.99759","2.89108","7.2604","0","0","0","0","0","0","0","0"
"8.79153","0.500044","0.541898","0.0369994","0.541051","0.600164","6.51606","1.78337e-15","3.04146","2.99557","2.90256","7.25004","0","0","0","0","0","0","0","0"
"8.7931","0.500044","0.541898","0.0369997","0.540509","0.600143","6.61916","1.78369e-15","3.04136","2.99512","2.87286","7.24112","0","0","0","0","0","0","0","0"
"8.79648","0.500044","0.541898","0.0369999","0.54115","0.601233","6.67332","1.78342e-15","3.04268","3.00024","2.8738","7.23493","0","0","0","0","0","0","0","0"
"8.79997","0.500044","0.541898","0.037001","0.541092","0.600715","6.6492","1.7836e-15","3.04263","3.0051","2.88506","7.22","0","0","0","0","0","0","0","0"
"8.80325","0.500044","0.542065","0.0370038","0.540575","0.600337","6.63404","1.78417e-15","3.04338","3.00532","2.88749","7.20735","0","0","0","0","0","0","0","0"
"8.8067","0.500044","0.542065","0.037007","0.540805","0.60036","6.67421","1.7848e-15","3.03886","3.00178","2.88642","7.20393","0","0","0","0","0","0","0","0"
"8.8101","0.500044","0.542065","0.0370098","0.540254","0.60006","6.65042","1.78558e-15","3.03977","2.9997","2.8991","7.20078","0","0","0","0","0","0","0","0"
"8.81348","0.500044","0.542065","0.037013","0.540035","0.599958","6.63788","1.78794e-15","3.03704","3.0014","2.89612","7.22139","0","0","0","0","0","0","0","0"
"8.817","0.500044","0.542065","0.0370159","0.539482","0.599867","6.66542","1.78835e-15","3.04489","3.0039","2.86544","7.21892","0","0","0","0","0","0","0","0"
"8.82025","0.500044","0.542307","0.0370198","0.540381","0.600701","6.89455","1.78733e-15","3.03981","2.99445","2.99192","7.2247","0","0","0","0","0","0","0","0"
"8.82365","0.500044","0.542307","0.0370231","0.540329","0.60089","7.01978","1.78876e-15","3.04188","2.99064","3.05321","7.24043","0","0","0","0","0","0","0","0"
"8.82703","0.500044","0.542307","0.0370269","0.540545","0.601316","7.04499","1.79092e-15","3.03833","2.98895","3.04881","7.25707","0","0","0","0","0","0","0","0"
"8.83042","0.500044","0.542307","0.0370302","0.540547","0.601544","7.03304","1.79243e-15","3.04002","2.98909","3.04557","7.2755","0","0","0","0","0","0","0","0"
"8.8339","0.500044","0.542307","0.0370296","0.539859","0.601283","7.07516","1.79303e-15","3.04228","2.98869","3.06452","7.27228","0","0","0","0","0","0","0","0"
"8.83722","0.500044","0.542257","0.0370241","0.540147","0.601354","7.1024","1.79518e-15","3.0388","2.98568","3.02525","7.27185","0","0","0","0","0","0","0","0"
"8.84057","0.500044","0.542257","0.0370177","0.541093","0.602144","7.09001","1.79785e-15","3.03659","2.98324","3.02888","7.29234","0","0","0","0","0","0","0","0"
"8.84395","0.500044","0.542257","0.0370122","0.541571","0.602279","7.09674","1.7966e-15","3.03826","2.98062","3.0101","7.2787","0","0","0","0","0","0","0","0"
"8.84733","0.500044","0.542257","0.0370057","0.541779","0.602319","7.06144","1.79723e-15","3.03631","2.98064","3.03269","7.30351","0","0","0","0","0","0","0","0"
"8.85087","0.500044","0.542257","0.0370035","0.541158","0.601972","7.04193","1.79738e-15","3.03563","2.97785","3.03831","7.29199","0","0","0","0","0","0","0","0"
"8.8541","0.500044","0.542304","0.0370048","0.54127","0.602261","7.04879","1.79739e-15","3.02856","2.97476","3.01911","7.3067","0","0","0","0","0","0","0","0"
"8.8575","0.500044","0.542304","0.037006","0.540949","0.601628","7.06235","1.79754e-15","3.02802","2.97475","2.99872","7.30458","0","0","0","0","0","0","0","0"
"8.86087","0.500044","0.542304","0.0370073","0.540364","0.601575","7.06126","1.79655e-15","3.03122","2.98673","2.99638","7.30725","0","0","0","0","0","0","0","0"
"8.86437","0.500044","0.542304","0.0370084","0.54042","0.601342","7.06214","1.79771e-15","3.02669","2.98542","2.98604","7.30506","0","0","0","0","0","0","0","0"
"8.86878","0.500044","0.542304","0.0370115","0.540252","0.601448","7.13271","1.79535e-15","3.02893","2.98966","2.95777","7.30149","0","0","0","0","0","0","0","0"
"8.87362","0.500044","0.542531","0.0370141","0.540702","0.6021","7.13619","1.79675e-15","3.02447","2.98764","2.9468","7.30693","0","0","0","0","0","0","0","0"
"8.87545","0.500044","0.542531","0.0370171","0.540845","0.602975","7.12289","1.7952e-15","3.02925","2.98737","2.95963","7.30009","0","0","0","0","0","0","0","0"
"8.87885","0.500044","0.542531","0.0370197","0.540761","0.602771","7.15586","1.79737e-15","3.02894","2.98412","2.92583","7.29917","0","0","0","0","0","0","0","0"
"8.88318","0.500044","0.542531","0.037022","0.540431","0.602296","7.12584","1.8004e-15","3.02944","2.98183","2.93495","7.28436","0","0","0","0","0","0","0","0"
"8.8864","0.500044","0.542581","0.0370197","0.540744","0.602537","7.12296","1.80059e-15","3.03275","2.99634","2.92713","7.28871","0","0","0","0","0","0","0","0"
"8.88992","0.500044","0.542581","0.0370175","0.539841","0.601753","7.1465","1.79971e-15","3.0347","2.99678","2.91459","7.27796","0","0","0","0","0","0","0","0"
"8.89317","0.500044","0.542581","0.0370149","0.539799","0.601605","7.19845","1.79839e-15","3.03193","2.99476","2.91493","7.26109","0","0","0","0","0","0","0","0"
"8.89657","0.500044","0.542581","0.0370126","0.539644","0.601922","7.1741","1.79677e-15","3.03019","2.99174","2.92614","7.23869","0","0","0","0","0","0","0","0"
"8.90003","0.500044","0.542581","0.0370104","0.540469","0.60303","7.16714","1.79384e-15","3.03485","3.0009","2.91619","7.22005","0","0","0","0","0","0","0","0"
"8.90332","0.500044","0.542649","0.0370092","0.540352","0.602928","7.17626","1.79228e-15","3.03386","2.99971","2.90888","7.20046","0","0","0","0","0","0","0","0"
"8.90687","0.500044","0.542649","0.0370079","0.5413","0.604","7.2299","1.7937e-15","3.0321","2.99692","2.89348","7.18798","0","0","0","0","0","0","0","0"
"8.91012","0.500044","0.542649","0.0370068","0.541175","0.603981","7.26444","1.79534e-15","3.03309","3.00006","2.87131","7.21955","0","0","0","0","0","0","0","0"
"8.9135","0.500044","0.542649","0.0370054","0.540924","0.603247","7.36206","1.79689e-15","3.03464","3.00077","2.87031","7.2319","0","0","0","0","0","0","0","0"
"8.91698","0.500044","0.542649","0.0370051","0.540872","0.602795","7.39585","1.7978e-15","3.0375","3.00093","2.84346","7.23098","0","0","0","0","0","0","0","0"
"8.92025","0.500044","0.542685","0.0370067","0.541095","0.603331","7.43989","1.79781e-15","3.03907","2.99717","2.83034","7.25022","0","0","0","0","0","0","0","0"
"8.92365","0.500044","0.542685","0.0370081","0.542228","0.604504","7.40963","1.79756e-15","3.04718","2.99779","2.84695","7.27141","0","0","0","0","0","0","0","0"
"8.92702","0.500044","0.542685","0.0370097","0.542351","0.605055","7.48639","1.79732e-15","3.04712","2.99496","2.84501","7.27325","0","0","0","0","0","0","0","0"
"8.93062","0.500044","0.542685","0.0370113","0.542982","0.605708","7.46392","1.7966e-15","3.04355","2.98763","2.84951","7.28208","0","0","0","0","0","0","0","0"
"8.93427","0.500044","0.542685","0.0370116","0.542724","0.605599","7.45669","1.79606e-15","3.04196","2.98713","2.83998","7.2799","0","0","0","0","0","0","0","0"
"8.93752","0.500044","0.542873","0.037011","0.543087","0.605626","7.46656","1.79558e-15","3.04405","2.98089","2.82198","7.27784","0","0","0","0","0","0","0","0"
"8.9413","0.500044","0.542873","0.0370102","0.542613","0.605113","7.4615","1.79323e-15","3.04603","2.97922","2.81558","7.27046","0","0","0","0","0","0","0","0"
"8.94485","0.500044","0.542873","0.0370095","0.543173","0.605421","7.43883","1.79186e-15","3.05359","2.97529","2.82247","7.25984","0","0","0","0","0","0","0","0"
"8.94852","0.500044","0.542873","0.0370088","0.54437","0.605735","7.49119","1.78983e-15","3.05815","2.97256","2.79007","7.24942","0","0","0","0","0","0","0","0"
"8.95328","0.500044","0.542873","0.0370081","0.544712","0.605678","7.47678","1.78658e-15","3.06367","2.96929","2.7934","7.23275","0","0","0","0","0","0","0","0"
"8.95652","0.500044","0.543148","0.0370076","0.54468","0.606265","7.46038","1.78509e-15","3.06934","2.98491","2.79542","7.21457","0","0","0","0","0","0","0","0"
"8.95987","0.500044","0.543148","0.0370072","0.545026","0.606794","7.44693","1.78427e-15","3.07252","2.98539","2.79672","7.19893","0","0","0","0","0","0","0","0"
"8.96352","0.500044","0.543148","0.0370066","0.545359","0.606898","7.42389","1.78486e-15","3.06919","2.98183","2.80382","7.20786","0","0","0","0","0","0","0","0"
"8.96728","0.500044","0.543148","0.0370065","0.545048","0.606468","7.41089","1.78608e-15","3.07115","2.98128","2.80032","7.21343","0","0","0","0","0","0","0","0"
"8.97052","0.500044","0.543453","0.0370067","0.545256","0.606767","7.50415","1.78745e-15","3.07842","2.98102","2.76502","7.23441","0","0","0","0","0","0","0","0"
"8.97385","0.500044","0.543453","0.0370069","0.544425","0.605955","7.4863","1.78909e-15","3.0795","2.98264","2.76513","7.24362","0","0","0","0","0","0","0","0"
"8.97718","0.500044","0.543453","0.0370071","0.543606","0.605488","7.46342","1.79156e-15","3.08019","2.98262","2.77254","7.26174","0","0","0","0","0","0","0","0"
"8.97897","0.500044","0.138305","0","0.134834","0.21915","0.179948","1.6936e-15","2.61814","2.44639","2.36679","3.81367","0","0","0","0","0","0","0","0"
"8.98313","0.500044","0.143413","0","0.139066","0.171676","0.163083","1.6789e-15","2.37182","2.17183","2.36807","6.02314","0","0","0","0","0","0","0","0"
"8.9865","0.500044","0.143413","0","0.118856","0.162587","0.136672","1.75879e-15","2.59949","2.54059","2.84469","6.64899","0","0","0","0","0","0","0","0"
"8.9899","0.500044","0.143413","0","0.136025","0.190427","0.192567","1.69425e-15","2.31714","2.31085","2.17738","7.11435","0","0","0","0","0","0","0","0"
"8.9935","0.500044","0.143413","0","0.128526","0.150983","0.164327","1.5757e-15","3.20048","2.68209","2.39541","3.64964","0","0","0","0","0","0","0","0"
"8.99677","0.500044","0.143877","1.25974e-05","0.110501","0.167145","0.131971","1.78786e-15","2.26239","2.34839","2.83774","7.12905","0","0","0","0","0","0","0","0"
"8.99998","0.500044","0.140689","1.34599e-05","0.123915","0.162254","0.128532","1.44124e-15","2.97445","2.26275","2.97473","3.70524","0","0","0","0","0","0","0","0"
"9.0034","0.500044","0.140689","1.43815e-05","0.130155","0.161867","0.145852","1.8791e-15","2.56356","2.63151","2.51","7.95323","0","0","0","0","0","0","0","0"
"9.00678","0.500044","0.140689","1.55368e-05","0.129251","0.184996","0.180694","1.60233e-15","2.66058","2.71462","3.22339","9.22734","0","0","0","0","0","0","0","0"
"9.01017","0.500044","0.140689","1.66006e-05","0.120599","0.152057","0.164827","1.82353e-15","2.97006","3.1993","2.77353","7.63889","0","0","0","0","0","0","0","0"
"9.01367","0.500044","0.140689","1.79342e-05","0.132283","0.151398","0.139575","1.85012e-15","2.6234","2.6623","2.78369","9.44292","0","0","0","0","0","0","0","0"
"9.01695","0.500044","0.103886","1.91622e-05","0.126082","0.156156","0.110121","1.83171e-15","2.65329","3.12914","3.48236","6.15022","0","0","0","0","0","0","0","0"
"9.02033","0.500044","0.103886","2.07015e-05","0.1187","0.168317","0.162458","1.86294e-15","2.41982","2.52545","2.21238","8.86119","0","0","0","0","0","0","0","0"
"9.02372","0.500044","0.103886","2.21189e-05","0.129501","0.196278","0.18333","1.75579e-15","2.53327","1.9795","2.54318","4.92922","0","0","0","0","0","0","0","0"
"9.02957","0.500044","0.103886","2.49745e-05","0.127389","0.181241","0.155346","1.75095e-15","2.7579","2.51166","2.45974","5.55864","0","0","0","0","0","0","0","0"
"9.03283","0.500044","0.10083","2.69807e-05","0.152764","0.158398","0.138265","1.70281e-15","2.89762","2.72049","2.70656","5.73914","0","0","0","0","0","0","0","0"
"9.03622","0.500044","0.10083","2.88281e-05","0.125986","0.171593","0.159434","1.59378e-15","2.35666","2.23676","3.41246","6.40133","0","0","0","0","0","0","0","0"
"9.0396","0.500044","0.10083","3.11439e-05","0.118861","0.192012","0.151558","1.88586e-15","3.05651","2.36812","2.53005","11.1631","0","0","0","0","0","0","0","0"
"9.04298","0.500044","0.10083","3.32764e-05","0.13888","0.190268","0.195962","1.47248e-15","2.12272","2.82788","2.5594","4.80376","0","0","0","0","0","0","0","0"
"9.04657","0.500044","0.10083","3.59495e-05","0.145225","0.165107","0.158493","1.76851e-15","2.68017","2.46922","2.61771","8.13113","0","0","0","0","0","0","0","0"
"9.04975","0.500044","0.135893","3.8411e-05","0.122761","0.157872","0.149307","1.82684e-15","2.84828","3.2637","3.32992","9.42957","0","0","0","0","0","0","0","0"
"9.05315","0.500044","0.135893","4.14966e-05","0.125311","0.14851","0.149737","1.6586e-15","2.47243","3.03974","2.75348","4.76383","0","0","0","0","0","0","0","0"
"9.05652","0.500044","0.135893","4.4338e-05","0.12336","0.144724","0.114013","1.81021e-15","2.37378","2.37216","4.31928","8.0218","0","0","0","0","0","0","0","0"
"9.05992","0.500044","0.135893","4.78997e-05","0.129545","0.179556","0.162239","1.54658e-15","2.61069","2.86359","2.32053","4.35726","0","0","0","0","0","0","0","0"
"9.06343","0.500044","0.135893","5.11794e-05","0.125494","0.197175","0.172387","1.88391e-15","2.4968","2.28667","3.0172","7.32536","0","0","0","0","0","0","0","0"
"9.06668","0.500044","0.140645","5.52907e-05","0.116174","0.171181","0.124146","1.62566e-15","2.2719","3.47978","3.29446","5.71967","0","0","0","0","0","0","0","0"
"9.07007","0.500044","0.140645","5.90765e-05","0.127726","0.161163","0.148478","1.96486e-15","2.59388","2.89128","2.58921","8.07174","0","0","0","0","0","0","0","0"
"9.07345","0.500044","0.140645","6.38222e-05","0.119221","0.17771","0.184204","1.63584e-15","2.46473","2.6076","3.18842","6.93222","0","0","0","0","0","0","0","0"
"9.07683","0.500044","0.140645","6.81922e-05","0.129585","0.186885","0.190709","1.91368e-15","2.8032","2.93227","2.11102","6.58962","0","0","0","0","0","0","0","0"
"9.08032","0.500044","0.140645","7.36702e-05","0.154098","0.184651","0.144912","1.78427e-15","2.38182","2.45566","2.54046","9.60485","0","0","0","0","0","0","0","0"
"9.0836","0.500044","0.143573","7.87145e-05","0.142778","0.144102","0.13517","1.697e-15","2.93341","2.5456","2.62779","6.63017","0","0","0","0","0","0","0","0"
"9.087","0.500044","0.143573","8.50377e-05","0.129319","0.187794","0.193116","1.83501e-15","2.96998","2.9999","2.72048","10.4159","0","0","0","0","0","0","0","0"
"9.09038","0.500044","0.143573","9.08603e-05","0.128786","0.157819","0.171203","1.771e-15","2.39805","2.85699","2.33661","5.62046","0","0","0","0","0","0","0","0"
"9.09468","0.500044","0.143573","9.92487e-05","0.12815","0.118916","0.112872","1.62341e-15","2.17096","3.8338","3.50727","6.16702","0","0","0","0","0","0","0","0"
"9.09793","0.500044","0.141188","0.000107221","0.120853","0.207458","0.175317","1.46721e-15","2.52401","2.85879","2.1923","4.51371","0","0","0","0","0","0","0","0"
"9.10132","0.500044","0.141188","0.000114563","0.132861","0.1568","0.169902","2.04674e-15","2.42233","3.04124","2.49688","7.61209","0","0","0","0","0","0","0","0"
"9.1047","0.500044","0.141188","0.000123766","0.129209","0.197779","0.156594","1.7954e-15","2.15773","2.49053","3.12962","6.84984","0","0","0","0","0","0","0","0"
"9.10808","0.500044","0.141188","0.00013224","0.136065","0.163973","0.178325","1.85292e-15","2.18113","2.61542","2.4266","8.17173","0","0","0","0","0","0","0","0"
"9.1129","0.500044","0.141188","0.000146052","0.12513","0.174242","0.162445","1.82569e-15","2.92382","3.05879","2.59444","5.03277","0","0","0","0","0","0","0","0"
"9.11615","0.500044","0.139698","0.000157785","0.138569","0.221149","0.162399","1.56354e-15","2.91086","2.8584","2.738","5.56305","0","0","0","0","0","0","0","0"
"9.11955","0.500044","0.139698","0.000168589","0.126837","0.200933","0.181576","1.97425e-15","2.59149","2.01995","3.75258","7.6962","0","0","0","0","0","0","0","0"
"9.12295","0.500044","0.139698","0.000182132","0.128534","0.20674","0.131479","1.63408e-15","3.55684","2.86186","3.05835","5.9065","0","0","0","0","0","0","0","0"
"9.12632","0.500044","0.139698","0.000194602","0.17634","0.213007","0.167889","1.86067e-15","2.70706","2.70489","2.83939","5.41756","0","0","0","0","0","0","0","0"
"9.1298","0.500044","0.139698","0.000210235","0.151096","0.209664","0.147422","1.89345e-15","2.78689","2.26175","2.72638","11.7207","0","0","0","0","0","0","0","0"
"9.13308","0.500044","0.141763","0.00022463","0.141905","0.229234","0.172547","1.58275e-15","3.29054","2.61139","2.14959","4.68064","0","0","0","0","0","0","0","0"
"9.13648","0.500044","0.141763","0.000242675","0.148814","0.20307","0.16755","2.01703e-15","3.80849","2.97141","2.5249","9.24786","0","0","0","0","0","0","0","0"
"9.13985","0.500044","0.141763","0.000259291","0.13351","0.169779","0.136022","1.53102e-15","2.45263","2.98097","2.81716","4.33756","0","0","0","0","0","0","0","0"
"9.14323","0.500044","0.141763","0.00028012","0.133311","0.155194","0.187652","1.97228e-15","2.91635","2.66318","2.29513","8.98199","0","0","0","0","0","0","0","0"
"9.14675","0.500044","0.141763","0.000299301","0.127038","0.159381","0.168231","1.54322e-15","2.57474","2.8006","2.70152","6.09239","0","0","0","0","0","0","0","0"
"9.15002","0.500044","0.148496","0.000323344","0.124601","0.204256","0.169318","1.84621e-15","2.55354","2.75746","2.45665","6.88457","0","0","0","0","0","0","0","0"
"9.1534","0.500044","0.148496","0.000345483","0.139174","0.170936","0.13739","1.70001e-15","2.49176","2.5144","3.18672","10.9102","0","0","0","0","0","0","0","0"
"9.15678","0.500044","0.148496","0.000373236","0.124482","0.175595","0.118912","1.81968e-15","2.51839","2.71335","2.90118","4.95017","0","0","0","0","0","0","0","0"
"9.16017","0.500044","0.148496","0.000398792","0.125278","0.156589","0.171802","1.71309e-15","2.93858","2.77546","2.59205","11.0438","0","0","0","0","0","0","0","0"
"9.16367","0.500044","0.148496","0.000430828","0.139514","0.201735","0.202335","1.61487e-15","2.78023","2.67718","3.1549","4.83211","0","0","0","0","0","0","0","0"
"9.16693","0.500044","0.158334","0.000460327","0.138325","0.172517","0.168165","1.90951e-15","2.25619","2.34165","2.16257","7.42757","0","0","0","0","0","0","0","0"
"9.17033","0.500044","0.158334","0.000497306","0.137611","0.166125","0.163028","1.56008e-15","2.72665","2.60788","2.53686","6.13241","0","0","0","0","0","0","0","0"
"9.1737","0.500044","0.158334","0.000531357","0.134153","0.160727","0.135482","1.97727e-15","2.61821","3.37691","2.84969","11.8227","0","0","0","0","0","0","0","0"
"9.17807","0.500044","0.158334","0.000586855","0.152448","0.215511","0.202819","1.59681e-15","2.55738","2.63285","3.08834","2.91557","0","0","0","0","0","0","0","0"
"9.18127","0.500044","0.150735","0.000627038","0.165133","0.194324","0.159166","1.74266e-15","2.94053","2.66227","3.12972","6.54847","0","0","0","0","0","0","0","0"
"9.18463","0.500044","0.150735","0.000669972","0.167677","0.273675","0.177427","1.75248e-15","3.22571","2.71321","2.46982","9.49725","0","0","0","0","0","0","0","0"
"9.18803","0.500044","0.150735","0.000723792","0.150539","0.20549","0.124623","1.55277e-15","3.07959","2.65856","3.78023","4.90272","0","0","0","0","0","0","0","0"
"9.19142","0.500044","0.150735","0.000773351","0.163394","0.19798","0.171888","1.87836e-15","2.86789","2.34147","2.47973","6.24586","0","0","0","0","0","0","0","0"
"9.19623","0.500044","0.150735","0.000854124","0.135774","0.190622","0.13934","1.74985e-15","2.6222","2.42164","2.77069","7.62605","0","0","0","0","0","0","0","0"
"9.19948","0.500044","0.145416","0.000922737","0.142795","0.174057","0.145498","1.50361e-15","2.65751","2.34007","2.59938","5.60622","0","0","0","0","0","0","0","0"
"9.20287","0.500044","0.145416","0.000985918","0.139957","0.158811","0.159183","1.75999e-15","2.52305","2.69779","2.99637","8.20925","0","0","0","0","0","0","0","0"
"9.20627","0.500044","0.145416","0.00106512","0.146595","0.184515","0.166476","1.51096e-15","2.63353","2.73195","2.76667","4.62769","0","0","0","0","0","0","0","0"
"9.20965","0.500044","0.145416","0.00113805","0.139507","0.168814","0.186435","2.07858e-15","2.69977","2.44359","2.29059","8.06457","0","0","0","0","0","0","0","0"
"9.21313","0.500044","0.145416","0.00122947","0.135402","0.152651","0.110516","1.65808e-15","3.03805","2.87417","4.08908","9.04426","0","0","0","0","0","0","0","0"
"9.21642","0.500044","0.154488","0.00131365","0.140484","0.182509","0.163003","1.61788e-15","2.69929","3.25901","2.50017","5.79923","0","0","0","0","0","0","0","0"
"9.2198","0.500044","0.154488","0.00141918","0.14342","0.208741","0.19277","1.97698e-15","2.91818","2.61229","2.47773","9.67717","0","0","0","0","0","0","0","0"
"9.22318","0.500044","0.154488","0.00151635","0.137364","0.219645","0.183975","1.65201e-15","2.9016","3.29867","2.02233","6.13451","0","0","0","0","0","0","0","0"
"9.22657","0.500044","0.154488","0.00163816","0.148707","0.215271","0.181096","1.79209e-15","2.46604","2.60324","2.28982","6.07643","0","0","0","0","0","0","0","0"
"9.23008","0.500044","0.154488","0.00175033","0.147576","0.208541","0.21347","1.7492e-15","2.91511","2.04966","3.29555","7.94919","0","0","0","0","0","0","0","0"
"9.23335","0.500044","0.155217","0.00189093","0.14623","0.2393","0.221163","1.55353e-15","3.18185","2.31607","3.79096","4.71266","0","0","0","0","0","0","0","0"
"9.23673","0.500044","0.155217","0.00202041","0.146812","0.179644","0.165262","1.99584e-15","3.3549","2.94569","3.12933","8.4227","0","0","0","0","0","0","0","0"
"9.24012","0.500044","0.155217","0.00218271","0.160443","0.226972","0.151949","1.62078e-15","2.44475","2.24738","3.26458","5.10202","0","0","0","0","0","0","0","0"
"9.2435","0.500044","0.155217","0.00233216","0.157143","0.157987","0.127149","1.93243e-15","2.83483","3.40188","3.65189","8.07597","0","0","0","0","0","0","0","0"
"9.24698","0.500044","0.155217","0.00251951","0.165921","0.194913","0.129971","1.82245e-15","2.91873","3.49325","3.74893","10.7201","0","0","0","0","0","0","0","0"
"9.25027","0.500044","0.152867","0.00269202","0.156374","0.204956","0.228172","1.61772e-15","2.83195","2.74235","2.30831","5.14504","0","0","0","0","0","0","0","0"
"9.25365","0.500044","0.152867","0.00290828","0.159356","0.198968","0.246795","1.83575e-15","3.09823","2.63784","2.28814","8.60975","0","0","0","0","0","0","0","0"
"9.25703","0.500044","0.152867","0.00310741","0.193172","0.253882","0.198267","1.64473e-15","3.25476","2.6918","2.49007","4.50134","0","0","0","0","0","0","0","0"
"9.26138","0.500044","0.152867","0.00343197","0.156511","0.161515","0.167513","1.74164e-15","2.92162","2.68703","2.70625","4.47688","0","0","0","0","0","0","0","0"
"9.2646","0.500044","0.160609","0.00366696","0.155584","0.186768","0.194263","1.61639e-15","4.34493","2.63922","2.3237","6.86668","0","0","0","0","0","0","0","0"
"9.26798","0.500044","0.160609","0.00391804","0.162928","0.188163","0.213843","1.8164e-15","3.34024","3.3273","2.95692","7.5751","0","0","0","0","0","0","0","0"
"9.27137","0.500044","0.160609","0.00423278","0.223847","0.239059","0.281175","1.68671e-15","2.32828","2.78116","2.83997","7.13458","0","0","0","0","0","0","0","0"
"9.27475","0.500044","0.160609","0.00452261","0.174355","0.230863","0.161446","1.80593e-15","2.65961","3.03166","3.7324","8.61135","0","0","0","0","0","0","0","0"
"9.27955","0.500044","0.160609","0.00499497","0.17468","0.182663","0.22287","1.72428e-15","2.34734","2.58151","2.42615","8.68255","0","0","0","0","0","0","0","0"
"9.28295","0.500044","0.171031","0.00539622","0.212045","0.266148","0.215089","1.54537e-15","2.76354","2.83218","3.13052","4.81776","0","0","0","0","0","0","0","0"
"9.2862","0.500044","0.171031","0.00576571","0.202574","0.201609","0.223924","1.92318e-15","3.5406","3.48879","2.4001","8.3415","0","0","0","0","0","0","0","0"
"9.28962","0.500044","0.171031","0.00622888","0.20636","0.292107","0.248037","1.52089e-15","2.81259","3.26547","2.47971","4.49134","0","0","0","0","0","0","0","0"
"9.29298","0.500044","0.171031","0.00665538","0.199612","0.219732","0.194311","1.78321e-15","3.63233","3.00495","2.81687","9.93836","0","0","0","0","0","0","0","0"
"9.29647","0.500044","0.171031","0.00719001","0.250918","0.266493","0.290487","1.73217e-15","2.47175","3.7215","3.19876","5.95479","0","0","0","0","0","0","0","0"
"9.29982","0.500044","0.183046","0.00768232","0.255998","0.282373","0.304973","1.75458e-15","2.55133","2.54467","2.44234","8.44858","0","0","0","0","0","0","0","0"
"9.30315","0.500044","0.183046","0.00829945","0.245935","0.26339","0.263284","1.76138e-15","2.33432","2.8274","3.19517","5.77892","0","0","0","0","0","0","0","0"
"9.30652","0.500044","0.183046","0.00886773","0.246479","0.334395","0.363767","1.60046e-15","2.64028","2.75827","2.28064","6.43676","0","0","0","0","0","0","0","0"
"9.3099","0.500044","0.183046","0.00958008","0.376981","0.389436","0.350523","1.71889e-15","3.11652","3.58614","4.63491","7.83426","0","0","0","0","0","0","0","0"
"9.31342","0.500044","0.183046","0.010236","0.243214","0.281167","0.34866","1.68199e-15","3.45858","2.96099","3.17191","6.71201","0","0","0","0","0","0","0","0"
"9.3167","0.500044","0.204873","0.0110583","0.378178","0.429786","0.578096","1.60287e-15","2.86409","2.33569","2.51739","4.90334","0","0","0","0","0","0","0","0"
"9.32005","0.500044","0.204873","0.0118155","0.309045","0.34452","0.344594","1.78585e-15","3.33679","2.93273","2.2347","9.48479","0","0","0","0","0","0","0","0"
"9.32345","0.500044","0.204873","0.0127646","0.313541","0.337421","0.38115","1.61481e-15","2.79793","3.40129","2.65097","5.3158","0","0","0","0","0","0","0","0"
"9.32682","0.500044","0.204873","0.0136387","0.386172","0.41278","0.415199","1.90812e-15","2.16316","2.37483","2.19117","8.48798","0","0","0","0","0","0","0","0"
"9.33032","0.500044","0.204873","0.014396","0.375899","0.472715","0.368477","1.64135e-15","3.10165","3.90417","2.50208","5.80267","0","0","0","0","0","0","0","0"
"9.33373","0.500044","0.243478","0.015002","0.336015","0.387973","0.478817","1.99462e-15","2.727","2.85198","2.19838","7.66543","0","0","0","0","0","0","0","0"
"9.33698","0.500044","0.243478","0.015709","0.397279","0.492205","0.563116","1.61702e-15","3.15279","3.85874","2.91113","7.03977","0","0","0","0","0","0","0","0"
"9.34037","0.500044","0.243478","0.016315","0.372626","0.345749","0.275762","1.99679e-15","2.70538","2.98589","3.44541","7.57341","0","0","0","0","0","0","0","0"
"9.3447","0.500044","0.243478","0.0171894","0.404618","0.426438","0.498677","1.53914e-15","2.88804","2.71387","2.33033","4.15452","0","0","0","0","0","0","0","0"
"9.34793","0.500044","0.304218","0.0176916","0.52561","0.539306","0.611748","1.57652e-15","2.71227","2.72745","2.44446","5.11367","0","0","0","0","0","0","0","0"
"9.35132","0.500044","0.304218","0.0181939","0.362508","0.392453","0.377149","1.82367e-15","2.67243","3.46639","1.9425","6.16035","0","0","0","0","0","0","0","0"
"9.3547","0.500044","0.304218","0.0187799","0.549192","0.622637","0.788615","1.63457e-15","3.26664","2.85129","3.02605","4.30088","0","0","0","0","0","0","0","0"
"9.35808","0.500044","0.304218","0.0192821","0.472201","0.485675","0.675756","1.94914e-15","2.66712","2.57313","3.03711","6.43589","0","0","0","0","0","0","0","0"
"9.3629","0.500044","0.304218","0.0197868","0.517966","0.567144","0.803513","1.8604e-15","2.61827","3.06265","2.83736","7.90361","0","0","0","0","0","0","0","0"
"9.36693","0.500044","0.372244","0.019887","0.522441","0.547016","0.829301","1.76295e-15","2.51482","2.7761","2.40749","7.75652","0","0","0","0","0","0","0","0"
"9.37032","0.500044","0.372244","0.0203522","0.423027","0.431983","0.579069","1.68475e-15","3.28565","3.3874","2.49693","4.55183","0","0","0","0","0","0","0","0"
"9.3737","0.500044","0.372244","0.020959","0.456613","0.382996","0.536666","1.89924e-15","2.88061","2.93542","2.09756","8.94989","0","0","0","0","0","0","0","0"
"9.37805","0.500044","0.372244","0.0224618","0.531626","0.570613","0.580419","1.598e-15","2.97387","2.5527","2.42173","4.3348","0","0","0","0","0","0","0","0"
"9.38127","0.500044","0.404202","0.0225717","0.530512","0.595219","0.793996","1.60498e-15","2.6595","2.75057","2.23533","6.52203","0","0","0","0","0","0","0","0"
"9.3847","0.500044","0.404202","0.0226371","0.520072","0.563905","0.770376","1.69211e-15","2.89545","3.00192","2.33207","7.99075","0","0","0","0","0","0","0","0"
"9.38803","0.500044","0.404202","0.0227449","0.515183","0.556113","0.754305","1.715e-15","2.85675","3.05359","2.39669","7.7238","0","0","0","0","0","0","0","0"
"9.39142","0.500044","0.404202","0.0229129","0.49556","0.52249","0.683657","1.78219e-15","3.16498","2.97398","2.64043","8.2157","0","0","0","0","0","0","0","0"
"9.3949","0.500044","0.404202","0.0234553","0.521937","0.540374","0.817194","1.69031e-15","3.0571","2.81672","2.82456","7.04821","0","0","0","0","0","0","0","0"
"9.39818","0.500044","0.429784","0.0235067","0.514588","0.530521","0.78293","1.75632e-15","3.047","2.72702","2.9961","7.6836","0","0","0","0","0","0","0","0"
"9.40157","0.500044","0.429784","0.0235859","0.515593","0.528425","0.878151","1.72284e-15","3.07142","2.8173","3.314","7.41579","0","0","0","0","0","0","0","0"
"9.40495","0.500044","0.429784","0.0236851","0.500296","0.515057","0.8403","1.7613e-15","3.10422","2.89781","3.26642","7.48154","0","0","0","0","0","0","0","0"
"9.40835","0.500044","0.429784","0.0239078","0.473223","0.48872","0.815637","1.75743e-15","3.14253","2.94623","3.03642","8.02925","0","0","0","0","0","0","0","0"
"9.41185","0.500044","0.429784","0.0244248","0.48599","0.494887","0.889104","1.74999e-15","2.97946","3.17233","2.93819","8.07707","0","0","0","0","0","0","0","0"
"9.41512","0.500044","0.449075","0.0244886","0.483458","0.503773","0.886469","1.74444e-15","2.97456","3.13505","2.73726","8.4859","0","0","0","0","0","0","0","0"
"9.4185","0.500044","0.449075","0.0245639","0.480078","0.505571","0.868488","1.72649e-15","3.05764","3.09778","2.7168","8.26331","0","0","0","0","0","0","0","0"
"9.42188","0.500044","0.449075","0.024715","0.472524","0.496043","0.878898","1.74584e-15","2.99131","3.00704","2.64142","8.21185","0","0","0","0","0","0","0","0"
"9.42527","0.500044","0.449075","0.0250171","0.479891","0.500172","0.856322","1.7256e-15","3.00003","3.04784","2.75884","8.2323","0","0","0","0","0","0","0","0"
"9.42877","0.500044","0.449075","0.0257519","0.47331","0.498693","0.856466","1.7132e-15","2.93758","3.00187","2.82503","8.09194","0","0","0","0","0","0","0","0"
"9.43203","0.500044","0.460698","0.0258839","0.467999","0.49844","0.854034","1.73725e-15","2.89572","2.96855","2.72382","8.43546","0","0","0","0","0","0","0","0"
"9.43543","0.500044","0.460698","0.0261278","0.464266","0.493324","0.850156","1.72032e-15","2.85446","2.92396","2.66475","8.22366","0","0","0","0","0","0","0","0"
"9.43882","0.500044","0.460698","0.0265258","0.462481","0.493271","0.854788","1.7674e-15","2.81564","2.91158","2.7366","8.39087","0","0","0","0","0","0","0","0"
"9.44223","0.500044","0.460698","0.0276978","0.465017","0.496833","0.834148","1.7594e-15","2.86979","2.93936","2.76168","8.11288","0","0","0","0","0","0","0","0"
"9.44625","0.500044","0.460698","0.0288259","0.474528","0.505744","0.861721","1.74286e-15","3.1176","3.14299","2.85145","7.70799","0","0","0","0","0","0","0","0"
"9.44952","0.500044","0.464135","0.0290826","0.472003","0.504972","0.84886","1.75587e-15","3.22925","3.18009","2.87644","7.74826","0","0","0","0","0","0","0","0"
"9.45292","0.500044","0.464135","0.0294314","0.474614","0.504874","0.849761","1.74282e-15","3.09829","3.13033","2.90424","7.7286","0","0","0","0","0","0","0","0"
"9.45632","0.500044","0.464135","0.029835","0.467939","0.500491","0.89086","1.74617e-15","3.11312","3.08589","2.90978","7.76123","0","0","0","0","0","0","0","0"
"9.45968","0.500044","0.464135","0.0311078","0.475113","0.505654","0.886506","1.74073e-15","3.02502","3.02685","2.81823","7.6099","0","0","0","0","0","0","0","0"
"9.46317","0.500044","0.464135","0.0315838","0.48643","0.508076","0.981754","1.72186e-15","3.15174","3.03135","3.60454","7.38465","0","0","0","0","0","0","0","0"
"9.46645","0.500044","0.464955","0.0317723","0.50569","0.522328","1.04636","1.73157e-15","3.15948","2.97155","3.44463","7.51835","0","0","0","0","0","0","0","0"
"9.46985","0.500044","0.464955","0.0318927","0.498915","0.516549","1.02507","1.71997e-15","3.14373","2.99325","3.46179","7.29494","0","0","0","0","0","0","0","0"
"9.47322","0.500044","0.464955","0.0321034","0.505515","0.518486","0.996096","1.74636e-15","3.1189","2.96703","3.58422","7.39625","0","0","0","0","0","0","0","0"
"9.4766","0.500044","0.464955","0.032618","0.505741","0.521094","0.987671","1.73156e-15","3.06762","2.89925","3.51889","7.34237","0","0","0","0","0","0","0","0"
"9.4801","0.500044","0.464955","0.0330115","0.497583","0.513977","0.951425","1.72178e-15","3.05398","2.91397","3.60933","7.03166","0","0","0","0","0","0","0","0"
"9.4834","0.500044","0.467143","0.0330963","0.495127","0.514518","0.957782","1.72305e-15","3.06682","2.90502","3.45257","7.26755","0","0","0","0","0","0","0","0"
"9.48692","0.500044","0.467143","0.0332348","0.500604","0.514721","0.972724","1.71864e-15","3.06639","2.94126","3.30328","7.35909","0","0","0","0","0","0","0","0"
"9.49015","0.500044","0.467143","0.0334304","0.498776","0.517825","0.994737","1.73203e-15","3.01896","2.90377","3.14271","7.45282","0","0","0","0","0","0","0","0"
"9.4947","0.500044","0.467143","0.0343278","0.498689","0.520504","1.12039","1.72133e-15","2.96082","2.89505","3.5684","7.22815","0","0","0","0","0","0","0","0"
"9.49797","0.500044","0.472736","0.034403","0.499586","0.514828","1.16191","1.70301e-15","2.93847","2.86605","3.28736","7.12676","0","0","0","0","0","0","0","0"
"9.50135","0.500044","0.472736","0.0345189","0.503013","0.515805","1.20198","1.72174e-15","2.92591","2.88076","3.05913","7.1487","0","0","0","0","0","0","0","0"
"9.50473","0.500044","0.472736","0.0346641","0.50475","0.527022","1.21385","1.70753e-15","2.90577","2.97068","2.99263","7.02907","0","0","0","0","0","0","0","0"
"9.50812","0.500044","0.472736","0.0348708","0.502699","0.524328","1.16841","1.72192e-15","2.93398","2.97251","3.08245","6.96247","0","0","0","0","0","0","0","0"
"9.5116","0.500044","0.472736","0.0350112","0.503033","0.52506","1.23418","1.72467e-15","2.91202","2.98119","3.00568","6.9483","0","0","0","0","0","0","0","0"
"9.5149","0.500044","0.47707","0.0351026","0.510112","0.532528","1.20663","1.70923e-15","2.89567","2.92983","3.04606","6.97867","0","0","0","0","0","0","0","0"
"9.51827","0.500044","0.47707","0.0352062","0.506938","0.533465","1.20482","1.71343e-15","2.90167","2.8585","3.0015","7.10788","0","0","0","0","0","0","0","0"
"9.52165","0.500044","0.47707","0.0353863","0.504573","0.525075","1.17395","1.71219e-15","2.91831","2.90456","3.0219","7.07351","0","0","0","0","0","0","0","0"
"9.525","0.500044","0.47707","0.0356013","0.507997","0.526721","1.19193","1.71166e-15","2.96822","2.90323","2.87026","6.85137","0","0","0","0","0","0","0","0"
"9.52968","0.500044","0.47707","0.0358048","0.508768","0.527739","1.17184","1.72194e-15","2.99429","2.88418","2.83513","6.75608","0","0","0","0","0","0","0","0"
"9.53295","0.500044","0.481229","0.0358927","0.513943","0.528817","1.30274","1.72959e-15","3.06385","2.85022","3.20798","6.73267","0","0","0","0","0","0","0","0"
"9.53633","0.500044","0.481229","0.0360046","0.510961","0.528479","1.26821","1.73366e-15","3.03334","2.89195","3.21699","6.71557","0","0","0","0","0","0","0","0"
"9.53973","0.500044","0.481229","0.0361006","0.504906","0.527087","1.21912","1.74173e-15","3.06811","2.98196","3.35741","6.91381","0","0","0","0","0","0","0","0"
"9.5431","0.500044","0.481229","0.0362125","0.507125","0.529023","1.22456","1.73563e-15","3.10479","2.97249","3.16166","6.80151","0","0","0","0","0","0","0","0"
"9.5466","0.500044","0.481229","0.036289","0.509382","0.528435","1.21401","1.7382e-15","3.06288","3.04314","3.10509","6.85196","0","0","0","0","0","0","0","0"
"9.54988","0.500044","0.485258","0.0363796","0.503573","0.52386","1.29446","1.71769e-15","3.16631","3.0853","3.02037","6.74239","0","0","0","0","0","0","0","0"
"9.55327","0.500044","0.485258","0.0364571","0.502072","0.523765","1.2832","1.72759e-15","3.10835","3.00774","2.9551","6.88552","0","0","0","0","0","0","0","0"
"9.55665","0.500044","0.485258","0.0365476","0.506605","0.528306","1.26799","1.74095e-15","3.06893","2.95223","2.87715","7.27803","0","0","0","0","0","0","0","0"
"9.56003","0.500044","0.485258","0.0366252","0.51394","0.529051","1.35852","1.73317e-15","3.06947","2.90439","2.90906","7.22379","0","0","0","0","0","0","0","0"
"9.56358","0.500044","0.485258","0.0366701","0.512704","0.528365","1.29075","1.72212e-15","3.00537","2.94439","3.10454","7.00411","0","0","0","0","0","0","0","0"
"9.56682","0.500044","0.488109","0.036702","0.518044","0.533174","1.36659","1.72842e-15","3.03975","2.94393","3.06229","7.03634","0","0","0","0","0","0","0","0"
"9.57018","0.500044","0.488109","0.0367392","0.517202","0.533211","1.31666","1.73265e-15","3.01974","2.96203","3.20272","7.0031","0","0","0","0","0","0","0","0"
"9.57358","0.500044","0.488109","0.0367711","0.522364","0.540331","1.36024","1.7414e-15","3.02773","2.94872","2.96457","7.24342","0","0","0","0","0","0","0","0"
"9.57802","0.500044","0.488109","0.0368133","0.522491","0.545368","1.34771","1.72994e-15","3.04138","2.95737","2.8701","7.07301","0","0","0","0","0","0","0","0"
"9.5814","0.500044","0.490091","0.036828","0.523795","0.546512","1.30679","1.7118e-15","3.02876","3.00211","2.94946","7.0466","0","0","0","0","0","0","0","0"
"9.58477","0.500044","0.490091","0.0368451","0.536547","0.561159","1.29743","1.73103e-15","2.98282","2.94074","2.95531","7.37682","0","0","0","0","0","0","0","0"
"9.58817","0.500044","0.490091","0.0368599","0.533654","0.558677","1.28493","1.71852e-15","3.00445","2.98776","2.95945","7.3873","0","0","0","0","0","0","0","0"
"9.59155","0.500044","0.490091","0.036877","0.53227","0.554372","1.23201","1.73372e-15","2.98262","2.9797","3.07212","7.534","0","0","0","0","0","0","0","0"
"9.59503","0.500044","0.490091","0.036898","0.52481","0.545675","1.20018","1.72296e-15","3.04129","2.99131","3.12485","7.37251","0","0","0","0","0","0","0","0"
"9.6004","0.500044","0.494648","0.0369595","0.51126","0.531245","1.25754","1.72578e-15","3.04577","3.07669","2.77026","7.3208","0","0","0","0","0","0","0","0"
"9.60378","0.500044","0.494648","0.036993","0.508694","0.532497","1.21876","1.72514e-15","3.01613","3.03338","2.83118","7.2827","0","0","0","0","0","0","0","0"
"9.60717","0.500044","0.494648","0.0370321","0.507581","0.535304","1.2025","1.7457e-15","3.04502","3.01479","2.79975","7.55371","0","0","0","0","0","0","0","0"
"9.61287","0.500044","0.494648","0.0371267","0.512987","0.539373","1.23638","1.72212e-15","3.09581","3.09655","2.70036","7.24178","0","0","0","0","0","0","0","0"
"9.61612","0.500044","0.500546","0.0372337","0.514411","0.537672","1.22439","1.71464e-15","3.11487","3.04761","2.66549","7.24353","0","0","0","0","0","0","0","0"
"9.61947","0.500044","0.500546","0.0373253","0.511521","0.533517","1.21788","1.73657e-15","3.12011","3.07945","2.68815","7.402","0","0","0","0","0","0","0","0"
"9.62308","0.500044","0.500546","0.0374323","0.513265","0.539492","1.26414","1.72834e-15","3.15146","3.05702","2.75716","7.56241","0","0","0","0","0","0","0","0"
"9.6264","0.500044","0.500546","0.0375392","0.512523","0.537412","1.27479","1.73465e-15","3.11742","3.02623","2.70627","7.70736","0","0","0","0","0","0","0","0"
"9.62987","0.500044","0.500546","0.0375674","0.512949","0.538432","1.30467","1.72492e-15","3.05067","3.01116","2.66657","7.66041","0","0","0","0","0","0","0","0"
"9.6332","0.500044","0.501114","0.0375854","0.509593","0.530117","1.30308","1.73095e-15","3.00719","3.04536","2.63548","7.60467","0","0","0","0","0","0","0","0"
"9.63655","0.500044","0.501114","0.0376009","0.515775","0.532799","1.31802","1.74151e-15","3.06305","3.07055","2.55857","7.65674","0","0","0","0","0","0","0","0"
"9.6399","0.500044","0.501114","0.0376189","0.517827","0.531071","1.30637","1.73058e-15","2.99946","3.02728","2.57658","7.57785","0","0","0","0","0","0","0","0"
"9.6434","0.500044","0.501114","0.0376344","0.514955","0.527663","1.32021","1.74372e-15","2.9916","3.02572","2.50117","7.67894","0","0","0","0","0","0","0","0"
"9.64687","0.500044","0.501114","0.0376373","0.516342","0.533093","1.31451","1.7325e-15","2.96918","3.01377","2.49649","7.52843","0","0","0","0","0","0","0","0"
"9.6503","0.500044","0.501295","0.0376377","0.50917","0.528103","1.27462","1.73645e-15","2.99543","3.01655","2.60745","7.39283","0","0","0","0","0","0","0","0"
"9.65365","0.500044","0.501295","0.0376381","0.511732","0.534149","1.34295","1.74642e-15","3.02639","3.08009","2.82876","7.49332","0","0","0","0","0","0","0","0"
"9.65722","0.500044","0.501295","0.0376384","0.520784","0.544521","1.43167","1.74299e-15","3.09351","3.16885","3.08029","7.45991","0","0","0","0","0","0","0","0"
"9.66137","0.500044","0.501295","0.0376339","0.521839","0.544766","1.41165","1.74675e-15","3.10365","3.16943","3.08205","7.48848","0","0","0","0","0","0","0","0"
"9.66477","0.500044","0.501933","0.0376193","0.519122","0.542384","1.37532","1.73573e-15","3.08412","3.17211","3.16843","7.43943","0","0","0","0","0","0","0","0"
"9.66815","0.500044","0.501933","0.0376023","0.514478","0.532254","1.39074","1.751e-15","3.06188","3.20758","3.00358","7.48834","0","0","0","0","0","0","0","0"
"9.67153","0.500044","0.501933","0.0375877","0.512228","0.530669","1.38228","1.74363e-15","3.04911","3.2287","2.97527","7.50354","0","0","0","0","0","0","0","0"
"9.67492","0.500044","0.501933","0.0375707","0.511049","0.530539","1.34379","1.74659e-15","3.02611","3.19582","3.06547","7.5655","0","0","0","0","0","0","0","0"
"9.67845","0.500044","0.501933","0.0375589","0.508115","0.528965","1.33279","1.74021e-15","3.02495","3.17825","3.02738","7.56501","0","0","0","0","0","0","0","0"
"9.68165","0.500044","0.502924","0.0375516","0.510004","0.528618","1.3593","1.7349e-15","2.9886","3.12829","3.11538","7.4867","0","0","0","0","0","0","0","0"
"9.68498","0.500044","0.502924","0.0375454","0.510206","0.530715","1.36401","1.74602e-15","3.01278","3.12063","3.13597","7.50604","0","0","0","0","0","0","0","0"
"9.68838","0.500044","0.502924","0.0375381","0.513892","0.532959","1.34936","1.74025e-15","2.98462","3.1183","3.10296","7.43654","0","0","0","0","0","0","0","0"
"9.69177","0.500044","0.502924","0.0375318","0.513643","0.534559","1.33713","1.75295e-15","2.99312","3.09201","3.19066","7.59862","0","0","0","0","0","0","0","0"
"9.69625","0.500044","0.502924","0.0375307","0.509841","0.529611","1.31184","1.74586e-15","2.96051","3.07883","3.2255","7.49365","0","0","0","0","0","0","0","0"
"9.69962","0.500044","0.503248","0.0375343","0.507871","0.529234","1.37054","1.74568e-15","2.94374","3.04215","3.08914","7.45408","0","0","0","0","0","0","0","0"
"9.70298","0.500044","0.503248","0.0375385","0.509079","0.529547","1.35682","1.75194e-15","2.93689","3.03423","3.08795","7.4455","0","0","0","0","0","0","0","0"
"9.7063","0.500044","0.503248","0.0375421","0.508242","0.529447","1.35976","1.74675e-15","2.93347","3.02193","3.05842","7.3246","0","0","0","0","0","0","0","0"
"9.70975","0.500044","0.503248","0.0375463","0.504553","0.523295","1.33275","1.74901e-15","2.94145","3.03107","3.09975","7.38343","0","0","0","0","0","0","0","0"
"9.71323","0.500044","0.503248","0.0375612","0.505349","0.525874","1.3187","1.73806e-15","2.94986","3.02305","3.12581","7.3957","0","0","0","0","0","0","0","0"
"9.71647","0.500044","0.502676","0.0375812","0.506473","0.526839","1.3392","1.73921e-15","2.95067","3.00371","3.17438","7.37097","0","0","0","0","0","0","0","0"
"9.71982","0.500044","0.502676","0.0375983","0.50807","0.527105","1.34835","1.74556e-15","2.93034","2.97971","3.08228","7.41342","0","0","0","0","0","0","0","0"
"9.72317","0.500044","0.502676","0.0376155","0.504739","0.52322","1.33674","1.7386e-15","2.93743","2.991","3.08203","7.37849","0","0","0","0","0","0","0","0"
"9.72653","0.500044","0.502676","0.0376355","0.502351","0.522085","1.31324","1.74096e-15","2.9434","2.98039","3.11766","7.35012","0","0","0","0","0","0","0","0"
"9.73007","0.500044","0.502676","0.0376427","0.506945","0.525463","1.32312","1.73532e-15","3.03372","3.03429","3.15132","7.24401","0","0","0","0","0","0","0","0"
"9.73333","0.500044","0.502122","0.0376489","0.50999","0.529326","1.3717","1.74051e-15","3.02709","3.05835","3.17128","7.2694","0","0","0","0","0","0","0","0"
"9.73672","0.500044","0.502122","0.0376542","0.511481","0.529954","1.35451","1.73734e-15","3.04771","3.06318","3.19765","7.19449","0","0","0","0","0","0","0","0"
"9.74007","0.500044","0.502122","0.0376604","0.511477","0.529964","1.32287","1.742e-15","3.02608","3.04894","3.28951","7.37014","0","0","0","0","0","0","0","0"
"9.7434","0.500044","0.502122","0.0376657","0.50921","0.526697","1.30311","1.73771e-15","3.03807","3.07767","3.3183","7.29012","0","0","0","0","0","0","0","0"
"9.74687","0.500044","0.502122","0.0376638","0.507606","0.525307","1.32647","1.73872e-15","3.03656","3.05571","3.18595","7.22601","0","0","0","0","0","0","0","0"
"9.7502","0.500044","0.501431","0.037661","0.504268","0.523975","1.31349","1.7343e-15","3.03445","3.05813","3.18518","7.2041","0","0","0","0","0","0","0","0"
"9.75378","0.500044","0.501431","0.0376578","0.510201","0.528037","1.34106","1.74048e-15","3.01455","3.03932","3.06449","7.34096","0","0","0","0","0","0","0","0"
"9.75718","0.500044","0.501431","0.0376546","0.512004","0.53074","1.3483","1.73352e-15","3.00919","3.05513","3.03741","7.41945","0","0","0","0","0","0","0","0"
"9.76135","0.500044","0.501431","0.0376513","0.511382","0.531488","1.32953","1.7348e-15","3.03264","3.07829","3.05248","7.3715","0","0","0","0","0","0","0","0"
"9.76472","0.500044","0.501749","0.0376496","0.5086","0.530831","1.30199","1.73975e-15","3.04074","3.08685","3.14687","7.52326","0","0","0","0","0","0","0","0"
"9.7681","0.500044","0.501749","0.0376476","0.509761","0.531213","1.28916","1.73658e-15","3.04804","3.06705","3.15696","7.49487","0","0","0","0","0","0","0","0"
"9.7715","0.500044","0.501749","0.0376459","0.512743","0.533197","1.32711","1.74243e-15","3.04417","3.06833","3.17351","7.55617","0","0","0","0","0","0","0","0"
"9.77488","0.500044","0.501749","0.0376439","0.513569","0.534869","1.36585","1.73743e-15","3.03241","3.06354","3.21463","7.53273","0","0","0","0","0","0","0","0"
"9.77967","0.500044","0.501749","0.0376359","0.51294","0.534355","1.33919","1.73482e-15","3.03045","3.06181","3.25851","7.5726","0","0","0","0","0","0","0","0"
"9.7829","0.500044","0.502044","0.0376276","0.509039","0.531206","1.33697","1.74614e-15","3.03232","3.07767","3.19997","7.66007","0","0","0","0","0","0","0","0"
"9.78652","0.500044","0.502044","0.0376179","0.508158","0.532837","1.31664","1.74182e-15","3.01782","3.06393","3.23612","7.59702","0","0","0","0","0","0","0","0"
"9.7899","0.500044","0.502044","0.0376083","0.508119","0.532188","1.2984","1.74389e-15","3.01038","3.04992","3.2714","7.62594","0","0","0","0","0","0","0","0"
"9.79342","0.500044","0.502044","0.0376","0.508532","0.53287","1.29609","1.74732e-15","2.98944","3.02595","3.23163","7.65063","0","0","0","0","0","0","0","0"
"9.79685","0.500044","0.502044","0.0375884","0.506194","0.531213","1.28638","1.74188e-15","2.99398","3.02853","3.23862","7.53264","0","0","0","0","0","0","0","0"
"9.80015","0.500044","0.502831","0.0375781","0.510247","0.535145","1.29984","1.75033e-15","3.02843","3.06116","3.2168","7.59076","0","0","0","0","0","0","0","0"
"9.80352","0.500044","0.502831","0.037566","0.514008","0.537958","1.34044","1.74731e-15","3.01751","3.01486","3.4313","7.6132","0","0","0","0","0","0","0","0"
"9.80692","0.500044","0.502831","0.0375557","0.512951","0.538109","1.37753","1.75316e-15","3.00597","3.01177","3.4841","7.60966","0","0","0","0","0","0","0","0"
"9.81135","0.500044","0.502831","0.0375431","0.509827","0.535256","1.47777","1.75046e-15","3.00617","3.00134","3.69975","7.6002","0","0","0","0","0","0","0","0"
"9.81473","0.500044","0.502825","0.0375413","0.509351","0.534183","1.62529","1.74255e-15","3.00836","3.013","4.01146","7.55508","0","0","0","0","0","0","0","0"
"9.81992","0.500044","0.502825","0.0375392","0.50759","0.533352","1.69281","1.74508e-15","3.00724","3.0034","3.78751","7.54807","0","0","0","0","0","0","0","0"
"9.8215","0.500044","0.502825","0.0375374","0.508085","0.534883","1.81783","1.74696e-15","3.00107","2.99965","4.26946","7.60472","0","0","0","0","0","0","0","0"
"9.82488","0.500044","0.502825","0.0375353","0.509378","0.537327","2.0043","1.74689e-15","3.01781","2.99686","3.92104","7.56978","0","0","0","0","0","0","0","0"
"9.82837","0.500044","0.502825","0.0375341","0.513056","0.540813","2.03318","1.75019e-15","3.05801","2.99251","3.72443","7.55816","0","0","0","0","0","0","0","0"
"9.83165","0.500044","0.50328","0.0375343","0.514101","0.541444","2.03379","1.74659e-15","3.04611","2.99266","3.65078","7.52384","0","0","0","0","0","0","0","0"
"9.83503","0.500044","0.50328","0.0375344","0.514633","0.54351","2.00755","1.74802e-15","3.0857","3.04825","3.69492","7.55988","0","0","0","0","0","0","0","0"
"9.83842","0.500044","0.50328","0.0375346","0.514428","0.545038","1.97627","1.75408e-15","3.064","3.01965","3.75635","7.64783","0","0","0","0","0","0","0","0"
"9.84182","0.500044","0.50328","0.0375348","0.512668","0.545188","1.95727","1.74851e-15","3.09284","3.0387","3.76325","7.59046","0","0","0","0","0","0","0","0"
"9.8453","0.500044","0.50328","0.0375338","0.511676","0.544071","1.94127","1.74906e-15","3.09087","3.04756","3.73915","7.58018","0","0","0","0","0","0","0","0"
"9.84858","0.500044","0.503593","0.0375316","0.510006","0.542894","1.93024","1.74861e-15","3.09018","3.04912","3.70179","7.63157","0","0","0","0","0","0","0","0"
"9.85197","0.500044","0.503593","0.0375291","0.509124","0.544012","1.9661","1.74848e-15","3.0968","3.04696","3.58506","7.61744","0","0","0","0","0","0","0","0"
"9.85535","0.500044","0.503593","0.0375269","0.510648","0.543874","1.99069","1.75174e-15","3.084","3.03763","3.49808","7.66232","0","0","0","0","0","0","0","0"
"9.85873","0.500044","0.503593","0.0375244","0.509426","0.542772","1.98776","1.74961e-15","3.0838","3.04036","3.44164","7.72284","0","0","0","0","0","0","0","0"
"9.863","0.500044","0.503593","0.0375196","0.512447","0.545495","1.98256","1.7456e-15","3.06474","3.0402","3.40501","7.70593","0","0","0","0","0","0","0","0"
"9.86628","0.500044","0.504625","0.0375152","0.513409","0.546657","1.9903","1.75118e-15","3.08531","3.05363","3.36861","7.72823","0","0","0","0","0","0","0","0"
"9.86967","0.500044","0.504625","0.03751","0.511834","0.549554","1.98254","1.74998e-15","3.07381","3.04338","3.34937","7.77061","0","0","0","0","0","0","0","0"
"9.87307","0.500044","0.504625","0.0375056","0.5113","0.551515","1.97603","1.75187e-15","3.07337","3.03388","3.32805","7.73733","0","0","0","0","0","0","0","0"
"9.87643","0.500044","0.504625","0.0375004","0.511188","0.553377","1.99805","1.75486e-15","3.05702","3.02886","3.29349","7.73734","0","0","0","0","0","0","0","0"
"9.87993","0.500044","0.504625","0.0374913","0.512471","0.55494","2.01368","1.75268e-15","3.0432","3.04286","3.23741","7.70492","0","0","0","0","0","0","0","0"
"9.88322","0.500044","0.504899","0.0374795","0.513487","0.556813","2.037","1.75288e-15","3.02204","3.06552","3.17712","7.70473","0","0","0","0","0","0","0","0"
"9.8866","0.500044","0.504899","0.0374693","0.514588","0.558925","2.06318","1.75549e-15","3.01648","3.06526","3.08376","7.70941","0","0","0","0","0","0","0","0"
"9.88998","0.500044","0.504899","0.0374575","0.514287","0.557043","2.0409","1.75108e-15","3.02239","3.06894","3.10637","7.69335","0","0","0","0","0","0","0","0"
"9.89337","0.500044","0.504899","0.0374474","0.513714","0.558065","2.0225","1.75337e-15","3.03264","3.06313","3.12154","7.68792","0","0","0","0","0","0","0","0"
"9.89687","0.500044","0.504899","0.0374259","0.514996","0.559589","2.0099","1.75154e-15","3.02132","3.06486","3.11724","7.64463","0","0","0","0","0","0","0","0"
"9.90015","0.500044","0.505674","0.0374061","0.515247","0.559769","1.9924","1.74878e-15","3.00836","3.0567","3.13569","7.62258","0","0","0","0","0","0","0","0"
"9.9036","0.500044","0.505674","0.037383","0.515578","0.563342","1.97821","1.75247e-15","2.99511","3.12287","3.1438","7.60461","0","0","0","0","0","0","0","0"
"9.9069","0.500044","0.505674","0.0373633","0.516185","0.565592","1.96961","1.75204e-15","2.9823","3.1112","3.13473","7.61085","0","0","0","0","0","0","0","0"
"9.91135","0.500044","0.505674","0.0373322","0.51767","0.568559","2.07315","1.75306e-15","2.97474","3.07765","3.40648","7.55802","0","0","0","0","0","0","0","0"
"9.91473","0.500044","0.507117","0.0373083","0.521338","0.573392","2.23527","1.75361e-15","2.9872","3.09967","3.97112","7.54169","0","0","0","0","0","0","0","0"
"9.91822","0.500044","0.507117","0.0372803","0.521714","0.575917","2.38746","1.74995e-15","2.98005","3.08833","3.7635","7.51391","0","0","0","0","0","0","0","0"
"9.9216","0.500044","0.507117","0.0372563","0.521285","0.576459","2.45573","1.75358e-15","2.97863","3.08545","3.591","7.45592","0","0","0","0","0","0","0","0"
"9.925","0.500044","0.507117","0.0372284","0.5225","0.57661","2.44588","1.75499e-15","2.9784","3.05818","3.56571","7.49977","0","0","0","0","0","0","0","0"
"9.92857","0.500044","0.507117","0.0372001","0.522032","0.578693","2.41297","1.75168e-15","2.97984","3.04396","3.63787","7.46825","0","0","0","0","0","0","0","0"
"9.93177","0.500044","0.508752","0.0371569","0.522082","0.578793","2.38566","1.75513e-15","2.9704","3.0412","3.6743","7.49092","0","0","0","0","0","0","0","0"
"9.93515","0.500044","0.508752","0.0371199","0.520853","0.577885","2.37","1.75132e-15","2.96754","3.03914","3.67157","7.44303","0","0","0","0","0","0","0","0"
"9.93853","0.500044","0.508752","0.0370767","0.523926","0.582739","2.37443","1.75447e-15","3.00213","3.0956","3.59567","7.50682","0","0","0","0","0","0","0","0"
"9.94192","0.500044","0.508752","0.0370397","0.522606","0.581334","2.37872","1.75444e-15","3.01336","3.10123","3.5308","7.5447","0","0","0","0","0","0","0","0"
"9.94622","0.500044","0.508752","0.0369585","0.522789","0.582153","2.37622","1.75243e-15","3.01648","3.10293","3.4565","7.51711","0","0","0","0","0","0","0","0"
"9.94953","0.500044","0.511062","0.0368597","0.52416","0.583114","2.40311","1.75415e-15","2.99428","3.10892","3.38808","7.54687","0","0","0","0","0","0","0","0"
"9.95292","0.500044","0.511062","0.0367608","0.527012","0.585213","2.43515","1.75486e-15","3.05319","3.10077","3.32563","7.56934","0","0","0","0","0","0","0","0"
"9.95633","0.500044","0.511062","0.0366761","0.526412","0.584779","2.42766","1.755e-15","3.04568","3.09367","3.29944","7.50913","0","0","0","0","0","0","0","0"
"9.95968","0.500044","0.511062","0.0365772","0.525096","0.584709","2.41174","1.75794e-15","3.04293","3.07786","3.29201","7.54294","0","0","0","0","0","0","0","0"
"9.96318","0.500044","0.511062","0.036436","0.524673","0.584592","2.39903","1.75317e-15","3.02788","3.07169","3.28921","7.52672","0","0","0","0","0","0","0","0"
"9.96647","0.500044","0.512655","0.0362581","0.522692","0.581531","2.37492","1.75396e-15","3.03437","3.0739","3.31165","7.50825","0","0","0","0","0","0","0","0"
"9.96987","0.500044","0.512655","0.0361056","0.521656","0.582347","2.36086","1.75429e-15","3.03915","3.07274","3.3104","7.53639","0","0","0","0","0","0","0","0"
"9.97325","0.500044","0.512655","0.0359277","0.520224","0.581075","2.33447","1.75224e-15","3.0294","3.071","3.3486","7.52826","0","0","0","0","0","0","0","0"
"9.97662","0.500044","0.512655","0.0357752","0.520378","0.58081","2.30966","1.75516e-15","3.01815","3.05961","3.39235","7.546","0","0","0","0","0","0","0","0"
"9.9801","0.500044","0.512655","0.0355782","0.518518","0.580003","2.28331","1.75335e-15","3.02955","3.06348","3.43778","7.57346","0","0","0","0","0","0","0","0"
"9.98338","0.500044","0.513798","0.0354067","0.517821","0.579122","2.2656","1.7537e-15","3.02054","3.05618","3.45486","7.52168","0","0","0","0","0","0","0","0"
"9.98677","0.500044","0.513798","0.0352066","0.518009","0.57891","2.25639","1.75567e-15","3.01481","3.05654","3.43228","7.49923","0","0","0","0","0","0","0","0"
"9.99015","0.500044","0.513798","0.035035","0.516756","0.577147","2.2413","1.75171e-15","3.02704","3.06503","3.43884","7.46643","0","0","0","0","0","0","0","0"
"9.99468","0.500044","0.513798","0.0347925","0.516195","0.577861","2.23342","1.75181e-15","3.02472","3.07174","3.41728","7.44772","0","0","0","0","0","0","0","0"
"9.99798","0.500044","0.51393","0.0346653","0.515489","0.577114","2.36207","1.75346e-15","3.01502","3.07333","3.89052","7.54138","0","0","0","0","0","0","0","0"
"10.0014","0.500044","0.51393","0.034517","0.514365","0.576081","2.57694","1.75106e-15","3.01127","3.05743","3.84003","7.56572","0","0","0","0","0","0","0","0"
"10.0171","0.500044","0.51393","0.0340338","0.514192","0.576062","2.61878","1.74647e-15","3.00509","3.021","3.69994","7.47352","0","0","0","0","0","0","0","0"
"10.0182","0.500044","0.513645","0.0339519","0.512773","0.573589","2.59199","1.74878e-15","3.01767","3.03331","3.75098","7.49695","0","0","0","0","0","0","0","0"
"10.0216","0.500044","0.513645","0.03387","0.51407","0.574158","2.5749","1.74879e-15","3.03314","3.03499","3.76275","7.4689","0","0","0","0","0","0","0","0"
"10.0251","0.500044","0.513645","0.0337744","0.513108","0.573064","2.54864","1.75128e-15","3.04347","3.05927","3.80001","7.47526","0","0","0","0","0","0","0","0"
"10.0296","0.500044","0.513645","0.033685","0.514877","0.572982","2.53436","1.74872e-15","3.06697","3.04996","3.77336","7.44874","0","0","0","0","0","0","0","0"
"10.0331","0.500044","0.513443","0.0336363","0.514489","0.573295","2.52221","1.74384e-15","3.05986","3.03854","3.76128","7.41592","0","0","0","0","0","0","0","0"
"10.0365","0.500044","0.513443","0.0335946","0.51448","0.572052","2.51169","1.74688e-15","3.05324","3.0387","3.74766","7.39411","0","0","0","0","0","0","0","0"
"10.0399","0.500044","0.513443","0.0335459","0.513224","0.571378","2.49199","1.74437e-15","3.05371","3.05586","3.76157","7.37493","0","0","0","0","0","0","0","0"
"10.0433","0.500044","0.513443","0.0335042","0.512911","0.570702","2.48141","1.74694e-15","3.04596","3.05283","3.74835","7.3931","0","0","0","0","0","0","0","0"
"10.0468","0.500044","0.513443","0.0334839","0.511405","0.569597","2.4563","1.74353e-15","3.0539","3.05406","3.78937","7.39325","0","0","0","0","0","0","0","0"
"10.05","0.500044","0.513405","0.0334706","0.510984","0.568223","3.30177","1.74265e-15","3.04596","3.05587","14.2371","7.36623","0","0","0","0","0","0","0","0"
"10.0534","0.500044","0.513405","0.033455","0.510303","0.566919","4.22748","1.74228e-15","3.04123","3.05116","10.8331","7.3846","0","0","0","0","0","0","0","0"
"10.0568","0.500044","0.513405","0.0334417","0.509996","0.566121","4.55153","1.74326e-15","3.02545","3.03818","8.90952","7.355","0","0","0","0","0","0","0","0"
"10.0613","0.500044","0.513405","0.0334301","0.509962","0.565891","4.77047","1.74298e-15","3.0107","3.0372","7.58756","7.3427","0","0","0","0","0","0","0","0"
"10.0646","0.500044","0.513346","0.0334419","0.510524","0.565543","4.81567","1.73725e-15","3.00269","3.03165","7.20756","7.32985","0","0","0","0","0","0","0","0"
"10.068","0.500044","0.513346","0.0334557","0.510318","0.565928","4.76255","1.73993e-15","3.0089","3.04231","7.30744","7.34923","0","0","0","0","0","0","0","0"
"10.0714","0.500044","0.513346","0.0334675","0.509351","0.56444","4.70626","1.73753e-15","3.00559","3.03763","7.46145","7.33573","0","0","0","0","0","0","0","0"
"10.0748","0.500044","0.513346","0.0334813","0.509003","0.565113","4.65677","1.74002e-15","3.01771","3.03809","7.54878","7.31978","0","0","0","0","0","0","0","0"
"10.0783","0.500044","0.513346","0.0334959","0.509444","0.565357","4.6379","1.73688e-15","3.03003","3.04338","7.49001","7.28002","0","0","0","0","0","0","0","0"
"10.0815","0.500044","0.512744","0.0335192","0.508877","0.566157","4.62768","1.73386e-15","3.02467","3.04526","7.35735","7.25556","0","0","0","0","0","0","0","0"
"10.0849","0.500044","0.512744","0.0335392","0.509085","0.565748","4.62846","1.73674e-15","3.01993","3.05083","7.19871","7.29459","0","0","0","0","0","0","0","0"
"10.0883","0.500044","0.512744","0.0335626","0.508025","0.564849","4.62759","1.73519e-15","3.02393","3.04738","7.02321","7.23886","0","0","0","0","0","0","0","0"
"10.0917","0.500044","0.512744","0.0335826","0.507438","0.565045","4.72748","1.73556e-15","3.01999","3.04183","6.80966","7.19172","0","0","0","0","0","0","0","0"
"10.0952","0.500044","0.512744","0.033609","0.507982","0.56584","7.97039","1.73235e-15","3.01783","3.04053","17.6198","7.14228","0","0","0","0","0","0","0","0"
"10.0985","0.500044","0.512298","0.033635","0.509347","0.568701","9.18725","1.73232e-15","3.02174","3.07029","12.8312","7.13681","0","0","0","0","0","0","0","0"
"10.1019","0.500044","0.512298","0.0336654","0.508887","0.568502","9.47147","1.73135e-15","3.02264","3.07145","11.3344","7.14927","0","0","0","0","0","0","0","0"
"10.1053","0.500044","0.512298","0.0336915","0.508789","0.568824","9.41327","1.73291e-15","3.01488","3.07174","11.3361","7.13611","0","0","0","0","0","0","0","0"
"10.1086","0.500044","0.512298","0.0337219","0.509196","0.568962","9.28049","1.73254e-15","3.01769","3.06516","11.6494","7.10648","0","0","0","0","0","0","0","0"
"10.1129","0.500044","0.512298","0.033755","0.510675","0.57127","9.17192","1.72789e-15","3.03813","3.08309","11.8135","7.0839","0","0","0","0","0","0","0","0"
"10.1162","0.500044","0.512164","0.0337791","0.509163","0.569638","9.13349","1.72904e-15","3.04183","3.08447","11.7322","7.12673","0","0","0","0","0","0","0","0"
"10.1196","0.500044","0.512164","0.0338073","0.510785","0.570965","9.12368","1.72657e-15","3.04063","3.08355","11.4748","7.1255","0","0","0","0","0","0","0","0"
"10.123","0.500044","0.512164","0.0338314","0.510999","0.571423","9.12963","1.72857e-15","3.03393","3.08324","11.1941","7.11587","0","0","0","0","0","0","0","0"
"10.1263","0.500044","0.512164","0.0338595","0.509943","0.570878","9.13911","1.72759e-15","3.04342","3.08338","10.8652","7.09744","0","0","0","0","0","0","0","0"
"10.1298","0.500044","0.512164","0.0338792","0.508552","0.56979","9.1421","1.72497e-15","3.04659","3.0788","10.6154","7.04218","0","0","0","0","0","0","0","0"
"10.1331","0.500044","0.512436","0.0339013","0.509757","0.571465","9.13499","1.72633e-15","3.03334","3.06534","10.3813","7.09772","0","0","0","0","0","0","0","0"
"10.1365","0.500044","0.512436","0.0339202","0.510905","0.572192","9.11495","1.72337e-15","3.04327","3.05167","10.2412","7.08085","0","0","0","0","0","0","0","0"
"10.1399","0.500044","0.512436","0.0339423","0.510443","0.572046","9.07603","1.72602e-15","3.04338","3.04422","10.1445","7.09795","0","0","0","0","0","0","0","0"
"10.1433","0.500044","0.512436","0.0339611","0.511234","0.573165","9.03295","1.72498e-15","3.02572","3.05246","10.1031","7.10446","0","0","0","0","0","0","0","0"
"10.1468","0.500044","0.512436","0.0339771","0.510971","0.572491","8.97034","1.72348e-15","3.01961","3.05187","10.1124","7.05574","0","0","0","0","0","0","0","0"
"10.15","0.500044","0.512809","0.0339899","0.510965","0.571821","8.90985","1.72432e-15","3.01043","3.04864","10.1539","7.06007","0","0","0","0","0","0","0","0"
"10.1535","0.500044","0.512809","0.0340048","0.510479","0.572348","8.82727","1.72357e-15","3.03549","3.05755","10.258","7.04315","0","0","0","0","0","0","0","0"
"10.1569","0.500044","0.512809","0.0340176","0.511788","0.572777","8.75162","1.72413e-15","3.06565","3.0727","10.3734","7.03967","0","0","0","0","0","0","0","0"
"10.1614","0.500044","0.512809","0.0340346","0.511646","0.574699","8.63203","1.72273e-15","3.06415","3.07652","10.5836","7.0167","0","0","0","0","0","0","0","0"
"10.1646","0.500044","0.513038","0.0340411","0.511845","0.574325","8.5497","1.71937e-15","3.07141","3.06975","10.7483","6.992","0","0","0","0","0","0","0","0"
"10.168","0.500044","0.513038","0.0340487","0.513454","0.576484","8.45036","1.72263e-15","3.06601","3.1513","10.9666","7.02565","0","0","0","0","0","0","0","0"
"10.1714","0.500044","0.513038","0.0340551","0.514033","0.577024","8.47971","1.72025e-15","3.06841","3.13825","10.6216","7.02132","0","0","0","0","0","0","0","0"
"10.1748","0.500044","0.513038","0.0340627","0.515809","0.579805","9.15022","1.72165e-15","3.06702","3.12123","8.86396","7.05327","0","0","0","0","0","0","0","0"
"10.1783","0.500044","0.513038","0.0340687","0.516157","0.580607","9.4906","1.71982e-15","3.07382","3.11932","7.88213","7.02628","0","0","0","0","0","0","0","0"
"10.1816","0.500044","0.513334","0.0340746","0.516557","0.581145","9.56196","1.7223e-15","3.07164","3.11659","7.52868","7.06151","0","0","0","0","0","0","0","0"
"10.185","0.500044","0.513334","0.0340796","0.516513","0.581431","9.49049","1.72169e-15","3.06522","3.1107","7.59062","7.07656","0","0","0","0","0","0","0","0"
"10.1883","0.500044","0.513334","0.0340855","0.517784","0.58241","9.37293","1.72287e-15","3.05487","3.09386","7.77356","7.07925","0","0","0","0","0","0","0","0"
"10.1917","0.500044","0.513334","0.0340905","0.517422","0.58198","9.42903","1.72257e-15","3.05437","3.09406","7.65619","7.09104","0","0","0","0","0","0","0","0"
"10.1963","0.500044","0.513334","0.034099","0.518384","0.58434","11.1354","1.7216e-15","3.05543","3.08151","7.02072","7.0693","0","0","0","0","0","0","0","0"
"10.1995","0.500044","0.514097","0.0341051","0.520121","0.587231","11.2841","1.72252e-15","3.04555","3.08199","6.63594","7.08522","0","0","0","0","0","0","0","0"
"10.2029","0.500044","0.514097","0.0341122","0.521947","0.589851","11.1874","1.72448e-15","3.04285","3.08373","6.70016","7.08656","0","0","0","0","0","0","0","0"
"10.2063","0.500044","0.514097","0.0341183","0.523414","0.591284","11.0713","1.72349e-15","3.05034","3.09443","6.83506","7.07594","0","0","0","0","0","0","0","0"
"10.2097","0.500044","0.514097","0.0341254","0.526841","0.595666","10.9741","1.72767e-15","3.06073","3.10556","6.90553","7.1185","0","0","0","0","0","0","0","0"
"10.2132","0.500044","0.514097","0.0341336","0.529673","0.599561","10.9331","1.72594e-15","3.0669","3.12471","6.86955","7.10995","0","0","0","0","0","0","0","0"
"10.2165","0.500044","0.515181","0.0341436","0.533127","0.603757","10.9237","1.73002e-15","3.07678","3.11873","6.74736","7.14434","0","0","0","0","0","0","0","0"
"10.2199","0.500044","0.515181","0.0341522","0.535289","0.607863","10.9203","1.72957e-15","3.09014","3.1286","6.63469","7.12755","0","0","0","0","0","0","0","0"
"10.2233","0.500044","0.515181","0.0341623","0.536947","0.611486","10.8611","1.73231e-15","3.08024","3.14857","6.62353","7.17503","0","0","0","0","0","0","0","0"
"10.2266","0.500044","0.515181","0.0341709","0.540844","0.616052","10.8173","1.73257e-15","3.10871","3.17069","6.59862","7.14461","0","0","0","0","0","0","0","0"
"10.2301","0.500044","0.515181","0.0341823","0.545261","0.622335","10.7807","1.73204e-15","3.12529","3.19263","6.54106","7.19334","0","0","0","0","0","0","0","0"
"10.2335","0.500044","0.516758","0.0341924","0.548274","0.627401","10.747","1.73018e-15","3.13298","3.18586","6.49752","7.15807","0","0","0","0","0","0","0","0"
"10.2368","0.500044","0.516758","0.034204","0.551766","0.632116","10.6969","1.733e-15","3.1516","3.17656","6.47135","7.21857","0","0","0","0","0","0","0","0"
"10.2402","0.500044","0.516758","0.0342141","0.553806","0.634414","10.651","1.73246e-15","3.169","3.17611","6.45615","7.22199","0","0","0","0","0","0","0","0"
"10.2447","0.500044","0.516758","0.0342221","0.556982","0.638769","10.5177","1.73237e-15","3.16088","3.16015","6.58287","7.20969","0","0","0","0","0","0","0","0"
"10.248","0.500044","0.52001","0.0342112","0.559172","0.641466","10.4348","1.73477e-15","3.16799","3.15126","6.65829","7.23884","0","0","0","0","0","0","0","0"
"10.2514","0.500044","0.52001","0.0341984","0.560817","0.645206","10.3435","1.73461e-15","3.15959","3.14854","6.73625","7.23685","0","0","0","0","0","0","0","0"
"10.2548","0.500044","0.52001","0.0341875","0.563506","0.648082","10.2677","1.73628e-15","3.17353","3.16268","6.79957","7.2574","0","0","0","0","0","0","0","0"
"10.2581","0.500044","0.52001","0.0341748","0.564682","0.650855","10.1775","1.73676e-15","3.17152","3.15397","6.88036","7.27737","0","0","0","0","0","0","0","0"
"10.2616","0.500044","0.52001","0.0341602","0.565185","0.650549","10.1958","1.73659e-15","3.18279","3.14717","6.79508","7.2588","0","0","0","0","0","0","0","0"
"10.2649","0.500044","0.524606","0.0341347","0.565194","0.650529","10.3362","1.73788e-15","3.17803","3.14219","6.40633","7.27605","0","0","0","0","0","0","0","0"
"10.2683","0.500044","0.524606","0.0341129","0.564986","0.650281","10.2933","1.7374e-15","3.18064","3.14199","6.39369","7.26463","0","0","0","0","0","0","0","0"
"10.2717","0.500044","0.524606","0.0340875","0.565557","0.650505","10.19","1.74132e-15","3.17838","3.15715","6.50485","7.32345","0","0","0","0","0","0","0","0"
"10.2752","0.500044","0.524606","0.0340657","0.566067","0.650297","10.2753","1.73943e-15","3.17242","3.14832","6.25194","7.29848","0","0","0","0","0","0","0","0"
"10.2796","0.500044","0.524606","0.0340416","0.565944","0.648677","11.1658","1.74164e-15","3.16995","3.14818","6.37667","7.30011","0","0","0","0","0","0","0","0"
"10.2829","0.500044","0.528545","0.0340302","0.564437","0.647838","12.2544","1.74017e-15","3.16921","3.14619","6.23802","7.26527","0","0","0","0","0","0","0","0"
"10.2863","0.500044","0.528545","0.0340168","0.562504","0.645238","12.4696","1.74353e-15","3.18283","3.1508","5.86126","7.26906","0","0","0","0","0","0","0","0"
"10.2896","0.500044","0.528545","0.0340054","0.560688","0.642609","12.3857","1.74179e-15","3.18883","3.15906","5.90825","7.23546","0","0","0","0","0","0","0","0"
"10.293","0.500044","0.528545","0.033992","0.558359","0.640018","12.2537","1.74456e-15","3.19294","3.16802","6.02818","7.25197","0","0","0","0","0","0","0","0"
"10.2965","0.500044","0.528545","0.0339835","0.557405","0.638676","12.176","1.74243e-15","3.19051","3.16948","6.06739","7.22582","0","0","0","0","0","0","0","0"
"10.2998","0.500044","0.530411","0.0339743","0.55606","0.636516","12.1375","1.74358e-15","3.19221","3.18152","6.02134","7.21922","0","0","0","0","0","0","0","0"
"10.3032","0.500044","0.530411","0.0339663","0.55512","0.635079","12.1384","1.74659e-15","3.18852","3.18","5.92557","7.23585","0","0","0","0","0","0","0","0"
"10.3066","0.500044","0.530411","0.0339571","0.554781","0.634537","12.1564","1.74529e-15","3.18598","3.17852","5.78967","7.23008","0","0","0","0","0","0","0","0"
"10.31","0.500044","0.530411","0.0339492","0.555034","0.634458","12.1739","1.74666e-15","3.18705","3.17958","5.67382","7.25095","0","0","0","0","0","0","0","0"
"10.3134","0.500044","0.530411","0.0339392","0.554101","0.633789","12.1535","1.74286e-15","3.18892","3.19985","5.60469","7.25199","0","0","0","0","0","0","0","0"
"10.3167","0.500044","0.53032","0.0339306","0.553468","0.632363","12.0951","1.74519e-15","3.18173","3.19599","5.61291","7.26225","0","0","0","0","0","0","0","0"
"10.3201","0.500044","0.53032","0.0339205","0.55232","0.63089","12.1517","1.74533e-15","3.17747","3.2059","5.56876","7.28154","0","0","0","0","0","0","0","0"
"10.3235","0.500044","0.53032","0.0339119","0.551807","0.629638","12.7195","1.74827e-15","3.18008","3.2048","5.17556","7.32099","0","0","0","0","0","0","0","0"
"10.328","0.500044","0.53032","0.0339007","0.550301","0.628095","12.7749","1.74741e-15","3.18281","3.19972","5.01337","7.29983","0","0","0","0","0","0","0","0"
"10.3313","0.500044","0.529619","0.0338971","0.549525","0.627264","12.6655","1.74594e-15","3.17439","3.20156","5.09411","7.28704","0","0","0","0","0","0","0","0"
"10.3347","0.500044","0.529619","0.033893","0.547792","0.626175","12.5431","1.74457e-15","3.18352","3.20125","5.18379","7.30675","0","0","0","0","0","0","0","0"
"10.3381","0.500044","0.529619","0.0338894","0.548278","0.62645","12.4697","1.74578e-15","3.17862","3.21024","5.21316","7.32328","0","0","0","0","0","0","0","0"
"10.3415","0.500044","0.529619","0.0338853","0.546987","0.62476","12.4183","1.74494e-15","3.17831","3.21406","5.19638","7.34848","0","0","0","0","0","0","0","0"
"10.345","0.500044","0.529619","0.0338861","0.545963","0.623143","12.3931","1.74663e-15","3.17395","3.22288","5.15491","7.3538","0","0","0","0","0","0","0","0"
"10.3483","0.500044","0.529498","0.0338972","0.543908","0.621018","12.3571","1.74478e-15","3.18017","3.22479","5.11771","7.36269","0","0","0","0","0","0","0","0"
"10.3516","0.500044","0.529498","0.0339067","0.543322","0.619678","12.2989","1.74836e-15","3.18283","3.22362","5.12889","7.37475","0","0","0","0","0","0","0","0"
"10.355","0.500044","0.529498","0.0339178","0.543405","0.618646","12.1834","1.74572e-15","3.19007","3.22968","5.21568","7.35778","0","0","0","0","0","0","0","0"
"10.3584","0.500044","0.529498","0.0339273","0.544137","0.618891","12.0876","1.74807e-15","3.19569","3.21616","5.28729","7.38345","0","0","0","0","0","0","0","0"
"10.3629","0.500044","0.529498","0.0339438","0.542739","0.616988","11.9325","1.74673e-15","3.18867","3.2129","5.41974","7.38922","0","0","0","0","0","0","0","0"
"10.3662","0.500044","0.529159","0.0339561","0.54102","0.615565","11.8472","1.74971e-15","3.19397","3.21115","5.48053","7.44281","0","0","0","0","0","0","0","0"
"10.3696","0.500044","0.529159","0.0339703","0.539867","0.613922","11.7438","1.74854e-15","3.19861","3.21521","5.56092","7.44131","0","0","0","0","0","0","0","0"
"10.373","0.500044","0.529159","0.0339826","0.538425","0.612543","11.7523","1.75023e-15","3.1993","3.21431","5.48047","7.43318","0","0","0","0","0","0","0","0"
"10.3765","0.500044","0.529159","0.0339969","0.537975","0.612504","11.7988","1.74899e-15","3.19499","3.20952","5.33135","7.4344","0","0","0","0","0","0","0","0"
"10.3799","0.500044","0.529159","0.0339941","0.537586","0.612025","11.8715","1.74716e-15","3.19215","3.20992","5.16373","7.41175","0","0","0","0","0","0","0","0"
"10.3831","0.500044","0.528645","0.0339873","0.536908","0.611212","11.8268","1.74721e-15","3.18908","3.20286","5.14797","7.41543","0","0","0","0","0","0","0","0"
"10.3865","0.500044","0.528645","0.0339815","0.535771","0.610085","11.7583","1.74784e-15","3.1895","3.19882","5.18091","7.3963","0","0","0","0","0","0","0","0"
"10.3899","0.500044","0.528645","0.0339748","0.534585","0.608326","11.6803","1.75077e-15","3.18815","3.19855","5.21699","7.41556","0","0","0","0","0","0","0","0"
"10.3933","0.500044","0.528645","0.033969","0.534287","0.607916","11.6199","1.75056e-15","3.19246","3.19595","5.23928","7.40086","0","0","0","0","0","0","0","0"
"10.3968","0.500044","0.528645","0.0339609","0.533224","0.606578","11.5095","1.75103e-15","3.18702","3.19967","5.33502","7.3862","0","0","0","0","0","0","0","0"
"10.4001","0.500044","0.528183","0.0339538","0.533061","0.606098","11.4392","1.74912e-15","3.17921","3.19843","5.37647","7.37759","0","0","0","0","0","0","0","0"
"10.4035","0.500044","0.528183","0.0339455","0.532295","0.604816","11.3897","1.75139e-15","3.18296","3.2026","5.36959","7.41565","0","0","0","0","0","0","0","0"
"10.4068","0.500044","0.528183","0.0339383","0.532068","0.604924","11.3167","1.75072e-15","3.17558","3.19927","5.41841","7.3895","0","0","0","0","0","0","0","0"
"10.4114","0.500044","0.528183","0.0339318","0.531677","0.604336","11.1829","1.75021e-15","3.16616","3.19608","5.53905","7.38837","0","0","0","0","0","0","0","0"
"10.4146","0.500044","0.527726","0.0339371","0.530361","0.603048","11.0973","1.74863e-15","3.17084","3.19387","5.61701","7.35827","0","0","0","0","0","0","0","0"
"10.4182","0.500044","0.527726","0.0339432","0.530109","0.602418","10.9936","1.74744e-15","3.1613","3.19031","5.71922","7.38791","0","0","0","0","0","0","0","0"
"10.4214","0.500044","0.527726","0.0339485","0.529634","0.601637","10.9049","1.74729e-15","3.15756","3.189","5.80958","7.39064","0","0","0","0","0","0","0","0"
"10.4248","0.500044","0.527726","0.0339547","0.529045","0.600894","10.806","1.74538e-15","3.15781","3.18696","5.90873","7.3712","0","0","0","0","0","0","0","0"
"10.4283","0.500044","0.527726","0.0339626","0.528158","0.600335","10.7378","1.74778e-15","3.15326","3.18429","5.96098","7.39273","0","0","0","0","0","0","0","0"
"10.4316","0.500044","0.527313","0.0339782","0.528405","0.599455","10.6553","1.74679e-15","3.1474","3.18186","6.03184","7.39586","0","0","0","0","0","0","0","0"
"10.435","0.500044","0.527313","0.0339916","0.527876","0.599022","10.5862","1.74698e-15","3.14511","3.17533","6.09103","7.38755","0","0","0","0","0","0","0","0"
"10.4383","0.500044","0.527313","0.0340072","0.528093","0.598387","10.4984","1.74664e-15","3.14671","3.16665","6.17842","7.37715","0","0","0","0","0","0","0","0"
"10.4417","0.500044","0.527313","0.0340206","0.527265","0.597357","10.4313","1.74929e-15","3.14636","3.16637","6.23649","7.38473","0","0","0","0","0","0","0","0"
"10.4463","0.500044","0.527313","0.0340521","0.526033","0.596185","10.3179","1.74774e-15","3.14327","3.16573","6.35741","7.35733","0","0","0","0","0","0","0","0"
"10.4495","0.500044","0.526983","0.0340793","0.525662","0.595986","10.2426","1.74734e-15","3.14351","3.16129","6.44203","7.36241","0","0","0","0","0","0","0","0"
"10.4529","0.500044","0.526983","0.034111","0.525042","0.595344","10.1795","1.74828e-15","3.14139","3.16317","6.4825","7.39791","0","0","0","0","0","0","0","0"
"10.4563","0.500044","0.526983","0.0341381","0.525479","0.595744","10.108","1.7482e-15","3.14667","3.16289","6.56181","7.39476","0","0","0","0","0","0","0","0"
"10.4597","0.500044","0.526983","0.0341698","0.526225","0.595881","10.016","1.74782e-15","3.1366","3.15353","6.67897","7.37807","0","0","0","0","0","0","0","0"
"10.4632","0.500044","0.526983","0.0341934","0.52625","0.595734","9.94513","1.74527e-15","3.14595","3.14961","6.76227","7.35829","0","0","0","0","0","0","0","0"
"10.4665","0.500044","0.526601","0.0342201","0.527057","0.596621","9.86568","1.7442e-15","3.1682","3.17623","6.85493","7.35785","0","0","0","0","0","0","0","0"
"10.4698","0.500044","0.526601","0.034243","0.525942","0.595571","9.80599","1.74361e-15","3.16898","3.17454","6.91379","7.33565","0","0","0","0","0","0","0","0"
"10.4732","0.500044","0.526601","0.0342696","0.525415","0.595002","9.72183","1.74684e-15","3.1614","3.1711","7.02505","7.37896","0","0","0","0","0","0","0","0"
"10.4766","0.500044","0.526601","0.0342925","0.525271","0.59533","9.64676","1.74578e-15","3.1671","3.17063","7.13204","7.35867","0","0","0","0","0","0","0","0"
"10.4801","0.500044","0.526601","0.0343209","0.524438","0.59441","9.56593","1.74498e-15","3.17201","3.16945","7.24185","7.33915","0","0","0","0","0","0","0","0"
"10.4834","0.500044","0.526367","0.0343454","0.52477","0.594138","9.49657","1.74463e-15","3.16269","3.16675","7.34027","7.31121","0","0","0","0","0","0","0","0"
"10.4868","0.500044","0.526367","0.034374","0.523838","0.593027","9.42005","1.7473e-15","3.1608","3.16875","7.44513","7.35829","0","0","0","0","0","0","0","0"
"10.4902","0.500044","0.526367","0.0343986","0.523189","0.592398","9.35206","1.74664e-15","3.15919","3.16341","7.54529","7.3524","0","0","0","0","0","0","0","0"
"10.4947","0.500044","0.526367","0.0344347","0.522774","0.59215","9.24685","1.74747e-15","3.15873","3.16131","7.71174","7.35735","0","0","0","0","0","0","0","0"
"10.498","0.500044","0.526508","0.0344573","0.523342","0.592231","9.1849","1.74672e-15","3.15816","3.16091","7.80113","7.38257","0","0","0","0","0","0","0","0"
"10.5014","0.500044","0.526508","0.0344836","0.522746","0.591991","9.10618","1.74523e-15","3.15372","3.15759","7.9309","7.38792","0","0","0","0","0","0","0","0"
"10.5048","0.500044","0.526508","0.0345061","0.522911","0.591549","9.04445","1.74627e-15","3.1452","3.15683","8.02576","7.39218","0","0","0","0","0","0","0","0"
"10.5081","0.500044","0.526508","0.0345325","0.523406","0.591888","8.96744","1.74521e-15","3.1397","3.15917","8.15755","7.36968","0","0","0","0","0","0","0","0"
"10.5116","0.500044","0.526508","0.0345546","0.522765","0.591118","8.90101","1.74567e-15","3.14225","3.16216","8.2756","7.39095","0","0","0","0","0","0","0","0"
"10.5149","0.500044","0.526347","0.0345794","0.522969","0.591369","8.82558","1.74388e-15","3.13935","3.16599","8.41213","7.37593","0","0","0","0","0","0","0","0"
"10.5183","0.500044","0.526347","0.0346006","0.523086","0.591352","8.76387","1.74542e-15","3.13438","3.15387","8.52191","7.40611","0","0","0","0","0","0","0","0"
"10.5217","0.500044","0.526347","0.0346254","0.52306","0.591001","8.69217","1.74454e-15","3.1263","3.14636","8.65279","7.38411","0","0","0","0","0","0","0","0"
"10.5251","0.500044","0.526347","0.0346467","0.523127","0.590804","8.63066","1.74758e-15","3.12733","3.14957","8.76858","7.42422","0","0","0","0","0","0","0","0"
"10.5296","0.500044","0.526347","0.0346774","0.522457","0.589807","8.55199","1.74477e-15","3.12553","3.1475","8.89349","7.41571","0","0","0","0","0","0","0","0"
"10.5329","0.500044","0.526214","0.0346972","0.522336","0.589841","8.51555","1.7452e-15","3.12098","3.14005","8.91637","7.41428","0","0","0","0","0","0","0","0"
"10.5363","0.500044","0.526214","0.0347203","0.522116","0.590254","8.47717","1.74695e-15","3.11628","3.1361","8.9277","7.44898","0","0","0","0","0","0","0","0"
"10.5396","0.500044","0.526214","0.0347401","0.522351","0.590624","8.44672","1.74668e-15","3.11562","3.12601","8.92773","7.42777","0","0","0","0","0","0","0","0"
"10.543","0.500044","0.526214","0.0347633","0.522068","0.589799","8.38489","1.74819e-15","3.11279","3.12813","9.03671","7.46497","0","0","0","0","0","0","0","0"
"10.5465","0.500044","0.526214","0.0347805","0.521676","0.589157","8.33454","1.74687e-15","3.11292","3.12082","9.12175","7.44425","0","0","0","0","0","0","0","0"
"10.5498","0.500044","0.526226","0.0348","0.52131","0.58801","8.27647","1.7503e-15","3.10947","3.11844","9.22233","7.46851","0","0","0","0","0","0","0","0"
"10.5532","0.500044","0.526226","0.0348168","0.521184","0.587863","8.21738","1.74969e-15","3.10787","3.11262","9.35243","7.4635","0","0","0","0","0","0","0","0"
"10.5566","0.500044","0.526226","0.0348363","0.521057","0.587981","8.14934","1.75063e-15","3.10679","3.11083","9.50484","7.45291","0","0","0","0","0","0","0","0"
"10.5599","0.500044","0.526226","0.0348531","0.521462","0.588135","8.09751","1.75083e-15","3.10253","3.11519","9.60916","7.45332","0","0","0","0","0","0","0","0"
"10.5634","0.500044","0.526226","0.0348701","0.520723","0.587465","8.04244","1.74928e-15","3.10574","3.11365","9.70964","7.43295","0","0","0","0","0","0","0","0"
"10.5667","0.500044","0.526137","0.0348844","0.520479","0.586936","7.99455","1.75038e-15","3.10101","3.1084","9.80262","7.44253","0","0","0","0","0","0","0","0"
"10.5701","0.500044","0.526137","0.034901","0.521079","0.587451","7.93484","1.74883e-15","3.0949","3.10222","9.93295","7.43329","0","0","0","0","0","0","0","0"
"10.5735","0.500044","0.526137","0.0349153","0.521767","0.588273","7.87917","1.75013e-15","3.09723","3.10698","10.0703","7.46563","0","0","0","0","0","0","0","0"
"10.578","0.500044","0.526137","0.034937","0.521341","0.587476","7.80266","1.74906e-15","3.09432","3.10455","10.2475","7.44134","0","0","0","0","0","0","0","0"
"10.5813","0.500044","0.525953","0.0349521","0.520958","0.58644","7.75816","1.74703e-15","3.09964","3.10356","10.3373","7.43494","0","0","0","0","0","0","0","0"
"10.5847","0.500044","0.525953","0.0349698","0.520782","0.586546","7.71132","1.75074e-15","3.09801","3.09566","10.4182","7.48484","0","0","0","0","0","0","0","0"
"10.5881","0.500044","0.525953","0.034985","0.519995","0.585798","7.67397","1.74952e-15","3.10004","3.09344","10.4746","7.45754","0","0","0","0","0","0","0","0"
"10.5915","0.500044","0.525953","0.0350027","0.519849","0.585548","7.63129","1.75131e-15","3.10103","3.09308","10.5372","7.47957","0","0","0","0","0","0","0","0"
"10.5949","0.500044","0.525953","0.035017","0.520232","0.585342","7.59625","1.74941e-15","3.09693","3.08793","10.5846","7.45186","0","0","0","0","0","0","0","0"
"10.5982","0.500044","0.5259","0.0350319","0.520059","0.585071","7.55145","1.75061e-15","3.10179","3.09206","10.6636","7.4478","0","0","0","0","0","0","0","0"
"10.6016","0.500044","0.5259","0.0350447","0.520365","0.585467","7.51157","1.74991e-15","3.09875","3.09625","10.7415","7.45736","0","0","0","0","0","0","0","0"
"10.605","0.500044","0.5259","0.0350596","0.520507","0.585957","7.46341","1.75081e-15","3.10293","3.09374","10.844","7.45151","0","0","0","0","0","0","0","0"
"10.6084","0.500044","0.5259","0.0350724","0.519698","0.585029","7.42145","1.75048e-15","3.10298","3.0901","10.9379","7.45453","0","0","0","0","0","0","0","0"
"10.6129","0.500044","0.5259","0.0350888","0.520292","0.585114","7.35706","1.75065e-15","3.10505","3.08742","11.0922","7.45047","0","0","0","0","0","0","0","0"
"10.6162","0.500044","0.525779","0.0350981","0.520343","0.58576","7.31333","1.75089e-15","3.10263","3.08813","11.2048","7.45996","0","0","0","0","0","0","0","0"
"10.6196","0.500044","0.525779","0.035109","0.520508","0.585665","7.26065","1.75071e-15","3.09804","3.08401","11.3497","7.45832","0","0","0","0","0","0","0","0"
"10.623","0.500044","0.525779","0.0351184","0.520203","0.585449","7.21523","1.75138e-15","3.09387","3.07797","11.479","7.48085","0","0","0","0","0","0","0","0"
"10.6264","0.500044","0.525779","0.0351293","0.520599","0.585871","7.16249","1.75052e-15","3.1092","3.08959","11.6325","7.48539","0","0","0","0","0","0","0","0"
"10.6299","0.500044","0.525779","0.0351359","0.519541","0.584745","7.11613","1.74918e-15","3.11444","3.08997","11.7759","7.47694","0","0","0","0","0","0","0","0"
"10.6331","0.500044","0.525718","0.035143","0.520078","0.585201","7.06308","1.74844e-15","3.10837","3.08681","11.9429","7.46587","0","0","0","0","0","0","0","0"
"10.6365","0.500044","0.525718","0.035149","0.520337","0.584992","7.01799","1.74967e-15","3.10968","3.0848","12.0875","7.45367","0","0","0","0","0","0","0","0"
"10.6399","0.500044","0.525718","0.0351561","0.520006","0.584667","6.9675","1.74953e-15","3.10598","3.08842","12.2463","7.45214","0","0","0","0","0","0","0","0"
"10.6433","0.500044","0.525718","0.0351621","0.519831","0.58444","6.92275","1.75e-15","3.10121","3.08552","12.3965","7.43915","0","0","0","0","0","0","0","0"
"10.6468","0.500044","0.525718","0.0351638","0.519256","0.58409","6.87034","1.74929e-15","3.09819","3.08458","12.5794","7.43984","0","0","0","0","0","0","0","0"
"10.6501","0.500044","0.525857","0.0351645","0.519165","0.584362","6.82635","1.7484e-15","3.10501","3.08466","12.735","7.42673","0","0","0","0","0","0","0","0"
"10.6535","0.500044","0.525857","0.0351653","0.519578","0.584425","6.77767","1.75147e-15","3.10501","3.08504","12.9019","7.44154","0","0","0","0","0","0","0","0"
"10.6568","0.500044","0.525857","0.035166","0.52114","0.584851","6.736","1.75062e-15","3.1088","3.07865","13.0483","7.41356","0","0","0","0","0","0","0","0"
"10.6613","0.500044","0.525857","0.035167","0.521738","0.585788","6.67229","1.75065e-15","3.11471","3.09242","13.2844","7.4078","0","0","0","0","0","0","0","0"
"10.6646","0.500044","0.525853","0.0351677","0.522402","0.586029","6.62936","1.75059e-15","3.10606","3.08337","13.4526","7.43279","0","0","0","0","0","0","0","0"
"10.6681","0.500044","0.525853","0.0351685","0.522435","0.585967","6.57935","1.74947e-15","3.103","3.08633","13.6542","7.42631","0","0","0","0","0","0","0","0"
"10.6715","0.500044","0.525853","0.0351692","0.521663","0.585327","6.53672","1.75103e-15","3.10314","3.08626","13.83","7.44001","0","0","0","0","0","0","0","0"
"10.6749","0.500044","0.525853","0.03517","0.521532","0.584894","6.48888","1.75094e-15","3.0982","3.08303","14.0247","7.43535","0","0","0","0","0","0","0","0"
"10.6785","0.500044","0.525853","0.0351736","0.521591","0.585181","6.44211","1.74954e-15","3.10034","3.0774","14.2158","7.42958","0","0","0","0","0","0","0","0"
"10.6819","0.500044","0.52594","0.0351798","0.522235","0.585515","6.40186","1.74885e-15","3.10026","3.07318","14.3882","7.44412","0","0","0","0","0","0","0","0"
"10.6852","0.500044","0.52594","0.0351872","0.522262","0.585137","6.35532","1.75025e-15","3.09653","3.06809","14.591","7.4843","0","0","0","0","0","0","0","0"
"10.6885","0.500044","0.52594","0.0351935","0.523126","0.586137","6.31595","1.74857e-15","3.09321","3.07548","14.7647","7.47725","0","0","0","0","0","0","0","0"
"10.6919","0.500044","0.52594","0.0351998","0.522444","0.585699","6.27617","1.75048e-15","3.09185","3.07497","14.9467","7.49781","0","0","0","0","0","0","0","0"
"10.6963","0.500044","0.52594","0.0352152","0.522737","0.585849","6.21848","1.74821e-15","3.08957","3.07395","15.21","7.48599","0","0","0","0","0","0","0","0"
"10.6998","0.500044","0.526274","0.035231","0.522153","0.58523","6.17312","1.74962e-15","3.08661","3.07317","15.4291","7.49962","0","0","0","0","0","0","0","0"
"10.7032","0.500044","0.526274","0.0352445","0.52213","0.585096","6.13598","1.75077e-15","3.08051","3.06576","15.6044","7.53753","0","0","0","0","0","0","0","0"
"10.7066","0.500044","0.526274","0.0352603","0.521418","0.584425","6.09134","1.75109e-15","3.08502","3.06541","15.8279","7.52205","0","0","0","0","0","0","0","0"
"10.71","0.500044","0.526274","0.0352738","0.52145","0.584365","6.05335","1.75262e-15","3.0777","3.06097","16.0218","7.55166","0","0","0","0","0","0","0","0"
"10.7134","0.500044","0.526274","0.0352923","0.520266","0.583142","6.00975","1.7509e-15","3.08207","3.06165","16.248","7.53613","0","0","0","0","0","0","0","0"
"10.7169","0.500044","0.52642","0.0353085","0.520504","0.583543","5.9744","1.75206e-15","3.07583","3.0573","16.4267","7.55113","0","0","0","0","0","0","0","0"
"10.7201","0.500044","0.52642","0.0353274","0.520177","0.583091","5.93474","1.75145e-15","3.07687","3.05959","16.6229","7.57871","0","0","0","0","0","0","0","0"
"10.7244","0.500044","0.52642","0.0353436","0.521038","0.58411","5.90444","1.75211e-15","3.07077","3.05632","16.754","7.57366","0","0","0","0","0","0","0","0"
"10.7282","0.500044","0.52642","0.0353668","0.521199","0.583615","5.86398","1.75247e-15","3.06531","3.05932","16.8997","7.58957","0","0","0","0","0","0","0","0"
"10.7313","0.500044","0.526426","0.0353794","0.520389","0.582873","5.83259","1.75095e-15","3.06845","3.05801","17.0518","7.58851","0","0","0","0","0","0","0","0"
"10.7347","0.500044","0.526426","0.0353942","0.520469","0.582405","5.79328","1.75218e-15","3.06354","3.05819","17.2659","7.60455","0","0","0","0","0","0","0","0"
"10.7381","0.500044","0.526426","0.0354068","0.520772","0.582777","5.76155","1.75198e-15","3.06156","3.05434","17.4306","7.61965","0","0","0","0","0","0","0","0"
"10.7417","0.500044","0.526426","0.0354216","0.520646","0.582092","5.72399","1.75186e-15","3.05801","3.05498","17.634","7.62887","0","0","0","0","0","0","0","0"
"10.745","0.500044","0.526426","0.0354316","0.520457","0.581719","5.69024","1.75145e-15","3.05985","3.05613","17.8318","7.62343","0","0","0","0","0","0","0","0"
"10.7482","0.500044","0.526257","0.0354371","0.520796","0.582283","5.65041","1.74946e-15","3.05764","3.05777","18.0773","7.61344","0","0","0","0","0","0","0","0"
"10.7518","0.500044","0.526257","0.0354418","0.520305","0.581705","5.6184","1.75027e-15","3.06172","3.0593","18.2663","7.62341","0","0","0","0","0","0","0","0"
"10.755","0.500044","0.526257","0.0354473","0.520863","0.582785","5.57942","1.7493e-15","3.05543","3.05596","18.5137","7.62038","0","0","0","0","0","0","0","0"
"10.7584","0.500044","0.526257","0.0354521","0.520447","0.582201","5.54671","1.7493e-15","3.05351","3.05424","18.7218","7.60569","0","0","0","0","0","0","0","0"
"10.7619","0.500044","0.526257","0.0354541","0.520493","0.582402","5.50949","1.74729e-15","3.05377","3.05318","18.9581","7.58743","0","0","0","0","0","0","0","0"
"10.7652","0.500044","0.526183","0.0354518","0.520883","0.58292","5.47845","1.74821e-15","3.05097","3.04505","19.157","7.58941","0","0","0","0","0","0","0","0"
"10.7685","0.500044","0.526183","0.0354491","0.520161","0.581872","5.44147","1.74936e-15","3.05368","3.04497","19.4054","7.5886","0","0","0","0","0","0","0","0"
"10.7719","0.500044","0.526183","0.0354469","0.520344","0.581533","5.41032","1.74849e-15","3.05783","3.04505","19.6159","7.58201","0","0","0","0","0","0","0","0"
"10.7753","0.500044","0.526183","0.0354442","0.520677","0.582082","5.37704","1.74959e-15","3.05734","3.03853","19.8231","7.58536","0","0","0","0","0","0","0","0"
"10.7798","0.500044","0.526183","0.0354486","0.52069","0.582395","5.34491","1.74745e-15","3.05876","3.03713","19.9805","7.57436","0","0","0","0","0","0","0","0"
"10.7831","0.500044","0.526147","0.0354563","0.521795","0.583765","5.32724","1.74741e-15","3.05924","3.0486","19.9728","7.57376","0","0","0","0","0","0","0","0"
"10.7865","0.500044","0.526147","0.035463","0.521989","0.58359","5.32552","1.74816e-15","3.06499","3.05118","19.7741","7.57114","0","0","0","0","0","0","0","0"
"10.7899","0.500044","0.526147","0.0354707","0.522397","0.58398","5.3455","1.74924e-15","3.05923","3.04766","19.2476","7.59652","0","0","0","0","0","0","0","0"
"10.7933","0.500044","0.526147","0.0354774","0.521734","0.583292","5.34872","1.74871e-15","3.05768","3.05044","18.99","7.58758","0","0","0","0","0","0","0","0"
"10.7968","0.500044","0.526147","0.0354876","0.521105","0.583075","5.32239","1.7476e-15","3.05536","3.04535","19.1021","7.57068","0","0","0","0","0","0","0","0"
"10.8","0.500044","0.526212","0.0354966","0.521142","0.583084","5.29315","1.74931e-15","3.05246","3.03938","19.2975","7.58731","0","0","0","0","0","0","0","0"
"10.8034","0.500044","0.526212","0.0355072","0.52153","0.583212","5.26405","1.749e-15","3.05031","3.03731","19.4578","7.59028","0","0","0","0","0","0","0","0"
"10.8068","0.500044","0.526212","0.0355163","0.522287","0.584346","5.23673","1.75052e-15","3.05433","3.0443","19.6329","7.59269","0","0","0","0","0","0","0","0"
"10.8113","0.500044","0.526212","0.0355276","0.5222","0.58409","5.20634","1.75065e-15","3.05382","3.04681","19.745","7.58515","0","0","0","0","0","0","0","0"
"10.8146","0.500044","0.526409","0.0355296","0.521997","0.58386","5.1785","1.7495e-15","3.05526","3.05524","19.9377","7.57958","0","0","0","0","0","0","0","0"
"10.8182","0.500044","0.526409","0.0355319","0.522376","0.583823","5.14711","1.7508e-15","3.05461","3.06118","20.1514","7.58906","0","0","0","0","0","0","0","0"
"10.8214","0.500044","0.526409","0.0355339","0.522369","0.584588","5.12018","1.75219e-15","3.0538","3.09214","20.3392","7.60899","0","0","0","0","0","0","0","0"
"10.8248","0.500044","0.526409","0.0355363","0.522693","0.585307","5.09319","1.75205e-15","3.05509","3.0962","20.4927","7.60969","0","0","0","0","0","0","0","0"
"10.8283","0.500044","0.526409","0.0355372","0.523441","0.586111","5.06917","1.75303e-15","3.05717","3.09582","20.6416","7.59071","0","0","0","0","0","0","0","0"
"10.8316","0.500044","0.526548","0.0355357","0.523234","0.585943","5.03996","1.75285e-15","3.05748","3.09456","20.841","7.58896","0","0","0","0","0","0","0","0"
"10.8351","0.500044","0.526548","0.0355344","0.524008","0.586663","5.0165","1.75236e-15","3.0609","3.09787","20.9901","7.58039","0","0","0","0","0","0","0","0"
"10.8383","0.500044","0.526548","0.0355329","0.523581","0.586215","4.98777","1.75342e-15","3.06001","3.09569","21.1904","7.6078","0","0","0","0","0","0","0","0"
"10.8417","0.500044","0.526548","0.0355316","0.523673","0.586193","4.96533","1.75338e-15","3.05989","3.09789","21.3288","7.62645","0","0","0","0","0","0","0","0"
"10.8452","0.500044","0.526548","0.0355305","0.523614","0.586195","4.9421","1.75087e-15","3.06201","3.09614","21.4433","7.61409","0","0","0","0","0","0","0","0"
"10.8485","0.500044","0.526753","0.03553","0.52391","0.586261","4.92055","1.75255e-15","3.05791","3.09442","21.5743","7.63332","0","0","0","0","0","0","0","0"
"10.8519","0.500044","0.526753","0.0355294","0.524388","0.587401","4.89504","1.75264e-15","3.06245","3.09232","21.7369","7.62899","0","0","0","0","0","0","0","0"
"10.8553","0.500044","0.526753","0.0355289","0.524134","0.58693","4.87517","1.75153e-15","3.06063","3.09176","21.8439","7.61255","0","0","0","0","0","0","0","0"
"10.8587","0.500044","0.526753","0.0355283","0.524968","0.587755","4.85174","1.75329e-15","3.06601","3.08729","21.9764","7.62222","0","0","0","0","0","0","0","0"
"10.8632","0.500044","0.526753","0.0355312","0.525153","0.587519","4.82276","1.75233e-15","3.06465","3.08172","22.1714","7.60024","0","0","0","0","0","0","0","0"
"10.8665","0.500044","0.527063","0.0355357","0.524657","0.587319","4.7952","1.75181e-15","3.06813","3.08124","22.389","7.60189","0","0","0","0","0","0","0","0"
"10.8698","0.500044","0.527063","0.0355395","0.524768","0.587356","4.77252","1.75266e-15","3.06217","3.07788","22.5618","7.60538","0","0","0","0","0","0","0","0"
"10.8733","0.500044","0.527063","0.0355439","0.526068","0.588183","4.74636","1.75306e-15","3.07002","3.07387","22.7624","7.61773","0","0","0","0","0","0","0","0"
"10.8766","0.500044","0.527063","0.0355477","0.52587","0.588147","4.72346","1.75296e-15","3.07155","3.07338","22.9468","7.60373","0","0","0","0","0","0","0","0"
"10.8801","0.500044","0.527063","0.0355573","0.525275","0.587833","4.69656","1.75272e-15","3.07109","3.07037","23.1701","7.60026","0","0","0","0","0","0","0","0"
"10.8834","0.500044","0.527298","0.0355662","0.525357","0.587692","4.67455","1.75197e-15","3.0672","3.07228","23.3453","7.58284","0","0","0","0","0","0","0","0"
"10.8868","0.500044","0.527298","0.0355766","0.52419","0.586751","4.64747","1.75366e-15","3.06955","3.07413","23.5819","7.59184","0","0","0","0","0","0","0","0"
"10.8902","0.500044","0.527298","0.0355856","0.52378","0.586475","4.62447","1.7523e-15","3.06949","3.07496","23.7848","7.59086","0","0","0","0","0","0","0","0"
"10.8947","0.500044","0.527298","0.0355984","0.523342","0.58583","4.58978","1.75281e-15","3.06863","3.07427","24.1012","7.58309","0","0","0","0","0","0","0","0"
"10.898","0.500044","0.527555","0.0356055","0.522903","0.585315","4.56616","1.75413e-15","3.06706","3.07246","24.3276","7.60233","0","0","0","0","0","0","0","0"
"10.9014","0.500044","0.527555","0.0356137","0.523048","0.585314","4.5392","1.75361e-15","3.06586","3.06986","24.5853","7.58992","0","0","0","0","0","0","0","0"
"10.9047","0.500044","0.527555","0.0356208","0.523636","0.585848","4.51626","1.75525e-15","3.0698","3.07279","24.8072","7.59491","0","0","0","0","0","0","0","0"
"10.9081","0.500044","0.527555","0.0356291","0.52373","0.585932","4.49194","1.75472e-15","3.06533","3.06714","25.0181","7.59456","0","0","0","0","0","0","0","0"
"10.9116","0.500044","0.527555","0.035637","0.523566","0.585928","4.47077","1.75511e-15","3.06878","3.06386","25.2098","7.59028","0","0","0","0","0","0","0","0"
"10.9149","0.500044","0.527491","0.0356482","0.523023","0.585461","4.44685","1.75518e-15","3.06912","3.06225","25.4207","7.60449","0","0","0","0","0","0","0","0"
"10.9183","0.500044","0.527491","0.0356579","0.522763","0.585092","4.42499","1.75517e-15","3.07244","3.06062","25.6361","7.60065","0","0","0","0","0","0","0","0"
"10.9217","0.500044","0.527491","0.0356691","0.523507","0.585997","4.39987","1.75667e-15","3.07613","3.0571","25.884","7.62816","0","0","0","0","0","0","0","0"
"10.925","0.500044","0.527491","0.0356787","0.523317","0.585677","4.37769","1.75655e-15","3.07355","3.05459","26.1163","7.62048","0","0","0","0","0","0","0","0"
"10.9285","0.500044","0.527491","0.0356897","0.523168","0.585652","4.35316","1.75661e-15","3.07121","3.05358","26.3613","7.61094","0","0","0","0","0","0","0","0"
"10.9318","0.500044","0.527285","0.035699","0.522938","0.585328","4.33146","1.75608e-15","3.06993","3.05864","26.592","7.59285","0","0","0","0","0","0","0","0"
"10.9352","0.500044","0.527285","0.0357098","0.523146","0.585","4.30721","1.75808e-15","3.06622","3.05777","26.8408","7.62757","0","0","0","0","0","0","0","0"
"10.9386","0.500044","0.527285","0.0357191","0.523086","0.584472","4.28626","1.75601e-15","3.06167","3.0565","27.0626","7.61894","0","0","0","0","0","0","0","0"
"10.942","0.500044","0.527285","0.0357299","0.522976","0.584447","4.26179","1.75799e-15","3.05738","3.05799","27.3278","7.63837","0","0","0","0","0","0","0","0"
"10.9465","0.500044","0.527285","0.0357422","0.522823","0.584641","4.23206","1.7558e-15","3.05751","3.05925","27.6842","7.63654","0","0","0","0","0","0","0","0"
"10.9498","0.500044","0.527273","0.035753","0.522431","0.584622","4.2062","1.75761e-15","3.05692","3.05901","28.0005","7.6526","0","0","0","0","0","0","0","0"
"10.9531","0.500044","0.527273","0.0357622","0.522764","0.584366","4.18522","1.75549e-15","3.05492","3.06077","28.2457","7.63847","0","0","0","0","0","0","0","0"
"10.9565","0.500044","0.527273","0.0357715","0.52313","0.584938","4.16348","1.75746e-15","3.05363","3.05805","28.5168","7.67955","0","0","0","0","0","0","0","0"
"10.9598","0.500044","0.527273","0.0357822","0.522922","0.58481","4.14312","1.75604e-15","3.05376","3.05692","28.7027","7.678","0","0","0","0","0","0","0","0"
"10.9633","0.500044","0.527273","0.0357915","0.522911","0.584804","4.12281","1.7547e-15","3.05325","3.05219","28.9443","7.67285","0","0","0","0","0","0","0","0"
"10.9666","0.500044","0.527204","0.0358024","0.523271","0.585634","4.1002","1.75309e-15","3.04728","3.05283","29.2016","7.65614","0","0","0","0","0","0","0","0"
"10.97","0.500044","0.527204","0.0358117","0.523361","0.586011","4.08101","1.75458e-15","3.04533","3.06573","29.4219","7.67022","0","0","0","0","0","0","0","0"
"10.9734","0.500044","0.527204","0.0358225","0.523735","0.586652","4.05943","1.75351e-15","3.04667","3.06809","29.6604","7.66754","0","0","0","0","0","0","0","0"
"10.9768","0.500044","0.527204","0.0358318","0.522913","0.585688","4.04093","1.75482e-15","3.04853","3.07007","29.8689","7.68081","0","0","0","0","0","0","0","0"
"10.9802","0.500044","0.527204","0.0358396","0.523143","0.5859","4.01969","1.75409e-15","3.04512","3.06898","30.1076","7.67396","0","0","0","0","0","0","0","0"
"10.9835","0.500044","0.527212","0.0358459","0.523774","0.586248","4.00622","1.7554e-15","3.05477","3.06711","30.1764","7.68529","0","0","0","0","0","0","0","0"
"10.9868","0.500044","0.527212","0.0358532","0.524339","0.586808","3.98494","1.75528e-15","3.05393","3.06815","30.4247","7.69495","0","0","0","0","0","0","0","0"
"10.9902","0.500044","0.527212","0.0358595","0.524626","0.586972","3.96414","1.7564e-15","3.04751","3.07009","30.7197","7.68807","0","0","0","0","0","0","0","0"
"10.9947","0.500044","0.527212","0.0358692","0.524904","0.587829","3.93304","1.75633e-15","3.04743","3.0697","31.1712","7.67403","0","0","0","0","0","0","0","0"
"10.9978","0.500044","0.527457","0.0358764","0.525186","0.587648","3.91391","1.75428e-15","3.04447","3.06785","31.4287","7.65993","0","0","0","0","0","0","0","0"
"11.0012","0.500044","0.527457","0.0358835","0.525267","0.587799","3.89355","1.75644e-15","3.04883","3.06871","31.7313","7.68775","0","0","0","0","0","0","0","0"
"11.0046","0.500044","0.527457","0.0358919","0.525224","0.588012","3.87129","1.75536e-15","3.04727","3.06288","32.0433","7.68096","0","0","0","0","0","0","0","0"
"11.0088","0.500044","0.527457","0.0358991","0.525368","0.587799","3.8526","1.75721e-15","3.04031","3.0614","32.3036","7.67803","0","0","0","0","0","0","0","0"
"11.0117","0.500044","0.527457","0.0359072","0.525384","0.587888","3.83106","1.75558e-15","3.04576","3.05583","32.6046","7.65462","0","0","0","0","0","0","0","0"
"11.0147","0.500044","0.527776","0.0359135","0.52625","0.588751","3.81255","1.75415e-15","3.06021","3.06544","32.8699","7.65348","0","0","0","0","0","0","0","0"
"11.0181","0.500044","0.527776","0.0359209","0.526615","0.589259","3.79172","1.75491e-15","3.06203","3.06857","33.1594","7.66656","0","0","0","0","0","0","0","0"
"11.0216","0.500044","0.527776","0.0359272","0.526308","0.588642","3.77551","1.75415e-15","3.0665","3.07306","33.3554","7.64427","0","0","0","0","0","0","0","0"
"11.0249","0.500044","0.527776","0.0359345","0.525348","0.587884","3.75376","1.75557e-15","3.06743","3.07428","33.6891","7.64935","0","0","0","0","0","0","0","0"
"11.03","0.500044","0.527776","0.0359382","0.525231","0.587759","3.72761","1.75472e-15","3.06872","3.07974","34.064","7.63883","0","0","0","0","0","0","0","0"
"11.0332","0.500044","0.528164","0.0359376","0.525625","0.587967","3.70587","1.75377e-15","3.07022","3.08286","34.4147","7.65605","0","0","0","0","0","0","0","0"
"11.0366","0.500044","0.528164","0.035937","0.52579","0.588342","3.68739","1.75421e-15","3.06726","3.07949","34.7158","7.64998","0","0","0","0","0","0","0","0"
"11.04","0.500044","0.528164","0.0359363","0.52647","0.588622","3.66712","1.75473e-15","3.06277","3.08144","35.0264","7.63258","0","0","0","0","0","0","0","0"
"11.0435","0.500044","0.528164","0.0359357","0.525913","0.587908","3.64824","1.75366e-15","3.0636","3.08284","35.3562","7.61326","0","0","0","0","0","0","0","0"
"11.0469","0.500044","0.528164","0.0359371","0.526132","0.588031","3.62569","1.75237e-15","3.05912","3.08016","35.7698","7.60014","0","0","0","0","0","0","0","0"
"11.0502","0.500044","0.528405","0.0359386","0.525973","0.588178","3.60692","1.75279e-15","3.05753","3.08017","36.1105","7.60276","0","0","0","0","0","0","0","0"
"11.0535","0.500044","0.528405","0.0359403","0.527191","0.589183","3.59045","1.75281e-15","3.06645","3.0815","36.2992","7.59126","0","0","0","0","0","0","0","0"
"11.057","0.500044","0.528405","0.0359418","0.526893","0.588689","3.57559","1.75374e-15","3.06697","3.07963","36.4935","7.60424","0","0","0","0","0","0","0","0"
"11.0613","0.500044","0.528405","0.035944","0.526374","0.58838","3.5501","1.75294e-15","3.06306","3.0809","36.9235","7.603","0","0","0","0","0","0","0","0"
"11.0647","0.500044","0.528493","0.0359451","0.526699","0.588903","3.53345","1.75136e-15","3.06331","3.07604","37.203","7.60729","0","0","0","0","0","0","0","0"
"11.0681","0.500044","0.528493","0.0359465","0.525861","0.588171","3.51278","1.75212e-15","3.06362","3.07363","37.5884","7.62745","0","0","0","0","0","0","0","0"
"11.0733","0.500044","0.528493","0.0359477","0.526499","0.58915","3.49546","1.75208e-15","3.05989","3.07228","37.9094","7.63558","0","0","0","0","0","0","0","0"
"11.0749","0.500044","0.528493","0.035949","0.525981","0.588908","3.47386","1.75132e-15","3.05961","3.07104","38.353","7.63105","0","0","0","0","0","0","0","0"
"11.0784","0.500044","0.528493","0.0359513","0.526108","0.58916","3.45541","1.75263e-15","3.06003","3.06589","38.7387","7.62255","0","0","0","0","0","0","0","0"
"11.0829","0.500044","0.528716","0.0359565","0.525969","0.588753","3.43564","1.75083e-15","3.06147","3.06805","39.1201","7.61835","0","0","0","0","0","0","0","0"
"11.085","0.500044","0.528716","0.0359609","0.526498","0.589392","3.41985","1.75098e-15","3.06141","3.0693","39.4011","7.61085","0","0","0","0","0","0","0","0"
"11.0884","0.500044","0.528716","0.0359661","0.527186","0.590195","3.39958","1.75291e-15","3.0611","3.07378","39.822","7.62073","0","0","0","0","0","0","0","0"
"11.0918","0.500044","0.528716","0.0359706","0.527578","0.590623","3.38205","1.75212e-15","3.06516","3.07002","40.198","7.61273","0","0","0","0","0","0","0","0"
"11.0954","0.500044","0.528716","0.0359739","0.527126","0.590231","3.36376","1.75217e-15","3.06707","3.06651","40.5433","7.59333","0","0","0","0","0","0","0","0"
"11.0986","0.500044","0.528842","0.0359748","0.526593","0.589717","3.35036","1.75219e-15","3.06905","3.06918","40.7357","7.61028","0","0","0","0","0","0","0","0"
"11.102","0.500044","0.528842","0.0359758","0.526527","0.589563","3.33735","1.7516e-15","3.06755","3.06751","40.8378","7.60547","0","0","0","0","0","0","0","0"
"11.1054","0.500044","0.528842","0.0359766","0.525881","0.589613","3.3241","1.75318e-15","3.06811","3.0644","41.0295","7.62568","0","0","0","0","0","0","0","0"
"11.1088","0.500044","0.528842","0.0359776","0.52579","0.58922","3.30609","1.75266e-15","3.07322","3.06418","41.3833","7.6228","0","0","0","0","0","0","0","0"
"11.1133","0.500044","0.528842","0.0359803","0.52604","0.58955","3.28433","1.75228e-15","3.07705","3.06692","41.857","7.62081","0","0","0","0","0","0","0","0"
"11.1166","0.500044","0.5291","0.0359834","0.52609","0.589341","3.26603","1.75228e-15","3.06908","3.06227","42.2434","7.63834","0","0","0","0","0","0","0","0"
"11.1199","0.500044","0.5291","0.0359861","0.525878","0.589087","3.25034","1.75149e-15","3.06904","3.05793","42.5825","7.64209","0","0","0","0","0","0","0","0"
"11.1234","0.500044","0.5291","0.0359892","0.525016","0.587996","3.23199","1.75176e-15","3.07073","3.06116","42.9885","7.63184","0","0","0","0","0","0","0","0"
"11.1268","0.500044","0.5291","0.0359919","0.524819","0.588071","3.21486","1.75269e-15","3.06947","3.05771","43.419","7.62912","0","0","0","0","0","0","0","0"
"11.1303","0.500044","0.5291","0.0359916","0.524979","0.588025","3.19703","1.75195e-15","3.07141","3.06086","43.816","7.62299","0","0","0","0","0","0","0","0"
"11.1335","0.500044","0.529253","0.0359908","0.524774","0.588207","3.18091","1.75371e-15","3.07484","3.07017","44.2095","7.62204","0","0","0","0","0","0","0","0"
"11.1369","0.500044","0.529253","0.0359899","0.524511","0.588328","3.16279","1.75324e-15","3.07376","3.06784","44.6404","7.62628","0","0","0","0","0","0","0","0"
"11.1403","0.500044","0.529253","0.0359891","0.524616","0.588385","3.14845","1.75345e-15","3.07389","3.07155","44.95","7.61906","0","0","0","0","0","0","0","0"
"11.1447","0.500044","0.529253","0.0359889","0.525986","0.589796","3.12916","1.75297e-15","3.08782","3.07756","45.2982","7.63088","0","0","0","0","0","0","0","0"
"11.148","0.500044","0.529145","0.0359911","0.525934","0.59002","3.11456","1.75128e-15","3.09302","3.07484","45.6369","7.63076","0","0","0","0","0","0","0","0"
"11.1512","0.500044","0.529145","0.0359933","0.526002","0.590046","3.09946","1.75322e-15","3.08775","3.07175","46.0108","7.62897","0","0","0","0","0","0","0","0"
"11.1546","0.500044","0.529145","0.0359958","0.525155","0.588969","3.08053","1.7523e-15","3.08673","3.07341","46.5352","7.63147","0","0","0","0","0","0","0","0"
"11.158","0.500044","0.529145","0.035998","0.52527","0.588902","3.07091","1.75252e-15","3.08622","3.07859","46.5985","7.61847","0","0","0","0","0","0","0","0"
"11.1615","0.500044","0.529145","0.0360015","0.525369","0.588806","3.05763","1.75188e-15","3.084","3.0751","46.7973","7.61055","0","0","0","0","0","0","0","0"
"11.1649","0.500044","0.529156","0.0360067","0.52489","0.588336","3.04187","1.75095e-15","3.08397","3.0765","47.2388","7.59923","0","0","0","0","0","0","0","0"
"11.1682","0.500044","0.529156","0.0360127","0.52451","0.588236","3.02454","1.75186e-15","3.08134","3.07148","47.699","7.60204","0","0","0","0","0","0","0","0"
"11.1716","0.500044","0.529156","0.0360178","0.524517","0.588557","3.00914","1.75226e-15","3.07839","3.06787","48.1365","7.60324","0","0","0","0","0","0","0","0"
"11.1749","0.500044","0.529156","0.0360238","0.524199","0.588389","2.99091","1.75246e-15","3.07564","3.06371","48.6763","7.60334","0","0","0","0","0","0","0","0"
"11.1785","0.500044","0.529156","0.0360296","0.524313","0.588103","2.97694","1.75236e-15","3.0796","3.06502","48.9506","7.58961","0","0","0","0","0","0","0","0"
"11.1819","0.500044","0.529359","0.0360343","0.524191","0.588155","2.96279","1.75243e-15","3.08127","3.06174","49.333","7.5961","0","0","0","0","0","0","0","0"
"11.1852","0.500044","0.529359","0.0360399","0.524418","0.588339","2.94764","1.7508e-15","3.07636","3.06251","49.698","7.58711","0","0","0","0","0","0","0","0"
"11.1885","0.500044","0.529359","0.0360446","0.524152","0.588319","2.93696","1.75103e-15","3.07822","3.06416","49.8613","7.58256","0","0","0","0","0","0","0","0"
"11.192","0.500044","0.529359","0.0360501","0.524755","0.588867","2.92324","1.75008e-15","3.06919","3.06753","50.1419","7.57242","0","0","0","0","0","0","0","0"
"11.1976","0.500044","0.529359","0.0360572","0.524328","0.588533","2.90408","1.74781e-15","3.06704","3.06841","50.6163","7.55415","0","0","0","0","0","0","0","0"
"11.2","0.500044","0.529286","0.0360619","0.524137","0.588363","2.89353","1.74752e-15","3.06916","3.06975","50.7851","7.54543","0","0","0","0","0","0","0","0"
"11.2034","0.500044","0.529286","0.0360674","0.524013","0.588298","2.87672","1.74812e-15","3.07454","3.07704","51.3027","7.53223","0","0","0","0","0","0","0","0"
"11.2067","0.500044","0.529286","0.0360721","0.523359","0.587812","2.86149","1.74666e-15","3.07343","3.07517","51.8154","7.5211","0","0","0","0","0","0","0","0"
"11.2113","0.500044","0.529286","0.0360795","0.524172","0.588502","2.84816","1.74685e-15","3.08018","3.07613","51.9142","7.50963","0","0","0","0","0","0","0","0"
"11.2146","0.500044","0.529325","0.0360851","0.526266","0.589864","2.8403","1.74674e-15","3.09111","3.09","51.9086","7.49837","0","0","0","0","0","0","0","0"
"11.218","0.500044","0.529325","0.0360917","0.526342","0.59023","2.82796","1.74539e-15","3.09126","3.08956","52.1333","7.48495","0","0","0","0","0","0","0","0"
"11.2213","0.500044","0.529325","0.0360973","0.52581","0.589471","2.81615","1.74432e-15","3.09026","3.08893","52.4201","7.47128","0","0","0","0","0","0","0","0"
"11.2247","0.500044","0.529325","0.0361038","0.527235","0.590813","2.80768","1.74507e-15","3.10165","3.09514","52.3693","7.46353","0","0","0","0","0","0","0","0"
"11.2282","0.500044","0.529325","0.0361082","0.527638","0.591038","2.79949","1.7428e-15","3.09779","3.09097","52.3949","7.4443","0","0","0","0","0","0","0","0"
"11.2315","0.500044","0.529376","0.0361106","0.527563","0.590839","2.78479","1.74349e-15","3.0949","3.09018","52.8119","7.45381","0","0","0","0","0","0","0","0"
"11.2349","0.500044","0.529376","0.0361127","0.5276","0.590807","2.77511","1.74293e-15","3.09079","3.08761","52.9568","7.44727","0","0","0","0","0","0","0","0"
"11.2383","0.500044","0.529376","0.0361151","0.52737","0.590381","2.76451","1.74294e-15","3.08765","3.08281","53.0765","7.43697","0","0","0","0","0","0","0","0"
"11.2417","0.500044","0.529376","0.0361171","0.527304","0.590379","2.75488","1.7434e-15","3.08692","3.0815","53.2229","7.45735","0","0","0","0","0","0","0","0"
"11.2452","0.500044","0.529376","0.0361202","0.526912","0.589812","2.74052","1.74136e-15","3.08515","3.0774","53.6374","7.44271","0","0","0","0","0","0","0","0"
"11.2484","0.500044","0.529823","0.0361236","0.526849","0.590191","2.72745","1.74249e-15","3.08404","3.07367","54.0599","7.45485","0","0","0","0","0","0","0","0"
"11.2518","0.500044","0.529823","0.0361275","0.527674","0.590571","2.71266","1.74187e-15","3.09336","3.08055","54.5269","7.45486","0","0","0","0","0","0","0","0"
"11.2552","0.500044","0.529823","0.0361308","0.527536","0.590291","2.70127","1.74115e-15","3.09235","3.07803","54.8316","7.4406","0","0","0","0","0","0","0","0"
"11.2586","0.500044","0.529823","0.0361348","0.527139","0.589742","2.68841","1.74312e-15","3.09263","3.07314","55.1602","7.454","0","0","0","0","0","0","0","0"
"11.2621","0.500044","0.529823","0.0361358","0.527756","0.589986","2.67759","1.74067e-15","3.09858","3.07906","55.4301","7.43439","0","0","0","0","0","0","0","0"
"11.2654","0.500044","0.530183","0.0361342","0.527518","0.589936","2.66257","1.74118e-15","3.09579","3.07331","55.9511","7.44153","0","0","0","0","0","0","0","0"
"11.2687","0.500044","0.530183","0.0361329","0.527521","0.589645","2.65324","1.74187e-15","3.09314","3.06949","56.1083","7.44904","0","0","0","0","0","0","0","0"
"11.2722","0.500044","0.530183","0.0361313","0.527073","0.589498","2.64063","1.741e-15","3.09101","3.06762","56.4422","7.44108","0","0","0","0","0","0","0","0"
"11.2755","0.500044","0.530183","0.03613","0.527187","0.589394","2.63029","1.74173e-15","3.08482","3.0663","56.6938","7.44612","0","0","0","0","0","0","0","0"
"11.28","0.500044","0.530183","0.0361307","0.526713","0.589228","2.61266","1.7405e-15","3.08114","3.05946","57.3703","7.4232","0","0","0","0","0","0","0","0"
"11.2834","0.500044","0.530253","0.0361325","0.526055","0.588556","2.59969","1.73993e-15","3.08367","3.05702","57.7605","7.43479","0","0","0","0","0","0","0","0"
"11.2867","0.500044","0.530253","0.0361344","0.525885","0.588125","2.58712","1.74161e-15","3.08021","3.05608","58.1227","7.45311","0","0","0","0","0","0","0","0"
"11.2903","0.500044","0.530253","0.0361361","0.525638","0.588453","2.58342","1.74165e-15","3.07712","3.05361","57.8121","7.46105","0","0","0","0","0","0","0","0"
"11.2947","0.500044","0.530253","0.0361391","0.52532","0.587858","2.57365","1.74062e-15","3.07532","3.05014","57.7255","7.43481","0","0","0","0","0","0","0","0"
"11.298","0.500044","0.530272","0.0361424","0.525135","0.587728","2.56248","1.74074e-15","3.07354","3.05363","58.0812","7.42782","0","0","0","0","0","0","0","0"
"11.3016","0.500044","0.530272","0.0361463","0.524654","0.587303","2.55224","1.74044e-15","3.07372","3.05355","58.2514","7.43265","0","0","0","0","0","0","0","0"
"11.305","0.500044","0.530272","0.0361502","0.524437","0.587129","2.53945","1.73961e-15","3.06855","3.05449","58.6582","7.41996","0","0","0","0","0","0","0","0"
"11.3084","0.500044","0.530272","0.0361535","0.524958","0.587365","2.52779","1.74078e-15","3.0689","3.0487","59.0793","7.43535","0","0","0","0","0","0","0","0"
"11.3118","0.500044","0.530272","0.036158","0.524534","0.586838","2.51657","1.73902e-15","3.06951","3.04987","59.3559","7.41888","0","0","0","0","0","0","0","0"
"11.3151","0.500044","0.530103","0.0361625","0.524271","0.586194","2.50925","1.73908e-15","3.0755","3.04893","59.385","7.4143","0","0","0","0","0","0","0","0"
"11.3185","0.500044","0.530103","0.0361677","0.52448","0.586769","2.49829","1.73972e-15","3.07157","3.04506","59.6464","7.4273","0","0","0","0","0","0","0","0"
"11.3219","0.500044","0.530103","0.0361722","0.525027","0.58708","2.48922","1.73949e-15","3.07395","3.04133","59.8454","7.43815","0","0","0","0","0","0","0","0"
"11.3253","0.500044","0.530103","0.0361774","0.524292","0.586658","2.47737","1.73916e-15","3.0747","3.03998","60.2033","7.43866","0","0","0","0","0","0","0","0"
"11.3288","0.500044","0.530103","0.0361807","0.524578","0.587132","2.46937","1.73962e-15","3.0727","3.03679","60.3088","7.42867","0","0","0","0","0","0","0","0"
"11.3321","0.500044","0.529893","0.0361831","0.524191","0.586713","2.45622","1.73947e-15","3.07415","3.03984","60.8056","7.43069","0","0","0","0","0","0","0","0"
"11.3355","0.500044","0.529893","0.0361852","0.523626","0.586358","2.44574","1.73937e-15","3.07907","3.04504","61.1615","7.42489","0","0","0","0","0","0","0","0"
"11.3388","0.500044","0.529893","0.0361877","0.524107","0.586715","2.43457","1.74054e-15","3.06975","3.04288","61.4797","7.45629","0","0","0","0","0","0","0","0"
"11.3422","0.500044","0.529893","0.0361898","0.523966","0.586477","2.4346","1.73964e-15","3.07228","3.04277","60.8127","7.45","0","0","0","0","0","0","0","0"
"11.3457","0.500044","0.529893","0.0361875","0.524145","0.586405","2.42694","1.73939e-15","3.06884","3.04081","60.7877","7.44986","0","0","0","0","0","0","0","0"
"11.349","0.500044","0.529817","0.0361824","0.524052","0.586309","2.41559","1.74069e-15","3.07064","3.03773","61.244","7.45178","0","0","0","0","0","0","0","0"
"11.3524","0.500044","0.529817","0.0361764","0.523454","0.585473","2.40219","1.74091e-15","3.07585","3.04078","61.8037","7.4441","0","0","0","0","0","0","0","0"
"11.3558","0.500044","0.529817","0.0361713","0.523526","0.585461","2.39789","1.74192e-15","3.07188","3.03624","61.5591","7.45072","0","0","0","0","0","0","0","0"
"11.3591","0.500044","0.529817","0.0361654","0.523634","0.585472","2.39216","1.74256e-15","3.0736","3.03896","61.3508","7.45357","0","0","0","0","0","0","0","0"
"11.3634","0.500044","0.529817","0.036163","0.523518","0.585537","2.38091","1.74189e-15","3.07162","3.0362","61.5899","7.44712","0","0","0","0","0","0","0","0"
"11.3667","0.500044","0.529819","0.0361623","0.523637","0.585645","2.38231","1.74213e-15","3.06695","3.03416","60.7909","7.45755","0","0","0","0","0","0","0","0"
"11.3701","0.500044","0.529819","0.0361614","0.523863","0.585343","2.38067","1.74329e-15","3.06034","3.03753","60.1855","7.47134","0","0","0","0","0","0","0","0"
"11.3735","0.500044","0.529819","0.0361607","0.524527","0.585835","2.3708","1.74341e-15","3.06371","3.04849","60.5096","7.46731","0","0","0","0","0","0","0","0"
"11.378","0.500044","0.529819","0.0361605","0.524583","0.585877","2.35773","1.74296e-15","3.06182","3.03999","60.8299","7.45361","0","0","0","0","0","0","0","0"
"11.3813","0.500044","0.529707","0.0361624","0.524609","0.585914","2.35025","1.74454e-15","3.06085","3.04058","60.9205","7.45146","0","0","0","0","0","0","0","0"
"11.3847","0.500044","0.529707","0.0361647","0.525004","0.586373","2.34089","1.7447e-15","3.057","3.04152","61.0951","7.45222","0","0","0","0","0","0","0","0"
"11.3881","0.500044","0.529707","0.0361666","0.524042","0.585585","2.32967","1.74507e-15","3.05956","3.0439","61.5822","7.44627","0","0","0","0","0","0","0","0"
"11.3914","0.500044","0.529707","0.0361688","0.524211","0.585478","2.31825","1.74636e-15","3.05806","3.03707","61.9855","7.4469","0","0","0","0","0","0","0","0"
"11.3949","0.500044","0.529707","0.0361695","0.523955","0.585409","2.30938","1.7443e-15","3.05766","3.03708","62.239","7.42533","0","0","0","0","0","0","0","0"
"11.3982","0.500044","0.529671","0.0361678","0.523852","0.585104","2.30021","1.74324e-15","3.05309","3.03686","62.4158","7.41098","0","0","0","0","0","0","0","0"
"11.4016","0.500044","0.529671","0.0361662","0.524198","0.585476","2.29041","1.74474e-15","3.05465","3.04096","62.7799","7.43736","0","0","0","0","0","0","0","0"
"11.405","0.500044","0.529671","0.0361645","0.523944","0.585388","2.28029","1.74401e-15","3.05224","3.03697","63.0702","7.4263","0","0","0","0","0","0","0","0"
"11.4084","0.500044","0.529671","0.0361629","0.524121","0.58522","2.27591","1.74497e-15","3.05123","3.03864","62.855","7.43459","0","0","0","0","0","0","0","0"
"11.4118","0.500044","0.529671","0.0361652","0.523607","0.584695","2.26656","1.7431e-15","3.05272","3.0367","63.067","7.42212","0","0","0","0","0","0","0","0"
"11.4151","0.500044","0.529762","0.0361718","0.523562","0.584266","2.25704","1.74223e-15","3.04814","3.03851","63.4197","7.42015","0","0","0","0","0","0","0","0"
"11.4185","0.500044","0.529762","0.0361796","0.523766","0.58447","2.24635","1.74263e-15","3.04465","3.03598","63.793","7.41086","0","0","0","0","0","0","0","0"
"11.4219","0.500044","0.529762","0.0361862","0.52401","0.58456","2.23832","1.7435e-15","3.04362","3.03453","63.9918","7.42687","0","0","0","0","0","0","0","0"
"11.4253","0.500044","0.529762","0.0361939","0.523615","0.584468","2.22779","1.74346e-15","3.04199","3.02966","64.3594","7.41603","0","0","0","0","0","0","0","0"
"11.4288","0.500044","0.529762","0.036199","0.523217","0.584227","2.2201","1.7436e-15","3.04204","3.02667","64.5305","7.40869","0","0","0","0","0","0","0","0"
"11.4321","0.500044","0.529725","0.036203","0.523803","0.584558","2.22057","1.7449e-15","3.03699","3.03501","63.6687","7.42369","0","0","0","0","0","0","0","0"
"11.4354","0.500044","0.529725","0.0362065","0.524095","0.584311","2.21913","1.74429e-15","3.03949","3.0365","63.1335","7.41386","0","0","0","0","0","0","0","0"
"11.4388","0.500044","0.529725","0.0362105","0.52378","0.584568","2.21459","1.7447e-15","3.03494","3.03372","62.8335","7.4027","0","0","0","0","0","0","0","0"
"11.4422","0.500044","0.529725","0.036214","0.52378","0.58432","2.20416","1.74492e-15","3.03451","3.03786","63.3132","7.41728","0","0","0","0","0","0","0","0"
"11.4467","0.500044","0.529725","0.0362204","0.523387","0.583663","2.19162","1.7441e-15","3.03354","3.03498","63.6923","7.40286","0","0","0","0","0","0","0","0"
"11.45","0.500044","0.529624","0.0362252","0.523195","0.583386","2.18228","1.74392e-15","3.03247","3.034","64.0643","7.40166","0","0","0","0","0","0","0","0"
"11.4534","0.500044","0.529624","0.0362307","0.52319","0.583168","2.17266","1.74539e-15","3.02863","3.0362","64.357","7.41965","0","0","0","0","0","0","0","0"
"11.4568","0.500044","0.529624","0.0362354","0.523179","0.583458","2.16346","1.74516e-15","3.02579","3.03373","64.7258","7.42693","0","0","0","0","0","0","0","0"
"11.4614","0.500044","0.529624","0.0362423","0.522997","0.583166","2.15399","1.74411e-15","3.03195","3.03438","64.7741","7.39817","0","0","0","0","0","0","0","0"
"11.4646","0.500044","0.529571","0.0362465","0.522978","0.583057","2.15573","1.74404e-15","3.02907","3.03054","63.8693","7.41293","0","0","0","0","0","0","0","0"
"11.468","0.500044","0.529571","0.0362515","0.523155","0.583055","2.15085","1.74444e-15","3.03039","3.03467","63.6207","7.43119","0","0","0","0","0","0","0","0"
"11.4714","0.500044","0.529571","0.0362557","0.523358","0.5834","2.14526","1.7437e-15","3.0321","3.03003","63.5737","7.42368","0","0","0","0","0","0","0","0"
"11.4748","0.500044","0.529571","0.0362606","0.522968","0.583405","2.13945","1.74475e-15","3.02877","3.02768","63.4404","7.4381","0","0","0","0","0","0","0","0"
"11.4783","0.500044","0.529571","0.0362644","0.523104","0.583955","2.14127","1.74341e-15","3.02732","3.02724","62.5522","7.42792","0","0","0","0","0","0","0","0"
"11.4816","0.500044","0.529465","0.0362681","0.523652","0.584359","2.13931","1.74255e-15","3.02903","3.03257","61.9837","7.42201","0","0","0","0","0","0","0","0"
"11.4849","0.500044","0.529465","0.0362712","0.523325","0.584244","2.13132","1.74401e-15","3.03006","3.03464","62.2142","7.44464","0","0","0","0","0","0","0","0"
"11.4883","0.500044","0.529465","0.0362749","0.523514","0.584345","2.12341","1.74409e-15","3.02792","3.0318","62.3277","7.43812","0","0","0","0","0","0","0","0"
"11.4917","0.500044","0.529465","0.036278","0.523002","0.58402","2.11524","1.74445e-15","3.02997","3.03126","62.5877","7.42928","0","0","0","0","0","0","0","0"
"11.4952","0.500044","0.529465","0.0362829","0.522941","0.584171","2.10712","1.74346e-15","3.02969","3.04221","62.7325","7.42737","0","0","0","0","0","0","0","0"
"11.4985","0.500044","0.529444","0.0362884","0.522653","0.584043","2.09865","1.74245e-15","3.02935","3.04653","63.0382","7.42827","0","0","0","0","0","0","0","0"
"11.5019","0.500044","0.529444","0.0362949","0.522431","0.584138","2.09705","1.74333e-15","3.02458","3.04205","62.4302","7.42861","0","0","0","0","0","0","0","0"
"11.5052","0.500044","0.529444","0.0363005","0.522011","0.583636","2.09327","1.74376e-15","3.02243","3.0422","62.1879","7.4439","0","0","0","0","0","0","0","0"
"11.5086","0.500044","0.529444","0.0363069","0.521856","0.583265","2.08632","1.74244e-15","3.01775","3.03882","62.2049","7.43649","0","0","0","0","0","0","0","0"
"11.5121","0.500044","0.529444","0.0363133","0.521901","0.583113","2.07698","1.74322e-15","3.0163","3.03353","62.6206","7.43089","0","0","0","0","0","0","0","0"
"11.5154","0.500044","0.529573","0.0363216","0.521846","0.582314","2.07891","1.74401e-15","3.01649","3.0341","61.6062","7.43517","0","0","0","0","0","0","0","0"
"11.5188","0.500044","0.529573","0.0363288","0.521407","0.582097","2.07339","1.74393e-15","3.01641","3.03292","61.5741","7.41973","0","0","0","0","0","0","0","0"
"11.5222","0.500044","0.529573","0.0363371","0.521191","0.581432","2.06897","1.74492e-15","3.01871","3.03196","61.3048","7.44161","0","0","0","0","0","0","0","0"
"11.5255","0.500044","0.529573","0.0363443","0.522047","0.582224","2.06937","1.74375e-15","3.02805","3.04786","60.5982","7.43231","0","0","0","0","0","0","0","0"
"11.5301","0.500044","0.529573","0.0363528","0.523348","0.583245","2.07504","1.74373e-15","3.03314","3.05886","58.9907","7.4286","0","0","0","0","0","0","0","0"
"11.5334","0.500044","0.529467","0.0363577","0.523166","0.583352","2.07388","1.74428e-15","3.04111","3.05873","58.48","7.43047","0","0","0","0","0","0","0","0"
"11.5367","0.500044","0.529467","0.0363634","0.523403","0.583504","2.06547","1.7439e-15","3.03928","3.05679","58.6651","7.44332","0","0","0","0","0","0","0","0"
"11.5402","0.500044","0.529467","0.0363684","0.524201","0.583884","2.06652","1.7439e-15","3.04223","3.05611","57.9254","7.42785","0","0","0","0","0","0","0","0"
"11.5447","0.500044","0.529467","0.0363754","0.524275","0.583511","2.05596","1.7439e-15","3.04786","3.05426","58.1404","7.42077","0","0","0","0","0","0","0","0"
"11.5479","0.500044","0.529231","0.0363791","0.523908","0.583294","2.04752","1.7446e-15","3.04545","3.06018","58.4437","7.44882","0","0","0","0","0","0","0","0"
"11.5513","0.500044","0.529231","0.0363834","0.523861","0.583458","2.04121","1.74453e-15","3.04376","3.05867","58.4045","7.44536","0","0","0","0","0","0","0","0"
"11.5547","0.500044","0.529231","0.0363871","0.524152","0.583472","2.03769","1.74423e-15","3.04715","3.0556","58.1605","7.42986","0","0","0","0","0","0","0","0"
"11.5581","0.500044","0.529231","0.0363915","0.525082","0.584716","2.03747","1.74554e-15","3.04776","3.06536","57.454","7.43396","0","0","0","0","0","0","0","0"
"11.5616","0.500044","0.529231","0.0363956","0.524786","0.584453","2.0416","1.74376e-15","3.04635","3.06359","56.3956","7.41322","0","0","0","0","0","0","0","0"
"11.5649","0.500044","0.529415","0.0364013","0.524477","0.584495","2.03726","1.74366e-15","3.04409","3.06083","56.1463","7.38947","0","0","0","0","0","0","0","0"
"11.5683","0.500044","0.529415","0.0364063","0.524067","0.584415","2.04302","1.74434e-15","3.04249","3.06055","54.9596","7.39101","0","0","0","0","0","0","0","0"
"11.5716","0.500044","0.529415","0.036412","0.523819","0.584151","2.03613","1.74311e-15","3.04193","3.05377","54.9872","7.38445","0","0","0","0","0","0","0","0"
"11.575","0.500044","0.529415","0.0364169","0.524021","0.584367","2.03007","1.74347e-15","3.03756","3.05474","55.0283","7.39064","0","0","0","0","0","0","0","0"
"11.5785","0.500044","0.529415","0.036422","0.524358","0.584374","2.02279","1.74227e-15","3.03484","3.05528","55.1009","7.37102","0","0","0","0","0","0","0","0"
"11.5818","0.500044","0.52962","0.0364257","0.523817","0.584086","2.01335","1.74155e-15","3.03209","3.05284","55.5125","7.36249","0","0","0","0","0","0","0","0"
"11.5852","0.500044","0.52962","0.03643","0.523958","0.584218","2.00374","1.74359e-15","3.0329","3.05469","55.8491","7.38668","0","0","0","0","0","0","0","0"
"11.5886","0.500044","0.52962","0.0364337","0.523647","0.583989","1.99773","1.74316e-15","3.03244","3.05759","55.8953","7.35897","0","0","0","0","0","0","0","0"
"11.592","0.500044","0.52962","0.036438","0.524942","0.585201","1.9923","1.74438e-15","3.04148","3.05823","55.7803","7.37577","0","0","0","0","0","0","0","0"
"11.5955","0.500044","0.52962","0.0364423","0.524487","0.585116","1.98724","1.74221e-15","3.04343","3.05673","55.7247","7.35583","0","0","0","0","0","0","0","0"
"11.5987","0.500044","0.529739","0.0364478","0.524315","0.584452","1.97967","1.74425e-15","3.04259","3.05411","55.8468","7.37272","0","0","0","0","0","0","0","0"
"11.6021","0.500044","0.529739","0.0364526","0.524527","0.584762","1.97847","1.74413e-15","3.04637","3.05259","55.3745","7.37003","0","0","0","0","0","0","0","0"
"11.6055","0.500044","0.529739","0.0364582","0.524345","0.584778","1.97639","1.74545e-15","3.04207","3.05355","54.9025","7.36795","0","0","0","0","0","0","0","0"
"11.6089","0.500044","0.529739","0.036463","0.524153","0.584904","1.96836","1.74628e-15","3.04293","3.05522","55.1796","7.3758","0","0","0","0","0","0","0","0"
"11.6134","0.500044","0.529739","0.0364701","0.523972","0.585211","1.95738","1.74555e-15","3.04363","3.05618","55.4859","7.36412","0","0","0","0","0","0","0","0"
"11.6167","0.500044","0.529797","0.0364747","0.524336","0.585178","1.95189","1.74589e-15","3.04151","3.05428","55.4906","7.36573","0","0","0","0","0","0","0","0"
"11.6201","0.500044","0.529797","0.0364802","0.524215","0.584713","1.94553","1.74656e-15","3.04006","3.05271","55.4913","7.3773","0","0","0","0","0","0","0","0"
"11.6235","0.500044","0.529797","0.0364849","0.52407","0.584069","1.94227","1.74594e-15","3.0394","3.0589","55.2494","7.36482","0","0","0","0","0","0","0","0"
"11.628","0.500044","0.529797","0.0364915","0.52423","0.583985","1.94497","1.74609e-15","3.04317","3.056","54.081","7.37988","0","0","0","0","0","0","0","0"
"11.6313","0.500044","0.529946","0.036495","0.524552","0.583972","1.94357","1.74646e-15","3.0401","3.05997","53.6501","7.38164","0","0","0","0","0","0","0","0"
"11.6347","0.500044","0.529946","0.0364991","0.524756","0.584545","1.93682","1.74573e-15","3.03919","3.06177","53.6994","7.39527","0","0","0","0","0","0","0","0"
"11.6381","0.500044","0.529946","0.0365026","0.524972","0.584473","1.93891","1.74698e-15","3.03929","3.05967","52.9181","7.40292","0","0","0","0","0","0","0","0"
"11.6414","0.500044","0.529946","0.0365067","0.524595","0.584265","1.93335","1.74649e-15","3.0341","3.05525","52.8403","7.39668","0","0","0","0","0","0","0","0"
"11.6449","0.500044","0.529946","0.0365103","0.524563","0.584559","1.93584","1.74763e-15","3.03094","3.05106","52.0086","7.38702","0","0","0","0","0","0","0","0"
"11.6483","0.500044","0.529957","0.0365144","0.524777","0.584633","1.93461","1.74744e-15","3.0264","3.04771","51.5194","7.38636","0","0","0","0","0","0","0","0"
"11.6516","0.500044","0.529957","0.036518","0.525016","0.584669","1.94949","1.748e-15","3.03125","3.0503","49.492","7.38364","0","0","0","0","0","0","0","0"
"11.655","0.500044","0.529957","0.0365222","0.525152","0.584737","1.96675","1.7483e-15","3.03085","3.06383","47.2974","7.38203","0","0","0","0","0","0","0","0"
"11.6583","0.500044","0.529957","0.0365257","0.524868","0.584781","1.97078","1.7472e-15","3.0327","3.05994","46.4318","7.38888","0","0","0","0","0","0","0","0"
"11.6618","0.500044","0.529957","0.0365307","0.524161","0.583692","1.96541","1.74736e-15","3.03436","3.06274","46.3367","7.38183","0","0","0","0","0","0","0","0"
"11.6651","0.500044","0.529983","0.036536","0.523901","0.583697","1.96638","1.74804e-15","3.0334","3.05955","45.7558","7.39367","0","0","0","0","0","0","0","0"
"11.6685","0.500044","0.529983","0.0365421","0.523975","0.583378","1.96541","1.74788e-15","3.03454","3.06547","45.2758","7.38063","0","0","0","0","0","0","0","0"
"11.6719","0.500044","0.529983","0.0365473","0.523493","0.58311","1.96092","1.7489e-15","3.03803","3.06985","45.1884","7.38476","0","0","0","0","0","0","0","0"
"11.6753","0.500044","0.529983","0.0365535","0.523395","0.583027","1.95512","1.74919e-15","3.03882","3.07398","45.1378","7.40277","0","0","0","0","0","0","0","0"
"11.6788","0.500044","0.529983","0.036559","0.523235","0.582904","1.95167","1.74874e-15","3.0389","3.07139","44.9614","7.38844","0","0","0","0","0","0","0","0"
"11.6821","0.500044","0.530023","0.0365659","0.523426","0.582778","1.94763","1.74924e-15","3.03496","3.06822","44.7561","7.40048","0","0","0","0","0","0","0","0"
"11.6854","0.500044","0.530023","0.0365718","0.523234","0.582459","1.94115","1.74874e-15","3.03448","3.06822","44.8533","7.39158","0","0","0","0","0","0","0","0"
"11.6888","0.500044","0.530023","0.0365787","0.523136","0.582356","1.93896","1.74847e-15","3.03321","3.06695","44.4844","7.39266","0","0","0","0","0","0","0","0"
"11.6922","0.500044","0.530023","0.0365846","0.524175","0.582823","1.93581","1.74987e-15","3.04352","3.06923","44.2868","7.40026","0","0","0","0","0","0","0","0"
"11.6967","0.500044","0.530023","0.0365889","0.524531","0.582693","1.93271","1.74924e-15","3.03919","3.07292","43.8539","7.40468","0","0","0","0","0","0","0","0"
"11.7","0.500044","0.529807","0.0365902","0.52414","0.58251","1.92836","1.74959e-15","3.0391","3.07579","43.7638","7.42396","0","0","0","0","0","0","0","0"
"11.7034","0.500044","0.529807","0.0365917","0.524264","0.582733","1.92873","1.75079e-15","3.03731","3.07438","43.1892","7.43034","0","0","0","0","0","0","0","0"
"11.7068","0.500044","0.529807","0.0365931","0.524481","0.583076","1.92516","1.75027e-15","3.03497","3.07957","43.0339","7.43055","0","0","0","0","0","0","0","0"
"11.7113","0.500044","0.529807","0.0365942","0.52389","0.582657","1.91495","1.74942e-15","3.03314","3.07546","43.2278","7.41734","0","0","0","0","0","0","0","0"
"11.7146","0.500044","0.529673","0.0365928","0.523616","0.582364","1.9069","1.75003e-15","3.03098","3.07236","43.4718","7.43513","0","0","0","0","0","0","0","0"
"11.718","0.500044","0.529673","0.0365912","0.522876","0.582017","1.90551","1.74976e-15","3.03311","3.07347","43.0513","7.42884","0","0","0","0","0","0","0","0"
"11.7214","0.500044","0.529673","0.0365898","0.522312","0.581421","1.90285","1.75009e-15","3.03449","3.07592","42.8226","7.42639","0","0","0","0","0","0","0","0"
"11.7249","0.500044","0.529673","0.0365883","0.522878","0.581468","1.89822","1.75021e-15","3.02687","3.06992","42.6937","7.42684","0","0","0","0","0","0","0","0"
"11.7283","0.500044","0.529673","0.0365869","0.523411","0.582198","1.90291","1.75057e-15","3.02771","3.07029","41.8528","7.43147","0","0","0","0","0","0","0","0"
"11.7315","0.500044","0.529747","0.0365853","0.523298","0.582372","1.89534","1.75077e-15","3.0298","3.07334","41.9733","7.42777","0","0","0","0","0","0","0","0"
"11.7349","0.500044","0.529747","0.0365839","0.523319","0.582734","1.89156","1.74985e-15","3.02811","3.0697","41.8455","7.42018","0","0","0","0","0","0","0","0"
"11.7383","0.500044","0.529747","0.0365823","0.523508","0.582811","1.9051","1.75041e-15","3.02472","3.06965","40.2733","7.42637","0","0","0","0","0","0","0","0"
"11.7418","0.500044","0.529747","0.036581","0.523546","0.5829","1.9005","1.74889e-15","3.02809","3.06661","40.2225","7.41266","0","0","0","0","0","0","0","0"
"11.7452","0.500044","0.529747","0.0365789","0.523679","0.582666","1.8957","1.74962e-15","3.02525","3.06362","40.1129","7.4063","0","0","0","0","0","0","0","0"
"11.7485","0.500044","0.529631","0.0365767","0.524018","0.583099","1.89431","1.74909e-15","3.02353","3.05923","39.7987","7.39202","0","0","0","0","0","0","0","0"
"11.7519","0.500044","0.529631","0.036574","0.524117","0.582898","1.89328","1.74956e-15","3.02642","3.06528","39.3886","7.38899","0","0","0","0","0","0","0","0"
"11.7553","0.500044","0.529631","0.0365718","0.524936","0.58365","1.89645","1.75025e-15","3.02169","3.06308","38.7258","7.38449","0","0","0","0","0","0","0","0"
"11.7587","0.500044","0.529631","0.0365691","0.525187","0.583334","1.89728","1.75028e-15","3.02247","3.06236","38.1891","7.38117","0","0","0","0","0","0","0","0"
"11.7621","0.500044","0.529631","0.036566","0.524871","0.582883","1.89972","1.74968e-15","3.02215","3.06037","37.6053","7.36378","0","0","0","0","0","0","0","0"
"11.7654","0.500044","0.529653","0.0365614","0.524535","0.582891","1.89174","1.74935e-15","3.02197","3.05671","37.7471","7.34644","0","0","0","0","0","0","0","0"
"11.7688","0.500044","0.529653","0.0365575","0.525174","0.583512","1.88715","1.75124e-15","3.02514","3.07758","37.6971","7.3579","0","0","0","0","0","0","0","0"
"11.7722","0.500044","0.529653","0.0365528","0.52521","0.583974","1.88127","1.75053e-15","3.03068","3.07282","37.6804","7.36494","0","0","0","0","0","0","0","0"
"11.7756","0.500044","0.529653","0.0365489","0.525388","0.583938","1.87498","1.75171e-15","3.02483","3.07339","37.7646","7.36769","0","0","0","0","0","0","0","0"
"11.7801","0.500044","0.529653","0.0365415","0.526557","0.585302","1.87309","1.75112e-15","3.02338","3.07929","37.3117","7.34175","0","0","0","0","0","0","0","0"
"11.7834","0.500044","0.529855","0.0365361","0.525836","0.584857","1.86509","1.74976e-15","3.02512","3.07646","37.5322","7.32548","0","0","0","0","0","0","0","0"
"11.7868","0.500044","0.529855","0.0365299","0.52544","0.58456","1.85995","1.75114e-15","3.02443","3.07455","37.4641","7.33898","0","0","0","0","0","0","0","0"
"11.7902","0.500044","0.529855","0.0365245","0.52534","0.584838","1.86643","1.75077e-15","3.02213","3.07308","36.5962","7.33745","0","0","0","0","0","0","0","0"
"11.7947","0.500044","0.529855","0.0365183","0.524427","0.583878","1.86011","1.74949e-15","3.03014","3.07162","36.487","7.32823","0","0","0","0","0","0","0","0"
"11.798","0.500044","0.530042","0.0365185","0.524381","0.583813","1.85661","1.75007e-15","3.03357","3.06948","36.3616","7.34158","0","0","0","0","0","0","0","0"
"11.8014","0.500044","0.530042","0.0365188","0.524599","0.583934","1.85701","1.74883e-15","3.04008","3.0685","35.8861","7.34082","0","0","0","0","0","0","0","0"
"11.8048","0.500044","0.530042","0.0365191","0.524472","0.583794","1.8549","1.7496e-15","3.03557","3.06073","35.6605","7.33516","0","0","0","0","0","0","0","0"
"11.8082","0.500044","0.530042","0.0365194","0.52424","0.583461","1.85194","1.74912e-15","3.03715","3.06233","35.4394","7.34137","0","0","0","0","0","0","0","0"
"11.8117","0.500044","0.530042","0.0365206","0.524497","0.58381","1.84906","1.7497e-15","3.0389","3.05665","35.2742","7.33735","0","0","0","0","0","0","0","0"
"11.815","0.500044","0.530174","0.0365242","0.524749","0.584147","1.84492","1.74909e-15","3.04575","3.06233","35.1419","7.35272","0","0","0","0","0","0","0","0"
"11.8183","0.500044","0.530174","0.0365272","0.524799","0.584059","1.84083","1.74835e-15","3.04117","3.05752","35.0684","7.36802","0","0","0","0","0","0","0","0"
"11.8218","0.500044","0.530174","0.0365308","0.525061","0.584501","1.84241","1.75014e-15","3.03757","3.04983","34.5274","7.3835","0","0","0","0","0","0","0","0"
"11.8252","0.500044","0.530174","0.0365339","0.524963","0.584523","1.83853","1.7491e-15","3.03729","3.05301","34.4401","7.38028","0","0","0","0","0","0","0","0"
"11.8287","0.500044","0.530174","0.0365356","0.524612","0.583695","1.83448","1.74952e-15","3.03746","3.05565","34.3068","7.38203","0","0","0","0","0","0","0","0"
"11.832","0.500044","0.53003","0.0365349","0.524111","0.583072","1.83864","1.74916e-15","3.03965","3.05384","33.6825","7.37708","0","0","0","0","0","0","0","0"
"11.8354","0.500044","0.53003","0.0365342","0.524574","0.58303","1.85361","1.74952e-15","3.03826","3.05359","32.3458","7.36878","0","0","0","0","0","0","0","0"
"11.8387","0.500044","0.53003","0.0365335","0.525081","0.583644","1.85972","1.75023e-15","3.037","3.05648","31.6276","7.38467","0","0","0","0","0","0","0","0"
"11.8421","0.500044","0.53003","0.0365327","0.524641","0.583611","1.85742","1.75043e-15","3.03666","3.05253","31.3996","7.37823","0","0","0","0","0","0","0","0"
"11.8456","0.500044","0.53003","0.0365338","0.524786","0.583552","1.87757","1.75002e-15","3.03591","3.04951","29.9509","7.38315","0","0","0","0","0","0","0","0"
"11.8489","0.500044","0.530013","0.036537","0.52498","0.583827","1.89547","1.74875e-15","3.03828","3.06306","28.5869","7.37683","0","0","0","0","0","0","0","0"
"11.8523","0.500044","0.530013","0.0365398","0.525185","0.584009","1.89913","1.75067e-15","3.03602","3.05925","28.0819","7.38838","0","0","0","0","0","0","0","0"
"11.8557","0.500044","0.530013","0.036543","0.524866","0.583498","1.89325","1.75002e-15","3.03652","3.06025","28.0728","7.39475","0","0","0","0","0","0","0","0"
"11.859","0.500044","0.530013","0.0365458","0.525648","0.58429","1.89062","1.75032e-15","3.03511","3.06112","27.9333","7.38441","0","0","0","0","0","0","0","0"
"11.8636","0.500044","0.530013","0.0365499","0.525194","0.583765","1.88321","1.74888e-15","3.03756","3.06499","27.9118","7.3882","0","0","0","0","0","0","0","0"
"11.8669","0.500044","0.530001","0.0365527","0.524851","0.583789","1.87942","1.7484e-15","3.03593","3.06474","27.833","7.38646","0","0","0","0","0","0","0","0"
"11.8702","0.500044","0.530001","0.0365559","0.524435","0.583488","1.87804","1.7487e-15","3.03312","3.07387","27.5728","7.38394","0","0","0","0","0","0","0","0"
"11.8736","0.500044","0.530001","0.0365586","0.524432","0.583354","1.87636","1.749e-15","3.02935","3.07234","27.3798","7.3965","0","0","0","0","0","0","0","0"
"11.878","0.500044","0.530001","0.0365631","0.524289","0.583046","1.87673","1.7481e-15","3.02804","3.0702","26.9406","7.366","0","0","0","0","0","0","0","0"
"11.8812","0.500044","0.530086","0.036567","0.524172","0.583432","1.90497","1.74866e-15","3.023","3.06413","25.345","7.37766","0","0","0","0","0","0","0","0"
"11.8846","0.500044","0.530086","0.036571","0.524095","0.583312","1.90729","1.74835e-15","3.02499","3.06739","24.9661","7.38522","0","0","0","0","0","0","0","0"
"11.888","0.500044","0.530086","0.0365756","0.524305","0.583178","1.90502","1.74778e-15","3.02299","3.06202","24.7755","7.38351","0","0","0","0","0","0","0","0"
"11.8913","0.500044","0.530086","0.0365795","0.524255","0.582681","1.89938","1.74799e-15","3.01852","3.06268","24.7963","7.39492","0","0","0","0","0","0","0","0"
"11.8948","0.500044","0.530086","0.0365841","0.524788","0.583382","1.89941","1.74719e-15","3.01504","3.05667","24.4992","7.36509","0","0","0","0","0","0","0","0"
"11.8981","0.500044","0.530064","0.0365881","0.524707","0.583143","1.8993","1.74741e-15","3.01412","3.05787","24.2594","7.36963","0","0","0","0","0","0","0","0"
"11.9015","0.500044","0.530064","0.0365928","0.524195","0.582702","1.89281","1.74661e-15","3.01788","3.06125","24.2793","7.3641","0","0","0","0","0","0","0","0"
"11.9049","0.500044","0.530064","0.0365968","0.524186","0.582807","1.88917","1.7473e-15","3.01323","3.06283","24.2089","7.35198","0","0","0","0","0","0","0","0"
"11.9083","0.500044","0.530064","0.0366014","0.523685","0.582043","1.88442","1.747e-15","3.01868","3.06223","24.1446","7.35525","0","0","0","0","0","0","0","0"
"11.9118","0.500044","0.530064","0.0366041","0.523632","0.582273","1.8813","1.7457e-15","3.01793","3.06162","24.044","7.35027","0","0","0","0","0","0","0","0"
"11.915","0.500044","0.530006","0.0366039","0.523337","0.582083","1.87972","1.74604e-15","3.01347","3.05931","23.8305","7.3673","0","0","0","0","0","0","0","0"
"11.9184","0.500044","0.530006","0.0366037","0.522954","0.581823","1.8733","1.74505e-15","3.0155","3.05719","23.8938","7.36727","0","0","0","0","0","0","0","0"
"11.9218","0.500044","0.530006","0.0366035","0.523217","0.58228","1.8728","1.74487e-15","3.01943","3.05436","23.6346","7.36921","0","0","0","0","0","0","0","0"
"11.9252","0.500044","0.530006","0.0366033","0.522939","0.581752","1.86872","1.74656e-15","3.01501","3.0546","23.5834","7.38905","0","0","0","0","0","0","0","0"
"11.9287","0.500044","0.530006","0.0366042","0.52429","0.583618","1.88279","1.74388e-15","3.01346","3.04775","22.7204","7.37004","0","0","0","0","0","0","0","0"
"11.932","0.500044","0.529965","0.0366063","0.523758","0.582925","1.87676","1.74451e-15","3.02211","3.05822","22.7615","7.37922","0","0","0","0","0","0","0","0"
"11.9354","0.500044","0.529965","0.0366087","0.52418","0.583336","1.87538","1.74501e-15","3.03296","3.06032","22.555","7.39434","0","0","0","0","0","0","0","0"
"11.9387","0.500044","0.529965","0.0366107","0.524452","0.583066","1.87454","1.74459e-15","3.03249","3.06158","22.3698","7.39161","0","0","0","0","0","0","0","0"
"11.9421","0.500044","0.529965","0.0366131","0.524715","0.583949","1.86816","1.74598e-15","3.02937","3.05692","22.3891","7.39405","0","0","0","0","0","0","0","0"
"11.9469","0.500044","0.529965","0.0366105","0.524936","0.584228","1.85903","1.74539e-15","3.02696","3.05841","22.456","7.36326","0","0","0","0","0","0","0","0"
"11.9502","0.500044","0.529857","0.0366068","0.524521","0.584429","1.87547","1.745e-15","3.03163","3.0663","21.6508","7.34995","0","0","0","0","0","0","0","0"
"11.9536","0.500044","0.529857","0.0366025","0.523974","0.583776","1.87973","1.74587e-15","3.03935","3.07196","21.2203","7.32436","0","0","0","0","0","0","0","0"
"11.957","0.500044","0.529857","0.0365988","0.524595","0.584118","1.88675","1.74626e-15","3.03403","3.07368","20.7311","7.33057","0","0","0","0","0","0","0","0"
"11.9613","0.500044","0.529857","0.0365936","0.526005","0.585427","1.88451","1.74592e-15","3.03439","3.06947","20.5099","7.31032","0","0","0","0","0","0","0","0"
"11.9645","0.500044","0.530033","0.036591","0.525689","0.585178","1.88351","1.74446e-15","3.03581","3.07214","20.3431","7.30798","0","0","0","0","0","0","0","0"
"11.9678","0.500044","0.530033","0.0365883","0.525926","0.585071","1.8844","1.74574e-15","3.03484","3.07376","20.1053","7.32889","0","0","0","0","0","0","0","0"
"11.9712","0.500044","0.530033","0.0365852","0.526259","0.585237","1.8932","1.74466e-15","3.03845","3.06888","19.5497","7.31713","0","0","0","0","0","0","0","0"
"11.9746","0.500044","0.530033","0.0365825","0.526406","0.586272","1.90732","1.7458e-15","3.03957","3.05587","18.9036","7.31101","0","0","0","0","0","0","0","0"
"11.9781","0.500044","0.530033","0.0365807","0.525853","0.585575","1.90027","1.74524e-15","3.044","3.05545","18.9439","7.28455","0","0","0","0","0","0","0","0"
"11.9814","0.500044","0.530212","0.036582","0.52626","0.586235","1.89307","1.74493e-15","3.04159","3.04989","19.0211","7.27326","0","0","0","0","0","0","0","0"
"11.9848","0.500044","0.530212","0.0365836","0.526588","0.586575","1.88996","1.74689e-15","3.04056","3.05123","18.9157","7.28221","0","0","0","0","0","0","0","0"
"11.9881","0.500044","0.530212","0.0365849","0.526445","0.586645","1.89524","1.74648e-15","3.03934","3.04328","18.554","7.29011","0","0","0","0","0","0","0","0"
"11.9915","0.500044","0.530212","0.0365864","0.526063","0.586293","1.89282","1.74645e-15","3.03543","3.03758","18.4238","7.27612","0","0","0","0","0","0","0","0"
"11.9951","0.500044","0.530212","0.0365875","0.526334","0.586349","1.8951","1.74594e-15","3.03262","3.03199","18.1659","7.2803","0","0","0","0","0","0","0","0"
"11.9983","0.500044","0.530446","0.0365883","0.526435","0.586914","1.88862","1.74519e-15","3.02896","3.02735","18.1822","7.29208","0","0","0","0","0","0","0","0"
"12.0017","0.500044","0.530446","0.036589","0.526672","0.586789","1.89322","1.74513e-15","3.03546","3.03178","17.8477","7.28017","0","0","0","0","0","0","0","0"
"12.0051","0.500044","0.530446","0.0365897","0.526767","0.586955","1.89031","1.7458e-15","3.03865","3.02575","17.7405","7.30528","0","0","0","0","0","0","0","0"
"12.0085","0.500044","0.530446","0.0365904","0.527305","0.58749","1.88338","1.7457e-15","3.03782","3.02022","17.8045","7.30708","0","0","0","0","0","0","0","0"
"12.0119","0.500044","0.530446","0.0365894","0.528601","0.58926","1.87609","1.74489e-15","3.04026","3.04049","17.8519","7.30555","0","0","0","0","0","0","0","0"
"12.0152","0.500044","0.530655","0.0365865","0.528672","0.589111","1.86854","1.74573e-15","3.03624","3.03734","17.9408","7.31143","0","0","0","0","0","0","0","0"
"12.0186","0.500044","0.530655","0.036583","0.528842","0.589424","1.88852","1.7451e-15","3.03065","3.02985","17.1683","7.30629","0","0","0","0","0","0","0","0"
"12.0221","0.500044","0.530655","0.0365801","0.52877","0.589427","1.90863","1.74558e-15","3.02887","3.02852","16.4577","7.31183","0","0","0","0","0","0","0","0"
"12.0254","0.500044","0.530655","0.0365767","0.52948","0.589662","1.91264","1.74657e-15","3.02875","3.02227","16.1591","7.33234","0","0","0","0","0","0","0","0"
"12.0302","0.500044","0.530655","0.0365725","0.529986","0.589523","1.90546","1.74563e-15","3.02386","3.01707","16.1437","7.34405","0","0","0","0","0","0","0","0"
"12.0335","0.500044","0.530889","0.0365698","0.530145","0.58985","1.90001","1.74604e-15","3.02333","3.01556","16.1526","7.34255","0","0","0","0","0","0","0","0"
"12.0368","0.500044","0.530889","0.0365666","0.530847","0.590114","1.90668","1.74766e-15","3.01993","3.01428","15.8068","7.35861","0","0","0","0","0","0","0","0"
"12.0402","0.500044","0.530889","0.0365639","0.531859","0.590555","1.95605","1.74749e-15","3.01709","3.01488","15.0967","7.36595","0","0","0","0","0","0","0","0"
"12.0447","0.500044","0.530889","0.0365602","0.532364","0.590712","2.02128","1.74707e-15","3.01183","3.00592","13.6367","7.35323","0","0","0","0","0","0","0","0"
"12.048","0.500044","0.531349","0.0365586","0.531591","0.590093","2.01661","1.74567e-15","3.0157","3.00608","13.6179","7.33834","0","0","0","0","0","0","0","0"
"12.0514","0.500044","0.531349","0.0365567","0.530955","0.589779","2.00617","1.74641e-15","3.01855","3.00881","13.723","7.34564","0","0","0","0","0","0","0","0"
"12.0548","0.500044","0.531349","0.0365551","0.53098","0.589598","2.00626","1.74709e-15","3.02403","3.00468","13.5897","7.34769","0","0","0","0","0","0","0","0"
"12.0582","0.500044","0.531349","0.0365531","0.531503","0.590353","2.00262","1.74627e-15","3.03067","3.00364","13.532","7.34478","0","0","0","0","0","0","0","0"
"12.0617","0.500044","0.531349","0.0365526","0.531363","0.590599","1.99656","1.74661e-15","3.02932","3.0025","13.5501","7.32768","0","0","0","0","0","0","0","0"
"12.065","0.500044","0.53165","0.0365547","0.530416","0.589774","1.99552","1.74715e-15","3.03129","3.00152","13.4202","7.36164","0","0","0","0","0","0","0","0"
"12.0684","0.500044","0.53165","0.0365564","0.530164","0.589316","1.99252","1.74677e-15","3.03509","3.0062","13.3626","7.34983","0","0","0","0","0","0","0","0"
"12.0717","0.500044","0.53165","0.0365584","0.530436","0.589408","2.13243","1.74727e-15","3.02401","3.01224","12.2495","7.36143","0","0","0","0","0","0","0","0"
"12.0751","0.500044","0.53165","0.0365602","0.53022","0.589425","2.17428","1.74766e-15","3.01997","3.00954","11.5104","7.36338","0","0","0","0","0","0","0","0"
"12.0786","0.500044","0.53165","0.0365627","0.530472","0.58951","2.17103","1.74596e-15","3.02299","3.00604","11.4439","7.35447","0","0","0","0","0","0","0","0"
"12.0819","0.500044","0.531779","0.0365653","0.530427","0.589698","2.16613","1.7465e-15","3.02543","3.0095","11.4271","7.35861","0","0","0","0","0","0","0","0"
"12.0853","0.500044","0.531779","0.0365684","0.530607","0.590003","2.16588","1.74546e-15","3.02385","3.01043","11.308","7.36946","0","0","0","0","0","0","0","0"
"12.0887","0.500044","0.531779","0.0365711","0.530598","0.590598","2.1744","1.74557e-15","3.02396","3.01338","11.0681","7.37423","0","0","0","0","0","0","0","0"
"12.092","0.500044","0.531779","0.0365742","0.531011","0.590391","2.18666","1.74723e-15","3.02454","3.00693","10.7418","7.38401","0","0","0","0","0","0","0","0"
"12.0956","0.500044","0.531779","0.0365773","0.530962","0.59009","2.19591","1.74576e-15","3.02414","3.00458","10.4884","7.36561","0","0","0","0","0","0","0","0"
"12.0988","0.500044","0.531748","0.0365814","0.530655","0.589778","2.20997","1.74448e-15","3.02609","3.0014","10.1612","7.36091","0","0","0","0","0","0","0","0"
"12.1022","0.500044","0.531748","0.036585","0.530683","0.589896","2.21981","1.74611e-15","3.02543","3.00077","9.93498","7.38579","0","0","0","0","0","0","0","0"
"12.1056","0.500044","0.531748","0.0365892","0.530704","0.58973","2.23686","1.74562e-15","3.02264","3.00302","9.63224","7.38475","0","0","0","0","0","0","0","0"
"12.109","0.500044","0.531748","0.0365928","0.530688","0.589548","2.23268","1.74641e-15","3.02132","2.99845","9.60659","7.3603","0","0","0","0","0","0","0","0"
"12.1135","0.500044","0.531748","0.0365955","0.53012","0.589187","2.22376","1.7452e-15","3.01555","2.99823","9.60857","7.34505","0","0","0","0","0","0","0","0"
"12.1168","0.500044","0.531852","0.0365964","0.530549","0.589621","2.22641","1.7447e-15","3.01404","3.0036","9.4928","7.33555","0","0","0","0","0","0","0","0"
"12.1202","0.500044","0.531852","0.0365975","0.530608","0.58994","2.22891","1.74441e-15","3.01362","3.00033","9.36679","7.3292","0","0","0","0","0","0","0","0"
"12.1236","0.500044","0.531852","0.0365984","0.53091","0.589909","2.22239","1.74438e-15","3.01191","3.00157","9.37604","7.33185","0","0","0","0","0","0","0","0"
"12.128","0.500044","0.531852","0.0365986","0.531228","0.59097","2.21734","1.74221e-15","3.0177","2.99998","9.32586","7.32717","0","0","0","0","0","0","0","0"
"12.1314","0.500044","0.531954","0.0365962","0.530774","0.590188","2.21632","1.74195e-15","3.01736","2.9998","9.26147","7.32506","0","0","0","0","0","0","0","0"
"12.1348","0.500044","0.531954","0.0365934","0.529982","0.589472","2.21236","1.7419e-15","3.01752","2.99894","9.22151","7.32745","0","0","0","0","0","0","0","0"
"12.1382","0.500044","0.531954","0.0365909","0.530987","0.590051","2.20527","1.74189e-15","3.02128","3.00269","9.24057","7.32108","0","0","0","0","0","0","0","0"
"12.1415","0.500044","0.531954","0.0365881","0.531995","0.591036","2.20377","1.74294e-15","3.02893","3.00703","9.16948","7.32237","0","0","0","0","0","0","0","0"
"12.1451","0.500044","0.531954","0.0365857","0.532226","0.591157","2.19953","1.74192e-15","3.02905","3.00861","9.15068","7.29664","0","0","0","0","0","0","0","0"
"12.1483","0.500044","0.53204","0.0365827","0.532183","0.591248","2.19368","1.7418e-15","3.02841","3.01375","9.13737","7.2834","0","0","0","0","0","0","0","0"
"12.1517","0.500044","0.53204","0.0365802","0.532059","0.591078","2.34278","1.74071e-15","3.02989","3.01095","9.06405","7.27502","0","0","0","0","0","0","0","0"
"12.1551","0.500044","0.53204","0.0365772","0.531789","0.590992","2.40842","1.74048e-15","3.02669","3.01018","8.4671","7.28739","0","0","0","0","0","0","0","0"
"12.1585","0.500044","0.53204","0.0365747","0.53102","0.590589","2.41579","1.7411e-15","3.03076","3.01187","8.32012","7.29817","0","0","0","0","0","0","0","0"
"12.162","0.500044","0.53204","0.0365741","0.530971","0.590887","2.4082","1.73983e-15","3.03211","3.03333","8.32626","7.29724","0","0","0","0","0","0","0","0"
"12.1652","0.500044","0.532197","0.0365763","0.530914","0.590724","2.40152","1.74145e-15","3.03358","3.03127","8.33412","7.30675","0","0","0","0","0","0","0","0"
"12.1686","0.500044","0.532197","0.0365789","0.531384","0.591289","2.39841","1.7408e-15","3.0268","3.02931","8.29303","7.29991","0","0","0","0","0","0","0","0"
"12.172","0.500044","0.532197","0.036581","0.531287","0.591056","2.39503","1.74111e-15","3.02868","3.02548","8.26236","7.29939","0","0","0","0","0","0","0","0"
"12.1753","0.500044","0.532197","0.0365836","0.531006","0.590803","2.40459","1.74238e-15","3.02706","3.02627","8.09078","7.31291","0","0","0","0","0","0","0","0"
"12.179","0.500044","0.532197","0.0365844","0.53123","0.590907","2.4193","1.74194e-15","3.02822","3.02705","7.88753","7.30837","0","0","0","0","0","0","0","0"
"12.1822","0.500044","0.532384","0.0365839","0.531093","0.590971","2.42239","1.74255e-15","3.02585","3.02454","7.78285","7.3206","0","0","0","0","0","0","0","0"
"12.1856","0.500044","0.532384","0.0365834","0.530898","0.590863","2.424","1.74208e-15","3.02077","3.02149","7.69872","7.31902","0","0","0","0","0","0","0","0"
"12.189","0.500044","0.532384","0.0365829","0.530943","0.59104","2.41946","1.74225e-15","3.0234","3.01575","7.66833","7.32924","0","0","0","0","0","0","0","0"
"12.1923","0.500044","0.532384","0.0365824","0.531035","0.591062","2.4141","1.74278e-15","3.02215","3.01397","7.66053","7.3426","0","0","0","0","0","0","0","0"
"12.1968","0.500044","0.532384","0.0365808","0.531244","0.590763","2.39994","1.7415e-15","3.0164","3.01557","7.71637","7.33572","0","0","0","0","0","0","0","0"
"12.2001","0.500044","0.53242","0.0365795","0.531799","0.59125","2.39819","1.74364e-15","3.01796","3.01295","7.67441","7.34376","0","0","0","0","0","0","0","0"
"12.2035","0.500044","0.53242","0.0365779","0.532078","0.591497","2.41039","1.74314e-15","3.01706","3.01243","7.51252","7.33343","0","0","0","0","0","0","0","0"
"12.2068","0.500044","0.53242","0.0365765","0.532253","0.591684","2.41506","1.74531e-15","3.01597","3.00904","7.40155","7.34738","0","0","0","0","0","0","0","0"
"12.2113","0.500044","0.53242","0.0365744","0.531296","0.590649","2.42077","1.74342e-15","3.01681","3.00635","7.25026","7.32271","0","0","0","0","0","0","0","0"
"12.2147","0.500044","0.53248","0.0365729","0.530961","0.590501","2.41508","1.74334e-15","3.01572","3.00612","7.24485","7.34005","0","0","0","0","0","0","0","0"
"12.2181","0.500044","0.53248","0.0365712","0.531029","0.590544","2.41035","1.74325e-15","3.0116","3.00354","7.21738","7.35085","0","0","0","0","0","0","0","0"
"12.2214","0.500044","0.53248","0.0365697","0.531192","0.590832","2.41246","1.74395e-15","3.00837","2.99934","7.13983","7.33715","0","0","0","0","0","0","0","0"
"12.2248","0.500044","0.53248","0.0365679","0.531722","0.591098","2.40954","1.74358e-15","3.01402","3.003","7.09779","7.33659","0","0","0","0","0","0","0","0"
"12.2283","0.500044","0.53248","0.0365678","0.531704","0.591189","2.40829","1.74417e-15","3.01271","2.99909","7.05174","7.34676","0","0","0","0","0","0","0","0"
"12.2316","0.500044","0.532604","0.0365709","0.531508","0.590631","2.44022","1.74331e-15","3.01494","3.00296","6.78171","7.36968","0","0","0","0","0","0","0","0"
"12.235","0.500044","0.532604","0.0365736","0.531337","0.590362","2.44362","1.74431e-15","3.01202","3.00049","6.70331","7.37558","0","0","0","0","0","0","0","0"
"12.2383","0.500044","0.532604","0.0365767","0.530682","0.589739","2.43276","1.7439e-15","3.01097","2.99915","6.73901","7.38425","0","0","0","0","0","0","0","0"
"12.2417","0.500044","0.532604","0.0365793","0.530309","0.589599","2.44156","1.74322e-15","3.01079","2.99887","6.63546","7.37165","0","0","0","0","0","0","0","0"
"12.2452","0.500044","0.532604","0.0365805","0.530396","0.589494","2.44012","1.74292e-15","3.006","2.9936","6.59221","7.35618","0","0","0","0","0","0","0","0"
"12.2485","0.500044","0.532679","0.0365792","0.53032","0.58928","2.4295","1.74259e-15","3.00706","2.99353","6.63472","7.34607","0","0","0","0","0","0","0","0"
"12.2519","0.500044","0.532679","0.0365778","0.53022","0.589373","2.47164","1.74384e-15","3.00182","2.99269","6.34903","7.35118","0","0","0","0","0","0","0","0"
"12.2553","0.500044","0.532679","0.0365766","0.530452","0.589391","2.47706","1.74271e-15","2.99583","2.98718","6.25835","7.33945","0","0","0","0","0","0","0","0"
"12.2587","0.500044","0.532679","0.0365751","0.530396","0.589801","2.47605","1.74486e-15","2.9957","2.98563","6.21653","7.35216","0","0","0","0","0","0","0","0"
"12.2621","0.500044","0.532679","0.0365743","0.529898","0.589334","2.46576","1.74302e-15","2.99646","2.98751","6.25197","7.34406","0","0","0","0","0","0","0","0"
"12.2654","0.500044","0.532621","0.0365738","0.529114","0.588756","2.45642","1.74419e-15","2.99512","2.98664","6.26953","7.34392","0","0","0","0","0","0","0","0"
"12.2688","0.500044","0.532621","0.0365733","0.529625","0.588887","2.45744","1.7434e-15","2.99775","2.98351","6.21174","7.33916","0","0","0","0","0","0","0","0"
"12.2722","0.500044","0.532621","0.0365728","0.529193","0.588506","2.45285","1.74393e-15","2.99825","2.97815","6.18929","7.33134","0","0","0","0","0","0","0","0"
"12.2756","0.500044","0.532621","0.0365723","0.529562","0.589078","2.44341","1.74438e-15","2.99498","2.98186","6.21802","7.33989","0","0","0","0","0","0","0","0"
"12.2801","0.500044","0.532621","0.036572","0.528391","0.588014","2.43366","1.7433e-15","2.99687","2.98639","6.22402","7.32874","0","0","0","0","0","0","0","0"
"12.2834","0.500044","0.532463","0.036572","0.527946","0.587908","2.43329","1.74349e-15","3.00416","2.98394","6.1749","7.32376","0","0","0","0","0","0","0","0"
"12.2868","0.500044","0.532463","0.0365719","0.527908","0.587982","2.43401","1.74329e-15","3.00285","2.9811","6.10944","7.33484","0","0","0","0","0","0","0","0"
"12.2901","0.500044","0.532463","0.0365718","0.527681","0.588124","2.4311","1.74349e-15","2.99968","2.98076","6.08579","7.32971","0","0","0","0","0","0","0","0"
"12.2947","0.500044","0.532463","0.0365728","0.528259","0.588578","2.43453","1.74314e-15","2.99484","2.9853","5.9958","7.33803","0","0","0","0","0","0","0","0"
"12.298","0.500044","0.532335","0.0365759","0.528226","0.588672","2.43731","1.74184e-15","2.9967","2.98598","5.9305","7.33259","0","0","0","0","0","0","0","0"
"12.3014","0.500044","0.532335","0.0365794","0.528232","0.588842","2.43019","1.74262e-15","3.01379","2.9922","5.93043","7.34082","0","0","0","0","0","0","0","0"
"12.3048","0.500044","0.532335","0.0365825","0.527777","0.58865","2.42177","1.74287e-15","3.018","2.99748","5.95214","7.36634","0","0","0","0","0","0","0","0"
"12.3082","0.500044","0.532335","0.0365861","0.528433","0.58856","2.41905","1.7428e-15","3.01469","2.99938","5.92132","7.3594","0","0","0","0","0","0","0","0"
"12.3117","0.500044","0.532335","0.0365874","0.528708","0.58915","2.41121","1.74393e-15","3.01705","2.99537","5.93696","7.38273","0","0","0","0","0","0","0","0"
"12.3149","0.500044","0.532185","0.0365848","0.529157","0.589401","2.40018","1.74414e-15","3.0125","2.99523","5.97175","7.39221","0","0","0","0","0","0","0","0"
"12.3183","0.500044","0.532185","0.0365825","0.52913","0.589646","2.39088","1.74436e-15","3.00928","2.99258","5.99969","7.37762","0","0","0","0","0","0","0","0"
"12.3217","0.500044","0.532185","0.0365799","0.528852","0.589435","2.38702","1.74585e-15","3.00881","2.9895","5.97526","7.37961","0","0","0","0","0","0","0","0"
"12.3251","0.500044","0.532185","0.0365777","0.528963","0.589495","2.38465","1.74516e-15","3.00775","2.98501","5.94387","7.35962","0","0","0","0","0","0","0","0"
"12.3286","0.500044","0.532185","0.0365748","0.528897","0.589976","2.38526","1.74556e-15","3.01609","2.9907","5.8817","7.32932","0","0","0","0","0","0","0","0"
"12.3319","0.500044","0.532293","0.0365721","0.528422","0.589401","2.38684","1.74631e-15","3.01549","2.99054","5.82053","7.3251","0","0","0","0","0","0","0","0"
"12.3352","0.500044","0.532293","0.0365689","0.528296","0.589397","2.39057","1.7463e-15","3.01647","2.99056","5.75035","7.32406","0","0","0","0","0","0","0","0"
"12.3386","0.500044","0.532293","0.0365662","0.528877","0.589451","2.38277","1.74718e-15","3.02618","2.99026","5.76523","7.3284","0","0","0","0","0","0","0","0"
"12.342","0.500044","0.532293","0.036563","0.528527","0.589454","2.43829","1.74606e-15","3.02647","2.99672","5.97089","7.31635","0","0","0","0","0","0","0","0"
"12.3455","0.500044","0.532293","0.0365594","0.527967","0.589139","2.54267","1.74596e-15","3.0267","2.99451","5.95089","7.30354","0","0","0","0","0","0","0","0"
"12.3487","0.500044","0.532518","0.0365544","0.528034","0.589297","2.56671","1.74584e-15","3.02857","2.99362","5.77389","7.30961","0","0","0","0","0","0","0","0"
"12.3523","0.500044","0.532518","0.0365493","0.52833","0.589377","2.73183","1.74567e-15","3.03172","2.99016","6.31347","7.30582","0","0","0","0","0","0","0","0"
"12.3559","0.500044","0.532518","0.036545","0.528369","0.588918","2.80825","1.74472e-15","3.03616","2.99014","6.00558","7.30491","0","0","0","0","0","0","0","0"
"12.3593","0.500044","0.532518","0.0365399","0.528764","0.589134","2.83334","1.74407e-15","3.04273","2.99169","5.83648","7.29529","0","0","0","0","0","0","0","0"
"12.3635","0.500044","0.532518","0.0365346","0.52765","0.588276","2.82363","1.74473e-15","3.04645","2.99089","5.83873","7.29614","0","0","0","0","0","0","0","0"
"12.3667","0.500044","0.532537","0.0365306","0.527843","0.588285","2.8118","1.74549e-15","3.05716","2.99628","5.87303","7.31897","0","0","0","0","0","0","0","0"
"12.3702","0.500044","0.532537","0.036526","0.528701","0.589271","2.80586","1.74486e-15","3.05657","2.99512","5.8589","7.30549","0","0","0","0","0","0","0","0"
"12.3736","0.500044","0.532537","0.0365221","0.528404","0.588487","2.79914","1.74597e-15","3.05774","3.00082","5.85783","7.31796","0","0","0","0","0","0","0","0"
"12.378","0.500044","0.532537","0.0365165","0.527869","0.587998","2.78434","1.74457e-15","3.05904","3.00058","5.89007","7.32773","0","0","0","0","0","0","0","0"
"12.3814","0.500044","0.53247","0.0365134","0.5277","0.587584","2.78518","1.74282e-15","3.05587","3.00262","5.83526","7.31872","0","0","0","0","0","0","0","0"
"12.3847","0.500044","0.53247","0.0365098","0.527511","0.587609","2.79181","1.74505e-15","3.05231","3.00348","5.74078","7.34078","0","0","0","0","0","0","0","0"
"12.3883","0.500044","0.53247","0.0365063","0.528028","0.58807","2.77868","1.74464e-15","3.05156","2.99857","5.77631","7.3434","0","0","0","0","0","0","0","0"
"12.3917","0.500044","0.53247","0.0365032","0.527438","0.587863","2.77011","1.74452e-15","3.05303","2.99861","5.78811","7.33665","0","0","0","0","0","0","0","0"
"12.3952","0.500044","0.53247","0.0364989","0.527268","0.58748","2.76796","1.74442e-15","3.05023","2.99925","5.74956","7.32453","0","0","0","0","0","0","0","0"
"12.3985","0.500044","0.532399","0.0364946","0.526735","0.586961","2.79648","1.74369e-15","3.05142","3.00673","5.71162","7.32912","0","0","0","0","0","0","0","0"
"12.4018","0.500044","0.532399","0.0364895","0.526499","0.586896","3.00269","1.7433e-15","3.0492","3.01219","6.19897","7.31957","0","0","0","0","0","0","0","0"
"12.4052","0.500044","0.532399","0.0364852","0.526865","0.587037","3.0573","1.74389e-15","3.05117","3.00675","6.02196","7.33625","0","0","0","0","0","0","0","0"
"12.4086","0.500044","0.532399","0.0364801","0.526602","0.587146","3.0594","1.74284e-15","3.05231","3.00475","5.9605","7.33459","0","0","0","0","0","0","0","0"
"12.4121","0.500044","0.532399","0.0364781","0.526894","0.587263","3.04788","1.74345e-15","3.0504","3.0029","5.98643","7.31538","0","0","0","0","0","0","0","0"
"12.4154","0.500044","0.532276","0.0364784","0.527085","0.587211","3.04454","1.74371e-15","3.04847","2.99934","5.94802","7.3123","0","0","0","0","0","0","0","0"
"12.4188","0.500044","0.532276","0.0364787","0.527504","0.587427","3.0641","1.74427e-15","3.04461","3.00387","5.83745","7.30218","0","0","0","0","0","0","0","0"
"12.4222","0.500044","0.532276","0.0364791","0.527554","0.587021","3.17132","1.74553e-15","3.03921","3.00106","5.66893","7.31847","0","0","0","0","0","0","0","0"
"12.4256","0.500044","0.532276","0.0364794","0.527853","0.587753","3.1723","1.74512e-15","3.03922","2.9996","5.63165","7.29944","0","0","0","0","0","0","0","0"
"12.429","0.500044","0.532276","0.0364803","0.527496","0.587619","3.15599","1.74528e-15","3.04576","2.99769","5.67514","7.28408","0","0","0","0","0","0","0","0"
"12.4323","0.500044","0.532139","0.0364814","0.526872","0.587033","3.20651","1.74466e-15","3.04349","2.99634","5.51581","7.29068","0","0","0","0","0","0","0","0"
"12.4357","0.500044","0.532139","0.0364828","0.526945","0.58716","3.21885","1.74553e-15","3.04058","2.99433","5.41021","7.28901","0","0","0","0","0","0","0","0"
"12.4391","0.500044","0.532139","0.0364839","0.526677","0.587303","3.2091","1.74479e-15","3.03783","2.99207","5.42145","7.28547","0","0","0","0","0","0","0","0"
"12.4425","0.500044","0.532139","0.0364852","0.527154","0.587253","3.19834","1.7452e-15","3.0403","2.99373","5.42858","7.27179","0","0","0","0","0","0","0","0"
"12.4467","0.500044","0.532139","0.036488","0.528684","0.588648","3.2225","1.74451e-15","3.03784","2.99788","5.30164","7.26559","0","0","0","0","0","0","0","0"
"12.45","0.500044","0.532157","0.0364904","0.529128","0.589111","3.28626","1.74404e-15","3.0439","3.01142","5.18279","7.27038","0","0","0","0","0","0","0","0"
"12.4534","0.500044","0.532157","0.0364933","0.528539","0.588492","3.28154","1.7441e-15","3.04456","3.01204","5.16991","7.25598","0","0","0","0","0","0","0","0"
"12.4567","0.500044","0.532157","0.0364957","0.528533","0.58881","3.26739","1.74477e-15","3.04283","3.00639","5.20281","7.27214","0","0","0","0","0","0","0","0"
"12.4614","0.500044","0.532157","0.0364995","0.528605","0.588865","3.25797","1.744e-15","3.04627","3.00898","5.19059","7.26627","0","0","0","0","0","0","0","0"
"12.4646","0.500044","0.532212","0.0365024","0.528331","0.588518","3.25138","1.74341e-15","3.04362","3.00714","5.18144","7.25259","0","0","0","0","0","0","0","0"
"12.468","0.500044","0.532212","0.0365058","0.528765","0.588831","3.25792","1.74497e-15","3.03291","3.00874","5.10194","7.27085","0","0","0","0","0","0","0","0"
"12.4714","0.500044","0.532212","0.0365086","0.528809","0.588932","3.26258","1.74433e-15","3.03357","3.01057","5.0447","7.25623","0","0","0","0","0","0","0","0"
"12.4748","0.500044","0.532212","0.036512","0.52862","0.588698","3.24839","1.7465e-15","3.02998","3.00873","5.06979","7.24399","0","0","0","0","0","0","0","0"
"12.4783","0.500044","0.532212","0.0365143","0.528228","0.588358","3.28462","1.74545e-15","3.0313","3.00545","5.14907","7.22913","0","0","0","0","0","0","0","0"
"12.4816","0.500044","0.532399","0.0365157","0.528595","0.58855","3.37401","1.74419e-15","3.03155","3.00007","5.00218","7.21956","0","0","0","0","0","0","0","0"
"12.485","0.500044","0.532399","0.0365169","0.528754","0.588772","3.36699","1.74574e-15","3.03591","2.99625","5.00004","7.22788","0","0","0","0","0","0","0","0"
"12.4883","0.500044","0.532399","0.0365183","0.52894","0.588763","3.35781","1.74434e-15","3.03276","2.98865","5.00094","7.21366","0","0","0","0","0","0","0","0"
"12.4916","0.500044","0.532399","0.0365195","0.529585","0.58888","3.36892","1.74575e-15","3.03257","2.98439","4.9293","7.20909","0","0","0","0","0","0","0","0"
"12.4952","0.500044","0.532399","0.0365211","0.530501","0.58976","3.39543","1.7451e-15","3.02705","2.98887","4.8243","7.19207","0","0","0","0","0","0","0","0"
"12.4984","0.500044","0.532475","0.036524","0.531646","0.590819","3.38822","1.74307e-15","3.02284","2.98811","4.81671","7.1747","0","0","0","0","0","0","0","0"
"12.5018","0.500044","0.532475","0.0365264","0.531859","0.590843","3.37664","1.74475e-15","3.01674","2.98178","4.83312","7.19319","0","0","0","0","0","0","0","0"
"12.5051","0.500044","0.532475","0.0365293","0.532196","0.590809","3.38062","1.74372e-15","3.01041","2.98366","4.78934","7.19522","0","0","0","0","0","0","0","0"
"12.5086","0.500044","0.532475","0.0365322","0.533067","0.591532","3.38944","1.74467e-15","3.00391","2.98662","4.73645","7.18572","0","0","0","0","0","0","0","0"
"12.5121","0.500044","0.532475","0.0365342","0.533628","0.592108","3.38308","1.74331e-15","2.99789","2.98784","4.73153","7.17529","0","0","0","0","0","0","0","0"
"12.5154","0.500044","0.532598","0.0365359","0.534375","0.593285","3.41341","1.74299e-15","3.00193","2.99252","4.61701","7.17233","0","0","0","0","0","0","0","0"
"12.5187","0.500044","0.532598","0.0365373","0.534336","0.593242","3.40123","1.74364e-15","3.00331","2.98713","4.63506","7.15107","0","0","0","0","0","0","0","0"
"12.5221","0.500044","0.532598","0.036539","0.534648","0.59349","3.39137","1.74324e-15","3.00376","2.98667","4.64033","7.13361","0","0","0","0","0","0","0","0"
"12.5255","0.500044","0.532598","0.0365404","0.535195","0.594408","3.41862","1.74377e-15","3.00254","2.98229","4.55456","7.12268","0","0","0","0","0","0","0","0"
"12.5302","0.500044","0.532598","0.0365403","0.537388","0.595936","3.5925","1.74357e-15","3.01051","3.00461","6.44408","7.10922","0","0","0","0","0","0","0","0"
"12.5336","0.500044","0.533066","0.036539","0.537233","0.595782","3.82196","1.74245e-15","3.00969","2.99696","6.49026","7.11957","0","0","0","0","0","0","0","0"
"12.537","0.500044","0.533066","0.036538","0.536881","0.595681","3.82014","1.74219e-15","3.01061","2.99455","6.4482","7.11254","0","0","0","0","0","0","0","0"
"12.5403","0.500044","0.533066","0.0365369","0.53693","0.595775","3.80079","1.74421e-15","3.00663","2.9883","6.49589","7.13408","0","0","0","0","0","0","0","0"
"12.5446","0.500044","0.533066","0.0365366","0.538158","0.59684","3.79443","1.7429e-15","3.00708","2.98608","6.46407","7.10097","0","0","0","0","0","0","0","0"
"12.5486","0.500044","0.533694","0.0365386","0.53752","0.595845","3.77941","1.74328e-15","3.00571","2.98908","6.49634","7.09869","0","0","0","0","0","0","0","0"
"12.5512","0.500044","0.533694","0.0365407","0.537841","0.596267","3.78291","1.7437e-15","2.99963","2.98696","6.42474","7.1058","0","0","0","0","0","0","0","0"
"12.5546","0.500044","0.533694","0.036543","0.538428","0.597148","3.82523","1.74335e-15","2.9955","2.98656","6.17635","7.1091","0","0","0","0","0","0","0","0"
"12.558","0.500044","0.533694","0.0365451","0.538082","0.597184","3.88473","1.74404e-15","2.99554","2.98924","5.91532","7.11767","0","0","0","0","0","0","0","0"
"12.5615","0.500044","0.533694","0.0365465","0.537827","0.596643","3.92081","1.74204e-15","2.98991","2.9884","5.72117","7.10801","0","0","0","0","0","0","0","0"
"12.5647","0.500044","0.534239","0.0365455","0.538256","0.596494","3.93188","1.74258e-15","2.9906","2.99248","5.63347","7.10264","0","0","0","0","0","0","0","0"
"12.5681","0.500044","0.534239","0.0365444","0.538258","0.596706","3.96906","1.74326e-15","2.9918","2.98871","5.45941","7.12179","0","0","0","0","0","0","0","0"
"12.5715","0.500044","0.534239","0.0365434","0.537922","0.596155","4.02575","1.74203e-15","2.99206","2.99094","5.25894","7.10644","0","0","0","0","0","0","0","0"
"12.5749","0.500044","0.534239","0.0365423","0.538015","0.596547","4.03105","1.74362e-15","2.9914","2.99531","5.20084","7.12101","0","0","0","0","0","0","0","0"
"12.5784","0.500044","0.534239","0.0365384","0.537889","0.596927","4.01456","1.74224e-15","2.99082","2.99977","5.22922","7.09891","0","0","0","0","0","0","0","0"
"12.5817","0.500044","0.534581","0.0365269","0.537277","0.596553","4.06257","1.74197e-15","2.99159","3.00271","5.04468","7.09769","0","0","0","0","0","0","0","0"
"12.5851","0.500044","0.534581","0.0365171","0.537139","0.596672","4.0487","1.74133e-15","2.98751","3.00446","5.06065","7.10154","0","0","0","0","0","0","0","0"
"12.5886","0.500044","0.534581","0.0365056","0.536433","0.595707","4.02768","1.74141e-15","2.99018","3.01522","5.10113","7.09948","0","0","0","0","0","0","0","0"
"12.5918","0.500044","0.534581","0.0364957","0.535996","0.595433","4.00995","1.74288e-15","2.99136","3.01631","5.13519","7.12229","0","0","0","0","0","0","0","0"
"12.5953","0.500044","0.534581","0.036484","0.536272","0.595729","4.00087","1.74057e-15","2.99383","3.02204","5.12796","7.103","0","0","0","0","0","0","0","0"
"12.5986","0.500044","0.534743","0.0364736","0.536835","0.59614","3.98322","1.74246e-15","2.99196","3.02139","5.16261","7.12589","0","0","0","0","0","0","0","0"
"12.602","0.500044","0.534743","0.0364615","0.536421","0.595778","3.98137","1.74169e-15","2.98976","3.01701","5.12112","7.12047","0","0","0","0","0","0","0","0"
"12.6054","0.500044","0.534743","0.0364512","0.536694","0.596618","3.99505","1.74294e-15","2.98675","3.02229","5.03716","7.13383","0","0","0","0","0","0","0","0"
"12.6088","0.500044","0.534743","0.0364391","0.53659","0.596642","4.02233","1.74264e-15","2.98282","3.02269","4.9074","7.13894","0","0","0","0","0","0","0","0"
"12.6136","0.500044","0.534743","0.0364286","0.53743","0.597576","4.06412","1.74211e-15","2.98112","3.01238","4.74238","7.12245","0","0","0","0","0","0","0","0"
"12.6168","0.500044","0.534706","0.0364233","0.537031","0.597355","4.07462","1.74381e-15","2.97937","3.01157","4.67532","7.13405","0","0","0","0","0","0","0","0"
"12.6202","0.500044","0.534706","0.0364171","0.535795","0.595943","4.0749","1.74226e-15","2.98597","3.01715","4.64846","7.12896","0","0","0","0","0","0","0","0"
"12.6236","0.500044","0.534706","0.0364118","0.535593","0.59559","4.12857","1.74454e-15","2.99623","3.01848","4.53818","7.15953","0","0","0","0","0","0","0","0"
"12.628","0.500044","0.534706","0.0364049","0.534983","0.594986","4.13243","1.74329e-15","2.99826","3.01564","4.48637","7.1362","0","0","0","0","0","0","0","0"
"12.6312","0.500044","0.53479","0.036403","0.534857","0.594885","4.12164","1.74345e-15","3.00333","3.01434","4.48845","7.13936","0","0","0","0","0","0","0","0"
"12.6346","0.500044","0.53479","0.036401","0.534553","0.594411","4.10107","1.74304e-15","3.00474","3.01436","4.52818","7.14569","0","0","0","0","0","0","0","0"
"12.6379","0.500044","0.53479","0.0363987","0.534105","0.594014","4.12462","1.74433e-15","3.0024","3.01071","4.50931","7.16891","0","0","0","0","0","0","0","0"
"12.6413","0.500044","0.53479","0.0363968","0.534428","0.594021","4.22783","1.74343e-15","3.00487","3.01244","4.42619","7.16189","0","0","0","0","0","0","0","0"
"12.6448","0.500044","0.53479","0.0363943","0.533788","0.593825","4.33419","1.74501e-15","3.00352","3.00578","4.28883","7.16997","0","0","0","0","0","0","0","0"
"12.6481","0.500044","0.53488","0.0363919","0.533551","0.593391","4.33926","1.74325e-15","3.00118","3.00538","4.24836","7.1671","0","0","0","0","0","0","0","0"
"12.6515","0.500044","0.53488","0.036389","0.533511","0.593488","4.42067","1.74555e-15","3.01157","3.01206","4.2401","7.17827","0","0","0","0","0","0","0","0"
"12.6549","0.500044","0.53488","0.0363866","0.533415","0.593357","4.62648","1.74468e-15","3.01403","3.01615","4.46494","7.16833","0","0","0","0","0","0","0","0"
"12.6582","0.500044","0.53488","0.0363838","0.533235","0.593209","4.69658","1.74709e-15","3.01312","3.01498","4.3482","7.18489","0","0","0","0","0","0","0","0"
"12.6617","0.500044","0.53488","0.0363815","0.533295","0.59314","4.67524","1.7458e-15","3.0146","3.01808","4.37965","7.1681","0","0","0","0","0","0","0","0"
"12.665","0.500044","0.534562","0.0363793","0.532604","0.592325","4.66859","1.74591e-15","3.01188","3.01841","4.35935","7.17488","0","0","0","0","0","0","0","0"
"12.6684","0.500044","0.534562","0.0363774","0.532328","0.591664","4.72486","1.74488e-15","3.01506","3.01943","4.26439","7.15816","0","0","0","0","0","0","0","0"
"12.6718","0.500044","0.534562","0.0363751","0.532038","0.591228","4.73247","1.74598e-15","3.01274","3.0168","4.22179","7.17936","0","0","0","0","0","0","0","0"
"12.6752","0.500044","0.534562","0.0363732","0.531705","0.591266","4.7089","1.74474e-15","3.01417","3.01578","4.259","7.16872","0","0","0","0","0","0","0","0"
"12.6787","0.500044","0.534562","0.0363717","0.531573","0.590673","4.70584","1.74469e-15","3.01104","3.0142","4.23319","7.18514","0","0","0","0","0","0","0","0"
"12.6819","0.500044","0.534348","0.0363712","0.53219","0.591741","4.70066","1.74389e-15","3.0111","3.01365","4.22432","7.17671","0","0","0","0","0","0","0","0"
"12.6853","0.500044","0.534348","0.0363707","0.532531","0.592375","4.68642","1.74497e-15","3.01179","3.0156","4.22639","7.20406","0","0","0","0","0","0","0","0"
"12.6887","0.500044","0.534348","0.0363702","0.531699","0.591544","4.68457","1.7439e-15","3.01172","3.01888","4.19955","7.18935","0","0","0","0","0","0","0","0"
"12.6921","0.500044","0.534348","0.0363697","0.531201","0.591235","4.66067","1.74532e-15","3.01067","3.01812","4.23198","7.19004","0","0","0","0","0","0","0","0"
"12.6969","0.500044","0.534348","0.0363706","0.530796","0.591488","4.62803","1.74434e-15","3.00983","3.02018","4.281","7.20503","0","0","0","0","0","0","0","0"
"12.7002","0.500044","0.534105","0.0363719","0.530718","0.59142","4.62509","1.7454e-15","3.00573","3.01869","4.2557","7.21062","0","0","0","0","0","0","0","0"
"12.7036","0.500044","0.534105","0.0363733","0.530231","0.590994","4.65751","1.74517e-15","3.00421","3.01532","4.14479","7.22037","0","0","0","0","0","0","0","0"
"12.7069","0.500044","0.534105","0.0363746","0.530183","0.591555","4.6868","1.74598e-15","3.00554","3.01396","4.05354","7.20686","0","0","0","0","0","0","0","0"
"12.7113","0.500044","0.534105","0.0363773","0.529965","0.59081","4.69666","1.74637e-15","3.00522","3.01128","3.99179","7.18996","0","0","0","0","0","0","0","0"
"12.7145","0.500044","0.53402","0.0363812","0.53057","0.591223","4.69094","1.7449e-15","3.00264","3.00645","3.97625","7.17199","0","0","0","0","0","0","0","0"
"12.7182","0.500044","0.53402","0.0363851","0.530761","0.59146","4.69963","1.74719e-15","2.9983","3.00646","3.92805","7.19412","0","0","0","0","0","0","0","0"
"12.7213","0.500044","0.53402","0.0363896","0.530501","0.591164","4.68922","1.7463e-15","2.99485","3.0098","3.92134","7.19482","0","0","0","0","0","0","0","0"
"12.7247","0.500044","0.53402","0.0363935","0.530868","0.59127","4.66882","1.748e-15","2.99969","3.00355","3.94682","7.19677","0","0","0","0","0","0","0","0"
"12.7281","0.500044","0.53402","0.0363994","0.530684","0.591057","4.65555","1.74592e-15","3.00066","3.00041","3.94856","7.17397","0","0","0","0","0","0","0","0"
"12.7314","0.500044","0.533992","0.0364071","0.530762","0.591293","4.80624","1.7466e-15","3.00109","3.00289","4.17442","7.1579","0","0","0","0","0","0","0","0"
"12.7348","0.500044","0.533992","0.0364161","0.530899","0.591401","4.8514","1.74658e-15","2.99504","3.00452","4.08758","7.16679","0","0","0","0","0","0","0","0"
"12.75","0.500044","0.533992","0.0364456","0.531933","0.592396","4.81879","1.74735e-15","2.99422","2.99343","4.0782","7.18864","0","0","0","0","0","0","0","0"
"12.7517","0.500044","0.534025","0.0364506","0.531753","0.592416","4.79547","1.74854e-15","2.99971","2.99405","4.11195","7.17861","0","0","0","0","0","0","0","0"
"12.7551","0.500044","0.534025","0.0364565","0.532664","0.593602","4.77564","1.74802e-15","2.99545","2.99137","4.1302","7.18122","0","0","0","0","0","0","0","0"
"12.7586","0.500044","0.534025","0.0364623","0.532177","0.593192","4.75833","1.74768e-15","2.99283","2.99379","4.14158","7.18606","0","0","0","0","0","0","0","0"
"12.7621","0.500044","0.534025","0.036467","0.531799","0.592651","4.79048","1.74764e-15","2.99161","2.99311","4.0591","7.18148","0","0","0","0","0","0","0","0"
"12.7654","0.500044","0.534108","0.0364722","0.531663","0.592613","4.94469","1.74745e-15","2.995","2.99696","4.27444","7.17773","0","0","0","0","0","0","0","0"
"12.7687","0.500044","0.534108","0.0364766","0.531933","0.592785","4.98486","1.74843e-15","2.99143","2.98795","4.19343","7.18759","0","0","0","0","0","0","0","0"
"12.7722","0.500044","0.534108","0.0364818","0.532002","0.593023","4.95804","1.74674e-15","2.98992","2.98754","4.23054","7.18289","0","0","0","0","0","0","0","0"
"12.7756","0.500044","0.534108","0.0364862","0.531694","0.592784","4.94885","1.74882e-15","2.98966","2.98625","4.22117","7.21234","0","0","0","0","0","0","0","0"
"12.7801","0.500044","0.534108","0.0364903","0.532639","0.593799","4.98155","1.74742e-15","2.99022","2.99613","4.11082","7.19833","0","0","0","0","0","0","0","0"
"12.7834","0.500044","0.53436","0.0364921","0.533144","0.594646","4.97917","1.74954e-15","2.98598","2.99447","4.10729","7.21308","0","0","0","0","0","0","0","0"
"12.7868","0.500044","0.53436","0.0364942","0.533759","0.595062","4.98384","1.74848e-15","2.98464","2.98754","4.07225","7.21839","0","0","0","0","0","0","0","0"
"12.7902","0.500044","0.53436","0.0364961","0.53318","0.594531","4.96342","1.74991e-15","2.9838","2.98621","4.09475","7.22662","0","0","0","0","0","0","0","0"
"12.7946","0.500044","0.53436","0.0364987","0.533005","0.593906","4.95044","1.74823e-15","2.98625","2.99107","4.09574","7.22073","0","0","0","0","0","0","0","0"
"12.798","0.500044","0.534471","0.0365002","0.532813","0.593465","4.93815","1.74809e-15","2.98155","2.98997","4.09863","7.22929","0","0","0","0","0","0","0","0"
"12.8014","0.500044","0.534471","0.036502","0.533539","0.59419","4.91268","1.74696e-15","2.98554","2.98986","4.13127","7.23277","0","0","0","0","0","0","0","0"
"12.8048","0.500044","0.534471","0.0365035","0.533292","0.59385","4.9106","1.74846e-15","2.98803","2.9888","4.10446","7.25292","0","0","0","0","0","0","0","0"
"12.8082","0.500044","0.534471","0.0365052","0.53384","0.594001","4.95478","1.74691e-15","2.98734","2.98876","3.99113","7.23813","0","0","0","0","0","0","0","0"
"12.8116","0.500044","0.534471","0.0365081","0.533418","0.593364","4.94794","1.74735e-15","2.98537","2.98882","3.98374","7.23477","0","0","0","0","0","0","0","0"
"12.8149","0.500044","0.534751","0.0365147","0.533603","0.593526","4.93392","1.74705e-15","2.98665","2.98192","3.98685","7.24293","0","0","0","0","0","0","0","0"
"12.8183","0.500044","0.534751","0.0365203","0.533365","0.593293","4.91922","1.746e-15","2.98994","2.97834","4.00176","7.24241","0","0","0","0","0","0","0","0"
"12.8217","0.500044","0.534751","0.0365269","0.533806","0.593457","4.92199","1.74755e-15","2.98995","2.97478","3.96935","7.25034","0","0","0","0","0","0","0","0"
"12.8251","0.500044","0.534751","0.0365325","0.533562","0.592897","4.93525","1.7466e-15","2.9898","2.97709","3.94913","7.24106","0","0","0","0","0","0","0","0"
"12.8286","0.500044","0.534751","0.0365379","0.533126","0.592853","4.92652","1.74683e-15","2.98857","2.97195","3.94031","7.24506","0","0","0","0","0","0","0","0"
"12.8319","0.500044","0.534832","0.0365411","0.533792","0.593876","4.91192","1.74569e-15","2.99114","2.96655","3.9482","7.23137","0","0","0","0","0","0","0","0"
"12.8352","0.500044","0.534832","0.0365449","0.534013","0.593518","4.89258","1.74764e-15","2.98654","2.96562","3.96313","7.25571","0","0","0","0","0","0","0","0"
"12.8386","0.500044","0.534832","0.0365482","0.534703","0.59428","4.88463","1.74669e-15","2.98391","2.95996","3.95429","7.24129","0","0","0","0","0","0","0","0"
"12.842","0.500044","0.534832","0.036552","0.534228","0.594157","5.07676","1.74774e-15","2.98351","2.9564","4.0309","7.26566","0","0","0","0","0","0","0","0"
"12.8455","0.500044","0.534832","0.0365542","0.533679","0.593855","5.19907","1.74716e-15","2.98574","2.96014","3.95796","7.2554","0","0","0","0","0","0","0","0"
"12.8488","0.500044","0.534811","0.0365555","0.533215","0.593642","5.22867","1.74753e-15","2.9855","2.96287","3.88963","7.28251","0","0","0","0","0","0","0","0"
"12.8522","0.500044","0.534811","0.0365566","0.533697","0.594581","5.2067","1.74792e-15","2.98275","2.96275","3.91301","7.27124","0","0","0","0","0","0","0","0"
"12.8555","0.500044","0.534811","0.036558","0.533663","0.594402","5.21416","1.74698e-15","2.98598","2.95706","3.86225","7.28141","0","0","0","0","0","0","0","0"
"12.8589","0.500044","0.534811","0.0365591","0.533865","0.594399","5.20986","1.74832e-15","2.99044","2.95382","3.85488","7.28774","0","0","0","0","0","0","0","0"
"12.8635","0.500044","0.534811","0.0365604","0.532756","0.593436","5.18396","1.74632e-15","2.99118","2.96027","3.87231","7.2783","0","0","0","0","0","0","0","0"
"12.8667","0.500044","0.534925","0.0365611","0.533086","0.593398","5.17088","1.7467e-15","2.98652","2.96215","3.87366","7.28309","0","0","0","0","0","0","0","0"
"12.8701","0.500044","0.534925","0.0365619","0.532012","0.592638","5.18483","1.74694e-15","2.98993","2.96443","3.81477","7.28562","0","0","0","0","0","0","0","0"
"12.8735","0.500044","0.534925","0.0365625","0.531178","0.59203","5.17455","1.74786e-15","2.99397","2.96812","3.81099","7.28675","0","0","0","0","0","0","0","0"
"12.878","0.500044","0.534925","0.0365637","0.531545","0.592418","5.15144","1.7472e-15","2.99044","2.97171","3.82432","7.29561","0","0","0","0","0","0","0","0"
"12.8813","0.500044","0.53507","0.0365648","0.531047","0.59193","5.16127","1.74507e-15","2.9912","2.96922","3.78009","7.28256","0","0","0","0","0","0","0","0"
"12.8847","0.500044","0.53507","0.036566","0.531861","0.592788","5.14296","1.74577e-15","2.98928","2.97513","3.7903","7.29674","0","0","0","0","0","0","0","0"
"12.8881","0.500044","0.53507","0.0365671","0.532425","0.593288","5.13513","1.74522e-15","2.9903","2.97282","3.78026","7.3041","0","0","0","0","0","0","0","0"
"12.8915","0.500044","0.53507","0.0365684","0.531381","0.592366","5.16781","1.74605e-15","2.99155","2.97283","3.73895","7.31847","0","0","0","0","0","0","0","0"
"12.895","0.500044","0.53507","0.036569","0.531074","0.592055","5.21181","1.74458e-15","2.9902","2.97234","3.66045","7.31379","0","0","0","0","0","0","0","0"
"12.8982","0.500044","0.534916","0.0365685","0.530917","0.591595","5.22603","1.74563e-15","2.99965","2.97239","3.61371","7.32271","0","0","0","0","0","0","0","0"
"12.9017","0.500044","0.534916","0.0365681","0.530796","0.591559","5.21415","1.74502e-15","2.99782","2.96664","3.61402","7.30061","0","0","0","0","0","0","0","0"
"12.905","0.500044","0.534916","0.0365676","0.530242","0.59098","5.28208","1.74523e-15","2.99659","2.97027","3.62456","7.29223","0","0","0","0","0","0","0","0"
"12.9084","0.500044","0.534916","0.0365672","0.530469","0.591181","5.29939","1.74421e-15","2.99355","2.97226","3.57765","7.27691","0","0","0","0","0","0","0","0"
"12.912","0.500044","0.534916","0.0365663","0.530517","0.590936","5.2824","1.74364e-15","2.98935","2.97607","3.584","7.27833","0","0","0","0","0","0","0","0"
"12.9152","0.500044","0.534768","0.036565","0.530983","0.591487","5.26476","1.74233e-15","2.98611","2.9819","3.5949","7.26352","0","0","0","0","0","0","0","0"
"12.9186","0.500044","0.534768","0.0365635","0.531707","0.591559","5.27541","1.74389e-15","2.98948","2.97974","3.55338","7.28305","0","0","0","0","0","0","0","0"
"12.922","0.500044","0.534768","0.0365623","0.531527","0.591631","5.27883","1.74278e-15","2.98937","2.98152","3.52253","7.27591","0","0","0","0","0","0","0","0"
"12.9253","0.500044","0.534768","0.0365608","0.531272","0.59157","5.25393","1.74348e-15","2.99386","2.97716","3.54523","7.27805","0","0","0","0","0","0","0","0"
"12.9288","0.500044","0.534768","0.0365608","0.531039","0.5911","5.2352","1.74151e-15","2.9899","2.97548","3.55887","7.25949","0","0","0","0","0","0","0","0"
"12.9321","0.500044","0.534591","0.0365625","0.530687","0.590861","5.23805","1.74309e-15","2.98701","2.97418","3.52611","7.27848","0","0","0","0","0","0","0","0"
"12.9355","0.500044","0.534591","0.0365639","0.531277","0.591034","5.26015","1.74239e-15","2.98787","2.97984","3.47391","7.28318","0","0","0","0","0","0","0","0"
"12.9389","0.500044","0.534591","0.0365655","0.530882","0.590594","5.43863","1.74371e-15","2.98834","2.97829","4.15793","7.29159","0","0","0","0","0","0","0","0"
"12.9423","0.500044","0.534591","0.0365669","0.531083","0.590492","5.56483","1.74392e-15","2.99396","2.97788","4.13029","7.29746","0","0","0","0","0","0","0","0"
"12.9468","0.500044","0.534591","0.0365683","0.531559","0.590875","5.53471","1.74356e-15","2.98919","2.97574","4.15459","7.2946","0","0","0","0","0","0","0","0"
"12.9501","0.500044","0.534555","0.0365689","0.531579","0.590772","5.58667","1.74518e-15","2.98627","2.97545","4.0817","7.31515","0","0","0","0","0","0","0","0"
"12.9535","0.500044","0.534555","0.0365697","0.531827","0.591042","5.60739","1.74466e-15","2.98237","2.9748","4.02513","7.3201","0","0","0","0","0","0","0","0"
"12.9568","0.500044","0.534555","0.0365704","0.531657","0.590841","5.59963","1.74522e-15","2.98377","2.97499","4.01731","7.32718","0","0","0","0","0","0","0","0"
"12.9613","0.500044","0.534555","0.0365695","0.530642","0.590138","5.5952","1.74457e-15","2.98821","2.97706","3.98484","7.30327","0","0","0","0","0","0","0","0"
"12.9647","0.500044","0.534531","0.0365646","0.530759","0.590411","5.66385","1.74349e-15","2.98341","2.96961","3.86979","7.28225","0","0","0","0","0","0","0","0"
"12.968","0.500044","0.534531","0.0365588","0.530563","0.590777","5.70346","1.74408e-15","2.98223","2.96666","3.83483","7.28955","0","0","0","0","0","0","0","0"
"12.9714","0.500044","0.534531","0.0365539","0.530133","0.590098","5.68516","1.74476e-15","2.98471","2.96868","3.84445","7.28005","0","0","0","0","0","0","0","0"
"12.9748","0.500044","0.534531","0.0365481","0.530353","0.590177","5.8609","1.74464e-15","2.98409","2.97058","3.8992","7.28439","0","0","0","0","0","0","0","0"
"12.9783","0.500044","0.534531","0.0365438","0.530365","0.590078","5.89802","1.74492e-15","2.97672","2.97108","3.83465","7.28426","0","0","0","0","0","0","0","0"
"12.9816","0.500044","0.534574","0.03654","0.531177","0.591109","5.89909","1.74367e-15","2.97829","2.98032","3.81382","7.28263","0","0","0","0","0","0","0","0"
"12.985","0.500044","0.534574","0.0365367","0.531331","0.591377","5.88112","1.74521e-15","2.97646","2.98796","3.82154","7.28916","0","0","0","0","0","0","0","0"
"12.9883","0.500044","0.534574","0.036533","0.53173","0.591483","5.91861","1.7437e-15","2.97629","2.98493","3.73148","7.26809","0","0","0","0","0","0","0","0"
"12.9917","0.500044","0.534574","0.0365297","0.531921","0.592062","5.96621","1.74493e-15","2.98593","2.99007","3.64619","7.2803","0","0","0","0","0","0","0","0"
"12.9952","0.500044","0.534574","0.0365289","0.531633","0.591898","6.03549","1.74491e-15","2.99022","2.98583","3.53872","7.26432","0","0","0","0","0","0","0","0"
"12.9985","0.500044","0.534511","0.0365316","0.531259","0.591645","6.09599","1.7451e-15","2.98863","2.98315","3.45216","7.26276","0","0","0","0","0","0","0","0"
"13.0019","0.500044","0.534511","0.0365346","0.531609","0.592161","6.15151","1.74636e-15","2.9959","2.9891","3.38136","7.26862","0","0","0","0","0","0","0","0"
"13.0053","0.500044","0.534511","0.0365373","0.531923","0.592297","6.12326","1.74558e-15","3.00153","2.99109","3.40662","7.26513","0","0","0","0","0","0","0","0"
"13.0087","0.500044","0.534511","0.0365404","0.530933","0.591506","6.09746","1.7474e-15","3.00282","2.99479","3.42182","7.28676","0","0","0","0","0","0","0","0"
"13.0122","0.500044","0.534511","0.0365442","0.531278","0.591572","6.10477","1.74579e-15","3.00593","2.99498","3.38768","7.26987","0","0","0","0","0","0","0","0"
"13.0154","0.500044","0.534672","0.0365499","0.531355","0.592072","6.08106","1.74694e-15","3.0064","2.99085","3.39996","7.30742","0","0","0","0","0","0","0","0"
"13.0188","0.500044","0.534672","0.0365549","0.532686","0.593277","6.05121","1.74702e-15","3.01467","2.99305","3.42915","7.31183","0","0","0","0","0","0","0","0"
"13.0222","0.500044","0.534672","0.0365606","0.532487","0.593215","6.03648","1.74612e-15","3.01322","2.99368","3.42771","7.29861","0","0","0","0","0","0","0","0"
"13.0257","0.500044","0.534672","0.0365655","0.53269","0.593508","6.02723","1.74869e-15","3.01143","2.98809","3.42138","7.33246","0","0","0","0","0","0","0","0"
"13.0302","0.500044","0.534672","0.036572","0.533077","0.593956","5.98295","1.74714e-15","3.0299","2.99527","3.46559","7.31622","0","0","0","0","0","0","0","0"
"13.0335","0.500044","0.534885","0.0365759","0.532847","0.593625","6.02789","1.74919e-15","3.02742","2.99482","3.49504","7.33062","0","0","0","0","0","0","0","0"
"13.0368","0.500044","0.534885","0.0365806","0.532645","0.593672","6.07312","1.74928e-15","3.02368","2.99534","3.43345","7.32844","0","0","0","0","0","0","0","0"
"13.0402","0.500044","0.534885","0.0365845","0.532732","0.593853","6.13907","1.74963e-15","3.02407","2.9888","3.3866","7.32995","0","0","0","0","0","0","0","0"
"13.0446","0.500044","0.534885","0.0365892","0.532736","0.594109","6.1165","1.74953e-15","3.0219","2.98744","3.39437","7.33193","0","0","0","0","0","0","0","0"
"13.0478","0.500044","0.535091","0.0365892","0.532698","0.593469","6.10182","1.74871e-15","3.02361","2.98563","3.40352","7.34944","0","0","0","0","0","0","0","0"
"13.0512","0.500044","0.535091","0.0365892","0.532715","0.59341","6.08982","1.75052e-15","3.02508","2.98756","3.4027","7.36834","0","0","0","0","0","0","0","0"
"13.0546","0.500044","0.535091","0.0365891","0.532614","0.593385","6.06194","1.74896e-15","3.03557","2.98493","3.42362","7.35008","0","0","0","0","0","0","0","0"
"13.058","0.500044","0.535091","0.0365891","0.532687","0.593735","6.03784","1.75077e-15","3.03224","2.9799","3.4417","7.37401","0","0","0","0","0","0","0","0"
"13.0614","0.500044","0.535091","0.0365891","0.532185","0.5934","6.06094","1.75055e-15","3.03139","2.97565","3.38304","7.35914","0","0","0","0","0","0","0","0"
"13.0647","0.500044","0.535367","0.0365891","0.532185","0.593233","6.05849","1.75032e-15","3.02954","2.97666","3.3791","7.36492","0","0","0","0","0","0","0","0"
"13.0681","0.500044","0.535367","0.0365891","0.532601","0.593736","6.02763","1.75224e-15","3.02721","2.97202","3.4056","7.37265","0","0","0","0","0","0","0","0"
"13.0715","0.500044","0.535367","0.0365891","0.532281","0.593498","6.00973","1.75089e-15","3.02519","2.97519","3.41128","7.36582","0","0","0","0","0","0","0","0"
"13.0749","0.500044","0.535367","0.0365891","0.531999","0.593082","6.01893","1.75266e-15","3.02169","2.97147","3.36982","7.36316","0","0","0","0","0","0","0","0"
"13.0784","0.500044","0.535367","0.0365887","0.531381","0.592504","6.0332","1.75121e-15","3.02335","2.97066","3.33071","7.33626","0","0","0","0","0","0","0","0"
"13.0816","0.500044","0.535409","0.0365876","0.530827","0.591825","6.01025","1.75046e-15","3.023","2.97109","3.34138","7.32763","0","0","0","0","0","0","0","0"
"13.085","0.500044","0.535409","0.0365867","0.531696","0.59241","5.98544","1.75e-15","3.02319","2.96959","3.3607","7.31662","0","0","0","0","0","0","0","0"
"13.0884","0.500044","0.535409","0.0365855","0.531106","0.591633","5.99396","1.74917e-15","3.02449","2.97253","3.32123","7.32169","0","0","0","0","0","0","0","0"
"13.0918","0.500044","0.535409","0.0365846","0.531537","0.591684","5.99766","1.75091e-15","3.0177","2.96765","3.29458","7.33951","0","0","0","0","0","0","0","0"
"13.0953","0.500044","0.535409","0.0365847","0.532072","0.592358","6.10999","1.74971e-15","3.01149","2.96525","3.29996","7.31966","0","0","0","0","0","0","0","0"
"13.0986","0.500044","0.535388","0.0365862","0.532733","0.59278","6.13865","1.74993e-15","3.01668","2.9719","3.25256","7.33746","0","0","0","0","0","0","0","0"
"13.1019","0.500044","0.535388","0.036588","0.533299","0.592974","6.12923","1.75189e-15","3.01843","2.97626","3.24206","7.34314","0","0","0","0","0","0","0","0"
"13.1053","0.500044","0.535388","0.0365895","0.53259","0.592133","6.09905","1.74968e-15","3.01983","2.97684","3.27002","7.33341","0","0","0","0","0","0","0","0"
"13.1087","0.500044","0.535388","0.0365912","0.531956","0.591253","6.07923","1.75089e-15","3.0215","2.97696","3.27459","7.36222","0","0","0","0","0","0","0","0"
"13.1135","0.500044","0.535388","0.0365944","0.531446","0.590768","6.04605","1.75034e-15","3.02174","2.98459","3.29517","7.3407","0","0","0","0","0","0","0","0"
"13.1168","0.500044","0.53527","0.0365969","0.530893","0.590618","6.0608","1.74972e-15","3.02485","2.99229","3.25266","7.34053","0","0","0","0","0","0","0","0"
"13.1202","0.500044","0.53527","0.0365997","0.530431","0.590613","6.07831","1.75153e-15","3.02599","2.99002","3.21039","7.34272","0","0","0","0","0","0","0","0"
"13.1237","0.500044","0.53527","0.0366022","0.530052","0.590262","6.08843","1.75028e-15","3.02423","2.98997","3.17741","7.32213","0","0","0","0","0","0","0","0"
"13.128","0.500044","0.53527","0.0366057","0.529934","0.590227","6.18005","1.75153e-15","3.02027","2.99038","3.19255","7.32099","0","0","0","0","0","0","0","0"
"13.1314","0.500044","0.535349","0.0366079","0.530439","0.590747","6.23159","1.7502e-15","3.01962","2.99375","3.14388","7.30835","0","0","0","0","0","0","0","0"
"13.1348","0.500044","0.535349","0.0366104","0.529788","0.589946","6.19883","1.74974e-15","3.01898","2.99632","3.17051","7.32376","0","0","0","0","0","0","0","0"
"13.1382","0.500044","0.535349","0.0366125","0.530146","0.589993","6.17862","1.75134e-15","3.01785","2.99746","3.17919","7.34315","0","0","0","0","0","0","0","0"
"13.1415","0.500044","0.535349","0.0366151","0.530545","0.589607","6.18615","1.74888e-15","3.02048","3.00146","3.15324","7.32698","0","0","0","0","0","0","0","0"
"13.145","0.500044","0.535349","0.0366149","0.530524","0.589492","6.16451","1.74873e-15","3.02002","3.00759","3.16858","7.33125","0","0","0","0","0","0","0","0"
"13.1483","0.500044","0.535099","0.0366092","0.530097","0.588399","6.1272","1.74924e-15","3.01846","3.00992","3.20416","7.33151","0","0","0","0","0","0","0","0"
"13.1517","0.500044","0.535099","0.0366043","0.531022","0.588846","6.11011","1.74834e-15","3.02339","3.01698","3.20881","7.3188","0","0","0","0","0","0","0","0"
"13.1551","0.500044","0.535099","0.0365985","0.531841","0.588877","6.25219","1.74884e-15","3.01799","3.01435","3.27111","7.31479","0","0","0","0","0","0","0","0"
"13.1585","0.500044","0.535099","0.0365936","0.531689","0.589162","6.35292","1.75076e-15","3.013","3.01221","3.25912","7.32542","0","0","0","0","0","0","0","0"
"13.1619","0.500044","0.535099","0.0365897","0.53082","0.588871","6.41076","1.74909e-15","3.01594","3.01007","3.19549","7.3213","0","0","0","0","0","0","0","0"
"13.1652","0.500044","0.534921","0.0365884","0.531262","0.589266","6.40706","1.74794e-15","3.01478","3.01049","3.18188","7.32805","0","0","0","0","0","0","0","0"
"13.1686","0.500044","0.534921","0.036587","0.531134","0.588648","6.37494","1.7508e-15","3.00975","3.01059","3.20608","7.36008","0","0","0","0","0","0","0","0"
"13.172","0.500044","0.534921","0.0365857","0.531489","0.58848","6.38405","1.75093e-15","3.01211","3.01478","3.17485","7.36389","0","0","0","0","0","0","0","0"
"13.1754","0.500044","0.534921","0.0365842","0.531557","0.588832","6.35792","1.74911e-15","3.00904","3.0125","3.19245","7.35094","0","0","0","0","0","0","0","0"
"13.1789","0.500044","0.534921","0.036583","0.531809","0.5889","6.41631","1.74882e-15","3.01125","3.0102","3.17037","7.34432","0","0","0","0","0","0","0","0"
"13.1821","0.500044","0.534856","0.0365815","0.531197","0.588263","6.39431","1.74998e-15","3.01465","3.01073","3.18038","7.36165","0","0","0","0","0","0","0","0"
"13.1855","0.500044","0.534856","0.0365803","0.530625","0.587627","6.36373","1.7477e-15","3.01298","3.01045","3.20614","7.35138","0","0","0","0","0","0","0","0"
"13.1889","0.500044","0.534856","0.0365789","0.531616","0.588245","6.37328","1.74721e-15","3.02984","3.01312","3.17797","7.37119","0","0","0","0","0","0","0","0"
"13.1923","0.500044","0.534856","0.0365776","0.53194","0.58968","6.34591","1.74895e-15","3.02543","3.02641","3.19936","7.39881","0","0","0","0","0","0","0","0"
"13.1968","0.500044","0.534856","0.0365746","0.531391","0.58945","6.33706","1.74578e-15","3.02985","3.02675","3.1804","7.38571","0","0","0","0","0","0","0","0"
"13.2001","0.500044","0.534883","0.0365722","0.531478","0.589764","6.38331","1.74694e-15","3.02854","3.02214","3.12281","7.3983","0","0","0","0","0","0","0","0"
"13.2035","0.500044","0.534883","0.0365694","0.530939","0.589223","6.45534","1.74937e-15","3.02732","3.0193","3.04938","7.40812","0","0","0","0","0","0","0","0"
"13.2069","0.500044","0.534883","0.036567","0.530813","0.589206","6.51079","1.74931e-15","3.02359","3.01572","2.98723","7.39186","0","0","0","0","0","0","0","0"
"13.2113","0.500044","0.534883","0.036564","0.530914","0.588988","6.49938","1.74742e-15","3.03263","3.0163","2.97898","7.37791","0","0","0","0","0","0","0","0"
"13.2144","0.500044","0.534864","0.0365632","0.530472","0.588917","6.4773","1.74769e-15","3.03664","3.01524","2.9893","7.3839","0","0","0","0","0","0","0","0"
"13.2178","0.500044","0.534864","0.0365624","0.530342","0.588672","6.46645","1.74686e-15","3.03349","3.01157","3.02143","7.36145","0","0","0","0","0","0","0","0"
"13.2212","0.500044","0.534864","0.0365615","0.530646","0.589175","6.54612","1.7462e-15","3.03062","3.00654","2.99488","7.35469","0","0","0","0","0","0","0","0"
"13.2246","0.500044","0.534864","0.0365607","0.530181","0.589073","6.518","1.74801e-15","3.03587","3.00436","3.01424","7.38326","0","0","0","0","0","0","0","0"
"13.2281","0.500044","0.534864","0.0365587","0.530554","0.589052","6.52294","1.74753e-15","3.03298","2.99734","2.99918","7.36703","0","0","0","0","0","0","0","0"
"13.2313","0.500044","0.534902","0.0365543","0.531636","0.590151","6.50105","1.74601e-15","3.03451","2.99567","3.00983","7.35628","0","0","0","0","0","0","0","0"
"13.2347","0.500044","0.534902","0.0365492","0.531377","0.590062","6.47358","1.74803e-15","3.03997","2.99004","3.02519","7.37579","0","0","0","0","0","0","0","0"
"13.2381","0.500044","0.534902","0.0365449","0.53131","0.589688","6.4448","1.74839e-15","3.03747","2.98934","3.04601","7.36098","0","0","0","0","0","0","0","0"
"13.2415","0.500044","0.534902","0.0365398","0.531069","0.589421","6.44078","1.7464e-15","3.03545","2.99213","3.02615","7.35026","0","0","0","0","0","0","0","0"
"13.2449","0.500044","0.534902","0.0365372","0.530894","0.588993","6.41164","1.74656e-15","3.03342","2.99383","3.04791","7.3399","0","0","0","0","0","0","0","0"
"13.2483","0.500044","0.53484","0.0365383","0.530695","0.588892","6.3929","1.74667e-15","3.03217","2.99386","3.04945","7.34081","0","0","0","0","0","0","0","0"
"13.2518","0.500044","0.53484","0.0365394","0.530557","0.588909","6.42615","1.74495e-15","3.0331","2.9908","2.99305","7.3203","0","0","0","0","0","0","0","0"
"13.2552","0.500044","0.53484","0.0365403","0.530302","0.589107","6.47392","1.74686e-15","3.03243","2.98607","2.94033","7.32348","0","0","0","0","0","0","0","0"
"13.2586","0.500044","0.53484","0.0365413","0.530094","0.58882","6.50819","1.74847e-15","3.0325","2.98841","2.89213","7.31252","0","0","0","0","0","0","0","0"
"13.2621","0.500044","0.53484","0.0365423","0.530056","0.588913","6.52706","1.74602e-15","3.03703","2.99232","2.85732","7.29581","0","0","0","0","0","0","0","0"
"13.2654","0.500044","0.534945","0.0365434","0.529652","0.588284","6.66076","1.74624e-15","3.04027","2.99614","2.86654","7.29347","0","0","0","0","0","0","0","0"
"13.2688","0.500044","0.534945","0.0365444","0.529768","0.588323","6.65171","1.74826e-15","3.03974","2.98972","2.8605","7.30691","0","0","0","0","0","0","0","0"
"13.2721","0.500044","0.534945","0.0365455","0.529082","0.587668","6.61352","1.74757e-15","3.04046","2.99137","2.88938","7.29261","0","0","0","0","0","0","0","0"
"13.2755","0.500044","0.534945","0.0365465","0.529004","0.587695","6.60162","1.74723e-15","3.04079","2.98875","2.88512","7.27937","0","0","0","0","0","0","0","0"
"13.28","0.500044","0.534945","0.0365516","0.529276","0.587859","6.60701","1.74704e-15","3.04752","2.99279","2.85076","7.28975","0","0","0","0","0","0","0","0"
"13.2836","0.500044","0.534823","0.0365568","0.530328","0.588718","6.63026","1.7467e-15","3.06903","2.99921","2.80825","7.276","0","0","0","0","0","0","0","0"
"13.287","0.500044","0.534823","0.0365613","0.530458","0.588749","6.62572","1.74477e-15","3.06463","2.99979","2.7963","7.27316","0","0","0","0","0","0","0","0"
"13.2904","0.500044","0.534823","0.0365666","0.530273","0.58828","6.5889","1.74614e-15","3.06476","3.00444","2.82269","7.2858","0","0","0","0","0","0","0","0"
"13.2946","0.500044","0.534823","0.0365718","0.530407","0.588493","6.55586","1.74598e-15","3.05717","3.00164","2.83961","7.26855","0","0","0","0","0","0","0","0"
"13.2979","0.500044","0.534629","0.0365738","0.53001","0.588019","6.5466","1.74536e-15","3.05863","2.99918","2.83127","7.28612","0","0","0","0","0","0","0","0"
"13.3014","0.500044","0.534629","0.0365761","0.529827","0.587717","6.5396","1.74658e-15","3.05438","2.9948","2.81725","7.31164","0","0","0","0","0","0","0","0"
"13.3047","0.500044","0.534629","0.036578","0.530516","0.588299","6.5271","1.74758e-15","3.04823","2.99077","2.81259","7.31449","0","0","0","0","0","0","0","0"
"13.3081","0.500044","0.534629","0.0365804","0.530255","0.58825","6.53078","1.74614e-15","3.04618","2.99745","2.78736","7.29635","0","0","0","0","0","0","0","0"
"13.3116","0.500044","0.534629","0.0365823","0.530913","0.589036","6.54025","1.74631e-15","3.05935","3.01302","2.76045","7.29176","0","0","0","0","0","0","0","0"
"13.3148","0.500044","0.534652","0.0365847","0.530554","0.588944","6.53242","1.74676e-15","3.05935","3.01371","2.74906","7.28303","0","0","0","0","0","0","0","0"
"13.3182","0.500044","0.534652","0.0365868","0.530678","0.588859","6.5055","1.74572e-15","3.05312","3.01173","2.76523","7.25806","0","0","0","0","0","0","0","0"
"13.3216","0.500044","0.534652","0.0365888","0.531244","0.589386","6.47106","1.74522e-15","3.05435","3.01152","2.79298","7.25856","0","0","0","0","0","0","0","0"
"13.3251","0.500044","0.534652","0.0365912","0.53149","0.589658","6.45746","1.74745e-15","3.05374","3.00799","2.79338","7.29964","0","0","0","0","0","0","0","0"
"13.3285","0.500044","0.534652","0.0365929","0.531566","0.589864","6.4873","1.74655e-15","3.05284","3.0102","2.77197","7.30039","0","0","0","0","0","0","0","0"
"13.3318","0.500044","0.53475","0.0365937","0.530854","0.589058","6.53082","1.7447e-15","3.05141","3.01005","2.77563","7.30117","0","0","0","0","0","0","0","0"
"13.3352","0.500044","0.53475","0.0365945","0.530656","0.588505","6.78233","1.74658e-15","3.05102","3.00706","3.0499","7.3313","0","0","0","0","0","0","0","0"
"13.3386","0.500044","0.53475","0.0365953","0.53022","0.588428","6.90351","1.74817e-15","3.04959","3.00511","3.02366","7.3321","0","0","0","0","0","0","0","0"
"13.342","0.500044","0.53475","0.0365961","0.530523","0.588767","6.94528","1.74656e-15","3.04865","3.01141","2.98163","7.30742","0","0","0","0","0","0","0","0"
"13.3455","0.500044","0.53475","0.036597","0.529897","0.588017","6.91017","1.74523e-15","3.04939","3.0118","3.00884","7.30327","0","0","0","0","0","0","0","0"
"13.3488","0.500044","0.534942","0.0365979","0.52908","0.586936","6.88289","1.74681e-15","3.04897","3.01308","3.02164","7.31767","0","0","0","0","0","0","0","0"
"13.3553","0.500044","0.534942","0.0365988","0.529124","0.587","6.84792","1.74585e-15","3.04734","3.01081","3.04957","7.29956","0","0","0","0","0","0","0","0"
"13.3567","0.500044","0.534942","0.0365998","0.529677","0.587816","6.82643","1.74435e-15","3.04189","3.00836","3.05221","7.30123","0","0","0","0","0","0","0","0"
"13.3591","0.500044","0.534942","0.0366006","0.529602","0.587914","6.83209","1.74632e-15","3.04847","3.00573","3.02419","7.3206","0","0","0","0","0","0","0","0"
"13.3627","0.500044","0.534942","0.0365979","0.529305","0.58771","6.8471","1.74612e-15","3.06002","3.00533","2.995","7.30173","0","0","0","0","0","0","0","0"
"13.366","0.500044","0.534872","0.0365923","0.529604","0.588025","6.87894","1.74393e-15","3.05946","3.00033","3.02212","7.29098","0","0","0","0","0","0","0","0"
"13.3694","0.500044","0.534872","0.0365875","0.529647","0.588149","6.98849","1.74512e-15","3.05913","3.00418","3.0065","7.29638","0","0","0","0","0","0","0","0"
"13.3728","0.500044","0.534872","0.036582","0.529727","0.588155","6.96377","1.74781e-15","3.0548","3.00198","3.01497","7.31517","0","0","0","0","0","0","0","0"
"13.3764","0.500044","0.534872","0.0365772","0.529509","0.587863","6.93086","1.74658e-15","3.05485","2.99893","3.03874","7.29762","0","0","0","0","0","0","0","0"
"13.3797","0.500044","0.534872","0.0365728","0.529048","0.587068","6.92533","1.74468e-15","3.05904","3.00721","3.02059","7.284","0","0","0","0","0","0","0","0"
"13.383","0.500044","0.534651","0.0365695","0.529902","0.588031","7.02838","1.74702e-15","3.05936","3.0117","3.05248","7.31247","0","0","0","0","0","0","0","0"
"13.3864","0.500044","0.534651","0.0365655","0.529632","0.587678","7.03008","1.74861e-15","3.05742","3.01264","3.03359","7.32782","0","0","0","0","0","0","0","0"
"13.3897","0.500044","0.534651","0.0365622","0.529474","0.587659","7.02364","1.74668e-15","3.06322","3.01451","3.02401","7.3082","0","0","0","0","0","0","0","0"
"13.3932","0.500044","0.534651","0.0365583","0.5304","0.58842","7.02749","1.7451e-15","3.06339","3.01513","3.02089","7.29717","0","0","0","0","0","0","0","0"
"13.3971","0.500044","0.534651","0.0365579","0.530277","0.588536","7.02091","1.74498e-15","3.07582","3.01408","3.01151","7.29491","0","0","0","0","0","0","0","0"
"13.4","0.500044","0.534675","0.0365581","0.529997","0.588805","6.99549","1.74654e-15","3.07342","3.00685","3.02459","7.33256","0","0","0","0","0","0","0","0"
"13.4034","0.500044","0.534675","0.0365584","0.529492","0.587922","6.9536","1.7476e-15","3.07797","3.01715","3.05786","7.33717","0","0","0","0","0","0","0","0"
"13.4067","0.500044","0.534675","0.0365586","0.5292","0.587899","6.92384","1.74765e-15","3.08079","3.01893","3.07725","7.31912","0","0","0","0","0","0","0","0"
"13.4113","0.500044","0.534675","0.0365601","0.52881","0.587338","6.87474","1.74493e-15","3.07417","3.01165","3.11417","7.29167","0","0","0","0","0","0","0","0"
"13.4146","0.500044","0.534708","0.036564","0.528745","0.587522","6.85176","1.74535e-15","3.07539","3.01054","3.12393","7.31079","0","0","0","0","0","0","0","0"
"13.4179","0.500044","0.534708","0.0365686","0.529078","0.587848","6.87043","1.74867e-15","3.06781","3.00787","3.08144","7.36487","0","0","0","0","0","0","0","0"
"13.4213","0.500044","0.534708","0.0365726","0.528917","0.587775","6.93117","1.74834e-15","3.06643","3.0066","3.01993","7.35477","0","0","0","0","0","0","0","0"
"13.4253","0.500044","0.534708","0.0365771","0.528972","0.588004","6.91212","1.74795e-15","3.06194","3.00681","3.03573","7.36343","0","0","0","0","0","0","0","0"
"13.4282","0.500044","0.534708","0.0365799","0.528728","0.587924","6.89183","1.74887e-15","3.06002","3.0011","3.041","7.37567","0","0","0","0","0","0","0","0"
"13.4315","0.500044","0.534733","0.0365806","0.528719","0.587723","6.93961","1.74924e-15","3.0545","3.00783","2.99775","7.35868","0","0","0","0","0","0","0","0"
"13.4349","0.500044","0.534733","0.0365812","0.528886","0.587993","6.93934","1.74787e-15","3.04938","3.00354","2.98596","7.34486","0","0","0","0","0","0","0","0"
"13.4383","0.500044","0.534733","0.0365818","0.529032","0.588099","6.90112","1.74816e-15","3.04878","3.00374","3.01359","7.36105","0","0","0","0","0","0","0","0"
"13.4417","0.500044","0.534733","0.0365824","0.529435","0.588009","6.89382","1.75088e-15","3.05061","3.00385","3.00179","7.39189","0","0","0","0","0","0","0","0"
"13.4459","0.500044","0.534733","0.0365812","0.529485","0.588607","6.8503","1.74861e-15","3.04734","3.0003","3.03389","7.37824","0","0","0","0","0","0","0","0"
"13.4492","0.500044","0.534635","0.0365786","0.530455","0.589192","6.81819","1.74808e-15","3.04042","2.9978","3.05323","7.37561","0","0","0","0","0","0","0","0"
"13.4526","0.500044","0.534635","0.0365763","0.531215","0.590005","6.82438","1.75e-15","3.05431","3.05093","3.02498","7.38226","0","0","0","0","0","0","0","0"
"13.456","0.500044","0.534635","0.0365737","0.531708","0.590517","6.87177","1.75055e-15","3.04964","3.05313","2.96217","7.38156","0","0","0","0","0","0","0","0"
"13.4594","0.500044","0.534635","0.0365715","0.531391","0.590011","6.90298","1.74904e-15","3.04875","3.0511","2.91459","7.37816","0","0","0","0","0","0","0","0"
"13.4628","0.500044","0.534635","0.0365721","0.531846","0.590723","6.96366","1.74864e-15","3.04628","3.04856","2.85362","7.37884","0","0","0","0","0","0","0","0"
"13.4661","0.500044","0.53469","0.0365738","0.532462","0.590833","7.02072","1.75008e-15","3.04979","3.0494","2.79969","7.40448","0","0","0","0","0","0","0","0"
"13.4695","0.500044","0.53469","0.0365758","0.53242","0.591056","7.08461","1.748e-15","3.04767","3.04827","2.73966","7.38768","0","0","0","0","0","0","0","0"
"13.4729","0.500044","0.53469","0.0365775","0.532129","0.590861","7.09208","1.74923e-15","3.04809","3.04985","2.72679","7.408","0","0","0","0","0","0","0","0"
"13.4763","0.500044","0.53469","0.0365795","0.532349","0.5914","7.04759","1.75194e-15","3.04358","3.04922","2.75977","7.43695","0","0","0","0","0","0","0","0"
"13.4798","0.500044","0.53469","0.0365807","0.532581","0.591085","7.02359","1.75038e-15","3.04705","3.05885","2.76906","7.41816","0","0","0","0","0","0","0","0"
"13.4831","0.500044","0.535117","0.0365821","0.532485","0.591224","6.98646","1.74829e-15","3.04463","3.05774","2.79238","7.40435","0","0","0","0","0","0","0","0"
"13.4864","0.500044","0.535117","0.0365832","0.53226","0.591432","6.95055","1.74886e-15","3.04455","3.05721","2.81877","7.42253","0","0","0","0","0","0","0","0"
"13.4898","0.500044","0.535117","0.0365846","0.532223","0.59164","6.91511","1.75077e-15","3.04953","3.06636","2.84093","7.44353","0","0","0","0","0","0","0","0"
"13.4932","0.500044","0.535117","0.0365857","0.532085","0.591866","6.97696","1.75086e-15","3.04785","3.06516","2.81023","7.42914","0","0","0","0","0","0","0","0"
"13.4967","0.500044","0.535117","0.0365815","0.531681","0.591609","6.9594","1.74912e-15","3.04564","3.06485","2.80942","7.40235","0","0","0","0","0","0","0","0"
"13.5","0.500044","0.535529","0.0365771","0.531435","0.59161","6.9221","1.75064e-15","3.04782","3.06526","2.83833","7.44753","0","0","0","0","0","0","0","0"
"13.5034","0.500044","0.535529","0.036572","0.530769","0.590867","6.89181","1.75291e-15","3.05048","3.06393","2.85287","7.46255","0","0","0","0","0","0","0","0"
"13.5068","0.500044","0.535529","0.0365677","0.530922","0.591343","6.88364","1.75207e-15","3.05322","3.06133","2.84286","7.45581","0","0","0","0","0","0","0","0"
"13.5113","0.500044","0.535529","0.0365622","0.530519","0.590753","6.89542","1.75033e-15","3.05288","3.06129","2.80353","7.43281","0","0","0","0","0","0","0","0"
"13.5146","0.500044","0.535655","0.0365612","0.531212","0.59112","6.87025","1.75071e-15","3.04879","3.05562","2.81525","7.46618","0","0","0","0","0","0","0","0"
"13.518","0.500044","0.535655","0.0365601","0.530545","0.590719","6.82867","1.75219e-15","3.05789","3.06051","2.84693","7.47698","0","0","0","0","0","0","0","0"
"13.5214","0.500044","0.535655","0.0365591","0.530644","0.590679","6.80597","1.75147e-15","3.05436","3.05525","2.85573","7.45956","0","0","0","0","0","0","0","0"
"13.5247","0.500044","0.535655","0.0365579","0.531035","0.590805","6.78318","1.75004e-15","3.05281","3.04917","2.86199","7.44037","0","0","0","0","0","0","0","0"
"13.5292","0.500044","0.535655","0.0365558","0.530671","0.590391","6.75566","1.74856e-15","3.04831","3.05109","2.87015","7.44123","0","0","0","0","0","0","0","0"
"13.5325","0.500044","0.535586","0.0365532","0.529994","0.590116","6.80579","1.75112e-15","3.04828","3.05321","2.87393","7.44727","0","0","0","0","0","0","0","0"
"13.5359","0.500044","0.535586","0.036551","0.529763","0.589801","6.85971","1.75248e-15","3.04455","3.05565","2.82854","7.45385","0","0","0","0","0","0","0","0"
"13.5392","0.500044","0.535586","0.0365488","0.529549","0.589838","6.84746","1.75149e-15","3.04421","3.06058","2.82388","7.43867","0","0","0","0","0","0","0","0"
"13.5427","0.500044","0.535586","0.0365462","0.529581","0.589431","6.82774","1.74871e-15","3.05016","3.06079","2.82543","7.43085","0","0","0","0","0","0","0","0"
"13.5462","0.500044","0.535586","0.0365436","0.528811","0.588785","6.78677","1.74751e-15","3.04873","3.05796","2.85663","7.42343","0","0","0","0","0","0","0","0"
"13.5495","0.500044","0.535475","0.0365414","0.528353","0.587798","6.75958","1.74945e-15","3.04844","3.0609","2.8717","7.43839","0","0","0","0","0","0","0","0"
"13.553","0.500044","0.535475","0.0365388","0.527815","0.587657","6.74665","1.74885e-15","3.05689","3.05792","2.8636","7.42076","0","0","0","0","0","0","0","0"
"13.5564","0.500044","0.535475","0.0365366","0.52883","0.588787","6.74465","1.74702e-15","3.0599","3.05647","2.85167","7.41991","0","0","0","0","0","0","0","0"
"13.5598","0.500044","0.535475","0.036534","0.529014","0.588904","6.70372","1.74894e-15","3.06016","3.06294","2.88408","7.44664","0","0","0","0","0","0","0","0"
"13.5633","0.500044","0.535475","0.036534","0.528566","0.588517","6.67398","1.74859e-15","3.06205","3.06145","2.90364","7.42789","0","0","0","0","0","0","0","0"
"13.5665","0.500044","0.535278","0.0365344","0.528411","0.588148","6.66245","1.74643e-15","3.06097","3.06098","2.89642","7.41623","0","0","0","0","0","0","0","0"
"13.5699","0.500044","0.535278","0.0365347","0.528422","0.588439","6.65072","1.74677e-15","3.0582","3.05569","2.89211","7.42254","0","0","0","0","0","0","0","0"
"13.5733","0.500044","0.535278","0.0365351","0.528526","0.587958","6.61156","1.74883e-15","3.05839","3.05445","2.92292","7.43724","0","0","0","0","0","0","0","0"
"13.5767","0.500044","0.535278","0.0365355","0.528314","0.587733","6.58348","1.74901e-15","3.05749","3.05324","2.94078","7.43267","0","0","0","0","0","0","0","0"
"13.5801","0.500044","0.535278","0.0365387","0.527873","0.5877","6.56652","1.74715e-15","3.0535","3.04804","2.9388","7.41846","0","0","0","0","0","0","0","0"
"13.5836","0.500044","0.534986","0.0365423","0.528066","0.587911","6.53842","1.74796e-15","3.0566","3.06013","2.95445","7.43248","0","0","0","0","0","0","0","0"
"13.587","0.500044","0.534986","0.0365455","0.528072","0.588295","6.50451","1.74866e-15","3.05479","3.05778","2.98285","7.42867","0","0","0","0","0","0","0","0"
"13.5905","0.500044","0.534986","0.0365491","0.528161","0.588647","6.47825","1.74769e-15","3.05089","3.04923","2.99501","7.42129","0","0","0","0","0","0","0","0"
"13.5946","0.500044","0.534986","0.0365521","0.528135","0.588709","6.4635","1.75048e-15","3.05925","3.05276","2.98829","7.44074","0","0","0","0","0","0","0","0"
"13.5979","0.500044","0.534885","0.0365517","0.529289","0.589678","6.49363","1.74998e-15","3.07151","3.05435","2.94245","7.43851","0","0","0","0","0","0","0","0"
"13.6013","0.500044","0.534885","0.0365512","0.529016","0.589415","6.55312","1.74828e-15","3.06981","3.05523","2.92141","7.42397","0","0","0","0","0","0","0","0"
"13.6047","0.500044","0.534885","0.0365508","0.529179","0.589795","6.59649","1.74896e-15","3.06665","3.05223","2.87828","7.45618","0","0","0","0","0","0","0","0"
"13.6081","0.500044","0.534885","0.0365503","0.52926","0.59003","6.56983","1.75185e-15","3.06192","3.04934","2.89156","7.45755","0","0","0","0","0","0","0","0"
"13.6126","0.500044","0.534885","0.036549","0.529203","0.58948","6.52604","1.75125e-15","3.05746","3.04526","2.92611","7.44115","0","0","0","0","0","0","0","0"
"13.6159","0.500044","0.534862","0.0365473","0.531143","0.591626","6.51783","1.74935e-15","3.06294","3.04628","2.93987","7.43442","0","0","0","0","0","0","0","0"
"13.6195","0.500044","0.534862","0.0365456","0.531007","0.591524","6.5533","1.74985e-15","3.06356","3.04744","2.90066","7.43426","0","0","0","0","0","0","0","0"
"13.6229","0.500044","0.534862","0.0365441","0.530517","0.591067","6.52159","1.75045e-15","3.06152","3.04561","2.92481","7.42667","0","0","0","0","0","0","0","0"
"13.6263","0.500044","0.534862","0.0365424","0.530442","0.591125","6.4877","1.75145e-15","3.0623","3.04826","2.94834","7.40786","0","0","0","0","0","0","0","0"
"13.6297","0.500044","0.534862","0.0365435","0.530046","0.590273","6.47823","1.74883e-15","3.06688","3.04955","2.93955","7.41037","0","0","0","0","0","0","0","0"
"13.6331","0.500044","0.535153","0.0365453","0.529003","0.589839","6.45382","1.75114e-15","3.07101","3.05067","2.95058","7.45082","0","0","0","0","0","0","0","0"
"13.6365","0.500044","0.535153","0.0365469","0.528431","0.588881","6.42203","1.75338e-15","3.0698","3.05155","2.9763","7.45924","0","0","0","0","0","0","0","0"

